"No","Ch1","Ch2","Ch3","Ch4"
21566,0.204126415788407,0.225671260766977,0.444741655879367,0.125460667565249
21567,0.0929538629064615,0.500259223429206,0.292302012593742,0.114484901070591
21568,0.289291224148058,0.348983484821345,0.272803084464235,0.0889222065663625
21569,0.344451768675856,0.275037368392076,0.295745098453259,0.0847657644788093
21570,0.350145782143052,0.198830953105877,0.379698632595504,0.0713246321555674
21571,0.140528352824326,0.575634378657685,0.221754729773581,0.062082538744409
21572,0.373671843602682,0.0888408989106979,0.409626957634995,0.127860299851625
21573,0.170147602117875,0.216515424632045,0.293723818497437,0.319613154752642
21574,0.172814215125214,0.28758278385445,0.403265980395764,0.136337020624573
21575,0.113599539057,0.202530484908928,0.56039721359111,0.123472762442962
21576,0.215217387969807,0.178784213786531,0.370779648412608,0.235218749831054
21577,0.129627951673419,0.210135652416347,0.572083030430013,0.0881533654802213
21578,0.337627054738104,0.264458154528237,0.237357409141346,0.160557381592313
21579,0.0844570705129848,0.222623687507914,0.287360331879998,0.405558910099103
21580,0.127393220643247,0.433922721209784,0.292356068362643,0.146327989784326
21581,0.329227587875714,0.147646342776629,0.335083471406571,0.188042597941086
21582,0.143585413346495,0.217767627608401,0.398918916783359,0.239728042261745
21583,0.137405102972509,0.192104600466315,0.416749811935705,0.253740484625471
21584,0.226336667908495,0.32834616647196,0.090932574861118,0.354384590758427
21585,0.434644125467238,0.228681506858631,0.135653970651982,0.20102039702215
21586,0.20428812328256,0.38919545530279,0.254665676941711,0.151850744472938
21587,0.0477588149777451,0.597322553955906,0.21159839285989,0.143320238206458
21588,0.0935744831900248,0.131356976871385,0.571015944006366,0.204052595932225
21589,0.142754913553419,0.131190361816812,0.588615836198445,0.137438888431324
21590,0.050297059862774,0.216945609468509,0.550897030007756,0.181860300660961
21591,0.0506742131922277,0.275673217609149,0.456964292639882,0.216688276558741
21592,0.0948901928387107,0.326155652988875,0.0952721068863226,0.483682047286091
21593,0.638729974605627,0.12241863366345,0.143554486614108,0.0952969051168148
21594,0.158404162860487,0.219831488005764,0.267850856444012,0.353913492689737
21595,0.372471352101284,0.171600531203404,0.093498032999339,0.362430083695973
21596,0.153383594014761,0.59236536126693,0.13960801356365,0.114643031154659
21597,0.383854481194498,0.258356785190941,0.0548673685117262,0.302921365102835
21598,0.11697132255779,0.359263131085548,0.353999700932189,0.169765845424473
21599,0.203243568703005,0.49001678478103,0.211751652298878,0.0949879942170876
21600,0.0595088436775366,0.203840577248475,0.0683354746666727,0.668315104407316
21601,0.0478969197481387,0.202457211614635,0.302312785699817,0.447333082937409
21602,0.0318577842675195,0.47558485762281,0.346163017963139,0.146394340146532
21603,0.565294092026658,0.0361651384178987,0.129202536900331,0.269338232655113
21604,0.0264862989449434,0.239387054241809,0.340724954725891,0.393401692087357
21605,0.273884814786207,0.0382310792994237,0.46662039717669,0.22126370873768
21606,0.193886362096254,0.0252799444421288,0.378410253954098,0.402423439507519
21607,0.435232188274802,0.0469722265287459,0.056628489633773,0.461167095562679
21608,0.254682925167087,0.427361502169323,0.0166089593183217,0.301346613345268
21609,0.0378985637677858,0.0436521803155839,0.448524925255055,0.469924330661575
21610,0.328724142192926,0.262765914108776,0.0188229367422956,0.389687006956002
21611,0.046491400347729,0.0243262952194332,0.572704144635142,0.356478159797696
21612,0.63568629509651,0.0955087923198635,0.153570264082096,0.11523464850153
21613,0.0211574086647655,0.188580290165592,0.230131838055839,0.560130463113804
21614,0.0748718052683543,0.450227680487585,0.225076134636794,0.249824379607266
21615,0.208202750043126,0.333789391287487,0.0179981137911754,0.440009744878212
21616,0.298605624013753,0.0124082161437833,0.547617151434821,0.141369008407642
21617,0.277744931100309,0.319319624913925,0.156832298909297,0.24610314507647
21618,0.146675395862679,0.0558835802650304,0.168720456162722,0.628720567709569
21619,0.0943468812348066,0.0888751549301697,0.0291838659873195,0.787594097847704
21620,0.0402592511430594,0.791205811345114,0.0305962502470022,0.137938687264824
21621,0.172401220486185,0.317521194241536,0.12200343195021,0.388074153322068
21622,0.0693989079000574,0.138287031093469,0.0722032809247738,0.7201107800817
21623,0.382090936241067,0.211387144720373,0.346185371463087,0.0603365475754725
21624,0.35780494277102,0.332821302217885,0.237174114207163,0.0721996408039322
21625,0.14509810765542,0.188583103960327,0.587512850422115,0.0788059379621373
21626,0.334955057000234,0.27820552610989,0.328113000732723,0.0587264161571525
21627,0.259354367559727,0.221206681650328,0.421849132138425,0.0975898186515199
21628,0.152341456714513,0.348014235946055,0.461083586587226,0.0385607207522059
21629,0.301989446360979,0.336662227770388,0.265937783790948,0.0954105420776856
21630,0.393609104606353,0.268518994153477,0.196575904900634,0.141295996339537
21631,0.140011538474903,0.243835915733629,0.586075981551372,0.0300765642400954
21632,0.217060832352046,0.195017224985909,0.488989896920726,0.0989320457413194
21633,0.262050925992571,0.359909461829093,0.266920026066314,0.111119586112021
21634,0.218531974633648,0.577977421271324,0.169344373322565,0.0341462307724627
21635,0.135118012865228,0.54774233898001,0.279934176206452,0.0372054719483107
21636,0.471260672761936,0.20749274308949,0.23592592031393,0.0853206638346443
21637,0.293052347827697,0.514538029568085,0.13069198855968,0.0617176340445381
21638,0.311952891031234,0.264395618300139,0.357074579946724,0.0665769107219026
21639,0.276490395389708,0.51568013987404,0.138947974929244,0.0688814898070075
21640,0.467124282190649,0.343352314436291,0.144581668096984,0.0449417352760761
21641,0.363602339969431,0.184811323351828,0.371031210785819,0.0805551258929217
21642,0.405996256318933,0.335644281494644,0.156361393108691,0.101998069077732
21643,0.163869321014759,0.279259501065604,0.440199097940231,0.116672079979406
21644,0.363075623293188,0.263942659182141,0.221761386798045,0.151220330726625
21645,0.108650188413,0.625186005097153,0.169467497955158,0.0966963085346892
21646,0.21778306015531,0.287378361199033,0.409214186046393,0.0856243925992638
21647,0.184550707518412,0.228666923554916,0.486409586346522,0.10037278258015
21648,0.356510019016393,0.156369409451912,0.390907605831391,0.096212965700304
21649,0.562168541697342,0.120960487847759,0.26200785439795,0.0548631160569488
21650,0.267327062871238,0.370128379564286,0.257731582374429,0.104812975190047
21651,0.381954923540337,0.162257298907922,0.277066993727057,0.178720783824684
21652,0.109752250792465,0.189380640357144,0.362834047303871,0.33803306154652
21653,0.640687197996602,0.14097872326283,0.149146901825819,0.0691871769147491
21654,0.624396886939042,0.151714456283857,0.17161354162964,0.0522751151474609
21655,0.244417053205683,0.0996457563666477,0.599677125108409,0.0562600653192603
21656,0.459073613754191,0.16207313925683,0.270919120443979,0.107934126545001
21657,0.622566309018556,0.0914461514450833,0.159108861218925,0.126878678317436
21658,0.368307672439042,0.155086927625199,0.360237033881909,0.11636836605385
21659,0.621286511930484,0.152907075244893,0.10232027339763,0.123486139426993
21660,0.165388601588739,0.128665029918586,0.438291201603072,0.267655166889603
21661,0.142806305407243,0.379222272432894,0.214829344041044,0.263142078118819
21662,0.0957222425782908,0.520739684780447,0.203801925136705,0.179736147504557
21663,0.189848819731682,0.248254944459456,0.453137732164179,0.108758503644683
21664,0.0674002464650017,0.485715615765077,0.213758795887058,0.233125341882864
21665,0.332289009267569,0.267550959554117,0.189949678618611,0.210210352559703
21666,0.13459701014358,0.360004087135055,0.304899266545048,0.200499636176317
21667,0.0625438893982179,0.462365505512172,0.325721403061191,0.149369202028419
21668,0.2659318429579,0.263150759363404,0.267731849372785,0.203185548305912
21669,0.397691237267975,0.229854888618303,0.109530865229278,0.262923008884443
21670,0.172425421867451,0.41597822742823,0.159273892469771,0.252322458234547
21671,0.13437804880416,0.460852245764174,0.323220510458798,0.0815491949728681
21672,0.0978725149099966,0.214760184012151,0.489038503882862,0.19832879719499
21673,0.347394581251054,0.241829740651565,0.0740401749893199,0.336735503108062
21674,0.377369459699591,0.15405763534668,0.296436903854222,0.172136001099506
21675,0.421362125757903,0.146807526047818,0.112061647969256,0.319768700225023
21676,0.0831039923468838,0.59928606166278,0.161259943085632,0.156350002904704
21677,0.469515110732178,0.087768260818236,0.283044347610519,0.159672280839067
21678,0.135572861532843,0.610148956217714,0.165927182619626,0.0883509996298168
21679,0.149898573075438,0.503348538890761,0.113589204715113,0.233163683318687
21680,0.247513078747273,0.175822142437185,0.452745539148999,0.123919239666542
21681,0.294204527633108,0.0706205686479734,0.176339144211763,0.458835759507156
21682,0.378959246826952,0.231240455075983,0.106633565448501,0.283166732648564
21683,0.255459923210986,0.0511498135587211,0.394846072965139,0.298544190265154
21684,0.401597655522152,0.0628494281867833,0.242920878034698,0.292632038256367
21685,0.135837226057338,0.300288775923211,0.0988462855086139,0.465027712510837
21686,0.109845663234975,0.462975303539333,0.148331657633242,0.278847375592449
21687,0.197475592997716,0.157827107338649,0.334711991286842,0.309985308376794
21688,0.21968998420612,0.138100039866804,0.0564948659788286,0.585715109948246
21689,0.149696270898886,0.631829584639182,0.0868066721955558,0.131667472266376
21690,0.67413891627618,0.182173694874556,0.0289043741596391,0.114783014689625
21691,0.137604448168851,0.468534557533773,0.111878064448646,0.28198292984873
21692,0.036680345374054,0.308322461563984,0.532884469118667,0.122112723943295
21693,0.0678487904938993,0.663599520903266,0.065330652332199,0.203221036270636
21694,0.0918051940001316,0.370566598876996,0.106216130258066,0.431412076864806
21695,0.441620271794797,0.273781922667004,0.109414660127076,0.175183145411122
21696,0.489032947041195,0.173237838890153,0.0425426307392574,0.295186583329394
21697,0.537104883197104,0.14051443298553,0.113968924399339,0.208411759418027
21698,0.105069939176968,0.041931058698882,0.766087456664008,0.0869115454601416
21699,0.178532457890779,0.627604362567285,0.0411654119244957,0.152697767617439
21700,0.243839316167067,0.238447721879048,0.197098954314519,0.320614007639366
21701,0.423304790838972,0.203830039115406,0.142834179791757,0.230030990253865
21702,0.0556720276120153,0.614253948480145,0.104464400028168,0.225609623879671
21703,0.0837540255061741,0.415906334073681,0.0657875603956528,0.434552080024492
21704,0.0842829176159682,0.189619841093236,0.439727611441402,0.286369629849394
21705,0.203031410676691,0.049998859771054,0.34046414084742,0.406505588704835
21706,0.0973164212115641,0.461824165980316,0.0687585493214009,0.37210086348672
21707,0.10066902379778,0.480683728409517,0.172321054104433,0.24632619368827
21708,0.0563646063072874,0.428764853996721,0.170374570435326,0.344495969260666
21709,0.322574716030105,0.164066484490671,0.0325480190459205,0.480810780433304
21710,0.335088646288137,0.0788208759858564,0.0695858125679641,0.516504665158043
21711,0.0376278318843192,0.55849938152709,0.129277307605432,0.274595478983159
21712,0.0575276715579553,0.345423443147704,0.0521248703960523,0.544924014898289
21713,0.641263020223877,0.0846153698322357,0.09509456836269,0.179027041581197
21714,0.0427432689532296,0.687016391507035,0.0488591914137267,0.221381148126008
21715,0.538836119485134,0.116904352099062,0.149299358503652,0.194960169912151
21716,0.0723569150467057,0.0982211383876008,0.173251508601545,0.656170437964148
21717,0.256511801103735,0.0264806040169233,0.401898344351964,0.315109250527377
21718,0.358869948285663,0.438898002180911,0.0264339977741648,0.175798051759261
21719,0.22440677406027,0.114010610970566,0.120992641960578,0.540589973008586
21720,0.346934666111554,0.306602504876858,0.0502648812278789,0.296197947783709
21721,0.119420461759632,0.16725628046753,0.420322800240784,0.293000457532053
21722,0.658074206618076,0.152506207338862,0.0325903288585041,0.156829257184557
21723,0.0437870574090147,0.33310004562987,0.187904787204005,0.43520810975711
21724,0.321487652143985,0.202967641876549,0.216986387662588,0.258558318316879
21725,0.0503253832358392,0.188171044163319,0.186856515109044,0.574647057491798
21726,0.0275652742233595,0.36999423317851,0.374277292252867,0.228163200345264
21727,0.173506861078354,0.0476664135629471,0.619602047986838,0.159224677371861
21728,0.0831316559002519,0.114174852086707,0.312208356400005,0.490485135613037
21729,0.193869590127812,0.239481039197678,0.087559566969845,0.479089803704666
21730,0.399717772726234,0.0462226970591069,0.0662435376999918,0.487815992514667
21731,0.226917649677768,0.167065600895944,0.357225793236951,0.248790956189337
21732,0.290372655476267,0.145252895885289,0.0669336012346514,0.497440847403793
21733,0.520661684832098,0.248442040557812,0.0721951573467583,0.158701117263331
21734,0.0285850798999133,0.646379891846355,0.163757460277771,0.16127756797596
21735,0.176275679397486,0.298790710278434,0.029621673739477,0.495311936584603
21736,0.729595436271885,0.0687622329827159,0.0674899137117269,0.134152417033673
21737,0.286636721848248,0.340110997145521,0.335380157698807,0.0378721233074245
21738,0.391656988496497,0.262137776117402,0.290870344828839,0.0553348905572618
21739,0.35845456307131,0.221231462427155,0.363161590598583,0.0571523839029519
21740,0.120498475097493,0.603850577123847,0.229494378649382,0.046156569129278
21741,0.345748026241567,0.390726306366835,0.1771500295011,0.0863756378904987
21742,0.261735877752546,0.274289865243963,0.353410707934133,0.110563549069358
21743,0.3677663824946,0.406543571659286,0.106432417181925,0.119257628664189
21744,0.342735365054927,0.282421268829386,0.313185642163,0.0616577239526876
21745,0.287480721801849,0.199643119874856,0.389788395110922,0.123087763212373
21746,0.325447293912331,0.352581640114636,0.25248163417372,0.0694894317993138
21747,0.629450410849087,0.159128955713373,0.154865345715894,0.0565552877216462
21748,0.350597073014014,0.431778677684886,0.138593556921073,0.0790306923800269
21749,0.174783724532316,0.460855116342526,0.265991441238023,0.0983697178871355
21750,0.178882455807221,0.224943943638461,0.463395121190026,0.132778479364293
21751,0.675052753157157,0.0864643220292993,0.197820228970457,0.0406626958430868
21752,0.441814484226021,0.146874939687471,0.299032063024884,0.112278513061624
21753,0.371576496298385,0.200842940255318,0.299796081101916,0.127784482344381
21754,0.165431322707636,0.595887686893893,0.129385095359253,0.109295895039218
21755,0.215443842784656,0.329133261887628,0.331972411310711,0.123450484017005
21756,0.0768858204458064,0.383796489457851,0.1257027992362,0.413614890860143
21757,0.109990338050845,0.592907271373191,0.020446421436492,0.276655969139472
21758,0.241516198717301,0.188985124900483,0.166629043410606,0.40286963297161
21759,0.392430364227481,0.36107783149103,0.0979326951148746,0.148559109166614
21760,0.109175408218809,0.0472755314461037,0.374144839290033,0.469404221045054
21761,0.0957515405503592,0.17657060641691,0.438559139622308,0.289118713410423
21762,0.0235358377698646,0.829663179784381,0.0129814319619274,0.133819550483827
21763,0.484959118532739,0.0662813038786558,0.0232103191424569,0.425549258446148
21764,0.190434790977366,0.0294940064069653,0.565509279105375,0.214561923510294
21765,0.463669744578768,0.138729682254477,0.0859825773919353,0.31161799577482
21766,0.0498450972122115,0.384862499115949,0.0307192345733864,0.534573169098453
21767,0.0547160578797262,0.126166934681918,0.355040625417951,0.464076382020405
21768,0.155822602036549,0.200223216732862,0.39604555504111,0.247908626189479
21769,0.166843536014272,0.102935184579787,0.0517583237798141,0.678462955626127
21770,0.0615565118845186,0.436534103866603,0.151279048995337,0.350630335253542
21771,0.0166096396634816,0.0776961523395976,0.348935251553978,0.556758956442943
21772,0.113272103311621,0.28475020697618,0.226495326191512,0.375482363520687
21773,0.0575159169976287,0.460451522434361,0.028216870721923,0.453815689846088
21774,0.0195957733879201,0.104847106394619,0.589265456230289,0.286291663987172
21775,0.204112019411799,0.313688803467979,0.255717322972585,0.226481854147636
21776,0.346578707835762,0.329116914395898,0.131219633430027,0.193084744338313
21777,0.0874084901843212,0.0562023290600531,0.669916777895167,0.186472402860459
21778,0.40330973139381,0.132730099336195,0.115254434739954,0.348705734530042
21779,0.237451680764469,0.332275835331433,0.171064317642845,0.259208166261254
21780,0.185916141312563,0.15603148734209,0.44384990475647,0.214202466588877
21781,0.149232203719876,0.117376153063046,0.557749632107651,0.175642011109427
21782,0.420657844662893,0.0406384887666862,0.400543913347076,0.138159753223344
21783,0.314761782752972,0.0913365552494817,0.226642007565327,0.36725965443222
21784,0.622502445648079,0.172615595226932,0.0782716376642799,0.126610321460709
21785,0.0886581122401179,0.61327766189433,0.232675111692726,0.0653891141728265
21786,0.0705279958419875,0.0752875589056609,0.290091024888713,0.564093420363639
21787,0.0765552716084503,0.683357958835265,0.0930112824260046,0.14707548713028
21788,0.322452334170823,0.326236714364701,0.0756187109682673,0.275692240496208
21789,0.0944730447459731,0.295900034966169,0.235282767815297,0.374344152472562
21790,0.583531989282403,0.126481796095,0.0803037338897157,0.209682480732882
21791,0.340456931810584,0.149007598545452,0.127488002609014,0.383047467034951
21792,0.0813790204109421,0.309687465544986,0.400790551435244,0.208142962608828
21793,0.106064283288875,0.225936715724816,0.523124477403466,0.144874523582842
21794,0.0352756210717319,0.66212537548002,0.170357988189829,0.132241015258419
21795,0.205757859336311,0.0250562371376802,0.618485025309943,0.150700878216066
21796,0.222318692628823,0.25886118003891,0.150121655478512,0.368698471853755
21797,0.250362191362033,0.425548390534629,0.119735238045303,0.204354180058035
21798,0.476316826349042,0.045590972150313,0.294108867490516,0.183983334010129
21799,0.0504929252278475,0.0406524161279785,0.207529456997111,0.701325201647063
21800,0.0754796665011538,0.0764423441980186,0.324001375951335,0.524076613349493
21801,0.156377782342445,0.119912540358624,0.184590920874338,0.539118756424594
21802,0.038979916556181,0.186716162662624,0.35711322772564,0.417190693055555
21803,0.0835891845064351,0.101594658263055,0.627380943823766,0.187435213406744
21804,0.145309152174423,0.533419578872641,0.0971326965508519,0.224138572402084
21805,0.549845862328423,0.0577893098358642,0.0950467023740005,0.297318125461712
21806,0.081352568137765,0.370024581809564,0.16122518362342,0.387397666429252
21807,0.16315901868894,0.407048120706969,0.129424797235936,0.300368063368155
21808,0.249992016820932,0.069418427041198,0.146705483502726,0.533884072635145
21809,0.575848764362525,0.0331702890096087,0.0559678662483864,0.33501308037948
21810,0.796473173930714,0.0309384939688309,0.091387910074327,0.0812004220261277
21811,0.24153804166542,0.515369059577494,0.147636429126394,0.0954564696306925
21812,0.127415934516083,0.0379170892061129,0.484888255499557,0.349778720778247
21813,0.260150451525443,0.442053225852519,0.168331102453136,0.129465220168902
21814,0.223852719688425,0.3217053112849,0.330839148406628,0.123602820620047
21815,0.320388886874859,0.114939681987455,0.327663027664995,0.237008403472691
21816,0.256851612599725,0.429963938133315,0.188480827114221,0.12470362215274
21817,0.0994547429617054,0.153280879730657,0.644296073030112,0.102968304277526
21818,0.0880494021447717,0.0945177710010485,0.530835610549164,0.286597216305015
21819,0.335942179687626,0.261000013917639,0.123332796542744,0.279725009851991
21820,0.664632507119311,0.136458127907663,0.120904586757327,0.0780047782156996
21821,0.150356437298838,0.148971005220114,0.583421624415438,0.117250933065609
21822,0.486928533913851,0.339228963318626,0.0840208485774418,0.0898216541900813
21823,0.131185341751954,0.47869209977751,0.199315082012928,0.190807476457608
21824,0.16859670938148,0.450245875913951,0.282278947494156,0.098878467210413
21825,0.0682597129421754,0.511887326861245,0.12491534798654,0.294937612210039
21826,0.345035861507411,0.265671750413334,0.268218775597588,0.121073612481666
21827,0.0633587243288215,0.0893874950780049,0.764109965267022,0.0831438153261518
21828,0.0988707582459137,0.444713127683258,0.218230328719418,0.23818578535141
21829,0.135040033093529,0.160939562950378,0.544506608033355,0.159513795922738
21830,0.0842037803083594,0.0940265178098545,0.582347849672076,0.239421852209711
21831,0.278600075118272,0.335156616671045,0.144000155614188,0.242243152596496
21832,0.205469090063509,0.469377303627984,0.07711724288799,0.248036363420518
21833,0.595017735692766,0.111813422959641,0.186102043241479,0.107066798106114
21834,0.657921769624838,0.146716614613789,0.102091062943093,0.0932705528182809
21835,0.150554845233479,0.400429953455208,0.133918244830738,0.315096956480576
21836,0.0781436895615128,0.176635141386222,0.568134009583158,0.177087159469107
21837,0.109567678123551,0.0580805476075351,0.568806420469507,0.263545353799408
21838,0.24982285309779,0.0911717728565646,0.505245778824655,0.15375959522099
21839,0.131311987767207,0.534761885387261,0.160325165778119,0.173600961067414
21840,0.719833060124419,0.0390107974508192,0.135001804270813,0.106154338153949
21841,0.530643758285625,0.146547343943467,0.102901970853432,0.219906926917475
21842,0.0451000282274842,0.297112298711789,0.520548409464632,0.137239263596095
21843,0.559517874271908,0.1109243582638,0.0881145661427037,0.241443201321588
21844,0.0342096375823723,0.61286024100578,0.128995335597831,0.223934785814017
21845,0.315428143685987,0.130747342154094,0.256659595202058,0.297164918957861
21846,0.0745133246835588,0.469867239355565,0.157436171609371,0.298183264351504
21847,0.339701735496072,0.11089468758518,0.357642705974018,0.19176087094473
21848,0.0599634491516719,0.135553553978399,0.0488277625592825,0.755655234310647
21849,0.619718646895672,0.233057921537916,0.0333470551523051,0.113876376414107
21850,0.546349208875621,0.0934965922811898,0.058802239839274,0.301351959003916
21851,0.179875801802494,0.565452715359704,0.140466773415109,0.114204709422694
21852,0.418941366665804,0.138140726006247,0.280559051227549,0.1623588561004
21853,0.139523232876057,0.217684851848084,0.494472363816864,0.148319551458995
21854,0.357509528448106,0.18062084075166,0.224886648688809,0.236982982111425
21855,0.140824132310691,0.552870053059197,0.163807234793559,0.142498579836552
21856,0.530199298908498,0.1141705690677,0.266602613043213,0.0890275189805897
21857,0.131924241468718,0.688079824349323,0.0661527526828905,0.113843181499068
21858,0.546457307288898,0.120391300992192,0.0999893306828539,0.233162061036056
21859,0.527971696779506,0.129955279868657,0.120716318710343,0.221356704641494
21860,0.611480928039566,0.214339189260888,0.0878965845070081,0.0862832981925379
21861,0.289510549149482,0.146194514276336,0.470426580085337,0.0938683564888449
21862,0.0538946836021127,0.469366590038474,0.341932534769648,0.134806191589765
21863,0.0788519452174105,0.365708322342456,0.253852228933735,0.301587503506398
21864,0.382309470952574,0.474274823531977,0.044851345424993,0.0985643600904559
21865,0.13378571989732,0.263451489531561,0.491405038819456,0.111357751751662
21866,0.18592467037682,0.171775599914985,0.503314957652053,0.138984772056143
21867,0.0942823021571113,0.150161078249222,0.362624187767866,0.3929324318258
21868,0.174454777277448,0.108270976498669,0.577914748781661,0.139359497442223
21869,0.439941087859453,0.0870980695450934,0.174851647873756,0.298109194721698
21870,0.266373521125319,0.276490570640819,0.310537131029265,0.146598777204597
21871,0.567030029808479,0.240388457834039,0.0936034321647955,0.0989780801926864
21872,0.0953019637006719,0.451008092292446,0.36737091584328,0.0863190281636021
21873,0.447456301242316,0.2831880481706,0.197132708398056,0.0722229421890289
21874,0.157083652450949,0.636168265939948,0.118924234201442,0.0878238474076602
21875,0.387249586093433,0.400466076618461,0.0830743703410099,0.129209966947096
21876,0.491251276050456,0.171447346791064,0.254838107075667,0.0824632700828128
21877,0.145437275716813,0.430698181079794,0.250600783766738,0.173263759436655
21878,0.350960329696018,0.518905264272996,0.0810894857790297,0.0490449202519562
21879,0.432626488610458,0.352168394477987,0.0789515716604324,0.136253545251123
21880,0.357050779067291,0.209147363486381,0.35295707468921,0.0808447827571177
21881,0.175432372836936,0.370328173337771,0.279009549045067,0.175229904780225
21882,0.261112017379418,0.239587898740481,0.305321103076251,0.193978980803851
21883,0.0951212478138154,0.410889965790293,0.292314306812415,0.201674479583477
21884,0.182319175056464,0.626243781797815,0.048630661174272,0.142806381971449
21885,0.158188389422186,0.508939132972584,0.0969489561025967,0.235923521502633
21886,0.326903844667006,0.321956781107089,0.135865799010318,0.215273575215587
21887,0.323663051742899,0.104702977383558,0.407006945612126,0.164627025261417
21888,0.0685026912756082,0.35068650767763,0.45119075004538,0.129620051001381
21889,0.108786743582787,0.371712526823476,0.305508987507686,0.21399174208605
21890,0.224428783320479,0.205968972878261,0.266367154822264,0.303235088978996
21891,0.555052115475399,0.0359660180639785,0.316414498012339,0.0925673684482835
21892,0.0660635693826492,0.431017941264384,0.0720752267875343,0.430843262565432
21893,0.11166763215366,0.533986177321043,0.0920871847701038,0.262259005755194
21894,0.183060393369282,0.0862916202073663,0.248302948960502,0.48234503746285
21895,0.0282501134277302,0.0386057351830507,0.851069280969046,0.0820748704201728
21896,0.395247645921847,0.162497455438911,0.310636620043038,0.131618278596204
21897,0.213707188429724,0.425445976021021,0.218702161713388,0.142144673835867
21898,0.167299362021133,0.26565721753708,0.359123983509833,0.207919436931954
21899,0.234360340057932,0.111809561837622,0.554452927119336,0.0993771709851101
21900,0.0453894134831222,0.0577518398055425,0.0556585791787529,0.841200167532582
21901,0.134926028734225,0.744398496931835,0.023653661708694,0.0970218126252459
21902,0.0474712955360256,0.146439013075578,0.643761685756821,0.162328005631575
21903,0.0449403397345398,0.105026995822413,0.65447620728159,0.195556457161457
21904,0.24132020024988,0.057708464525658,0.311089937345129,0.389881397879333
21905,0.019493780257782,0.595956572219441,0.196013582814954,0.188536064707823
21906,0.0663970367536039,0.239888523792596,0.0681962371487922,0.625518202305008
21907,0.0439358974310847,0.468815417172496,0.139513172853426,0.347735512542992
21908,0.319978225430855,0.24613526221504,0.251450624951411,0.182435887402693
21909,0.25094437016455,0.218318251990907,0.331865524614679,0.198871853229864
21910,0.450597156456134,0.154630293139157,0.192337415867136,0.202435134537572
21911,0.150381323507157,0.581227829173224,0.141310940753531,0.127079906566088
21912,0.147040395161776,0.56290174316307,0.0899031212899409,0.200154740385213
21913,0.123127509992259,0.560424019114261,0.156293406719347,0.160155064174133
21914,0.122307661285702,0.18581370399981,0.254358426615464,0.437520208099024
21915,0.29873899411666,0.129729549569358,0.320384229467667,0.251147226846314
21916,0.0599097245941535,0.0992074734191702,0.32809640849669,0.512786393489986
21917,0.162887195524153,0.143852480589493,0.305590090184965,0.387670233701389
21918,0.102824624615579,0.115224870507408,0.677451192913934,0.104499311963079
21919,0.140500338350697,0.098099547043343,0.609889682184045,0.151510432421915
21920,0.268521431287381,0.145273734234684,0.165159781108049,0.421045053369886
21921,0.164314712759745,0.537582929807609,0.140766953788841,0.157335403643806
21922,0.438057560210942,0.248758527273523,0.0681872250530801,0.244996687462455
21923,0.198075910714043,0.0988888973711444,0.284866555181136,0.418168636733677
21924,0.206058583320015,0.0977279579021536,0.311562178983697,0.384651279794134
21925,0.472749220183251,0.0992277472323758,0.222384126279771,0.205638906304603
21926,0.439992888234781,0.119236346377819,0.1193918630822,0.3213789023052
21927,0.0931429469562632,0.138001924297135,0.602992601025596,0.165862527721006
21928,0.0799230819812298,0.649069152197768,0.0423997845166077,0.228607981304395
21929,0.0524766871991954,0.0616956664423262,0.119498485369452,0.766329160989027
21930,0.0201371941389366,0.454417111456743,0.20167398388166,0.323771710522661
21931,0.144277916026173,0.481585875760549,0.0528970105723595,0.321239197640919
21932,0.0923911789489739,0.0450211627429321,0.54595821571518,0.316629442592914
21933,0.0639226957152175,0.546713565135508,0.0511941667087874,0.338169572440487
21934,0.0928502367191314,0.429280454046952,0.157357874038428,0.320511435195488
21935,0.148086003764314,0.235241039449151,0.0772698636622273,0.539403093124307
21936,0.183162584812738,0.355280917964858,0.104582605607277,0.356973891615128
21937,0.0499805522098592,0.125741315025988,0.552773425209712,0.271504707554441
21938,0.0180248753424868,0.518279414628057,0.120946526775865,0.342749183253591
21939,0.0409490125375172,0.38900555924915,0.0725087861210303,0.497536642092303
21940,0.475562322981661,0.185428697188109,0.0793364662531053,0.259672513577125
21941,0.0684900350949814,0.0391051215481058,0.222774767534949,0.669630075821964
21942,0.0729300265316339,0.749312139504525,0.0630899402600485,0.114667893703792
21943,0.0377668979783461,0.354136350214969,0.0348401119703081,0.573256639836377
21944,0.0339654658089813,0.409902802221085,0.242874750555738,0.313256981414196
21945,0.0700935133373804,0.272698360275573,0.0390692807990338,0.618138845588013
21946,0.448523378380003,0.201840848285634,0.102130919896024,0.247504853438338
21947,0.412409697098633,0.198441179128375,0.139001218736714,0.250147905036279
21948,0.0913831634801305,0.423132881336915,0.193456707402413,0.292027247780542
21949,0.115086469007763,0.321119547214375,0.116841221002279,0.446952762775582
21950,0.174152899625568,0.427787974329856,0.105912986835289,0.292146139209288
21951,0.124003597546891,0.198118147098535,0.318862433059898,0.359015822294676
21952,0.311926840205011,0.0683541344102084,0.0833163795257943,0.536402645858986
21953,0.449945808120471,0.19538794102199,0.0689425975513404,0.285723653306199
21954,0.168123988146507,0.0699880702870575,0.0934197580600467,0.668468183506389
21955,0.347794446541341,0.0872146035818949,0.223485925817858,0.341505024058906
21956,0.0268739286950034,0.0879972352827511,0.137641169224939,0.747487666797306
21957,0.41599241005405,0.119608668401671,0.143277368059818,0.321121553484462
21958,0.0305870870877434,0.65847215884087,0.120647774939696,0.190292979131691
21959,0.0515261689878598,0.072321817100992,0.0612422645819418,0.814909749329206
21960,0.117965418760904,0.539755947332087,0.0385679094545237,0.303710724452485
21961,0.151782866249192,0.160106127719156,0.280493670815858,0.407617335215794
21962,0.688583118198994,0.10168114514102,0.0536922742664269,0.156043462393559
21963,0.082370114677558,0.414303512717343,0.269937458750488,0.233388913854612
21964,0.125990327594949,0.0281189304865558,0.676635278686709,0.169255463231786
21965,0.0973083456382733,0.0758685284913275,0.391185606419206,0.435637519451193
21966,0.0953654524283577,0.0509637754143919,0.372268839207392,0.481401932949859
21967,0.536395627614503,0.0244638562615188,0.188053684493416,0.251086831630562
21968,0.183763282883598,0.563055550695608,0.0471708713152697,0.206010295105525
21969,0.0243823267555322,0.130429826357776,0.230476990011971,0.614710856874721
21970,0.150877286870057,0.166837920320972,0.109565233985458,0.572719558823513
21971,0.229467903638241,0.223840287927962,0.397036918438376,0.14965488999542
21972,0.375254528831697,0.152705931996497,0.159168597514386,0.31287094165742
21973,0.402023103225189,0.167916356692698,0.0371643854083809,0.392896154673732
21974,0.450805680437403,0.178173156993394,0.0504897518726554,0.320531410696548
21975,0.0328016462426601,0.0868335936737035,0.306075617876832,0.574289142206804
21976,0.339750312065964,0.323967038078202,0.221774251933092,0.114508397922743
21977,0.120475396259408,0.351404129780083,0.225756743074066,0.302363730886442
21978,0.210213810726824,0.0337887986970828,0.251922399511663,0.50407499106443
21979,0.310935381980863,0.159880164103482,0.0491911496098093,0.479993304305846
21980,0.0557337606876816,0.596168408738144,0.0750063162847245,0.27309151428945
21981,0.0915185657718719,0.511764216166999,0.149480850208151,0.247236367852978
21982,0.114144199721782,0.249786587527189,0.203712734483241,0.432356478267788
21983,0.0286155706837487,0.0428113893481842,0.246824878454199,0.681748161513868
21984,0.149209022648007,0.386383995822587,0.215046006883552,0.249360974645854
21985,0.102914569635469,0.497415933943649,0.221479035046144,0.178190461374737
21986,0.19348123965278,0.254256816638782,0.453645787990741,0.0986161557176971
21987,0.0748936446252382,0.487080707784928,0.21383074745766,0.224194900132174
21988,0.333453341030265,0.271266432628295,0.195926665223016,0.199353561118424
21989,0.145044522734771,0.353729018714343,0.308658842485151,0.192567616065735
21990,0.0698573414412284,0.446064254004857,0.334908582508647,0.149169822045268
21991,0.261961931354909,0.263525313321712,0.277306273196484,0.197206482126895
21992,0.404839081036335,0.226131511429972,0.119357167916965,0.249672239616729
21993,0.177398764597373,0.409843931356611,0.174496971158818,0.238260332887198
21994,0.140638424109374,0.450953512412408,0.329277259775538,0.0791308037026794
21995,0.112866870692095,0.211316365509273,0.49206775390108,0.183749009897552
21996,0.343625548987128,0.256237533106912,0.0835788374074363,0.316558080498524
21997,0.377590128787135,0.155542559274751,0.298691190765639,0.168176121172476
21998,0.439359511990263,0.141330300280109,0.120281920702161,0.299028267027466
21999,0.0878088727344355,0.595630920052645,0.174838255215914,0.141721951997006
22000,0.47212059302023,0.0892228594991078,0.290497163903463,0.148159383577199
22001,0.139925144560729,0.605391908380884,0.170078282023499,0.0846046650348882
22002,0.152449194093127,0.498376994429374,0.126640492194442,0.222533319283057
22003,0.0819784269511142,0.220551892956422,0.512515071751765,0.184954608340699
22004,0.541991753891326,0.127899181333433,0.109330303717946,0.220778761057294
22005,0.342794170197347,0.12650244698953,0.186763821233799,0.343939561579325
22006,0.0622752699060007,0.227019868654125,0.237209951665713,0.473494909774162
22007,0.209879512401239,0.4494409104154,0.141143451371283,0.199536125812079
22008,0.0711279313543037,0.190591704485555,0.488554801909602,0.249725562250539
22009,0.366351742407986,0.140308872456876,0.17103872906994,0.322300656065198
22010,0.122087976266382,0.54561214288249,0.0523844793661002,0.279915401485028
22011,0.0920861344577172,0.377889122489648,0.199367219765772,0.330657523286864
22012,0.265158413507253,0.122540385186683,0.14659237430965,0.465708826996415
22013,0.290417395514876,0.140584335495024,0.341129926764331,0.227868342225769
22014,0.101102004576764,0.0870585749033475,0.646375288098736,0.165464132421153
22015,0.0846365747997165,0.0744224579477405,0.358811476925583,0.48212949032696
22016,0.051086402535821,0.455193582235547,0.0477262468603418,0.44599376836829
22017,0.0553793314153471,0.768728980080352,0.0321249469975086,0.143766741506792
22018,0.227511449858517,0.137370321993823,0.331103129496643,0.304015098651017
22019,0.175596698774033,0.100306678676337,0.251645567885695,0.472451054663934
22020,0.127252314512009,0.0888510864844549,0.336233261034254,0.447663337969282
22021,0.0389445166320284,0.314093927917909,0.297713638008388,0.349247917441675
22022,0.526340720536848,0.0584661164866616,0.171503433548647,0.243689729427843
22023,0.442192111080881,0.0594134121065738,0.234079622930744,0.264314853881801
22024,0.272002152467576,0.0488110426793412,0.107391699902269,0.571795104950814
22025,0.424275590533675,0.181541013519609,0.0574168766678187,0.336766519278897
22026,0.63264039441406,0.0951693878647094,0.0397961140404595,0.232394103680772
22027,0.257489529928518,0.223691094588256,0.0806484925152483,0.438170882967978
22028,0.339403690477663,0.0950749120917147,0.0301370371986871,0.535384360231936
22029,0.0342392971000248,0.0496270085369012,0.0373289287233577,0.878804765639716
22030,0.570663754743342,0.0218102081892492,0.24798703895115,0.159538998116259
22031,0.184211489387291,0.137840854964816,0.0518799888393406,0.626067666808553
22032,0.060705119142838,0.189323659164769,0.0367177382063848,0.713253483486008
22033,0.0381166737388387,0.0827061042119988,0.722855247059309,0.156321974989853
22034,0.72189514000512,0.0677174388628851,0.0474297729079474,0.162957648224047
22035,0.0952900185668809,0.105810175626326,0.0632497211800683,0.735650084626725
22036,0.510347083602576,0.191873616180484,0.0674281172084902,0.23035118300845
22037,0.109242098323224,0.0859268395412583,0.0282632782946903,0.776567783840828
22038,0.0873560426921272,0.24044585176735,0.0429955232518924,0.62920258228863
22039,0.400272157467799,0.34374858835078,0.0146276769847914,0.241351577196629
22040,0.155806597927935,0.378612015935139,0.118008975066481,0.347572411070444
22041,0.182144525192458,0.105969371864962,0.515166414485878,0.196719688456701
22042,0.259300063527156,0.198294502341127,0.256872204604552,0.285533229527165
22043,0.174891650460465,0.517352758028858,0.142954450781198,0.164801140729479
22044,0.0690910013323848,0.116482490961345,0.362554589969394,0.451871917736876
22045,0.124807968562982,0.392147585590637,0.102099558811098,0.380944887035284
22046,0.141473066381612,0.290029052401539,0.255976099172443,0.312521782044407
22047,0.169598777904734,0.450018476597637,0.0583225238810259,0.322060221616603
22048,0.134076004604472,0.703875931482945,0.0377623642627827,0.1242856996498
22049,0.192802180281831,0.525142090477336,0.0734792538236594,0.208576475417174
22050,0.258943378080927,0.28949117610282,0.353657271410667,0.0979081744055862
22051,0.0595078786980077,0.105128502661793,0.592281097173685,0.243082521466515
22052,0.171291547423435,0.452586109618537,0.172718297042054,0.203404045915974
22053,0.0351651888132538,0.727816810672004,0.129579590410495,0.107438410104247
22054,0.103755534336791,0.0767120939765227,0.639748490613168,0.179783881073518
22055,0.206336261542351,0.12357429484679,0.494346434441037,0.175743009169822
22056,0.229256406263252,0.0702510070344,0.510206987641424,0.190285599060924
22057,0.231974259281472,0.201015444562148,0.17534339693074,0.391666899225641
22058,0.251674268822114,0.547615233430428,0.0876316088396246,0.113078888907833
22059,0.138831564488185,0.49674843383689,0.100220926560002,0.264199075114924
22060,0.189676765013777,0.224696876704338,0.0605273889967322,0.525098969285153
22061,0.110106886950367,0.18386415255387,0.360294133849694,0.345734826646069
22062,0.136179931594035,0.290471165215808,0.366994006596573,0.206354896593584
22063,0.0186057043942398,0.662409164740994,0.168095818624121,0.150889312240645
22064,0.416020677658069,0.236287848677264,0.117237910199888,0.230453563464778
22065,0.100335846785951,0.131870018863989,0.408740015246537,0.359054119103523
22066,0.402893667708973,0.120273225864584,0.134112255905369,0.342720850521074
22067,0.359737042018671,0.169254737047634,0.0324502946250697,0.438557926308626
22068,0.110758572607471,0.775016819984923,0.0147365657948215,0.0994880416127841
22069,0.0327611644609043,0.574044656221214,0.0743956176376394,0.318798561680243
22070,0.34492984154728,0.0375416608159058,0.0981911535248656,0.519337344111949
22071,0.335798998721946,0.112814173222546,0.0793168984367269,0.472069929618781
22072,0.0198169244267294,0.561743189838038,0.29537946331194,0.123060422423293
22073,0.114402967784202,0.0987030530930011,0.2355565047924,0.551337474330397
22074,0.0258382652208748,0.6733642144979,0.101408972048783,0.199388548232443
22075,0.0509599598018132,0.260495107028122,0.160955228088307,0.527589705081758
22076,0.653246731596701,0.111520512970989,0.0501852765845216,0.185047478847789
22077,0.129012533272112,0.0485004994698476,0.0419357257941913,0.780551241463849
22078,0.327161132689156,0.102880877375264,0.0706933960604509,0.499264593875129
22079,0.382593880581851,0.0227632973610719,0.0669571539827447,0.527685668074332
22080,0.0959333121736626,0.0564495729072244,0.558289893148441,0.289327221770672
22081,0.08694924604269,0.531541977463722,0.0945598604456085,0.286948916047979
22082,0.593458669867278,0.116439993596292,0.0848757674064757,0.205225569129954
22083,0.0162837734696458,0.655565758074474,0.101117404938011,0.227033063517869
22084,0.115779735305067,0.0648479042155766,0.0263535992164446,0.793018761262912
22085,0.268383300731944,0.102856000301178,0.126373839562975,0.502386859403902
22086,0.0355394145992436,0.397401410368568,0.0260726271200726,0.540986547912116
22087,0.0274873615262056,0.0396223724007144,0.398256294765539,0.534633971307541
22088,0.0497412928950727,0.0878961220096979,0.0740332203626652,0.788329364732564
22089,0.0101016160123003,0.59626166720949,0.12372504795376,0.26991166882445
22090,0.0817727986633661,0.147464932992803,0.187678080468162,0.583084187875669
22091,0.0333796019021542,0.101453580782914,0.661634769280687,0.203532048034245
22092,0.651580915486298,0.130982798245551,0.0189769613941837,0.198459324873967
22093,0.048689500966716,0.0848501832121411,0.474877072720758,0.391583243100385
22094,0.0722528185286668,0.0548478942896448,0.264181119139213,0.608718168042475
22095,0.0386073113126709,0.217966199095367,0.0992905180044199,0.644135971587542
22096,0.107444226048773,0.0194825501322482,0.622345571766542,0.250727652052437
22097,0.495089326199314,0.0140430631343666,0.0436045225132442,0.447263088153075
22098,0.275530820846418,0.076148493461979,0.459383541747394,0.188937143944209
22099,0.0508715680989109,0.314237969603801,0.169252181537117,0.465638280760171
22100,0.0659997866721541,0.18156802076337,0.602634446613205,0.149797745951271
22101,0.48758496909313,0.219460856593167,0.0978094791139886,0.195144695199714
22102,0.0919147157596963,0.364020223469426,0.115240578907231,0.428824481863646
22103,0.358827885961618,0.223299427633811,0.178076627347582,0.239796059056989
22104,0.399296105663688,0.218060514835642,0.0683794332684877,0.314263946232182
22105,0.0385075344199374,0.340272046292548,0.252858051670276,0.368362367617239
22106,0.695778266912211,0.127953202239162,0.0294392414644746,0.146829289384152
22107,0.135328896493198,0.0800001435215712,0.560592843585322,0.224078116399909
22108,0.273285023121703,0.087404303008838,0.287981086047528,0.351329587821931
22109,0.242403660309472,0.460867899400186,0.0968792603151964,0.199849179975145
22110,0.0512869460369414,0.053798771001031,0.130514291741469,0.764399991220558
22111,0.365398390069299,0.116568603964782,0.123518131575578,0.394514874390341
22112,0.0346045916546419,0.229347945848461,0.45429529249499,0.281752170001907
22113,0.0524395944159969,0.443784291393028,0.181941481582108,0.321834632608867
22114,0.135753374434144,0.0807719467488076,0.171698689657442,0.611775989159607
22115,0.136021622649367,0.0861077863300049,0.050281889558588,0.72758870146204
22116,0.0571383158765621,0.205113739807094,0.445633428254162,0.292114516062181
22117,0.226545486540208,0.0868560586890313,0.544168275547574,0.142430179223187
22118,0.691160029161792,0.0832514648041065,0.0849035877285879,0.140684918305513
22119,0.0822941753763844,0.567268592231238,0.111960260663202,0.238476971729175
22120,0.168194221379155,0.106083739604545,0.440004905037442,0.285717133978858
22121,0.0601447725806622,0.333357803808513,0.139752687126924,0.466744736483902
22122,0.0895523820051529,0.243755577568185,0.532882142063577,0.133809898363084
22123,0.109777439557757,0.37103878381609,0.299239679304058,0.219944097322095
22124,0.0557297470635829,0.395126537221843,0.272425968594714,0.27671774711986
22125,0.269128185157272,0.123067580806332,0.142416126786284,0.465388107250112
22126,0.198262970474826,0.125340386705753,0.306103647681335,0.370292995138085
22127,0.480486476877189,0.178746434349664,0.107756127266441,0.233010961506706
22128,0.380797725468335,0.210420160949996,0.191590413571647,0.217191700010021
22129,0.0371213142845087,0.112461576599831,0.124251229956951,0.726165879158709
22130,0.0513358251494002,0.239609253946459,0.49299544492925,0.216059475974891
22131,0.658451659154282,0.0725212975710876,0.109086417849856,0.159940625424774
22132,0.0827250283941894,0.218139989448893,0.428743996175628,0.270390985981289
22133,0.03750449964611,0.0946316300371208,0.575717332716654,0.292146537600115
22134,0.370431239406973,0.119992725555636,0.134561190575866,0.375014844461525
22135,0.623915045828437,0.0307010964844183,0.0340772060366961,0.311306651650448
22136,0.324320157871127,0.11905322522495,0.0642612233232061,0.492365393580716
22137,0.300891964173696,0.0773141565679586,0.169300507293902,0.452493371964443
22138,0.28026111638437,0.213141127841051,0.149600955397376,0.356996800377204
22139,0.111454289800566,0.461489463284741,0.120027384784205,0.307028862130488
22140,0.0342519619488897,0.0438951885217226,0.45738172025717,0.464471129272218
22141,0.0366405894471741,0.259909294520958,0.160798241549152,0.542651874482716
22142,0.132205524595245,0.0492681705979646,0.688164997359542,0.130361307447248
22143,0.244336465914827,0.113906189444722,0.305928715848567,0.335828628791884
22144,0.0167890574542091,0.196588095969749,0.62082887688418,0.165793969691862
22145,0.0916819702998995,0.121002371514727,0.293098295462053,0.49421736272332
22146,0.254119262025851,0.0464737216773974,0.331827577073227,0.367579439223524
22147,0.414444424796027,0.0608633401010567,0.148630713756324,0.376061521346593
22148,0.250235879534687,0.0776740151015215,0.113841598587702,0.55824850677609
22149,0.0463012806890463,0.273444200935531,0.0183996184213218,0.661854899954101
22150,0.054061735441674,0.0515216834905635,0.714258802256546,0.180157778811217
22151,0.143959063036756,0.0274259543294781,0.320314651181424,0.508300331452341
22152,0.10148240756792,0.0422452145821271,0.0224079935722603,0.833864384277692
22153,0.021869288243395,0.242732232390418,0.508687659037255,0.226710820328932
22154,0.075368538985316,0.467544993596731,0.117064482567019,0.340021984850934
22155,0.135101666732651,0.189909164252655,0.374545761050766,0.300443407963928
22156,0.0886154316960823,0.455084633117298,0.0894351416346897,0.36686479355193
22157,0.082026944307789,0.307790547270452,0.340892037695591,0.269290470726168
22158,0.0591910299969571,0.389347877644408,0.111991935970475,0.439469156388161
22159,0.117698815900008,0.197577119874789,0.457010520224946,0.227713544000257
22160,0.148152859758977,0.302999209681015,0.0841844269662648,0.464663503593743
22161,0.0627170137625857,0.292996190342305,0.172286383158732,0.472000412736378
22162,0.118051909575604,0.254196456477359,0.224002682820596,0.403748951126441
22163,0.38044387147226,0.0795628366722413,0.0644420934417509,0.475551198413748
22164,0.0501411428472601,0.0505709244686683,0.478291173823565,0.420996758860506
22165,0.0645471725372185,0.468153672463188,0.111501089881821,0.355798065117772
22166,0.434849267475961,0.413257812019244,0.0438488348741467,0.108044085630648
22167,0.325208175354221,0.239424864248347,0.153784344246029,0.281582616151403
22168,0.135575748528232,0.175259333480002,0.282121507269079,0.407043410722687
22169,0.282863313159111,0.0369486215587657,0.187461368378032,0.492726696904091
22170,0.0679841976325394,0.187574155287438,0.539592040587648,0.204849606492374
22171,0.0853238878784065,0.287542896570582,0.311636215348714,0.315497000202298
22172,0.0275958923591422,0.0842240900958919,0.038907317996656,0.84927269954831
22173,0.126282736292751,0.510102397128154,0.0571057387446713,0.306509127834423
22174,0.500916255314007,0.161628329577048,0.0963455739785926,0.241109841130353
22175,0.0939481930873615,0.432823220233116,0.161971410979771,0.311257175699751
22176,0.249546218478908,0.0874260277996421,0.318757333103848,0.344270420617603
22177,0.133059542673421,0.099202430231178,0.154839948479679,0.612898078615722
22178,0.209670105623574,0.377531157199162,0.110805711404777,0.301993025772486
22179,0.0578708070775382,0.345486740004867,0.062826726354183,0.533815726563412
22180,0.182710596180012,0.0820232612137452,0.540484215050464,0.194781927555778
22181,0.116945415097839,0.45992843058664,0.0843820768616417,0.338744077453879
22182,0.311870731560778,0.114696475652861,0.261036076211063,0.312396716575299
22183,0.172416576237998,0.432017703034344,0.100234049208655,0.295331671519004
22184,0.303909019563979,0.0609289495416583,0.0996893290058869,0.535472701888476
22185,0.151496529678791,0.289264316142363,0.0410761691591245,0.518162985019721
22186,0.0624143833933749,0.445031799177365,0.0864606094017047,0.406093208027555
22187,0.0660762242692042,0.177602423531876,0.0601541023117024,0.696167249887217
22188,0.245050900434209,0.129824159323171,0.244391502893882,0.380733437348738
22189,0.169512042251203,0.0369238104052686,0.493685490223198,0.29987865712033
22190,0.0504890462915752,0.441064163022654,0.146161437437955,0.362285353247816
22191,0.214417377345649,0.122670217204987,0.483427044989182,0.179485360460181
22192,0.0953611144044062,0.123071729005182,0.21200502502286,0.569562131567552
22193,0.0440252377558886,0.138900672154038,0.0439242369645762,0.773149853125498
22194,0.270841158084305,0.255134465726354,0.0228332780269802,0.451191098162361
22195,0.278812217726101,0.549321452107818,0.093281520407089,0.078584809758992
22196,0.248901775355117,0.0192570480493763,0.0517402008739705,0.680100975721536
22197,0.0989426748570395,0.440728269966737,0.0297988260936372,0.430530229082586
22198,0.0260123157500785,0.0201627896230295,0.0315766802295004,0.922248214397391
22199,0.62723389556653,0.0540061186149441,0.0451598857720705,0.273600100046455
22200,0.450951986713003,0.063089734562004,0.0961760765850685,0.389782202139924
22201,0.182379091104758,0.46922960250767,0.122179871039514,0.226211435348058
22202,0.586249234981918,0.186616840275728,0.0234719237188991,0.203662001023456
22203,0.496469113764352,0.276966020444599,0.0393268835138313,0.187237982277217
22204,0.0710983158247795,0.246406105710726,0.0164377723716031,0.666057806092892
22205,0.33991223322634,0.225830204721712,0.106448143842862,0.327809418209086
22206,0.0405073090753714,0.133494322349996,0.458671890310274,0.367326478264359
22207,0.0470879556826222,0.0298745739818883,0.265150911412524,0.657886558922966
22208,0.207042071480766,0.529563421055462,0.0342544289094431,0.229140078554329
22209,0.0597427947729773,0.0291005125513549,0.0182703439395342,0.892886348736134
22210,0.0571492093171329,0.157792080971991,0.0976768439700883,0.687381865740788
22211,0.0528568098690846,0.247110064513171,0.0183447929699882,0.681688332647756
22212,0.049510053630768,0.297251217024773,0.376814043155095,0.276424686189364
22213,0.0824304288603631,0.287193377073956,0.212893243499856,0.417482950565825
22214,0.0515013659634646,0.212973629043123,0.417339703084726,0.318185301908686
22215,0.0569186899649441,0.0808161149092335,0.669647712205731,0.192617482920091
22216,0.408384433000308,0.145075000696904,0.115794962142339,0.330745604160448
22217,0.136993631896244,0.111940641513478,0.510332434769369,0.240733291820909
22218,0.0823625689646173,0.405202216772132,0.0408424440281538,0.471592770235097
22219,0.383130916663184,0.0483975893183358,0.137611462903067,0.430860031115414
22220,0.726766400287446,0.0377966104110184,0.0663828663268727,0.169054122974663
22221,0.0326003016470324,0.190300925902557,0.0653116671584652,0.711787105291946
22222,0.694065255274774,0.0764358043197989,0.0421477190265763,0.18735122137885
22223,0.181531091938234,0.375809021194147,0.0609765802222082,0.381683306645411
22224,0.170355772428532,0.0750113440347692,0.153294714456104,0.601338169080595
22225,0.589013030404569,0.168718389509198,0.0950901669687348,0.147178413117498
22226,0.0898618040754416,0.0516138011785523,0.631095669454865,0.227428725291141
22227,0.556989174079265,0.135626049294651,0.121645957138088,0.185738819487996
22228,0.0242502678008783,0.614242926858583,0.09571272657661,0.265794078763929
22229,0.203948936182432,0.368243130810775,0.0645106628150263,0.363297270191766
22230,0.0876030877983259,0.0643031627863626,0.671261939415772,0.17683180999954
22231,0.538673268343063,0.150514193684847,0.151795238452929,0.159017299519161
22232,0.364329441086523,0.229408847078179,0.061389589705146,0.344872122130152
22233,0.113386290068632,0.0840219389778532,0.306837209612145,0.49575456134137
22234,0.202188064970149,0.454167179225653,0.0801675390731482,0.26347721673105
22235,0.206484951090091,0.0659157888724909,0.125274661023371,0.602324599014047
22236,0.641185048429986,0.126387074950258,0.0700727632225552,0.162355113397201
22237,0.340302075842646,0.0698614394136794,0.291704622660497,0.298131862083177
22238,0.0449191469275548,0.228636011279456,0.415149461746483,0.311295380046505
22239,0.143640670966312,0.483806886477859,0.170859839343384,0.201692603212444
22240,0.143989069294155,0.222101513229842,0.229179507055284,0.40472991042072
22241,0.348050924252768,0.100848782204365,0.0991096049646947,0.451990688578172
22242,0.44007456483307,0.180373146347426,0.0465466988621393,0.333005589957365
22243,0.0343134112251713,0.659893893955905,0.0397339496365708,0.266058745182353
22244,0.182412000387473,0.471744193343677,0.125953955030395,0.219889851238455
22245,0.442591744690392,0.097361006239107,0.0570861298752762,0.402961119195225
22246,0.145476835259294,0.456598876930877,0.067827439486075,0.330096848323754
22247,0.0764656962069039,0.0691897725365411,0.557642596201425,0.29670193505513
22248,0.434416529078428,0.106947547813092,0.334985812805114,0.123650110303366
22249,0.0423485364964714,0.100066709093728,0.194243621091203,0.663341133318598
22250,0.449900960488491,0.068974969804264,0.237835147474959,0.243288922232286
22251,0.151984603812705,0.162879933419826,0.467535335079004,0.217600127688465
22252,0.149707270638317,0.0895331526344748,0.538747797629238,0.22201177909797
22253,0.150627735077914,0.527120221942945,0.0769982981302546,0.245253744848887
22254,0.12683957899048,0.211439085071172,0.328484051482046,0.333237284456303
22255,0.0872162524851787,0.0466577427959721,0.559955851363625,0.306170153355225
22256,0.328169412408754,0.0672822661987046,0.236101546326975,0.368446775065567
22257,0.571233275157084,0.0758689734781156,0.184753263094481,0.168144488270319
22258,0.0712645277519062,0.554316185335758,0.202647062785172,0.171772224127164
22259,0.240279792558956,0.100359377939239,0.228401615414679,0.430959214087126
22260,0.0437926911220309,0.0677402907485467,0.496046826260643,0.392420191868779
22261,0.327810730247398,0.0974855890239219,0.269306206298956,0.305397474429724
22262,0.469528133591807,0.232051751171566,0.10393893473329,0.194481180503337
22263,0.0971174594217416,0.533318580151902,0.0312500206352021,0.338313939791154
22264,0.43636159741862,0.22710991188594,0.106153521779682,0.230374968915758
22265,0.181433675846644,0.134481865163979,0.504198996695999,0.179885462293377
22266,0.109055343408601,0.0591767125491063,0.415191395764158,0.416576548278135
22267,0.0460597857474076,0.0398641154355221,0.616187211171739,0.297888887645331
22268,0.340466491290846,0.204955215925307,0.105652947378273,0.348925345405575
22269,0.228650488560689,0.628505649890071,0.0812175951259633,0.0616262664232766
22270,0.127953496869473,0.300365961077678,0.396294358676419,0.175386183376431
22271,0.204403286417851,0.288799887370244,0.400031467162707,0.106765359049198
22272,0.211358539919344,0.455677721402247,0.196378204879873,0.136585533798535
22273,0.276808822023286,0.274459240082747,0.240004423770662,0.208727514123306
22274,0.208809708259267,0.545821901312582,0.118874314755739,0.126494075672413
22275,0.164380943477473,0.536837347757686,0.165734089576231,0.133047619188611
22276,0.0757585655673164,0.141165751819745,0.590883138540521,0.192192544072418
22277,0.234126281861003,0.142567881505359,0.547892396338933,0.0754134402947057
22278,0.149790578050286,0.342729554566802,0.339695172338694,0.167784695044218
22279,0.324865021634226,0.285501901680255,0.2173297141425,0.172303362543019
22280,0.261839861466228,0.104325965941111,0.41946630934383,0.214367863248831
22281,0.68970299190478,0.083701095155618,0.141243642014587,0.0853522709250159
22282,0.0861479870616882,0.269783041959776,0.58165271836063,0.0624162526179065
22283,0.160627682810061,0.397486112386958,0.204517125324697,0.237369079478284
22284,0.277437653910535,0.144841445295696,0.472860950895206,0.104859949898564
22285,0.101269658116998,0.378503124892282,0.293491727408035,0.226735489582685
22286,0.151347543215407,0.0794976143324612,0.612758128463547,0.156396713988585
22287,0.406694022070955,0.235301819405219,0.120160076595099,0.237844081928728
22288,0.353693338890118,0.23154054216947,0.172525046078506,0.242241072861906
22289,0.164404181618993,0.344742326992891,0.294877827055219,0.195975664332897
22290,0.590226030236777,0.0708855913223044,0.227344049159745,0.111544329281174
22291,0.66476617282263,0.0601431780758861,0.11333310487836,0.161757544223124
22292,0.250010609368402,0.22506045548311,0.250897043459432,0.274031891689056
22293,0.235699134979502,0.393628342483306,0.111892052398248,0.258780470138943
22294,0.287792567424964,0.123321864848723,0.0911835120435648,0.497702055682748
22295,0.0793112691623423,0.282543603231273,0.457856055569565,0.18028907203682
22296,0.259883116858548,0.060524666018965,0.160141564622494,0.519450652499994
22297,0.186383390970042,0.165128174333588,0.355539908020944,0.292948526675426
22298,0.116232234459637,0.159877502547791,0.478113040926081,0.245777222066491
22299,0.0391466829528108,0.697803035978927,0.0525990428589267,0.210451238209336
22300,0.664531906183204,0.152049883059496,0.0603113057158194,0.123106905041481
22301,0.0690471593563123,0.170357244918206,0.618635703571855,0.141959892153626
22302,0.120891130948982,0.515584673390505,0.124889832816262,0.238634362844251
22303,0.420517131581461,0.0937983226300185,0.122092451576729,0.363592094211791
22304,0.217320093056125,0.379793339623371,0.045720387689716,0.357166179630789
22305,0.165256564065366,0.250758583995553,0.342268801830384,0.241716050108697
22306,0.173462912659354,0.122058688787045,0.555035586109023,0.149442812444578
22307,0.0728175248430813,0.296181001445492,0.0474162575518134,0.583585216159614
22308,0.11221844891016,0.264730196244005,0.218930974020301,0.404120380825534
22309,0.406660953138501,0.0834931766628832,0.0372862638969117,0.472559606301704
22310,0.274929157712014,0.045104997179094,0.194854751050493,0.485111094058399
22311,0.141813698385098,0.297419137300579,0.157795986532875,0.402971177781449
22312,0.609680364331956,0.094264886939363,0.0562618781893859,0.239792870539296
22313,0.419741196969238,0.225027900662594,0.0698454602006657,0.285385442167503
22314,0.359256654444848,0.211589746258016,0.180369311523877,0.248784287773259
22315,0.155048356838753,0.260093458928047,0.151062533404821,0.433795650828379
22316,0.0428216508885115,0.381499649285449,0.151120614411531,0.424558085414509
22317,0.061895361617124,0.426465670337534,0.104770306151667,0.406868661893675
22318,0.139878485372208,0.0313650573533168,0.527838484426839,0.300917972847636
22319,0.328926057095954,0.185430339514065,0.0613704601930566,0.424273143196925
22320,0.122586295143623,0.308533605923351,0.340298661610548,0.228581437322479
22321,0.192742103224806,0.115672205803678,0.11103185490295,0.580553836068566
22322,0.0420624198515511,0.106873778180641,0.470798840125112,0.380264961842696
22323,0.0237794127566906,0.286083583003101,0.10529191242487,0.584845091815338
22324,0.0496818573089611,0.412001244220338,0.289939299393329,0.248377599077371
22325,0.139056747508608,0.189079562280855,0.0374161195598568,0.634447570650679
22326,0.477980855536653,0.119360938211741,0.170839371132256,0.23181883511935
22327,0.451094349736414,0.130440002945469,0.342919689958306,0.0755459573598103
22328,0.360955273326535,0.144213121917209,0.260561936315073,0.234269668441183
22329,0.320221978860693,0.230770420240478,0.180892347782333,0.268115253116496
22330,0.185835624347012,0.174847782896218,0.380560981046951,0.258755611709819
22331,0.379645284655653,0.213166721740672,0.0578643312328338,0.349323662370841
22332,0.210007194813602,0.131557879817788,0.284749900865122,0.373685024503488
22333,0.68099981290803,0.0276780953084443,0.217591551968986,0.0737305398145388
22334,0.229139010549732,0.144165988101872,0.386432248844612,0.240262752503784
22335,0.378904014704642,0.35695636619468,0.0674181798153516,0.196721439285327
22336,0.591308528062962,0.111333793115317,0.143194416539613,0.154163262282108
22337,0.105656842843557,0.397871751792999,0.340169212935429,0.156302192428015
22338,0.0949730105091257,0.193865515373993,0.0992613380410589,0.611900136075823
22339,0.118587681135032,0.0663855393842557,0.694039716987894,0.120987062492818
22340,0.0405943493763569,0.546467970317668,0.0717762534068699,0.341161426899106
22341,0.261901845136523,0.0874171666674516,0.233605146815902,0.417075841380123
22342,0.20082670811436,0.0788720679809095,0.561424673196844,0.158876550707886
22343,0.110052800953788,0.768230730497463,0.0345217261686743,0.0871947423800742
22344,0.118990674537085,0.218870967268524,0.5667331081471,0.0954052500472915
22345,0.73434116189771,0.0608168372620812,0.119336978295624,0.0855050225445846
22346,0.47328470992673,0.190561192983076,0.0874204885662504,0.248733608523944
22347,0.138852530291118,0.270682097088664,0.469511896262771,0.120953476357448
22348,0.071017340776,0.243249734680216,0.616353787166327,0.0693791373774567
22349,0.244440584299976,0.346030716611551,0.326019529591122,0.0835091694973511
22350,0.262556836583293,0.228928941448376,0.423608829952195,0.0849053920161355
22351,0.147515419856814,0.217308804371171,0.55809137242565,0.0770844033463648
22352,0.600944327173073,0.0962486266225226,0.206150036333322,0.0966570098710828
22353,0.204697689356166,0.133957480925623,0.419386314771711,0.2419585149465
22354,0.27860041250485,0.32371401538715,0.245279829883581,0.152405742224419
22355,0.152485419968663,0.388858757147082,0.276015210943865,0.18264061194039
22356,0.169207291803184,0.0870818062661554,0.467794580577864,0.275916321352796
22357,0.0963984318213055,0.589858025313599,0.140761368522727,0.172982174342369
22358,0.715923047790822,0.0696344339301892,0.122587934537045,0.0918545837419434
22359,0.248612285735003,0.381203541229958,0.293484951379474,0.0766992216555647
22360,0.216683380327365,0.544589818809205,0.0420446439148745,0.196682156948556
22361,0.339475851342844,0.240004216477235,0.0979954964760682,0.322524435703853
22362,0.132275645739351,0.232302658998869,0.417071084404917,0.218350610856863
22363,0.0709420242454158,0.092146310842986,0.485333281003482,0.351578383908117
22364,0.227288872460855,0.437117041051931,0.177113935361925,0.158480151125289
22365,0.271202255373006,0.297450088541064,0.289658826712613,0.141688829373316
22366,0.288725930554895,0.47153207333734,0.187872546916036,0.0518694491917289
22367,0.416492014355201,0.176116370315928,0.294331178029513,0.113060437299358
22368,0.220745454665721,0.396495267420089,0.218220167950305,0.164539109963885
22369,0.169686435515441,0.555680290293994,0.189255076552558,0.0853781976380072
22370,0.231641054400036,0.401228566931313,0.207373532814457,0.159756845854194
22371,0.51208514108406,0.12154529571004,0.220156865416912,0.146212697788989
22372,0.291649964034358,0.484561438256518,0.138860231779369,0.0849283659297542
22373,0.250026137136723,0.169619892951249,0.372942677332801,0.207411292579227
22374,0.266382109694151,0.523489063792001,0.133170172265246,0.0769586542486026
22375,0.1983910228391,0.41670319014869,0.228354312301167,0.156551474711043
22376,0.352649315187802,0.17969678070128,0.223906119343836,0.243747784767082
22377,0.361676233775722,0.374575151593188,0.11354691234592,0.15020170228517
22378,0.169901339393703,0.177840749823667,0.579678506077169,0.0725794047054606
22379,0.362695109878017,0.307175711642506,0.151193491172798,0.178935687306679
22380,0.111239505647857,0.334515699045367,0.280547315703295,0.273697479603481
22381,0.146983999542434,0.381337801911921,0.290728227871343,0.180949970674302
22382,0.0909677997175036,0.550406700637032,0.187655406875089,0.170970092770375
22383,0.25739969543423,0.153998789861703,0.353162516617206,0.235438998086861
22384,0.234354661782207,0.544980321454795,0.09917187459113,0.121493142171867
22385,0.384164711663345,0.213235976568465,0.265593171407233,0.137006140360957
22386,0.196909179851736,0.458219173238827,0.229780846063946,0.115090800845491
22387,0.297716813084507,0.142165072285447,0.249454954655812,0.310663159974233
22388,0.474215271706174,0.197062718025683,0.173778403938757,0.154943606329387
22389,0.189786167738036,0.236312181189354,0.383462335296931,0.190439315775678
22390,0.323856075340672,0.149310129210507,0.193980529069522,0.332853266379298
22391,0.297009389030539,0.187647979670041,0.185328122714188,0.330014508585231
22392,0.254666978981462,0.346621069152476,0.198924654183263,0.1997872976828
22393,0.112963143711347,0.138438653091547,0.616052828225522,0.132545374971584
22394,0.143343090651705,0.371855167353899,0.18104563828677,0.303756103707626
22395,0.452527783708711,0.186707346675885,0.220453032220824,0.14031183739458
22396,0.069497673531101,0.0870474638923918,0.321154928496919,0.522299934079589
22397,0.401653376683143,0.262299961638909,0.143748850319619,0.192297811358329
22398,0.324983917953688,0.140377099758584,0.30054076007663,0.234098222211098
22399,0.0806795968619641,0.201827256254822,0.620388700149428,0.0971044467337851
22400,0.0850610821635318,0.0684077127267168,0.717395544608758,0.129135660500993
22401,0.60803909462795,0.0807310156656396,0.097000067553882,0.214229822152528
22402,0.150021325580667,0.407930744950358,0.314108174315832,0.127939755153142
22403,0.251164423556199,0.287309695580887,0.292507831789562,0.169018049073352
22404,0.505673000372961,0.0916648727074199,0.343497328630833,0.0591647982887858
22405,0.116694746239341,0.511717137407648,0.141565794359202,0.230022321993809
22406,0.177014751095252,0.491855170833021,0.183390961242053,0.147739116829673
22407,0.325112506334617,0.170036258383236,0.242648188901707,0.26220304638044
22408,0.0626186643783001,0.109758887415406,0.768402056011232,0.0592203921950617
22409,0.390560384580405,0.2129145191309,0.306828675675371,0.0896964206133232
22410,0.258879485797497,0.40702235103762,0.230323782693676,0.103774380471207
22411,0.218087660086325,0.326585430796684,0.320940736694024,0.134386172422967
22412,0.258825181586143,0.146223066976129,0.519169074114889,0.0757826773228395
22413,0.083192096767791,0.150202597534854,0.135968193885745,0.63063711181161
22414,0.210134101459644,0.683576926503287,0.0395270910395223,0.0667618809975466
22415,0.109086504297861,0.19569624485548,0.59131838327784,0.10389886756882
22416,0.0904644930545474,0.174969936902903,0.603443559260092,0.131122010782458
22417,0.306002825192879,0.149494266426362,0.308248036142838,0.236254872237921
22418,0.040560951604444,0.543595035910865,0.298462352120146,0.117381660364545
22419,0.140356072142568,0.329674921797866,0.153670119165673,0.376298886893893
22420,0.0881432228026748,0.513275893767196,0.175704065857372,0.222876817572757
22421,0.265794447752061,0.128020690854083,0.451815115299684,0.154369746094172
22422,0.068792568966367,0.357237799667542,0.213336326836217,0.360633304529875
22423,0.0863380756926683,0.214230922602548,0.577415366149283,0.122015635555501
22424,0.47525852412569,0.230744000111551,0.119805057912574,0.174192417850186
22425,0.141374194428338,0.383028142451204,0.131272600356029,0.344325062764428
22426,0.370692743165974,0.227152914609536,0.193073618194311,0.209080724030179
22427,0.410853263940838,0.225082102003428,0.0950970139782416,0.268967620077492
22428,0.0529487578695722,0.364819209453172,0.286896136260985,0.295335896416271
22429,0.68588041067661,0.143863928813545,0.0443733620113685,0.125882298498476
22430,0.164223245192075,0.103077124679847,0.543046239165517,0.189653390962561
22431,0.28934178737689,0.106351647042091,0.308543757378585,0.295762808202434
22432,0.246564330565146,0.463621936219852,0.118313063016587,0.171500670198415
22433,0.0774090283251952,0.0797688747862174,0.180547876180182,0.662274220708405
22434,0.382169761372171,0.138556871393359,0.144724929424289,0.334548437810181
22435,0.053524638323102,0.246333577382214,0.458666214629138,0.241475569665546
22436,0.0674813912671025,0.446568158720375,0.210787957812225,0.275162492200298
22437,0.169560274950742,0.117772959231088,0.207293400197924,0.505373365620246
22438,0.177025795228315,0.132790362675572,0.0628049518110477,0.627378890285065
22439,0.0742310271843168,0.221254996253386,0.451733587709586,0.252780388852711
22440,0.149857058424619,0.567657332970073,0.160783384811551,0.121702223793757
22441,0.279760698391086,0.258431706731289,0.375175317127409,0.0866322777502153
22442,0.142978626438415,0.35569564746941,0.438987793291482,0.062337932800693
22443,0.137807497244916,0.691081627274589,0.109372549522894,0.0617383259576
22444,0.2865323610827,0.369359996726862,0.253850395917992,0.090257246272446
22445,0.142810044819322,0.45535357984187,0.2833868014923,0.118449573846508
22446,0.115043759963066,0.31428021913516,0.531353988800669,0.0393220321011044
22447,0.298384188280444,0.386947405624315,0.232899400995857,0.081769005099384
22448,0.222845510920769,0.380935647614688,0.304703564482178,0.0915152769823651
22449,0.232070118371191,0.445456766760238,0.21794002676512,0.10453308810345
22450,0.264341138828459,0.274436134088328,0.308633686390685,0.152589040692527
22451,0.0873340282926207,0.603805424283719,0.231668799331607,0.0771917480920534
22452,0.157833408346546,0.610496538026574,0.151212314617413,0.0804577390094675
22453,0.253674653651039,0.18237597441727,0.362299986567549,0.201649385364142
22454,0.195042499393839,0.563549054992866,0.167282109169388,0.0741263364439075
22455,0.503236194656542,0.20174670185181,0.191653146180127,0.103363957311521
22456,0.419704078773934,0.100659365974953,0.302958377137792,0.176678178113321
22457,0.232806693822602,0.346066142687108,0.302222027682226,0.118905135808065
22458,0.107202819309799,0.504686464339938,0.264914534371503,0.12319618197876
22459,0.195391358754243,0.240808380470058,0.508667925888954,0.0551323348867445
22460,0.147523916736606,0.160991306678187,0.611515426309234,0.0799693502759733
22461,0.337991475647144,0.313905369104937,0.231557422656886,0.116545732591033
22462,0.486029295350616,0.209546924457636,0.180676371265398,0.12374740892635
22463,0.118542277826427,0.534093658571577,0.139293720557895,0.208070343044101
22464,0.24668415897641,0.403564807069039,0.200743029136736,0.149008004817815
22465,0.245253849764621,0.546094668078936,0.146753560662678,0.0618979214937651
22466,0.342430250221255,0.290916875394782,0.0968358568230439,0.269817017560919
22467,0.142290465822009,0.624378544960693,0.129603158459268,0.10372783075803
22468,0.264381511809687,0.357324968611645,0.201593460913084,0.176700058665584
22469,0.482626646290099,0.150851808547298,0.242874182653372,0.12364736250923
22470,0.151915649986322,0.671072986525109,0.0721702507638154,0.104841112724753
22471,0.574073602498627,0.211284584896106,0.116071670410174,0.0985701421950932
22472,0.0845053190752326,0.414008371679881,0.368370142734989,0.133116166509898
22473,0.671832560655617,0.105296802426204,0.134148987899374,0.0887216490188047
22474,0.418307172415928,0.057439967278956,0.447194888136115,0.0770579721690012
22475,0.199208437250777,0.689444468010168,0.0439498343843046,0.0673972603547506
22476,0.147961500079493,0.23849685893867,0.389376331038538,0.2241653099433
22477,0.123183333055898,0.202440515916475,0.514634285171752,0.159741865855875
22478,0.17209131428752,0.0925365846026245,0.487394343014572,0.247977758095284
22479,0.211775436568472,0.0774996430278971,0.120847655382822,0.589877265020809
22480,0.0903428080875123,0.148668900753269,0.400523469050523,0.360464822108695
22481,0.163949569166577,0.382121379655849,0.0539399906199825,0.399989060557592
22482,0.241284658768529,0.168727221565622,0.0745108569998006,0.515477262666048
22483,0.128467308161656,0.244847989690833,0.081702693175892,0.544982008971619
22484,0.264930704323322,0.348258250555452,0.0400936631317594,0.346717381989466
22485,0.056477104655494,0.229126632412051,0.206350116377357,0.508046146555099
22486,0.0673757710717203,0.208458774496413,0.403003396769828,0.321162057662038
22487,0.0874892099786742,0.0558314798918711,0.369793522719136,0.486885787410318
22488,0.121768128655587,0.115942035913112,0.381267634574026,0.381022200857275
22489,0.301332146225817,0.059816402853981,0.298944654279881,0.339906796640321
22490,0.0900932704385984,0.500186660785535,0.112036495844153,0.297683572931713
22491,0.0485098374231229,0.525790520955947,0.0901300682075999,0.335569573413331
22492,0.0618027070431194,0.186292371296204,0.439196413245721,0.312708508414955
22493,0.134643818861106,0.426729626560694,0.252151264482114,0.186475290096086
22494,0.164663564729961,0.133732876083103,0.383711560661197,0.317891998525738
22495,0.0968975812999036,0.194579480685701,0.307590990146512,0.400931947867883
22496,0.303666502823543,0.0484840630343146,0.199406109022034,0.448443325120108
22497,0.124884585683074,0.473766460641626,0.214018370187773,0.187330583487526
22498,0.0780860296544631,0.202986521271216,0.283175261183865,0.435752187890456
22499,0.39712838902048,0.163602484400687,0.156193594411914,0.28307553216692
22500,0.540978641150856,0.154326828845608,0.0743414147701475,0.230353115233388
22501,0.318247772853916,0.162146004715138,0.18162299771243,0.337983224718516
22502,0.292713759324425,0.159523763382884,0.220007534450879,0.327754942841812
22503,0.201827435546257,0.238809914525219,0.0749245443311139,0.48443810559741
22504,0.133987487531967,0.422127388637258,0.122117627169259,0.321767496661516
22505,0.255296182802118,0.136602636817642,0.186678572210986,0.421422608169253
22506,0.204174709728638,0.238548498722545,0.320776249959762,0.236500541589056
22507,0.040081308252434,0.46101272146916,0.115337794908174,0.383568175370231
22508,0.130068840978418,0.620309835168106,0.0614453781042645,0.188175945749212
22509,0.545779246109448,0.0665922263186788,0.108570011803098,0.279058515768775
22510,0.0432858589600347,0.749956779257288,0.0543491232443623,0.152408238538315
22511,0.178941933364525,0.0813635209251432,0.566475451367532,0.1732190943428
22512,0.131533938081252,0.142088905187619,0.337254121410001,0.389123035321128
22513,0.173073335896793,0.0816997377925015,0.314696586980756,0.430530339329949
22514,0.136076891707725,0.532063609819843,0.0785862029914495,0.253273295480982
22515,0.0515654097083306,0.0619172028114769,0.451863399881513,0.43465398759868
22516,0.0623008109624969,0.562729904185943,0.15787092373098,0.217098361120581
22517,0.225641868696796,0.114127112716771,0.418846534146668,0.241384484439765
22518,0.117890009027812,0.265171867840502,0.226346856910512,0.390591266221173
22519,0.158511100651483,0.408981316891539,0.0538493924097519,0.378658190047226
22520,0.417809671637235,0.26081221108422,0.154629092227079,0.166749025051467
22521,0.0587796208237194,0.454700282377569,0.292997951726474,0.193522145072237
22522,0.0316350568062746,0.082223111128155,0.597133401136461,0.28900843092911
22523,0.0234275850876853,0.747892705142818,0.127730419772226,0.10094928999727
22524,0.0526831643807921,0.0625718807194939,0.312347804485827,0.572397150413887
22525,0.265395987466308,0.0480167957608987,0.619750659415594,0.0668365573571992
22526,0.426648509991256,0.408183460126527,0.0307405486111748,0.134427481271042
22527,0.0896039117962229,0.388167555109387,0.169304812160935,0.352923720933455
22528,0.0774617540165356,0.0512851730215391,0.629337061618892,0.241916011343033
22529,0.148536289863915,0.418814893614165,0.16554662063373,0.26710219588819
22530,0.129685385889257,0.0333625288783854,0.0899210321617705,0.747031053070587
22531,0.0692778935966103,0.0445179873989069,0.720572206904072,0.165631912100411
22532,0.290004650025962,0.225452591735978,0.0358646727738645,0.448678085464195
22533,0.050327940878252,0.473680887494092,0.0545443350810938,0.421446836546562
22534,0.140940854157585,0.365694789158405,0.0903388030979506,0.403025553586059
22535,0.145437169800221,0.210990870679264,0.435494818083403,0.208077141437112
22536,0.0934895285152331,0.544528729788329,0.0930486275447531,0.268933114151685
22537,0.0901485547216244,0.34254841515324,0.387731249544527,0.179571780580609
22538,0.0695354926951302,0.457817540028692,0.128015214739646,0.344631752536532
22539,0.120746008024178,0.213638380619938,0.515161870149742,0.150453741206142
22540,0.172282552187314,0.36867680592735,0.0926900287368728,0.366350613148464
22541,0.0696480702035956,0.37059594335147,0.195797270682703,0.363958715762232
22542,0.12783886807138,0.296680762071857,0.275854152177944,0.299626217678819
22543,0.474273299561159,0.0853388327984644,0.0711595084226312,0.369228359217745
22544,0.0548934341601653,0.0519761108886929,0.582986135082395,0.310144319868747
22545,0.0691684619073998,0.541230141474808,0.134302763847193,0.2552986327706
22546,0.456707825949598,0.434083265956258,0.0419663565513789,0.067242551542765
22547,0.369335268305803,0.265576164259728,0.171168936047816,0.193919631386653
22548,0.160575396794271,0.190419017283382,0.343111825644863,0.305893760277483
22549,0.349264765712605,0.0370143528791863,0.230612011505455,0.383108869902754
22550,0.0694638126738411,0.192731647395274,0.606154223122779,0.131650316808106
22551,0.0937551278618187,0.325374152627695,0.361571622763173,0.219299096747313
22552,0.0438189490491811,0.111379596899942,0.0500602197580525,0.794741234292824
22553,0.133271262557634,0.596619211231609,0.0576333695792396,0.212476156631517
22554,0.431491428633301,0.164118313197037,0.276267981585918,0.128122276583744
22555,0.128845787799387,0.536996806578785,0.234278585663003,0.0998788199588251
22556,0.316091433797951,0.387713606458294,0.238601127658472,0.0575938320852832
22557,0.101954210946003,0.556097303012843,0.227776159130609,0.114172326910546
22558,0.142242530788521,0.176557287833179,0.620150716840598,0.0610494645377016
22559,0.188808249294535,0.273906161866317,0.31953875861448,0.217746830224667
22560,0.266564167252493,0.273239863308449,0.334270914070651,0.125925055368407
22561,0.1586601615125,0.32894305518645,0.427607694831874,0.0847890884691765
22562,0.154780874039076,0.600637902793172,0.198632466645161,0.0459487565225916
22563,0.419139651423481,0.200969266839744,0.315559516533363,0.064331565203411
22564,0.471610511025069,0.136348173006566,0.289389944837024,0.10265137113134
22565,0.145042412362182,0.236068711042705,0.430667104915101,0.188221771680012
22566,0.16968568359257,0.521327318314345,0.229884086408116,0.0791029116849696
22567,0.425149841454392,0.114291436473873,0.260469975256448,0.200088746815287
22568,0.348715443240362,0.190311021132723,0.215792092461122,0.245181443165793
22569,0.300002156903787,0.180154183335053,0.46925693112737,0.0505867286337891
22570,0.398115081030256,0.243735499409454,0.176591506865595,0.181557912694696
22571,0.250618634030662,0.451833268181581,0.144498005471966,0.153050092315791
22572,0.2908126679094,0.293915855411305,0.209892130697038,0.205379345982257
22573,0.281933075568855,0.250469912691533,0.342937866276415,0.124659145463197
22574,0.311605918562523,0.120181245165377,0.352513313366975,0.215699522905125
22575,0.170482939043463,0.370725615057162,0.328775961450186,0.130015484449189
22576,0.345839497324265,0.299786384398731,0.218073909240651,0.136300209036353
22577,0.486022662287107,0.253384120352689,0.187507986870231,0.0730852304899728
22578,0.137806407310268,0.354171674243098,0.439004845577203,0.0690170728694311
22579,0.13937491386067,0.372648209295724,0.264450351150722,0.223526525692884
22580,0.49523424048918,0.273352289445837,0.15802374563138,0.073389724433603
22581,0.135325480967814,0.290548586602785,0.377915539132967,0.196210393296434
22582,0.488753463203979,0.19501920541654,0.242091190012773,0.0741361413667079
22583,0.2807514405112,0.312727651621191,0.334303037279864,0.0722178705877449
22584,0.132002667377948,0.392800409151013,0.364096229710911,0.111100693760129
22585,0.191996212707758,0.471517491070773,0.240818744642094,0.0956675515793741
22586,0.136750494847893,0.582558020919123,0.169014262576492,0.111677221656493
22587,0.456239782859622,0.125383691445315,0.10019593949078,0.318180586204283
22588,0.295560468397889,0.162648589399015,0.375835333061331,0.165955609141765
22589,0.429839282766716,0.366385843876801,0.143255816721859,0.0605190566346251
22590,0.140802395426667,0.145811455316498,0.468773917470305,0.24461223178653
22591,0.257041220462977,0.0819592577434116,0.564787445484529,0.0962120763090832
22592,0.302230300186556,0.342533059323599,0.163204617278958,0.192032023210887
22593,0.334660107856995,0.256974885625212,0.11416870474486,0.294196301772933
22594,0.147987167089493,0.0815586592051503,0.430922526742495,0.339531646962862
22595,0.093633020742732,0.150763130883012,0.290417484654752,0.465186363719504
22596,0.20150511120782,0.550562957478239,0.0950101327267206,0.15292179858722
22597,0.0912329803320095,0.153630486565701,0.565640645776539,0.189495887325751
22598,0.116700962743022,0.442438061506496,0.0890229006742025,0.35183807507628
22599,0.126744450140216,0.106166644219463,0.105137403584971,0.66195150205535
22600,0.100973488071807,0.283560230020868,0.135122803123312,0.480343478784012
22601,0.394849359034266,0.0686986626541811,0.11881276278779,0.417639215523763
22602,0.660609404640595,0.10627780315345,0.0648402713804877,0.168272520825467
22603,0.258744412584061,0.0593211827861877,0.216911389929216,0.465023014700535
22604,0.0720374550806011,0.29542642681345,0.299351526304502,0.333184591801446
22605,0.517785177143339,0.0739676944662629,0.0768281345923801,0.331418993798017
22606,0.21357595316988,0.0866361545611836,0.429332255137249,0.270455637131688
22607,0.108189938562133,0.0946114289797206,0.372939069024864,0.424259563433282
22608,0.105066301096234,0.555897396425634,0.146270256554043,0.192766045924089
22609,0.257658025351091,0.333969918998362,0.0578789512097259,0.350493104440821
22610,0.0212507468468877,0.720580396177206,0.112818558506514,0.145350298469393
22611,0.125226215176916,0.294348731399121,0.431457473636983,0.14896757978698
22612,0.158209415043956,0.197166248327257,0.392279388460708,0.25234494816808
22613,0.372173694599607,0.356187811528239,0.155423465784154,0.116215028088
22614,0.370884535497605,0.187576111215766,0.27480826608665,0.16673108719998
22615,0.144149054463603,0.495359054630295,0.271701193939147,0.0887906969669559
22616,0.55209608740076,0.0708448681484713,0.321514510205686,0.0555445342450831
22617,0.203424737923392,0.168449625366562,0.501045818524975,0.127079818185072
22618,0.467467953223192,0.13225036153354,0.216153176878908,0.18412850836436
22619,0.142086296703744,0.452506167730063,0.188755380312298,0.216652155253895
22620,0.109880397443276,0.684407963900346,0.10722047021189,0.0984911684444893
22621,0.127109347505692,0.0923181722797959,0.620267994706424,0.160304485508088
22622,0.231605343394973,0.145725682239587,0.277342527274631,0.345326447090809
22623,0.163672586307018,0.558346212515673,0.138026902687031,0.139954298490278
22624,0.208928172235586,0.449671364022466,0.123576873373594,0.217823590368354
22625,0.293327009683735,0.201169517740986,0.185328099644248,0.320175372931031
22626,0.344378173725103,0.140603374427522,0.230271158083147,0.284747293764228
22627,0.256983402934199,0.117906124097878,0.400357118627617,0.224753354340306
22628,0.0823648452462596,0.26336726716242,0.523403367593262,0.130864519998058
22629,0.161096549468487,0.33902753603857,0.250983713568783,0.248892200924159
22630,0.209910160848224,0.334447753583329,0.437816698645536,0.0178253869229112
22631,0.386185052269336,0.203158307899832,0.366800643847606,0.0438559959832257
22632,0.291560984718213,0.399009454789972,0.216671001687008,0.0927585588048072
22633,0.3074553573387,0.383418516362911,0.220401439702245,0.0887246865961437
22634,0.476829972005331,0.265832596295013,0.180847593904174,0.0764898377954821
22635,0.486587627142059,0.195024996252622,0.246310849284386,0.0720765273209336
22636,0.456910054641967,0.305298556944225,0.198164948102208,0.0396264403116003
22637,0.147179833041873,0.346214849136227,0.447412720757611,0.0591925970642895
22638,0.19583940701764,0.393737426367686,0.319148225560599,0.0912749410540757
22639,0.190913068446988,0.367870104567558,0.34481077237466,0.096406054610793
22640,0.274380632681998,0.387642475890869,0.276333806115873,0.0616430853112605
22641,0.586389622734253,0.306225229621526,0.06836262764407,0.0390225200001509
22642,0.174547984215506,0.520022955048581,0.209263843450881,0.096165217285032
22643,0.244835730213471,0.470472497201218,0.2075499276759,0.0771418449094104
22644,0.39853596402179,0.207228433367691,0.36705099061199,0.0271846119985279
22645,0.404236148241453,0.203157920797087,0.292096639684388,0.100509291277072
22646,0.274626814634738,0.446306217790403,0.18549335311024,0.0935736144646191
22647,0.465866330777907,0.253751827113327,0.244716275456543,0.0356655666522232
22648,0.285034059983,0.378828738511675,0.301336008601975,0.0348011929033502
22649,0.0905571219835583,0.32093198282087,0.241589600886487,0.346921294309085
22650,0.114235595858817,0.380529084784179,0.089814137786579,0.415421181570426
22651,0.104973409794466,0.11988639416461,0.458685334485255,0.316454861555668
22652,0.0505785429986578,0.0890377756890532,0.231347648773784,0.629036032538504
22653,0.0487132358576258,0.218563375914572,0.571302759770777,0.161420628457025
22654,0.0510279263709228,0.0890105993636965,0.173462220749739,0.686499253515641
22655,0.143248280047183,0.50518445448468,0.068424180377868,0.283143085090269
22656,0.130173248657285,0.190831715907771,0.465706985809622,0.213288049625322
22657,0.300767968831155,0.197827247878142,0.108078560956113,0.39332622233459
22658,0.0723876384548735,0.0466001657723003,0.155399851550866,0.72561234422196
22659,0.143046656126737,0.102939756288128,0.506209877400993,0.247803710184143
22660,0.513005396185684,0.170764572158342,0.0307680162910874,0.285462015364887
22661,0.458036059294472,0.110828724009771,0.205498462310304,0.225636754385454
22662,0.0564028473933578,0.14072733137651,0.619411171553703,0.183458649676429
22663,0.141473608857578,0.654734203535239,0.0638966960506031,0.139895491556579
22664,0.0781594153888554,0.484805087774018,0.0504299801625679,0.386605516674559
22665,0.337856806237892,0.158319325771544,0.350021683857981,0.153802184132583
22666,0.270411205674865,0.308039692593428,0.0404781475816573,0.381070954150049
22667,0.0548506657598764,0.221390055682869,0.516635061201584,0.20712421735567
22668,0.103399596862793,0.251928359386479,0.0566444048716027,0.588027638879125
22669,0.0533263402953661,0.0484299909938887,0.09486113406248,0.803382534648265
22670,0.113011603592017,0.340188467526279,0.100778204518831,0.446021724362874
22671,0.215405487715277,0.124743523520186,0.424963136022607,0.234887852741929
22672,0.36444673357324,0.0954979611902798,0.142683284487691,0.397372020748789
22673,0.312233045741343,0.177728952770708,0.125711637660435,0.384326363827514
22674,0.139676482846761,0.207811914977898,0.444792981706498,0.207718620468842
22675,0.0919308125414624,0.344335820975791,0.213736763349316,0.349996603133431
22676,0.151547019887287,0.487605966608571,0.0883564361509988,0.272490577353143
22677,0.429633899902992,0.140679869667195,0.189054509973831,0.240631720455982
22678,0.148130140765923,0.131651739792979,0.0918203799093502,0.628397739531747
22679,0.0344742768041447,0.455460816418902,0.0973224326722853,0.412742474104668
22680,0.0513832545439727,0.135231239921293,0.313350075612145,0.50003542992259
22681,0.0871540601542952,0.261354995733922,0.107393113668479,0.544097830443304
22682,0.231051900562676,0.543926656136398,0.0474647226974909,0.177556720603435
22683,0.0576963964960907,0.0264867436434759,0.617931156973758,0.297885702886676
22684,0.196519451298998,0.574654806700963,0.0925672154390361,0.136258526561002
22685,0.208485080824434,0.10669733428854,0.167054494825119,0.517763090061906
22686,0.72448461946859,0.0438787130312728,0.0314072577615609,0.200229409738577
22687,0.161361792456382,0.473635447763881,0.18525251311311,0.179750246666628
22688,0.389726700998,0.234265851591622,0.29963877248717,0.0763686749232075
22689,0.296668358279972,0.337521026151081,0.24731767812881,0.118492937440137
22690,0.0970013302423051,0.297901170240388,0.546519229072814,0.0585782704444929
22691,0.187169659495184,0.507891450360622,0.23411946041396,0.0708194297302336
22692,0.20907325088035,0.271072174404125,0.304347430245602,0.215507144469922
22693,0.314442061902603,0.297744595522738,0.204069026569494,0.183744316005165
22694,0.406228266633336,0.175490785648557,0.321089493092355,0.0971914546257519
22695,0.222456434886599,0.250945778492226,0.410581235594522,0.116016551026653
22696,0.137442650576673,0.435727102471136,0.172724132878612,0.25410611407358
22697,0.106511510021056,0.45326061055267,0.201790452399636,0.238437427026638
22698,0.375753863470705,0.309072181502319,0.134547282143808,0.180626672883168
22699,0.422087651139407,0.131602686020606,0.271287618157143,0.175022044682844
22700,0.281954564903278,0.175148714667766,0.175496313248248,0.367400407180708
22701,0.156176274529415,0.446033889664067,0.0711434744707161,0.326646361335802
22702,0.0786114797331825,0.203680629198784,0.498011265516963,0.219696625551071
22703,0.330149577014476,0.154669598642614,0.377889069719178,0.137291754623732
22704,0.159252861793674,0.358807166303671,0.251187461550597,0.230752510352057
22705,0.107823878555053,0.297121784993804,0.306409801744868,0.288644534706275
22706,0.192859375650081,0.335817220304929,0.327112915754313,0.144210488290677
22707,0.170163616002394,0.532842150582197,0.21751419420712,0.0794800392082886
22708,0.380507644635806,0.195132767024158,0.335299984646157,0.0890596036938793
22709,0.216586026459917,0.504772422120627,0.189673199021482,0.0889683523979743
22710,0.175461375077542,0.525880453213914,0.167533447841559,0.131124723866985
22711,0.368174126740998,0.269005778508582,0.280611090798533,0.0822090039518864
22712,0.320282767440362,0.352348709531951,0.189101678040345,0.138266844987342
22713,0.240343347832311,0.265686211257966,0.352190681472618,0.141779759437105
22714,0.139116180416595,0.219319208163393,0.535003730964628,0.106560880455384
22715,0.204166661090452,0.33655765110047,0.292007626439784,0.167268061369294
22716,0.187750730068568,0.370729291919285,0.264555514391653,0.176964463620493
22717,0.262265988208187,0.250660106770907,0.351420506645229,0.135653398375678
22718,0.39723830194969,0.279717788126071,0.156312952977247,0.166730956946993
22719,0.379784866386563,0.355329826792759,0.196046155753032,0.0688391510676455
22720,0.158880516420202,0.435119020554589,0.247450237376277,0.158550225648933
22721,0.436653108346428,0.274069791495265,0.191263150550338,0.0980139496079686
22722,0.206134903514409,0.25499946107689,0.292573646284168,0.246291989124533
22723,0.333085258009455,0.402075403459641,0.107998524107177,0.156840814423728
22724,0.112001359322546,0.253683893326047,0.562876116834811,0.0714386305165957
22725,0.162731956992233,0.429878564298896,0.252008313208804,0.155381165500067
22726,0.107157504416195,0.555873593861387,0.232886097120005,0.104082804602412
22727,0.199204009553305,0.262730731174867,0.468393300896309,0.069671958375519
22728,0.083223411538484,0.536514519325803,0.25104994036613,0.129212128769583
22729,0.360391580046719,0.297161192677361,0.220371243298211,0.122075983977709
22730,0.15334920717966,0.398612358510648,0.335455136725838,0.112583297583854
22731,0.0739740809300939,0.492223081765084,0.353136328136439,0.0806665091683837
22732,0.280170525131019,0.29732822720144,0.301703907654781,0.12079734001276
22733,0.453128762626467,0.25935856024659,0.135450387142749,0.152062289984195
22734,0.19569037911891,0.460826313123935,0.19032911751197,0.153154190245185
22735,0.141928966002046,0.480287446884488,0.330842688817187,0.0469408982962797
22736,0.116890863951069,0.236931695257474,0.532886417778312,0.113291023013145
22737,0.394045357845138,0.283973304845724,0.106471628295672,0.215509709013466
22738,0.405753439072651,0.172161449093924,0.322949330708482,0.0991357811249432
22739,0.493213104037502,0.1703053983735,0.144858484692978,0.19162301289602
22740,0.0963305952504553,0.623492090896997,0.185818613265957,0.0943587005865911
22741,0.49540953871748,0.100685853291053,0.308325195812461,0.0955794121790056
22742,0.140333352152689,0.634942187412961,0.173057264942911,0.0516671954914395
22743,0.166629546726208,0.558436399665853,0.134220360306852,0.140713693301087
22744,0.275039139498967,0.311872256806025,0.309275443727898,0.103813159967111
22745,0.344620024705437,0.230250160274497,0.236055189676398,0.189074625343667
22746,0.234625827438072,0.298122930961602,0.339989835165565,0.127261406434761
22747,0.486241258650626,0.215573840641996,0.169449625018253,0.128735275689125
22748,0.375149479953761,0.248377481747924,0.316595175537464,0.0598778627608505
22749,0.24800621936066,0.245053227683853,0.435636930213485,0.0713036227420021
22750,0.192832097596623,0.138048422816622,0.615648272377272,0.0534712072094827
22751,0.202679277268822,0.310082130466354,0.409055022716159,0.0781835695486654
22752,0.35847112046283,0.242434402106435,0.245221463535404,0.153873013895331
22753,0.292676785138817,0.45636376031375,0.157022253322475,0.0939372012249576
22754,0.384934343245732,0.251923674299454,0.304056837860133,0.059085144594681
22755,0.271223425677652,0.13661028478436,0.466187284700304,0.125979004837683
22756,0.290178404663938,0.23605640492811,0.303922140364235,0.169843050043717
22757,0.481637417904782,0.185852814686954,0.129471441030935,0.203038326377328
22758,0.23144640048779,0.166647760897943,0.498776341302337,0.10312949731193
22759,0.359951623442561,0.387240169247505,0.104323391783777,0.148484815526157
22760,0.174768406489443,0.184610815973781,0.550273995144373,0.0903467823924037
22761,0.198681023336624,0.414695160343882,0.211217684708342,0.175406131611152
22762,0.123767524717131,0.285748684875355,0.439812025912822,0.150671764494692
22763,0.130428239358921,0.385721898758853,0.264782788736751,0.219067073145476
22764,0.16251336536536,0.607937506793139,0.0733014463974266,0.156247681444075
22765,0.2703876478135,0.255732037430002,0.244607446038167,0.22927286871833
22766,0.404531452915467,0.365727422217537,0.128492678808064,0.101248446058932
22767,0.170016810083433,0.151148188710465,0.447568384546893,0.231266616659209
22768,0.176754177277955,0.186780404410483,0.449042367074023,0.187423051237539
22769,0.0840287266436789,0.780957264221469,0.0458318776213967,0.0891821315134558
22770,0.520707118453714,0.16579139812947,0.081714558080857,0.231786925335958
22771,0.261954644290883,0.131723935760389,0.476292818934023,0.130028601014705
22772,0.448809274885168,0.212791049293406,0.163371838828532,0.175027836992894
22773,0.13757221704691,0.458849491791001,0.118965909173408,0.284612381988681
22774,0.127783005713814,0.195371183892985,0.399381501968007,0.277464308425194
22775,0.217567424378584,0.292038537520558,0.338169312082227,0.152224726018631
22776,0.302131312678508,0.221745220783926,0.103419654417103,0.372703812120463
22777,0.091913289528419,0.452786079056743,0.233977412397808,0.22132321901703
22778,0.0464876962611836,0.207813819074573,0.4296410012285,0.316057483435744
22779,0.211723195115839,0.36637673024061,0.205413318675414,0.216486755968137
22780,0.211896147158045,0.41518488554825,0.0873093957360396,0.285609571557666
22781,0.0670160538801874,0.202058522912822,0.55937966726099,0.171545755946001
22782,0.073321611982915,0.0902918733457199,0.511729303853073,0.324657210818292
22783,0.226145783234666,0.142896407769377,0.459987394977169,0.170970414018789
22784,0.094132426591341,0.571287566708011,0.0933814231866028,0.241198583514046
22785,0.115808875001725,0.491701843050477,0.213319016602006,0.179170265345792
22786,0.253802806814509,0.0887749176557474,0.387274642987378,0.270147632542365
22787,0.358205262533375,0.191826172649358,0.16443139504355,0.285537169773717
22788,0.451078394782939,0.0490460687513326,0.23828148338194,0.261594053083789
22789,0.426769607430383,0.160869853886753,0.124843635400519,0.287516903282346
22790,0.0659530841999575,0.237720755259659,0.509121764137632,0.187204396402752
22791,0.130847175170784,0.325404165014611,0.106447413074779,0.437301246739826
22792,0.0862444100331297,0.0741912412909303,0.693834085634518,0.145730263041422
22793,0.666776707512849,0.114106355372057,0.0480333713285819,0.171083565786512
22794,0.117643839174083,0.311462253425222,0.346866742537671,0.224027164863024
22795,0.16594258911664,0.403498208704881,0.0895850660385257,0.340974136139953
22796,0.602356811662044,0.0504539837466557,0.139801950164853,0.207387254426447
22797,0.0362379196217473,0.0681199943840549,0.807324086364479,0.0883179996297186
22798,0.0684874652734863,0.0967367753656942,0.312059074423451,0.522716684937369
22799,0.501422830107158,0.0658696130664986,0.0619207982173279,0.370786758609015
22800,0.261154645023996,0.114253057561619,0.205691085064738,0.418901212349647
22801,0.0686544199813232,0.325621442268154,0.291265790810064,0.314458346940459
22802,0.0712385761997498,0.497915567953576,0.195202626363665,0.235643229483009
22803,0.470585507850797,0.376354953678476,0.0451734368416237,0.107886101629103
22804,0.333920067976064,0.0918492964511444,0.342431225453779,0.231799410119012
22805,0.158470848285494,0.329630512735408,0.238328942754622,0.273569696224477
22806,0.103286087535883,0.618679452680775,0.0892382240327759,0.188796235750566
22807,0.342975280646144,0.0293086126203607,0.506073009244908,0.121643097488587
22808,0.0477494992903316,0.50647367702524,0.206424067571582,0.239352756112847
22809,0.0951659894628007,0.160052672762383,0.599353900562413,0.145427437212403
22810,0.0715068624343036,0.627442204493735,0.130440609751249,0.170610323320713
22811,0.243605650532798,0.129880437671105,0.308067139053115,0.318446772742982
22812,0.140977192133568,0.494268247120215,0.130139902867701,0.234614657878516
22813,0.434916988996679,0.117334003810043,0.25838642733341,0.189362579859869
22814,0.137744885854883,0.677633660173583,0.042302002274642,0.142319451696892
22815,0.104208274173926,0.56480167077725,0.104037375169866,0.226952679878958
22816,0.152585635495359,0.226757882298467,0.0841166700387762,0.536539812167398
22817,0.507870014970368,0.124366378493042,0.065540220779981,0.30222338575661
22818,0.033320949018354,0.693131345889101,0.136646977420945,0.136900727671601
22819,0.129259331867666,0.0889879582864433,0.428526191102313,0.353226518743578
22820,0.092906486612624,0.205524678077693,0.48947230663834,0.212096528671343
22821,0.065357202578348,0.137468600601311,0.345584004989877,0.451590191830463
22822,0.303251649389475,0.0690329419113251,0.359235924383255,0.268479484315945
22823,0.0577392747915243,0.426595505348353,0.0586272001328287,0.457038019727294
22824,0.0346409949974617,0.51038758634219,0.133890794618793,0.321080624041555
22825,0.161296948340674,0.019962138891063,0.728833236554914,0.089907676213349
22826,0.109328925682325,0.115820103071161,0.294373481848513,0.480477489398002
22827,0.487432690210159,0.0355990542002864,0.157594798265562,0.319373457323993
22828,0.0490386521393816,0.252052115941917,0.542139625463961,0.156769606454741
22829,0.0552867446236322,0.533424435139357,0.212242320951549,0.199046499285462
22830,0.0583532477650708,0.0232893249684183,0.737770460222587,0.180586967043924
22831,0.0700118653818081,0.629788870197236,0.0404228161360426,0.259776448284913
22832,0.101325115521075,0.0646753609530685,0.627549267028345,0.206450256497511
22833,0.118669732324046,0.578610890656854,0.0624996686261325,0.240219708392967
22834,0.0245135009379844,0.0674706180088655,0.234215992226739,0.673799888826411
22835,0.191069463989307,0.134250896145911,0.0874409157191935,0.587238724145588
22836,0.170195928860006,0.391283659923879,0.0528898971799343,0.385630514036181
22837,0.0318966887471102,0.363545365485792,0.0927446544155196,0.511813291351578
22838,0.290210465980556,0.130483537090217,0.0366304393634494,0.542675557565778
22839,0.154800043523975,0.259987005735811,0.254595513967652,0.330617436772562
22840,0.478685323253342,0.0499490179366854,0.214755083072235,0.256610575737737
22841,0.192998435397686,0.0862763335976039,0.136908453880868,0.583816777123842
22842,0.316429755257171,0.067118852775263,0.24010792360876,0.376343468358805
22843,0.369724825193119,0.08246989229952,0.256580971924436,0.291224310582925
22844,0.601760215022488,0.0746257280406083,0.162729355902845,0.160884701034058
22845,0.586644711285595,0.193484971228865,0.120559638323403,0.0993106791621359
22846,0.0958511695449713,0.674438655991264,0.0291272553790692,0.200582919084695
22847,0.241289770119664,0.4903648597942,0.0956376291238988,0.172707740962237
22848,0.2250757605006,0.185406213016306,0.100646334206345,0.488871692276749
22849,0.366639293379431,0.020605674859454,0.485159560235802,0.127595471525312
22850,0.432444619347212,0.0896770634685017,0.267377029171784,0.210501288012502
22851,0.16450356450679,0.443862076245897,0.102727334526363,0.288907024720951
22852,0.466811577840128,0.0707404939223179,0.0474372635742086,0.415010664663346
22853,0.562018188269336,0.0999926979044788,0.190072011457759,0.147917102368427
22854,0.105303059756391,0.154295573621326,0.0451012960966639,0.695300070525619
22855,0.383868385868855,0.187032604380759,0.0410123279056866,0.388086681844699
22856,0.0290679002848931,0.0411816396954535,0.451765865918157,0.477984594101496
22857,0.025627230020176,0.0468181314335688,0.275626486645271,0.651928151900984
22858,0.298743659168571,0.201878561488152,0.322130727516786,0.177247051826491
22859,0.167243067567963,0.686137149404291,0.0879774776262169,0.0586423054015291
22860,0.223922734209013,0.370427588580564,0.142006193427615,0.263643483782808
22861,0.23373630375712,0.384614423340296,0.270755678802621,0.110893594099963
22862,0.152029106688826,0.237030202669392,0.266763282421002,0.344177408220781
22863,0.118107509333648,0.61862932717557,0.175832965346577,0.0874301981442047
22864,0.0876932850959788,0.405660825756588,0.250045692851081,0.256600196296353
22865,0.255812314661593,0.320376141282407,0.175823529343679,0.247988014712322
22866,0.286060064250442,0.0645503559407605,0.543928286542749,0.105461293266049
22867,0.244037179148901,0.113503734554169,0.495633329994067,0.146825756302863
22868,0.167672309215862,0.219661689804181,0.372949973608574,0.239716027371383
22869,0.407593452036344,0.173538263192178,0.188110172625113,0.230758112146366
22870,0.289386777964325,0.303124897023213,0.237312650400025,0.170175674612436
22871,0.218433566489183,0.474873288780629,0.137603403724102,0.169089741006087
22872,0.165030241648755,0.676174227925381,0.0606488068076078,0.0981467236182566
22873,0.0766813014962916,0.237683735936305,0.442317131481901,0.243317831085502
22874,0.166697822870739,0.60304312908266,0.0922560060895083,0.138003041957093
22875,0.0734702198672673,0.599178670915498,0.0979263860465909,0.229424723170644
22876,0.229045927641624,0.452198407637146,0.185765023236173,0.132990641485056
22877,0.315535554390253,0.136279366858273,0.140713566080461,0.407471512671013
22878,0.119538342292157,0.0650309994499601,0.39029689604687,0.425133762211013
22879,0.186679706074277,0.138894613754491,0.524821297026348,0.149604383144884
22880,0.127387405177484,0.146897122252794,0.602190435949913,0.123525036619809
22881,0.272769503538035,0.187076056158073,0.249727338763351,0.290427101540542
22882,0.0419501448287744,0.771061838727618,0.0278403264726951,0.159147689970913
22883,0.16226688211105,0.08738209488614,0.423522801657159,0.326828221345651
22884,0.0832354956846583,0.23745475462245,0.341958231633174,0.337351518059717
22885,0.399199861626428,0.172421757059393,0.0428005811586745,0.385577800155505
22886,0.250631077613198,0.04171593614936,0.136469316601595,0.571183669635847
22887,0.131183051360564,0.547678563026277,0.0922854094925103,0.228852976120648
22888,0.511620238849715,0.264968455000358,0.053823540269543,0.169587765880384
22889,0.0241459871433654,0.0495793365270234,0.724130670266925,0.202144006062686
22890,0.286194209804703,0.455816130752619,0.0836638172491224,0.174325842193555
22891,0.136166510200095,0.389047250790744,0.192594699534258,0.282191539474902
22892,0.164316453007335,0.0887023690583464,0.489681445563997,0.257299732370322
22893,0.435354885223313,0.189361591179751,0.159241429993573,0.216042093603362
22894,0.0508125641640555,0.0552334034855032,0.027941674186899,0.866012358163542
22895,0.350600639855356,0.162443941327408,0.143198727021935,0.3437566917953
22896,0.391117101739177,0.47799719930739,0.0574238297305318,0.0734618692229015
22897,0.110837408443781,0.243876634393611,0.452074417003119,0.193211540159489
22898,0.166085513946043,0.200846299091083,0.441707148951458,0.191361038011416
22899,0.463297857698452,0.179310096864045,0.182576523628243,0.17481552180926
22900,0.40282203551664,0.176929451302925,0.142279498032517,0.277969015147918
22901,0.24774224575959,0.308765387531961,0.170918160712197,0.272574205996252
22902,0.188562428388021,0.348290640578106,0.200588631469991,0.262558299563882
22903,0.223008276869301,0.209412133517078,0.431629215447785,0.135950374165835
22904,0.591590122365369,0.117431552261161,0.154243737559417,0.136734587814054
22905,0.350638885728497,0.316402729847163,0.113899850608875,0.219058533815465
22906,0.632141991852385,0.171162023443849,0.060350721541371,0.136345263162395
22907,0.186161359312994,0.163232484821661,0.435984110236658,0.214622045628687
22908,0.218551087232401,0.23352267792665,0.301422132511767,0.246504102329182
22909,0.177788249382147,0.655412035664032,0.0687561239180222,0.0980435910357991
22910,0.213125245501787,0.305907868211875,0.161218194058679,0.319748692227659
22911,0.139543822281268,0.176452876028211,0.31392919576224,0.370074105928281
22912,0.286623667891766,0.485977387977486,0.116406473154261,0.110992470976487
22913,0.197761506820619,0.079184088800376,0.626724056219705,0.0963303481593003
22914,0.114107270671961,0.396015262261898,0.18308046604432,0.306797001021821
22915,0.664904987116514,0.08127157319309,0.085068692249688,0.168754747440708
22916,0.209947932842181,0.360678842467921,0.0876143411539416,0.341758883535956
22917,0.3007084254856,0.21469565727523,0.0403550229035786,0.444240894335591
22918,0.487643979018439,0.189852782139072,0.0445273132546976,0.277975925587792
22919,0.0471980880752731,0.814797065431233,0.0376493554614407,0.100355491032053
22920,0.14467775599406,0.156229257705157,0.425927668151768,0.273165318149015
22921,0.389672656488201,0.121394670073363,0.0615891060500616,0.427343567388374
22922,0.173557896883364,0.469039400011681,0.132724515912226,0.22467818719273
22923,0.0409687564699488,0.476639095051582,0.154019732073494,0.328372416404976
22924,0.558263013177116,0.144976214569252,0.155906185644543,0.14085458660909
22925,0.174245431663811,0.302771528664939,0.0451477492144399,0.477835290456809
22926,0.417669483081359,0.114919671370034,0.188757097532754,0.278653748015853
22927,0.0802070480036958,0.117530729207933,0.362153118301855,0.440109104486516
22928,0.714341395360611,0.12203159811022,0.0254945094406074,0.138132497088562
22929,0.0636737906170331,0.62161214022721,0.130074743065134,0.184639326090622
22930,0.0927260407761027,0.137908836080699,0.475830066165148,0.29353505697805
22931,0.0746451799381316,0.240985620989482,0.5518680788379,0.132501120234486
22932,0.18349047461503,0.155927170910967,0.0607038727391616,0.599878481734841
22933,0.398347691412321,0.122163629295935,0.11491527531033,0.364573403981414
22934,0.151229259083609,0.123913895304868,0.391123320190296,0.333733525421226
22935,0.132717756484815,0.473559220663637,0.275210626502336,0.118512396349212
22936,0.436617227221417,0.212507935046196,0.213952572147576,0.136922265584811
22937,0.400357742760499,0.274849671301576,0.181052786118671,0.143739799819254
22938,0.406242242740741,0.26213461774629,0.203138560434833,0.128484579078136
22939,0.139749005800262,0.394013507464691,0.224170811853555,0.242066674881492
22940,0.140596140083933,0.115726930071962,0.584217829983259,0.159459099860845
22941,0.29845284570735,0.143803842477696,0.435988843106926,0.121754468708028
22942,0.0454111902717531,0.259687983437534,0.613997668266914,0.0809031580237988
22943,0.138824796688545,0.382770939649369,0.16932886534851,0.309075398313576
22944,0.179356808326122,0.444739104999641,0.12668868646082,0.249215400213417
22945,0.247099484571063,0.290931710032214,0.144532088364327,0.317436717032396
22946,0.123430209883815,0.181827253895826,0.334848870603295,0.359893665617064
22947,0.174490380933443,0.636379981625343,0.0641993461815797,0.124930291259634
22948,0.298690139416943,0.150686274675117,0.144740004590997,0.405883581316943
22949,0.10975766031137,0.348196347049348,0.349284164687518,0.192761827951764
22950,0.176333446237533,0.354126120508802,0.125028805069565,0.3445116281841
22951,0.192197636077225,0.430942293206746,0.197959076748381,0.178900993967649
22952,0.269101351650776,0.259953361567433,0.100446386525028,0.370498900256763
22953,0.35956802702183,0.266090716965267,0.266634146574946,0.107707109437957
22954,0.253970363845131,0.24515837260511,0.23029639840405,0.27057486514571
22955,0.2369893047951,0.553766252106888,0.112592202504726,0.0966522405932866
22956,0.434855361551268,0.245140254448704,0.155197866503191,0.164806517496836
22957,0.228530737151395,0.218032652562901,0.413199456063177,0.140237154222527
22958,0.555262021063586,0.218079013561842,0.127561021756309,0.0990979436182623
22959,0.136241292069969,0.229386943580319,0.472759366895356,0.161612397454356
22960,0.482659243615046,0.266975071157219,0.134369449513632,0.115996235714103
22961,0.203460744246754,0.24191317353329,0.386415528811511,0.168210553408445
22962,0.177747110997908,0.140239680422671,0.617427842757012,0.0645853658224089
22963,0.107757774904816,0.464012149953517,0.108591979681769,0.319638095459897
22964,0.152477206171698,0.163324548950806,0.533298105734395,0.150900139143102
22965,0.326473034711673,0.409714108660126,0.127156604232881,0.13665625239532
22966,0.187405781025185,0.175557726735761,0.530270719660326,0.106765772578728
22967,0.0537472589397928,0.503838524414803,0.394322063475772,0.0480921531696324
22968,0.20374224074484,0.228820706634457,0.459314618036919,0.108122434583784
22969,0.335646597951165,0.288634725927705,0.259862819320952,0.115855856800178
22970,0.446075959806037,0.199805237107577,0.186763500606978,0.167355302479408
22971,0.146471736900418,0.166604961533732,0.61610935685152,0.0708139447143305
22972,0.216295400423783,0.605330868834402,0.108285258861327,0.0700884718804875
22973,0.0694878001554811,0.520296817689445,0.0828485955083462,0.327366786646727
22974,0.114479229226448,0.164480106932975,0.435279268129395,0.285761395711181
22975,0.212435418971308,0.160953438134108,0.502580442756974,0.124030700137609
22976,0.0712039333583542,0.256155308594472,0.455330717790152,0.217310040257022
22977,0.0999877841023663,0.247310777906204,0.482315297026374,0.170386140965056
22978,0.0494872995442102,0.266221163157226,0.527565927227457,0.156725610071106
22979,0.0949843102987568,0.284803676422759,0.435690899147247,0.184521114131236
22980,0.448601782062303,0.396883674262182,0.0677609928027319,0.0867535508727828
22981,0.155214212970167,0.630033590920148,0.120845068218039,0.0939071278916467
22982,0.238235589076002,0.0862465165725552,0.289921312120992,0.385596582230451
22983,0.498240714796313,0.363513891415758,0.0369818353549432,0.101263558432986
22984,0.0283032163534174,0.431655252294195,0.312228062637326,0.227813468715062
22985,0.434994691919291,0.078425563143652,0.165383767233911,0.321195977703146
22986,0.368821323090026,0.294305685056752,0.0980288095469851,0.238844182306236
22987,0.0794057828930059,0.151643014018837,0.432566796976127,0.33638440611203
22988,0.158434276945072,0.0660935644574652,0.625335589264474,0.150136569332988
22989,0.529294525651359,0.082095228495541,0.20038551685963,0.18822472899347
22990,0.120665461370856,0.447649816455822,0.0884225312115431,0.343262190961778
22991,0.597361531828871,0.15272974538135,0.0822022959400285,0.16770642684975
22992,0.189453267966662,0.387718560826815,0.281036015329294,0.141792155877229
22993,0.16671393653368,0.176489780471515,0.576526527857373,0.0802697551374317
22994,0.650704291906623,0.170872927630127,0.106251395667235,0.0721713847960147
22995,0.155143564976672,0.324642145815167,0.30715128242086,0.2130630067873
22996,0.412137370139194,0.269333013531501,0.233580297356771,0.0849493189725347
22997,0.239685954224182,0.399809230133725,0.180923057872346,0.179581757769747
22998,0.272495002409054,0.190211916797225,0.208401477507424,0.328891603286297
22999,0.343456526867071,0.210878476967991,0.3177555216382,0.127909474526738
23000,0.211389449004462,0.230994493382024,0.50263802910958,0.0549780285039338
23001,0.214376576510148,0.439210671902162,0.17062856508387,0.175784186503819
23002,0.113676255263376,0.425988697172311,0.22928735001835,0.231047697545963
23003,0.676780255596516,0.138185197480222,0.104071096573018,0.0809634503502447
23004,0.133724980570716,0.30381132698679,0.410329146933743,0.15213454550875
23005,0.195837506244624,0.629393133765891,0.0774453072218526,0.0973240527676323
23006,0.112543709196604,0.131549311693082,0.67317007637658,0.0827369027337336
23007,0.0319570286781627,0.443141899255696,0.463185307199021,0.0617157648671209
23008,0.0961890975394333,0.500978877530863,0.275315238180504,0.127516786749199
23009,0.23953882496692,0.145085346377463,0.396990835901937,0.21838499275368
23010,0.449960694506473,0.295565017736891,0.126855746377727,0.127618541378908
23011,0.364526043773743,0.111032770794434,0.234174385650816,0.290266799781007
23012,0.288260555054312,0.0964106639695786,0.423463515743928,0.191865265232181
23013,0.345630944042453,0.107665883214583,0.235712648795219,0.310990523947744
23014,0.0929527058791355,0.360922981600447,0.318581823557096,0.227542488963321
23015,0.170390440452774,0.151811033593966,0.453082000466652,0.224716525486609
23016,0.31893833788086,0.176454323852537,0.376947273622455,0.127660064644147
23017,0.230489882241893,0.228082206073871,0.329240969925296,0.21218694175894
23018,0.52158705399716,0.165960018115601,0.162868056801331,0.149584871085908
23019,0.0702184989478005,0.156932800974229,0.66409672947784,0.10875197060013
23020,0.294199791138811,0.0918812741765281,0.0815947005646831,0.532324234119978
23021,0.410202749888704,0.282562630339113,0.0371199898506393,0.270114629921543
23022,0.178149397417328,0.235566868022375,0.0522641549473241,0.534019579612973
23023,0.467785233247093,0.146690862455014,0.152989020961168,0.232534883336725
23024,0.286603561496939,0.368137624955966,0.0625095002570464,0.282749313290049
23025,0.0794668751442647,0.46871524748897,0.198067483540684,0.253750393826082
23026,0.737622723827598,0.0767487715588372,0.0716758096495715,0.113952694963993
23027,0.198640432536517,0.325120078252065,0.0925735336879219,0.383665955523496
23028,0.0842355486540446,0.635623270863694,0.0525939053036499,0.227547275178612
23029,0.152243263813613,0.12353003709053,0.527260914764573,0.196965784331284
23030,0.391896734282694,0.217083697323427,0.149754872302317,0.241264696091562
23031,0.1298028367038,0.200591016546501,0.313479266478473,0.356126880271225
23032,0.172361462514344,0.511285462521813,0.121017664507355,0.195335410456489
23033,0.340937230507333,0.252543659724838,0.146321443763205,0.260197666004624
23034,0.204198521200915,0.292378722439364,0.147974902211141,0.35544785414858
23035,0.312043452987657,0.350502113560356,0.113526423145955,0.223928010306032
23036,0.128088813319657,0.433581032636765,0.163284872497384,0.275045281546194
23037,0.530424622005326,0.200107528563093,0.146219958098062,0.123247891333519
23038,0.283793481897114,0.470923275778177,0.152320100672557,0.0929631416521526
23039,0.501487501121095,0.263469592456815,0.0611153264137008,0.173927580008389
23040,0.109395142178484,0.129450461293632,0.230853479371071,0.530300917156813
23041,0.230931942243446,0.163222929698909,0.394559003607087,0.211286124450558
23042,0.317002445841722,0.215428793532948,0.173750646176734,0.293818114448597
23043,0.184767044342168,0.144670645331181,0.193902479920089,0.476659830406562
23044,0.132262830546274,0.159007309325631,0.522802199928879,0.185927660199216
23045,0.480609959246742,0.151176133475108,0.161922788822515,0.206291118455635
23046,0.709454873015718,0.0588599420674346,0.122265341946504,0.109419842970343
23047,0.0873787700147569,0.233324711254087,0.54708918766231,0.132207331068846
23048,0.485935390901869,0.265904924799026,0.14091010051206,0.107249583787046
23049,0.396183049308641,0.242541146584381,0.230114863951555,0.131160940155423
23050,0.241430000418128,0.492726756432809,0.160719923772429,0.105123319376633
23051,0.408808184868734,0.267306820281736,0.200759500939346,0.123125493910184
23052,0.116343618008243,0.662622340677671,0.16059315308962,0.0604408882244661
23053,0.501046973152203,0.12280369230683,0.225293001836354,0.150856332704613
23054,0.345893746977693,0.139186591909017,0.403706157826737,0.111213503286554
23055,0.640955414314294,0.188569428629095,0.0912234313011453,0.0792517257554656
23056,0.225161748303769,0.233896792884967,0.252886363752928,0.288055095058336
23057,0.22661467757247,0.537256663431626,0.0712064398781843,0.16492221911772
23058,0.0888637604809831,0.481474683979135,0.323813366569117,0.105848188970765
23059,0.451170654960689,0.163851148970941,0.174659722309295,0.210318473759074
23060,0.475453739052864,0.187395197684626,0.0899350493109525,0.247216013951558
23061,0.505169929778305,0.142598098758809,0.262660732204757,0.0895712392581279
23062,0.238263275881129,0.295472509336636,0.134130074420771,0.332134140361464
23063,0.118513400570198,0.0921688590923092,0.686355666107943,0.102962074229549
23064,0.190941093465088,0.083756019425946,0.562121443425065,0.163181443683901
23065,0.163566163619532,0.313585613874079,0.352489524785257,0.170358697721132
23066,0.115812609290741,0.658087124182319,0.0593704984196185,0.166729768107322
23067,0.183889797897652,0.15901608535117,0.301652046944697,0.355442069806481
23068,0.650148333510379,0.202317807467684,0.0368802769678244,0.110653582054113
23069,0.0868506576988032,0.427876626773563,0.240366039972377,0.244906675555256
23070,0.235433159482279,0.3304897115789,0.108246325285287,0.325830803653535
23071,0.0612614225121464,0.518305453720537,0.242796794475145,0.177636329292171
23072,0.207495374256206,0.151855024172412,0.423912728099176,0.216736873472206
23073,0.156739988241799,0.0826318643446287,0.452830555859586,0.307797591553986
23074,0.438893340414229,0.152066485392106,0.115030685124611,0.294009489069054
23075,0.321155859724327,0.228467251397411,0.198598878250893,0.251778010627369
23076,0.46312916311916,0.0725113149044547,0.100987935065162,0.363371586911223
23077,0.744201375875699,0.0599596231828971,0.0693327264017502,0.126506274539654
23078,0.0951931898969341,0.203595578120131,0.509933399093376,0.191277832889559
23079,0.469917935613226,0.133333649171555,0.218298308601302,0.178450106613917
23080,0.324172110158265,0.308107323494021,0.128038739591449,0.239681826756265
23081,0.0653249821276296,0.111528977957128,0.613833835325341,0.209312204589902
23082,0.195212901882119,0.652842813137247,0.0410370636134588,0.110907221367175
23083,0.164672198980992,0.306122814961202,0.248387909642709,0.280817076415097
23084,0.0673579147061358,0.221794725896767,0.534138785545128,0.176708573851969
23085,0.0883203447512751,0.0555000365948885,0.0863644572904863,0.76981516136335
23086,0.379524221338619,0.300012192531788,0.189178134966664,0.131285451162929
23087,0.35298209961012,0.235771410155993,0.32293873027249,0.0883077599613967
23088,0.447000089681848,0.195890873245606,0.290129897257777,0.0669791398147689
23089,0.506237186220643,0.298738664980887,0.143832449252482,0.0511916995459877
23090,0.0941833929921704,0.172693309163401,0.562500760654909,0.17062253718952
23091,0.32964356776347,0.283974530072224,0.271097789352861,0.115284112811445
23092,0.313462862560289,0.192177095970877,0.353941478881132,0.140418562587703
23093,0.453758202782399,0.176727210304371,0.184571547490842,0.184943039422387
23094,0.630644672251463,0.153555942599055,0.156054470439598,0.0597449147098843
23095,0.338725675039457,0.268277791822784,0.154376724745074,0.238619808392686
23096,0.321637018650614,0.229872084166646,0.289355567594255,0.159135329588485
23097,0.682237773597567,0.0853579776669879,0.175896891527318,0.0565073572081268
23098,0.380711108934339,0.177578240789889,0.28707632905235,0.154634321223422
23099,0.428575350799833,0.22823467847697,0.228581209257356,0.11460876146584
23100,0.1877095665596,0.148921625976231,0.60960512786623,0.0537636795979392
23101,0.163260172959347,0.538250302103972,0.136827145602225,0.161662379334456
23102,0.309423510526491,0.189221849037201,0.321410414364807,0.179944226071502
23103,0.196623226138583,0.459838780765107,0.251735978348836,0.0918020147474748
23104,0.171085663939885,0.351446355403499,0.252684008355953,0.224783972300663
23105,0.16822215904265,0.282989616056998,0.358514838451424,0.190273386448929
23106,0.275174738311043,0.263402586812107,0.242299968685432,0.219122706191418
23107,0.162804445271086,0.155971504022747,0.555757359037148,0.12546669166902
23108,0.220453051791517,0.25261833835574,0.229028054734686,0.297900555118057
23109,0.12712743301448,0.361054013947281,0.361265087076262,0.150553465961976
23110,0.434033998670676,0.101531034372355,0.303389963825387,0.161045003131582
23111,0.137192412829271,0.430837133205288,0.292470372015812,0.13950008194963
23112,0.178555915473586,0.141579017687078,0.585681576530347,0.0941834903089895
23113,0.208924226784394,0.335351345166603,0.235325646158745,0.220398781890259
23114,0.12114624633987,0.2435629290239,0.480759718578805,0.154531106057425
23115,0.146798912023387,0.286219969146683,0.289542423616764,0.277438695213166
23116,0.139938780603797,0.615159326661058,0.0493056574758971,0.195596235259248
23117,0.177766652256919,0.126055444948981,0.515811743391588,0.180366159402512
23118,0.0641242357683016,0.105339111152863,0.483580620845561,0.346956032233275
23119,0.0511296710071102,0.367562108465143,0.135464428864097,0.445843791663649
23120,0.436377356740111,0.214691703587237,0.0744308333479702,0.274500106324682
23121,0.249756743387828,0.324161655692539,0.112594265878163,0.31348733504147
23122,0.268880084155706,0.170010226313365,0.186294846504026,0.374814843026903
23123,0.0525139165392347,0.487604183451201,0.15924596645203,0.300635933557534
23124,0.313755451517894,0.262855551560879,0.335974929664941,0.087414067256287
23125,0.358289768361197,0.19311046030885,0.374559910869804,0.0740398604601482
23126,0.364806594394533,0.243625689846779,0.205935868784414,0.185631846974274
23127,0.214353336537313,0.463382810531698,0.248552343887862,0.0737115090431264
23128,0.322484238261516,0.41458370021065,0.182995860824538,0.0799362007032956
23129,0.382808959481613,0.346509003649321,0.145194456422783,0.125487580446283
23130,0.158416931844986,0.377400432563878,0.337980687529632,0.126201948061504
23131,0.367970993195494,0.270154831971304,0.276648778686816,0.0852253961463856
23132,0.201091883964581,0.470306490809333,0.247046811956223,0.0815548132698635
23133,0.198570474210586,0.178023434232409,0.500424948836112,0.122981142720894
23134,0.276523578915602,0.233230662236117,0.353242682529516,0.137003076318765
23135,0.146654920890713,0.42726694196393,0.305633249981966,0.120444887163392
23136,0.170261118971873,0.236867187335508,0.429180052003945,0.163691641688675
23137,0.214546489548788,0.393923692971281,0.218380318001133,0.173149499478797
23138,0.257637847449997,0.180844667576367,0.435305946115212,0.126211538858424
23139,0.339541610195851,0.274415981339964,0.223092899282333,0.162949509181853
23140,0.340908957121582,0.346984824102249,0.198569705530727,0.113536513245442
23141,0.173092816474566,0.49641449964484,0.194761665572012,0.135731018308583
23142,0.26032912584466,0.184686936058602,0.370450146321281,0.184533791775457
23143,0.266712999783408,0.207039052738191,0.463302533416808,0.0629454140615929
23144,0.168375958078347,0.361349252993236,0.386101770349102,0.0841730185793155
23145,0.200885051552052,0.43804293863186,0.237814891745239,0.123257118070849
23146,0.187628293049739,0.525906878697795,0.244872947906994,0.0415918803454714
23147,0.256504061809684,0.202685638466346,0.385888240478956,0.154922059245014
23148,0.24390655404507,0.50683656554291,0.157435845125735,0.0918210352862846
23149,0.379117935771747,0.415150078459331,0.0924947828455414,0.11323720292338
23150,0.218746348794302,0.488296860609363,0.15088581992253,0.142070970673805
23151,0.300966435440741,0.144531420680983,0.482279826489174,0.0722223173891022
23152,0.283838170906363,0.12005742271734,0.52334900353793,0.072755402838367
23153,0.408353836045951,0.229329534626187,0.234204297582322,0.128112331745541
23154,0.253923277159716,0.258157430028724,0.327110366176706,0.160808926634855
23155,0.54174064392685,0.229404271629548,0.128719252939169,0.100135831504433
23156,0.534967686618105,0.151194673893577,0.193480352574227,0.120357286914091
23157,0.122981783306711,0.650932117145276,0.131504212828472,0.0945818867195408
23158,0.553210330957046,0.156627933060667,0.189264518585454,0.100897217396833
23159,0.323311090143905,0.250813686117571,0.306315657245002,0.119559566493523
23160,0.0998330558929202,0.191230785218291,0.473380320306478,0.235555838582311
23161,0.382034917057131,0.293116477801629,0.231437560418139,0.0934110447231014
23162,0.233758199479527,0.251391362731334,0.0721706881045474,0.442679749684592
23163,0.0783203405580613,0.819271834794727,0.0275393965858933,0.0748684280613183
23164,0.187954198038245,0.578456671078835,0.116318185589022,0.117270945293898
23165,0.0338409375899639,0.18095216721254,0.382176270077452,0.403030625120044
23166,0.564042535527897,0.137482817647265,0.0705748308379583,0.227899815986879
23167,0.342867526070688,0.133869794028994,0.22367204718991,0.299590632710407
23168,0.19671646131194,0.0420334443047305,0.246651193659793,0.514598900723537
23169,0.176955491237705,0.269150755807988,0.437086087159682,0.116807665794624
23170,0.10326563921089,0.0791523200969387,0.19475104372984,0.622830996962332
23171,0.211118583157492,0.151102999314808,0.297032367113635,0.340746050414065
23172,0.221016759129053,0.540175772053752,0.103913890715742,0.134893578101453
23173,0.0433956739565085,0.0672761092397072,0.313104481554549,0.576223735249235
23174,0.826119026112474,0.0671822420928983,0.0164513017984875,0.0902474299961401
23175,0.380612356851674,0.0997710188906402,0.181868873239921,0.337747751017764
23176,0.0288948379560678,0.628701259135317,0.0771545088880311,0.265249394020584
23177,0.378585455847015,0.153373391571569,0.405261922837331,0.062779229744085
23178,0.130754484103195,0.511870919611566,0.211829455866057,0.145545140419181
23179,0.126933176208148,0.631211216719635,0.0552389085816709,0.186616698490546
23180,0.0234064812936962,0.167167837700008,0.638834944894043,0.170590736112253
23181,0.243147654608734,0.46223675447027,0.172722888627723,0.121892702293273
23182,0.43420195772751,0.342773978711032,0.136540110759236,0.0864839528022223
23183,0.168915132370982,0.471863590095657,0.180256163390273,0.178965114143089
23184,0.27076900846651,0.30551861455837,0.280753194130599,0.142959182844521
23185,0.377604714125473,0.160285665128425,0.238461342286386,0.223648278459716
23186,0.377924284790436,0.2866746045881,0.11820044024932,0.217200670372143
23187,0.15897091435484,0.211947921312262,0.505026362072502,0.124054802260396
23188,0.392461506881709,0.417350504824401,0.104622377940502,0.0855656103533877
23189,0.180240387018836,0.20451709410305,0.236229575131041,0.379012943747073
23190,0.214207146371911,0.221860607067342,0.389158371108279,0.174773875452467
23191,0.268170824457078,0.450942501477477,0.137670154784536,0.143216519280909
23192,0.295103165687654,0.394933419443265,0.0776314694744107,0.23233194539467
23193,0.313150717470312,0.28551213422782,0.107547748444892,0.293789399856976
23194,0.466168209211924,0.326370318111449,0.0884509598752977,0.119010512801329
23195,0.46115607121329,0.197090514184995,0.224114097352215,0.1176393172495
23196,0.233246299786705,0.433815599043799,0.16825202109322,0.164686080076276
23197,0.392874332863214,0.0972247048598243,0.274197991099875,0.235702971177087
23198,0.386141702914795,0.123252504312674,0.264035328161139,0.226570464611392
23199,0.609789336732663,0.156537017051151,0.0744968696320697,0.159176776584116
23200,0.282585516736461,0.171409187696271,0.45744091362732,0.0885643819399483
23201,0.387925835849557,0.213356324330121,0.29221263317516,0.106505206645162
23202,0.212590420775049,0.230078039158805,0.442576186813668,0.114755353252478
23203,0.074665560944108,0.654930214708395,0.181259670583865,0.0891445537636325
23204,0.224072813767887,0.411042403010556,0.16239432807756,0.202490455143997
23205,0.220594857996416,0.155041791152366,0.393235167539859,0.231128183311359
23206,0.350368352644137,0.34194098353335,0.0637718144727889,0.243918849349724
23207,0.370267794747842,0.183828109162945,0.327269366302405,0.118634729786809
23208,0.257407963689023,0.138234962145235,0.33694068878013,0.267416385385613
23209,0.288536047243508,0.427545076149261,0.132688818732094,0.151230057875137
23210,0.667339374808762,0.123757490191921,0.103858038338654,0.105045096660664
23211,0.365428274898542,0.369580056994841,0.105848651559333,0.159143016547283
23212,0.0914173887483193,0.455892110123445,0.255248227150983,0.197442273977253
23213,0.0947767720092413,0.107952935911793,0.514757284533407,0.282513007545559
23214,0.693404406384781,0.0428519046871668,0.194632996946096,0.0691106919819563
23215,0.467829758334558,0.0737894113430648,0.203304389474072,0.255076440848305
23216,0.317564298034153,0.141149922216399,0.259996965736804,0.281288814012643
23217,0.0836685946932555,0.585386185373191,0.0994978390893538,0.2314473808442
23218,0.156155817218635,0.24876055205458,0.335282421270806,0.259801209455979
23219,0.263033282594361,0.086957806863648,0.0604121934815827,0.589596717060409
23220,0.544199204499054,0.208420751426863,0.0776413945933683,0.169738649480715
23221,0.797135653691456,0.0290581486176202,0.0251562196401422,0.148649978050782
23222,0.0995350193521634,0.117759999583198,0.491516571531042,0.291188409533597
23223,0.131461024991899,0.395306582268031,0.090395076783966,0.382837315956104
23224,0.0495332626547672,0.271459080826607,0.205779189211628,0.473228467306998
23225,0.242220684779562,0.519297495724079,0.0301491253357887,0.20833269416057
23226,0.0808675988199677,0.122590296268693,0.27485122084487,0.52169088406647
23227,0.617560890834917,0.128924241441375,0.0566876467605693,0.196827220963138
23228,0.046833392675067,0.0508250376871882,0.0927214378746575,0.809620131763087
23229,0.121225348071198,0.137027995972759,0.356232351466713,0.385514304489331
23230,0.0783740561561247,0.284569505801471,0.0362964671469718,0.600759970895432
23231,0.0369573714602718,0.254145948231262,0.0917525744886342,0.617144105819832
23232,0.240127253597319,0.277018998441692,0.108713268894243,0.374140479066745
23233,0.0888441986697159,0.0849779007566441,0.267070196511249,0.559107704062391
23234,0.133426372872436,0.0330007689834735,0.0680896837600385,0.765483174384052
23235,0.102650995486059,0.0260741213844745,0.408376293528577,0.462898589600889
23236,0.478675787472486,0.0243658293655763,0.259414323726229,0.237544059435708
23237,0.0294579647619891,0.142225312793325,0.368432807485462,0.459883914959224
23238,0.125781675082508,0.270518560526438,0.315426577384113,0.288273187006941
23239,0.251599505879562,0.529261522403205,0.055398425130257,0.163740546586976
23240,0.146978315979429,0.637362233044342,0.0728602623816868,0.142799188594541
23241,0.493719893475462,0.114939072236404,0.182488843314899,0.208852190973236
23242,0.69461659565881,0.141243135806864,0.0497628115213533,0.114377457012972
23243,0.335603621545482,0.0599306372390493,0.373891052116762,0.230574689098707
23244,0.159359855011073,0.552235869262391,0.13103781068572,0.157366465040817
23245,0.624858406166795,0.0332420796436929,0.164128204470443,0.17777130971907
23246,0.399337803735029,0.277112982190947,0.103352677091245,0.220196536982779
23247,0.117238234926478,0.095486335851397,0.360150900897185,0.42712452832494
23248,0.0985619183778911,0.526909333451186,0.212061164546466,0.162467583624457
23249,0.322849029955934,0.283903596045269,0.180599747778822,0.212647626219975
23250,0.219693792401023,0.0813832448059174,0.597323734428185,0.101599228364875
23251,0.0790634072281174,0.721250790186733,0.0670026991251218,0.132683103460028
23252,0.140623856992142,0.292014241266887,0.270596181741719,0.296765719999252
23253,0.0467096943017913,0.179487546321177,0.681861520371833,0.0919412390051981
23254,0.599616874345917,0.0725249727437898,0.240696684532697,0.0871614683775954
23255,0.413321837975928,0.235593212793992,0.0340204048029971,0.317064544427083
23256,0.717045431597625,0.0239495968969306,0.122966692794679,0.136038278710766
23257,0.263649821873404,0.540277804619897,0.0522993879713452,0.143772985535354
23258,0.589552984615119,0.109519316271597,0.176896282873548,0.124031416239736
23259,0.0903075041459295,0.270769646488921,0.362576624656012,0.276346224709137
23260,0.245320777839946,0.0738121265531284,0.536811908263365,0.144055187343561
23261,0.147110234424333,0.49509612193856,0.146906382752666,0.210887260884442
23262,0.491790921104215,0.139678441898676,0.2046565898176,0.16387404717951
23263,0.46787933548197,0.209793790533369,0.204618639619735,0.117708234364925
23264,0.0617699798939938,0.438385698669806,0.328420995445935,0.171423325990265
23265,0.586893104479396,0.161377427335116,0.122922575171131,0.128806893014358
23266,0.289537018457744,0.144594845073001,0.230722632896679,0.335145503572577
23267,0.227843506221682,0.223631229163149,0.374631090886051,0.173894173729117
23268,0.251217122181374,0.185707478589974,0.0945461196241108,0.468529279604541
23269,0.272905006746318,0.449357523681667,0.0531360482065042,0.224601421365511
23270,0.156763357534879,0.203119025754347,0.528623017271582,0.111494599439192
23271,0.399275277640679,0.0899880070889657,0.0938905840127377,0.416846131257618
23272,0.130792898909891,0.216113557231398,0.495413137269123,0.157680406589589
23273,0.137913435884282,0.535172970680684,0.100826992415307,0.226086601019726
23274,0.428049593183057,0.150247200046711,0.124194994846546,0.297508211923685
23275,0.117594281618892,0.238063543003821,0.313722697101596,0.330619478275692
23276,0.270148286477129,0.432324393623957,0.172175711875484,0.125351608023431
23277,0.392274176711447,0.364771765757319,0.117678654252895,0.125275403278338
23278,0.182660537548809,0.218916713933015,0.348432683291712,0.249990065226463
23279,0.337732338899993,0.416294698724016,0.11097491569485,0.134998046681141
23280,0.320970256433312,0.220027845094761,0.268268021470122,0.190733877001804
23281,0.119156353935306,0.566293225334312,0.179508609013367,0.135041811717015
23282,0.244484104327357,0.467703092973831,0.150556364017554,0.137256438681257
23283,0.203172006670134,0.386409772058945,0.257605965872531,0.15281225539839
23284,0.156539114658084,0.412709594627007,0.241927144924725,0.188824145790185
23285,0.400979360523788,0.20827093762304,0.20237901439933,0.188370687453842
23286,0.207558964907232,0.145179353939431,0.461119540388775,0.186142140764563
23287,0.161722008693481,0.274303338980422,0.300103830598551,0.263870821727547
23288,0.607113517984686,0.129628107847732,0.158752544729996,0.104505829437586
23289,0.185972778432496,0.553204025070453,0.16416898093678,0.0966542155602711
23290,0.238331821119541,0.446013766691215,0.11507847282287,0.200575939366374
23291,0.402947006500807,0.16525631644079,0.181960421551703,0.2498362555067
23292,0.178479851305199,0.186767041077611,0.493308242367677,0.141444865249514
23293,0.570412290602098,0.23132241239577,0.0824940555831499,0.115771241418982
23294,0.200055772556566,0.237383144441358,0.226420799146281,0.336140283855795
23295,0.363868532690327,0.0150775452535715,0.495763961006517,0.125289961049584
23296,0.164734032252212,0.165656123645043,0.564670488975932,0.104939355126812
23297,0.10116051132584,0.0665265267376459,0.549010411332872,0.283302550603642
23298,0.3688959750819,0.0594071450070363,0.355418802383603,0.216278077527461
23299,0.431989338613189,0.155814123554195,0.0828513505163042,0.329345187316312
23300,0.481810381596258,0.172581967455393,0.239247633787652,0.106360017160698
23301,0.430916536633531,0.0850214651043761,0.114008533311082,0.370053464951011
23302,0.211147506565122,0.163458815484837,0.53155334100497,0.0938403369450712
23303,0.173051989098774,0.164523167666807,0.429641312636048,0.232783530598371
23304,0.0451918621174495,0.416189181745738,0.0777214995311131,0.4608974566057
23305,0.375310816893711,0.0454937232708976,0.0570657189574995,0.522129740877892
23306,0.335612709097867,0.436527815590796,0.0836920757388101,0.144167399572527
23307,0.142709933574399,0.342927359132344,0.167943910833131,0.346418796460126
23308,0.235341825969354,0.035108155861463,0.596739711026482,0.1328103071427
23309,0.118214850130538,0.0931933522452976,0.042565602038529,0.746026195585636
23310,0.123757856156831,0.050762801298736,0.607781128356834,0.217698214187599
23311,0.12385525084124,0.0465818492871593,0.249735583726098,0.579827316145503
23312,0.315752957650785,0.0778161753855505,0.509375900045807,0.0970549669178581
23313,0.0747468091707356,0.267242695772619,0.330128855577107,0.327881639479539
23314,0.443580698526275,0.131012147515572,0.18262012139249,0.242787032565663
23315,0.424498520644825,0.14920681412983,0.339584523334758,0.0867101418905872
23316,0.369809632543161,0.155005918963036,0.26074404511722,0.214440403376583
23317,0.320960266562056,0.234223521929545,0.188214439222605,0.256601772285794
23318,0.222094931238254,0.184909952665405,0.350416874925445,0.242578241170896
23319,0.382974237944691,0.22205599561378,0.0684531638571547,0.326516602584375
23320,0.231853476045382,0.1378739058172,0.282250558755353,0.348022059382065
23321,0.652817775272023,0.022474224991411,0.233953872274166,0.0907541274623995
23322,0.24232106125923,0.160398554946422,0.373171021889423,0.224109361904924
23323,0.344132850298239,0.349327394832058,0.0870903431454025,0.219449411724301
23324,0.548748893315605,0.122941756485724,0.151761138638718,0.176548211559954
23325,0.138056606258042,0.369441933992866,0.32323471342257,0.169266746326522
23326,0.105656425523137,0.193189904162951,0.113177665882133,0.58797600443178
23327,0.148639415020826,0.0600120365738011,0.660148164688129,0.131200383717244
23328,0.0449418137758865,0.534092006150208,0.083243539764351,0.337722640309554
23329,0.25893200017714,0.0897555137954633,0.246662478475575,0.404650007551822
23330,0.225546966330943,0.0754276265224375,0.527870099426307,0.171155307720313
23331,0.120519128519634,0.733674096228601,0.043303311341018,0.102503463910747
23332,0.114426287520691,0.219735282149166,0.54887771290771,0.116960717422432
23333,0.479538216771606,0.146129861049088,0.259456383694328,0.114875538484978
23334,0.400345164347395,0.198304985220222,0.17410391281627,0.227245937616113
23335,0.402305978846733,0.338988922490891,0.149001017273049,0.109704081389327
23336,0.102889442378552,0.380314288051421,0.311443629076096,0.205352640493931
23337,0.584013466981044,0.110044136096315,0.225174302399807,0.0807680945228348
23338,0.127521787696824,0.165907811341776,0.604625324892538,0.101945076068862
23339,0.17813996868297,0.0819213228251578,0.551965201239357,0.187973507252515
23340,0.162019800364384,0.0922436698011187,0.501841350396059,0.243895179438438
23341,0.136691022701793,0.0631951570995374,0.692066917015551,0.108046903183119
23342,0.363754207328972,0.169421392117065,0.289613470456398,0.177210930097565
23343,0.166349617495294,0.534010747219884,0.112311664036615,0.187327971248208
23344,0.342205682934012,0.16439684271179,0.225834820094429,0.267562654259769
23345,0.131692747417641,0.207961208614516,0.293196121878271,0.367149922089573
23346,0.210077284437076,0.495463282491943,0.101284891268498,0.193174541802484
23347,0.340127988930936,0.265481410715582,0.185798991533057,0.208591608820424
23348,0.123960276421372,0.27066166294686,0.344185457038794,0.261192603592973
23349,0.239477622997676,0.315197363876355,0.352585020416576,0.0927399927093926
23350,0.188392029822354,0.59392860235339,0.0501832025229269,0.167496165301328
23351,0.152914548429602,0.187779662612809,0.392493241350371,0.266812547607218
23352,0.165102465872332,0.280831244925882,0.38550294620309,0.168563342998696
23353,0.110368494447401,0.400226283490644,0.249515882982274,0.239889339079681
23354,0.116319062515975,0.565543118688576,0.159166033450931,0.158971785344518
23355,0.240004294453698,0.447130157760832,0.109359542183732,0.203506005601737
23356,0.271826329613855,0.137778592038794,0.437733951658119,0.152661126689232
23357,0.155852408311259,0.49105174332796,0.12017244241393,0.23292340594685
23358,0.197341935658374,0.168392912814796,0.345247261187839,0.289017890338992
23359,0.245004716142826,0.171202387921503,0.386294765664603,0.197498130271069
23360,0.435404779434161,0.324469183488143,0.131116797294726,0.10900923978297
23361,0.101658111951841,0.149518480034779,0.526363898029393,0.222459509983987
23362,0.163886362785388,0.294489702724856,0.261462179839269,0.280161754650487
23363,0.192834101679934,0.369602133953164,0.243873897652136,0.193689866714765
23364,0.125442946402152,0.208182839156106,0.31766951971067,0.348704694731072
23365,0.329899937364704,0.235826465028212,0.253412440697369,0.180861156909715
23366,0.184497432839431,0.0588809971411232,0.516943906967934,0.239677663051513
23367,0.147973482135088,0.159167034745483,0.529663124875458,0.163196358243971
23368,0.0821115078882468,0.305730511150109,0.404203039446625,0.207954941515019
23369,0.354985150145839,0.238343414010942,0.191944381701594,0.214727054141625
23370,0.135980015326824,0.110751518230214,0.523442119623784,0.229826346819178
23371,0.695043984717353,0.0508431586342311,0.107777960197198,0.146334896451218
23372,0.403234379508391,0.148352676758826,0.0710056724075511,0.377407271325232
23373,0.124870814149643,0.24311079061641,0.446195111277397,0.185823283956549
23374,0.0606883293753401,0.233353493037404,0.590871970919021,0.115086206668235
23375,0.226321012318707,0.333192152277432,0.303947752312541,0.13653908309132
23376,0.236277926092511,0.226276808647631,0.396831167975835,0.140614097284023
23377,0.125582779575568,0.207429538759187,0.536766222860563,0.130221458804682
23378,0.566198566491199,0.0818621969227512,0.190726419970997,0.161212816615053
23379,0.175873437970859,0.111859872886594,0.357926267018385,0.354340422124162
23380,0.252581967088931,0.294178377764795,0.214761336336584,0.23847831880969
23381,0.132335491620035,0.356168015932027,0.236630699092468,0.27486579335547
23382,0.139642178019247,0.0648311137021565,0.398835834415901,0.396690873862696
23383,0.0823628985131108,0.549702826595766,0.112279203374771,0.255655071516352
23384,0.669062886525785,0.0656670103745506,0.112824174910103,0.152445928189562
23385,0.230604482097465,0.373464648195377,0.276101573707715,0.119829295999443
23386,0.189093349776872,0.479481693447655,0.034747789235559,0.296677167539914
23387,0.277588090806071,0.196111464120564,0.0723120547099267,0.453988390363438
23388,0.109979348658056,0.204552990789113,0.361970553153521,0.32349710739931
23389,0.0544679336026556,0.0651447079821751,0.392036402966248,0.488350955448922
23390,0.327935472271365,0.420446629556039,0.21047838328797,0.0411395148846263
23391,0.292823281001577,0.363083250006092,0.31036310410187,0.0337303648904612
23392,0.33984170047976,0.274465522877857,0.362713719674695,0.022979056967688
23393,0.110986111085066,0.611409547251947,0.260647767358301,0.0169565743046856
23394,0.321200681441091,0.419234495913841,0.237932278496635,0.0216325441484331
23395,0.194506212675911,0.285777951662637,0.486452259197957,0.033263576463495
23396,0.536903269418564,0.246159741234097,0.178836688107154,0.0381003012401855
23397,0.494675139131759,0.294434420456401,0.171737050736597,0.0391533896752436
23398,0.184569416413275,0.694401852630219,0.103791065878655,0.0172376650778511
23399,0.137250788115717,0.642861640486367,0.182513956755244,0.0373736146426719
23400,0.528358907223948,0.143899794353101,0.288263055198596,0.0394782432243545
23401,0.466502385807053,0.302586025468843,0.193301908856091,0.0376096798680123
23402,0.115268328185035,0.556255750943174,0.315284838469738,0.0131910824020539
23403,0.291292754400294,0.233409428572837,0.434242301950174,0.0410555150766958
23404,0.144371692065573,0.544458967356509,0.290335118253119,0.0208342223247986
23405,0.0974898906890345,0.541095147261019,0.319886334889501,0.0415286271604453
23406,0.579204258053692,0.267077562770226,0.135986612712652,0.0177315664634305
23407,0.467483903158165,0.251898882302809,0.218792975836118,0.0618242387029088
23408,0.47486816904508,0.291599418386524,0.197226000089304,0.0363064124790919
23409,0.338336724842437,0.309915807765067,0.224085506843945,0.12766196054855
23410,0.222740478521604,0.384562860933531,0.214560201518133,0.178136459026733
23411,0.202372574848761,0.366241557050472,0.271466086356554,0.159919781744213
23412,0.147802943986384,0.545630818449314,0.149270452767069,0.157295784797234
23413,0.263187947522245,0.248425237800245,0.328129384543597,0.160257430133913
23414,0.348639023847022,0.339820516295208,0.160349227324831,0.15119123253294
23415,0.22244074295381,0.463528184121296,0.203312146226929,0.110718926697965
23416,0.164311007344762,0.581724860669579,0.128390827359748,0.125573304625911
23417,0.423802276984416,0.190285418023665,0.220027742262851,0.165884562729069
23418,0.134397971630513,0.224192385751155,0.271026392773291,0.37038324984504
23419,0.161063853300967,0.365697927843268,0.192736140543738,0.280502078312027
23420,0.281006189794185,0.145666332071648,0.431574698590086,0.141752779544082
23421,0.381374776956548,0.297231402871967,0.109385284513429,0.212008535658056
23422,0.229048895026798,0.147584070047069,0.407107266680458,0.216259768245676
23423,0.359013701105325,0.120139513363573,0.40004988540959,0.120796900121512
23424,0.305975455620379,0.159716674360701,0.243313816539554,0.290994053479366
23425,0.332979147368477,0.353025318397117,0.112452940107508,0.201542594126899
23426,0.173717002788214,0.490537724728905,0.137592650138423,0.198152622344458
23427,0.346899854590177,0.0643514142152852,0.500266015363499,0.0884827158310387
23428,0.392085026272962,0.244726917149142,0.280459537282322,0.0827285192955741
23429,0.351620622679521,0.413329849785923,0.178334644238803,0.0567148832957536
23430,0.360256516828627,0.275242101601018,0.286100085014593,0.0784012965557623
23431,0.22348094865032,0.407536519447943,0.303894514888989,0.0650880170127475
23432,0.28981295807231,0.287710491181345,0.297787138589816,0.124689412156529
23433,0.441985574689065,0.288478965268519,0.186209606851003,0.0833258531914135
23434,0.217523048409712,0.291377688332273,0.396537017776386,0.0945622454816284
23435,0.326742875420662,0.208327156790107,0.326966157490811,0.13796381029842
23436,0.282036216211155,0.362746903429322,0.217308532874643,0.137908347484881
23437,0.269193401610557,0.357743181375992,0.275384534253042,0.0976788827604094
23438,0.149664557697455,0.162842018876169,0.608967762645802,0.0785256607805732
23439,0.265080080866485,0.353321587919773,0.253625390825164,0.127972940388578
23440,0.453381494988894,0.202305577642588,0.259625430989722,0.0846874963787964
23441,0.133203729278379,0.169920190984621,0.490101294778742,0.206774784958259
23442,0.316949972321902,0.291009256813134,0.300178728541394,0.0918620423235702
23443,0.358028630330733,0.225169074049006,0.297784151988504,0.119018143631758
23444,0.16021034512208,0.310941068315481,0.482431642236508,0.0464169443259312
23445,0.147252415857262,0.173110377917978,0.614042316032434,0.0655948901923255
23446,0.512762352119972,0.182101859740323,0.199776609241895,0.105359178897811
23447,0.259897803204511,0.149670418756781,0.411325075443915,0.179106702594793
23448,0.196002909148856,0.359877501653945,0.12834623078156,0.315773358415638
23449,0.476757988033067,0.10756258561549,0.212342255366837,0.203337170984606
23450,0.0958020966717257,0.191842140482304,0.411276090959157,0.301079671886813
23451,0.157696739002964,0.26718549274132,0.359108477388663,0.216009290867053
23452,0.0837192508448861,0.585893304474679,0.0839925133206039,0.246394931359831
23453,0.439359148312423,0.147037536969129,0.236503689396175,0.177099625322273
23454,0.189308747322483,0.149751203267316,0.0695160533600444,0.591423996050157
23455,0.329768993232104,0.105586079568913,0.115044633560321,0.449600293638662
23456,0.131688610993152,0.595177597452958,0.0576284507867817,0.215505340767109
23457,0.128634372012868,0.0666890185792859,0.295621142397183,0.509055467010664
23458,0.0354663410204845,0.447867255307084,0.273232309250315,0.243434094422117
23459,0.246347494110219,0.441679609274482,0.0702470270771315,0.241725869538168
23460,0.153055896301647,0.649600990268671,0.0636462505311359,0.133696862898546
23461,0.0291409432733898,0.236327714374194,0.469363833576461,0.265167508775955
23462,0.590142466219035,0.18537117790938,0.064838535883853,0.159647819987732
23463,0.0660277100420031,0.128359008098183,0.47964625439795,0.325967027461864
23464,0.0908528816423844,0.0352187619740657,0.585014539719681,0.288913816663869
23465,0.285790105362318,0.346646122522643,0.104666282761087,0.262897489353952
23466,0.32315526080886,0.131749047216975,0.174731446757355,0.37036424521681
23467,0.0623325647288842,0.649846765811293,0.107470305941556,0.180350363518267
23468,0.471929551496408,0.12359908463065,0.117321085677791,0.287150278195151
23469,0.121364419381825,0.0632523617821712,0.740084441532613,0.0752987773033905
23470,0.547561331516772,0.187140479060479,0.155717948074135,0.109580241348614
23471,0.0728296687953799,0.234026906094258,0.564223701859302,0.12891972325106
23472,0.271884596845464,0.305158232454717,0.26975250411386,0.153204666585958
23473,0.184889131669794,0.100596894075935,0.504424702599948,0.210089271654323
23474,0.259686106843304,0.130557148307469,0.326883810169619,0.282872934679608
23475,0.109864446258904,0.553104381405624,0.0873461512816574,0.249685021053815
23476,0.181082598797091,0.603008324921701,0.0916139826303381,0.12429509365087
23477,0.429838357495955,0.089758879254713,0.283247058541834,0.197155704707498
23478,0.231463953046607,0.424721927011813,0.158921202100641,0.184892917840939
23479,0.0476454396197019,0.157638276392384,0.286473836061121,0.508242447926793
23480,0.0489530640247911,0.534087588846722,0.285078787549187,0.131880559579299
23481,0.248736111649678,0.566670690614829,0.0833698159260318,0.101223381809461
23482,0.761070030248182,0.038446935319154,0.084782412943736,0.115700621488928
23483,0.111349362838127,0.290436723416376,0.255074502771038,0.343139410974459
23484,0.0380622816243885,0.21862497629327,0.676753310855889,0.0665594312264529
23485,0.24622910794391,0.414383486217772,0.0923829198634561,0.247004485974863
23486,0.0673885107995849,0.341544970424331,0.285796023687729,0.305270495088355
23487,0.242309928335277,0.402514706688232,0.0757581977553581,0.279417167221133
23488,0.184381165935906,0.474759111539045,0.108976970026274,0.231882752498776
23489,0.279156120072987,0.0830612371138909,0.231922698838082,0.40585994397504
23490,0.166101435551802,0.0601642698774684,0.2838256446589,0.48990864991183
23491,0.0750717462446482,0.18450645254692,0.336342198461005,0.404079602747427
23492,0.091852796338376,0.348579595324795,0.281484298161177,0.278083310175652
23493,0.0740695152011185,0.121882799629348,0.133972059368803,0.670075625800731
23494,0.143889438127555,0.512269344070813,0.0819146140274337,0.261926603774198
23495,0.0901554491547183,0.690120810279175,0.0605676310822774,0.159156109483829
23496,0.103401671371271,0.478069725350814,0.0418799013505054,0.37664870192741
23497,0.109043414873362,0.563365017480882,0.115904571376641,0.211686996269115
23498,0.184595079286413,0.0640592621925434,0.374701821629848,0.376643836891195
23499,0.047213598631083,0.0827080083770957,0.280392322795416,0.589686070196406
23500,0.0487747115036781,0.165135462458632,0.472218484109418,0.313871341928271
23501,0.480073061813916,0.0522201568794448,0.195080867412455,0.272625913894185
23502,0.134756975212054,0.0604571811590084,0.378850405524407,0.42593543810453
23503,0.51404188847062,0.0810468293090422,0.0717237269481349,0.333187555272203
23504,0.365753804666162,0.242043365603475,0.165051864832915,0.227150964897448
23505,0.116690741154675,0.259822128887644,0.427115439289403,0.196371690668278
23506,0.528774327783184,0.0555352615413111,0.297031642958329,0.118658767717175
23507,0.62572693237874,0.19005447876361,0.094305671349246,0.0899129175084034
23508,0.0680034416896952,0.107750625111479,0.400536534801934,0.423709398396891
23509,0.324365243897631,0.272177153168946,0.128109490946629,0.275348111986794
23510,0.305681363828787,0.0906284843734569,0.256932059137039,0.346758092660717
23511,0.329237717031661,0.0926242907740008,0.0813641115458402,0.496773880648498
23512,0.690130307699019,0.144699203330561,0.0669656505772636,0.0982048383931559
23513,0.13858117998416,0.19357453068377,0.0574767712089475,0.610367518123122
23514,0.281419260586632,0.108341665859178,0.246560661055054,0.363678412499137
23515,0.719597016246309,0.0425331510523526,0.14828554391552,0.0895842887858179
23516,0.28426413580257,0.0964339314811899,0.317436861417724,0.301865071298516
23517,0.529092800192219,0.126909202756038,0.0962911940335829,0.24770680301816
23518,0.105774271763454,0.0454984629363289,0.757203152718503,0.0915241125817144
23519,0.0771939231881199,0.479166373428863,0.0785481763458072,0.36509152703721
23520,0.346614851374233,0.0905180618754023,0.156363740838775,0.40650334591159
23521,0.141064013577704,0.515872650694238,0.185977824898665,0.157085510829393
23522,0.0908626114076703,0.267271447638461,0.174814185693225,0.467051755260643
23523,0.0768394292700775,0.706011698630443,0.105334145967873,0.111814726131607
23524,0.0386995289368839,0.742784015649519,0.0621309276729132,0.156385527740684
23525,0.228706817363517,0.204653141597334,0.10144560356814,0.465194437471009
23526,0.106831067324076,0.222218129502385,0.53251315871939,0.138437644454149
23527,0.121995287759785,0.263598758005489,0.340571214847815,0.273834739386911
23528,0.0483897899749175,0.676573891941508,0.127032195900491,0.148004122183084
23529,0.192093070446368,0.493243594656086,0.0374328223690085,0.277230512528537
23530,0.0819835829027483,0.0564740756273458,0.705913615890668,0.155628725579238
23531,0.470187906388036,0.0520214774536307,0.0495390330426404,0.428251583115693
23532,0.208135145517687,0.141924467763285,0.0751697818452527,0.574770604873776
23533,0.291185202633112,0.132722861083402,0.139698737532352,0.436393198751134
23534,0.160275104454669,0.0688724552020511,0.237784852428009,0.533067587915271
23535,0.0805208567589906,0.0456744788352189,0.11302352099685,0.76078114340894
23536,0.124229724173337,0.0666823932457471,0.249042713330783,0.560045169250133
23537,0.162633511900552,0.231828400872859,0.0353154571177896,0.570222630108799
23538,0.43139400995944,0.102310220644549,0.0189450043331633,0.447350765062848
23539,0.0366616108501357,0.0545463953369749,0.119930961207828,0.788861032605062
23540,0.0476494780482044,0.0280533956827778,0.367129879546348,0.557167246722669
23541,0.0637361609032926,0.272901701071297,0.0399096331480811,0.62345250487733
23542,0.0815459439534633,0.194696060339978,0.50790608230837,0.215851913398188
23543,0.293924387096786,0.318523457532362,0.138060410181569,0.249491745189283
23544,0.060215896177511,0.165201725343107,0.692855481767857,0.081726896711525
23545,0.312334826892752,0.0673426951250307,0.0832788152783667,0.537043662703851
23546,0.0663071806906408,0.0932031090334531,0.716647272988584,0.123842437287322
23547,0.371856919372064,0.432415118714945,0.0272596794301461,0.168468282482845
23548,0.351573058650242,0.100278856140486,0.0637144936130899,0.484433591596182
23549,0.293726508466325,0.104606481007538,0.204193366863618,0.397473643662519
23550,0.0611630677319534,0.285308977815397,0.127947615523123,0.525580338929527
23551,0.506247335634649,0.107065334847044,0.205382389944178,0.181304939574129
23552,0.03527602033223,0.478877731779795,0.448634584250211,0.0372116636377646
23553,0.088842663067406,0.650864045352866,0.12287176545429,0.137421526125438
23554,0.617655572624854,0.181732456850308,0.0934873874898132,0.107124583035024
23555,0.0319511138778378,0.158624795505915,0.70243855819065,0.106985532425597
23556,0.425338305950331,0.134437141095276,0.128229688200144,0.311994864754249
23557,0.0713497155735633,0.0659745505233734,0.588225082651416,0.274450651251648
23558,0.235781552745919,0.147919830449896,0.412626083364614,0.203672533439571
23559,0.195126154713729,0.0746415691583169,0.435560066022831,0.294672210105124
23560,0.0859029625602626,0.079039914653672,0.488377149568307,0.346679973217758
23561,0.485600852956327,0.215906645496058,0.221050060674326,0.0774424408732889
23562,0.486842574329442,0.138198434641657,0.0855906604899543,0.289368330538946
23563,0.136823782333162,0.373881629862589,0.332764486802287,0.156530101001962
23564,0.0768938984232781,0.546190139090383,0.202857854764627,0.174058107721712
23565,0.0910486565620338,0.0792697895436871,0.704779903441402,0.124901650452877
23566,0.416605991612656,0.276113362178307,0.0849601889722982,0.222320457236739
23567,0.18006089069211,0.527039933298427,0.122789485919472,0.17010969008999
23568,0.234484973863082,0.568503737422535,0.0517590720375576,0.145252216676825
23569,0.620808299491323,0.109581364508575,0.150015830369481,0.119594505630621
23570,0.125342365664384,0.718440789748417,0.0588675926400085,0.0973492519471914
23571,0.151550064855396,0.0561978994828269,0.359646150315695,0.432605885346082
23572,0.313508197771502,0.451635957811977,0.0313078970499972,0.203547947366524
23573,0.114069376021785,0.0708191590026261,0.206476508632587,0.608634956343002
23574,0.0382919242971712,0.589099865977884,0.206070347722325,0.16653786200262
23575,0.041301872587592,0.346512452798097,0.243805587641827,0.368380086972484
23576,0.146940767484547,0.0956056924341373,0.247476196678414,0.509977343402901
23577,0.766704029760785,0.0396762867663641,0.0770599341129377,0.116559749359914
23578,0.227394353297682,0.0955649961481508,0.0419274206203276,0.63511322993384
23579,0.0440338688481519,0.530242554162036,0.105206197460097,0.320517379529715
23580,0.198851842844528,0.548237305428793,0.0533368575459762,0.199573994180702
23581,0.179814032709351,0.299679650662593,0.262824617432322,0.257681699195733
23582,0.112642935201551,0.169588639534837,0.573068624346112,0.144699800917501
23583,0.610670493414398,0.0888878421825304,0.107508671708344,0.192932992694728
23584,0.452791666104133,0.210458264265325,0.0976325801528426,0.239117489477699
23585,0.58956171510433,0.201188526444854,0.0702757107083033,0.138974047742513
23586,0.278667084885626,0.284560445590453,0.258354582952443,0.178417886571478
23587,0.132177558766316,0.139034586292149,0.342446828873219,0.386341026068316
23588,0.353645979041698,0.0769088362508092,0.261043068180825,0.308402116526667
23589,0.647277171709142,0.0689541845111037,0.0672246976350355,0.216543946144719
23590,0.239376789004787,0.12927036131497,0.239224880520749,0.392127969159493
23591,0.621166442773265,0.0592220508980349,0.10015474130785,0.21945676502085
23592,0.382770699080444,0.10139882340601,0.0749050434464087,0.440925434067138
23593,0.0627134518956155,0.460710389930172,0.145655291470432,0.330920866703781
23594,0.670281447594204,0.0402160765465535,0.172215748454622,0.117286727404621
23595,0.1469240784102,0.0893016486227456,0.602716478416995,0.161057794550059
23596,0.0656673904491071,0.331571569848985,0.212701979871634,0.390059059830274
23597,0.320233843287136,0.0649709839578394,0.261757676626835,0.353037496128189
23598,0.667519480101141,0.0654968061360495,0.0409161157281723,0.226067598034637
23599,0.20509738632431,0.429581343752303,0.195206603550762,0.170114666372625
23600,0.210738178145239,0.480082272160266,0.185176243695894,0.124003305998601
23601,0.257599498899682,0.461908154959977,0.189216327402121,0.0912760187382202
23602,0.210304266478817,0.541182852496804,0.156194143065681,0.0923187379586983
23603,0.151799276055701,0.255627844826127,0.465153879093534,0.127419000024638
23604,0.28726037269709,0.539950426932854,0.116491776470633,0.0562974238994223
23605,0.543928684757283,0.111715609704528,0.169139779038415,0.175215926499774
23606,0.331986245141327,0.385494191830564,0.143878637905326,0.138640925122783
23607,0.180926355144484,0.364962204315612,0.245952321274149,0.208159119265756
23608,0.508573599476808,0.17602945947269,0.128084852424054,0.187312088626448
23609,0.305649606476553,0.25016728002612,0.303144458252663,0.141038655244663
23610,0.23384455892461,0.478294379652616,0.194061353388736,0.0937997080340385
23611,0.135702743308532,0.175120922592965,0.585041868757592,0.104134465340911
23612,0.17246553603977,0.432129144754732,0.191382722266879,0.204022596938619
23613,0.453672800817687,0.147180438214963,0.316812289731821,0.0823344712355294
23614,0.196956099037559,0.58718518677434,0.138099335810737,0.0777593783773646
23615,0.266340591754874,0.344924725225306,0.12715393781876,0.261580745201061
23616,0.254518625327368,0.166793202032068,0.508278714833907,0.070409457806656
23617,0.202879182539225,0.495444099168285,0.156223225871575,0.145453492420916
23618,0.312731941598359,0.0248067174637013,0.378694422315717,0.283766918622222
23619,0.0702890130093799,0.258502152582403,0.219048888268895,0.452159946139323
23620,0.0665565153946869,0.257983027912822,0.0238284234244407,0.65163203326805
23621,0.301960270519207,0.0917741585466958,0.0668034137575768,0.53946215717652
23622,0.230968699864082,0.357187856573203,0.0397252823522649,0.37211816121045
23623,0.024784694709722,0.109908729986609,0.0360835249907236,0.829223050312945
23624,0.0401095921287337,0.815401488704569,0.0462971001670713,0.0981918189996255
23625,0.132317718998068,0.116198856014544,0.191567206948206,0.559916218039182
23626,0.0566307726189688,0.50529834000418,0.0980638052415541,0.340007082135298
23627,0.124428248332302,0.0225231129572208,0.605814719001834,0.247233919708643
23628,0.253919187945236,0.0896048086475607,0.0299714475822308,0.626504555824972
23629,0.197885575572126,0.170751256342084,0.107499540013826,0.523863628071963
23630,0.342624606905755,0.340763120000779,0.0828667617688609,0.233745511324605
23631,0.0296297002690993,0.204669938316176,0.421197051310862,0.344503310103863
23632,0.0366725763120606,0.0269652718242039,0.289132916010107,0.647229235853628
23633,0.111756640629922,0.4629151422005,0.0893958330735264,0.335932384096051
23634,0.705828364949611,0.0755256889949794,0.00950709032347293,0.209138855731936
23635,0.0198832731870899,0.260827853367297,0.0612872216994986,0.658001651746115
23636,0.046553522530101,0.394801077300802,0.178856813758583,0.379788586410513
23637,0.31744263201815,0.45575505341134,0.133880503885353,0.0929218106851567
23638,0.392280801393034,0.313809261498343,0.235904004941225,0.0580059321673978
23639,0.195061031125097,0.294470395094224,0.394830300114463,0.115638273666216
23640,0.317520429305928,0.18109989274728,0.399203153560208,0.102176524386583
23641,0.186600999525519,0.429641367272574,0.248096628775044,0.135661004426862
23642,0.368661410632461,0.21514199376231,0.287375476195901,0.128821119409328
23643,0.259093522563484,0.441063989613029,0.227701102353083,0.0721413854704036
23644,0.32298716107134,0.40318112829507,0.138979867375389,0.134851843258201
23645,0.150089359895853,0.47766409100577,0.2281745184072,0.144072030691178
23646,0.220327730678665,0.450450048805713,0.179432738515139,0.149789482000484
23647,0.168218573058445,0.59629190249455,0.137169359405196,0.0983201650418091
23648,0.253901847611266,0.574751712435976,0.0786246303226959,0.0927218096300623
23649,0.262582617988882,0.360350725879882,0.213357678478157,0.163708977653079
23650,0.317530556382498,0.323414348084537,0.154824050448954,0.204231045084011
23651,0.221812768809806,0.462843846553776,0.217438188704543,0.0979051959318751
23652,0.128343510859505,0.309356213955893,0.509570352607016,0.0527299225775867
23653,0.182762010733322,0.14245430262506,0.572810322766136,0.101973363875481
23654,0.153389911513585,0.212348476450773,0.519993387354078,0.114268224681565
23655,0.242284724164214,0.420468562280394,0.189229163664576,0.148017549890816
23656,0.182357740252904,0.161290899147488,0.217375375552191,0.438975985047417
23657,0.446537387660905,0.288289080712778,0.12940339248925,0.135770139137067
23658,0.388269719470291,0.111979299251909,0.258650513544673,0.241100467733128
23659,0.592201821817846,0.242522419589811,0.106007333594109,0.0592684249982343
23660,0.340755578414768,0.254257314601966,0.0690248847078579,0.335962222275408
23661,0.276399153312429,0.0882642110926408,0.179643336349104,0.455693299245826
23662,0.162696250367436,0.421847474277431,0.162621187165004,0.252835088190129
23663,0.242483222401173,0.202337552663316,0.27416826345105,0.281010961484462
23664,0.0918470022248085,0.394736362375932,0.138757037231812,0.374659598167447
23665,0.320659343305924,0.328286023009706,0.0603060050463909,0.290748628637979
23666,0.325034780971223,0.130568117034617,0.278937219999838,0.265459881994322
23667,0.302648379150906,0.0909760623676981,0.457522167925433,0.148853390555963
23668,0.530926146716503,0.0849133228467882,0.150347202948592,0.233813327488117
23669,0.250322562199797,0.305302058534955,0.118156968388109,0.326218410877138
23670,0.220189045679086,0.118955604863398,0.488370944986359,0.172484404471157
23671,0.0635830476271941,0.329965043263398,0.438424145962524,0.168027763146884
23672,0.200462282400361,0.176640708756274,0.34508269217841,0.277814316664955
23673,0.310248969533545,0.517520168856455,0.0537809520729982,0.118449909537002
23674,0.0268557731063819,0.263672704119878,0.598333542916958,0.111137979856783
23675,0.15747741898384,0.408165335442813,0.133942698286719,0.300414547286628
23676,0.209229711776543,0.132053671900744,0.143443493641862,0.51527312268085
23677,0.179202459019422,0.231570967669103,0.286213367261693,0.303013206049782
23678,0.45963888772357,0.124272623316812,0.0640941076724288,0.351994381287189
23679,0.380146858329433,0.13375784594399,0.341743470718532,0.144351825008045
23680,0.104057422765185,0.152399363408976,0.542509601344243,0.201033612481596
23681,0.119592133646378,0.131510579403263,0.632063925404169,0.116833361546191
23682,0.0982688846239162,0.285484703566005,0.421913349385396,0.194333062424683
23683,0.343363686946975,0.114015115151087,0.171767003897056,0.370854194004882
23684,0.124559982604687,0.531793118554067,0.105222156605638,0.238424742235608
23685,0.370971340284719,0.219764473495587,0.287462354089713,0.121801832129981
23686,0.11758455417975,0.062646849785778,0.484427836311255,0.335340759723217
23687,0.136657990188563,0.126882003418725,0.274947522401476,0.461512483991235
23688,0.294543504018218,0.0878562199747219,0.0568239910833561,0.560776284923704
23689,0.14956306815863,0.139345574961903,0.482191252826137,0.22890010405333
23690,0.318031205257644,0.248038748013595,0.0420154638915623,0.391914582837199
23691,0.115822289158362,0.151190808172322,0.498131616438047,0.234855286231269
23692,0.0678334066793051,0.382769976228769,0.113910674465788,0.435485942626138
23693,0.0698139934688834,0.236444701791138,0.387960178027673,0.305781126712306
23694,0.105361658015126,0.327355241326679,0.289314811266836,0.277968289391359
23695,0.100576746699931,0.460869706987921,0.230219706712422,0.208333839599727
23696,0.437392954611675,0.380408132826109,0.0798055547967573,0.102393357765459
23697,0.332631131606221,0.125590358317007,0.33784169594628,0.203936814130493
23698,0.176782390447193,0.30546758840468,0.272128039734042,0.245621981414086
23699,0.133993844635935,0.575722331300903,0.109286857390385,0.180996966672777
23700,0.346860672598639,0.0482410609863126,0.486064942421946,0.118833323993102
23701,0.0794789965478527,0.465188131493766,0.224607636013937,0.230725235944445
23702,0.113125349296729,0.200219771569377,0.547115442902635,0.139539436231258
23703,0.115513452510984,0.585894837659197,0.136296007091419,0.162295702738401
23704,0.254939270983329,0.136186368867081,0.318032078308355,0.290842281841235
23705,0.153986786949882,0.465985616059438,0.156346888234341,0.223680708756339
23706,0.409511319861414,0.14889216102994,0.263029310402328,0.178567208706318
23707,0.169086895865204,0.611238839734305,0.0689567046198304,0.15071755978066
23708,0.131008644941181,0.529367205233632,0.126311258996439,0.213312890828748
23709,0.181135736952385,0.254568139540942,0.100994009286913,0.463302114219759
23710,0.479487409257461,0.137449958616387,0.0957214801870637,0.287341151939089
23711,0.0547019356182826,0.664319967799133,0.156803627959354,0.124174468623231
23712,0.144502891721332,0.102927959014971,0.398441030747665,0.354128118516032
23713,0.152434563495691,0.28911214191631,0.322249568892101,0.236203725695898
23714,0.238299829463358,0.201458322381873,0.408480802297497,0.151761045857272
23715,0.356646403740649,0.143666414185578,0.309201937893279,0.190485244180494
23716,0.339245026636982,0.222881134722134,0.215523530380434,0.222350308260449
23717,0.271782424533547,0.466819662656185,0.100355305762448,0.16104260704782
23718,0.239748012514772,0.193719637952629,0.30988185087712,0.256650498655478
23719,0.328588152331067,0.330897149851066,0.0973189153316351,0.243195782486232
23720,0.189386969646311,0.139545934494944,0.486186104988279,0.184880990870465
23721,0.566075488532636,0.16492914829422,0.167056690984502,0.101938672188642
23722,0.113977583680709,0.282415845833521,0.335662231015188,0.267944339470582
23723,0.149702251248076,0.416117140816979,0.252527180854441,0.181653427080504
23724,0.248158042800967,0.406843818089816,0.0890151859245434,0.255982953184673
23725,0.290100505999549,0.0795408227395601,0.523943858084131,0.106414813176759
23726,0.290599410682734,0.33988847027578,0.20519374513025,0.164318373911236
23727,0.197354158928255,0.185717819455085,0.278384472297798,0.338543549318862
23728,0.181685682345497,0.250511927685127,0.153070514176737,0.41473187579264
23729,0.145324586532357,0.619932028452636,0.124807442990188,0.109935942024819
23730,0.223718044961564,0.330118926829482,0.19356421837516,0.252598809833794
23731,0.139445158761096,0.243446834506231,0.20103483052191,0.416073176210764
23732,0.484102366345955,0.221238305102503,0.119277135772963,0.175382192778579
23733,0.530904367571273,0.139074294761534,0.103169075969147,0.226852261698046
23734,0.0740622408052728,0.079255663556588,0.580937158578665,0.265744937059474
23735,0.530292422776191,0.0956447519247689,0.183450728765133,0.190612096533908
23736,0.117757360284687,0.188077995727326,0.371595822611958,0.322568821376028
23737,0.104147287883784,0.561920993905697,0.219477638089119,0.1144540801214
23738,0.372217045940503,0.196153546706708,0.133511240757346,0.298118166595443
23739,0.218892099951883,0.124980334518644,0.0903746879852357,0.565752877544237
23740,0.102539542393208,0.055282146712681,0.771711172414521,0.0704671384795897
23741,0.0725265203502516,0.143249869198484,0.502821373321588,0.281402237129676
23742,0.155905614091296,0.343608263120747,0.0968062086244771,0.403679914163479
23743,0.0822563949193505,0.769466560727092,0.0657886507379375,0.0824883936156197
23744,0.0362066666773073,0.724256292671173,0.149859381412944,0.0896776592385749
23745,0.591170002862908,0.0914067159279822,0.0839121854805884,0.233511095728522
23746,0.462186120272817,0.286173065586686,0.0543582111339681,0.197282603006529
23747,0.0757890953857767,0.232800171625261,0.509150877037048,0.182259855951914
23748,0.257888065387065,0.473613578677267,0.0831981350841453,0.185300220851523
23749,0.634908478702493,0.218539022966806,0.0409879576860064,0.105564540644695
23750,0.185729522015428,0.202185737895542,0.415133354804725,0.196951385284305
23751,0.287543917223905,0.200571595922344,0.357223095212307,0.154661391641444
23752,0.266066388533736,0.300397261840556,0.193404358701919,0.240131990923789
23753,0.255156276204558,0.190380750554094,0.183334395946392,0.371128577294956
23754,0.318072575294866,0.236628328368347,0.206888773234484,0.238410323102303
23755,0.375716338765994,0.230761970990787,0.260891169230864,0.132630521012355
23756,0.133013353967702,0.332596541849768,0.197028045019181,0.337362059163348
23757,0.280684480994591,0.413843150307604,0.14926187890099,0.156210489796815
23758,0.415167999246872,0.186869019441193,0.0915867440645177,0.306376237247417
23759,0.134501762917225,0.367950356804283,0.299949537598594,0.197598342679899
23760,0.205359172544184,0.0775776427939192,0.600356863626991,0.116706321034905
23761,0.256224334831139,0.160504097005984,0.346583697150282,0.236687871012595
23762,0.202738016260315,0.306931706017394,0.234491378523401,0.255838899198889
23763,0.449223632463809,0.242880102643878,0.108757178241405,0.199139086650909
23764,0.474930470729238,0.0830332515162466,0.18815053143564,0.253885746318876
23765,0.0635416580241266,0.076025765316671,0.490544953178636,0.369887623480567
23766,0.0598754533024628,0.0631364083266755,0.81258838864147,0.0643997497293917
23767,0.330592024459807,0.271272142223585,0.186401003993369,0.21173482932324
23768,0.0726028980552997,0.0692304149252677,0.240115419298397,0.618051267721035
23769,0.13995195149326,0.135860291190133,0.3937301703077,0.330457587008907
23770,0.198420295654412,0.133075200614681,0.542485906698394,0.126018597032512
23771,0.110957871519307,0.528765276190632,0.107395621368283,0.252881230921778
23772,0.0866456525725208,0.282599514827121,0.116305704714272,0.514449127886086
23773,0.0964366370649751,0.271178449965602,0.508731496012401,0.123653416957022
23774,0.15467836844405,0.380970566599532,0.143383364296034,0.320967700660383
23775,0.502401844791669,0.203014085141385,0.100449864694178,0.194134205372768
23776,0.286129809522058,0.0925542208267124,0.329632113645574,0.291683856005656
23777,0.232067755886806,0.407858579858972,0.241489411021671,0.118584253232551
23778,0.0856436740499063,0.55042120141279,0.0771804718172458,0.286754652720058
23779,0.488059302562581,0.300202787094308,0.117583685608011,0.0941542247351008
23780,0.369160078656817,0.415305820301552,0.0718849920387828,0.143649109002848
23781,0.567589381218084,0.174529689037035,0.0749913109221434,0.182889618822737
23782,0.170814233608509,0.316479933533392,0.300742731875892,0.211963100982207
23783,0.384697655567021,0.0389058519557915,0.345122920324997,0.231273572152191
23784,0.132248341563147,0.069280551483984,0.541616389861366,0.256854717091503
23785,0.640944029464737,0.173280381393686,0.0410704061164526,0.144705183025125
23786,0.324933420510276,0.283328244042481,0.107381337260842,0.2843569981864
23787,0.569664712769361,0.166860187043948,0.116947329202066,0.146527770984625
23788,0.128105275563865,0.566835706434983,0.116600455271023,0.18845856273013
23789,0.723198651861728,0.0635384185166428,0.0525333662702889,0.160729563351341
23790,0.0424155187541125,0.156375037673486,0.573963641019398,0.227245802553003
23791,0.192918421557828,0.0739137870194147,0.582092930337158,0.151074861085599
23792,0.143141495402852,0.672179345942385,0.074928608701843,0.10975054995292
23793,0.229290711683589,0.124299223471988,0.263872846914174,0.382537217930248
23794,0.309667690996625,0.142297263649168,0.177410686120325,0.370624359233882
23795,0.33412719561538,0.256087455639527,0.0604930838647055,0.349292264880387
23796,0.150321206289423,0.274754169064673,0.146384448981492,0.428540175664412
23797,0.481119858320468,0.166628684909354,0.234445717275881,0.117805739494296
23798,0.331110588116066,0.0393919028718878,0.222004858661727,0.407492650350319
23799,0.599499288002002,0.061526621451064,0.0614717171008033,0.277502373446131
23800,0.135929990570264,0.722852883608025,0.0376922619862853,0.103524863835426
23801,0.0411346140928176,0.0838756929968839,0.749732200146447,0.125257492763852
23802,0.0620492115250726,0.710273157419694,0.0769060001829426,0.15077163087229
23803,0.327636618763411,0.167619959449617,0.0522385138046686,0.452504907982304
23804,0.324774454016371,0.0692469205659778,0.259283589980849,0.346695035436802
23805,0.238507905009015,0.0525848301502503,0.530976049146828,0.177931215693907
23806,0.096391414432917,0.383480467475395,0.129207953553116,0.390920164538572
23807,0.443362411141994,0.0866054398979078,0.0868890705854025,0.383143078374696
23808,0.197624520036551,0.504321988710247,0.142253970463276,0.155799520789925
23809,0.322255828346097,0.361059969161436,0.16079311127774,0.155891091214728
23810,0.115601089121467,0.634993795333749,0.145925114007386,0.103480001537399
23811,0.48095318049028,0.21961251974484,0.184417854735709,0.115016445029171
23812,0.292711073178001,0.248862971864086,0.316855279581839,0.141570675376073
23813,0.533345679717566,0.204669197253185,0.0878740362817081,0.174111086747541
23814,0.317434748616342,0.281484338131772,0.228791299046981,0.172289614204905
23815,0.110823613658152,0.0904790836297255,0.412405622297069,0.386291680415054
23816,0.39589984386349,0.324820099609988,0.121597288131595,0.157682768394928
23817,0.231246264565948,0.146049233823667,0.399278620733166,0.223425880877219
23818,0.145345026908423,0.162312053165553,0.383332641521344,0.30901027840468
23819,0.110834772361883,0.579487170198972,0.165350739855254,0.144327317583891
23820,0.257053819968036,0.135860606005485,0.40092458910819,0.206160984918289
23821,0.076102510382297,0.209268742629942,0.17895976088543,0.53566898610233
23822,0.151741869455977,0.355735790952977,0.0855782743483589,0.406944065242687
23823,0.0887456513229486,0.105655921614834,0.445264709954739,0.360333717107478
23824,0.159111705098793,0.562097666226775,0.114189519728248,0.164601108946185
23825,0.50820343645744,0.112243436358285,0.18111657664282,0.198436550541455
23826,0.0620559065785705,0.561136229408325,0.10954949256589,0.267258371447214
23827,0.388408031178364,0.289057477769197,0.121506796912874,0.201027694139566
23828,0.0767767599410966,0.258024367809686,0.420371389410246,0.244827482838972
23829,0.322975572840812,0.210385665848984,0.161178156888336,0.305460604421868
23830,0.0789903413768247,0.602083697551974,0.133761892027475,0.185164069043726
23831,0.18238264389273,0.282420134067052,0.364015750291118,0.1711814717491
23832,0.159462952711842,0.186213672930571,0.454992254979249,0.199331119378339
23833,0.329491582322874,0.110622500227114,0.364111531075762,0.195774386374251
23834,0.547821960903706,0.101765962781677,0.239881575233402,0.110530501081215
23835,0.211270088882943,0.322304778970592,0.246165364980695,0.22025976716577
23836,0.36096107107386,0.093409734093225,0.16954220175525,0.376086993077665
23837,0.045835496452153,0.0909697907123742,0.230386551378793,0.632808161456679
23838,0.633151365223425,0.134721888534507,0.0895755144312717,0.142551231810797
23839,0.67248094571034,0.104255912356641,0.116890175699002,0.106372966234017
23840,0.232714459120555,0.0547925108567129,0.598059863100995,0.114433166921736
23841,0.450300549477989,0.11775664274399,0.214199137668087,0.217743670109934
23842,0.572863441446845,0.0688126560797696,0.101553640028094,0.256770262445291
23843,0.353997243264903,0.115212424555945,0.284517947623472,0.24627238455568
23844,0.573905237376406,0.100538000005236,0.0759927154070934,0.249564047211265
23845,0.0887835388786542,0.0717837588006246,0.312087178543845,0.527345523776876
23846,0.559673338595439,0.274486390731856,0.121286644810915,0.0445536258617893
23847,0.24810564870307,0.461941744191506,0.236016755890801,0.0539358512146242
23848,0.0993777252526729,0.22924840246999,0.569208464700989,0.102165407576348
23849,0.291430409441015,0.282282314352874,0.312366192917654,0.113921083288457
23850,0.14667504300808,0.228214948438551,0.539843326071143,0.085266682482227
23851,0.49707327163059,0.19710317348829,0.254763040465169,0.0510605144159511
23852,0.341966084685956,0.356520556251419,0.179982286618426,0.121531072444199
23853,0.179528877057793,0.346009726752374,0.415906415829811,0.0585549803600217
23854,0.408872817073763,0.281671451943404,0.234396102286838,0.0750596286959955
23855,0.342586574751385,0.324710988119705,0.16882812413582,0.16387431299309
23856,0.27448723389894,0.437299865865484,0.154883539119068,0.133329361116508
23857,0.492818755285544,0.357788491730022,0.0959200543958991,0.0534726985885358
23858,0.472641318616935,0.130961828246063,0.286269037706195,0.110127815430807
23859,0.586607852914625,0.126019028535115,0.195515219088518,0.0918578994617423
23860,0.22239417893607,0.337151540788177,0.302554641290012,0.137899638985742
23861,0.177154421983309,0.115223703920069,0.644697044802743,0.0629248292938787
23862,0.139996849295919,0.171939450561666,0.621787028193626,0.066276671948789
23863,0.380787910343863,0.134949630601061,0.381332001466457,0.102930457588619
23864,0.26445467367016,0.509835490488314,0.088992694994306,0.13671714084722
23865,0.0867349600336638,0.199790284888653,0.41018830401531,0.303286451062373
23866,0.296114681270321,0.326526085394488,0.167089920759247,0.210269312575945
23867,0.0595074093696538,0.327700824622966,0.118964109467043,0.493827656540337
23868,0.0496320257614451,0.129532195774349,0.511663142497225,0.309172635966981
23869,0.296479452508254,0.0804771116529719,0.195400258109173,0.427643177729601
23870,0.182745212330684,0.076031639702417,0.598061762930092,0.143161385036807
23871,0.0557926193377538,0.189317575744894,0.531042622307239,0.223847182610114
23872,0.0333536077177121,0.163387098828297,0.60904886397163,0.194210429482361
23873,0.136002103799795,0.296650603358406,0.364159925178364,0.203187367663435
23874,0.5112542776214,0.288826371536436,0.0666006584961441,0.13331869234602
23875,0.032950481711606,0.639725426349067,0.222702321905646,0.104621770033681
23876,0.242997227369557,0.26915383559305,0.111191307092674,0.376657629944719
23877,0.283574623811464,0.171003939656301,0.0434938229568106,0.501927613575425
23878,0.149816176572777,0.327406229061889,0.0980392968077655,0.424738297557569
23879,0.0972211348429385,0.55137171308622,0.181864892967866,0.169542259102975
23880,0.539270604538158,0.20083002781413,0.0495987540780706,0.210300613569642
23881,0.628104058862236,0.0511210048494188,0.197733469812013,0.123041466476332
23882,0.0649468987591695,0.713405741582847,0.0426495278867063,0.178997831771278
23883,0.294219210342244,0.0782120666690338,0.422228479086182,0.20534024390254
23884,0.250134753548897,0.401569621086732,0.267210928600017,0.0810846967643547
23885,0.309586371124547,0.331153414485046,0.0633168946096209,0.295943319780787
23886,0.316508103670594,0.150972260003392,0.297792477503236,0.234727158822779
23887,0.345111299450401,0.233696707203931,0.17929944200302,0.241892551342647
23888,0.337858416764139,0.265965704759047,0.293036818063375,0.103139060413439
23889,0.641074569804591,0.187828151775977,0.0836306562395692,0.0874666221798622
23890,0.171020826067916,0.628864459667845,0.0644198682243246,0.135694846039914
23891,0.541317815211557,0.0764635656768165,0.138502347968991,0.243716271142635
23892,0.100957671947657,0.437495122180149,0.198170157455407,0.263377048416787
23893,0.189855574925163,0.45652412295938,0.0540461393360072,0.29957416277945
23894,0.159052625171499,0.385438578528831,0.210087038890194,0.245421757409476
23895,0.102080110103845,0.223573133781222,0.564874955758775,0.109471800356158
23896,0.119107180902622,0.202552693267862,0.452613221150788,0.225726904678728
23897,0.176739442165955,0.362641703885806,0.0929623910628756,0.367656462885364
23898,0.155599007600209,0.579733386929589,0.103077159069526,0.161590446400676
23899,0.259426617565452,0.198325653801499,0.145898780395366,0.396348948237683
23900,0.115895936784707,0.362401779261678,0.114948986788204,0.406753297165411
23901,0.230935937971362,0.468438367089706,0.101936402475137,0.198689292463794
23902,0.087829120187526,0.450585552936677,0.272920676597452,0.188664650278345
23903,0.364044999390163,0.219557314373863,0.158831875406209,0.257565810829765
23904,0.151834772993949,0.355054286568598,0.291382499841652,0.201728440595801
23905,0.607529463471299,0.0592765696412598,0.230770048995434,0.102423917892007
23906,0.696358410379384,0.0513454801473787,0.0970815512280419,0.155214558245195
23907,0.254914978896158,0.210906150053264,0.254062013333116,0.280116857717462
23908,0.224425898074152,0.398696149580069,0.100688255534856,0.276189696810923
23909,0.298740697887091,0.114118699135949,0.0824235062845381,0.504717096692421
23910,0.0770648808235095,0.266649316692886,0.468560194116178,0.187725608367426
23911,0.268337144231968,0.0511905778982574,0.152314431453186,0.528157846416588
23912,0.188767622331212,0.158685834910668,0.35691739859158,0.295629144166541
23913,0.0996061977924356,0.151880843811698,0.509872691419219,0.238640266976647
23914,0.0300136577062895,0.729172770673018,0.0411858605941877,0.199627711026504
23915,0.702532627277478,0.136319587103111,0.0494775437132177,0.111670241906193
23916,0.0571311011983499,0.160617534409093,0.652589350664952,0.129662013727606
23917,0.119549991934002,0.521131580406244,0.112427425657374,0.246891002002381
23918,0.433262564244523,0.0853948982579918,0.110565131964539,0.370777405532945
23919,0.216401028093158,0.400492102252627,0.0334250915242318,0.349681778129983
23920,0.163784824149441,0.252385504489013,0.348640395868548,0.235189275492998
23921,0.180433141897163,0.120529605928304,0.568049885234911,0.130987366939622
23922,0.192247945169803,0.273542337650813,0.428349358336896,0.105860358842489
23923,0.492984074026452,0.307357547451848,0.119834963677466,0.0798234148442335
23924,0.171229847490044,0.662065596202628,0.0965690319861806,0.0701355243211474
23925,0.274332130573339,0.330475848639633,0.155579277430091,0.239612743356937
23926,0.329350338338106,0.449889528002375,0.141160663780345,0.0795994698791737
23927,0.240141641110715,0.226785504633963,0.361837733627455,0.171235120627867
23928,0.109154498424339,0.321470813110179,0.373713190753247,0.195661497712234
23929,0.0929747808797858,0.489235304571292,0.187678125282142,0.23011178926678
23930,0.154151993684994,0.332861978954669,0.240790459892483,0.272195567467854
23931,0.198895767425568,0.556486961618457,0.171264046559545,0.0733532243964295
23932,0.357255555144755,0.375172979985034,0.0919830263451797,0.175588438525032
23933,0.09663833532313,0.561718905602905,0.242812635612386,0.0988301234615793
23934,0.0705644784136322,0.624852236120942,0.219467407232188,0.0851158782332378
23935,0.317926023334844,0.222836135946933,0.233946690365065,0.225291150353158
23936,0.477468211732752,0.130429144597681,0.200294262710682,0.191808380958885
23937,0.130564301208031,0.236106534919013,0.449312848076004,0.184016315796952
23938,0.49006090221107,0.181714855962084,0.0730022006915918,0.255222041135254
23939,0.363158424666812,0.202500305296125,0.306291816368783,0.128049453668281
23940,0.296793398219543,0.104620981227212,0.253651840948514,0.344933779604732
23941,0.231078618945912,0.18420474604495,0.487300281701264,0.097416353307874
23942,0.500683586469539,0.142893734483345,0.28741333697838,0.0690093420687353
23943,0.166885501965908,0.4062968190652,0.336448183764142,0.0903694952047499
23944,0.374661326620303,0.197842574116059,0.354837184652805,0.0726589146108326
23945,0.121504126316123,0.162643133755939,0.593388535843584,0.122464204084354
23946,0.208835259103982,0.610656856915577,0.121906894992125,0.0586009889883162
23947,0.277014591344854,0.359492056613816,0.245981492263515,0.117511859777815
23948,0.198932273863832,0.175942575282634,0.497611016225199,0.127514134628336
23949,0.251316910936434,0.370087527379219,0.163811783837002,0.214783777847346
23950,0.0766272813716682,0.627870144062429,0.245527893913732,0.049974680652171
23951,0.353495929174027,0.183727291245905,0.356529342366844,0.106247437213224
23952,0.287542251086321,0.276386553724594,0.294739498286305,0.141331696902781
23953,0.588043556674696,0.15475264475373,0.14929713172374,0.107906666847834
23954,0.357979892363611,0.236112096523698,0.324409859129122,0.0814981519835688
23955,0.167807917354816,0.369139919352436,0.250967575103306,0.212084588189442
23956,0.195781684929668,0.327360896696522,0.374922642554801,0.10193477581901
23957,0.13475733626692,0.573413445376826,0.126390663907777,0.165438554448477
23958,0.171632331749654,0.568023555927883,0.107944124244673,0.15239998807779
23959,0.337489143725679,0.280526304711781,0.20986249191861,0.172122059643929
23960,0.209866104932876,0.180571083359602,0.329817765447265,0.279745046260257
23961,0.66006038462976,0.21691444612574,0.0405759946539847,0.0824491745905152
23962,0.100292699581202,0.449544675353682,0.260596073562297,0.189566551502819
23963,0.262674770110515,0.349575046726942,0.12468563257586,0.263064550586683
23964,0.0726164961812287,0.5449393426952,0.254783567309337,0.127660593814234
23965,0.218869311935584,0.167278496686272,0.448140886592036,0.165711304786108
23966,0.173339422220448,0.0994980705760802,0.48943612810787,0.237726379095602
23967,0.474285104204783,0.16908236005894,0.129053288484459,0.227579247251817
23968,0.345868467232902,0.244755482745823,0.216334592519633,0.193041457501642
23969,0.50740641596953,0.0880604567580432,0.115723074277468,0.288810052994959
23970,0.756883490617702,0.0715147904049702,0.0760039188779572,0.0955978000993709
23971,0.108779257570211,0.217340548252324,0.5277337844512,0.146146409726264
23972,0.482625356345312,0.147378254744192,0.233604890429572,0.136391498480924
23973,0.348598864094708,0.326461201486129,0.13917169376431,0.185768240654853
23974,0.074342620714813,0.120347991942401,0.647158789441203,0.158150597901584
23975,0.205370560826198,0.669273970906171,0.0437781763651117,0.081577291902519
23976,0.182952834559784,0.32574083464257,0.270070771253062,0.221235559544584
23977,0.0733017676600498,0.229987750150763,0.560525285716845,0.136185196472342
23978,0.120266227080546,0.0808200981677334,0.108278838527952,0.690634836223769
23979,0.368690719680854,0.154520455783419,0.120029154975131,0.356759669560597
23980,0.12489583590352,0.555371153127506,0.12541037611473,0.194322634854244
23981,0.108152460465554,0.247015381614974,0.504108477539224,0.140723680380248
23982,0.212007100790081,0.0782105872268476,0.561558985938658,0.148223326044413
23983,0.228852935858533,0.263161092021141,0.195844346512882,0.312141625607444
23984,0.216907954311989,0.410912543082393,0.128257499519458,0.24392200308616
23985,0.199363788453489,0.136534343905259,0.114549607983969,0.549552259657283
23986,0.346458235526247,0.387571147778636,0.122212932585199,0.143757684109918
23987,0.258753639654585,0.377292932744631,0.105163897125023,0.258789530475761
23988,0.315062660698711,0.267890609334004,0.299025789178589,0.118020940788695
23989,0.121574072818751,0.204302916485201,0.482040662839603,0.192082347856445
23990,0.143822252814241,0.504898282057397,0.140521476128033,0.210757989000329
23991,0.051814467846137,0.143753666285621,0.311189629667061,0.49324223620118
23992,0.124769200455288,0.505635831956731,0.182509254736592,0.187085712851389
23993,0.130759988245947,0.195249167799694,0.478700643252227,0.195290200702132
23994,0.0887988513924362,0.365180187283849,0.196488201469813,0.349532759853901
23995,0.0484549812911486,0.226230219402949,0.431306641488586,0.294008157817315
23996,0.0686169531770191,0.159540281205671,0.654422830481687,0.117419935135623
23997,0.260931284250232,0.162818221259853,0.328373524908281,0.247876969581634
23998,0.16968793708236,0.260993310717618,0.287935833146473,0.281382919053548
23999,0.443565945240387,0.21803137493488,0.152416553616273,0.18598612620846
24000,0.266260290640793,0.469244061491785,0.103182604176188,0.161313043691234
24001,0.594622855012034,0.274767436538036,0.0548045873159421,0.075805121133988
24002,0.281242231184185,0.454700180388215,0.0677668573924284,0.196290731035172
24003,0.206641143285441,0.568587111734975,0.0500338520562432,0.174737892923341
24004,0.160743027565898,0.105726607076823,0.472907845088178,0.2606225202691
24005,0.13805648604164,0.659249404795747,0.0822787052673823,0.120415403895232
24006,0.136147118353159,0.231118460062646,0.525724116258532,0.107010305325664
24007,0.150848047901483,0.387785901276624,0.127387056106742,0.33397899471515
24008,0.0615146891756143,0.73994547721989,0.0796891333060904,0.118850700298405
24009,0.43234521046723,0.0736676546001003,0.217658260154591,0.276328874778079
24010,0.711568513902416,0.107519259201603,0.0981918063583157,0.0827204205376647
24011,0.0423690534542545,0.804721205349392,0.0506389049619396,0.102270836234414
24012,0.0891564987032212,0.11056061891764,0.582060517144062,0.218222365235077
24013,0.0583364931133826,0.0984910778003944,0.582752982779179,0.260419446307044
24014,0.14176224002554,0.0821030512351171,0.670628180454353,0.10550652828499
24015,0.0455246845464359,0.564195141087579,0.185458317833291,0.204821856532695
24016,0.186370913684648,0.476284583087514,0.0568427466124721,0.280501756615367
24017,0.465548287594701,0.225294261470409,0.2124033114041,0.0967541395307907
24018,0.432706563684052,0.174688336139803,0.0959852620806487,0.296619838095496
24019,0.15122019240681,0.355068118720619,0.31718989647131,0.176521792401262
24020,0.0869016007218639,0.518391165775427,0.200988659703679,0.19371857379903
24021,0.10540948027129,0.108400750181474,0.640351394101152,0.145838375446083
24022,0.370725259776578,0.296626548079765,0.0959266768779113,0.236721515265746
24023,0.183262538311579,0.454939711172188,0.150642170729052,0.211155579787181
24024,0.229195327147884,0.510359175656676,0.0681303106014701,0.192315186593971
24025,0.561336954673045,0.143021539132205,0.148384102394132,0.147257403800619
24026,0.129273279110285,0.659182867005175,0.0818483628489978,0.129695491035542
24027,0.149778939986046,0.0703246639062745,0.352378935147063,0.427517460960616
24028,0.310731837410776,0.411393755636674,0.0402447069945699,0.23762969995798
24029,0.112436356276589,0.0837318382354134,0.213991929753015,0.589839875734983
24030,0.0470095642020758,0.550769092046875,0.19969925667994,0.20252208707111
24031,0.046162139781641,0.337510467483828,0.234307763409403,0.382019629325127
24032,0.146979593699024,0.114304489919586,0.221883160703375,0.516832755678015
24033,0.710343935663723,0.0602406688776032,0.0863496682562133,0.143065727202461
24034,0.214840568288644,0.115911620918206,0.0462599571046497,0.6229878536885
24035,0.0489018034532268,0.477147770352968,0.117730272270711,0.356220153923094
24036,0.324790062216606,0.157967097508366,0.451700162183397,0.0655426780916309
24037,0.227719960995488,0.482551416782195,0.215137964755506,0.074590657466811
24038,0.265181261814455,0.207073041373566,0.389380078140992,0.138365618670986
24039,0.395088778708327,0.385434768226748,0.106805030497787,0.112671422567139
24040,0.195147646430757,0.244837843060875,0.471023756469263,0.0889907540391052
24041,0.306688510622433,0.429623517301604,0.123689252333323,0.13999871974264
24042,0.10618181778984,0.373587897670729,0.382954167336975,0.137276117202456
24043,0.300667403820367,0.34160909008369,0.192445095765722,0.165278410330221
24044,0.276928641325206,0.415647106287066,0.194352222594562,0.113072029793166
24045,0.376943948518728,0.17598093545058,0.292928732899146,0.154146383131546
24046,0.168206545414416,0.426608019740485,0.30854559623273,0.0966398386123695
24047,0.320100786747669,0.068522423545091,0.539361537311221,0.0720152523960191
24048,0.203636316857439,0.314377946455895,0.382585552160474,0.0994001845261927
24049,0.470589449820453,0.211924770061101,0.20850648570613,0.108979294412317
24050,0.152974015893673,0.16036262917385,0.403037553143547,0.28362580178893
24051,0.138356369444818,0.496643240981909,0.148909892294909,0.216090497278364
24052,0.663986910171139,0.111717804654559,0.153290993567663,0.0710042916066388
24053,0.398675382201014,0.105022164032906,0.352195298356181,0.144107155409899
24054,0.406300541600632,0.208378413546326,0.149055424671031,0.23626562018201
24055,0.297851153588597,0.343417617915792,0.203041687166606,0.155689541329004
24056,0.337432321295668,0.351671269952673,0.188499431283908,0.122396977467751
24057,0.204860740296594,0.218462250997143,0.323196260430451,0.253480748275812
24058,0.120964348969279,0.315598895541491,0.353720422544334,0.209716332944896
24059,0.259527041367064,0.46778940760944,0.109563146701971,0.163120404321525
24060,0.391836914876817,0.255801146837396,0.14195934809803,0.210402590187757
24061,0.208693030999457,0.303457945396808,0.300450346300751,0.187398677302984
24062,0.295549685544991,0.264242715889645,0.271111982883088,0.169095615682277
24063,0.135140675703448,0.535287820409469,0.227850403065125,0.101721100821959
24064,0.503876447277767,0.165371778853696,0.202796112177462,0.127955661691074
24065,0.210832572665015,0.231256414847415,0.428528453358761,0.129382559128808
24066,0.331840746921657,0.36158450450333,0.143686650289549,0.162888098285465
24067,0.226828167776969,0.383145100433555,0.174693948893526,0.21533278289595
24068,0.437356590605757,0.125945290924546,0.327942696864482,0.108755421605216
24069,0.300507136821901,0.117270595377768,0.208714560529107,0.373507707271225
24070,0.40399233729327,0.364030035782691,0.103085756412383,0.128891870511656
24071,0.125456332432179,0.118645988721405,0.374333693436401,0.381563985410015
24072,0.0819545311973753,0.340003684822559,0.130109729820142,0.447932054159924
24073,0.358606064390215,0.177327680787821,0.18416536500125,0.279900889820715
24074,0.485418712860618,0.144213741210669,0.133171621451389,0.237195924477323
24075,0.303720611279691,0.0976585853003779,0.31017199561271,0.288448807807222
24076,0.10255092192501,0.504800043888703,0.148336960897294,0.244312073288992
24077,0.329717217419605,0.361139917480817,0.125773129851088,0.183369735248491
24078,0.359142505093943,0.269998364868659,0.0979915782378979,0.2728675517995
24079,0.32157273926173,0.246458611188666,0.0562441192094336,0.37572453034017
24080,0.502200228431477,0.137850046636621,0.0686201774066605,0.291329547525241
24081,0.133626087135157,0.149059230807416,0.181117223357275,0.536197458700152
24082,0.130366683800052,0.47355397944245,0.261126629505603,0.134952707251896
24083,0.296643520025778,0.268222552358795,0.0342378811160687,0.400896046499358
24084,0.497826204699652,0.234504348034391,0.061246257863992,0.206423189401965
24085,0.364106483881345,0.0687061578160541,0.0319034466358953,0.535283911666706
24086,0.241283918468664,0.201471157310795,0.221547935228426,0.335696988992116
24087,0.20278022271637,0.312044103978523,0.1334395019613,0.351736171343806
24088,0.0462259268247522,0.0450687308992881,0.691125205955748,0.217580136320211
24089,0.266392093608085,0.419840653339337,0.0548955651141323,0.258871687938446
24090,0.0560820910016024,0.0517031313504843,0.27358054541517,0.618634232232743
24091,0.142667207508903,0.160240661229684,0.500993104459601,0.196099026801812
24092,0.366424749778259,0.0502710681570505,0.0705658314886085,0.512738350576082
24093,0.368487486187762,0.301969733927665,0.174686364572331,0.154856415312242
24094,0.0959387402690377,0.705097786142729,0.141635604096735,0.057327869491498
24095,0.242465609397603,0.0818043973027521,0.509480637031299,0.166249356268346
24096,0.166162390604958,0.482257170612415,0.124475132918405,0.227105305864222
24097,0.087252688458289,0.165097123792924,0.602117175886074,0.145533011862713
24098,0.640278860175109,0.118685157960649,0.10819213491991,0.132843846944332
24099,0.211797769101637,0.40103621521208,0.158647578613254,0.228518437073029
24100,0.455853784320187,0.335990407694029,0.0582536544798522,0.149902153505932
24101,0.146064159123024,0.330933017436777,0.169177720406766,0.353825103033433
24102,0.258393185257872,0.126818626937273,0.428357473073375,0.18643071473148
24103,0.12600716889568,0.48274564707892,0.252129904805958,0.139117279219442
24104,0.53400186134167,0.0716918702146134,0.209179920883696,0.185126347560021
24105,0.550673261204024,0.0853800002923969,0.169802608886759,0.19414412961682
24106,0.0436430453867862,0.750466077252785,0.112437310915598,0.0934535664448317
24107,0.199003935994837,0.0797023707794559,0.321149727145387,0.40014396608032
24108,0.190169308488353,0.0624428296577206,0.532458152511871,0.214929709342056
24109,0.402559377285485,0.221470367091893,0.0950540520920717,0.280916203530551
24110,0.30799625724924,0.202390743876437,0.19934941399716,0.290263584877163
24111,0.0956292901284331,0.230973551929999,0.0635323957013595,0.609864762240209
24112,0.243986522108928,0.116166162946126,0.144910563977786,0.49493675096716
24113,0.0924679049195791,0.591609752639897,0.205380044584157,0.110542297856367
24114,0.158023868001561,0.132460134769704,0.37972566335167,0.329790333877065
24115,0.0496334601302948,0.625426497766409,0.202455912042302,0.122484130060994
24116,0.212306718429747,0.0831697790201165,0.561610006164891,0.142913496385246
24117,0.50006252404667,0.214635736640545,0.0875732648186069,0.197728474494178
24118,0.146055385736066,0.217629824980631,0.422679436905377,0.213635352377926
24119,0.147639018909126,0.655297695596081,0.0570462216513087,0.140017063843484
24120,0.0867211423767679,0.645745397470615,0.0968657214751859,0.170667738677431
24121,0.659988723253953,0.0959425559811238,0.117321025790145,0.126747694974779
24122,0.0528028726468226,0.202054831492128,0.579295017327281,0.165847278533768
24123,0.115459114869592,0.100720568798339,0.137349272780308,0.64647104355176
24124,0.160659198188607,0.541236115318561,0.0869772086532525,0.211127477839579
24125,0.0582864887330297,0.0566875912972372,0.672042590022374,0.212983329947359
24126,0.0726174677966664,0.454404856962698,0.250490953593313,0.222486721647322
24127,0.317685089699636,0.286474250130249,0.163456902414991,0.232383757755123
24128,0.27548331256267,0.0806664392857135,0.0419861620305447,0.601864086121072
24129,0.311362903067574,0.187989470484225,0.144334696059831,0.35631293038837
24130,0.29352491838062,0.208848705509111,0.039509224504887,0.458117151605382
24131,0.155220027832252,0.353400754868434,0.3419586790384,0.149420538260913
24132,0.186414732737496,0.570595852770427,0.130247617736084,0.112741796755992
24133,0.270553288289053,0.269435987802274,0.284112355805245,0.175898368103428
24134,0.405854721102113,0.365088052421966,0.145451594390465,0.0836056320854565
24135,0.187313519166292,0.220569089465491,0.43361407674127,0.158503314626946
24136,0.227344120030007,0.182289514479155,0.450827444114851,0.139538921375988
24137,0.15338041802442,0.700891252649936,0.0790708157583292,0.0666575135673149
24138,0.483614854700001,0.222722538527799,0.128874162584116,0.164788444188084
24139,0.270642099308151,0.215275235298851,0.421088370667069,0.0929942947259296
24140,0.415628413966226,0.239255593460887,0.211006089912521,0.134109902660366
24141,0.191829345639947,0.426741174621739,0.19418143946919,0.187248040269124
24142,0.179366503000893,0.215967346175987,0.399487497348418,0.205178653474702
24143,0.244978177367877,0.320787127040098,0.318061883709642,0.116172811882384
24144,0.352615289922952,0.270139580633289,0.128046836427272,0.249198293016488
24145,0.107756617852245,0.444192110188187,0.281182274865995,0.166868997093573
24146,0.0736153013847596,0.281284198205343,0.423470645349062,0.221629855060836
24147,0.271228478806824,0.379004302011871,0.193415546467607,0.156351672713697
24148,0.345749254588088,0.34444733500795,0.12191076300547,0.187892647398493
24149,0.119055019901714,0.248691784200415,0.509969593792537,0.122283602105334
24150,0.434738225363269,0.246707554011671,0.149660287367421,0.168893933257638
24151,0.203955709242489,0.384786259121295,0.269554096060284,0.141703935575932
24152,0.0612996284516597,0.570621461823562,0.234251924920228,0.13382698480455
24153,0.12971987738377,0.163060647834547,0.538607839708174,0.168611635073509
24154,0.152958933753977,0.167800248042,0.564716598869032,0.114524219334991
24155,0.0744844072545861,0.25358672312646,0.516382368510569,0.155546501108385
24156,0.0680778800986782,0.300124909840888,0.446637884476374,0.18515932558406
24157,0.11731546315457,0.354392956786323,0.124934851842359,0.403356728216748
24158,0.613847212948239,0.12876361829692,0.17072256736542,0.0866666013894216
24159,0.177023175842326,0.249647081825062,0.287755008349786,0.285574733982826
24160,0.377706771581981,0.196438286768286,0.115494445271841,0.310360496377892
24161,0.178200903875083,0.54595092282661,0.171184590857864,0.104663582440443
24162,0.394265050247009,0.276089312616974,0.0611732115210638,0.268472425614952
24163,0.132873711078513,0.356268232029398,0.352303819251682,0.158554237640407
24164,0.203006826075077,0.490722543749383,0.220826050062008,0.0854445801135323
24165,0.0868002730569964,0.240204995851691,0.0938410653082193,0.579153665783093
24166,0.0700048959592257,0.230623840816087,0.330862987506358,0.36850827571833
24167,0.0451005412322877,0.467647218622153,0.358099061851914,0.129153178293645
24168,0.574847986583145,0.0509844421102918,0.141485701463637,0.232681869842926
24169,0.295530889043026,0.260075826509131,0.353472426889277,0.0909208575585665
24170,0.119894610419946,0.151231542470456,0.668664082711428,0.06020976439817
24171,0.138865969456051,0.463937470059499,0.341244760948356,0.0559517995360937
24172,0.259381118906782,0.246887354643627,0.368222160994374,0.125509365455217
24173,0.197769496621138,0.457217460549498,0.208767894162904,0.136245148666459
24174,0.0963480348388349,0.712347947276162,0.143678382949982,0.0476256349350211
24175,0.285045798616642,0.401938688784502,0.190833481881336,0.12218203071752
24176,0.204528010324571,0.16588695986994,0.49358928490786,0.135995744897629
24177,0.436406169220335,0.349988380389615,0.137398453757549,0.0762069966325016
24178,0.436815728252955,0.1544816459458,0.21485502080872,0.193847604992526
24179,0.0930042503119132,0.523843174789261,0.341266484917175,0.0418860899816502
24180,0.433475416960414,0.11667191294012,0.248981237260668,0.200871432838797
24181,0.0979733822251159,0.464815065805986,0.235863780735096,0.201347771233802
24182,0.146164870908367,0.238928623537813,0.536616983362403,0.0782895221914166
24183,0.477465097455393,0.26500281754798,0.194444376232455,0.0630877087641712
24184,0.23492931688262,0.563068394139212,0.147294413024769,0.0547078759533988
24185,0.150779621994923,0.435082470135476,0.27923505340688,0.134902854462721
24186,0.114501215196959,0.420230298018733,0.267295640037244,0.197972846747064
24187,0.439773808350368,0.219328764730469,0.152160597020293,0.188736829898871
24188,0.220971969628102,0.339284438364287,0.366446767160788,0.0732968248468229
24189,0.131555425583865,0.32936367317899,0.442656033907863,0.0964248673292822
24190,0.155968861013383,0.251642614334857,0.51361291871002,0.0787756059417401
24191,0.1563837091729,0.239218363182564,0.548172344842722,0.0562255828018137
24192,0.290801384045856,0.322675382050046,0.313776614377593,0.0727466195265056
24193,0.328391276126691,0.218993891687029,0.394936834638721,0.0576779975475593
24194,0.191937417497921,0.576654487410869,0.137845414418518,0.0935626806726925
24195,0.420360110841846,0.141646987580096,0.340617887030275,0.0973750145477837
24196,0.600075709385102,0.18417375213663,0.162403983967209,0.053346554511059
24197,0.105244885569117,0.502902161585114,0.245299168736134,0.146553784109635
24198,0.528145880144663,0.168075547616881,0.250129005181508,0.0536495670569478
24199,0.279556447499858,0.413833325343578,0.21199756421876,0.0946126629378031
24200,0.436538406607086,0.167374490055342,0.258043333300026,0.138043770037546
24201,0.54184719121404,0.228138115376226,0.181850762160493,0.0481639312492402
24202,0.202820266423621,0.244865518646868,0.495511804797272,0.0568024101322389
24203,0.566634183556097,0.23073877994147,0.140496844398417,0.0621301921040155
24204,0.118308829646402,0.600240262090687,0.199119483135763,0.0823314251271482
24205,0.335484621860283,0.418487521831975,0.155476732276162,0.0905511240315799
24206,0.1403421013816,0.20095016388678,0.602321898896574,0.0563858358350458
24207,0.501800134303032,0.112080720546539,0.207271712373993,0.178847432776435
24208,0.198494452630338,0.460896227839005,0.168867813684411,0.171741505846246
24209,0.146118748027708,0.297729565861977,0.363352165197607,0.192799520912708
24210,0.201356653041915,0.116030853017014,0.323130043755237,0.359482450185834
24211,0.0864658362824606,0.164711837301723,0.334037844851144,0.414784481564673
24212,0.360311258744959,0.0960453091473586,0.141502562868262,0.402140869239421
24213,0.0683872686200389,0.173916625994696,0.571551630593859,0.186144474791406
24214,0.207131380064409,0.0709468857742939,0.313403844951479,0.408517889209818
24215,0.137481804678291,0.132401488089259,0.479577780237733,0.250538926994718
24216,0.150835250267371,0.146521887520844,0.327471482976964,0.375171379234821
24217,0.178284520184887,0.43094304099988,0.069539541411835,0.321232897403398
24218,0.151260791619586,0.0732841899872296,0.346349766898062,0.429105251495123
24219,0.258065525336037,0.0917296180902324,0.370696220275155,0.279508636298575
24220,0.222019737410134,0.260537043439135,0.138637787288295,0.378805431862436
24221,0.225566199185558,0.502912068628712,0.14207581218189,0.12944592000384
24222,0.569821849770627,0.149667075803802,0.142854717885873,0.137656356539698
24223,0.382654021580328,0.126411903136724,0.0993554484994915,0.391578626783457
24224,0.12567421835342,0.0971906140840654,0.365601549870857,0.411533617691658
24225,0.24187953146231,0.29309599254981,0.143702490135036,0.321321985852844
24226,0.369713123277131,0.250918154017193,0.254226221761787,0.125142500943889
24227,0.299122299718772,0.286004029555762,0.306674062277891,0.108199608447575
24228,0.315445355118572,0.369378761860001,0.179630929619397,0.135544953402029
24229,0.238664848106649,0.427454073744471,0.223280345499416,0.110600732649464
24230,0.128297723114425,0.528515572022562,0.177318759129755,0.165867945733258
24231,0.320791620915197,0.192059945337561,0.301210051066382,0.18593838268086
24232,0.235795615810474,0.328611807531366,0.323568954315491,0.112023622342668
24233,0.35153591422176,0.392491131030655,0.132672213137046,0.123300741610538
24234,0.380691437912869,0.244108434005907,0.288574678176068,0.0866254499051562
24235,0.473045221489844,0.221813280022775,0.205238457570006,0.0999030409173762
24236,0.162221967693104,0.190909211799185,0.546842139759364,0.100026680748347
24237,0.540141259707483,0.0907156169215411,0.231568048771671,0.137575074599305
24238,0.0864267174151327,0.335533689166055,0.427711923797034,0.150327669621778
24239,0.198902510986818,0.399601154801956,0.222613187506182,0.178883146705045
24240,0.214514211998768,0.441290285747074,0.208221139557218,0.13597436269694
24241,0.0897793845913948,0.267553987279631,0.345430527942909,0.297236100186065
24242,0.308083879161386,0.266618774473255,0.312922097967198,0.112375248398161
24243,0.192997734726886,0.460266975870026,0.181459071376888,0.165276218026199
24244,0.327988192126717,0.229991391009835,0.310596467740443,0.131423949123005
24245,0.344033514165314,0.252375028271539,0.351365404082802,0.0522260534803451
24246,0.16508807062071,0.394968718607716,0.317461047432009,0.122482163339564
24247,0.180200289569056,0.42727879079487,0.327829420502253,0.0646914991338208
24248,0.351583602744742,0.138771727736162,0.370114682222457,0.139529987296639
24249,0.250570367719173,0.348877537484529,0.288452427915647,0.11209966688065
24250,0.204139553950687,0.426782229815846,0.18153819852218,0.187540017711287
24251,0.280823088450239,0.308997843029587,0.286822022170529,0.123357046349645
24252,0.232474009811098,0.427236906210567,0.197647517696996,0.142641566281339
24253,0.190749254909064,0.342357347320782,0.38415369493038,0.0827397028397734
24254,0.170270660564349,0.311258439516379,0.361119442616098,0.157351457303174
24255,0.120966891250603,0.384671085851104,0.333831646358936,0.160530376539357
24256,0.272503407424111,0.33606645833821,0.221789828075903,0.169640306161777
24257,0.304578248712256,0.258013725243742,0.317354885151108,0.120053140892894
24258,0.258840754510698,0.512451408398746,0.104522503472114,0.124185333618442
24259,0.250236095644122,0.312247781479777,0.236121445189735,0.201394677686365
24260,0.19561264218798,0.380803231889353,0.2885995806177,0.134984545304967
24261,0.485096020965532,0.149608849764161,0.167877303323832,0.197417825946476
24262,0.383132116421294,0.22084147365502,0.248770427676889,0.147255982246797
24263,0.290077896730178,0.266563662448282,0.275997932235006,0.167360508586534
24264,0.447825083908403,0.328041746696019,0.200876551910615,0.0232566174849625
24265,0.338363466188624,0.31773023774544,0.321893188432785,0.0220131076331508
24266,0.319978230281225,0.348503584066182,0.288280014442318,0.0432381712102746
24267,0.363502114231637,0.448779987243161,0.158973671922542,0.0287442266026601
24268,0.366088343068035,0.222453311418006,0.377464342549611,0.0339940029643481
24269,0.166768802095056,0.571174651180919,0.235116107530818,0.0269404391932069
24270,0.320362365322294,0.446595700462856,0.208752106726268,0.0242898274885821
24271,0.355398392633616,0.368934311733565,0.244757780605436,0.0309095150273837
24272,0.245711265292756,0.409388527846705,0.307348305814906,0.0375519010456325
24273,0.360470915502962,0.249078304679464,0.355971107749532,0.0344796720680422
24274,0.210417560803485,0.37468402810648,0.384965751215839,0.0299326598741959
24275,0.312132400736289,0.380716556063183,0.278019492293134,0.0291315509073946
24276,0.44238414041837,0.264736963102091,0.280021661947585,0.0128572345319539
24277,0.284918689237436,0.523898626633441,0.176546424960566,0.0146362591685569
24278,0.252411486552503,0.500290996801818,0.214115125213963,0.0331823914317164
24279,0.424699325713349,0.31875937935589,0.225929108435705,0.0306121864950561
24280,0.308294817670171,0.301990835834786,0.372332193469577,0.0173821530254659
24281,0.402716373073521,0.349689254155942,0.23403104000821,0.0135633327623273
24282,0.310623292197589,0.365272685323892,0.285909550820089,0.0381944716584306
24283,0.217325599838471,0.425300389051903,0.144454170650477,0.212919840459149
24284,0.141046271032084,0.200797831484781,0.567764276674815,0.0903916208083205
24285,0.0657837345853744,0.544271368481843,0.172903490249959,0.217041406682824
24286,0.182398059291992,0.116992577337187,0.581088921793194,0.119520441577627
24287,0.223148687798746,0.47965182872856,0.056498902722169,0.240700580750525
24288,0.0864849481375957,0.61198345079942,0.192797957951843,0.108733643111141
24289,0.0833563036987379,0.542686322660165,0.245118633352172,0.128838740288925
24290,0.169868948755799,0.370467169856687,0.165971382856896,0.293692498530618
24291,0.34742230749386,0.159462953590916,0.248094639101368,0.245020099813856
24292,0.139241602274967,0.128924695681958,0.471772438913032,0.260061263130043
24293,0.393444705950011,0.332597705493493,0.193854001165059,0.0801035873914371
24294,0.185629186885589,0.548292743217406,0.0830275883823264,0.183050481514679
24295,0.135135662004852,0.308922803314633,0.294174580080134,0.26176695460038
24296,0.266255090651239,0.342569327629719,0.0726104599972455,0.318565121721797
24297,0.398097825087249,0.154676116519945,0.110437076431498,0.336788981961307
24298,0.316494304805622,0.411452435847669,0.128168398131452,0.143884861215258
24299,0.277656859737267,0.121391881213365,0.103228778367942,0.497722480681425
24300,0.30289541914663,0.212098776327417,0.155981905017349,0.329023899508604
24301,0.179076122164346,0.0707793263205991,0.264647911016757,0.485496640498297
24302,0.509635143479947,0.187103427572855,0.215416839526913,0.0878445894202851
24303,0.420764713554849,0.31220132155683,0.0851421640522549,0.181891800836067
24304,0.206944401586026,0.131565049703474,0.408202627608753,0.253287921101747
24305,0.260989081925929,0.428672556537858,0.173178800314418,0.137159561221795
24306,0.325651356336446,0.115982483564842,0.21813327711681,0.340232882981902
24307,0.581743786425878,0.200148184327191,0.130400710896974,0.0877073183499576
24308,0.347547360213634,0.116706355438436,0.37349442268546,0.162251861662471
24309,0.0863377329635938,0.310873743730946,0.431078281362002,0.171710241943458
24310,0.221058647912707,0.466127437281792,0.204562563550469,0.108251351255032
24311,0.221912624400596,0.251940949271557,0.304721925202051,0.221424501125796
24312,0.476926535334165,0.133556961405363,0.152975574637514,0.236540928622958
24313,0.447782233490979,0.2931184400401,0.0889809484033313,0.17011837806559
24314,0.0613486170197652,0.696627537665433,0.0870958566681237,0.154927988646678
24315,0.212795650814613,0.482137047782449,0.188069267289846,0.116998034113092
24316,0.495993821869174,0.177103918162562,0.108360694619213,0.218541565349051
24317,0.19451340394765,0.525111312893776,0.0918018131843695,0.188573469974204
24318,0.111815164348623,0.107122350544205,0.608266795185915,0.172795689921258
24319,0.44376140574992,0.173022561839555,0.315248960345377,0.0679670720651477
24320,0.0814680339367961,0.173691304298728,0.301310639417779,0.443530022346696
24321,0.579688321350006,0.134148164570982,0.0633972632965168,0.222766250782495
24322,0.547004224001362,0.165792375499111,0.0862563344665045,0.200947066033023
24323,0.101784777935203,0.0502885840198073,0.691210984554341,0.156715653490649
24324,0.144123648708436,0.0981645713083598,0.411795002048229,0.345916777934976
24325,0.366198879970344,0.162589878754472,0.060059437075604,0.41115180419958
24326,0.08683730376853,0.109563770020679,0.457402158992043,0.346196767218748
24327,0.12094367803999,0.315832737356619,0.187272926406869,0.375950658196521
24328,0.0665010798561757,0.0614084079404602,0.563066790510317,0.309023721693047
24329,0.152567158305876,0.59276315048149,0.0457495625843293,0.208920128628304
24330,0.624590098038195,0.0503607594587249,0.156878110955991,0.16817103154709
24331,0.0715524223684999,0.112221299379323,0.337715480514276,0.478510797737901
24332,0.492915200503045,0.125224823051343,0.181848746596747,0.200011229848865
24333,0.465299292798427,0.183044634924854,0.0858755965621229,0.265780475714596
24334,0.352574099920204,0.1948574696572,0.138651640299695,0.313916790122901
24335,0.0697568110694455,0.517906722991155,0.0535385634342143,0.358797902505185
24336,0.0881216508857021,0.180424226083987,0.152463344370132,0.578990778660179
24337,0.620283350904807,0.0482347655084498,0.186099564749032,0.145382318837712
24338,0.599299107062811,0.0327058951849714,0.143427081330207,0.224567916422011
24339,0.436810065199112,0.414462586720343,0.0230739225094469,0.125653425571099
24340,0.18387219945517,0.431369677659444,0.0452145648411642,0.339543558044223
24341,0.639206433620117,0.0641349618052627,0.153802579489624,0.142856025084996
24342,0.697390368028567,0.113120142339802,0.0693282055618868,0.120161284069744
24343,0.0907990473957636,0.367737511504928,0.0886089092324092,0.452854531866899
24344,0.0502748395900424,0.120274264406968,0.575146729462658,0.254304166540332
24345,0.075521542485434,0.0346821124391815,0.524487454337042,0.365308890738342
24346,0.213470429200836,0.0641485252791019,0.511240322329018,0.211140723191044
24347,0.0943569133324346,0.531390487040554,0.13657981037003,0.237672789256982
24348,0.737213791027263,0.0215895005304479,0.110896005910086,0.130300702532203
24349,0.513321688447738,0.119213573923572,0.0708969544247904,0.2965677832039
24350,0.0335021730249466,0.222100506604775,0.562322222762673,0.182075097607606
24351,0.546698446730335,0.0664706314537384,0.0565776424086891,0.330253279407237
24352,0.0220058836728361,0.580274493535822,0.101564453236986,0.296155169554356
24353,0.284908646761438,0.0923633658053103,0.215863634175605,0.406864353257647
24354,0.0522918914513178,0.420123335376598,0.128671337346415,0.398913435825669
24355,0.337476179043392,0.0736486715305997,0.328615924782506,0.260259224643502
24356,0.0373145628288429,0.073284479579791,0.0251939731367551,0.864206984454611
24357,0.610545741915031,0.224004302346392,0.0212580717820544,0.144191883956522
24358,0.517021210219177,0.0565848379088994,0.0319400503462012,0.394453901525722
24359,0.168609455936944,0.615601219298734,0.0783049793436988,0.137484345420623
24360,0.139830939114184,0.284036289929832,0.317137490129626,0.258995280826358
24361,0.24978777334242,0.344293622694555,0.0725436537268532,0.333374950236171
24362,0.509362622391657,0.0944168474094601,0.288957192478849,0.107263337720035
24363,0.0954532314879804,0.200673511857811,0.502926653699791,0.200946602954418
24364,0.0924297713167073,0.652536507512918,0.122856411719553,0.132177309450822
24365,0.395085123360405,0.149164109981487,0.158126689815066,0.297624076843042
24366,0.158232872276942,0.348314875651198,0.220382928260841,0.273069323811019
24367,0.181732784340174,0.213065066268429,0.0988859335037711,0.506316215887627
24368,0.083200811048614,0.248396299918309,0.470033607521517,0.19836928151156
24369,0.364991665902164,0.307200058791026,0.128440494430025,0.199367780876785
24370,0.122662884971742,0.34041062594003,0.416916456209526,0.120010032878703
24371,0.284604703544928,0.15272004098835,0.364247885625698,0.198427369841024
24372,0.0802818712871654,0.0821732726024943,0.486126076331369,0.351418779778971
24373,0.243590635693063,0.460065601914621,0.17884928405479,0.117494478337526
24374,0.33011796716225,0.2407166940584,0.204726098020438,0.224439240758912
24375,0.152942783670182,0.0882036316633757,0.375582257747543,0.3832713269189
24376,0.110850551972397,0.156471087990211,0.597462557956605,0.135215802080788
24377,0.107028207713058,0.543653484892758,0.203145960639599,0.146172346754584
24378,0.0856571345083404,0.549396664178041,0.137384830313325,0.227561371000294
24379,0.118666858504128,0.514305884978645,0.162396328509927,0.204630928007301
24380,0.108733666357786,0.467782294609873,0.112679143705481,0.310804895326859
24381,0.446904755842304,0.163484557175179,0.122379072298341,0.267231614684175
24382,0.415193635676484,0.11980880711497,0.387042486832443,0.0779550703761028
24383,0.134616390162698,0.0977546933076618,0.664673985290637,0.102954931239004
24384,0.153698337399607,0.205342027101259,0.487426623603749,0.153533011895385
24385,0.467631899191342,0.108235074941774,0.267744840810365,0.156388185056519
24386,0.0982218185738455,0.137750216060359,0.557076981358012,0.206950984007783
24387,0.50156823699022,0.0924275486761031,0.178566934572929,0.227437279760749
24388,0.445371892588026,0.0641876706950643,0.230194733895058,0.260245702821851
24389,0.311087936540552,0.16514475850521,0.258297134471644,0.265470170482594
24390,0.267587047462526,0.114596826114026,0.510698206517026,0.107117919906422
24391,0.12492088735893,0.27018532097975,0.0849420362346926,0.519951755426628
24392,0.0717108872435782,0.382263923168654,0.311931459528324,0.234093730059444
24393,0.0415054112182479,0.112885007743834,0.701132812271906,0.144476768766011
24394,0.103941699938092,0.659962429586523,0.129607917969646,0.106487952505739
24395,0.260991696538243,0.169046812662561,0.505010988900142,0.0649505018990538
24396,0.495741438117191,0.211378759468387,0.0612826395089203,0.231597162905501
24397,0.214521153204732,0.301027894302077,0.328539363171912,0.15591158932128
24398,0.281016645930486,0.268647292318422,0.305433861718401,0.144902200032691
24399,0.114224192248561,0.385702728633422,0.271984629613376,0.228088449504642
24400,0.122639146974405,0.286881576440473,0.414981912121738,0.175497364463384
24401,0.321623041755843,0.174286868743662,0.293642834350467,0.210447255150028
24402,0.309868191450041,0.185864610296608,0.403797869779802,0.100469328473549
24403,0.104581975768628,0.259484276795674,0.474681855230574,0.161251892205124
24404,0.125865522082191,0.229662352907877,0.499139663660384,0.145332461349548
24405,0.267021461499086,0.259627160879698,0.323708007204881,0.149643370416335
24406,0.406896847709666,0.307822515708844,0.18087006126379,0.1044105753177
24407,0.130774411599181,0.515864790630482,0.263613586397994,0.0897472113723432
24408,0.24727557385345,0.317935888142063,0.212492229509352,0.222296308495135
24409,0.320945627660378,0.336016160719562,0.100643627245214,0.242394584374845
24410,0.26642069945742,0.263841323180073,0.238415237726813,0.231322739635694
24411,0.145757880231801,0.488523666661373,0.212082532619833,0.153635920486993
24412,0.450805037296523,0.221587085972366,0.150847568674887,0.176760308056223
24413,0.460099079027987,0.183282487986169,0.261031253495534,0.0955871794903097
24414,0.242119402368946,0.48341858421195,0.139473860884844,0.134988152534259
24415,0.305225754910396,0.143085775610496,0.383395968092953,0.168292501386156
24416,0.544916869482382,0.115951106294822,0.158532254107715,0.180599770115081
24417,0.223299086557228,0.0844692476009904,0.315390319791468,0.376841346050314
24418,0.120684674421778,0.151134179557835,0.0663194639671751,0.661861682053211
24419,0.352233226328402,0.24468041332653,0.180045829482349,0.223040530862719
24420,0.140082442240538,0.398310468125182,0.204291792027809,0.257315297606471
24421,0.203217449918993,0.0828401151037916,0.0355810122277164,0.678361422749499
24422,0.399055375364184,0.158956997454841,0.0542557901211331,0.387731837059841
24423,0.0763778924764618,0.500547791661841,0.0555870524748496,0.367487263386847
24424,0.113757923976864,0.279744855705045,0.242428045062701,0.36406917525539
24425,0.104216446734518,0.0396155043460211,0.0875403734631193,0.768627675456341
24426,0.391594267367887,0.158633338595515,0.0459746773099497,0.403797716726649
24427,0.0676917675535771,0.0683556163076393,0.596036237092997,0.267916379045786
24428,0.17339518271218,0.587636732720464,0.0327425284939146,0.206225556073442
24429,0.101076057809182,0.743760369815675,0.0350972918231027,0.120066280552041
24430,0.0944001269953606,0.0504475285348964,0.0437147478592353,0.811437596610508
24431,0.127028832380256,0.529673894175209,0.117735469061548,0.225561804382988
24432,0.0345558120905771,0.385720346345862,0.130886839174115,0.448837002389446
24433,0.0709703055690169,0.0775168111263671,0.13622159368619,0.715291289618426
24434,0.205812125114475,0.171441559442715,0.374071173381708,0.248675142061103
24435,0.384951048861445,0.292768710044523,0.131781242568314,0.190498998525717
24436,0.195563638567065,0.102826267814404,0.339379694962986,0.362230398655544
24437,0.305452001761798,0.200959993169414,0.127890497911281,0.365697507157507
24438,0.613928898796656,0.0960813545320081,0.131479932779304,0.158509813892032
24439,0.131141771176774,0.0357083795257745,0.598333058320368,0.234816790977083
24440,0.0405004590163944,0.634992361171282,0.0460511627706352,0.278456017041688
24441,0.576894482849653,0.131226795958396,0.0361551066048426,0.255723614587109
24442,0.586796156155219,0.146632305123289,0.141489167248881,0.12508237147261
24443,0.404416116345854,0.133870678976421,0.310735070277449,0.150978134400276
24444,0.0689627587056177,0.217660031476268,0.381072827720059,0.332304382098055
24445,0.222087650599446,0.134512522414504,0.188115898860072,0.455283928125978
24446,0.255675492706431,0.0621556448078446,0.0523046807148412,0.629864181770883
24447,0.102112207900293,0.757951743224764,0.0280881555734094,0.111847893301533
24448,0.152767360727592,0.466382917159952,0.0798077842700918,0.301041937842364
24449,0.371159171716239,0.027602467596622,0.157088762704944,0.444149597982195
24450,0.0629749956818925,0.0604593545166627,0.215826928433828,0.660738721367617
24451,0.0456525199273572,0.0713082267241465,0.404386342404027,0.47865291094447
24452,0.11567148006411,0.0437647349166382,0.342292246127235,0.498271538892016
24453,0.316701445478962,0.0624156781566112,0.399853343650763,0.221029532713664
24454,0.254045231506034,0.400683909593385,0.113584610333894,0.231686248566686
24455,0.212550037347901,0.0997246850943788,0.503749752508925,0.183975525048795
24456,0.133963714372246,0.186711209745767,0.352234197421544,0.327090878460443
24457,0.240612139698194,0.108928681874529,0.269414648626036,0.381044529801241
24458,0.105878462419209,0.371332695366899,0.127432912235592,0.395355929978301
24459,0.149046308659665,0.179542659551882,0.466853042183693,0.20455798960476
24460,0.067691152055997,0.341190434699843,0.286030412881033,0.305088000363127
24461,0.0703471409396288,0.122287450768382,0.458995529831544,0.348369878460446
24462,0.167819895676315,0.314384664981671,0.153764837396448,0.364030601945565
24463,0.315033057086248,0.478518444478791,0.119105982469954,0.0873425159650067
24464,0.180005407440198,0.177659089451919,0.311211664380661,0.331123838727221
24465,0.155951374092104,0.590649166261347,0.0830763700732696,0.17032308957328
24466,0.409806324232004,0.327995399370088,0.0637981867910302,0.198400089606878
24467,0.14323813036699,0.437573610586241,0.0400275167121478,0.379160742334622
24468,0.058232471073148,0.551291591804364,0.181065187087097,0.209410750035391
24469,0.115548226779717,0.464509207947121,0.086225353539584,0.333717211733577
24470,0.172273922385485,0.185605815335119,0.0842832715363442,0.557836990743051
24471,0.169078699986125,0.581559529987468,0.0820764050536899,0.167285364972717
24472,0.527131620668852,0.0826316801147353,0.225338207753426,0.164898491462987
24473,0.227713720775602,0.213868523401819,0.309380508407773,0.249037247414806
24474,0.531884352983978,0.300317175861951,0.0759675348711775,0.0918309362828935
24475,0.129084287784555,0.408324803623335,0.273198258934456,0.189392649657655
24476,0.276781557336442,0.30244040425805,0.182496762755195,0.238281275650313
24477,0.127817109979166,0.477119297767326,0.244284285766334,0.150779306487174
24478,0.221476528555903,0.21637896966781,0.391473577949772,0.170670923826515
24479,0.188165958807761,0.157193393066877,0.42641373834254,0.228226909782823
24480,0.423601441540683,0.189471203831219,0.173521951960956,0.213405402667141
24481,0.289742245647871,0.265964855611587,0.254913469511986,0.189379429228556
24482,0.437305225565882,0.127287807090759,0.177282479662103,0.258124487681256
24483,0.638110914124114,0.133777394140052,0.115659841221641,0.112451850514193
24484,0.157268177516959,0.25417013478213,0.434277675349008,0.154284012351903
24485,0.413188466448043,0.210687660731929,0.224861695363784,0.151262177456245
24486,0.326779924918929,0.340007969130359,0.151294055259715,0.181918050690997
24487,0.104382678698111,0.165037372930217,0.55993105997752,0.170648888394152
24488,0.228263624599707,0.594033978419154,0.0780557766372969,0.0996466203438425
24489,0.192333435774363,0.327821118449381,0.248424141991179,0.231421303785077
24490,0.0951117107092174,0.270008493946237,0.482966404262494,0.151913391082052
24491,0.144493535286216,0.1043963635347,0.15643933367784,0.594670767501244
24492,0.265317556342786,0.078925200689789,0.458039517892412,0.197717725075013
24493,0.104200735028919,0.194015492176137,0.559196965407427,0.142586807387517
24494,0.058344036631527,0.567963718196498,0.234502765026004,0.13918948014597
24495,0.171263252960736,0.521495505227349,0.0938530611945035,0.213388180617411
24496,0.117463534114698,0.186792263778991,0.325538293937861,0.37020590816845
24497,0.167749997968338,0.107937694153238,0.575225466588831,0.149086841289593
24498,0.239658557684309,0.204622402287585,0.41402402420115,0.141695015826956
24499,0.417247611541447,0.123868378796473,0.270859712496798,0.188024297165283
24500,0.0840896653360682,0.596495746029319,0.0981176745549349,0.221296914079678
24501,0.20203113512798,0.348867851522568,0.100644086980488,0.348456926368964
24502,0.431771244840723,0.150869712109114,0.137653135114132,0.279705907936031
24503,0.0628539168916014,0.0753268473265584,0.175259821533996,0.686559414247844
24504,0.0826073453427873,0.592802881585311,0.0714571138657445,0.253132659206157
24505,0.12753586059333,0.31660320835748,0.145084819886108,0.410776111163082
24506,0.146386190022877,0.0583335704051835,0.58202649323667,0.213253746335269
24507,0.0671417244456989,0.147566626054783,0.1935486573549,0.591742992144618
24508,0.394305010555743,0.137126268435523,0.264155865725974,0.204412855282761
24509,0.139053259172427,0.063473374884032,0.360408933143664,0.437064432799878
24510,0.079754211139578,0.142213199357582,0.52680346463291,0.25122912486993
24511,0.217298618891927,0.617499211283828,0.0902502851183586,0.0749518847058873
24512,0.376113774624312,0.093340222757402,0.291610367511983,0.238935635106304
24513,0.585444911383285,0.122786831574838,0.143743964957182,0.148024292084694
24514,0.367101693735312,0.325536796097366,0.112332140254363,0.19502936991296
24515,0.197622640362453,0.246770206407581,0.321763334347395,0.233843818882572
24516,0.467759168455224,0.115738325212298,0.157237717333991,0.259264788998487
24517,0.498505300615426,0.253036480038752,0.157538537654873,0.0909196816909493
24518,0.0842310695612198,0.164146188533722,0.19297141177598,0.558651330129078
24519,0.0891914588751134,0.160353862330978,0.67479840370027,0.0756562750936387
24520,0.0441931945823299,0.354264080863073,0.355555060463083,0.245987664091514
24521,0.124232270843722,0.484520060207013,0.062600290487101,0.328647378462164
24522,0.0358135934274862,0.125442629997331,0.725145858321693,0.11359791825349
24523,0.0951384363949704,0.240756696338771,0.462764159345282,0.201340707920976
24524,0.130181170630163,0.130286352380044,0.547588586375726,0.191943890614067
24525,0.137459305733818,0.235822079576636,0.0820750507579479,0.544643563931599
24526,0.579407817598959,0.105212520110657,0.216579453410402,0.0988002088799825
24527,0.143927134116629,0.0401869840976809,0.542516561603352,0.273369320182339
24528,0.72773883415771,0.15615116150309,0.0326857150432303,0.0834242892959704
24529,0.141151538149303,0.0835365849353121,0.270253460720664,0.505058416194721
24530,0.374048471790972,0.220214844483212,0.203814076973833,0.201922606751982
24531,0.218486644623238,0.355136108501115,0.28927220467659,0.137105042199056
24532,0.155693598788383,0.264652012780244,0.43680359310943,0.142850795321943
24533,0.325959724240626,0.258732118575164,0.10049310983395,0.31481504735026
24534,0.16773134705447,0.410622782149705,0.177864768677017,0.243781102118808
24535,0.577856421585624,0.0961673865360538,0.154669704329724,0.171306487548598
24536,0.183691159473789,0.204963376678796,0.359944821264191,0.251400642583224
24537,0.404337626754066,0.184537799246654,0.091932826040951,0.319191747958328
24538,0.184063436827461,0.568975686725796,0.0999466067353682,0.147014269711375
24539,0.310969725139046,0.242529692095022,0.210522740593092,0.23597784217284
24540,0.437771334572101,0.0980768359446666,0.232339694586397,0.231812134896835
24541,0.449177972641898,0.159313918524723,0.213060629990145,0.178447478843234
24542,0.17511506128099,0.484977131385928,0.115169630301586,0.224738177031496
24543,0.040997703628457,0.155026702121927,0.711783401217341,0.0921921930322754
24544,0.154949396608208,0.52887401273172,0.170523787028121,0.145652803631951
24545,0.230019159344553,0.133083110791279,0.477676901070573,0.159220828793594
24546,0.0941942353535773,0.535540904436979,0.172964219668186,0.197300640541257
24547,0.287656143707417,0.404482969119137,0.0609327268093183,0.246928160364128
24548,0.0703628979289386,0.268470048011402,0.392350917773565,0.268816136286094
24549,0.543281805681639,0.212901669807929,0.117904510146486,0.125912014363945
24550,0.139503160034646,0.46166054476612,0.315197696239776,0.0836385989594577
24551,0.0924174681314587,0.389526445804481,0.245718449627226,0.272337636436835
24552,0.0916541230840139,0.510904217642252,0.123174852373734,0.2742668069
24553,0.42135460154474,0.204994339940486,0.157297882512362,0.216353176002412
24554,0.304854589446091,0.140048185913987,0.293319116529013,0.261778108110909
24555,0.0998103791289155,0.696280213250714,0.0782095162832979,0.125699891337072
24556,0.476319170354871,0.263131151840756,0.0537570217988894,0.206792656005483
24557,0.132738938183478,0.266477735595833,0.3389368848589,0.261846441361789
24558,0.136023790417254,0.585004713113363,0.0565659238987423,0.222405572570641
24559,0.0548642438385092,0.738195291142467,0.121128076115317,0.0858123889037072
24560,0.0941268186337527,0.382421103916713,0.154987514210922,0.368464563238613
24561,0.250937324666075,0.177114862098228,0.175829461537521,0.396118351698176
24562,0.470923300565711,0.210721821751679,0.160995866165923,0.157359011516688
24563,0.0390817002263166,0.556601393286488,0.138449708552272,0.265867197934923
24564,0.122200145975837,0.440913429957698,0.0937265023186087,0.343159921747856
24565,0.0754784524721905,0.376382802074684,0.297479041718075,0.25065970373505
24566,0.1121223881989,0.742756855298391,0.045884064569095,0.0992366919336145
24567,0.13770622463487,0.264829930734872,0.431912905404418,0.16555093922584
24568,0.417350082809904,0.296334153869714,0.101821950478243,0.184493812842139
24569,0.2331769416838,0.146556691129587,0.283153969668742,0.337112397517871
24570,0.0627876196577595,0.529486447488166,0.143152607681906,0.264573325172168
24571,0.0807357635652792,0.271571645821198,0.384346823121241,0.263345767492282
24572,0.276787664450607,0.150577899266658,0.261224234959082,0.311410201323652
24573,0.15362709493432,0.158201328746623,0.513871460065903,0.174300116253153
24574,0.0791811327282975,0.26514973448683,0.483209802368042,0.172459330416831
24575,0.229547321085048,0.0943862547717904,0.135942704376326,0.540123719766835
24576,0.0442515570196673,0.167689344746447,0.612969009066578,0.175090089167308
24577,0.0997452537814953,0.223195375563294,0.359908859148066,0.317150511507144
24578,0.262775092668509,0.146268852481363,0.231155073044932,0.359800981805195
24579,0.409082103459274,0.333198962504896,0.0983121136915997,0.15940682034423
24580,0.125017081451446,0.0886793408974685,0.444019770789167,0.342283806861918
24581,0.173915906034735,0.0344366182243303,0.64256559767402,0.149081878066915
24582,0.0645182851462817,0.127961618211198,0.660701705756508,0.146818390886012
24583,0.0387533274353726,0.14543362956936,0.534188350577192,0.281624692418075
24584,0.0322531056650574,0.0354655454636238,0.820931817985192,0.111349530886127
24585,0.094858511079591,0.222376328297292,0.0261068374477238,0.656658323175393
24586,0.0619368431410879,0.129770193345294,0.383725780886465,0.424567182627154
24587,0.470043092622237,0.199047354303823,0.215926189648322,0.114983363425618
24588,0.23383189913455,0.418263439829766,0.235666631211645,0.112238029824039
24589,0.148190187820575,0.515418095128433,0.214595735114815,0.121795981936178
24590,0.290513618790105,0.27328749646725,0.348735500865733,0.0874633838769117
24591,0.296644901881537,0.219614068975274,0.368540386227308,0.11520064291588
24592,0.346821041125278,0.313166832324936,0.195257721603306,0.14475440494648
24593,0.326549943135709,0.33337330986977,0.236719381391817,0.103357365602704
24594,0.265361493645246,0.324728395887581,0.227463748739796,0.182446361727377
24595,0.229913816290233,0.426225845509606,0.266605593109397,0.0772547450907643
24596,0.458980749203924,0.243822120570932,0.126434341366225,0.17076278885892
24597,0.400877723337993,0.272263856367894,0.214566445817879,0.112291974476234
24598,0.468856082217982,0.171081579140094,0.138607501458537,0.221454837183387
24599,0.361090112388067,0.30113012579392,0.196548942330872,0.141230819487141
24600,0.321476721161073,0.347091772121665,0.175185201972932,0.156246304744331
24601,0.169243132357604,0.158461920243729,0.570207043712935,0.102087903685732
24602,0.243405157147908,0.461124515651055,0.174512889975417,0.120957437225621
24603,0.223288586999399,0.22049871564153,0.318471034412994,0.237741662946077
24604,0.219699532888832,0.203879052949591,0.459525009686327,0.11689640447525
24605,0.457725098838214,0.162428448937814,0.19346496160811,0.186381490615862
24606,0.0717674836207274,0.341161276666922,0.462433590517441,0.12463764919491
24607,0.482981291958963,0.167601037650009,0.235416681207227,0.114000989183801
24608,0.216639303115983,0.441099614283058,0.110440688494646,0.231820394106313
24609,0.468287114140947,0.193812884851895,0.212504598978579,0.125395402028579
24610,0.0889688020879222,0.204294654230614,0.256999202043877,0.449737341637587
24611,0.166938177638962,0.322875452441577,0.185222927498698,0.324963442420763
24612,0.130309423225186,0.645768599824693,0.115630324312135,0.108291652637987
24613,0.0877366676521255,0.166053540473805,0.627729191749706,0.118480600124363
24614,0.10274238125495,0.117773732075857,0.668891824892387,0.110592061776806
24615,0.474954192213076,0.23079635387072,0.0646641395577275,0.229585314358477
24616,0.222426058708792,0.147741427732179,0.427909354296657,0.201923159262372
24617,0.222717155772073,0.164982009449201,0.501907664087501,0.110393170691225
24618,0.346720587304094,0.107559863371819,0.441782098374539,0.103937450949547
24619,0.0928137020774169,0.396484844996096,0.392342488141276,0.118358964785211
24620,0.269479581555318,0.221246093621707,0.0788676684342877,0.430406656388687
24621,0.125013976891027,0.162069605449595,0.367434646435485,0.345481771223893
24622,0.0665459155262015,0.327646723547493,0.330272217583197,0.275535143343109
24623,0.253391037378839,0.0971664495747431,0.309809155127046,0.339633357919372
24624,0.256573340506953,0.158960232558869,0.444492973107449,0.139973453826729
24625,0.465810308591211,0.0854568263208375,0.257666192855539,0.191066672232412
24626,0.369655886190318,0.214744255042975,0.159361122788982,0.256238735977725
24627,0.216616209749828,0.206986981154097,0.0921787640847993,0.484218045011276
24628,0.62136127546325,0.109331648372565,0.0858867617113235,0.183420314452861
24629,0.0979056200818066,0.537686294292106,0.111143254780251,0.253264830845837
24630,0.212430638032082,0.154069240920907,0.297697590766853,0.335802530280158
24631,0.276817235844436,0.221926403935463,0.136822569316126,0.364433790903974
24632,0.20510947811929,0.198940949972002,0.238128104479938,0.35782146742877
24633,0.238576899463779,0.047433389103887,0.503244299760724,0.210745411671611
24634,0.240881433363616,0.0345391246654192,0.54225792776791,0.182321514203055
24635,0.314371295178747,0.125634664250371,0.177405194009032,0.382588846561851
24636,0.302129880714921,0.392974356907533,0.119266231208569,0.185629531168977
24637,0.223366772067064,0.10712308639931,0.531981037428201,0.137529104105425
24638,0.13196892407094,0.557754284709875,0.0838089386719389,0.226467852547246
24639,0.393318758568863,0.176635641223643,0.135872161359148,0.294173438848346
24640,0.643544967229483,0.0939017458283148,0.121545191706808,0.141008095235394
24641,0.073921059138648,0.766895054113801,0.0253450403190951,0.133838846428456
24642,0.199202145340966,0.0891609640285469,0.392942687528535,0.318694203101952
24643,0.0492441836691882,0.0513744473183661,0.452433811884419,0.446947557128027
24644,0.0947922845908579,0.417693661121322,0.166614657764666,0.320899396523155
24645,0.130507833827087,0.629449053658981,0.0310471083826967,0.208996004131235
24646,0.268903301829205,0.214137489720359,0.197519881908992,0.319439326541445
24647,0.407275861583566,0.371379075341226,0.104088723712748,0.11725633936246
24648,0.13292159639217,0.0716802381482478,0.427643941398786,0.367754224060796
24649,0.121954723811434,0.190705052722826,0.455092947966547,0.232247275499193
24650,0.0341517356779977,0.844587038149072,0.0178136043139008,0.10344762185903
24651,0.536216306945182,0.0901192049445912,0.0367173165130712,0.336947171597156
24652,0.228984455225991,0.0477808151519387,0.553113428681002,0.170121300941068
24653,0.489660970594529,0.162605968300303,0.106306159584683,0.241426901520485
24654,0.0731576700903909,0.440495991439873,0.0504734427603197,0.435872895709417
24655,0.0747994340481375,0.151714436064598,0.389298688330434,0.38418744155683
24656,0.185233851548512,0.232170125050034,0.386622770407433,0.195973252994021
24657,0.221067156857209,0.140017298241832,0.0673704105695492,0.57154513433141
24658,0.0746358760059897,0.466200500087347,0.177966945246514,0.281196678660149
24659,0.0256716709171422,0.111019601900841,0.398955837701169,0.464352889480848
24660,0.144521243317628,0.323867045987713,0.232583032554313,0.299028678140345
24661,0.0882783422188471,0.49290915393211,0.0398216344018861,0.378990869447157
24662,0.029121074175477,0.131871966806855,0.610526302181032,0.228480656836636
24663,0.199905949448354,0.239241052680993,0.477094611167432,0.0837583867032206
24664,0.205197777514709,0.260521571752821,0.391419023391909,0.142861627340561
24665,0.333773088959106,0.172670062244523,0.395026006817951,0.0985308419784203
24666,0.195797649408708,0.497900211699586,0.154882737513598,0.151419401378108
24667,0.127764481142565,0.443291321546413,0.320928969554788,0.108015227756234
24668,0.166387075984187,0.0924038400539055,0.699668430934016,0.0415406530278917
24669,0.198646806164022,0.299144309468347,0.332697737111164,0.169511147256466
24670,0.456605179348928,0.125628009500894,0.306636292003399,0.11113051914678
24671,0.0808574475424144,0.34453001336452,0.506910415942697,0.067702123150369
24672,0.145676872276585,0.534152667299101,0.238585361339245,0.081585099085069
24673,0.152957471730644,0.0779951377595117,0.694577434555098,0.0744699559547453
24674,0.162306018151068,0.633124715860349,0.101492855434642,0.103076410553941
24675,0.168275266860195,0.15098425762386,0.601910456109685,0.0788300194062608
24676,0.151199731645141,0.598828223068214,0.152065432289895,0.0979066129967497
24677,0.0778565807643838,0.253536526709367,0.39367223808218,0.274934654444069
24678,0.294128621695911,0.331367871275054,0.17662701334114,0.197876493687894
24679,0.260082747266263,0.430422546450543,0.1582000052444,0.151294701038794
24680,0.128090265249294,0.397818126992003,0.286433073852987,0.187658533905716
24681,0.402552632212948,0.286151741663854,0.101592524984681,0.209703101138517
24682,0.410590629200133,0.501510922061217,0.0435743842668233,0.044324064471826
24683,0.115050629995174,0.25208916704266,0.496624073711066,0.1362361292511
24684,0.149626078976124,0.202021523396972,0.504613127127472,0.143739270499432
24685,0.531173130205661,0.177627063693025,0.170672079460142,0.120527726641173
24686,0.46802588364618,0.170717098749906,0.137107758264895,0.224149259339019
24687,0.281627361364126,0.324255824414291,0.19061297915988,0.203503835061702
24688,0.191968711038572,0.398885285820868,0.20781762689723,0.20132837624333
24689,0.247959727708968,0.211926163839273,0.450803981111056,0.0893101273407032
24690,0.658876404271106,0.111503906962628,0.144198532071558,0.0854211566947083
24691,0.376721633159223,0.36642249250943,0.106428960491913,0.150426913839435
24692,0.689806034845768,0.177314663991532,0.0463264722710794,0.0865528288916202
24693,0.203159740722458,0.170250140504712,0.482512177681084,0.144077941091745
24694,0.216333246605481,0.266942911866074,0.347316910510264,0.169406931018181
24695,0.172992344615914,0.707121478755712,0.0572954891565596,0.062590687471814
24696,0.228286263756485,0.348691362187789,0.176946897538777,0.246075476516949
24697,0.151339569413626,0.190705175805586,0.360154435663125,0.297800819117663
24698,0.304602160138504,0.515002020557712,0.113235610067307,0.0671602092364771
24699,0.213231822153323,0.0653407524498263,0.658759129743748,0.0626682956531027
24700,0.115938437756731,0.455708919471139,0.188642688591167,0.239709954180963
24701,0.160534731481897,0.130254433437366,0.632059700199947,0.0771511348807898
24702,0.146334537520823,0.570519937383554,0.219068644951014,0.0640768801446095
24703,0.233586855347307,0.305097863743838,0.34644384741649,0.114871433492365
24704,0.122501207645843,0.497928726720194,0.27626441429545,0.103305651338513
24705,0.400910576652852,0.328088173583071,0.192679392527972,0.0783218572361048
24706,0.262561700079851,0.343412405069118,0.29712365524987,0.0969022396011616
24707,0.303179615192643,0.191958764944644,0.302762279331748,0.202099340530965
24708,0.554928969422299,0.103292645285586,0.23725830916289,0.104520076129226
24709,0.143817941350026,0.257616572147668,0.495018069040658,0.103547417461648
24710,0.396687128917768,0.268087826631953,0.204320204429271,0.130904840021009
24711,0.354748178419913,0.243145700057921,0.277396058670249,0.124710062851917
24712,0.270408695723994,0.444153130832024,0.175304830402967,0.110133343041014
24713,0.146403932125965,0.509568223147303,0.218410389311452,0.125617455415281
24714,0.335689875287932,0.356744698524892,0.16463841115491,0.142927015032265
24715,0.150941204340332,0.489500909053209,0.17356144141984,0.185996445186618
24716,0.446304538261452,0.293285602699576,0.123254002234882,0.13715585680409
24717,0.22686727879502,0.506044876867102,0.189961948650662,0.0771258956872161
24718,0.188216745680163,0.590267104632255,0.116229684055093,0.105286465632489
24719,0.270524433353876,0.21575201232058,0.238150252599304,0.27557330172624
24720,0.210181085576519,0.491656887548924,0.141118089986745,0.157043936887812
24721,0.287577948427163,0.368210272310873,0.191379489058057,0.152832290203908
24722,0.14103329095612,0.606193860353062,0.151025784602053,0.101747064088766
24723,0.459287466888898,0.224924646002641,0.19732385370725,0.118464033401211
24724,0.328290903437215,0.234064426148048,0.300172882531203,0.137471787883534
24725,0.51984535676103,0.219950907783457,0.087615615949196,0.172588119506317
24726,0.306223899580236,0.301368806561097,0.221934773349099,0.170472520509568
24727,0.117871061519445,0.109806880840692,0.414614419699898,0.357707637939965
24728,0.383734631249746,0.315899114849637,0.144996591858187,0.155369662042431
24729,0.23253925317372,0.175214292874007,0.380049749931111,0.212196704021162
24730,0.164566598843,0.196309071816735,0.352239153009071,0.286885176331194
24731,0.125315161607884,0.548599784344519,0.182243480653469,0.143841573394128
24732,0.264854577836784,0.165605955512253,0.373679790184418,0.195859676466544
24733,0.0644282571620755,0.243280126341021,0.201510826252971,0.490780790243933
24734,0.160502637397227,0.370524273734487,0.0969630990504857,0.3720099898178
24735,0.0896794705659739,0.132277508549016,0.444251642955484,0.333791377929526
24736,0.161932224448308,0.547484316684793,0.122386809764371,0.168196649102528
24737,0.48589720647798,0.138626608230077,0.184463159850245,0.191013025441698
24738,0.0630374865552764,0.559389434224584,0.122037612110741,0.255535467109399
24739,0.403442662888429,0.052711334147574,0.208981949255417,0.33486405370858
24740,0.188825105660115,0.447659025196447,0.13840070109101,0.225115168052427
24741,0.0767959198480731,0.272878093036324,0.554363712075747,0.0959622750398553
24742,0.28783786043514,0.278436585099154,0.0827942525113369,0.350931301954369
24743,0.133735196127148,0.367065037204569,0.0737647472815978,0.425435019386685
24744,0.412411277970046,0.047856954070642,0.28304357789468,0.256688190064633
24745,0.143936717531426,0.114107091995721,0.317011305731009,0.424944884741844
24746,0.191206772969313,0.304758504378906,0.0556057551743873,0.448428967477394
24747,0.0509152726093422,0.404814927014732,0.242934286365009,0.301335514010918
24748,0.0311524667020015,0.0405853339714716,0.597205761263605,0.331056438062922
24749,0.106162412763027,0.279052565845578,0.299597209092206,0.31518781229919
24750,0.29260747761627,0.152422302321362,0.253193124093529,0.301777095968839
24751,0.460386012024714,0.084511001031134,0.0520218362639047,0.403081150680247
24752,0.0985571126818892,0.51932188957623,0.059505656624222,0.322615341117658
24753,0.173656639325145,0.0342283364073166,0.56233453013197,0.229780494135569
24754,0.224658115770944,0.289715404863282,0.100817829220821,0.384808650144953
24755,0.0533261511474105,0.269301586783375,0.355020133333818,0.322352128735397
24756,0.0881781741204235,0.350231815116268,0.220182825318956,0.341407185444352
24757,0.143370884023601,0.0681124728988991,0.193217921690061,0.595298721387439
24758,0.178811199094267,0.0990492184211156,0.502012028323262,0.220127554161356
24759,0.154796362121153,0.330432383350506,0.312509391174531,0.20226186335381
24760,0.284148734691075,0.386515238873449,0.15043346476278,0.178902561672696
24761,0.336558217464656,0.0973449078134428,0.387482469128039,0.178614405593862
24762,0.162581545505604,0.4337043246526,0.118781437214897,0.284932692626899
24763,0.118977960390181,0.657310143938025,0.0873281949498908,0.136383700721904
24764,0.550518255638084,0.101013806716497,0.0913708743976348,0.257097063247784
24765,0.190880175048045,0.311855828288096,0.35115517401634,0.14610882264752
24766,0.0606786587329158,0.476476488885301,0.255713851524201,0.207131000857582
24767,0.235223595348478,0.139942606441493,0.158861161167295,0.465972637042734
24768,0.193616310688561,0.412724694663212,0.155109652368368,0.238549342279859
24769,0.193478371450427,0.140379016119949,0.577692554816078,0.0884500576135452
24770,0.157611153721118,0.264886921129363,0.0813614815775722,0.496140443571946
24771,0.158330368606032,0.0824903451154567,0.48749557630786,0.271683709970651
24772,0.191985779319701,0.425816790926782,0.0965203952459391,0.285677034507579
24773,0.0684580975089097,0.422964880647053,0.422079246776948,0.0864977750670889
24774,0.368359024304281,0.221466388473723,0.173866046567958,0.236308540654038
24775,0.18100765088239,0.554618718162922,0.059238347891586,0.205135283063101
24776,0.683600452573898,0.0475280426263221,0.137480670722908,0.131390834076872
24777,0.289443493761084,0.330156628116018,0.233105083177761,0.147294794945137
24778,0.414963615158406,0.229587938786272,0.170344541283937,0.185103904771384
24779,0.0948788801705397,0.414824592300641,0.230082769018644,0.260213758510175
24780,0.543299335139894,0.169346855171602,0.189838032467459,0.0975157772210458
24781,0.0596460130755266,0.105297600166684,0.75530618751692,0.0797501992408697
24782,0.549848113361137,0.102528967775211,0.132565773001274,0.215057145862378
24783,0.0664478617646626,0.260701851591086,0.447574169676087,0.225276116968165
24784,0.304968724487222,0.122992025528056,0.236307633567203,0.335731616417519
24785,0.0798130870451517,0.284914634493469,0.223936461925713,0.411335816535667
24786,0.137905544033091,0.17624935562566,0.456355562798978,0.229489537542271
24787,0.27822862067606,0.23838277640384,0.203799239733137,0.279589363186963
24788,0.154361281494264,0.243033700959759,0.369854167493309,0.232750850052668
24789,0.373018881381032,0.259625184929175,0.131580963966934,0.235774969722859
24790,0.12895363262604,0.167148752824865,0.400934183520539,0.302963431028557
24791,0.240696148516559,0.131012030802365,0.403558090243609,0.224733730437467
24792,0.235848403390711,0.154143199871267,0.273979902600917,0.336028494137105
24793,0.132037883027175,0.0753767902896224,0.539579515611517,0.253005811071686
24794,0.0995560575649135,0.634680607755094,0.0857608363310533,0.180002498348939
24795,0.222270727135982,0.159114673027592,0.0725418099385716,0.546072789897854
24796,0.586111907582754,0.226166946945101,0.114788766427302,0.0729323790448423
24797,0.15357698554997,0.560578319742154,0.180588665173868,0.105256029534009
24798,0.0540054638399243,0.117327430096066,0.625139361982498,0.203527744081512
24799,0.294195158410318,0.149169260456352,0.318437211642101,0.23819836949123
24800,0.07004838343246,0.180817120954025,0.593548334719201,0.155586160894313
24801,0.560183009675765,0.179928777797928,0.171685469606175,0.0882027429201316
24802,0.301397392248194,0.308146441485777,0.143527504576517,0.246928661689512
24803,0.0995648713247178,0.164573079088826,0.611387578095033,0.124474471491423
24804,0.555428967462195,0.138103222705241,0.148847772149179,0.157620037683385
24805,0.243450941026445,0.300841421531752,0.0983830156550744,0.357324621786728
24806,0.265553305473842,0.385483200133929,0.0846370636636936,0.264326430728535
24807,0.529815025266308,0.340188670347196,0.0421519225801703,0.0878443818063258
24808,0.429969103762153,0.105765863200555,0.260597537755774,0.203667495281518
24809,0.651024939035152,0.0614830899802855,0.105982056039153,0.181509914945409
24810,0.152141485513706,0.329638595959208,0.224213301539844,0.294006616987242
24811,0.152299572037439,0.0403523807232054,0.703679850104238,0.103668197135118
24812,0.0693466854442725,0.0892201420232244,0.726697259530055,0.114735913002448
24813,0.292291562640713,0.0665778422655799,0.42183864772938,0.219291947364327
24814,0.211968315173553,0.47957086583055,0.041770337591802,0.266690481404096
24815,0.50759096681354,0.175924895496928,0.210122004340942,0.106362133348589
24816,0.279382231533725,0.123994596546551,0.391705486397994,0.204917685521729
24817,0.214824549218824,0.264710647505684,0.124651108096151,0.395813695179341
24818,0.375280784756906,0.275668589194175,0.201480790849328,0.147569835199591
24819,0.192796653735463,0.397200072260477,0.258462062841641,0.151541211162419
24820,0.369504856139575,0.145623197518333,0.068599419666598,0.416272526675494
24821,0.457198713291524,0.217650536240067,0.100970124294428,0.224180626173982
24822,0.114822390277208,0.581208661568342,0.0879429908471816,0.216025957307269
24823,0.163757294028691,0.345981158196997,0.291499874335997,0.198761673438315
24824,0.195471660702099,0.081288599217952,0.190505160294092,0.532734579785857
24825,0.464408286808357,0.198630583316823,0.0821807294726891,0.254780400402131
24826,0.0902094123553257,0.0875170975807752,0.656194190214377,0.166079299849522
24827,0.197300448407746,0.61141346000808,0.061716563409896,0.129569528174278
24828,0.131542368451416,0.738368734084291,0.0572617822815341,0.0728271151827588
24829,0.190441333313096,0.111374084458793,0.0957827798841113,0.602401802344
24830,0.144629069994101,0.55821897290595,0.151804383328285,0.145347573771664
24831,0.0707144649166496,0.480167529043653,0.185396372357107,0.26372163368259
24832,0.13514326146922,0.147954998846752,0.248029878157088,0.46887186152694
24833,0.237242456772364,0.193020001699281,0.398850056705543,0.170887484822812
24834,0.135095561321304,0.0743122158450518,0.198768040615128,0.591824182218516
24835,0.181636178529776,0.282458692120099,0.192118714823571,0.343786414526554
24836,0.113299340182925,0.157571680827676,0.232531909748178,0.49659706924122
24837,0.602119739264574,0.0415601523699262,0.106810008552921,0.249510099812578
24838,0.0747268228443888,0.228763145833477,0.0844618183967314,0.612048212925403
24839,0.466703530955304,0.155646618754181,0.177508217621199,0.200141632669316
24840,0.433463205596169,0.175411194008559,0.192817335663348,0.198308264731924
24841,0.0575649179153533,0.625821730245985,0.179825905543288,0.136787446295374
24842,0.129918506412517,0.179375968424449,0.113004074486329,0.577701450676705
24843,0.224690655279726,0.064758827641935,0.373044812369014,0.337505704709325
24844,0.623038394825238,0.112591996336806,0.157275144701091,0.107094464136865
24845,0.588934943940986,0.0540013651300602,0.0414691358904753,0.315594555038478
24846,0.196134052344808,0.606057757271153,0.0372299643903335,0.160578225993705
24847,0.126008729433009,0.100015492180381,0.470331122034421,0.303644656352189
24848,0.07710503695589,0.131217311632582,0.112257877257013,0.679419774154515
24849,0.318617821059915,0.101536786122236,0.099520408628837,0.480324984189012
24850,0.120389206622469,0.470446550598892,0.0620014758761824,0.347162766902457
24851,0.21836246726738,0.0781189110145435,0.145953714546463,0.557564907171613
24852,0.45101034999115,0.0771716330549793,0.0477853505701547,0.424032666383716
24853,0.418231741350552,0.130555589543707,0.24523557386545,0.205977095240291
24854,0.363980596221691,0.109849321751586,0.300172920445911,0.225997161580812
24855,0.155744445901069,0.153101141574702,0.40847893965492,0.282675472869309
24856,0.140753917688785,0.507116331965573,0.0823339793360042,0.269795771009638
24857,0.148259668972581,0.169250609734599,0.520756792546124,0.161732928746696
24858,0.119251609759118,0.515475146328914,0.18712361937978,0.178149624532188
24859,0.220296571134617,0.213539875510904,0.0837296986018544,0.482433854752625
24860,0.136438978218468,0.0763463985490667,0.717526198775765,0.0696884244566998
24861,0.427284131500126,0.16312393243042,0.121411925902478,0.288180010166976
24862,0.100933044451497,0.543726485866545,0.0860288168420735,0.269311652839884
24863,0.224521243515881,0.105035609570001,0.248144432568044,0.422298714346074
24864,0.130742525015473,0.123045790317006,0.47211965436818,0.274092030299342
24865,0.184392144632765,0.0514594827932341,0.477085621641614,0.287062750932387
24866,0.721846659472732,0.0999159140193998,0.0907543908420567,0.0874830356658111
24867,0.487274279594177,0.108077755539541,0.143598783691748,0.261049181174534
24868,0.523721109025022,0.0901840161730718,0.10500109963994,0.281093775161966
24869,0.262256678491513,0.0704369093775679,0.184490086951547,0.482816325179372
24870,0.674169037363586,0.055462012231025,0.0872707633169669,0.183098187088422
24871,0.137402453355712,0.0433306740857043,0.353555572419216,0.465711300139368
24872,0.239647889091503,0.223740253394874,0.34351707552275,0.193094781990873
24873,0.591494431840336,0.280995566046341,0.0616900631204678,0.0658199389928546
24874,0.122496376087239,0.455890936820118,0.282632627598448,0.138980059494195
24875,0.291686104298006,0.35387083309932,0.170425717654562,0.184017344948111
24876,0.103798135067653,0.533920242535481,0.257715020275931,0.104566602120934
24877,0.233947309756094,0.21291237283626,0.429938312583415,0.123202004824231
24878,0.194291941095836,0.162396527714303,0.472202176401324,0.171109354788536
24879,0.468195130194192,0.204139150407638,0.165245916429061,0.162419802969109
24880,0.333875534139984,0.275242254924531,0.252462261169654,0.138419949765831
24881,0.496182084822939,0.142533593870396,0.163457483097177,0.197826838209489
24882,0.692499164442924,0.130717869204601,0.0994268628539039,0.0773561034985703
24883,0.139740632345893,0.25100857652206,0.490907783141601,0.118343007990445
24884,0.449604631163534,0.200335752160406,0.238605982276829,0.11145363439923
24885,0.352931553584272,0.356788834600417,0.15444697364594,0.13583263816937
24886,0.093370050063311,0.165937250808852,0.615410656277487,0.12528204285035
24887,0.22607714969078,0.637839321700695,0.0669543092755668,0.0691292193329582
24888,0.200208886445171,0.355965021055467,0.269516569391462,0.1743095231079
24889,0.0907357920251501,0.265696874543155,0.53143320255317,0.112134130878525
24890,0.156603709494521,0.141911104259181,0.166915122217372,0.534570064028927
24891,0.366578610280629,0.146427217705211,0.0803611208908493,0.40663305112331
24892,0.313973923645798,0.100298332289113,0.201695524589254,0.384032219475835
24893,0.275445764739195,0.234881382485733,0.179867993296985,0.309804859478087
24894,0.12874897591844,0.446846009160757,0.140624836240176,0.283780178680627
24895,0.0546898939697468,0.0668778762679156,0.462015371971486,0.416416857790851
24896,0.0619960043322539,0.270338958476682,0.190521549534678,0.477143487656386
24897,0.150766310644664,0.0699799548264522,0.654601037929433,0.124652696599451
24898,0.271355613240879,0.128544763009812,0.294634751439843,0.305464872309466
24899,0.0266489110329806,0.224050416258599,0.591568949243553,0.157731723464868
24900,0.101312791516806,0.141422853556067,0.331953049035381,0.425311305891745
24901,0.289391282631457,0.0769198207110641,0.308010059255037,0.325678837402442
24902,0.40089475850029,0.0900027042536323,0.174258210721788,0.334844326524289
24903,0.267715894702639,0.101226099159965,0.147872022266824,0.483185983870571
24904,0.0727282564866618,0.306111522647271,0.0261109450571653,0.595049275808902
24905,0.0635910389336771,0.0645563311786558,0.693309373278836,0.178543256608831
24906,0.157502456287736,0.0391486386278314,0.338448345161255,0.464900559923177
24907,0.150057564966544,0.0679351547935649,0.0297754488813136,0.752231831358578
24908,0.0304127244945561,0.275688745905248,0.477953467518322,0.215945062081875
24909,0.0963071385214442,0.462215843359399,0.137864407452422,0.303612610666735
24910,0.22887870936018,0.331693597176383,0.302296456016557,0.137131237446881
24911,0.164757619345091,0.683595735968898,0.073106935256008,0.0785397094300031
24912,0.0926348005166312,0.256980709992145,0.35090562487608,0.299478864615144
24913,0.13822553701187,0.58861393068089,0.160919496146116,0.112241036161124
24914,0.294178541142991,0.330160071365675,0.236043104027536,0.139618283463798
24915,0.0872695574241205,0.410675008746298,0.329638375617221,0.172417058212361
24916,0.468975287662455,0.223755136507067,0.159075387153862,0.148194188676615
24917,0.188728064164155,0.114453061267612,0.4312261316103,0.265592742957934
24918,0.213044639364382,0.0895092578419469,0.300555854320095,0.396890248473576
24919,0.140306228091347,0.368363686594142,0.352435965718858,0.138894119595653
24920,0.0552382274172215,0.366808427931829,0.499051872148685,0.0789014725022648
24921,0.65782706971418,0.174193986672033,0.0735042369728968,0.0944747066408899
24922,0.535518086062433,0.181451831853356,0.141532066599186,0.141498015485026
24923,0.186978232642389,0.159948205596369,0.569276275211124,0.0837972865501187
24924,0.20475205841678,0.275052163557102,0.337792309271945,0.182403468754172
24925,0.190757589381102,0.649785285606363,0.0858156374875641,0.073641487524971
24926,0.24440539159001,0.105253343872004,0.51340106534304,0.136940199194946
24927,0.194554590663912,0.451611246233504,0.109452858402778,0.244381304699807
24928,0.103428588336668,0.394686447302343,0.317906346529248,0.183978617831742
24929,0.325910581177541,0.366562874327518,0.210298064181073,0.0972284803138688
24930,0.354592901592154,0.375442826962073,0.197556694565145,0.0724075768806274
24931,0.232124492994593,0.243617156735592,0.366204419671832,0.158053930597984
24932,0.135029679407029,0.351504014948349,0.385643039201939,0.127823266442683
24933,0.287328476450879,0.491696564835597,0.121612982420413,0.0993619762931097
24934,0.436851832319963,0.276433201110913,0.158830910948642,0.127884055620482
24935,0.223844372867081,0.33410104898425,0.327427680143114,0.114626898005554
24936,0.313931226860744,0.280129662062197,0.301429755341685,0.104509355735373
24937,0.131502852954189,0.566380121094237,0.243029085302407,0.0590879406491664
24938,0.530826227917551,0.17408506185616,0.215883846301027,0.0792048639252622
24939,0.212357334216389,0.238115214778766,0.469891860751897,0.0796355902529482
24940,0.365236723939014,0.380959687966353,0.150788014095703,0.10301557399893
24941,0.254186954609422,0.417788333518874,0.194173084008832,0.133851627862871
24942,0.476040481869745,0.125713184301252,0.330757309952613,0.0674890238763905
24943,0.353320678375708,0.151250242006419,0.25409247682551,0.241336602792363
24944,0.439109898088307,0.374402414897155,0.105718437704993,0.0807692493095446
24945,0.155285919967878,0.143569572760217,0.445625771249049,0.255518736022856
24946,0.107279766864324,0.417779116486186,0.166177244111298,0.308763872538192
24947,0.407469611367004,0.203013122672825,0.211606778715281,0.17791048724489
24948,0.472263258047589,0.221345075782996,0.237837830499471,0.0685538356699442
24949,0.199115046627961,0.443219041478932,0.303953025235238,0.053712886657869
24950,0.175373089213949,0.319453746942519,0.394250699204398,0.110922464639133
24951,0.188801916036944,0.507500632255651,0.192522678529469,0.111174773177936
24952,0.389034355192649,0.323035509845166,0.183571681471043,0.104358453491142
24953,0.324488349506613,0.209667225327712,0.347862412860073,0.117982012305602
24954,0.112604292969016,0.646824234956511,0.167225127186394,0.0733463448880795
24955,0.443036022569648,0.328440581507709,0.129191441849881,0.0993319540727623
24956,0.169455205512522,0.342336568582778,0.360823010730613,0.127385215174086
24957,0.232882386773229,0.539716386904685,0.126263570807961,0.101137655514126
24958,0.101405897790041,0.6694971036496,0.178333378646051,0.0507636199143081
24959,0.153547379507705,0.402380743764795,0.283608805149803,0.160463071577697
24960,0.302646921711794,0.265715966952554,0.24101799463459,0.190619116701062
24961,0.417468366952733,0.228929290787841,0.264671401824268,0.0889309404351579
24962,0.0908371324278274,0.518064273020397,0.268667736932921,0.122430857618855
24963,0.24896422648852,0.405424711421077,0.20292605808864,0.142685004001763
24964,0.15345054817453,0.368069588682699,0.358026864226176,0.120452998916595
24965,0.17438745407462,0.656188118391985,0.114068899754734,0.0553555277786608
24966,0.173034320761371,0.322216464061595,0.410486304368419,0.0942629108086148
24967,0.345073880236474,0.101971467706034,0.431094004113015,0.121860647944478
24968,0.179422888929545,0.374091989605077,0.272338402077822,0.174146719387555
24969,0.253218739399772,0.446923546226146,0.0786524988549764,0.221205215519106
24970,0.413274751509829,0.186977002994414,0.14410344450751,0.255644800988248
24971,0.301708998830688,0.46727442346297,0.0919726728578255,0.139043904848517
24972,0.0909028297102529,0.409016096079839,0.142793829987739,0.357287244222169
24973,0.111660528514907,0.757884152842886,0.0814182761168785,0.0490370425253288
24974,0.240172765244927,0.249936592194726,0.310488542663567,0.19940209989678
24975,0.151166499312704,0.491832403245838,0.211656151303154,0.145344946138303
24976,0.192008523538373,0.103144966382427,0.589940996650066,0.114905513429134
24977,0.398134284952886,0.220722811683018,0.132901655640509,0.248241247723587
24978,0.259339587128287,0.370981204618821,0.164858978902639,0.204820229350253
24979,0.352750625597998,0.353063916353631,0.187550204309404,0.106635253738967
24980,0.102346159319077,0.357090087124307,0.402681815665322,0.137881937891294
24981,0.178366649349723,0.127849176071205,0.416071446684658,0.277712727894414
24982,0.187561709945988,0.487692202109951,0.17662136462463,0.148124723319432
24983,0.70291390721037,0.157428864207541,0.0328988896913855,0.106758338890703
24984,0.0617944625543204,0.451837461906339,0.204879446163111,0.281488629376229
24985,0.103876526972869,0.447183024401236,0.271068072171061,0.177872376454834
24986,0.256676600139102,0.0381357020818004,0.0500724506100617,0.655115247169036
24987,0.0187474337187781,0.334600329015111,0.511596058669388,0.135056178596723
24988,0.0397254425532232,0.142857190982147,0.032945156986673,0.784472209477957
24989,0.102280055574961,0.649712003765399,0.0819256346931321,0.166082305966508
24990,0.0170932976018122,0.366782862906224,0.296762734114107,0.319361105377857
24991,0.0862398270512016,0.0235501592805782,0.4146812938018,0.47552871986642
24992,0.0352821999725579,0.0988489115577532,0.712729546961266,0.153139341508423
24993,0.77236705109493,0.0488920474483059,0.0365321103738835,0.14220879108288
24994,0.543537718211417,0.104311002048843,0.0535320096374925,0.298619270102248
24995,0.481553636382338,0.249908998042382,0.0411065565464844,0.227430809028796
24996,0.0700823311496888,0.104913472434181,0.0354476424190182,0.789556553997112
24997,0.0754360623184629,0.394011975781955,0.0410200684833419,0.489531893416241
24998,0.106895479095861,0.0250562333248794,0.190104018603444,0.677944268975816
24999,0.0367268316638775,0.345596639987587,0.0223596952407266,0.595316833107809
25000,0.0213429950223866,0.0819291753198692,0.173927100880207,0.722800728777537
25001,0.053828204259145,0.653421293340162,0.0218141136513134,0.27093638874938
25002,0.0454138331735708,0.0744436555925968,0.405575521878295,0.474566989355537
25003,0.10040513843251,0.0899116973688181,0.0869249671340491,0.722758197064623
25004,0.0233057877254232,0.0307239967724583,0.658143862564448,0.287826352937671
25005,0.225883930663211,0.435613580612782,0.211225465899828,0.127277022824179
25006,0.458704456862663,0.259535109858201,0.191020670862585,0.0907397624165515
25007,0.398099368620614,0.329257460609153,0.133709769463884,0.13893340130635
25008,0.188413387833972,0.114310782290797,0.569715734918815,0.127560094956416
25009,0.446652092361781,0.117968043300185,0.275650181513756,0.159729682824278
25010,0.364639802792724,0.0785839843268653,0.417085206204781,0.13969100667563
25011,0.118913962871034,0.741837475976887,0.0790138945206369,0.0602346666314414
25012,0.0753485115934426,0.497920309264197,0.18098225033305,0.24574892880931
25013,0.329848051458553,0.104787871516605,0.36102656495195,0.204337512072892
25014,0.115455623586082,0.151324187830926,0.643109260824618,0.0901109277583745
25015,0.368746223773851,0.220853739952968,0.190619012590798,0.219781023682384
25016,0.171275474101186,0.411852998878607,0.109574462952695,0.307297064067512
25017,0.0971764843123401,0.189092292494015,0.619776225583543,0.093954997610102
25018,0.667275326729844,0.152267082546257,0.0932979264345461,0.0871596642893538
25019,0.179206362825874,0.593330462649518,0.113918692737981,0.113544481786627
25020,0.326711354510621,0.173821607745721,0.152337684761691,0.347129352981967
25021,0.174639902326164,0.118322986855374,0.440116560571941,0.266920550246521
25022,0.115310324894431,0.247850696710788,0.376594260225633,0.260244718169148
25023,0.120498411021917,0.18554387619713,0.569499569573357,0.124458143207595
25024,0.48258636260503,0.137705949748664,0.256001560518617,0.12370612712769
25025,0.39854653918072,0.190922565374011,0.174417554493635,0.236113340951634
25026,0.397750829992549,0.336946357738836,0.146984213612091,0.118318598656525
25027,0.0972257384551666,0.361943215031279,0.318373226691824,0.22245781982173
25028,0.580810935678516,0.11479816692059,0.221899792776568,0.0824911046243253
25029,0.127888190313319,0.167099236821936,0.592718960066938,0.112293612797807
25030,0.166471843268721,0.0773912030848838,0.558898669728857,0.197238283917539
25031,0.147894345691852,0.0873678161286163,0.501268668663667,0.263469169515865
25032,0.127618829681688,0.0608690615362671,0.700661398295863,0.110850710486181
25033,0.352215823124342,0.171599446936386,0.28534478298633,0.190839946952942
25034,0.158191200086401,0.537744742642696,0.113588405155621,0.190475652115283
25035,0.33184964217276,0.168657610598607,0.219683857142516,0.279808890086117
25036,0.118390481039828,0.194594197759756,0.296207790314062,0.390807530886355
25037,0.201829416349337,0.501358742079655,0.0989135676711775,0.19789827389983
25038,0.333673246671423,0.264301621494921,0.187318390396764,0.214706741436892
25039,0.114758112077878,0.271358298045293,0.33407345622579,0.279810133651039
25040,0.228785710861824,0.324981558443284,0.340934035043667,0.105298695651225
25041,0.181747327643382,0.591613284295684,0.050687028839323,0.17595235922161
25042,0.13744896986118,0.186589656799139,0.395701312297538,0.280260061042143
25043,0.140326354217431,0.488969716824939,0.125976808990632,0.244727119966997
25044,0.288797238562631,0.169460849909425,0.390575991131605,0.151165920396338
25045,0.125989042507366,0.267291755945972,0.485030101910855,0.121689099635806
25046,0.0980864235672847,0.728168981435555,0.0635409621118718,0.110203632885289
25047,0.277334659766598,0.269870193672015,0.290407669373716,0.16238747718767
25048,0.102243301679161,0.442517497160593,0.245829169053378,0.209410032106868
25049,0.0891180610319345,0.298262660800786,0.551900440451313,0.0607188377159669
25050,0.333539477063154,0.36944492360835,0.152598163245016,0.144417436083481
25051,0.16722042835437,0.336062139994721,0.342902871698992,0.153814559951917
25052,0.178717819955524,0.470430242685993,0.15886923125904,0.191982706099442
25053,0.23511856747485,0.215522867553504,0.241085401082944,0.308273163888702
25054,0.0615911490978581,0.57909882197911,0.222466025675833,0.136844003247199
25055,0.130432503525515,0.624828467831859,0.100620508470202,0.144118520172425
25056,0.206624392023832,0.123579952265103,0.287170384858954,0.382625270852111
25057,0.169491926734949,0.613067324630477,0.103207670708265,0.114233077926309
25058,0.499849326685172,0.194913827455072,0.140619605731537,0.164617240128219
25059,0.372691160552144,0.0641980116438773,0.243914399561682,0.319196428242297
25060,0.176292999545362,0.331732751113161,0.286877901451528,0.205096347889949
25061,0.0794322993508456,0.451477651695226,0.23826045937131,0.230829589582618
25062,0.257217369625021,0.430882992253657,0.0727234654229927,0.23917617269833
25063,0.0562943107307548,0.369028850633355,0.266863962522448,0.307812876113442
25064,0.243137044391734,0.422803925103058,0.0634892463378009,0.270569784167407
25065,0.182837200837927,0.498476134208578,0.0932034515029366,0.225483213450558
25066,0.2691424288439,0.0701771537428105,0.243223361988845,0.417457055424445
25067,0.145085655479498,0.050660626864851,0.298363151809734,0.505890565845917
25068,0.0676124316021244,0.186059611343928,0.329529521135834,0.416798435918113
25069,0.0741155212882377,0.369548695281158,0.284819529340647,0.271516254089956
25070,0.0655023220083359,0.11304826176473,0.123862900298687,0.697586515928247
25071,0.148370675210784,0.529364286050346,0.0691795083571548,0.253085530381716
25072,0.0857469442426451,0.710733078478139,0.0539593508580293,0.149560626421187
25073,0.104363136869364,0.486900224202754,0.0354541429157325,0.37328249601215
25074,0.109562535263762,0.582857070805414,0.105949251900002,0.201631142030821
25075,0.187648342187231,0.0545798888749403,0.379895468873681,0.377876300064148
25076,0.0409503229836141,0.0691199400805097,0.276732135065833,0.613197601870043
25077,0.0396237585099801,0.163430702406477,0.487950445488085,0.308995093595459
25078,0.496297608432063,0.0415512079001701,0.200377807368221,0.261773376299546
25079,0.141074593407698,0.0533754698499807,0.385350996252934,0.420198940489388
25080,0.546229766206737,0.06566774292462,0.0644865448667062,0.323615946001937
25081,0.47634049495131,0.109840187878849,0.178161078571703,0.235658238598138
25082,0.100094793960712,0.462560464888936,0.229677704570652,0.2076670365797
25083,0.0972191865677766,0.358913225066582,0.180951820906344,0.362915767459297
25084,0.502032200212734,0.1284259665066,0.268060842396851,0.101480990883815
25085,0.168462243736402,0.611568378242587,0.141793086002951,0.0781762920180608
25086,0.637549630106127,0.0992602852818747,0.142281130306501,0.120908954305498
25087,0.114189872057399,0.45095761315618,0.298289158517537,0.136563356268883
25088,0.511009525064707,0.148607891138844,0.230110633290684,0.110271950505765
25089,0.109179133231561,0.0798013969127036,0.643941458533396,0.167078011322339
25090,0.529344913739162,0.161686524976394,0.174587656853367,0.134380904431077
25091,0.35828290241024,0.117809675110715,0.265153047874824,0.258754374604222
25092,0.136653746114177,0.120339197917945,0.0776125644078152,0.665394491560063
25093,0.468925355747682,0.0775356462695594,0.187611798927769,0.26592719905499
25094,0.0659928143486944,0.0922854867395291,0.728420801025091,0.113300897886686
25095,0.0803230591872249,0.521085014284126,0.273055532907199,0.12553639362145
25096,0.0534160724943984,0.139516269948901,0.0956231781321054,0.711444479424596
25097,0.0499865318361388,0.107199991435332,0.669460989193961,0.173352487534569
25098,0.224921425071303,0.105885182324473,0.199723942826888,0.469469449777335
25099,0.0478076300525252,0.266323664640923,0.51181309848706,0.174055606819493
25100,0.183411330137135,0.277853339374346,0.464783072416558,0.0739522580719617
25101,0.47065844530018,0.146749342035072,0.260622570674157,0.121969641990591
25102,0.423037809108969,0.247821438054139,0.153641665159604,0.175499087677288
25103,0.34722021605303,0.347042217302556,0.205853050023673,0.0998845166207414
25104,0.124458826453788,0.338490755665951,0.46550269647184,0.0715477214084208
25105,0.18051076512424,0.327825046223619,0.396901111126438,0.0947630775257025
25106,0.313838954043948,0.335589119458678,0.260557148225486,0.0900147782718886
25107,0.210081364336746,0.460286158232436,0.188883111813543,0.140749365617275
25108,0.207069503922351,0.478223409570976,0.221520542093052,0.0931865444136213
25109,0.281703610021942,0.403155922187627,0.198250026022377,0.116890441768054
25110,0.308719722955041,0.268202285475827,0.17815268461278,0.244925306956352
25111,0.305789898759541,0.191650323272971,0.273718563447111,0.228841214520377
25112,0.164907541436697,0.273806808525664,0.40346197379772,0.157823676239919
25113,0.392489910562206,0.357759555158908,0.161020248587031,0.0887302856918558
25114,0.251312568263286,0.295911586607382,0.334869365546244,0.117906479583088
25115,0.176057298162291,0.344787005825963,0.349723659425114,0.129432036586633
25116,0.326714421943581,0.320852678534397,0.235558819707053,0.116874079814969
25117,0.590824396396617,0.229507848366514,0.104195133363625,0.0754726218732442
25118,0.367041347110754,0.195985642035864,0.31942440596019,0.117548604893193
25119,0.117564419760424,0.388719416756391,0.35747731434166,0.136238849141524
25120,0.322490727228177,0.299788322015805,0.103821053221285,0.273899897534732
25121,0.392046962455871,0.168887190448893,0.248202640882895,0.190863206212341
25122,0.381023522329449,0.287838050362884,0.22104760607001,0.110090821237658
25123,0.517060519360786,0.110505242154337,0.278542673759005,0.0938915647258719
25124,0.121844307184342,0.173649489611706,0.576201141739886,0.128305061464066
25125,0.734223828091767,0.131092707543194,0.0574207782371264,0.0772626861279128
25126,0.104493091982523,0.444760131360773,0.261591244023256,0.189155532633448
25127,0.316884306977672,0.185831000760781,0.210208862107021,0.287075830154526
25128,0.327990100596233,0.133514093791733,0.154006476170113,0.384489329441921
25129,0.334530984707903,0.136916601387861,0.468081186451052,0.0604712274531848
25130,0.236275185639415,0.169792158765357,0.141044024298978,0.452888631296249
25131,0.251269589842389,0.426887494033291,0.0474666019513689,0.274376314172951
25132,0.44648177263455,0.212109900049673,0.115135199835128,0.226273127480649
25133,0.722945878161811,0.0498091750469739,0.122024042101734,0.10522090468948
25134,0.288672488729483,0.331990596494752,0.0769362040754273,0.302400710700338
25135,0.0634801151987806,0.635940210474644,0.0796784542686295,0.220901220057945
25136,0.203400180288081,0.241357602535597,0.349247322777572,0.205994894398751
25137,0.101980344935645,0.549668606132635,0.110567119302223,0.237783929629496
25138,0.118058684193164,0.439362549579583,0.158090009148164,0.284488757079089
25139,0.170375274661973,0.346361804457164,0.169098678454453,0.31416424242641
25140,0.10002269182264,0.0984108609194573,0.47280932260731,0.328757124650593
25141,0.29377263956216,0.389980193629396,0.160344398623531,0.155902768184913
25142,0.289623247745043,0.310688120466084,0.0780261647809396,0.321662467007934
25143,0.12792237496891,0.217396551800802,0.172953416521022,0.481727656709266
25144,0.190751936714881,0.3476749692471,0.100332975853361,0.361240118184657
25145,0.35560113811193,0.182663203679139,0.103789859455256,0.357945798753675
25146,0.232229884221337,0.572270358441413,0.0491672609931653,0.146332496344085
25147,0.199456988437799,0.140224220539184,0.417532699247865,0.242786091775151
25148,0.291792030679392,0.330639857238191,0.0550924517330856,0.322475660349332
25149,0.114109237709391,0.637601726941089,0.129210602609156,0.119078432740365
25150,0.128946008469326,0.133052129049125,0.499018085897196,0.238983776584354
25151,0.0394574674044065,0.516178486649478,0.172282734081972,0.272081311864143
25152,0.494359689807775,0.0927333212359732,0.0893613512924741,0.323545637663778
25153,0.37889412602351,0.538429785260086,0.0348214599668843,0.0478546287495192
25154,0.247706885395322,0.146769584941631,0.425958163899044,0.179565365764003
25155,0.0682137645622771,0.649473439677072,0.0351889215795643,0.247123874181086
25156,0.105086968268742,0.740915186688468,0.0430027423901315,0.110995102652658
25157,0.219839578928425,0.475501542702715,0.162683537522174,0.141975340846686
25158,0.462369033473896,0.329555430941875,0.111735973149952,0.0963395624342769
25159,0.154610861693565,0.459689015977893,0.168783180521575,0.216916941806968
25160,0.252146670111715,0.284275177084211,0.297990110977781,0.165588041826293
25161,0.36749961438779,0.134581527113643,0.216128727848867,0.2817901306497
25162,0.369773138033393,0.246204096917756,0.10862499560973,0.275397769439121
25163,0.149503260869555,0.17106603848241,0.535246664999663,0.144184035648372
25164,0.3857611696583,0.431254213487457,0.0848148005631472,0.0981698162910961
25165,0.148315429300412,0.170799019700892,0.21096721244349,0.469918338555206
25166,0.203348352267873,0.195703030432103,0.378752920348373,0.222195696951651
25167,0.26283475918039,0.455001254119061,0.112965169191421,0.169198817509128
25168,0.283311717788067,0.363450923221317,0.0645371478493012,0.288700211141315
25169,0.291881036387827,0.256184005956902,0.0882669419092501,0.363668015746022
25170,0.479863536582359,0.315647819089054,0.0697970228924608,0.134691621436126
25171,0.471017439686274,0.176333634352756,0.210701557104089,0.14194736885688
25172,0.210911471004062,0.431557480665776,0.163946211363792,0.19358483696637
25173,0.371027825179454,0.0761655830966469,0.263760529231205,0.289046062492694
25174,0.364183090303073,0.0992515386052291,0.272115690623794,0.264449680467904
25175,0.613381167320719,0.127413954304522,0.0653926166327467,0.193812261742012
25176,0.21579975531632,0.281721024903107,0.375505252734937,0.126973967045636
25177,0.243414053075771,0.319043662260041,0.242138009849876,0.195404274814312
25178,0.215525595036978,0.262299379506534,0.411126286303819,0.111048739152669
25179,0.611065176774079,0.121418847029055,0.202173618915237,0.0653423572816287
25180,0.414713781363279,0.120010977882494,0.288766973746804,0.176508267007423
25181,0.137568780148519,0.12429662568921,0.666467569329756,0.0716670248325154
25182,0.31824745494397,0.170296384391152,0.231512523837121,0.279943636827756
25183,0.319835610762038,0.298638536794075,0.24524786777794,0.136277984665947
25184,0.178499528808653,0.238951775743363,0.410064294940006,0.172484400507978
25185,0.33026956528424,0.172859656855293,0.30240147477171,0.194469303088757
25186,0.208232393602527,0.578269087200691,0.0917446960577748,0.121753823139007
25187,0.298607558168723,0.227912840142308,0.183274189216162,0.290205412472807
25188,0.165573062643189,0.13026941874603,0.518931734098125,0.185225784512656
25189,0.420834551124816,0.216775905168456,0.181527899604858,0.18086164410187
25190,0.361008152202274,0.382596093872517,0.0698009575565159,0.186594796368693
25191,0.101231260845262,0.530761850940069,0.207247873988102,0.160759014226567
25192,0.165742794068817,0.327344839940458,0.230252587958031,0.276659778032693
25193,0.365185237351568,0.308623254711403,0.133929786653082,0.192261721283947
25194,0.199575371838395,0.396993008942802,0.223494683618097,0.179936935600706
25195,0.149751217537106,0.260270835320589,0.375765504853177,0.214212442289128
25196,0.0988373560939965,0.38051200835858,0.235348221581481,0.285302413965943
25197,0.101836021380848,0.560953995474083,0.145065490157773,0.192144492987296
25198,0.227507085356931,0.435044892821859,0.0921804398504425,0.245267581970767
25199,0.269310081226401,0.127721971664807,0.430043348372253,0.172924598736539
25200,0.140683789729105,0.477191065700699,0.106057746662268,0.276067397907928
25201,0.186533932853977,0.154032987165103,0.332168401982255,0.327264677998665
25202,0.244685177862839,0.152213971382655,0.371862289892781,0.231238560861725
25203,0.43336485691989,0.32381187375461,0.121904430658148,0.120918838667352
25204,0.0893923761438311,0.135805260923533,0.523196773658016,0.251605589274619
25205,0.153408271710681,0.278742873799311,0.243362834813217,0.324486019676791
25206,0.185553931917573,0.362588141126863,0.232799035162744,0.21905889179282
25207,0.109850892039355,0.187155951300077,0.297539494624744,0.405453662035825
25208,0.32589163643133,0.223418942979272,0.24757287758221,0.203116543007188
25209,0.172257465981527,0.0494418743246241,0.501360448987831,0.276940210706018
25210,0.135283801985305,0.164443462598945,0.523518268679323,0.176754466736427
25211,0.0732973274094402,0.291084006829049,0.405120360648473,0.230498305113038
25212,0.357749226245293,0.223168723569659,0.175529706863103,0.243552343321946
25213,0.137950807874883,0.0998860205438665,0.513943252409586,0.248219919171665
25214,0.201412843738578,0.258315137239119,0.351756449146574,0.188515569875729
25215,0.272676991476324,0.300536469915959,0.319303065074084,0.107483473533633
25216,0.265421688635797,0.415072868859788,0.185033943200776,0.134471499303639
25217,0.499639810134602,0.265705863308403,0.165437448672615,0.0692168778843803
25218,0.28864045774272,0.421049489942837,0.149011792679537,0.141298259634906
25219,0.275050620394757,0.483260540520506,0.109357707312593,0.132331131772144
25220,0.291517709538595,0.179921399249827,0.345217525414205,0.183343365797373
25221,0.139635181679324,0.596836855078963,0.159810576154603,0.10371738708711
25222,0.151273482252296,0.290264180061266,0.461356653923772,0.0971056837626668
25223,0.218021006895664,0.358830244387118,0.210210022590273,0.212938726126945
25224,0.0921695255431418,0.689431938203356,0.110053958414088,0.108344577839415
25225,0.343809818583696,0.131817110262265,0.346966153218176,0.177406917935863
25226,0.624418530150236,0.147153995793443,0.153863031829128,0.0745644422271931
25227,0.0838418785391534,0.688272197074926,0.137221739002089,0.090664185383831
25228,0.158484800389721,0.190901153660204,0.501856691697074,0.148757354253
25229,0.102425051999786,0.193395941385278,0.509488619357126,0.19469038725781
25230,0.156679996163999,0.155394081484633,0.591698588871589,0.0962273334797785
25231,0.0790271831728796,0.536352419879177,0.2364180036111,0.148202393336843
25232,0.253158731403408,0.413300701860681,0.127476457220461,0.20606410951545
25233,0.239661988403791,0.317792310230475,0.329085649610414,0.11346005175532
25234,0.228375561811176,0.306747140059042,0.389968286984248,0.0749090111455344
25235,0.409861518176846,0.2203552345188,0.284696915381818,0.0850863319225369
25236,0.310574126099195,0.307768551272802,0.289887979451021,0.0917693431769818
25237,0.277291478138037,0.474460351528903,0.174917221595141,0.0733309487379187
25238,0.346202345195305,0.253411752036603,0.289791266306677,0.110594636461414
25239,0.340939968587109,0.368055173775582,0.171997731226119,0.11900712641119
25240,0.244497630643842,0.216497769207437,0.452991475814422,0.0860131243342988
25241,0.569796206147906,0.2034108705608,0.172181497530661,0.0546114257606329
25242,0.170379314394923,0.32463406031817,0.383583975127718,0.12140265015919
25243,0.20068890056981,0.430993387002503,0.273747443152066,0.094570269275621
25244,0.271672428691138,0.448748302594481,0.153946492522283,0.125632776192098
25245,0.28812117937537,0.129140812454785,0.526861452283692,0.0558765558861528
25246,0.315241552562665,0.373681121454528,0.228311766867484,0.0827655591153236
25247,0.225331371398769,0.265729790975089,0.344889066821244,0.164049770804898
25248,0.221958017314881,0.333196770200629,0.260815937688909,0.184029274795581
25249,0.188024279678851,0.569297940129565,0.189654802631814,0.0530229775597694
25250,0.261990459522727,0.369574500221211,0.238365767848732,0.13006927240733
25251,0.189382618659617,0.305163956998519,0.293809968238732,0.211643456103131
25252,0.615619049934854,0.14611561985284,0.137064445479854,0.101200884732453
25253,0.329916664838305,0.330951746120833,0.15717741243116,0.181954176609702
25254,0.41165030242049,0.288641183728879,0.05896567652939,0.240742837321241
25255,0.496583180662308,0.273573244281789,0.0706906207088183,0.159152954347085
25256,0.0871803215921463,0.782135315653499,0.0690693848611899,0.0616149778931643
25257,0.171281856488853,0.274368226150294,0.400118864858051,0.154231052502802
25258,0.482052216797813,0.166717130513702,0.102707080673576,0.248523572014909
25259,0.206466777081569,0.487663714979889,0.170614506933667,0.135255001004876
25260,0.0776871458248427,0.544068396954447,0.180192236924357,0.198052220296354
25261,0.525790356717561,0.180360521486328,0.207988085534117,0.0858610362619939
25262,0.249316129029007,0.381716101223677,0.0770427234046545,0.291925046342661
25263,0.409761161199486,0.180984620661293,0.24651632972191,0.162737888417311
25264,0.148629321004924,0.156365281691717,0.443000700792665,0.252004696510695
25265,0.67444228973169,0.195902242564209,0.0435472950233474,0.0861081726807535
25266,0.113381005380883,0.588229818627416,0.191988382228911,0.106400793762791
25267,0.110298166677151,0.219066549432743,0.495272036653347,0.175363247236759
25268,0.108525171372873,0.259041195700936,0.550084463906546,0.0823491690196445
25269,0.264460225998198,0.249326306918804,0.118182974439889,0.36803049264311
25270,0.442841099847906,0.165356222193182,0.174688626977377,0.217114050981535
25271,0.0697363964489851,0.292817558699148,0.551342755662495,0.0861032891893714
25272,0.21517512238266,0.287349109800182,0.29181356379868,0.205662204018479
25273,0.251789682792018,0.28006356879553,0.23299797523916,0.235148773173292
25274,0.315563559491777,0.155047806697557,0.320988525080613,0.208400108730052
25275,0.493633017905428,0.293200152012352,0.118780051735798,0.0943867783464227
25276,0.389397025089123,0.334696636234414,0.176008101474799,0.0998982372016646
25277,0.163408574944071,0.117087256162914,0.506909989350358,0.212594179542657
25278,0.381116428068377,0.37375241018089,0.098433435900142,0.146697725850591
25279,0.531956507050517,0.153649533951083,0.0538008734472866,0.260593085551113
25280,0.141716022669952,0.117952673688562,0.666085944168624,0.0742453594728619
25281,0.223000297564562,0.0595442262370839,0.631679774891867,0.0857757013064864
25282,0.51242686480315,0.100711999018713,0.158524554119337,0.2283365820588
25283,0.249084288358659,0.135797882134188,0.396198370998299,0.218919458508855
25284,0.173386899632917,0.581674562432035,0.130912495489812,0.114026042445236
25285,0.45876893635713,0.19467839495289,0.13455117372152,0.212001494968461
25286,0.494625196111785,0.177515872159539,0.138159712906237,0.189699218822439
25287,0.103289983924823,0.678841786082651,0.129487602347723,0.0883806276448031
25288,0.126510687109741,0.0930434698187567,0.344083000363126,0.436362842708376
25289,0.0712356486975545,0.455647214712317,0.221804297242309,0.25131283934782
25290,0.229232616152545,0.405577876615758,0.134313720730054,0.230875786501643
25291,0.408143363283255,0.191560634054107,0.124774171336407,0.275521831326231
25292,0.123810669200068,0.0816429409196454,0.297903713188212,0.496642676692074
25293,0.0909673988817099,0.309921972873263,0.209924706996565,0.389185921248462
25294,0.140855262291481,0.465143464833946,0.0629610084205361,0.331040264454037
25295,0.122170132898494,0.115406185148492,0.333807504449471,0.428616177503544
25296,0.109616368436645,0.743130309462764,0.0433560537624903,0.1038972683381
25297,0.0641503315765797,0.605964333957236,0.126225552879947,0.203659781586237
25298,0.742422417366805,0.0670138566885631,0.0301957487212632,0.160367977223369
25299,0.515778937118306,0.088599053210752,0.236119573374312,0.15950243629663
25300,0.26322391637879,0.522912985415832,0.0379120541135636,0.175951044091814
25301,0.456676060686376,0.0573457064704995,0.159171421182139,0.326806811660986
25302,0.491732904824886,0.0833450257432153,0.14372360570619,0.281198463725709
25303,0.0582781443277797,0.614235535380101,0.155250681284601,0.172235639007519
25304,0.0394600904434443,0.119372977216484,0.61417855004242,0.226988382297652
25305,0.711225852786217,0.060910148244498,0.0756961745142542,0.152167824455031
25306,0.164738176427267,0.406554708435786,0.0452540855434356,0.383453029593512
25307,0.0814797786021394,0.315839418225068,0.0848121189490387,0.517868684223754
25308,0.132496790155804,0.685605369208911,0.0459118142470708,0.135986026388214
25309,0.208535634873,0.273836640324432,0.327482054098844,0.190145670703724
25310,0.345321173416111,0.424309524783722,0.112558885456317,0.11781041634385
25311,0.36159982201613,0.308040369929278,0.207782642887043,0.122577165167549
25312,0.221893943644252,0.198527606085469,0.489451423780365,0.0901270264899146
25313,0.322842553403814,0.251069655735053,0.252784516316834,0.173303274544298
25314,0.362273113612342,0.284062912008225,0.154579413991908,0.199084560387524
25315,0.39496923509531,0.241146491976749,0.270538769931489,0.0933455029964518
25316,0.319799646790694,0.289988222916835,0.179379216859531,0.210832913432941
25317,0.353609979765509,0.21917937694961,0.280993553611365,0.146217089673516
25318,0.434758587421455,0.254023739568239,0.193464585273369,0.117753087736936
25319,0.386808024642486,0.418309666787286,0.104676615713777,0.0902056928564509
25320,0.204965206081625,0.198960678040131,0.427515125223102,0.168558990655142
25321,0.140356449315107,0.284565232181419,0.417256440390704,0.157821878112771
25322,0.298897249471974,0.190323894893774,0.418141760668368,0.0926370949658844
25323,0.415198527527923,0.116954948648525,0.314331378385166,0.153515145438385
25324,0.266742488829026,0.405461803551034,0.167719104172681,0.160076603447259
25325,0.3015512814082,0.468053751052965,0.063640231405027,0.166754736133808
25326,0.201734433853314,0.13466641723767,0.350751101117236,0.31284804779178
25327,0.140469123555206,0.438870792982176,0.184540260119792,0.236119823342826
25328,0.161561455313537,0.0863980980835629,0.554084690195647,0.197955756407252
25329,0.254601757298233,0.0790206747948622,0.134324427953101,0.532053139953803
25330,0.08092474864591,0.169934320016537,0.46357824341235,0.285562687925203
25331,0.169168744718594,0.442917607368861,0.0484246320270046,0.33948901588554
25332,0.28737155175819,0.195861563533984,0.0669308506710173,0.449836034036808
25333,0.13770953789716,0.28177857349584,0.087879296893272,0.492632591713728
25334,0.303449847160233,0.399716490285707,0.0325602023025582,0.264273460251501
25335,0.058053166580843,0.287567787164458,0.235179073874728,0.419199972379971
25336,0.0604892702587951,0.2323471841971,0.469662893790893,0.237500651753212
25337,0.0894679401519288,0.053869240663343,0.442855958098727,0.413806861086002
25338,0.111286225473924,0.124856662790685,0.459672635541373,0.304184476194017
25339,0.361335486803684,0.0521478392378855,0.33591390156919,0.250602772389241
25340,0.0948249302960232,0.590907657902836,0.101170381012959,0.213097030788182
25341,0.0395770005592691,0.638207119662644,0.0817363177057432,0.240479562072344
25342,0.0498997308502009,0.212584534422573,0.516788064483489,0.220727670243737
25343,0.140061874805997,0.47757610256995,0.265813113674813,0.11654890894924
25344,0.180612141330986,0.138985324435874,0.434676101165975,0.245726433067165
25345,0.0888949097390012,0.233875812292658,0.380597500796615,0.296631777171727
25346,0.366339993183905,0.044315383963636,0.214165888209678,0.375178734642781
25347,0.501740272818652,0.215524476547171,0.138114431537523,0.144620819096653
25348,0.355498558354808,0.223946484992053,0.194052949356623,0.226502007296516
25349,0.192605886935654,0.242380178088832,0.456574400969063,0.108439534006451
25350,0.422292000503773,0.210085655543911,0.226084479632916,0.1415378643194
25351,0.27702535058015,0.177074822997298,0.319090955631953,0.226808870790599
25352,0.396592950683794,0.183748005329962,0.115766959067921,0.303892084918323
25353,0.238130658064822,0.137163510633368,0.275139117235173,0.349566714066637
25354,0.552342980339762,0.138717164705837,0.206578803262563,0.102361051691837
25355,0.134198228877386,0.476288232960974,0.0911322605185436,0.298381277643097
25356,0.149577836537638,0.283528774182177,0.211514558603524,0.35537883067666
25357,0.201428291149631,0.413863929121697,0.246005326482505,0.138702453246167
25358,0.371501275262514,0.246167659789137,0.206224467654241,0.176106597294109
25359,0.438791401822883,0.0883274207043649,0.373524586562392,0.0993565909103601
25360,0.145683386277965,0.241398645954257,0.375050563423175,0.237867404344604
25361,0.342341551693824,0.138020100843863,0.347257444237356,0.172380903224957
25362,0.111792079191448,0.129118942026221,0.536607763318522,0.222481215463809
25363,0.142744578093826,0.271858023924958,0.258972335310269,0.326425062670948
25364,0.161696960145194,0.152115813761275,0.452602907039031,0.2335843190545
25365,0.383767352278133,0.0635945660440248,0.152203727782015,0.400434353895827
25366,0.207273677343757,0.355948782495104,0.317201806581776,0.119575733579363
25367,0.165163756335983,0.417817233160063,0.321753769450719,0.095265241053235
25368,0.366902044225602,0.377930053467997,0.20314527007978,0.0520226322266214
25369,0.333603932209995,0.221919171845447,0.355872128081898,0.0886047678626598
25370,0.213364428809504,0.281463985289293,0.394377461115179,0.110794124786024
25371,0.197833418962032,0.540744674881256,0.178534351212742,0.0828875549439691
25372,0.352373382201361,0.118973614384067,0.465594848584558,0.0630581548300143
25373,0.178745747477508,0.430740218681632,0.282241507514334,0.108272526326526
25374,0.133304782937349,0.332924910299409,0.461552311657139,0.072217995106103
25375,0.230495404463302,0.551830545276344,0.137322781214819,0.0803512690455339
25376,0.294309828604851,0.197116098795393,0.379011184088696,0.129562888511061
25377,0.181262328268209,0.467274910793452,0.239092349709021,0.112370411229318
25378,0.354240769042741,0.26041051401665,0.304945593782009,0.0804031231586008
25379,0.229312598369717,0.526791074966924,0.167462957579662,0.0764333690836978
25380,0.194893767179028,0.49969517347149,0.202531158075818,0.102879901273664
25381,0.2561455080806,0.390571042172784,0.167900461180245,0.185382988566371
25382,0.47477443660631,0.192470266022991,0.204317598928481,0.128437698442219
25383,0.108988681977324,0.644161131121153,0.185194681452974,0.0616555054485489
25384,0.196828427126909,0.202105388221469,0.419004616506834,0.182061568144789
25385,0.134039540942085,0.195745629494842,0.497929500462769,0.172285329100304
25386,0.438390408284026,0.179067332143409,0.14452616169445,0.238016097878115
25387,0.276167899513409,0.219214993154296,0.19432031728841,0.310296790043884
25388,0.204886465807186,0.231983463008139,0.461922993461634,0.101207077723041
25389,0.257417524607323,0.384987538870358,0.187616938539037,0.169977997983283
25390,0.131371524598417,0.223164227843872,0.553696576962655,0.0917676705950561
25391,0.258682794177383,0.263842309574045,0.2561439009509,0.221330995297672
25392,0.225500016753859,0.106764663136926,0.517901824074927,0.149833496034289
25393,0.113510706264081,0.550925688236124,0.203600059405529,0.131963546094266
25394,0.0921993886297168,0.186067286752606,0.664928098415022,0.056805226202655
25395,0.113578269980407,0.205846947133428,0.374656903245088,0.305917879641077
25396,0.149823378280752,0.579399446355721,0.138966301004646,0.131810874358881
25397,0.1602794478398,0.188018669286521,0.519626639770437,0.132075243103242
25398,0.336013836693857,0.128625574823564,0.29344562965676,0.241914958825819
25399,0.169898846392054,0.28795172183487,0.198928900483174,0.343220531289902
25400,0.0975033392955101,0.426216182048431,0.234368487171584,0.241911991484475
25401,0.266145619173679,0.164668348943823,0.320547307922499,0.248638723959998
25402,0.424571628002093,0.110016040444719,0.226927333517191,0.238484998035996
25403,0.13652024932723,0.288329251374068,0.4099667593993,0.165183739899402
25404,0.371253353596188,0.195674023198779,0.283347094136841,0.149725529068192
25405,0.40881125917473,0.299298635409818,0.195738574972628,0.0961515304428243
25406,0.172859603653166,0.389459883777063,0.24158281312468,0.196097699445091
25407,0.180602010176006,0.119100099337608,0.480265832308446,0.220032058177939
25408,0.248132286021726,0.367993730857706,0.165414845087647,0.21845913803292
25409,0.222506324347621,0.133378309530311,0.544757769800084,0.0993575963219842
25410,0.0629002765674541,0.266900662823714,0.539009090113028,0.131189970495803
25411,0.233359670794692,0.212859579592334,0.16700929100325,0.386771458609723
25412,0.514646990058782,0.207446929922559,0.174766183646437,0.103139896372222
25413,0.697306615895366,0.139995750443344,0.0870397797374749,0.0756578539238145
25414,0.117787758773259,0.118635451966112,0.662279181829179,0.10129760743145
25415,0.106927958023223,0.256283782502339,0.381970713162185,0.254817546312253
25416,0.228776659287519,0.275431982010253,0.335653012810659,0.160138345891569
25417,0.0817826807124325,0.178123832042041,0.643573825957657,0.0965196612878698
25418,0.0953641166236959,0.589455504756576,0.125643404931682,0.189536973688046
25419,0.168540012532535,0.390166876992124,0.353077325724167,0.0882157847511747
25420,0.149608610798351,0.366967646615802,0.252562342538058,0.230861400047789
25421,0.435874359772773,0.235426781388269,0.242371142571311,0.0863277162676468
25422,0.359588192527796,0.153714887185185,0.0873110334522611,0.399385886834758
25423,0.371328475420381,0.128081633970311,0.314752170450921,0.185837720158388
25424,0.194103389808283,0.23189060882956,0.419444697271627,0.15456130409053
25425,0.202679496393433,0.160418726687205,0.458272835117895,0.178628941801467
25426,0.155988935582674,0.4875277392577,0.16842398622666,0.188059338932966
25427,0.227557586878898,0.257099530545945,0.289719184640528,0.225623697934628
25428,0.138660611364876,0.0798540133840076,0.576045724764131,0.205439650486985
25429,0.34009081190347,0.130116265228415,0.265213328012591,0.264579594855525
25430,0.52300201231804,0.13184130855243,0.203966342989452,0.141190336140078
25431,0.126385559350778,0.542706572895803,0.195254591591867,0.135653276161551
25432,0.28421615462676,0.145140862688542,0.255735265155854,0.314907717528845
25433,0.0826124824416278,0.120226338748225,0.504553564537067,0.29260761427308
25434,0.38481275369523,0.12739463159044,0.250391448924125,0.237401165790205
25435,0.459850058562929,0.258902431181792,0.123805253806823,0.157442256448456
25436,0.144647955872731,0.569153369997134,0.0507764009713627,0.235422273158772
25437,0.403005275081912,0.243835606675435,0.176641371379195,0.176517746863458
25438,0.183311647149189,0.231821855576285,0.425804264609347,0.159062232665179
25439,0.138201620414682,0.107555184627726,0.437468457706239,0.316774737251354
25440,0.0974662546384701,0.0757934617811341,0.583166166232072,0.243574117348323
25441,0.366638390658878,0.225664844523771,0.141426079412527,0.266270685404824
25442,0.152366349810591,0.128588437805398,0.548010542403983,0.171034669980029
25443,0.412190000166394,0.21921787991684,0.153260776585021,0.215331343331746
25444,0.134192154424037,0.212959737950425,0.339181959702259,0.313666147923278
25445,0.182051547314647,0.515922647498431,0.122851870721306,0.179173934465615
25446,0.360126747295603,0.262865717736144,0.148254758074287,0.228752776893966
25447,0.209670203051602,0.306698051594789,0.161441677522458,0.322190067831152
25448,0.324957014437676,0.356070196315058,0.114153306898333,0.204819482348933
25449,0.134918401228181,0.44907801956997,0.173069046835635,0.242934532366214
25450,0.547427344205709,0.193736117867939,0.150630732213137,0.108205805713215
25451,0.297526724703921,0.465631750567406,0.154500126107906,0.0823413986207661
25452,0.516515389200256,0.26545429863291,0.0637803167133719,0.154249995453462
25453,0.119542817109731,0.147792155110709,0.244152008437044,0.488513019342516
25454,0.235037378604753,0.168727563197238,0.406133682024694,0.190101376173315
25455,0.3349920394635,0.228606776405564,0.178917898032318,0.257483286098618
25456,0.183083492270125,0.159374923601142,0.220543595692382,0.436997988436351
25457,0.133253843372623,0.161025838215501,0.535991088412128,0.169729229999748
25458,0.4972957902368,0.153250711006367,0.16714823010731,0.182305268649522
25459,0.716627714534662,0.0638318741605063,0.124360196617075,0.0951802146877561
25460,0.0908008689364852,0.235228459774776,0.558474031670907,0.115496639617832
25461,0.081205674755601,0.122079376206775,0.34141762127644,0.455297327761184
25462,0.163266777816185,0.348493577815351,0.0707324044586519,0.417507239909813
25463,0.361731917728654,0.102114041963392,0.191817858456158,0.344336181851796
25464,0.0626144406865051,0.381664354363895,0.242192450339094,0.313528754610505
25465,0.639489459833069,0.16065496520758,0.0845806441134217,0.115274930845929
25466,0.105560734837174,0.131208930919143,0.644118513296692,0.119111820946991
25467,0.18508720604487,0.227194784491179,0.0669778059040926,0.520740203559859
25468,0.137252187127258,0.313398874484566,0.278417021963199,0.270931916424977
25469,0.156526212374231,0.520050177624297,0.0602880594828982,0.263135550518574
25470,0.138124304879403,0.17890188826635,0.531350989252256,0.15162281760199
25471,0.0558171632486442,0.364947689928625,0.0697993607818261,0.509435786040905
25472,0.180710564213196,0.144420900251229,0.162744610850608,0.512123924684967
25473,0.302564866083442,0.152099926524991,0.286067754248192,0.259267453143375
25474,0.169396964643057,0.466232459605094,0.0534658917543713,0.310904683997478
25475,0.123778829455949,0.406699676616531,0.149179164864613,0.320342329062907
25476,0.231248473641709,0.370158071546068,0.0302703790600482,0.368323075752175
25477,0.156561632183477,0.106160499032306,0.283444856995353,0.453833011788864
25478,0.0773011216986849,0.323249504601525,0.0446837612981488,0.554765612401641
25479,0.0355566671076474,0.0304170885564766,0.740455303093553,0.193570941242323
25480,0.233824097250301,0.139005254469213,0.361165186197992,0.266005462082494
25481,0.206265619190174,0.592861379052316,0.0803429559757055,0.120530045781805
25482,0.413332681050067,0.194505950814423,0.259552722134115,0.132608646001395
25483,0.196228569248431,0.484013730327887,0.213592010100033,0.106165690323648
25484,0.301417425673641,0.126859499210893,0.237944283240168,0.333778791875297
25485,0.507958702674277,0.173095904902271,0.163588968214072,0.155356424209379
25486,0.188097438948176,0.223546533424448,0.389621362988345,0.198734664639031
25487,0.329703266174901,0.142448111750986,0.166942144433529,0.360906477640583
25488,0.298791815425342,0.164220480756741,0.18021517811685,0.356772525701066
25489,0.267262796865533,0.34453354804278,0.186842750106487,0.2013609049852
25490,0.105250960486155,0.130679094808154,0.633248760143769,0.130821184561922
25491,0.129464591349465,0.380384312553902,0.165826453615312,0.324324642481322
25492,0.471279295489305,0.180586159785468,0.211593772055253,0.136540772669974
25493,0.0667944802112313,0.0815620685743328,0.290045341917605,0.561598109296831
25494,0.440805100370205,0.249103742181333,0.112870591305273,0.197220566143189
25495,0.333205437131887,0.125112773422896,0.306304621556443,0.235377167888774
25496,0.070944473542616,0.175451351530418,0.662308870499919,0.0912953044270475
25497,0.0766906111086392,0.0590009886686636,0.747984236426963,0.116324163795734
25498,0.647218979314593,0.0692046133644141,0.0747163838052011,0.208860023515791
25499,0.199884347077426,0.163738625237496,0.46742002628772,0.168957001397358
25500,0.494229762989635,0.126171633791188,0.260316516283529,0.119282086935648
25501,0.154786487282069,0.387650273054253,0.301722676656497,0.15584056300718
25502,0.370255031559058,0.169280221312856,0.332225411559025,0.128239335569062
25503,0.103389348145626,0.143690646301883,0.561462994616341,0.191457010936151
25504,0.19981481749808,0.588673393275325,0.103416945006646,0.108094844219949
25505,0.226789097237925,0.33326912563687,0.230312323850082,0.209629453275123
25506,0.176064488312523,0.150915627612227,0.455842072196293,0.217177811878957
25507,0.20719093938534,0.306110572626486,0.134946897656739,0.351751590331435
25508,0.0627046618739324,0.608594290449571,0.24380878504612,0.0848922626303771
25509,0.33621594155944,0.159434558131629,0.314674032992859,0.189675467316072
25510,0.252279858316669,0.237028036683203,0.272371264529078,0.23832084047105
25511,0.550925655474227,0.135178137750855,0.124591447747735,0.189304759027183
25512,0.348541854288759,0.205422503866182,0.303315389360622,0.142720252484438
25513,0.133071540140044,0.309980949936496,0.212212774239504,0.344734735683955
25514,0.169235989923967,0.287730666632226,0.358963002432582,0.184070341011225
25515,0.111314372770725,0.500269184602273,0.11077251321655,0.277643929410452
25516,0.150048696842373,0.508449550011073,0.0885500307199241,0.25295172242663
25517,0.299538001808724,0.23384039952826,0.183709521453653,0.282912077209363
25518,0.39969707906502,0.233048513193308,0.222274194561787,0.144980213179884
25519,0.243859300233466,0.365286788382092,0.298649765043678,0.092204146340765
25520,0.168641046930889,0.281957253957592,0.450600602603136,0.0988010965083829
25521,0.368678604650143,0.288411304456125,0.11237160856658,0.230538482327152
25522,0.192845148799704,0.429541651378683,0.1995692419924,0.178043957829214
25523,0.598270629998243,0.108593961352731,0.170486121272175,0.122649287376851
25524,0.206457730577387,0.228142291237149,0.382967328849058,0.182432649336407
25525,0.46225198285663,0.203251210118903,0.104258297467306,0.230238509557161
25526,0.192304192270645,0.581197393050595,0.113271251540659,0.113227163138101
25527,0.32563406981745,0.269359342214984,0.235205051929235,0.169801536038332
25528,0.476544360963046,0.107603551632744,0.247709701978776,0.168142385425434
25529,0.468710947412882,0.171318184594451,0.228021277878184,0.131949590114483
25530,0.194407231530569,0.513311385432737,0.127413538299013,0.16486784473768
25531,0.0423315616624087,0.164301058743179,0.731128343794556,0.0622390357998566
25532,0.161451145256735,0.559244973818465,0.170515819203347,0.108788061721453
25533,0.240891516957891,0.146703415655529,0.502309637400166,0.110095429986414
25534,0.105181401934291,0.552000214731098,0.195613561614845,0.147204821719767
25535,0.310379835724508,0.443244710140357,0.0658050000497415,0.180570454085394
25536,0.0799555756374229,0.299002664461806,0.427128966545254,0.193912793355517
25537,0.13954061108745,0.238181829059571,0.36907033112378,0.253207228729199
25538,0.482450539391192,0.129676743434269,0.207448115400148,0.18042460177439
25539,0.516540180983287,0.215905884649472,0.15618287210457,0.11137106226267
25540,0.109739703353578,0.119765907133058,0.65254934749161,0.117945042021755
25541,0.512102219631493,0.240307796776762,0.134483948460568,0.113106035131177
25542,0.139721846421911,0.449647789004184,0.147632726268011,0.262997638305894
25543,0.273919239394146,0.152814558858251,0.403906345375146,0.169359856372457
25544,0.331728085256548,0.42013985310093,0.0501334280488362,0.197998633593685
25545,0.29569568606635,0.175940519112608,0.316345956391133,0.212017838429909
25546,0.35339289070498,0.426870908503384,0.0843758855426799,0.135360315248957
25547,0.119241488773798,0.18738619545916,0.5266516269957,0.166720688771343
25548,0.168807379156082,0.199121960672915,0.336732317345424,0.295338342825579
25549,0.0962638463299504,0.109819051524526,0.514546785580926,0.279370316564597
25550,0.222797575899671,0.103857112034657,0.103181213644083,0.570164098421589
25551,0.24390652798833,0.166753183648435,0.205600172901721,0.383740115461513
25552,0.146655901960864,0.408738977137629,0.208801044426549,0.235804076474959
25553,0.0982102224451297,0.614544560791129,0.115801712284238,0.171443504479504
25554,0.0524299054796488,0.648326826793769,0.123816753233782,0.1754265144928
25555,0.483615539271852,0.127314678848869,0.0616940522978236,0.327375729581455
25556,0.241648966386033,0.564284796320423,0.153575520219953,0.0404907170735906
25557,0.338717098567336,0.305807411865984,0.314063640510873,0.0414118490558071
25558,0.449146734653979,0.229871526630002,0.236016784389281,0.0849649543267373
25559,0.486308576457702,0.213495307133262,0.269793228916663,0.0304028874923731
25560,0.334549969006482,0.474975890723784,0.121022796478793,0.0694513437909414
25561,0.274722677014587,0.456506703501756,0.194444661048638,0.0743259584350192
25562,0.302262573649243,0.339710137381701,0.290968017182346,0.0670592717867104
25563,0.365487038059046,0.224010762684903,0.371066122364029,0.0394360768920224
25564,0.0893497522887317,0.353398646868663,0.520160366686542,0.0370912341560639
25565,0.461708602140873,0.157397111666215,0.291813424030092,0.0890808621628209
25566,0.191798006397692,0.33644908915838,0.384495465734107,0.0872574387098213
25567,0.154028659686458,0.461664216440283,0.307315862983602,0.0769912608896576
25568,0.489686475772032,0.284182683663853,0.188696160719586,0.03743467984453
25569,0.268536212006519,0.337133436209968,0.363045230259741,0.0312851215237726
25570,0.332136249496743,0.340112558476321,0.260932214758619,0.0668189772683174
25571,0.263429869599717,0.252378455665578,0.38462387417635,0.0995678005583556
25572,0.367230479354479,0.258589192273888,0.306529126385873,0.0676512019857603
25573,0.177978588004442,0.632611639955717,0.151383385041662,0.0380263869981796
25574,0.206635527142243,0.143900324071835,0.55105936896605,0.0984047798198714
25575,0.353499231452327,0.300154514495201,0.267818801820952,0.0785274522315201
25576,0.364610555439704,0.310952388164873,0.230783407767821,0.0936536486276021
25577,0.421282659804361,0.16134089721786,0.254414732348809,0.162961710628971
25578,0.423364780053976,0.31980940804681,0.136238272062869,0.120587539836345
25579,0.536256279476286,0.199968738071365,0.180270864777193,0.0835041176751549
25580,0.263384727058722,0.336284067295202,0.248397111582082,0.151934094063993
25581,0.449293485612459,0.214121365849167,0.133214127702278,0.203371020836096
25582,0.154370323785806,0.270767317677962,0.205397640094959,0.369464718441273
25583,0.524336564145066,0.125864978640944,0.276602217865889,0.0731962393481013
25584,0.325628070388741,0.30905318405578,0.163663850813151,0.201654894742329
25585,0.211893434050573,0.357225364475461,0.15823223590895,0.272648965565016
25586,0.127795434249582,0.213129943331981,0.594733944282803,0.0643406781356346
25587,0.578718099844531,0.227769326498401,0.125306806849035,0.0682057668080329
25588,0.255651733422249,0.278660198831419,0.198544861300257,0.267143206446075
25589,0.520197224168041,0.247192417219587,0.144404578002824,0.0882057806095491
25590,0.280320132450534,0.261713297666234,0.147151258980558,0.310815310902674
25591,0.172549981662063,0.387028393902421,0.200503831266051,0.239917793169465
25592,0.413009227214741,0.430803424253009,0.0501748473655457,0.106012501166704
25593,0.194135199133171,0.457508119145941,0.2027996833219,0.145556998398987
25594,0.230133932085688,0.334886095746163,0.277967329805184,0.157012642362964
25595,0.367114944839548,0.363400609040878,0.148785393227599,0.120699052891975
25596,0.113334386869674,0.0683487293946982,0.688173144936761,0.130143738798867
25597,0.474843174007214,0.160456799930784,0.130538196144305,0.234161829917697
25598,0.245019249634488,0.381515339133316,0.208264176332808,0.165201234899388
25599,0.209846742926906,0.181758782185812,0.46734054405547,0.141053930831812
25600,0.189243530940685,0.140825168518652,0.558712060002879,0.111219240537784
25601,0.446560975316343,0.0534980970493131,0.410285342322054,0.0896555853122895
25602,0.366572753387936,0.117827844580031,0.270251513153034,0.245347888878999
25603,0.640554647132778,0.179843840033981,0.0987021678971901,0.0808993449360503
25604,0.095160858975625,0.636376874455131,0.224581674512449,0.043880592056795
25605,0.108209724062546,0.104046777498797,0.393144675913675,0.394598822524982
25606,0.107758427390579,0.680801948342629,0.123737951243311,0.0877016730234803
25607,0.350688873575158,0.365386771387128,0.10421133765949,0.179713017378224
25608,0.126771123141003,0.335778783992493,0.280326829271179,0.257123263595325
25609,0.621764866895088,0.148733903520507,0.0925150837750974,0.136986145809307
25610,0.412159813559537,0.174432623005393,0.156982880348174,0.256424683086896
25611,0.112718178762444,0.338922263579764,0.414908101457166,0.133451456200626
25612,0.121110097267683,0.251432860563106,0.533114883847219,0.094342158321992
25613,0.370768822374863,0.217839562797831,0.328848965980609,0.0825426488466965
25614,0.382532689733948,0.259412713672574,0.216835118321092,0.141219478272386
25615,0.320093371708961,0.43617208230794,0.158351142077705,0.0853834039053947
25616,0.131498485682583,0.483469516131719,0.259669581441979,0.125362416743719
25617,0.492109030698724,0.145484682318114,0.300344561519287,0.0620617254638752
25618,0.136985916145726,0.21848212118183,0.56253308726304,0.081998875409404
25619,0.235922360079989,0.122972081653152,0.517577361110925,0.123528197155934
25620,0.230978890357358,0.153127295027547,0.45276383339148,0.163129981223614
25621,0.206428418646938,0.102594323085394,0.616383905383874,0.0745933528837939
25622,0.344586086972806,0.217044159242982,0.297420794799247,0.140948958984965
25623,0.178532815915141,0.552889854673375,0.14314020655956,0.125437122851923
25624,0.340845369264299,0.205448919795449,0.278610166146211,0.175095544794042
25625,0.167981703866822,0.277817479562259,0.322087494118974,0.232113322451944
25626,0.211039994365384,0.487473897244461,0.166346148015614,0.135139960374541
25627,0.343572321010225,0.309992306464979,0.204371412112787,0.142063960412009
25628,0.159060539870639,0.307518366671619,0.332079194882434,0.201341898575308
25629,0.300481091379117,0.339455715038625,0.285209241104702,0.074853952477556
25630,0.203264000943363,0.582973429428097,0.0842059073398035,0.129556662288736
25631,0.229789571399209,0.202302742679997,0.379267773800075,0.188639912120719
25632,0.134840097535492,0.497918016026136,0.234982195733564,0.132259690704807
25633,0.123265904318828,0.2454228249312,0.345674456232354,0.285636814517617
25634,0.39685844405061,0.200899321225758,0.218961317496881,0.183280917226751
25635,0.504403242615128,0.238174955590257,0.107198349238707,0.150223452555908
25636,0.332329105918484,0.216207770720749,0.225469744929463,0.225993378431304
25637,0.323856473815865,0.185667575207312,0.275624710050383,0.21485124092644
25638,0.220742142538547,0.35234007950838,0.114208477989809,0.312709299963264
25639,0.150970249432753,0.458015008631526,0.175919222671451,0.21509551926427
25640,0.270860625165158,0.220113371560006,0.24136993227631,0.267656070998526
25641,0.216583846557914,0.273133108597898,0.343757344212146,0.166525700632042
25642,0.0668650833647284,0.51442008082639,0.149364972519346,0.269349863289535
25643,0.152505078377975,0.63212490168976,0.0851470184612422,0.130223001471023
25644,0.541530279091293,0.109932193942123,0.159503690423083,0.189033836543501
25645,0.0747120727105802,0.740549585053571,0.0806209319074183,0.10411741032843
25646,0.205124534179434,0.114019183032018,0.559462818915628,0.121393463872919
25647,0.158455765540872,0.194773751154481,0.388620014459046,0.258150468845601
25648,0.213615994408179,0.119505950007753,0.382258301441135,0.284619754142933
25649,0.200734166100896,0.510877002419984,0.119633423498898,0.168755407980222
25650,0.0821940501531227,0.106608944422559,0.508949808502855,0.302247196921463
25651,0.461604825436193,0.222480986439049,0.209460924409385,0.106453263715373
25652,0.40459302870901,0.184103497132994,0.0973598124950229,0.313943661662974
25653,0.152526633112502,0.345076215274959,0.308554926278187,0.193842225334353
25654,0.0908169939657444,0.506607975818231,0.197263402674697,0.205311627541328
25655,0.105329118959952,0.0966016046798952,0.636659326220297,0.161409950139857
25656,0.365131217958189,0.287543230020287,0.0946310076459225,0.252694544375602
25657,0.174807882886972,0.462470662925827,0.158390087174091,0.204331367013109
25658,0.223472695266025,0.521862008126946,0.0660198429573652,0.188645453649664
25659,0.565197804100348,0.131653150654959,0.154956362294328,0.148192682950365
25660,0.119949957314963,0.670145774773087,0.0850055564171817,0.124898711494769
25661,0.15070514770274,0.0648986962668856,0.344201674079406,0.440194481950968
25662,0.305278520296746,0.401307826810965,0.0396645625045711,0.253749090387717
25663,0.116123581706983,0.0854240152644822,0.204250352492357,0.594202050536178
25664,0.0490396507704032,0.545666778135329,0.200517677201445,0.204775893892823
25665,0.0496491336270666,0.318275539375585,0.233168612753155,0.398906714244193
25666,0.136382472071162,0.117644844704607,0.216097546794014,0.529875136430218
25667,0.700284169800215,0.060244148881937,0.0902831540725382,0.14918852724531
25668,0.204098071458657,0.119390275559157,0.0434418383811584,0.633069814601027
25669,0.0517007983856214,0.467908933125156,0.117324662889319,0.363065605599904
25670,0.522807814585621,0.223602972955704,0.151684998556132,0.101904213902543
25671,0.162300354403459,0.456197209123366,0.310674442208248,0.0708279942649273
25672,0.115068230638296,0.387432362279769,0.295854005244272,0.201645401837663
25673,0.116110324117616,0.537370865825181,0.148420751839229,0.198098058217974
25674,0.423205945229693,0.242895489003219,0.170812706890816,0.163085858876273
25675,0.323296820484822,0.162407581558724,0.317131589723136,0.197164008233318
25676,0.108902895499447,0.680965655756579,0.104597745500284,0.10553370324369
25677,0.478078986998782,0.291209765337107,0.0729623540111383,0.157748893652973
25678,0.147309178191941,0.302422121864707,0.352849170199176,0.197419529744175
25679,0.165739553461681,0.590952249527888,0.0744554473049728,0.168852749705458
25680,0.0699417265360604,0.711835307501311,0.145048902113561,0.0731740638490679
25681,0.113706976044316,0.412042241785785,0.193997931042799,0.2802528511271
25682,0.27380176842204,0.210042441898587,0.202206070087436,0.313949719591938
25683,0.451745028149157,0.220754955424786,0.197913917699087,0.129586098726971
25684,0.0503905279906113,0.572778596228561,0.174138499761008,0.20269237601982
25685,0.156619483852514,0.459167210221888,0.123102874294469,0.261110431631129
25686,0.0971081293562141,0.386974220482631,0.321903116026483,0.194014534134672
25687,0.136725080536793,0.716868804378562,0.0636816579429517,0.0827244571416935
25688,0.149474861311781,0.291405908758719,0.422845574298995,0.136273655630506
25689,0.672232101483176,0.124809229685998,0.150202938377243,0.0527557304535842
25690,0.166309381167977,0.511405069468923,0.249457483016773,0.0728280663463275
25691,0.1667277769353,0.164306232021271,0.609943749630673,0.0590222414127554
25692,0.407224016523687,0.31235440216224,0.131962631527742,0.148458949786331
25693,0.219841710039414,0.403584342039871,0.291258432194709,0.0853155157260055
25694,0.388547159082238,0.16767190728658,0.28873859011617,0.155042343515011
25695,0.37137649533324,0.377045901176207,0.150714814166616,0.100862789323937
25696,0.209274448609251,0.497840730292168,0.217955007353734,0.0749298137448469
25697,0.108533347639344,0.285104032659118,0.515602486122119,0.0907601335794187
25698,0.161567400973971,0.455003104672134,0.247574298986723,0.135855195367171
25699,0.264016467391867,0.198057509720944,0.391788504183322,0.146137518703867
25700,0.235623282398453,0.225317046931761,0.42848971723708,0.110569953432706
25701,0.186918629258432,0.637026357446516,0.105670849310917,0.0703841639841351
25702,0.148759903427374,0.369426667103856,0.376869894790949,0.104943534677821
25703,0.246313228779716,0.451891856765493,0.162784549166621,0.13901036528817
25704,0.592249229572053,0.174888314395661,0.145885920338326,0.0869765356939603
25705,0.0772074448874174,0.254790084946501,0.543164798819241,0.124837671346841
25706,0.51519388087165,0.195367118880644,0.189342420843004,0.100096579404702
25707,0.287341962112065,0.448342396486289,0.141810249285156,0.12250539211649
25708,0.356979660586951,0.0897068948067365,0.487207366369789,0.0661060782365235
25709,0.247701506570695,0.204830970951768,0.477029876026148,0.0704376464513883
25710,0.205402573057807,0.278979839396928,0.406937435251757,0.108680152293508
25711,0.375865416248895,0.182119238687631,0.358878359626126,0.0831369854373485
25712,0.446683958937379,0.243254403732495,0.208005672414234,0.102055964915892
25713,0.416425198572672,0.231233735669159,0.291384379088213,0.0609566866699553
25714,0.417247448327295,0.204954656757401,0.2700046832007,0.107793211714605
25715,0.254043734549507,0.253771631526725,0.430929561853422,0.0612550720703463
25716,0.286082881947704,0.218329422168402,0.387834901461812,0.107752794422082
25717,0.159277857477288,0.515933873873525,0.188973862196227,0.13581440645296
25718,0.491395546038822,0.170688612966434,0.178620172964429,0.159295668030314
25719,0.428532086561387,0.309951043101721,0.192137318737053,0.069379551599839
25720,0.231759620285406,0.308879500772772,0.331328209300623,0.128032669641199
25721,0.243620246012332,0.192573002960939,0.490990526845845,0.0728162241808845
25722,0.240926865800202,0.298158961038502,0.186357153062743,0.274557020098552
25723,0.217622804699533,0.224007776712191,0.47191316017385,0.086456258414426
25724,0.332586329969163,0.153310510266698,0.3318474258583,0.182255733905839
25725,0.294746209785014,0.148049631798404,0.481512730462512,0.0756914279540701
25726,0.273373102746019,0.316636745502473,0.26859548394157,0.141394667809939
25727,0.20874971390995,0.30722696293627,0.387804549926725,0.0962187732270551
25728,0.255940173932404,0.323257486784993,0.254750710348297,0.166051628934306
25729,0.225484882307818,0.266741850027118,0.418530154028566,0.0892431136364977
25730,0.636880333865116,0.12638052269583,0.185865378173308,0.0508737652657463
25731,0.455795884260124,0.118655057805527,0.286852444953708,0.13869661298064
25732,0.132495345110018,0.117266346575012,0.693386366039687,0.056851942275283
25733,0.336934676944487,0.183956729547656,0.244714796474165,0.234393797033692
25734,0.341011420822764,0.309639286718313,0.245245821064869,0.104103471394055
25735,0.17984851279105,0.260304111076702,0.424637291257928,0.135210084874319
25736,0.345775033846597,0.183274806189779,0.313306748336075,0.157643411627548
25737,0.204137645259057,0.64232675292339,0.0660415832634291,0.0874940185541241
25738,0.323147270935321,0.252024360235208,0.175184297001062,0.24964407182841
25739,0.170160052471099,0.138117377989478,0.538297282576175,0.153425286963248
25740,0.444695939965296,0.224781580732141,0.18516733042888,0.145355148873683
25741,0.392676354310991,0.402966491332305,0.0608805189527336,0.143476635403971
25742,0.0989671236927245,0.58356717522596,0.193672539573922,0.123793161507393
25743,0.164328497739287,0.365318607927525,0.244300585165228,0.22605230916796
25744,0.413254341018438,0.330649551805492,0.104001784389453,0.152094322786617
25745,0.201463079609714,0.431428777405186,0.231199035301629,0.135909107683472
25746,0.717366068369746,0.0826045573943458,0.124187215590144,0.0758421586457641
25747,0.563574291349499,0.19578630792449,0.098542792925866,0.142096607800145
25748,0.112659557600021,0.564309365416078,0.14610128678154,0.176929790202361
25749,0.452080485681161,0.224394600878235,0.173007156846932,0.150517756593673
25750,0.237993536987769,0.141558554364974,0.512630961726981,0.107816946920275
25751,0.176515901957338,0.180838614138342,0.5094512437424,0.13319424016192
25752,0.287096433048211,0.181836606967735,0.243871144129936,0.287195815854118
25753,0.320844370853343,0.150726120242775,0.378668028161976,0.149761480741905
25754,0.654692221665577,0.0791093187614287,0.118651434945615,0.147547024627379
25755,0.297456737340846,0.101917806088232,0.236866309421596,0.363759147149327
25756,0.234397225820116,0.611057570821553,0.0626355165678069,0.0919096867905246
25757,0.305276506769092,0.14737199931529,0.151553436529462,0.395798057386156
25758,0.182551244353125,0.0878515560783307,0.390214747276043,0.339382452292502
25759,0.344984273880667,0.424043510203862,0.0753423286154411,0.155629887300029
25760,0.579579261557452,0.128866807248073,0.147782796923155,0.143771134271321
25761,0.132437233061983,0.371732812920592,0.0953232692843067,0.400506684733118
25762,0.158607997542072,0.50590663249952,0.0999033118057057,0.235582058152703
25763,0.341050539079604,0.18241520821216,0.211085161683955,0.265449091024281
25764,0.319467092245493,0.106403404033588,0.27803123308882,0.296098270632099
25765,0.35032080640105,0.162390255158228,0.305936344122162,0.18135259431856
25766,0.107521961710762,0.607497799601209,0.168413989863856,0.116566248824173
25767,0.432897268743493,0.266929611439936,0.118384874022645,0.181788245793926
25768,0.386889242423613,0.201671445704566,0.133588259471157,0.277851052400663
25769,0.487820699594753,0.230783852612335,0.148392543667529,0.133002904125384
25770,0.260311963629382,0.165303792720869,0.319796160675937,0.254588082973813
25771,0.0883445636982589,0.550461105955932,0.228529774124561,0.132664556221248
25772,0.116363744845179,0.428700941321569,0.186316669283836,0.268618644549415
25773,0.446377965935832,0.161031932078995,0.104098205900197,0.288491896084975
25774,0.143690462227157,0.232902207248982,0.538947645853524,0.0844596846703368
25775,0.34384210489571,0.0874974713017583,0.494000503252296,0.0746599205502353
25776,0.308074698326848,0.090148058793326,0.24332890736836,0.358448335511467
25777,0.0926489452609476,0.140394256391148,0.665167019579026,0.101789778768879
25778,0.224964434095311,0.520654842333337,0.0916574527072143,0.162723270864137
25779,0.254831019656664,0.374320158931872,0.103235482492748,0.267613338918716
25780,0.108003469914804,0.364855131735147,0.282918554247835,0.244222844102214
25781,0.458278364328976,0.230062922794966,0.0592891376289949,0.252369575247064
25782,0.0808978692021145,0.522593092911906,0.0340654813714313,0.362443556514548
25783,0.311804789160882,0.168567515470213,0.327607746442961,0.192019948925945
25784,0.250692412260844,0.282612081532885,0.317841398514773,0.148854107691498
25785,0.164717001529874,0.335569675232959,0.297421938095096,0.202291385142071
25786,0.278896931341167,0.407598859928564,0.195225355012822,0.118278853717446
25787,0.19993174391689,0.502299940058279,0.237730959118941,0.0600373569058893
25788,0.389432314177062,0.2576216245618,0.265108146784375,0.0878379144767628
25789,0.492655404668742,0.173781818802747,0.214715408604556,0.118847367923956
25790,0.362136566329517,0.356552643264098,0.128353439548295,0.152957350858091
25791,0.177461786386471,0.434722124388367,0.312644291325648,0.0751717978995135
25792,0.28380451634685,0.226253636260561,0.375461062512156,0.114480784880432
25793,0.18222086850199,0.486963271373337,0.18567865379218,0.145137206332493
25794,0.353473172288571,0.304857938562407,0.199890798350712,0.14177809079831
25795,0.169648233794965,0.387144153729184,0.327476743729627,0.115730868746224
25796,0.301495719613934,0.18422729247767,0.4297840335482,0.0844929543601963
25797,0.262709328345827,0.431305726609967,0.162394773718177,0.143590171326029
25798,0.255725250989119,0.360788093414154,0.188775927721454,0.194710727875272
25799,0.262901531790702,0.132170015039978,0.499280884111264,0.105647569058056
25800,0.375524142161411,0.244245959011797,0.14092288387949,0.239307014947301
25801,0.189864777079277,0.361355255816793,0.23280365255035,0.21597631455358
25802,0.312383274089834,0.209526809893619,0.151119313882077,0.32697060213447
25803,0.520855249051088,0.243309532257229,0.116701444405199,0.119133774286484
25804,0.150771638696551,0.234254163262526,0.473296092272193,0.14167810576873
25805,0.202478218824805,0.563042585404127,0.17555999845532,0.0589191973157486
25806,0.413266415318124,0.230994091101557,0.266475880855255,0.0892636127250641
25807,0.17160820974925,0.600978342782374,0.126967797451259,0.100445650017117
25808,0.36846144792706,0.328484417242063,0.134959233972407,0.16809490085847
25809,0.11344157156646,0.151825332787949,0.530656823155537,0.204076272490053
25810,0.298896396400254,0.134487792620954,0.417157015147568,0.149458795831223
25811,0.19808375086146,0.612846647303436,0.132573261271586,0.0564963405635187
25812,0.242080344492633,0.155055198299352,0.447680385058053,0.155184072149963
25813,0.589721093890361,0.216620767056048,0.120138956909692,0.073519182143899
25814,0.212689589403114,0.381984079772814,0.185105084556216,0.220221246267856
25815,0.15703031069055,0.561804032991148,0.192848860355314,0.0883167959629876
25816,0.0771037374519563,0.505525936335295,0.266848417137328,0.150521909075421
25817,0.157484532949042,0.185235971298901,0.205956683476095,0.451322812275961
25818,0.139379959881424,0.467508177682572,0.247953653091965,0.145158209344039
25819,0.43910984572947,0.183062707401295,0.222658660008282,0.155168786860953
25820,0.115761231294728,0.14221514832781,0.347493680835843,0.394529939541619
25821,0.252154968943983,0.0733212574726961,0.517394454565432,0.157129319017889
25822,0.177086355667172,0.248455327818738,0.456521707257752,0.117936609256338
25823,0.260556750353565,0.265262198952969,0.254319482466317,0.21986156822715
25824,0.385866026787743,0.256480441334353,0.219181424640396,0.138472107237508
25825,0.102518248975914,0.395116480230418,0.404445985580315,0.0979192852133528
25826,0.298055823554109,0.341831955743441,0.208129886672957,0.151982334029494
25827,0.324150502586378,0.268591942634524,0.211153389695397,0.1961041650837
25828,0.279129279532532,0.490383721775728,0.121101783262094,0.109385215429647
25829,0.234539108931743,0.457044029578538,0.109859036864512,0.198557824625208
25830,0.141382115211632,0.32163090323242,0.445239981095941,0.0917470004600073
25831,0.263434608640371,0.182110880249159,0.265354060339317,0.289100450771153
25832,0.117281021931907,0.333061169141852,0.356492742787666,0.193165066138575
25833,0.18871059106419,0.364578981696602,0.333292409051216,0.113418018187991
25834,0.419198528946896,0.187220714350766,0.257218242363902,0.136362514338436
25835,0.22821314128767,0.133173615586987,0.438015416244927,0.200597826880416
25836,0.128750552311248,0.191604674488324,0.510385739868254,0.169259033332174
25837,0.223474916778595,0.239237780400755,0.378071352190466,0.159215950630184
25838,0.217026799345125,0.523187505504537,0.0801116860214116,0.179674009128927
25839,0.56119307399386,0.235920037148632,0.106871945102768,0.0960149437547393
25840,0.120211722805313,0.416230138155134,0.271884798223341,0.191673340816212
25841,0.198375091340784,0.171860319268361,0.42907785159773,0.200686737793125
25842,0.286231848717223,0.468365374223709,0.180621953270583,0.0647808237884852
25843,0.282776525931158,0.551727597972929,0.0945990378422639,0.0708968382536495
25844,0.57123045190983,0.104478435785744,0.222925199120406,0.10136591318402
25845,0.14181396468402,0.357578721190469,0.413839660446299,0.0867676536792117
25846,0.347649490591013,0.18824296474933,0.237019500375294,0.227088044284363
25847,0.482098416201302,0.133875608236582,0.160656732214227,0.223369243347889
25848,0.148833876962629,0.548440008619184,0.112233078363314,0.190493036054873
25849,0.333635251245856,0.18479738173563,0.379184635743462,0.102382731275052
25850,0.216528355093078,0.331084141725195,0.3338833058912,0.118504197290528
25851,0.628825360500523,0.183413210759341,0.110649960797779,0.0771114679423576
25852,0.246321439122255,0.309799938267401,0.232237834546182,0.211640788064163
25853,0.145675096250849,0.32730506534254,0.420885493396177,0.106134345010434
25854,0.400946313650049,0.234935753890454,0.0880825047154483,0.276035427744048
25855,0.49753899120678,0.124296610004048,0.202664996595358,0.175499402193814
25856,0.535857005787379,0.245397505659647,0.0727543965707828,0.145991091982192
25857,0.073396973081206,0.16906453651084,0.327903245974881,0.429635244433073
25858,0.151298943122036,0.406827838313417,0.195873763578817,0.24599945498573
25859,0.246506206442156,0.102076224606225,0.309075803811851,0.342341765139768
25860,0.397955138356208,0.157473225766073,0.178991459009939,0.265580176867779
25861,0.19144084399715,0.236975108888199,0.413396120315808,0.158187926798842
25862,0.240915053188362,0.190473373541486,0.407164591706233,0.161446981563919
25863,0.154184121776413,0.0950485174385466,0.654771934143356,0.0959954266416837
25864,0.43907562611443,0.215556190877643,0.1726512228641,0.172716960143827
25865,0.166978060242931,0.270840444628631,0.436038896622929,0.126142598505509
25866,0.177627148411254,0.239086410589832,0.3852304502967,0.198055990702214
25867,0.135517033219566,0.458867854786781,0.195175726346143,0.210439385647511
25868,0.192172896523346,0.3812547379333,0.178413758960302,0.248158606583053
25869,0.0934629364932391,0.371036001216688,0.244233259278714,0.291267803011358
25870,0.172919023528091,0.109198816906232,0.313195541329972,0.404686618235705
25871,0.0633655182170816,0.211962928197966,0.601828527726986,0.122843025857966
25872,0.142128298588333,0.234258393625077,0.470612822494029,0.153000485292561
25873,0.0863903217032563,0.21673068555453,0.235258599204841,0.461620393537373
25874,0.463513541465587,0.108812405907036,0.272612967334206,0.155061085293171
25875,0.228691015158735,0.213194236489091,0.373086372080486,0.185028376271688
25876,0.546910505524945,0.0625240800503217,0.173778885784441,0.216786528640293
25877,0.453779728255481,0.105115616954376,0.183555742067275,0.257548912722868
25878,0.338401276837015,0.159741443940348,0.182537868532392,0.319319410690245
25879,0.221901072698048,0.458705809269384,0.208344461463116,0.111048656569452
25880,0.212092098984759,0.573553154163385,0.174764826053367,0.0395899207984892
25881,0.359365148975675,0.402955488252665,0.18513425762231,0.0525451051493487
25882,0.304037666779777,0.346777393082976,0.27496041059843,0.0742245295388169
25883,0.508351569957128,0.261617731959315,0.168759461492718,0.0612712365908393
25884,0.190992749027133,0.496976333267332,0.236817514844378,0.0752134028611557
25885,0.358634766533056,0.198222762067537,0.249742503423342,0.193399967976064
25886,0.115687717501002,0.594200938522498,0.238620184815142,0.0514911591613584
25887,0.383166988763999,0.205818141570428,0.288856971486142,0.122157898179431
25888,0.405090353746789,0.249319764550001,0.254302659454949,0.0912872222482613
25889,0.197397207044866,0.373920437703716,0.316025440900603,0.112656914350815
25890,0.49133601097045,0.275328879731447,0.142481713845569,0.0908533954525334
25891,0.20869505031405,0.171291212925522,0.560607677293186,0.0594060594672419
25892,0.229479449954924,0.336366789186695,0.304542065014083,0.129611695844299
25893,0.326012256570606,0.41585357403878,0.169117750636239,0.0890164187543752
25894,0.440966244003164,0.401477269733367,0.0814269654468914,0.0761295208165777
25895,0.415660467239648,0.153089162731633,0.301750010548324,0.129500359480396
25896,0.177648723076578,0.233212618781576,0.491266137685925,0.0978725204559205
25897,0.193656404641073,0.483108105805312,0.234937521090148,0.0882979684634663
25898,0.208613555575056,0.457278612905936,0.297068685863537,0.0370391456554714
25899,0.137179815591063,0.554001821741336,0.176432172823645,0.132386189843956
25900,0.213545231565126,0.351199417564005,0.323431435193435,0.111823915677433
25901,0.217254521972284,0.260472721855657,0.441925664646321,0.0803470915257382
25902,0.162075959969853,0.352365108091283,0.395277523926324,0.0902814080125398
25903,0.261076841229807,0.245650160640661,0.406425306108736,0.086847692020796
25904,0.0902905990940872,0.39720927902167,0.43720997376421,0.0752901481200332
25905,0.197688483868969,0.324895913990261,0.390823189410169,0.0865924127306005
25906,0.390363172120737,0.379529663314521,0.180682566866599,0.0494245976981425
25907,0.178562312322233,0.560578836195727,0.200687693471999,0.0601711580100405
25908,0.310772738501615,0.145612954460174,0.377648169495907,0.165966137542304
25909,0.45947285986957,0.334718211264632,0.138694982297034,0.0671139465687651
25910,0.0702736836874335,0.422277284082292,0.386382336684918,0.121066695545356
25911,0.411721558670951,0.159040489354747,0.298752980879982,0.13048497109432
25912,0.372220161890237,0.343449854041385,0.171065205126948,0.11326477894143
25913,0.124813970510621,0.2783531256231,0.437575766295393,0.159257137570886
25914,0.262716467765207,0.163390807114524,0.501807657430765,0.0720850676895042
25915,0.395731576466038,0.162990783675421,0.353731734731996,0.0875459051265453
25916,0.175248042826045,0.514031363301723,0.146945385069341,0.163775208802892
25917,0.252809321360002,0.445934298915298,0.148991998336216,0.152264381388484
25918,0.21007600279792,0.300306750834574,0.341310990184515,0.148306256182991
25919,0.298505636113494,0.101727150260247,0.309360688663468,0.290406524962791
25920,0.251229048845782,0.430493086434037,0.168760489293569,0.149517375426612
25921,0.0894223820749688,0.134258129905086,0.657218554138072,0.119100933881873
25922,0.0783567892714639,0.0854132641280221,0.486228920992471,0.350001025608043
25923,0.312690014492202,0.231594264573081,0.106430224820455,0.349285496114263
25924,0.673831045962989,0.121857315213084,0.108171960099808,0.096139678724118
25925,0.14132806760984,0.129001244265946,0.592882675492253,0.136788012631961
25926,0.485411137829818,0.329032521632748,0.0763773592370362,0.109178981300398
25927,0.124397567336778,0.448829178042183,0.190004623094064,0.236768631526975
25928,0.159041166748116,0.441954758007666,0.280714046767421,0.118290028476798
25929,0.0604966096389519,0.469605580500763,0.10795419773353,0.361943612126755
25930,0.339785064554104,0.253007636548719,0.266367967199832,0.140839331697344
25931,0.0573616354605746,0.0757321518279816,0.768339342382348,0.0985668703290954
25932,0.0877110220153842,0.424862533689778,0.197858529806201,0.289567914488637
25933,0.123097777548514,0.142126012774694,0.544849264416603,0.189926945260189
25934,0.0741174657516127,0.0786407536554619,0.563344678946152,0.283897101646773
25935,0.264351744264166,0.309135869225805,0.126945610900134,0.299566775609895
25936,0.224842553437801,0.0848502232368795,0.576728560034987,0.113578663290333
25937,0.730140481014363,0.0761249934049849,0.0740384229733456,0.119696102607306
25938,0.0787041456252697,0.618348419648914,0.10595701212662,0.196990422599196
25939,0.169798599523899,0.106960004129305,0.471387018017538,0.251854378329258
25940,0.0634289943854466,0.364710180459605,0.14212217563131,0.429738649523638
25941,0.0906641366432398,0.239933291796325,0.562292837264973,0.107109734295463
25942,0.109865825272712,0.402810244102765,0.307232939749275,0.180090990875248
25943,0.0543660148144839,0.41207209936482,0.288130690619889,0.245431195200807
25944,0.287429142123924,0.130827933100455,0.151729164250315,0.430013760525305
25945,0.204896679244779,0.129170348999113,0.326525491884418,0.33940747987169
25946,0.522234218409071,0.176568266517715,0.104393745952119,0.196803769121094
25947,0.410288357919364,0.209836112498215,0.198628674084837,0.181246855497584
25948,0.0374088423391396,0.127166012279285,0.13228470746811,0.703140437913465
25949,0.0483994847022949,0.24524321097135,0.536081339317297,0.170275965009058
25950,0.692847886483305,0.0672118572173125,0.104490048523075,0.135450207776307
25951,0.0798610925005363,0.222540621668247,0.459128147011921,0.238470138819296
25952,0.0364494833541413,0.0939901364974682,0.628478876205862,0.241081503942529
25953,0.40114838440446,0.12203317391181,0.134000693455899,0.34281774822783
25954,0.681813010310832,0.0297222376044695,0.0292804245984866,0.259184327486212
25955,0.15094627674298,0.526421404154747,0.230722540225038,0.0919097788772338
25956,0.184630564799831,0.242174324370866,0.524865444182047,0.0483296666472559
25957,0.51197819360229,0.336908623331269,0.114426990004655,0.0366861930617858
25958,0.37148790888122,0.393139307605119,0.156883041964669,0.0784897415489916
25959,0.123334200577958,0.354426448408744,0.435370997737662,0.0868683532756367
25960,0.417808565495837,0.319841904385833,0.211415953454921,0.0509335766634091
25961,0.397796529899087,0.226889317200435,0.326442356119698,0.0488717967807798
25962,0.601139542684461,0.210534410042286,0.110374763687494,0.0779512835857588
25963,0.143074815864025,0.451345919069581,0.350598589239035,0.0549806758273596
25964,0.423018774828321,0.337111901403501,0.159703296501234,0.0801660272669441
25965,0.339340604909921,0.207127966946089,0.381184398978295,0.0723470291656957
25966,0.241157200126569,0.155607692811908,0.515899275505956,0.0873358315555667
25967,0.424783833107521,0.232042063000897,0.17749349954347,0.165680604348113
25968,0.250077432816529,0.414398803734792,0.237408116033054,0.0981156474156249
25969,0.0801351218157687,0.362565102407338,0.501342610804609,0.0559571649722847
25970,0.267799475433055,0.438198732954107,0.205533963722687,0.0884678278901515
25971,0.392102792958409,0.270109035720453,0.265344087658535,0.0724440836626028
25972,0.229079710877073,0.45435356118337,0.202136759655566,0.114429968283991
25973,0.185310043624917,0.288801200640049,0.431488704669004,0.0944000510660293
25974,0.5141463974695,0.144868937519112,0.205083050849956,0.135901614161432
25975,0.17709496570039,0.450852512170447,0.245501957690726,0.126550564438437
25976,0.165202392017363,0.411551239513613,0.220677015553761,0.202569352915263
25977,0.480759042426562,0.179900051709576,0.281398221914992,0.0579426839488699
25978,0.20293535044755,0.603814615673726,0.148725837334905,0.0445241965438185
25979,0.541368194311396,0.155307146322299,0.236014399648382,0.0673102597179237
25980,0.149643835782364,0.437819899626097,0.329524204484697,0.0830120601068407
25981,0.473649827449664,0.208129690388989,0.255628931940244,0.062591550221103
25982,0.126583350486245,0.128086964648293,0.641924555110579,0.103405129754883
25983,0.51194576771533,0.233161292444213,0.174877918035586,0.0800150218048723
25984,0.372423473935898,0.160480521616578,0.319719934667722,0.147376069779802
25985,0.242546774507959,0.208907989870177,0.136776926611754,0.41176830901011
25986,0.50164731641518,0.110661274018046,0.227437505035258,0.160253904531516
25987,0.126611086543336,0.158495589097069,0.644358702641619,0.0705346217179768
25988,0.109227850002546,0.521039610118275,0.296453746759705,0.073278793119474
25989,0.0860576797890238,0.238123581747211,0.201984744619928,0.473833993843837
25990,0.0915463738312985,0.182912097215422,0.620490157210208,0.105051371743071
25991,0.324201815993955,0.154118296000166,0.240461365589499,0.28121852241638
25992,0.0743853929749648,0.370858492893823,0.457680647598648,0.0970754665325642
25993,0.21026114974457,0.464021298873143,0.120550701004172,0.205166850378116
25994,0.186824836395471,0.150784614665251,0.284322893297984,0.378067655641294
25995,0.202621202950078,0.487905594950623,0.15820208473103,0.151271117368269
25996,0.28385436294551,0.220952476924631,0.416275599913295,0.078917560216564
25997,0.440120937731005,0.217415332116253,0.207883631615953,0.134580098536789
25998,0.397362639346164,0.247770036338736,0.217598714835437,0.137268609479664
25999,0.172081725599889,0.304776952227704,0.450432338507615,0.0727089836647918
26000,0.193489081344897,0.434211761099039,0.244858013789553,0.12744114376651
26001,0.229505329241272,0.539086815403887,0.128520608164907,0.102887247189934
26002,0.464707099423905,0.224417534169192,0.224932239774333,0.0859431266325705
26003,0.326183699363288,0.242214086268354,0.188218196017183,0.243384018351175
26004,0.0964099820522376,0.553474651886254,0.191550854613971,0.158564511447537
26005,0.108740088049879,0.228809551801071,0.476502885495691,0.185947474653359
26006,0.205785793795922,0.362512207945569,0.226287768035281,0.205414230223227
26007,0.259982278451453,0.557296100382071,0.115873231774522,0.066848389391954
26008,0.144044997923163,0.0651333691103765,0.678239290172973,0.112582342793487
26009,0.21440217814916,0.623090452679599,0.108289219634583,0.0542181495366584
26010,0.331511444806575,0.211374380902101,0.262626449338022,0.194487724953301
26011,0.745590218759989,0.10487166635627,0.0728664501668004,0.0766716647169398
26012,0.229302100551375,0.265006700406726,0.314243335882374,0.191447863159525
26013,0.152590817338653,0.316401803048975,0.277701155901503,0.253306223710869
26014,0.270493571215008,0.396976970065739,0.183746051187083,0.148783407532171
26015,0.180728042734025,0.497951111529929,0.245656464910816,0.07566438082523
26016,0.391010983706362,0.244932638836039,0.251255387688682,0.112800989768917
26017,0.473855871858853,0.161450445358021,0.211464319959838,0.153229362823288
26018,0.351456273076367,0.335738752707316,0.117245761525948,0.195559212690369
26019,0.170129405565666,0.451394476952878,0.280486163765844,0.0979899537156128
26020,0.268607915421758,0.207127055892602,0.377954045736483,0.146310982949156
26021,0.170528766854766,0.473989971642628,0.167941951248729,0.187539310253876
26022,0.344085363633564,0.295373287146009,0.177634274889392,0.182907074331035
26023,0.154435079466294,0.367212504404213,0.334752907727374,0.143599508402118
26024,0.287567189732745,0.157885348706383,0.448957373223956,0.105590088336916
26025,0.246789772992509,0.427634430639855,0.143804069320743,0.181771727046893
26026,0.234177312100664,0.340882256665916,0.174043854526749,0.250896576706671
26027,0.241503063164483,0.113510570076212,0.514391244350597,0.130595122408708
26028,0.349561630720442,0.21581919395243,0.128675771658032,0.305943403669095
26029,0.175846522707325,0.33893015207163,0.213410985146367,0.271812340074678
26030,0.294169672742206,0.182760505757657,0.129934160524107,0.39313566097603
26031,0.23256719984246,0.43775448330324,0.217254334903653,0.112423981950647
26032,0.455293106660951,0.270625315555754,0.197079574088014,0.0770020036952813
26033,0.401378770458886,0.338000502839036,0.144638467507649,0.115982259194428
26034,0.201483481608107,0.127872968289182,0.556827573812941,0.11381597628977
26035,0.445400260530293,0.131692666804338,0.285535564981419,0.13737150768395
26036,0.369238278776832,0.0901455771851456,0.421685262463772,0.11893088157425
26037,0.125563962593763,0.746291499812488,0.0780262123646505,0.0501183252290986
26038,0.0813746981741538,0.508007890767198,0.192527544360306,0.218089866698343
26039,0.338641032070157,0.116639924685307,0.37345149807836,0.171267545166176
26040,0.113874967716803,0.15706156431081,0.647507382719767,0.0815560852526201
26041,0.376598727535379,0.232148440973147,0.198762670544674,0.192490160946801
26042,0.18230050920678,0.419567251874024,0.127108753410859,0.271023485508337
26043,0.106363880523721,0.195450636705626,0.613347360701238,0.0848381220694147
26044,0.661592945854367,0.157450026755791,0.104368855763026,0.0765881716268155
26045,0.180739351790071,0.596750185536847,0.124832404959461,0.0976780577136217
26046,0.335877126401921,0.192062542835876,0.170172242194783,0.301888088567419
26047,0.186738524759315,0.119138712030842,0.46185685950363,0.232265903706213
26048,0.123796975301249,0.250002568093905,0.399347862985813,0.226852593619034
26049,0.131705892993725,0.188944117375045,0.566340691558126,0.113009298073105
26050,0.198228770938897,0.26696666762322,0.430518682591804,0.104285878846079
26051,0.217728877653351,0.402508113039303,0.21033948253694,0.169423526770405
26052,0.146323368396345,0.366073372886907,0.199990828651732,0.287612430065015
26053,0.225978906801721,0.309688380540364,0.367268563563911,0.0970641490940046
26054,0.199044932763961,0.382621365608074,0.184790606694137,0.233543094933828
26055,0.377549335637333,0.285930508029638,0.182088195058451,0.154431961274578
26056,0.318846118408595,0.185533474843649,0.282599986097476,0.213020420650279
26057,0.26694870467907,0.359513574083866,0.246314510723224,0.12722321051384
26058,0.145049459681434,0.535867871289284,0.128145205299897,0.190937463729385
26059,0.462314937779075,0.282998695323701,0.161753608910187,0.0929327579870371
26060,0.350317662561001,0.351092844486973,0.176173362537578,0.122416130414448
26061,0.422171312775991,0.210969230863737,0.211449504158326,0.155409952201946
26062,0.281319225381049,0.268566364165792,0.282843947121569,0.16727046333159
26063,0.430781597531988,0.100133843138922,0.295286767168909,0.173797792160181
26064,0.233518518815301,0.161460797674357,0.413225517068644,0.191795166441698
26065,0.578045863823685,0.172675836408839,0.116085542739369,0.133192757028108
26066,0.319898485231516,0.320846156519101,0.134221613958518,0.225033744290864
26067,0.423761925513073,0.268825617813945,0.181144630646499,0.126267826026483
26068,0.149986758963325,0.53009532244812,0.156653083907148,0.163264834681408
26069,0.165874940338016,0.193694476798008,0.510482912547195,0.129947670316781
26070,0.443400113130145,0.237229500133272,0.151940267830313,0.16743011890627
26071,0.323650566837523,0.244738063521491,0.226479123283306,0.20513224635768
26072,0.249459983304709,0.286838587096491,0.387774677594846,0.0759267520039541
26073,0.241903832985395,0.361512876119089,0.26464253720366,0.131940753691857
26074,0.201306669714601,0.283273369722306,0.446392358605495,0.0690276019575983
26075,0.246491417835337,0.323924462594242,0.270736569378293,0.158847550192128
26076,0.305702743205357,0.157713061941294,0.417136983587344,0.119447211266005
26077,0.10849607003568,0.529779274250497,0.255314648007887,0.106410007705936
26078,0.166175604620714,0.19057460120301,0.595564979506618,0.0476848146696581
26079,0.166955690028622,0.230978298373639,0.383226526647391,0.218839484950348
26080,0.158605154372487,0.570057635862774,0.170960155130272,0.100377054634467
26081,0.164940117120828,0.255712115162904,0.4739357579814,0.105412009734868
26082,0.359108134401969,0.162654892653794,0.309443164905548,0.168793808038688
26083,0.201900944748467,0.327459298086431,0.227147474795917,0.243492282369186
26084,0.102823440684613,0.433629952703251,0.284486374864272,0.179060231747864
26085,0.303749829786252,0.198408211350484,0.323802949973256,0.174039008890009
26086,0.388695020686009,0.164286608602254,0.274561823625199,0.172456547086538
26087,0.158090215112491,0.311192226459082,0.401079806156562,0.129637752271864
26088,0.114202897244092,0.284795604184742,0.270141573342766,0.3308599252284
26089,0.34047977134318,0.131169491055693,0.185275014682254,0.343075722918873
26090,0.308957165825039,0.0890598148634299,0.407415643024577,0.194567376286954
26091,0.1030700529663,0.0969640698523899,0.633459177797656,0.166506699383654
26092,0.214420866976373,0.330618601853365,0.0413462189875351,0.413614312182726
26093,0.40087124325652,0.220917025089195,0.108183054949055,0.27002867670523
26094,0.311496284948451,0.0512541075785383,0.171299468283367,0.465950139189644
26095,0.0588781234883181,0.308619406827131,0.214763427426236,0.417739042258316
26096,0.516514382507049,0.173461195251223,0.130543566417733,0.179480855823996
26097,0.0478285547504529,0.575576430817707,0.0887215326822739,0.287873481749567
26098,0.660754950249179,0.104894663199361,0.0827314064700093,0.151618980081451
26099,0.10579367145279,0.359499881662731,0.108016671448469,0.42668977543601
26100,0.492502796792098,0.14787497040769,0.189639043300522,0.16998318949969
26101,0.535030674685368,0.285685691934057,0.0402416303790242,0.139042003001551
26102,0.0971827186408027,0.119234408351246,0.18952454196171,0.594058331046242
26103,0.0535000517758944,0.584412355016345,0.165284738963526,0.196802854244235
26104,0.0600660730427101,0.199788503275915,0.168211702963394,0.57193372071798
26105,0.376322404836094,0.109493698164128,0.0687083109397315,0.445475586060046
26106,0.03585474971875,0.520663816254472,0.172077617359457,0.271403816667321
26107,0.334618138679645,0.4610497880227,0.132941495396425,0.0713905779012308
26108,0.252779319311194,0.259137574941679,0.363399392980086,0.124683712767041
26109,0.273040973234265,0.288117259347634,0.321561031797095,0.117280735621007
26110,0.584914010360113,0.131122943690991,0.181345090199307,0.102617955749589
26111,0.183969460095695,0.156365537323135,0.556792299955968,0.102872702625203
26112,0.140735733820108,0.574265862165132,0.183316786285417,0.101681617729343
26113,0.395509301758543,0.349533677778862,0.157966815310492,0.0969902051521029
26114,0.369207273261686,0.357990327177013,0.219585387222301,0.0532170123389996
26115,0.357914540697056,0.138550252296139,0.41072353314434,0.0928116738624646
26116,0.131021511307557,0.26717849768957,0.45544782567111,0.146352165331763
26117,0.350508428448717,0.219251108068906,0.246378999244373,0.183861464238004
26118,0.421421614819028,0.228970053477967,0.159918505354171,0.189689826348834
26119,0.168849324871853,0.654334141257292,0.099794327925958,0.0770222059448965
26120,0.191921896081448,0.496705084757913,0.184296300078143,0.127076719082496
26121,0.480767921169723,0.0942410354691531,0.247003910257791,0.177987133103332
26122,0.15100417345797,0.206050997663433,0.425965251387327,0.21697957749127
26123,0.190737944387034,0.209099867211574,0.439563678610781,0.160598509790612
26124,0.248712400778392,0.143284646230879,0.419485185758358,0.18851776723237
26125,0.344236399698987,0.187158324763027,0.374160025067075,0.0944452504709103
26126,0.57855759607619,0.0805026090250619,0.153741562955414,0.187198231943334
26127,0.46826934945264,0.296678645057346,0.123111443155423,0.111940562334591
26128,0.24776555542249,0.1993198149751,0.114844406310525,0.438070223291886
26129,0.198929989272821,0.241880984440887,0.414238574019996,0.144950452266297
26130,0.390695541186265,0.233541571486001,0.11812466199843,0.257638225329304
26131,0.356110446044475,0.0968169352505354,0.256848868100575,0.290223750604414
26132,0.218709325838081,0.0849958836436241,0.406970985802421,0.289323804715874
26133,0.107032225191011,0.472283832284619,0.206531848078383,0.214152094445988
26134,0.146723855106788,0.625159512730263,0.0947410705583775,0.133375561604572
26135,0.12408469233122,0.307497650460485,0.244121075939236,0.324296581269059
26136,0.343241551276302,0.260338928416027,0.139145541362568,0.257273978945103
26137,0.133412491177718,0.446587708512419,0.131762723983125,0.288237076326738
26138,0.0982300490807861,0.275476738568491,0.0686317641823026,0.55766144816842
26139,0.179397520144548,0.515064862775293,0.064090332027305,0.241447285052854
26140,0.218991094044574,0.0691111624967981,0.384770515203309,0.327127228255318
26141,0.22561041618216,0.124512930654698,0.136258325142111,0.51361832802103
26142,0.05615904151018,0.523827737045419,0.166235492740745,0.253777728703656
26143,0.110074927155671,0.283752266434961,0.368218565601243,0.237954240808126
26144,0.0418305483656253,0.124980191916356,0.469760105183476,0.363429154534543
26145,0.310011870520821,0.149815098102592,0.355184955569439,0.184988075807148
26146,0.177735874373169,0.229037947918837,0.478275745272982,0.114950432435012
26147,0.339452708996297,0.336844653154883,0.205558587901054,0.118144049947766
26148,0.458806918712119,0.195759074032699,0.236185050777108,0.109248956478073
26149,0.134887669069085,0.536990995278552,0.21749975946031,0.110621576192053
26150,0.271300490013337,0.228345862476178,0.222492937147932,0.277860710362553
26151,0.305644088190067,0.357483202767988,0.182201792421873,0.154670916620073
26152,0.111298033202176,0.475880477079648,0.201111787453907,0.211709702264268
26153,0.14529824143433,0.194068138512648,0.484351975197633,0.176281644855389
26154,0.167236496120647,0.22919939882298,0.272819018378294,0.330745086678078
26155,0.0730177009174481,0.586090741711337,0.194714527948308,0.146177029422907
26156,0.258979934418129,0.26636171831181,0.263941837571947,0.210716509698114
26157,0.195052841059097,0.284155428867968,0.430314384931952,0.0904773451409831
26158,0.555430861022558,0.188715010610785,0.137272125571857,0.1185820027948
26159,0.239983537005615,0.180695633884844,0.409061859802583,0.170258969306958
26160,0.237011882082253,0.230617329601157,0.307978045266686,0.224392743049905
26161,0.142862279059928,0.405715792251794,0.221550883622392,0.229871045065886
26162,0.244735478380324,0.0968337787290225,0.517821528294137,0.140609214596517
26163,0.444543057179109,0.126922148765682,0.214846692732874,0.213688101322335
26164,0.0730985948127052,0.404232366850557,0.361094887809441,0.161574150527297
26165,0.357374451420504,0.217803336554736,0.228687485613707,0.196134726411053
26166,0.155862006740072,0.107782191713568,0.661845811191294,0.0745099903550653
26167,0.126670955981684,0.365427932398217,0.215048757111879,0.29285235450822
26168,0.0832128515494927,0.413981059470622,0.410768404876993,0.0920376841028923
26169,0.601296398968985,0.0576005238728198,0.218702981347538,0.122400095810658
26170,0.0772552822965347,0.623971514795464,0.197120397625921,0.101652805282081
26171,0.092467288129655,0.137089529927825,0.713901008430242,0.0565421735122775
26172,0.146786525365472,0.445120815747365,0.228939904258309,0.179152754628853
26173,0.0628120120706988,0.262194622255436,0.584050490349961,0.0909428753239043
26174,0.136081192877933,0.260907217256696,0.375486860569928,0.227524729295442
26175,0.0549537552512313,0.763838601381575,0.02733437928433,0.153873264082864
26176,0.187358194719054,0.10915397388922,0.599299416447251,0.104188414944475
26177,0.0300131031077691,0.052281769770694,0.610990874932537,0.306714252189
26178,0.0329855780749616,0.362855991974541,0.0882433700870702,0.515915059863427
26179,0.547694179775422,0.201958917008889,0.0407115619277199,0.209635341287969
26180,0.375606727365041,0.257917289013998,0.0690169158631594,0.297459067757802
26181,0.321306334031758,0.185687136185891,0.123891584251832,0.369114945530519
26182,0.0224186417482233,0.629717397131352,0.14430226761342,0.203561693507005
26183,0.214980113654251,0.286813588913104,0.43127970121676,0.0669265962158855
26184,0.0972135084431396,0.24672257952096,0.458812104385549,0.197251807650352
26185,0.310808125210802,0.5056008801686,0.128210250182231,0.0553807444383671
26186,0.163464894909611,0.222277064322711,0.48510861155935,0.129149429208327
26187,0.453697952684792,0.286356629606461,0.135637015224242,0.124308402484505
26188,0.169917477589439,0.245722671103517,0.471846032252803,0.112513819054242
26189,0.392215670009447,0.156775304079581,0.280390917199356,0.170618108711616
26190,0.458246209786674,0.253541449214709,0.166156722539275,0.122055618459343
26191,0.390047681654745,0.277626642008509,0.212604676077092,0.119721000259654
26192,0.156467316706626,0.131970313659285,0.615622575372038,0.0959397942620511
26193,0.308533654308288,0.237137388005259,0.30747276815322,0.146856189533233
26194,0.252351724940311,0.550591932083247,0.101901752945298,0.0951545900311442
26195,0.134974280731801,0.446047243563287,0.276866831566549,0.142111644138363
26196,0.218750545917556,0.0933180363379457,0.536166104611578,0.15176531313292
26197,0.238514334579207,0.244132572210396,0.234251731006545,0.283101362203851
26198,0.123947457546059,0.763207607074428,0.0712361159942976,0.0416088193852162
26199,0.420604128298657,0.148961139687282,0.14157383512719,0.288860896886871
26200,0.160815492053812,0.339809802475832,0.222396869826031,0.276977835644324
26201,0.485499963222613,0.280542280436835,0.0763462014791087,0.157611554861443
26202,0.545956414354315,0.148478840960077,0.223349406927956,0.0822153377576518
26203,0.508832779902251,0.275320154047542,0.114064660496064,0.101782405554144
26204,0.338535366622561,0.181487565754015,0.256744111767247,0.223232955856178
26205,0.112800849161569,0.371310069620409,0.296031349728077,0.219857731489945
26206,0.286333857304025,0.180424187037384,0.0976220126867465,0.435619942971844
26207,0.229102108936809,0.260113000402883,0.279927727426912,0.230857163233396
26208,0.538768640959289,0.12441701148698,0.215651936319027,0.121162411234704
26209,0.441864363003379,0.412609090530223,0.0369491151838544,0.108577431282544
26210,0.665545254197796,0.158741788851753,0.07992334114326,0.0957896158071918
26211,0.25672585168307,0.505808942049285,0.096105616990717,0.141359589276928
26212,0.18318352361439,0.448405954829856,0.174919744343185,0.193490777212569
26213,0.348982466773095,0.36322823372796,0.120144620151432,0.167644679347513
26214,0.0857582199330048,0.15781363336965,0.615478233659227,0.140949913038118
26215,0.178636805313039,0.490575600505881,0.0883339026972864,0.242453691483794
26216,0.141836123750643,0.23174629708063,0.422008494430875,0.204409084737852
26217,0.192706659309317,0.0897082448016069,0.324623629777155,0.392961466111921
26218,0.0735290683654385,0.691523140015905,0.16736465379427,0.0675831378243874
26219,0.417197026136855,0.102019281449387,0.186920079610944,0.293863612802813
26220,0.0920455854519517,0.20917558496074,0.602305534557189,0.0964732950301188
26221,0.238432924464295,0.190790854295623,0.498242335450356,0.0725338857897262
26222,0.513081108968811,0.144765773597166,0.292230630223225,0.0499224872107981
26223,0.174834844756859,0.41610290729349,0.344829425636898,0.0642328223127526
26224,0.383387467782734,0.204261305549025,0.356714750946113,0.0556364757221286
26225,0.130827050397518,0.169042843023062,0.611379538449445,0.0887505681299744
26226,0.214292599364571,0.615443252951227,0.124431723181417,0.0458324245027847
26227,0.287507436506522,0.371131416277149,0.250991291908478,0.0903698553078508
26228,0.207017454367711,0.184394884757395,0.512170084513523,0.0964175763613699
26229,0.267403221567433,0.385166770883633,0.172580215543688,0.174849792005246
26230,0.0794834533583298,0.621920947664604,0.262212908730481,0.0363826902465855
26231,0.363367961760795,0.189588015933723,0.366339158128168,0.0807048641773135
26232,0.296272389465975,0.286175268446789,0.306987183142712,0.110565158944524
26233,0.603573158238065,0.161708183608733,0.152753346810245,0.0819653113429572
26234,0.36860438316656,0.244437407388019,0.328753809891644,0.0582043995537765
26235,0.177517705359583,0.390095255465236,0.263138012129612,0.169249027045568
26236,0.200796406903166,0.334750190069097,0.384065267314767,0.0803881357129696
26237,0.143455387183817,0.594060318033785,0.133848928910115,0.128635365872283
26238,0.182917520408346,0.581776737995865,0.113535197105791,0.121770544489998
26239,0.353840647408523,0.294753109201868,0.217307587838412,0.134098655551196
26240,0.421153365437838,0.131786439578483,0.366852598600743,0.080207596382936
26241,0.223939924924672,0.237773631411162,0.47259938491113,0.0656870587530359
26242,0.13702478868185,0.547208646553149,0.244100649975076,0.0716659147899241
26243,0.284460135247373,0.462054277498967,0.160896655338126,0.0925889319155344
26244,0.157807619567636,0.297943172857464,0.375068908318046,0.169180299256853
26245,0.207038642736157,0.221127535288408,0.501281456197411,0.0705523657780231
26246,0.268055168257242,0.248484415681473,0.409795637824033,0.073664778237252
26247,0.420214955745363,0.226119009582833,0.263595031241788,0.0900710034300165
26248,0.15488813708997,0.542986320177827,0.206335267571175,0.0957902751610281
26249,0.242777351266252,0.387051735651803,0.200581425241731,0.169589487840213
26250,0.40902620953994,0.234750178885639,0.235805713796904,0.120417897777517
26251,0.116917904233687,0.1580356445854,0.366110789523825,0.358935661657087
26252,0.143409727333564,0.622191868138989,0.122445189767761,0.111953214759686
26253,0.196113319688739,0.376066416368589,0.234681855055997,0.193138408886674
26254,0.226890056827258,0.106292793823078,0.561922375838937,0.104894773510727
26255,0.119709154118616,0.278059157186705,0.309967486052057,0.292264202642622
26256,0.34458393666735,0.240940440240961,0.326069796929824,0.0884058261618645
26257,0.191897583164277,0.120917640122916,0.466695073276084,0.220489703436724
26258,0.112085547950059,0.210003506007165,0.551125272149024,0.126785673893752
26259,0.4389123140118,0.15507938960186,0.257524654952922,0.148483641433418
26260,0.306688019323216,0.277945119520837,0.247054220791398,0.168312640364549
26261,0.255811110078528,0.261418410164453,0.15130631511371,0.331464164643308
26262,0.525721393329179,0.211792462365545,0.125510945040242,0.136975199265034
26263,0.126383395377503,0.536349535143142,0.150824140160971,0.186442929318384
26264,0.275502652501844,0.203490846551505,0.267699275294613,0.253307225652038
26265,0.259624493784606,0.29949937386141,0.20017907237801,0.240697059975973
26266,0.256108243982897,0.201460316932951,0.279465882626235,0.262965556457917
26267,0.254778196914011,0.0863778659235829,0.485573310253592,0.173270626908814
26268,0.302285497389387,0.0605189349062876,0.49148160257409,0.145713965130235
26269,0.367771533835359,0.171893596164663,0.17975970218788,0.280575167812099
26270,0.300878421890404,0.399781887898513,0.148598236713871,0.150741453497212
26271,0.256432513487338,0.155651707145343,0.473618852738451,0.114296926628868
26272,0.184279557446184,0.49678660801311,0.138531384499616,0.18040245004109
26273,0.405917431173105,0.231723358011448,0.153188901760916,0.20917030905453
26274,0.584056261393173,0.144469608464277,0.147268368831818,0.124205761310732
26275,0.119059816107253,0.712686885031624,0.0468269383323172,0.121426360528805
26276,0.24273954156631,0.143183280782294,0.392233617402007,0.221843560249389
26277,0.0801684660062904,0.0880130391561924,0.470484505011451,0.361333989826066
26278,0.280988045653861,0.287491570886862,0.286840478761954,0.144679904697324
26279,0.195629540920177,0.362191129606362,0.346786626236504,0.095392703236957
26280,0.396062079771457,0.257625239852823,0.237828510595872,0.108484169779848
26281,0.248475465077908,0.338074029053311,0.30050857149947,0.112941934369311
26282,0.254598490964341,0.433637930457637,0.213173256987793,0.0985903215902287
26283,0.38037687457399,0.262948502713937,0.225960841081573,0.130713781630499
26284,0.306324516526445,0.338660197713947,0.203458181021695,0.151557104737913
26285,0.265134476787868,0.252901107747857,0.371934907305215,0.11002950815906
26286,0.54411352579612,0.209889015508276,0.171762949528645,0.0742345091669595
26287,0.191322714513361,0.303158094613989,0.353707285907221,0.151811904965429
26288,0.214093931845928,0.398533618142058,0.261910618331716,0.125461831680297
26289,0.252133646033486,0.410906934328611,0.180202476506619,0.156756943131284
26290,0.265294568424509,0.170913376547268,0.488374699169283,0.0754173558589401
26291,0.30099370824406,0.35230670745726,0.229398889407827,0.117300694890854
26292,0.207657755082483,0.279042506982301,0.321239827614194,0.192059910321021
26293,0.194052593079797,0.323651901177551,0.276408397026561,0.205887108716091
26294,0.211449866282127,0.503237079438363,0.217056586663996,0.0682564676155148
26295,0.250809296757205,0.340556242094089,0.23912556927678,0.169508891871927
26296,0.180016175255621,0.28636782536066,0.289774713277901,0.243841286105819
26297,0.195016170264764,0.149475069997977,0.397879986369304,0.257628773367955
26298,0.0672816999418929,0.133560329183432,0.68317775728592,0.115980213588755
26299,0.0713680227215535,0.557186769291682,0.23688636586203,0.134558842124735
26300,0.168924405855413,0.113194812428132,0.407348806165396,0.31053197555106
26301,0.165004653052058,0.395714128715423,0.13394724348629,0.305333974746228
26302,0.084320526369013,0.74607901213841,0.0700562795992106,0.0995441818933662
26303,0.248154868056499,0.380731123540558,0.114662658087839,0.256451350315104
26304,0.132861312142476,0.105937246810068,0.422787869449687,0.338413571597769
26305,0.52119284973973,0.229949998311885,0.0622741895984013,0.186582962349983
26306,0.299474563460652,0.0725622868406322,0.101339107800482,0.526624041898234
26307,0.0521770572296386,0.51865797492376,0.346859869686803,0.0823050981597983
26308,0.272812928084032,0.056549697039428,0.13898762876628,0.53164974611026
26309,0.0562605466094603,0.363289582301435,0.119680484313562,0.460769386775542
26310,0.0801919822223612,0.192063234894496,0.567494598892516,0.160250183990626
26311,0.539240268530204,0.232114741193553,0.0914647610604164,0.137180229215826
26312,0.226537804528859,0.552667199452839,0.114269086711556,0.106525909306746
26313,0.135859994940498,0.404317362681696,0.179703687517592,0.280118954860214
26314,0.0456390218333634,0.30717941762486,0.215429123164961,0.431752437376816
26315,0.402223410729201,0.119007312412687,0.0794248465809236,0.399344430277189
26316,0.145138347323445,0.0776458162968175,0.227208012574412,0.550007823805326
26317,0.191403711404648,0.287055538614114,0.210177285588733,0.311363464392505
26318,0.123442296906991,0.168301917165166,0.250976740780014,0.457279045147829
26319,0.624066994159733,0.0401397773438047,0.113148953263009,0.222644275233453
26320,0.0792523804741739,0.254691876770308,0.0910340337095794,0.575021709045939
26321,0.4956598542259,0.145745141241495,0.192371062735905,0.166223941796701
26322,0.467068311648323,0.172751994549743,0.19396886329144,0.166210830510493
26323,0.0587398953813331,0.640235607550823,0.184379942731829,0.116644554336014
26324,0.138533219115109,0.196779249893151,0.126954222085806,0.537733308905934
26325,0.234681157617588,0.0645849213762813,0.395283767487561,0.305450153518569
26326,0.654707839818474,0.104275960210708,0.150222298026944,0.0907939019438739
26327,0.624805799701662,0.0539402101732809,0.0433801502746675,0.277873839850389
26328,0.204615639990799,0.610837556261464,0.0395555414843465,0.144991262263391
26329,0.137178575408749,0.103580141027392,0.482682850250919,0.27655843331294
26330,0.0814304084954271,0.148613001801008,0.129688298426794,0.640268291276771
26331,0.339623786665938,0.105032413582991,0.115583625523493,0.439760174227578
26332,0.12305799198791,0.490855822055017,0.0666189002859292,0.319467285671143
26333,0.232911380647027,0.0796275152407698,0.16771441552908,0.519746688583123
26334,0.4865096161957,0.0841988800579371,0.0495934439220749,0.379698059824288
26335,0.148600661069011,0.389955627439689,0.306993662084838,0.154450049406462
26336,0.238457929105739,0.28490376045222,0.28153704088337,0.195101269558671
26337,0.487849765311702,0.102157350175194,0.339992874847233,0.0700000096658708
26338,0.117980600875322,0.484052122161242,0.14474591252974,0.253221364433697
26339,0.177857110595452,0.45617456241045,0.192499681216917,0.17346864577718
26340,0.322577513242426,0.17349844289215,0.216859265346794,0.287064778518629
26341,0.0656930664885561,0.120925683182509,0.743271096471087,0.0701101538578473
26342,0.384710782557874,0.207477404197959,0.301626467485653,0.106185345758514
26343,0.256843775233489,0.396434043865367,0.226453346246453,0.120268834654692
26344,0.218903503863407,0.314937972317038,0.312823082692818,0.153335441126737
26345,0.254882969285628,0.142866797054435,0.512146534224546,0.0901036994353914
26346,0.0775727625335675,0.148840637470161,0.131441434441659,0.642145165554613
26347,0.213635052992458,0.663280825963343,0.0439469969552044,0.0791371240889949
26348,0.115331490860327,0.190315507399608,0.575283236958899,0.119069764781166
26349,0.0961303069126795,0.174481539562595,0.582004932717998,0.147383220806728
26350,0.292009759053395,0.157779454162756,0.289446836790079,0.260763949993769
26351,0.0433004131239464,0.517562457232038,0.304187274037272,0.134949855606744
26352,0.140439625377958,0.309925668483574,0.154697823529503,0.394936882608965
26353,0.091643747222493,0.482315475774871,0.171467946548013,0.254572830454623
26354,0.309416102764414,0.306819112830635,0.225816969563407,0.157947814841544
26355,0.201824875210243,0.144984039311712,0.275093362034335,0.378097723443709
26356,0.211748364991721,0.149239484214176,0.547148649088748,0.0918635017053557
26357,0.105826995839997,0.278414502927541,0.314480381981065,0.301278119251396
26358,0.163309369144239,0.22726914656119,0.483002813979059,0.126418670315513
26359,0.240394228971542,0.271450961456899,0.178912847398546,0.309241962173013
26360,0.296234073670097,0.28252622414883,0.309153251970795,0.112086450210279
26361,0.172536542077598,0.216693865479871,0.429231757880984,0.181537834561548
26362,0.221205105252899,0.268426745857987,0.255633951419284,0.25473419746983
26363,0.0922999802666745,0.37874491277302,0.249840412978422,0.279114693981883
26364,0.55278094829926,0.204343065043951,0.128049063972274,0.114826922684515
26365,0.0530435356717722,0.4325448345379,0.248898157767607,0.265513472022721
26366,0.314412418807344,0.232867520064853,0.270895385144517,0.181824675983285
26367,0.3760095417112,0.120895394898131,0.163950239536131,0.339144823854538
26368,0.160012925181002,0.126278209408443,0.55861749298431,0.155091372426245
26369,0.132789482592187,0.401795578145414,0.202460301345442,0.262954637916957
26370,0.552462833087094,0.213095793948754,0.0945856322544793,0.139855740709672
26371,0.0854086118038967,0.112107052472967,0.247603543331727,0.55488079239141
26372,0.245030564130663,0.56840551363415,0.0743090179640684,0.112254904271118
26373,0.157645390126322,0.615661893217491,0.125435977118981,0.101256739537206
26374,0.245431633678642,0.143337043802334,0.247366301206334,0.36386502131269
26375,0.110235451711711,0.203981414715461,0.601959142854721,0.0838239907181069
26376,0.480969725481283,0.258589971675721,0.154291064627083,0.106149238215913
26377,0.290423975573717,0.334461104490444,0.143981997301011,0.231132922634828
26378,0.185051683684997,0.154698878022973,0.479841424795054,0.180408013496976
26379,0.0962330784937696,0.20539108184081,0.607551460560796,0.0908243791046242
26380,0.1713184575361,0.262722502815774,0.405883141475712,0.160075898172415
26381,0.657505199665774,0.110480544206101,0.153317008456579,0.0786972476715461
26382,0.254718722034734,0.242741165216866,0.333407956922593,0.169132155825807
26383,0.184761773583482,0.634335021099079,0.0836612341204796,0.0972419711969593
26384,0.264219019459138,0.129804127750282,0.456753174846647,0.149223677943933
26385,0.0830183182380116,0.442264051934097,0.0959555390113859,0.378762090816505
26386,0.0615047053081184,0.152419375718913,0.634169342798261,0.151906576174708
26387,0.122156328170926,0.1993204471084,0.318252339652481,0.360270885068194
26388,0.268562800551281,0.152352525746349,0.401285434043273,0.177799239659097
26389,0.159656652382415,0.475260471617433,0.238614700073521,0.126468175926632
26390,0.312931048126525,0.345803842871227,0.19690271024753,0.144362398754718
26391,0.268541525900715,0.172962456235034,0.504068435203654,0.0544275826605974
26392,0.13805856680061,0.499254111193687,0.231960823448624,0.13072649855708
26393,0.11222138329165,0.246983336765401,0.347113939876153,0.293681340066796
26394,0.415752029802163,0.195008472706489,0.204543036287951,0.184696461203397
26395,0.5374566726295,0.212496681623548,0.0980410760667124,0.15200556968024
26396,0.344430160301113,0.207901198926617,0.222831020952826,0.224837619819444
26397,0.329006595579848,0.185090275322469,0.269147814870168,0.216755314227515
26398,0.233078314913476,0.334955319346823,0.10689970473185,0.325066661007851
26399,0.152745997900537,0.468584650224467,0.162954807643698,0.215714544231298
26400,0.284014929433998,0.199959691210423,0.235790230167442,0.280235149188138
26401,0.216868058463999,0.269761136123727,0.350580534625431,0.162790270786843
26402,0.0576830860041635,0.535970263158131,0.143532747185264,0.262813903652442
26403,0.150206786612576,0.645607986028958,0.0767820890159725,0.127403138342494
26404,0.568962838662196,0.0954613306833121,0.147341293814589,0.188234536839903
26405,0.062689473300921,0.760968570333277,0.072242895981399,0.104099060384403
26406,0.204338830262862,0.104323269894706,0.574232969526968,0.117104930315464
26407,0.157418612066976,0.185341646486452,0.395634557397691,0.261605184048881
26408,0.21030556864359,0.111846190473284,0.386714881162417,0.291133359720709
26409,0.183255068203855,0.536337788496454,0.108195820269216,0.172211323030475
26410,0.0747522433119261,0.0946756234642726,0.525081175915379,0.305490957308422
26411,0.303276199430605,0.379891860376799,0.228219465186499,0.0886124750060976
26412,0.316664868966917,0.300549918805386,0.25344363477564,0.129341577452057
26413,0.216065271071255,0.147790048194212,0.490315462318214,0.145829218416319
26414,0.164486360816368,0.277446105849496,0.382777672619214,0.175289860714922
26415,0.26596975412792,0.535225594841342,0.123354108534539,0.0754505424961995
26416,0.182441240268433,0.189330264728435,0.540251539366343,0.0879769556367889
26417,0.263071041112434,0.381563248329547,0.221242629640856,0.134123080917163
26418,0.25032581752713,0.261163964090033,0.210585672000894,0.277924546381944
26419,0.16054306223943,0.394211793309807,0.266474132619283,0.17877101183148
26420,0.457958707719719,0.153581605737238,0.239018632061983,0.14944105448106
26421,0.58916202755909,0.198072055442692,0.135555530815738,0.0772103861824802
26422,0.2900991469821,0.153367602401145,0.352104922036579,0.204428328580177
26423,0.180078182240076,0.35024464421659,0.332157393459087,0.137519780084247
26424,0.490552185066278,0.179959554161694,0.188921735405139,0.140566525366889
26425,0.230745157215047,0.167450107206506,0.469838613886179,0.131966121692268
26426,0.189377574732311,0.205604958024986,0.42403027446894,0.180987192773763
26427,0.203378254777559,0.46353059973027,0.247208690404622,0.085882455087549
26428,0.329109319680955,0.394882524458372,0.138098270227676,0.137909885632998
26429,0.0546099341122843,0.687769037572058,0.180260305888886,0.0773607224267721
26430,0.253609406390202,0.270103711121833,0.397822641930416,0.0784642405575486
26431,0.404884070654181,0.313033642741802,0.236851579324515,0.045230707279502
26432,0.127746455933596,0.571515105863768,0.211150698389953,0.0895877398126841
26433,0.247004064644674,0.284635176135913,0.380184023644043,0.0881767355753701
26434,0.213859458136152,0.493703386529578,0.193039002693192,0.0993981526410785
26435,0.236066780782966,0.463776247747224,0.172133238343373,0.128023733126437
26436,0.45862496899093,0.209241821055931,0.269033905562286,0.0630993043908532
26437,0.163397085071062,0.253471479384471,0.507042390096615,0.0760890454478514
26438,0.216170632196265,0.412723767454074,0.31255215117066,0.058553449179001
26439,0.246786794685469,0.174918036309204,0.5279769916834,0.0503181773219277
26440,0.239066329565826,0.440536920424343,0.246149647343165,0.0742471026666651
26441,0.243429881430609,0.464861637101516,0.233327113911644,0.0583813675562311
26442,0.533305080154522,0.21555970190077,0.137193955919291,0.113941262025416
26443,0.502790412088604,0.241382275859468,0.207946785945983,0.047880526105945
26444,0.64899657437952,0.120728694864059,0.189033466348801,0.0412412644076202
26445,0.318991402667642,0.397563822123338,0.191368814541873,0.0920759606671467
26446,0.468716118886361,0.335999865725926,0.0944815953020577,0.100802420085656
26447,0.276934620842322,0.326407542036355,0.322261464027493,0.0743963730938308
26448,0.257319300496096,0.39824324426098,0.263968768237002,0.0804686870059227
26449,0.461042036801954,0.201441194959544,0.0741958447327062,0.263320923505796
26450,0.335434910503509,0.192396200507644,0.0500619429225006,0.422106946066346
26451,0.338881759892966,0.333470547957173,0.207663119710654,0.119984572439207
26452,0.0877704711469714,0.389902788706471,0.189025155798919,0.333301584347639
26453,0.0507495838727868,0.174411113918957,0.585889275327046,0.18895002688121
26454,0.26086445534209,0.0574967923406973,0.283129130657117,0.398509621660096
26455,0.102488573845441,0.355150238652645,0.0523133515894687,0.490047835912445
26456,0.137401671968023,0.140185440833069,0.234216342315708,0.4881965448832
26457,0.124675380824927,0.202281136568768,0.370561701816773,0.302481780789532
26458,0.141485090907596,0.38964420242038,0.105680758765018,0.363189947907006
26459,0.0363364343470664,0.0583067481731018,0.520489066728959,0.384867750750873
26460,0.057282304725309,0.220921026030214,0.0478568903547732,0.673939778889704
26461,0.120363986498319,0.223879462718424,0.378198092276778,0.277558458506479
26462,0.339761479051929,0.381077437565666,0.0423854566335474,0.236775626748858
26463,0.074435538928883,0.0842254189931399,0.526904265013658,0.314434777064319
26464,0.0384208511764387,0.2428860007585,0.2613557357033,0.457337412361762
26465,0.0242647244983856,0.307067492471672,0.138181046991531,0.530486736038412
26466,0.12588264284054,0.438602752244808,0.0250866067567241,0.410427998157929
26467,0.537189435750557,0.0366313891115308,0.0294875827168994,0.396691592421013
26468,0.277851090685706,0.378787268628619,0.265409011009554,0.0779526296761213
26469,0.404149513688785,0.250158488285682,0.252372342997742,0.0933196550277913
26470,0.193667576344767,0.392428895873778,0.29833211525659,0.115571412524865
26471,0.47689490564531,0.274968992642504,0.19613427301227,0.052001828699916
26472,0.0983083443219919,0.159884249001535,0.695480637852229,0.0463267688242439
26473,0.469314170522907,0.188789435226736,0.251485992895402,0.0904104013549549
26474,0.157257782555527,0.348165955664213,0.388953581242754,0.105622680537506
26475,0.261062838603646,0.220023699558262,0.373605877920585,0.145307583917507
26476,0.19104592433531,0.341542055048433,0.262926228358516,0.204485792257741
26477,0.191522358323936,0.221398448178844,0.467256129869487,0.119823063627733
26478,0.288385623883277,0.277671931971589,0.288483935490256,0.145458508654878
26479,0.260724729411308,0.326834098472317,0.305485159132552,0.106956012983824
26480,0.337493110372535,0.255204471996837,0.288144369522373,0.119158048108254
26481,0.212879986662862,0.249700155443289,0.396011159401958,0.141408698491891
26482,0.306084804315552,0.204501628556243,0.378787240017487,0.110626327110717
26483,0.272396551065098,0.351226764756023,0.226711585071764,0.149665099107114
26484,0.155882723885948,0.197552850701871,0.520943234861356,0.125621190550824
26485,0.176424932409213,0.552660287671806,0.173439897684398,0.0974748822345829
26486,0.310828902956302,0.268266219280513,0.167005780277997,0.253899097485187
26487,0.123593390369455,0.273482354073134,0.518229381510458,0.0846948740469518
26488,0.205907512189527,0.298433821384456,0.319797265865204,0.175861400560813
26489,0.271913877070368,0.278058467109242,0.253742484451181,0.196285171369209
26490,0.323681273985511,0.168080656825556,0.33223921157408,0.175998857614853
26491,0.405208352701788,0.312680328136045,0.192135166743892,0.0899761524182739
26492,0.320322918508204,0.347389744302039,0.239268072613965,0.0930192645757919
26493,0.224432275564278,0.165223357737971,0.433680231842514,0.176664134855237
26494,0.368898464979664,0.360554951246376,0.131173253897706,0.139373329876255
26495,0.496464710488315,0.204397915071911,0.0846182358115496,0.214519138628224
26496,0.188500696455078,0.129733943776996,0.603033055994739,0.0787323037731869
26497,0.221172183272532,0.10552711805964,0.578901905550352,0.0943987931174763
26498,0.419764753464451,0.157317954722159,0.220477936253191,0.202439355560198
26499,0.273099749810018,0.199018986995399,0.349868818369749,0.178012444824835
26500,0.165054687824785,0.522801450877348,0.20233837189221,0.109805489405656
26501,0.444408644856438,0.203522850334724,0.14601128197271,0.206057222836127
26502,0.410266252604214,0.22532281503162,0.194245514043488,0.170165418320677
26503,0.125047580172814,0.611873199391251,0.170341402702895,0.0927378177330399
26504,0.14195219037997,0.127900434965431,0.380136137478656,0.350011237175943
26505,0.0999083163011597,0.443958465486537,0.237092341251059,0.219040876961244
26506,0.0978502113255651,0.306623784117287,0.287358368441628,0.30816763611552
26507,0.587724219879525,0.124098991623549,0.0798060998120931,0.208370688684833
26508,0.348345184038088,0.342577818733789,0.0442155969880489,0.264861400240074
26509,0.126100726061458,0.725584492354141,0.0384019048510066,0.109912876733394
26510,0.175363428459447,0.261441107484664,0.169862511871173,0.393332952184716
26511,0.060463208692351,0.239056642564221,0.603162455306177,0.0973176934372519
26512,0.0815478514378025,0.189557172551428,0.128832972261325,0.600062003749444
26513,0.0853165325005392,0.37784360376806,0.435312227746932,0.101527635984469
26514,0.100213821143267,0.420942819022953,0.14598935636993,0.33285400346385
26515,0.208040666244107,0.143376996466721,0.483842800824119,0.164739536465053
26516,0.168756762811273,0.0760299092120248,0.185785976762757,0.569427351213946
26517,0.141557403587352,0.374932606957405,0.132950840028276,0.350559149426966
26518,0.130143901919591,0.0607982587753734,0.38840462729295,0.420653212012085
26519,0.44651185080299,0.158651741862108,0.0797206541896047,0.315115753145297
26520,0.614532102706536,0.0736094927080357,0.0461499384266139,0.265708466158814
26521,0.145512065596957,0.456256872069043,0.0535854844410421,0.344645577892958
26522,0.83977667142865,0.038340957174352,0.0252122387583288,0.0966701326386695
26523,0.0546866948359188,0.446870637562415,0.273344429117236,0.22509823848443
26524,0.351454893755168,0.0652950721179839,0.0696560944050977,0.513593939721751
26525,0.287235015511639,0.229433362862653,0.266949926247016,0.216381695378692
26526,0.201333887015762,0.528803737918273,0.207744730858284,0.0621176442076798
26527,0.198835288673459,0.18860707736724,0.446967023684948,0.165590610274354
26528,0.132047188705432,0.518334238419479,0.286311542810735,0.0633070300643544
26529,0.228425771410522,0.151519775887742,0.535295406165016,0.0847590465367196
26530,0.435689758238738,0.323490013380637,0.144458754187697,0.0963614741929279
26531,0.145710573088281,0.357526425044074,0.392024467913296,0.104738533954349
26532,0.224584746389747,0.580334249468544,0.118692516465469,0.0763884876762401
26533,0.161194116776561,0.55124879069515,0.198989015433772,0.0885680770945175
26534,0.581886402693666,0.154284756952164,0.195667560439856,0.0681612799143152
26535,0.127964363295521,0.233209730720331,0.54348142362542,0.0953444823587286
26536,0.243395339677992,0.180279210772074,0.264038780449436,0.312286669100497
26537,0.226546526973532,0.445984909589123,0.223665048143838,0.103803515293506
26538,0.124340978993018,0.130061369581323,0.630061932534976,0.115535718890683
26539,0.127790492736,0.467700142728483,0.2820313441452,0.122478020390317
26540,0.321609391869179,0.322668328425766,0.230378997448696,0.12534328225636
26541,0.438962077136552,0.163322185655435,0.0765299383306685,0.321185798877345
26542,0.376165865311255,0.25278780620768,0.192623977258473,0.178422351222592
26543,0.364971131683492,0.319538182108741,0.0797261918508752,0.235764494356891
26544,0.235189171592438,0.378246744706875,0.236196414721392,0.150367668979294
26545,0.313881160610948,0.195764888561817,0.212242805174481,0.278111145652754
26546,0.221433926938784,0.27434513165574,0.337914579595574,0.166306361809901
26547,0.512610316227208,0.18103584141499,0.121284158727417,0.185069683630385
26548,0.38812786942826,0.193259954688554,0.341996131734499,0.0766160441486877
26549,0.186434697332676,0.211375594325882,0.505075466080275,0.0971142422611674
26550,0.159681136420081,0.131532762432187,0.643049921273926,0.065736179873806
26551,0.15592120072883,0.311776522528202,0.43284903732904,0.0994532394139285
26552,0.380363835617244,0.183320775876727,0.22806449836913,0.2082508901369
26553,0.220366594205892,0.510777288826109,0.139544990779603,0.129311126188396
26554,0.38800431356871,0.235484927784197,0.306357363002845,0.0701533956442475
26555,0.210590618572145,0.104535222101905,0.511470857177436,0.173403302148514
26556,0.234362126124696,0.198060774233731,0.323446704913959,0.244130394727614
26557,0.447704865934873,0.149792829185478,0.100860396241417,0.301641908638231
26558,0.201395051038441,0.159300769744167,0.50805255915856,0.131251620058832
26559,0.368145140387396,0.345891564364806,0.0759807533046301,0.209982541943169
26560,0.151439796845254,0.169158318924749,0.553780555306788,0.125621328923209
26561,0.142348509522465,0.432157209095593,0.179081884943649,0.246412396438294
26562,0.101367381728103,0.266932986207616,0.446384782418955,0.185314849645327
