"No","Ch1","Ch2","Ch3","Ch4"
21566,0.241709272062105,0.203582917465832,0.414141582475292,0.14056622799677
21567,0.0734388400287605,0.510291338393899,0.28237463043331,0.133895191144031
21568,0.353960877802222,0.368349528589566,0.174089068222886,0.103600525385326
21569,0.407159769947829,0.212224763108974,0.281169913502477,0.0994455534407199
21570,0.317501406506592,0.309421119944968,0.277036669630407,0.0960408039180327
21571,0.116889536393209,0.542521654068184,0.242557559006236,0.0980312505323713
21572,0.310104476039699,0.0680336860946653,0.463572867226421,0.158288970639214
21573,0.219281866334414,0.295086632646013,0.235757658984618,0.249873842034954
21574,0.225987476465298,0.253299055291643,0.376689051032158,0.144024417210901
21575,0.0907550995555289,0.166155018424902,0.600436923354342,0.142652958665228
21576,0.251350049771148,0.206962742370583,0.359609511972359,0.18207769588591
21577,0.15782231537398,0.199348610919315,0.512289127021546,0.130539946685159
21578,0.299716750799584,0.317768544445168,0.215861130666687,0.166653574088561
21579,0.124573912713875,0.329730079818797,0.267580450287767,0.27811555717956
21580,0.122466568934192,0.40331047117981,0.29890679300908,0.175316166876918
21581,0.316337207827717,0.162483305583362,0.34101637668503,0.180163109903891
21582,0.183245347383779,0.284254985502159,0.339603841246409,0.192895825867654
21583,0.177482510554177,0.291987232449669,0.390004602070625,0.14052565492553
21584,0.308091119152454,0.277662392551644,0.106799975835491,0.307446512460411
21585,0.391340735157368,0.248612849820185,0.0966449402255691,0.263401474796877
21586,0.254280994293604,0.342840360597605,0.204765224097403,0.198113421011388
21587,0.0130458560605091,0.615588546604591,0.137010987867731,0.234354609467169
21588,0.019035214752664,0.0360924839836186,0.585568896181626,0.359303405082092
21589,0.124320314575223,0.0430673382875238,0.619706585628856,0.212905761508397
21590,0.0116562533333409,0.0927386241042214,0.604513302460342,0.291091820102096
21591,0.0157316111275561,0.243726102944341,0.446279804348663,0.294262481579439
21592,0.0442178018140468,0.172042055183974,0.0372309895782655,0.746509153423714
21593,0.628969240267698,0.151396551311648,0.0847021218263647,0.134932086594289
21594,0.127090378806321,0.180299307536631,0.175437441242102,0.517172872414946
21595,0.306859414743777,0.126345397392388,0.0489153982128979,0.517879789650937
21596,0.0997123103237702,0.631931341617026,0.082478989499624,0.18587735855958
21597,0.351876840568555,0.23809185776964,0.0419640878230306,0.368067213838774
21598,0.0773015495867332,0.341213394943997,0.360287639397063,0.221197416072207
21599,0.258461156425318,0.375953067157087,0.268114931187944,0.0974708452296503
21600,0.0475561270300656,0.102196096383797,0.0529677799695255,0.797279996616611
21601,0.0281170824854113,0.140300331406045,0.217813851925844,0.6137687341827
21602,0.0101020823808677,0.375331988414155,0.423594284114593,0.190971645090385
21603,0.552559688899138,0.0166300493294657,0.117613087665109,0.313197174106287
21604,0.0240794109515112,0.296665683472209,0.3236805446794,0.35557436089688
21605,0.292231784744199,0.0379823177314797,0.461811766548837,0.207974130975485
21606,0.211430033595013,0.0229578092356486,0.393116341205893,0.372495815963445
21607,0.450386585410486,0.0677514384138661,0.0647025263896976,0.41715944978595
21608,0.269257771911711,0.469847041619564,0.0199072451409219,0.240987941327803
21609,0.042455047527133,0.0453251862044506,0.415191155235017,0.497028611033399
21610,0.327916281091378,0.35386341328711,0.019887509764566,0.298332795856946
21611,0.0502995118291327,0.0275561019157683,0.627257170924384,0.294887215330715
21612,0.536246106193887,0.173966008051166,0.190484179801427,0.0993037059535206
21613,0.0370284115504739,0.236330618487157,0.261679628561014,0.464961341401355
21614,0.0887195093608471,0.414463063877163,0.306467797093764,0.190349629668226
21615,0.226026451376518,0.394920118743852,0.0280415561651406,0.351011873714489
21616,0.306810309676233,0.00954100746807119,0.568662037349735,0.114986645505961
21617,0.275417031513679,0.334794987808656,0.24770788391406,0.142080096763605
21618,0.181349429438444,0.0944076331546257,0.268675527974752,0.455567409432177
21619,0.12660568928588,0.169674521479109,0.0798774960513144,0.623842293183697
21620,0.0644090323007318,0.715390787930257,0.054937253632921,0.16526292613609
21621,0.270596174021916,0.318108903984782,0.192392970353957,0.218901951639345
21622,0.112204623781894,0.176500326808953,0.191093563079786,0.520201486329366
21623,0.418883270579154,0.27597188528449,0.200832600459246,0.104312243677111
21624,0.439963033939006,0.219723591421224,0.159022829713531,0.181290544926239
21625,0.12342084021754,0.16964699924088,0.580053702245679,0.126878458295901
21626,0.459517401560246,0.152204480085857,0.252743481866519,0.135534636487378
21627,0.251831775730043,0.203037999277368,0.383089862590276,0.162040362402313
21628,0.140271949665685,0.362265029381724,0.390130566540273,0.107332454412318
21629,0.355989254160525,0.265622909573187,0.19796138333667,0.180426452929617
21630,0.289714969621727,0.314349961813344,0.232233410775845,0.163701657789083
21631,0.154107682440029,0.131515705464759,0.654400984064828,0.0599756280303842
21632,0.183875235372015,0.194692039443153,0.480898598814117,0.140534126370715
21633,0.243178117187244,0.360634348781364,0.241672512532409,0.154515021498984
21634,0.186260562808278,0.602882631325683,0.140170979357094,0.0706858265089441
21635,0.120933144114276,0.530962737610226,0.260249940148563,0.0878541781269338
21636,0.499996540786798,0.140021776381314,0.206756482995278,0.15322519983661
21637,0.347812263245361,0.440232840469815,0.115164743418354,0.0967901528664688
21638,0.232257809657561,0.305306526999485,0.323448444217279,0.138987219125675
21639,0.266532625128679,0.502859159815143,0.1532929301739,0.0773152848822779
21640,0.411861881616263,0.382676122499872,0.133333978850985,0.0721280170328794
21641,0.37036110767218,0.171603872093717,0.336503041733601,0.121531978500502
21642,0.355583503393561,0.360777835265474,0.15764541746538,0.125993243875585
21643,0.0859471258759511,0.342739254344577,0.397345469544272,0.173968150235201
21644,0.317482775597464,0.268182754547799,0.214947637079403,0.199386832775334
21645,0.0919819446710387,0.609789468937264,0.169145291838857,0.12908329455284
21646,0.257866493409894,0.171932251406386,0.451533980245956,0.118667274937764
21647,0.211516267007054,0.239345443391826,0.42521199825383,0.12392629134729
21648,0.349434000071619,0.142518940580776,0.383624238872708,0.124422820474897
21649,0.441372897987655,0.142146752608712,0.332105087989318,0.0843752614143155
21650,0.310230733675246,0.38449479513569,0.180462887464411,0.124811583724653
21651,0.36596009619379,0.149555186640142,0.218970759787995,0.265513957378073
21652,0.0979361354172595,0.207225639539471,0.270114680835051,0.424723544208218
21653,0.546684370818905,0.179521647770155,0.140590849661168,0.133203131749772
21654,0.567891448054096,0.162403242686061,0.187859695772931,0.0818456134869125
21655,0.362104201912037,0.0826962904659451,0.460576031688436,0.0946234759335822
21656,0.456830756760249,0.158300980887642,0.278574268022766,0.106293994329343
21657,0.593933896874499,0.0838435182256629,0.153082861180593,0.169139723719244
21658,0.275796923681304,0.141776811542973,0.438339188981142,0.144087075794581
21659,0.566970002427895,0.163409719138978,0.10472011228118,0.164900166151947
21660,0.192399285276851,0.180787930371278,0.370817556256327,0.255995228095544
21661,0.104773048364855,0.344354165776456,0.198034845891338,0.352837939967352
21662,0.0458030181242681,0.576600679700306,0.119974358504025,0.257621943671401
21663,0.15704370798441,0.177770927578941,0.449975821613475,0.215209542823174
21664,0.0602828691082483,0.472007898964154,0.183581263147322,0.284127968780275
21665,0.314252638047175,0.265623303676747,0.186373201796008,0.23375085648007
21666,0.0921379275121826,0.330166726394152,0.379419584838145,0.198275761255521
21667,0.0422806556573862,0.480819294635986,0.314177951225679,0.162722098480949
21668,0.245387237080058,0.261665099490268,0.277830950024593,0.215116713405081
21669,0.375143780026343,0.207274063865431,0.118861983726803,0.298720172381423
21670,0.144483471286136,0.41027595090784,0.132489618025015,0.312750959781009
21671,0.133675113279638,0.443077376613485,0.291298724141709,0.131948785965167
21672,0.0671209134141235,0.243158121523031,0.477371247346654,0.212349717716192
21673,0.331438659176174,0.195017409525822,0.0579029706024399,0.415640960695564
21674,0.387356699425033,0.145772124603022,0.307281507221564,0.159589668750381
21675,0.419654508160426,0.162116712597031,0.133651165004561,0.284577614237982
21676,0.0811218185875697,0.519483703506396,0.177426472930875,0.221968004975159
21677,0.397524767720041,0.0585549358673384,0.378138437602406,0.165781858810214
21678,0.143348831048618,0.517817161146476,0.230103134148084,0.108730873656822
21679,0.168692396635432,0.49151313332796,0.116438173048062,0.223356296988546
21680,0.269869550647813,0.0856960221874868,0.452254588898089,0.192179838266611
21681,0.189571434350564,0.0343987264991996,0.131256180669051,0.644773658481186
21682,0.346538070514112,0.246315021477843,0.036500486648808,0.370646421359237
21683,0.237444911857993,0.0178155576621617,0.373543909054157,0.371195621425688
21684,0.376595694697764,0.0260537162482344,0.197379881221189,0.399970707832812
21685,0.0969994607187308,0.214340637246555,0.076069139156773,0.612590762877941
21686,0.0522437087774982,0.505897338538991,0.109020491462728,0.332838461220783
21687,0.10990923326258,0.0848914227448584,0.411058136989812,0.394141207002749
21688,0.124153121620377,0.143521719851397,0.0419415504908794,0.690383608037346
21689,0.0906563762304123,0.643580913026707,0.0366110842267395,0.229151626516141
21690,0.690822658339886,0.134969951561131,0.013054490141559,0.161152899957424
21691,0.0772570526824055,0.495651298084297,0.0654872057756229,0.361604443457675
21692,0.0171046039691707,0.335690917161481,0.489840760236831,0.157363718632517
21693,0.0292445831962764,0.691498112861223,0.040209947056339,0.239047356886162
21694,0.104069769189902,0.333193145868605,0.108550530567158,0.454186554374335
21695,0.341145555832995,0.354017490876153,0.114432527114287,0.190404426176565
21696,0.53823792673783,0.103347822176267,0.0183033269211114,0.340110924164792
21697,0.567095882105072,0.112528854846073,0.116146216775193,0.204229046273661
21698,0.112409834555185,0.0229146484975483,0.753629559335497,0.111045957611769
21699,0.186922048884819,0.571516276224467,0.0178457981992392,0.223715876691474
21700,0.208344328110405,0.288378730596123,0.192419859589042,0.310857081704429
21701,0.481541929676631,0.144808686192795,0.104025173084701,0.269624211045873
21702,0.0292089999183842,0.602310046283649,0.0547210518957088,0.313759901902258
21703,0.0774065725214294,0.371062908817106,0.0650711734413817,0.486459345220082
21704,0.0677516020946157,0.192302545942753,0.441555366877147,0.298390485085485
21705,0.186390367206867,0.0285518191808465,0.325978430776278,0.459079382836008
21706,0.0846773059073801,0.454442520371353,0.061481881877538,0.399398291843729
21707,0.0778183005006279,0.523609612874718,0.151916875825401,0.246655210799253
21708,0.0315091082272976,0.456863986722198,0.118423049417044,0.39320385563346
21709,0.285218507827025,0.164975945508602,0.0355484248781631,0.51425712178621
21710,0.319298335877669,0.0649618221223447,0.0552579900804554,0.56048185191953
21711,0.0267807178415784,0.578458510516118,0.151393418760313,0.243367352881991
21712,0.0587866753358793,0.330228377793377,0.0583198106366329,0.552665136234111
21713,0.628215468756871,0.0703402313147066,0.0890740984081863,0.212370201520236
21714,0.031387206057491,0.625826774802998,0.0330411854955196,0.309744833643991
21715,0.486837014574123,0.11731291788393,0.186946892179088,0.208903175362859
21716,0.106180407152552,0.117422902776999,0.184467696706659,0.59192899336379
21717,0.364270881800239,0.0196112518057039,0.360930368582964,0.255187497811093
21718,0.354042278855703,0.443176588435241,0.0158098041084709,0.186971328600585
21719,0.182952657837098,0.167402793400602,0.169555297029454,0.480089251732846
21720,0.315113972725432,0.289550689819725,0.0487283245783918,0.346607012876451
21721,0.121449663952854,0.187351736288584,0.374683427899372,0.31651517185919
21722,0.545566645825349,0.206783286481833,0.0255876057798441,0.222062461912973
21723,0.0417693958021648,0.313000974285407,0.229006769649063,0.416222860263366
21724,0.264830589351192,0.212100929453798,0.235485921664479,0.287582559530531
21725,0.0786951887911504,0.154738820735504,0.276026535689198,0.490539454784148
21726,0.0291132542139451,0.38686287894056,0.367185252470507,0.216838614374988
21727,0.232632828149487,0.0525850120327704,0.489736104043452,0.225046055774291
21728,0.104122903553859,0.144882514384794,0.318267144467711,0.432727437593637
21729,0.256491147805612,0.213347392703374,0.143500657166762,0.386660802324252
21730,0.435925364892149,0.0541113221936222,0.0987710578678595,0.41119225504637
21731,0.160368550997934,0.198837509507886,0.431942771515666,0.208851167978513
21732,0.311098017291326,0.189416376978764,0.0967896837747007,0.40269592195521
21733,0.411461860491154,0.316770459670065,0.089225506585385,0.182542173253395
21734,0.0297627553776876,0.539178658181839,0.208068748363516,0.222989838076957
21735,0.191576806488535,0.33893540858287,0.0499381534014137,0.419549631527182
21736,0.658279835379251,0.0865364639927088,0.0871902729583378,0.167993427669702
21737,0.396639975490049,0.212395967580207,0.290828480588592,0.100135576341152
21738,0.355774547377575,0.326684975050297,0.247859818821728,0.0696806587504006
21739,0.247567645139629,0.326860835662803,0.297742394235372,0.127829124962196
21740,0.100092671118649,0.527419415362855,0.26898967492089,0.103498238597605
21741,0.353091091617593,0.332141129880149,0.201355308310274,0.113412470191984
21742,0.278109309199379,0.195076001634654,0.296052382131135,0.230762307034832
21743,0.291267496254915,0.473332802973971,0.0728256054875421,0.162574095283572
21744,0.241753920556007,0.229222618386086,0.409227098338593,0.119796362719314
21745,0.257999207486164,0.177004008366879,0.414252317136085,0.150744467010872
21746,0.320292517538027,0.371355164144915,0.193902097482423,0.114450220834635
21747,0.557702017366176,0.161060375784036,0.16349018120348,0.117747425646308
21748,0.283337891053905,0.485636255289951,0.119728578100885,0.111297275555259
21749,0.1642039064852,0.399360236303534,0.309597025600627,0.126838831610639
21750,0.167316999604891,0.227366032024102,0.383503985385058,0.221812982985949
21751,0.568493133253645,0.0891816018610047,0.263155220916726,0.0791700439686245
21752,0.410895342944909,0.151656655243526,0.289259982264207,0.148188019547359
21753,0.329556961710269,0.244516291325461,0.274177814533186,0.151748932431084
21754,0.204753974748172,0.527416198344986,0.136918051582832,0.13091177532401
21755,0.238848128583827,0.324304814234265,0.305070380264277,0.131776676917631
21756,0.0669954440531056,0.403833511347566,0.135359375624114,0.393811668975215
21757,0.10140591078568,0.641316367434409,0.013439478865133,0.243838242914779
21758,0.223276043681492,0.236270037317055,0.237833497837301,0.302620421164151
21759,0.356567497298871,0.284849729898013,0.167021178191733,0.191561594611384
21760,0.116688425326052,0.0576514876825225,0.432154117672763,0.393505969318663
21761,0.108066112005818,0.183189885237249,0.430814716456315,0.277929286300618
21762,0.0246845447195045,0.791795830000132,0.0112820443012747,0.172237580979089
21763,0.517786853415979,0.051464407765013,0.0243148697863277,0.40643386903268
21764,0.258245023024973,0.0371298059388617,0.455715211576182,0.248909959459984
21765,0.481964524100494,0.175919995023476,0.0841241221498324,0.257991358726198
21766,0.0626257989554957,0.409963680189532,0.0380129667982534,0.489397554056718
21767,0.0642089038889756,0.16474387084253,0.378105066316624,0.39294215895187
21768,0.241126943582407,0.272316774276049,0.271992746732687,0.214563535408857
21769,0.194804590076188,0.19456097851557,0.0941996865442885,0.516434744863953
21770,0.075846688047807,0.426059361972148,0.218264035456161,0.279829914523884
21771,0.0209789575101225,0.101823694179207,0.38203728580158,0.49516006250909
21772,0.125982391675356,0.396171842525514,0.200281946468559,0.277563819330571
21773,0.0977689227940339,0.351165713027815,0.0273656358782832,0.523699728299868
21774,0.0242827464594758,0.118481130251003,0.611749431154489,0.245486692135033
21775,0.178324107554356,0.312428384650214,0.240938826713711,0.268308681081719
21776,0.375186186955014,0.312415403708384,0.0976396892393515,0.21475872009725
21777,0.049852097308491,0.0257218341268404,0.713760041353714,0.210666027210955
21778,0.327976053770294,0.125663986852682,0.0927703863597507,0.453589573017273
21779,0.242366129998722,0.257464918032394,0.121917716825614,0.37825123514327
21780,0.175226176050474,0.118405503626273,0.485619396133904,0.220748924189349
21781,0.0825551408690617,0.0576822086613582,0.655189654646081,0.204572995823499
21782,0.547696946796063,0.00795185018762506,0.28897448144593,0.155376721570382
21783,0.275159203703611,0.0785210424154732,0.203245353792914,0.443074400088002
21784,0.573314982574867,0.247424172162721,0.0361243810899142,0.143136464172498
21785,0.131269209232261,0.589552146252187,0.207897855117676,0.0712807893978765
21786,0.0729500577602411,0.0647530202341097,0.235182804403849,0.6271141176018
21787,0.0405473163377213,0.686212229232343,0.0463332514845033,0.226907202945433
21788,0.293943546163735,0.397003009748466,0.0342851278838615,0.274768316203938
21789,0.0782847386112262,0.303567010348987,0.275584617200781,0.342563633839006
21790,0.642521904583719,0.100558549682012,0.0599167742090046,0.197002771525265
21791,0.334302061378382,0.142985227601536,0.149874743288109,0.372837967731973
21792,0.0500849007684243,0.353815970859494,0.404422804048967,0.191676324323115
21793,0.127537036421929,0.263191197995799,0.470303471242086,0.138968294340185
21794,0.0129100878401445,0.573901546143219,0.222646283669482,0.190542082347155
21795,0.227134918034047,0.0103766390965738,0.543993557777384,0.218494885091995
21796,0.251207026018521,0.247139450574088,0.151449197566625,0.350204325840765
21797,0.295986660202855,0.40637900652169,0.100190816771245,0.197443516504211
21798,0.487033569918093,0.0279781114695924,0.308279343812596,0.176708974799719
21799,0.0450494628721613,0.0428604544533282,0.162922935006553,0.749167147667957
21800,0.0596920222403273,0.0782624609341165,0.320220378998884,0.541825137826672
21801,0.141216460178072,0.11478033666066,0.174720002992626,0.569283200168641
21802,0.0268337909737459,0.187981829171067,0.372732898084497,0.412451481770691
21803,0.0713190691179752,0.0895512960690497,0.6619145237008,0.177215111112175
21804,0.190792349837368,0.524751697730803,0.127641444622516,0.156814507809313
21805,0.558304712942292,0.0460343083778422,0.0690460764372176,0.326614902242648
21806,0.0778992443869834,0.38935845540242,0.187741880071647,0.34500042013895
21807,0.167120489981754,0.421951703923015,0.146861686499403,0.264066119595828
21808,0.250279291341004,0.0827019219052662,0.145475003428664,0.521543783325065
21809,0.614097593136572,0.0290201484606007,0.0493039804391773,0.30757827796365
21810,0.786237803266754,0.0207970232309038,0.10291334143986,0.0900518320624819
21811,0.367131654593898,0.377286197042564,0.181761216701657,0.0738209316618807
21812,0.133803256752737,0.0377392261186912,0.533112148108927,0.295345369019645
21813,0.320957843016384,0.448712769050991,0.11259504419126,0.117734343741365
21814,0.216719654844876,0.317937016537373,0.29869511599972,0.166648212618032
21815,0.392844404366092,0.0781388225884975,0.320475452703575,0.208541320341835
21816,0.316218505089401,0.432282360099178,0.138701039103708,0.112798095707713
21817,0.0916660704604488,0.12438909905614,0.649337830833134,0.134606999650277
21818,0.115268826754869,0.126861494415564,0.530621537477389,0.227248141352179
21819,0.344105329894293,0.253522476589399,0.169832266029651,0.232539927486657
21820,0.640935442395565,0.12952699835834,0.127210209324712,0.102327349921383
21821,0.188521670618341,0.12844017508303,0.544102086607064,0.138936067691565
21822,0.392203136963773,0.461056725461058,0.0736017071261397,0.0731384304490297
21823,0.204280284944983,0.498126750639964,0.170509258061585,0.127083706353468
21824,0.191093169352909,0.442936188464446,0.29604706696949,0.0699235752131551
21825,0.0859102591387369,0.548605021949552,0.15374783729008,0.211736881621631
21826,0.258310509925013,0.295152295969136,0.361095410003174,0.0854417841026769
21827,0.0677701469488337,0.0853373028954174,0.746973452225919,0.0999190979298298
21828,0.117562679517873,0.481806107622743,0.212095517944689,0.188535694914695
21829,0.142557183601619,0.198652233382361,0.469683452649591,0.189107130366429
21830,0.101322766221358,0.0702944150844053,0.644616206728667,0.183766611965569
21831,0.291110934019941,0.341288366921189,0.22068927655386,0.146911422505011
21832,0.264093973527968,0.411865932072574,0.0430748683641518,0.280965226035306
21833,0.570366044242335,0.0586381133656411,0.2025969605299,0.168398881862124
21834,0.646078309322905,0.15410201889044,0.0705434724035109,0.129276199383144
21835,0.106497181440034,0.398092027147602,0.100593699515533,0.394817091896831
21836,0.050973192035612,0.0993339887903359,0.652525329178471,0.197167489995581
21837,0.0770838954266444,0.0357569639282372,0.586756204201561,0.300402936443557
21838,0.262495145584361,0.0563873289390546,0.5081288304266,0.172988695049984
21839,0.103580065863937,0.543534805883845,0.192772847250609,0.160112281001609
21840,0.691986203715459,0.0218444134755558,0.136447541281668,0.149721841527318
21841,0.560583716045226,0.147545567545838,0.0765374554727076,0.215333260936229
21842,0.03011687952466,0.266938719475968,0.502252296190182,0.200692104809191
21843,0.597167674942043,0.0896527226941437,0.052218030165232,0.260961572198582
21844,0.027256226604882,0.637655468206097,0.1146560435639,0.220432261625121
21845,0.291095535881071,0.139027413216952,0.319257563701436,0.250619487200541
21846,0.0713317650051415,0.51261038158362,0.15603200173438,0.260025851676859
21847,0.302846081882892,0.0691234782666998,0.47628624264732,0.151744197203089
21848,0.0907325451685183,0.153721377479718,0.0552875718385376,0.700258505513226
21849,0.662046858810169,0.217433364242641,0.0227300905386289,0.0977896864085613
21850,0.561000302846873,0.0839739559153713,0.0493304217603661,0.30569531947739
21851,0.166064752971202,0.574358306062364,0.118868300838026,0.140708640128408
21852,0.385658946653271,0.136489379231448,0.330397024164524,0.147454649950758
21853,0.137197253914458,0.199247049734697,0.407888167974408,0.255667528376437
21854,0.330655831437326,0.198459268977467,0.224815344449238,0.246069555135969
21855,0.147091589788163,0.533539854422251,0.198406639128676,0.12096191666091
21856,0.384806423285966,0.166237063423148,0.350245061979893,0.098711451310993
21857,0.119459476922867,0.687660836875656,0.071067184068924,0.121812502132553
21858,0.510932146545247,0.135528153242553,0.108916564247016,0.244623135965184
21859,0.495949140724243,0.183544214089559,0.163711660686491,0.156794984499708
21860,0.495849101610168,0.300358300556228,0.0948051193088587,0.108987478524745
21861,0.378345319859195,0.167864876776522,0.333390651170102,0.120399152194182
21862,0.0543779283432903,0.355403038946919,0.444058236274868,0.146160796434923
21863,0.105668217824548,0.386830690283962,0.274165093891178,0.233335998000312
21864,0.202567925587669,0.654252557521029,0.0433254896666307,0.0998540272246718
21865,0.165148999939137,0.338349603018021,0.403457846730219,0.0930435503126227
21866,0.251218226054105,0.238217606472442,0.354069686164202,0.156494481309251
21867,0.156121321565437,0.265047130965628,0.309224576340756,0.269606971128179
21868,0.211374349310257,0.142962749415436,0.514295489113462,0.131367412160845
21869,0.405275169933558,0.150212106114658,0.227131582340122,0.217381141611663
21870,0.29562029675224,0.285993527892618,0.256164632955538,0.162221542399604
21871,0.513622225107656,0.256487301908593,0.0943075829223558,0.135582890061395
21872,0.107603952306785,0.352126469787702,0.436256499431391,0.104013078474122
21873,0.295414482011099,0.369706939835422,0.241613810335854,0.0932647678176255
21874,0.178409309014787,0.571186238443666,0.138455186524469,0.111949266017078
21875,0.309484792260394,0.485118991272528,0.0821077471130582,0.12328846935402
21876,0.326813966094517,0.202153686603805,0.337215135876559,0.133817211425119
21877,0.178064733259548,0.324261071226996,0.344054996841148,0.153619198672308
21878,0.299381763351802,0.452700063837377,0.150653955039374,0.097264217771447
21879,0.432431115861977,0.313855290848584,0.154958677630866,0.0987549156585733
21880,0.195531726834626,0.254760866695767,0.446688649180339,0.103018757289268
21881,0.226701068335495,0.329197262895176,0.328849805381916,0.115251863387413
21882,0.229801703253696,0.342718204695119,0.280091053430295,0.14738903862089
21883,0.151515539593526,0.354201685737796,0.350193167120482,0.144089607548195
21884,0.237125642263496,0.503087393960504,0.0789198285958404,0.18086713518016
21885,0.18692139891652,0.378126652381447,0.168990994929618,0.265960953772415
21886,0.23829742803737,0.391158917146124,0.24573029507881,0.124813359737697
21887,0.363113103147398,0.185468039130046,0.293263999606323,0.158154858116233
21888,0.0814766974386072,0.475115182099949,0.27148278282091,0.171925337640534
21889,0.131240351871569,0.389359433007356,0.328864188327291,0.150536026793784
21890,0.203762722673703,0.278895281196259,0.25679251142609,0.260549484703948
21891,0.432697488607328,0.0209173155568448,0.461963223982894,0.0844219718529335
21892,0.0733453647405351,0.419877378865308,0.080939463686575,0.425837792707582
21893,0.0938176553070458,0.59674413093319,0.0961566097939751,0.213281603965789
21894,0.204905245409462,0.101680100832015,0.246264901369462,0.447149752389062
21895,0.0210096720343737,0.0387491130974731,0.839826651117008,0.100414563751145
21896,0.396121331120629,0.229698045581775,0.282551103518383,0.0916295197792139
21897,0.306495049212454,0.307824492648001,0.278450098943787,0.107230359195758
21898,0.236563927900543,0.319267053513734,0.302846397157326,0.141322621428396
21899,0.339611238238227,0.187310522586249,0.3996006096251,0.0734776295504238
21900,0.0566428006080072,0.0865560294125946,0.103332135892774,0.753469034086624
21901,0.174537969503776,0.707999464980782,0.011870862495625,0.105591703019817
21902,0.0512262126048256,0.201709296780274,0.625201515528976,0.121862975085925
21903,0.0430326747147482,0.101499752067509,0.671869578912346,0.183597994305397
21904,0.322617883839801,0.0783152236371906,0.301074813406408,0.2979920791166
21905,0.0172778343785151,0.533709131198866,0.26284618769748,0.186166846725139
21906,0.116240921509539,0.273462445829839,0.126102623175086,0.484194009485536
21907,0.066071042139095,0.534344284697197,0.160862236214056,0.238722436949652
21908,0.300706387081541,0.166658385731258,0.346506356143118,0.186128871044084
21909,0.325231694516202,0.122969704826076,0.331769284095452,0.22002931656227
21910,0.479361077112428,0.125036824929815,0.142314101782356,0.253287996175402
21911,0.169160597283616,0.558496219874805,0.0933889755066328,0.178954207334946
21912,0.165405088921417,0.578576730274172,0.0433179335147939,0.212700247289616
21913,0.109709942007068,0.614950249222927,0.119092597615121,0.156247211154885
21914,0.161108144944283,0.143047743735001,0.219533913923469,0.476310197397247
21915,0.333304968899509,0.0563593202009254,0.321174402891265,0.289161308008301
21916,0.0713383519936636,0.100301600803387,0.2894246997128,0.538935347490149
21917,0.179388699509184,0.147792122682051,0.267225567669559,0.405593610139207
21918,0.0669126065262094,0.0657144089150105,0.71245034789775,0.15492263666103
21919,0.194810589040635,0.0500599347545406,0.544876318476446,0.210253157728379
21920,0.300329764670251,0.130177787597057,0.173438632949943,0.39605381478275
21921,0.139526293160579,0.601908112147174,0.116540325849181,0.142025268843067
21922,0.473637868162426,0.220594341714065,0.0442574789585258,0.261510311164983
21923,0.232640034214963,0.125901687032334,0.281635716252021,0.359822562500683
21924,0.247799945007587,0.121457397269768,0.270581354616992,0.360161303105653
21925,0.49765606845386,0.102938608748625,0.220862704737074,0.17854261806044
21926,0.479889691637486,0.105308500686355,0.126969508775179,0.287832298900979
21927,0.111831974672456,0.167413162655789,0.548538906519371,0.172215956152383
21928,0.105140679645674,0.577467358948203,0.034735191049124,0.282656770356999
21929,0.100415222613077,0.139905171621991,0.134517222455013,0.625162383309919
21930,0.0231166834146931,0.472489308942531,0.283832047897354,0.220561959745422
21931,0.167203488019052,0.552473609216685,0.065012258894085,0.215310643870178
21932,0.0920074018546177,0.0508968573585035,0.550909553694644,0.306186187092235
21933,0.0667205963996233,0.625636707698575,0.0475541410436698,0.260088554858132
21934,0.104242829729222,0.451057516457007,0.200667037878562,0.244032615935209
21935,0.176441893587586,0.305100865302881,0.123684227414192,0.39477301369534
21936,0.208062031349429,0.421091030096305,0.148582143047652,0.222264795506614
21937,0.0600974138097513,0.156893808990702,0.498945987166864,0.284062790032682
21938,0.025209723002776,0.563870955863793,0.13676039655659,0.274158924576841
21939,0.0636732831862462,0.474482449440958,0.0907433161071481,0.371100951265648
21940,0.445800329625572,0.274814381025974,0.0966784274804887,0.182706861867966
21941,0.147735149574896,0.0691195874006464,0.288901664904567,0.494243598119892
21942,0.1260892932669,0.693890456516874,0.0965750057391098,0.0834452444771156
21943,0.0565825973944869,0.415657702246198,0.0648202635379889,0.462939436821326
21944,0.044716479613324,0.321280482456822,0.369710127166607,0.264292910763247
21945,0.119086503987028,0.349873725908776,0.0722984270641933,0.458741343040003
21946,0.525821852112159,0.147524254090115,0.0920029422703488,0.234650951527376
21947,0.451349765879736,0.174353303341634,0.136650869955194,0.237646060823435
21948,0.104914309378003,0.40553343418349,0.256879212368398,0.232673044070108
21949,0.125725205993899,0.350278814607252,0.133443589128068,0.390552390270781
21950,0.154345786224369,0.474221742598154,0.107452366289352,0.263980104888125
21951,0.142909102518128,0.230656416738462,0.338414481576221,0.288019999167189
21952,0.357136535766334,0.0673815842586162,0.0900682903852492,0.4854135895898
21953,0.4729463615003,0.266084781601721,0.0642538089200008,0.196715047977978
21954,0.183590553639686,0.106379837527004,0.16100602881409,0.549023580019219
21955,0.383731239291572,0.091544286550727,0.252198632508369,0.272525841649332
21956,0.0460577275393529,0.124912990482998,0.232816570136134,0.596212711841515
21957,0.446505684013136,0.12058745369678,0.177473026932416,0.255433835357667
21958,0.0294683698038402,0.643539810595819,0.113183849677662,0.213807969922679
21959,0.098159659108452,0.122700847101907,0.0954922740072369,0.683647219782404
21960,0.151584944936113,0.596528186762474,0.039152318352068,0.212734549949345
21961,0.231010224516171,0.185068356529595,0.304599655511621,0.279321763442613
21962,0.659182688629934,0.118034399064301,0.0658859683209094,0.156896943984856
21963,0.0865324979099643,0.318169337514382,0.391364427615161,0.203933736960493
21964,0.188937357739505,0.0254781598063455,0.604750090205211,0.180834392248938
21965,0.130203655860705,0.0760362756920247,0.428297839373508,0.365462229073762
21966,0.127780517450922,0.0770946711860798,0.412757511975732,0.382367299387267
21967,0.516051186349237,0.0228566432415635,0.242621944714615,0.218470225694584
21968,0.179440645458414,0.587593782735668,0.0522462076980212,0.180719364107898
21969,0.0393682723664727,0.219775529065237,0.299565339152262,0.441290859416028
21970,0.157252617566768,0.272885624181834,0.188766190721303,0.381095567530095
21971,0.341657942285858,0.323155660305523,0.230270343314317,0.104916054094302
21972,0.380585040986803,0.19596776396897,0.213145710669627,0.210301484374599
21973,0.400240366780293,0.201222914496892,0.0585562285363871,0.339980490186427
21974,0.441815557405613,0.221426569103221,0.0725305057171019,0.264227367774064
21975,0.0768578312598074,0.13750972012541,0.38847869309384,0.397153755520943
21976,0.369723311515118,0.313042824353467,0.203647559100284,0.113586305031131
21977,0.203663693870487,0.373883086549646,0.221856787568123,0.200596432011744
21978,0.27177776525179,0.0887422132970925,0.320328096135938,0.31915192531518
21979,0.392513293549365,0.250588075946905,0.0847885116842842,0.272110118819446
21980,0.0909811034363858,0.606029499161114,0.0993139722993171,0.203675425103183
21981,0.147900373946358,0.386789531410429,0.257218067130462,0.208092027512752
21982,0.192365511963116,0.32423875414387,0.271206419707958,0.212189314185057
21983,0.0775773275043863,0.115549228047586,0.339566113881599,0.467307330566429
21984,0.0982449785764828,0.326552035718248,0.194243942746919,0.38095904295835
21985,0.0418164382702656,0.575994409040449,0.10830664607594,0.273882506613346
21986,0.148920468901851,0.164824606955847,0.456499876210899,0.229755047931403
21987,0.0551941085691702,0.457171801956845,0.177810958381756,0.309823131092229
21988,0.312479334548775,0.255358152247232,0.179170711982962,0.252991801221031
21989,0.0855009562405657,0.327780767429928,0.372463428487721,0.214254847841785
21990,0.0386286577162244,0.480662195865052,0.303651175543331,0.177057970875392
21991,0.245755149738277,0.253359761553164,0.269012502574643,0.231872586133915
21992,0.363834522872983,0.201025484482583,0.108972714599235,0.326167278045199
21993,0.136913672262161,0.406677177051724,0.122754651057839,0.333654499628276
21994,0.123950118240925,0.444508288622796,0.29223946917784,0.13930212395844
21995,0.0603959537858741,0.236724206314975,0.47531628123457,0.227563558664581
21996,0.327716313226501,0.178223257408617,0.0517391506354472,0.442321278729435
21997,0.384991847901235,0.136956795551413,0.305405522782243,0.172645833765109
21998,0.407029085428815,0.155480191841334,0.126745852295191,0.31074487043466
21999,0.0755800377658369,0.5236550038312,0.165305706384023,0.23545925201894
22000,0.396737642342513,0.054013064970964,0.3731674623451,0.176081830341423
22001,0.136150778329097,0.520275974720607,0.228609142303456,0.11496410464684
22002,0.164205647660364,0.489328208345305,0.107141224325371,0.23932491966896
22003,0.0485996082958207,0.165147527748578,0.523788076770716,0.262464787184886
22004,0.461971981631025,0.0728806206560307,0.0685802071355408,0.396567190577404
22005,0.284247243714396,0.0984791466105232,0.15828751243787,0.458986097237211
22006,0.0447544464308338,0.200833862897826,0.173878224038233,0.580533466633108
22007,0.22100955535532,0.419407292994417,0.154183304577092,0.205399847073171
22008,0.0398890789713384,0.121431667088737,0.478135725390698,0.360543528549227
22009,0.345499054770665,0.0796287466716617,0.116957950903893,0.457914247653781
22010,0.1026138992972,0.557918486024432,0.0298598401115012,0.309607774566867
22011,0.0709803619869886,0.389467616979827,0.171682691433488,0.367869329599697
22012,0.266601492925151,0.0945658187746696,0.135997350099177,0.502835338201003
22013,0.34972831816016,0.106859047292122,0.286319319763417,0.257093314784301
22014,0.122117455051217,0.0713682331846762,0.560710416287351,0.245803895476756
22015,0.071699069135071,0.0862823669500605,0.320537245275349,0.521481318639519
22016,0.041823010237276,0.436903135571247,0.0401767632048609,0.481097090986616
22017,0.042730498995419,0.692981628548035,0.0210195989555142,0.243268273501032
22018,0.272241315530507,0.136671694316581,0.28412336498186,0.306963625171052
22019,0.211165395096359,0.0940474129578987,0.246828588249105,0.447958603696637
22020,0.141443697499081,0.104856437116425,0.333563386010092,0.420136479374403
22021,0.043126195748297,0.325891750749104,0.304520728777895,0.326461324724704
22022,0.475368940955492,0.0183468495278547,0.121756951416754,0.3845272580999
22023,0.405746154400183,0.0160281132233863,0.276413273181375,0.301812459195055
22024,0.204671829215706,0.0319113148403735,0.0998858725627147,0.663530983381206
22025,0.452478362635241,0.149414004197821,0.0345936853362697,0.363513947830669
22026,0.65624434167229,0.0587055531787548,0.0198575426232463,0.265192562525709
22027,0.243756109952929,0.24566214102689,0.0476907882698431,0.462890960750338
22028,0.316594476686818,0.0689034123661578,0.0168730319371251,0.5976290790099
22029,0.018143450630318,0.0302063209865966,0.0260845478841058,0.92556568049898
22030,0.488026054646389,0.00611232466030412,0.318566317638764,0.187295303054543
22031,0.154858750544424,0.15436585917279,0.0557291667132971,0.635046223569488
22032,0.0461946979295026,0.173191366995874,0.0323071428959332,0.74830679217869
22033,0.0222049808408694,0.0573325230362773,0.717451935389202,0.203010560733652
22034,0.717214542118719,0.0391551687134181,0.0260353314532958,0.217594957714567
22035,0.113848360152277,0.0867693742007744,0.0860209692900241,0.713361296356924
22036,0.517524716537802,0.244203632186958,0.0582039129243861,0.180067738350853
22037,0.0917765697872584,0.0804919136695872,0.0278546171548472,0.799876899388307
22038,0.0767210428978527,0.262442689655589,0.0433281887064339,0.617508078740124
22039,0.357642994576327,0.447450802589703,0.00460542182433716,0.190300781009632
22040,0.1807741927737,0.370938132526998,0.174405016031516,0.273882658667786
22041,0.11177851865489,0.0362842525858356,0.566551330315257,0.285385898444017
22042,0.234551712441383,0.185126890631293,0.210582200484654,0.36973919644267
22043,0.113208759573329,0.592454124959333,0.0529443328020707,0.241392782665267
22044,0.0500517945956507,0.106138676907682,0.246985307512391,0.596824220984276
22045,0.0856054758073906,0.30343316669744,0.0663714195592024,0.544589937935967
22046,0.130013724773945,0.237604355781812,0.201999160934122,0.430382758510122
22047,0.158370459879325,0.37122680532566,0.0286975325053927,0.441705202289622
22048,0.091575313822503,0.696140596506509,0.0151296834340763,0.197154406236911
22049,0.138655036018631,0.548247630016282,0.0383115116148751,0.274785822350211
22050,0.262818169063206,0.274407364469472,0.333310143192595,0.129464323274727
22051,0.0360341231102015,0.0644039167987809,0.563929274062844,0.335632686028173
22052,0.185896476874786,0.450877626046744,0.166263419239675,0.196962477838795
22053,0.0179463336213785,0.723388397606339,0.107387050302906,0.151278218469376
22054,0.075186814250419,0.0372166710345735,0.598087024060543,0.289509490654465
22055,0.204287156906024,0.10401986202569,0.477665876626101,0.214027104442185
22056,0.273001235084653,0.0354797128722039,0.421350196997299,0.270168855045845
22057,0.212645381747507,0.202922329860416,0.172232508093455,0.412199780298621
22058,0.352084283157559,0.446315003031917,0.062924608509257,0.138676105301267
22059,0.16127912199206,0.473263040748031,0.0784484051060561,0.287009432153853
22060,0.154606842425448,0.186431647562663,0.074006200758046,0.584955309253843
22061,0.0735329477885788,0.15356197314764,0.375725362671298,0.397179716392482
22062,0.111235523593718,0.317043264971394,0.33599135417538,0.235729857259508
22063,0.00879277373916438,0.542216400442687,0.226149255865806,0.222841569952343
22064,0.427193370553508,0.214920254931431,0.0929758289685894,0.264910545546471
22065,0.0951298234238808,0.134866885242612,0.414655509099498,0.355347782234009
22066,0.412711956385084,0.138266722425076,0.132945760468535,0.316075560721305
22067,0.332743487239331,0.202484681921146,0.0225165045510304,0.442255326288493
22068,0.142572296163669,0.70731347334974,0.00746190507613156,0.142652325410459
22069,0.0196197486044974,0.62075384920442,0.0563740068738837,0.303252395317199
22070,0.354871663703811,0.0318414104954412,0.107457591035,0.505829334765748
22071,0.336220420712668,0.129514850329526,0.0801073713589633,0.454157357598842
22072,0.0166974246593277,0.531452572158622,0.260376844243039,0.191473158939011
22073,0.168316316884722,0.117630765526138,0.235380772324785,0.478672145264356
22074,0.017877429439564,0.611514833376286,0.107087319789494,0.263520417394656
22075,0.0646162229593891,0.299088825453364,0.169360057910841,0.466934893676406
22076,0.580345289350933,0.134662319415162,0.0457261989947747,0.23926619223913
22077,0.128759342280968,0.072001538951606,0.0647946581024949,0.734444460664931
22078,0.381420540734231,0.13028082475185,0.0874509767026392,0.400847657811279
22079,0.419541775040162,0.0190656939040734,0.0512948247749404,0.510097706280824
22080,0.0953670426369632,0.0400286574933388,0.611281101703072,0.253323198166625
22081,0.0882351327595343,0.460706492600385,0.0964377025674369,0.354620672072643
22082,0.50782997830324,0.153218494036728,0.105140100221364,0.233811427438668
22083,0.00933652017614119,0.676792013386395,0.096177725015265,0.217693741422199
22084,0.121021384641305,0.0697471046645979,0.0388900536749349,0.770341457019162
22085,0.298975205033775,0.133996322010934,0.163549404782478,0.403479068172813
22086,0.0380738777542397,0.446901375139366,0.0353713201718217,0.479653426934572
22087,0.0379219897255746,0.0492031680152421,0.494575063293489,0.418299778965694
22088,0.0809388418934438,0.0923604733434113,0.162172116699503,0.664528568063641
22089,0.00870549160139783,0.598757121492061,0.154317424644708,0.238219962261833
22090,0.131391187023647,0.220429382728983,0.211179036900557,0.437000393346813
22091,0.0412436982234333,0.126642978857552,0.595069668188139,0.237043654730876
22092,0.57114457942706,0.197683240567133,0.0188897439646304,0.212282436041176
22093,0.0571670042105563,0.0948586638855257,0.496877104591639,0.351097227312279
22094,0.105698639225628,0.0830373164314417,0.310289891713841,0.50097415262909
22095,0.0627602472461085,0.286347148773038,0.15980851049733,0.491084093483524
22096,0.183034157130457,0.0160283078707562,0.531677348304901,0.269260186693886
22097,0.526289534594112,0.015019029779632,0.0475125949852983,0.411178840640957
22098,0.192110542752339,0.0145528706870321,0.534676272511195,0.258660314049433
22099,0.021231672985634,0.180959184966692,0.108270702108635,0.689538439939039
22100,0.0329645598565217,0.12947562135399,0.576852069719629,0.260707749069859
22101,0.474235756570749,0.230036555349025,0.0540087835719425,0.241718904508283
22102,0.0483702659662559,0.254110547408385,0.0838337382333376,0.613685448392021
22103,0.291887935487148,0.251358225262568,0.209552361102513,0.247201478147771
22104,0.342302065584058,0.226646745476835,0.02196573586028,0.409085453078827
22105,0.0222420840666217,0.239078580436639,0.255392021351927,0.483287314144812
22106,0.614922050916629,0.124966643728491,0.00916199549762772,0.250949309857253
22107,0.0830293526148424,0.0443255578036265,0.583883553380495,0.288761536201036
22108,0.249580171615415,0.069298567810437,0.273788033499699,0.407333227074449
22109,0.237103833023462,0.470626858588521,0.0574983020927025,0.234771006295314
22110,0.0353166404329261,0.0358727165724379,0.0909132735076882,0.837897369486948
22111,0.322219707462605,0.0957182911896482,0.105295795404726,0.476766205943021
22112,0.0178059835815897,0.250132948597054,0.413814490213222,0.318246577608134
22113,0.0253717823027214,0.431884855514754,0.156078680872988,0.386664681309537
22114,0.123638291512786,0.090196248844072,0.13105509172456,0.655110367918582
22115,0.0822997372121973,0.111779982657587,0.0407358697453573,0.765184410384858
22116,0.0312436736006069,0.229131177055386,0.423440761386774,0.316184387957233
22117,0.267618614735713,0.0840196603338756,0.455019914600208,0.193341810330204
22118,0.657276952763773,0.0408291094428884,0.0421662865244526,0.259727651268886
22119,0.0398337010323022,0.57736532523714,0.0625680026494974,0.32023297108106
22120,0.128396502076925,0.0747366190641313,0.416432636699331,0.380434242159614
22121,0.0590077540169572,0.25487162466515,0.124639361196506,0.561481260121387
22122,0.115661005882366,0.334687509371116,0.392841596821914,0.156809887924604
22123,0.0920893951386155,0.351084671022301,0.285338478746726,0.271487455092357
22124,0.0428914404093147,0.371752779836606,0.280648670534029,0.30470710922005
22125,0.225001501192439,0.152312718196645,0.117451716668856,0.505234063942061
22126,0.221291322357868,0.14044852451691,0.272210006442341,0.366050146682881
22127,0.391350592659648,0.161551344002842,0.125138243296985,0.321959820040524
22128,0.338170697611968,0.249167076495586,0.213438621853002,0.199223604039444
22129,0.0434639314912,0.129438829354888,0.138927728886721,0.688169510267191
22130,0.0370095188434438,0.307167584014494,0.365646691292387,0.290176205849676
22131,0.592741617670284,0.057484484521288,0.119704266079913,0.230069631728515
22132,0.0763327563684142,0.260406936168433,0.39898078753321,0.264279519929942
22133,0.0321882715594981,0.0786275317441313,0.551555902248049,0.337628294448322
22134,0.381054743048254,0.140433016157848,0.145936058338971,0.332576182454927
22135,0.591899095415612,0.0201836772491796,0.0220706769164107,0.365846550418798
22136,0.280657678373931,0.125778748711487,0.060309416939837,0.533254155974745
22137,0.279675704463632,0.0620674700874005,0.170215897871856,0.488040927577111
22138,0.280784919208924,0.21849169868543,0.147891056027377,0.352832326078269
22139,0.1328115455139,0.445512489636186,0.131773137318242,0.289902827531671
22140,0.0212839442396387,0.0332098265011056,0.466579503385256,0.478926725874
22141,0.0254419773626344,0.242123249038459,0.170810615567292,0.561624158031614
22142,0.177633542218839,0.0329716579868767,0.622640092999021,0.166754706795263
22143,0.314053216060443,0.104712588037438,0.288869832514886,0.292364363387233
22144,0.00927628396273722,0.230288896096236,0.546577904966018,0.213856914975009
22145,0.0745225890623434,0.171630495795172,0.286650742944659,0.467196172197825
22146,0.278411865675269,0.0403897960588368,0.321397002848915,0.359801335416979
22147,0.416782786010469,0.0635605426031449,0.160408857885786,0.3592478135006
22148,0.265912203142237,0.0940373541128784,0.143144686603466,0.496905756141419
22149,0.0548679516105501,0.290964223921166,0.0154199626098201,0.638747861858463
22150,0.0469432240910053,0.0446187621325855,0.687860082951953,0.220577930824456
22151,0.196003561969541,0.0274274455404979,0.328181005200438,0.448387987289523
22152,0.148676039930719,0.0875817994239633,0.0305896346814154,0.733152525963902
22153,0.0189969641568694,0.323984173469287,0.392639969890079,0.264378892483765
22154,0.0847337911658133,0.505815684027497,0.133347794242598,0.276102730564092
22155,0.117851264672282,0.222759697662071,0.387488157126093,0.271900880539555
22156,0.0722406934892263,0.512196205416146,0.0641648317823704,0.351398269312257
22157,0.0971040651300954,0.316652168342927,0.346294951594652,0.239948814932326
22158,0.0753483510885081,0.400890070954575,0.150242060425505,0.373519517531412
22159,0.0981833814380744,0.252706673190363,0.457714940872155,0.191395004499408
22160,0.165759996564862,0.313899316257534,0.104050013396588,0.416290673781015
22161,0.0581976302838028,0.304082077501358,0.167710049927264,0.470010242287575
22162,0.11131222324753,0.358616082954778,0.224832624577578,0.305239069220114
22163,0.417588094587263,0.0849036988322026,0.0693671222353226,0.428141084345211
22164,0.0580664415554742,0.036239333253744,0.519599828300966,0.386094396889816
22165,0.081674825514445,0.523124212697085,0.116833972361606,0.278366989426864
22166,0.440003140085091,0.396886369179938,0.0476972840773126,0.115413206657658
22167,0.327660930596243,0.224157299206993,0.235347369153633,0.212834401043132
22168,0.183629616230525,0.228925942193405,0.268652582318931,0.318791859257138
22169,0.338618722931621,0.0492303000072388,0.198583703127279,0.413567273933861
22170,0.0846281718017667,0.224864066230399,0.476773313740776,0.213734448227058
22171,0.111661993370137,0.330277578401979,0.34680973848534,0.211250689742544
22172,0.0584236518636146,0.143367552373801,0.0855982869797698,0.712610508782815
22173,0.151497192998221,0.540549885175334,0.0725694852813273,0.235383436545118
22174,0.536480354489463,0.125296646079846,0.06500664601738,0.27321635341331
22175,0.0767406928593584,0.467551203938073,0.155211114969988,0.300496988232581
22176,0.268385999546397,0.0901858953529593,0.339858518214445,0.301569586886199
22177,0.108035176726414,0.125570847807932,0.195561127077889,0.570832848387765
22178,0.196352786807084,0.380765534481252,0.148118868207618,0.274762810504045
22179,0.0528979533170615,0.357020838943128,0.0536551064419569,0.536426101297854
22180,0.288355568274302,0.0583709991135848,0.443932409883612,0.209341022728501
22181,0.105778287970953,0.360761562183193,0.0769512174670401,0.456508932378815
22182,0.292271632532183,0.0972534094023467,0.32583627843913,0.28463867962634
22183,0.214345334304891,0.330844293581761,0.0963311789959655,0.358479193117383
22184,0.342187001499663,0.091309935554335,0.0985823560019932,0.467920706944009
22185,0.155760000072758,0.329476080415625,0.0558405343458785,0.458923385165738
22186,0.0543905630739652,0.449322686704924,0.0916512199175441,0.404635530303567
22187,0.0810623781015768,0.172241789015225,0.0886126362487403,0.658083196634458
22188,0.21204741674589,0.169814999928898,0.34704673024793,0.271090853077282
22189,0.226735159431468,0.0439415471620061,0.498355512435858,0.230967780970668
22190,0.0518771618636564,0.464906011855962,0.169427966197619,0.313788860082762
22191,0.305250865647307,0.139471968232132,0.376872374663458,0.178404791457103
22192,0.157954277339175,0.196492055774741,0.23005675543346,0.415496911452625
22193,0.0629967099127422,0.144420576054063,0.077936744036767,0.714645969996428
22194,0.273870190242319,0.328487932474523,0.0184839451842623,0.379157932098896
22195,0.242940836551851,0.508696752716847,0.149337119580552,0.0990252911507495
22196,0.243086512347437,0.0226206175516254,0.0701913331502707,0.664101536950667
22197,0.092608172677157,0.480473113523808,0.0298629164098497,0.397055797389186
22198,0.0322062016091796,0.0195621748518523,0.0488233292832789,0.899408294255689
22199,0.516393557870921,0.0558194881355154,0.0482979195412478,0.379489034452315
22200,0.449968549406059,0.0771711916372449,0.0910692989021135,0.381790960054583
22201,0.236946904540924,0.370508518034514,0.143114884238435,0.249429693186127
22202,0.454053472395624,0.27745875015753,0.0270058747435882,0.241481902703258
22203,0.32576032387781,0.429942128780191,0.037150800431834,0.207146746910165
22204,0.0767773657763308,0.281667279063612,0.0238379353080274,0.61771741985203
22205,0.28688500448137,0.356328280223179,0.121923289568333,0.234863425727118
22206,0.0473101273880555,0.160445116647871,0.497262880269334,0.294981875694739
22207,0.0616998034532685,0.0538674902460343,0.317044918579338,0.56738778772136
22208,0.217963885170969,0.533808029643099,0.0334606942739353,0.214767390911997
22209,0.0895262639509677,0.0956068681738894,0.0314188791289151,0.783447988746228
22210,0.118598949996196,0.19493136482361,0.173639108303841,0.512830576876353
22211,0.0895387497516245,0.354250920306739,0.0365860304694244,0.519624299472212
22212,0.0205042978410679,0.323029190683229,0.35461517559184,0.301851335883863
22213,0.0634409442495509,0.246406701047169,0.180906643735425,0.509245710967854
22214,0.0394048800686154,0.168733629614185,0.372788814895539,0.419072675421661
22215,0.0296473172128996,0.0454271217908339,0.654667253562316,0.27025830743395
22216,0.405319823124053,0.0837818008712094,0.0613093556534427,0.449589020351295
22217,0.0975410583158772,0.0679211288335173,0.549746659720852,0.284791153129754
22218,0.0684779186147284,0.346752651483957,0.026594840579069,0.558174589322246
22219,0.394947988233146,0.0267038843499427,0.100630651437798,0.477717475979113
22220,0.744658504864315,0.0140925907953213,0.0402973228462802,0.200951581494084
22221,0.020546278748712,0.150779373120256,0.0673663961531465,0.761307951977885
22222,0.649988713538547,0.0466299173213843,0.0207594048080625,0.282621964332006
22223,0.180457869020645,0.393319525569559,0.0456816020409438,0.380541003368853
22224,0.200245986398405,0.0589118701856955,0.121387970056586,0.619454173359313
22225,0.498658522961096,0.235566790018398,0.105865994225141,0.159908692795365
22226,0.0600089969368509,0.0283948815616677,0.673359152395864,0.238236969105617
22227,0.467531488113655,0.172001254455084,0.160711094919587,0.199756162511675
22228,0.0150556472170845,0.632002252473992,0.0768856884205132,0.27605641188841
22229,0.243420872873604,0.391094919609121,0.0590370768824966,0.306447130634778
22230,0.0904786592468784,0.0483879631287482,0.64260853093842,0.218524846685953
22231,0.498997341759586,0.136536073378364,0.130476754034478,0.233989830827572
22232,0.306458015233089,0.228296664020861,0.0433576547331836,0.421887666012867
22233,0.0864425766242201,0.0574853094344412,0.236731762701816,0.619340351239523
22234,0.158430356356271,0.462153682248479,0.0305180434867058,0.348897917908545
22235,0.142323053347468,0.0487444986541922,0.114065480734589,0.694866967263751
22236,0.652449138915926,0.0765399324041594,0.0385114911754289,0.232499437504486
22237,0.349180066929413,0.0428014532700126,0.271829612921896,0.336188866878678
22238,0.0226583327264941,0.209624303836968,0.414711858643786,0.353005504792752
22239,0.106248519956259,0.504561877468067,0.173366423848236,0.215823178727438
22240,0.122986804160232,0.206460783913242,0.237405447659473,0.433146964267053
22241,0.33274306049502,0.0942896539377474,0.103173704804074,0.469793580763159
22242,0.481803719766597,0.10843843708543,0.0342640124658968,0.375493830682076
22243,0.0146498869042071,0.688318305437359,0.0172798316607537,0.279751975997681
22244,0.262926021882798,0.367869394094604,0.117782547108416,0.251422036914182
22245,0.487457046051359,0.075199075874153,0.0486087195089376,0.38873515856555
22246,0.175047973695241,0.46586573628496,0.0629774234623399,0.296108866557459
22247,0.0680527538989127,0.0566590162259694,0.581239824683478,0.29404840519164
22248,0.56747888266068,0.0782098436460706,0.238269694669673,0.116041579023576
22249,0.0358567334220863,0.106264305401324,0.19785109358649,0.660027867590101
22250,0.482184740922678,0.0450479305213129,0.201676357931017,0.271090970624992
22251,0.151965280712919,0.151703209875619,0.526573785069382,0.16975772434208
22252,0.123796977245047,0.0636548993369514,0.584804387130573,0.227743736287428
22253,0.201053861862842,0.546318450507662,0.0504121047180727,0.202215582911423
22254,0.120326313287676,0.221896291355186,0.333903973860263,0.323873421496875
22255,0.0991924844789904,0.0447983391207587,0.618979923167835,0.237029253232416
22256,0.330452257145593,0.0545761034073553,0.328508393729854,0.286463245717198
22257,0.57106033760628,0.0579363479829727,0.238457724070844,0.132545590339904
22258,0.062336706598882,0.597232017916928,0.21923709615362,0.121194179330569
22259,0.309465685391974,0.119022003709878,0.233200891980295,0.338311418917854
22260,0.0435113614829534,0.0742320269867298,0.5858968806167,0.296359730913617
22261,0.403104784629366,0.0957891478610365,0.275982503485431,0.225123564024167
22262,0.461067907251301,0.291614677907828,0.137860026863136,0.109457387977735
22263,0.12867793380287,0.595531364549737,0.0432964576702499,0.232494243977143
22264,0.442090106531131,0.304463066785851,0.108408361847574,0.145038464835444
22265,0.263189108269845,0.127353265111488,0.427076703217355,0.182380923401312
22266,0.134953703439602,0.089240777658498,0.477669106268277,0.298136412633623
22267,0.054014414088517,0.0416215446512838,0.689161821507489,0.215202219752711
22268,0.408702473605149,0.239588282275193,0.157755988912371,0.193953255207287
22269,0.282648960942812,0.518622328496763,0.0450585720724286,0.153670138487996
22270,0.120465485599879,0.282211167901799,0.359393185589285,0.237930160909037
22271,0.184746067364721,0.327943292768615,0.351674370864466,0.135636269002198
22272,0.245816876541129,0.405901059285743,0.144641411286915,0.203640652886212
22273,0.216391933033437,0.219289977302157,0.285130542903159,0.279187546761248
22274,0.188847962530421,0.53004419580573,0.0975367496930075,0.183571091970842
22275,0.137149338822522,0.500827852837168,0.170718335855937,0.191304472484373
22276,0.0861998059581052,0.141036871097903,0.509582311287613,0.263181011656379
22277,0.316856749446247,0.171173685888934,0.380927339729968,0.131042224934851
22278,0.115450614385773,0.362622536110701,0.30657864146686,0.215348208036666
22279,0.272876621365214,0.264593119078341,0.189516520169952,0.273013739386492
22280,0.216089826073269,0.143976136751501,0.372715173810132,0.267218863365099
22281,0.590629956469292,0.0910975211895558,0.140705896020755,0.177566626320397
22282,0.0860685664830178,0.357052207329897,0.444985389115395,0.11189383707169
22283,0.191324385413857,0.42993507072596,0.145362024463715,0.233378519396468
22284,0.348274291473357,0.144182808188088,0.323273198861443,0.184269701477112
22285,0.13448939035435,0.332578289911826,0.293942821745275,0.238989497988548
22286,0.143164039477995,0.0899561466578344,0.583977075426837,0.182902738437334
22287,0.339977613377146,0.282883130623805,0.123232818517199,0.25390643748185
22288,0.368471908604657,0.235617530003648,0.140473920008493,0.255436641383201
22289,0.153835318086688,0.351130391134994,0.303784675335593,0.191249615442725
22290,0.519706488148805,0.0444575447917921,0.308813831824716,0.127022135234687
22291,0.728706479078092,0.0375997703158849,0.0692675070666469,0.164426243539376
22292,0.213653761769313,0.210374116151499,0.350066324931667,0.225905797147522
22293,0.245881928468055,0.409107376782,0.105865867499913,0.239144827250032
22294,0.257188032350349,0.151348631306156,0.08917112625194,0.502292210091555
22295,0.0755384313176904,0.35306201345001,0.430620845817763,0.140778709414537
22296,0.251196528020814,0.0565197095958751,0.191092518949365,0.501191243433946
22297,0.235833217868422,0.19868253707157,0.337809528981776,0.227674716078233
22298,0.0978007872028138,0.150952076921012,0.516782115699006,0.234465020177168
22299,0.0296024037253703,0.708640476240095,0.0412348072480377,0.220522312786497
22300,0.604539955065223,0.206673707910008,0.0551598307187457,0.133626506306024
22301,0.0810627315219791,0.205515231884645,0.552081042350119,0.161340994243257
22302,0.138918673616546,0.548763376143392,0.137361841283349,0.174956108956712
22303,0.464400140850113,0.110636397469934,0.157261807631353,0.2677016540486
22304,0.272885984289077,0.389091893143564,0.0389086200474582,0.299113502519901
22305,0.236059000548945,0.253410746830922,0.353971650925282,0.156558601694852
22306,0.251504831898242,0.1834834087806,0.439646378370233,0.125365380950926
22307,0.0699279251710869,0.259813063538673,0.0429668864248537,0.627292124865387
22308,0.128374349670135,0.257983002003187,0.204268449648972,0.409374198677707
22309,0.387032046738104,0.0838561630572504,0.030128044262553,0.498983745942093
22310,0.267422527159702,0.0397300506548247,0.171307260547345,0.521540161638128
22311,0.167163859074633,0.302660554702565,0.155292031732748,0.374883554490054
22312,0.548401749227828,0.0698708693800555,0.0450685676105824,0.336658813781534
22313,0.416977153497915,0.265119105865079,0.0588937478099159,0.25900999282709
22314,0.33542903044737,0.251906631470644,0.20930329738198,0.203361040700006
22315,0.133133561422126,0.310190951514213,0.204474261455188,0.352201225608473
22316,0.0419897892461821,0.37175669149129,0.149465157248678,0.436788362013849
22317,0.0712731496183244,0.450809784448157,0.110777523610693,0.367139542322825
22318,0.165483823408025,0.0274551762452468,0.494839934689311,0.312221065657417
22319,0.330874814356062,0.219741258390273,0.0594257809129581,0.389958146340707
22320,0.136968157523377,0.409986010557685,0.277458929685877,0.175586902233061
22321,0.191603274334567,0.171250469380899,0.153721252702053,0.48342500358248
22322,0.0509505925266622,0.123383954221073,0.53498271951687,0.290682733735395
22323,0.0320411635343236,0.304896863020575,0.13818837078883,0.524873602656271
22324,0.0467671686066941,0.456512843874509,0.305023202136125,0.191696785382671
22325,0.207755713374431,0.198504724839256,0.0626947907250482,0.531044771061265
22326,0.503676096041244,0.100005612163832,0.165355460615942,0.230962831178982
22327,0.320191346483818,0.159819779340756,0.447168980169067,0.0728198940063584
22328,0.453060000330145,0.1578858507172,0.230417838061543,0.158636310891112
22329,0.336313883761825,0.222123106811636,0.244696454393436,0.196866555033102
22330,0.180520455347871,0.173203930146047,0.418705233621832,0.22757038088425
22331,0.377732323841875,0.239357074987046,0.0756430218047119,0.307267579366367
22332,0.25788935860733,0.181276948234359,0.262233171146552,0.298600522011759
22333,0.566716575608428,0.0148153544287865,0.332990256558783,0.0854778134040026
22334,0.288486516770454,0.180745934689502,0.344669983767338,0.186097564772706
22335,0.305429292295351,0.463978169108239,0.0601267795076429,0.170465759088766
22336,0.546519852322182,0.11943264767118,0.195891001348588,0.13815649865805
22337,0.118316105077625,0.335416294656397,0.412051098718965,0.134216501547013
22338,0.125746973571057,0.242200506244579,0.256100911947791,0.375951608236573
22339,0.14851798149048,0.0718528374954304,0.638607127676549,0.14102205333754
22340,0.0501204045284218,0.598997353482935,0.109375699397192,0.241506542591451
22341,0.263071417946364,0.133738335693834,0.302875856185034,0.300314390174769
22342,0.290257564499507,0.0728764071627634,0.460372819640065,0.176493208697664
22343,0.170403111439428,0.678891338465599,0.0574152466580804,0.0932903034368932
22344,0.164672092860796,0.335263090741257,0.415124711865248,0.084940104532699
22345,0.641925904708596,0.0469627859326963,0.0931742259965283,0.217937083362179
22346,0.368535131970114,0.153946505863991,0.0724699793856095,0.405048382780286
22347,0.153106566973352,0.279576855580599,0.386717345686105,0.180599231759943
22348,0.0600165052112447,0.300408015799846,0.479223279162705,0.160352199826205
22349,0.188602923529825,0.26167641010178,0.443717221891782,0.106003444476613
22350,0.176373752451946,0.351655633200434,0.302452921044501,0.16951769330312
22351,0.162466415304689,0.294954157227904,0.407207628509961,0.135371798957445
22352,0.446798953237054,0.0966882191462117,0.254091626095144,0.202421201521591
22353,0.210271462248823,0.131313085015217,0.322449212195497,0.335966240540463
22354,0.249525132969581,0.267758870731223,0.262535248443462,0.220180747855733
22355,0.165878847027242,0.323063904121444,0.308741852345479,0.202315396505835
22356,0.176888952277403,0.0860137410082313,0.350024701019925,0.387072605694441
22357,0.108231681051421,0.399995497501066,0.13915668295942,0.352616138488093
22358,0.584238625191357,0.0762812440364318,0.160612528407789,0.178867602364422
22359,0.164536242592719,0.245898773230764,0.456003785660478,0.133561198516039
22360,0.217720312091515,0.434396543325033,0.0447283182596071,0.303154826323845
22361,0.277148250658798,0.266982923679324,0.157819744090222,0.298049081571657
22362,0.137531969703217,0.311605798658785,0.336296415502937,0.214565816135062
22363,0.0887063457691688,0.133409375042931,0.417325401521275,0.360558877666625
22364,0.245561999939113,0.306373216717321,0.127686891586763,0.320377891756803
22365,0.266377795639996,0.255690352023089,0.257682431402298,0.220249420934617
22366,0.159354938243192,0.526917206689784,0.192881308581702,0.120846546485323
22367,0.498439150554573,0.0965653622588698,0.220400752067175,0.184594735119382
22368,0.224414790048022,0.387921806950455,0.119131237326151,0.268532165675372
22369,0.141881569643286,0.589230574441811,0.153287140335188,0.115600715579715
22370,0.0990930700429118,0.406699306155543,0.221388278089327,0.272819345712219
22371,0.446721203572587,0.0934102438803145,0.230118041713864,0.229750510833234
22372,0.363840727590624,0.414038797771669,0.0678385891118361,0.15428188552587
22373,0.203170400846755,0.0964455710242869,0.308729597940497,0.391654430188461
22374,0.278860397793534,0.563212911430838,0.0694582855905813,0.0884684051850465
22375,0.112132662815091,0.493777879981111,0.115349761077149,0.278739696126649
22376,0.262413622308084,0.1664520895105,0.234632032592136,0.336502255589279
22377,0.413874073256376,0.31440245054485,0.113544307355595,0.158179168843179
22378,0.149021888118857,0.131444814282348,0.573444467902572,0.146088829696223
22379,0.455290760209334,0.247821266524112,0.0477586886400882,0.249129284626466
22380,0.107991559268166,0.269701180677772,0.227005096721609,0.395302163332454
22381,0.123908958914925,0.417587762761209,0.21927061314963,0.239232665174235
22382,0.0636740629204107,0.54916443409084,0.168454616363859,0.21870688662489
22383,0.308506403773763,0.186178298870785,0.29738673008139,0.207928567274062
22384,0.212245599990675,0.534870309854756,0.108374990879485,0.144509099275084
22385,0.262723006959061,0.235579898262835,0.335160468419754,0.16653662635835
22386,0.282570225280973,0.303947450732412,0.283840418045798,0.129641905940817
22387,0.243494226797062,0.176684572223207,0.302756318216086,0.277064882763645
22388,0.437342253766664,0.204839376736417,0.200635461364713,0.157182908132207
22389,0.250803149473764,0.299478962830183,0.313953704996756,0.135764182699297
22390,0.262756292887917,0.155335526906547,0.31951768148351,0.262390498722026
22391,0.264577207201372,0.275137513156253,0.1969427445696,0.263342535072775
22392,0.256459796170381,0.31044082125462,0.271108369757174,0.161991012817826
22393,0.16225443321826,0.170964329416629,0.546917424503347,0.119863812861764
22394,0.236807405072186,0.332171265574895,0.214966410386395,0.216054918966525
22395,0.383379617429182,0.21997009768904,0.293854324588177,0.102795960293601
22396,0.151272368105481,0.189980803532345,0.379629022886559,0.279117805475614
22397,0.336856910135824,0.289081785529371,0.192541796698706,0.181519507636099
22398,0.395682015359537,0.167591695931485,0.262254095739139,0.174472192969839
22399,0.131432870181493,0.279716089769134,0.483305086269959,0.105545953779414
22400,0.114947487463013,0.140929313344056,0.574964226903407,0.169158972289524
22401,0.515922133440062,0.135757091743605,0.163223921752771,0.185096853063563
22402,0.164558087048129,0.389613662456131,0.329078917840006,0.116749332655733
22403,0.205732626607672,0.352848251026285,0.259275088081104,0.182144034284939
22404,0.367030697207174,0.0548107566954961,0.491013897937824,0.0871446481595055
22405,0.135065210624178,0.439918663447404,0.149049714993012,0.275966410935406
22406,0.142340238317309,0.515122301409526,0.182806074888435,0.15973138538473
22407,0.312346252775307,0.173501556684578,0.213582086629042,0.300570103911074
22408,0.0508725721102667,0.105029276360793,0.736879413368918,0.107218738160022
22409,0.371557966906221,0.269975289227417,0.265030194848126,0.0934365490182351
22410,0.338651693865061,0.271434216823379,0.274848253363307,0.115065835948253
22411,0.279224331108652,0.336646929205851,0.254844108156933,0.129284631528565
22412,0.344382822744614,0.21262081926588,0.361994012086519,0.0810023459029879
22413,0.112731442809998,0.153891094881153,0.205653333570948,0.527724128737901
22414,0.259025984599009,0.597813097387042,0.0346609761615526,0.108499941852396
22415,0.108225969102759,0.242462307111074,0.53577912601559,0.113532597770577
22416,0.101621022943157,0.152655856002611,0.574926791451452,0.17079632960278
22417,0.349419070542835,0.166881986079289,0.260234112364628,0.223464831013248
22418,0.0466048668557793,0.416313581403734,0.360361632838825,0.176719918901662
22419,0.204531305319921,0.273764746411015,0.221883427861074,0.29982052040799
22420,0.133676986824527,0.49088230184678,0.185173431499945,0.190267279828749
22421,0.181555385410541,0.0523856094827107,0.570623086914256,0.195435918192492
22422,0.0586290053695354,0.307260674886033,0.23444354646075,0.399666773283681
22423,0.0701692759794156,0.216115908630939,0.524276916719576,0.18943789867007
22424,0.465702639539067,0.288079423945638,0.0974050001151853,0.14881293640011
22425,0.137707103758594,0.348816980669604,0.146755619400114,0.366720296171688
22426,0.307373700452892,0.2989125520532,0.249197459046724,0.144516288447184
22427,0.364416368495605,0.272482323337438,0.0547693447956128,0.308331963371345
22428,0.0541301341615034,0.316812159850767,0.382180909488208,0.246876796499522
22429,0.583591012728306,0.192878844499123,0.0331195171190438,0.190410625653527
22430,0.151077468851872,0.091079942607434,0.578484649207719,0.179357939332974
22431,0.303104332063348,0.121201444184935,0.332503734105688,0.243190489646028
22432,0.242056193471416,0.480456787571525,0.107804054922743,0.169682964034316
22433,0.110935417679479,0.11268214494578,0.223932513118615,0.552449924256126
22434,0.367668842712805,0.157290008870531,0.173028335414225,0.30201281300244
22435,0.048084433744798,0.325691555179237,0.422513226207685,0.20371078486828
22436,0.0552915923210802,0.453809051590807,0.23618387062706,0.254715485461053
22437,0.22368132039411,0.208097172539061,0.209956889899682,0.358264617167146
22438,0.163893812569267,0.283876294881263,0.0916097279161507,0.460620164633319
22439,0.0662110223777413,0.29857292756228,0.432671133689467,0.202544916370512
22440,0.175865910799062,0.46249100279626,0.176884651890077,0.184758434514601
22441,0.387747688964707,0.141226326926675,0.343574355845271,0.127451628263348
22442,0.128794827312677,0.29483385186687,0.490788488468527,0.0855828323519257
22443,0.0882360437836997,0.762329770645828,0.0540388619459662,0.0953953236245058
22444,0.340726368883902,0.255716030707703,0.256580231830879,0.146977368577515
22445,0.128221496859471,0.42504397066689,0.284230469756934,0.162504062716706
22446,0.0850790635878287,0.421393150211876,0.442232145504567,0.051295640695729
22447,0.273579688229757,0.455585946510821,0.150148737808185,0.120685627451237
22448,0.177249380476221,0.450258348062202,0.219984071293143,0.152508200168434
22449,0.227106338688863,0.464887054696049,0.159669263001241,0.148337343613848
22450,0.194033470909379,0.316291540475532,0.368944524139089,0.120730464475999
22451,0.0899323308337953,0.616551126393269,0.215865768115223,0.0776507746577129
22452,0.14508130121068,0.621997092860501,0.135060795743566,0.0978608101852539
22453,0.29790243225332,0.239164404424834,0.266294460980372,0.196638702341474
22454,0.250279000411995,0.455820041496669,0.166088583586534,0.127812374504802
22455,0.462913000795753,0.256034445469498,0.173990235124363,0.107062318610387
22456,0.420685075012607,0.122836102889871,0.270391916760893,0.186086905336628
22457,0.246418554950302,0.357249910088963,0.274256451515081,0.122075083445654
22458,0.145986357788302,0.429593046886373,0.305653040950604,0.118767554374721
22459,0.230767403093886,0.291344166463684,0.406935917002602,0.0709525134398278
22460,0.172545180825903,0.160982018107543,0.542994382007583,0.12347841905897
22461,0.315095150307579,0.277985491170984,0.255833323401395,0.151086035120041
22462,0.438173072696645,0.225362058580504,0.228288150740752,0.108176717982098
22463,0.195171379612771,0.460956993329061,0.161171462538838,0.18270016451933
22464,0.215542746839592,0.411556614445978,0.216445733602325,0.156454905112104
22465,0.334933008399854,0.407115294889445,0.16718084138304,0.090770855327662
22466,0.30983550182869,0.322417741143703,0.161013493079171,0.206733263948437
22467,0.186176724076702,0.480628780720829,0.176970255090321,0.156224240112149
22468,0.222398714703651,0.423232056803002,0.236101498884079,0.118267729609267
22469,0.420901538195888,0.174702521001019,0.275328691007632,0.129067249795461
22470,0.160409312109246,0.622294144878614,0.106405644576649,0.110890898435491
22471,0.402656157753863,0.295244042752391,0.168870746289998,0.133229053203748
22472,0.124018407656792,0.457564706964059,0.293841441784823,0.124575443594325
22473,0.548325087827165,0.129545264469736,0.194194131721187,0.127935515981912
22474,0.581951825353425,0.0617714769052398,0.267030405143301,0.0892462925980341
22475,0.300514091690901,0.540207490489684,0.0689165081899102,0.090361909629504
22476,0.285825601055579,0.268794554117775,0.309425319297674,0.135954525528973
22477,0.136153788655648,0.284213361207855,0.453752353400711,0.125880496735786
22478,0.0864157053274565,0.0493346113613007,0.536108167593282,0.328141515717961
22479,0.131869028862489,0.042506444844727,0.079881076081101,0.745743450211683
22480,0.0350500000666594,0.172969398907478,0.352873795417594,0.439106805608268
22481,0.14690760682212,0.3295943801465,0.0400070765034274,0.483490936527953
22482,0.175372664552844,0.16128199068493,0.0529104073283816,0.610434937433844
22483,0.0782495541461573,0.247248547387169,0.0665733807971903,0.607928517669483
22484,0.256835680190573,0.346131891916354,0.0195944522469716,0.377437975646102
22485,0.035995533916409,0.195770566670061,0.162022085013274,0.606211814400255
22486,0.0340205796547333,0.203876260726134,0.362366393925265,0.399736765693868
22487,0.0631924712400407,0.033031682728056,0.346416225132462,0.557359620899442
22488,0.0713118402797706,0.0853196361127816,0.42030223932593,0.423066284281518
22489,0.3082688044104,0.0283448252634619,0.303198764325294,0.360187606000844
22490,0.0750602238218368,0.53491441373259,0.0758144473024513,0.314210915143122
22491,0.0247793871128583,0.559713986095198,0.0511249475732118,0.364381679218732
22492,0.0268858019965886,0.243080969456526,0.416852050872275,0.313181177674611
22493,0.200738896200789,0.305002308000263,0.332611248230947,0.161647547568001
22494,0.213095639837568,0.138352288968312,0.398824112423286,0.249727958770834
22495,0.0683218664536468,0.220845010599975,0.305315696422036,0.405517426524343
22496,0.294643618491121,0.0434078504021546,0.242785462669439,0.419163068437285
22497,0.180553167393454,0.344621576667207,0.319960884359855,0.154864371579483
22498,0.0706200766388092,0.192327794010083,0.268403295088322,0.468648834262785
22499,0.467857348490185,0.134346176797904,0.116386173618557,0.281410301093353
22500,0.602925519289146,0.10831157937698,0.0445346862687343,0.244228215065139
22501,0.336913984266806,0.154829845633667,0.186354581168252,0.321901588931275
22502,0.299430710726492,0.187818810207131,0.276537536583995,0.236212942482382
22503,0.202165882633343,0.238962752502355,0.076113483483497,0.482757881380805
22504,0.187706127205513,0.438646721055783,0.107408171768591,0.266238979970113
22505,0.268524088872388,0.135353294818567,0.220994857868552,0.375127758440494
22506,0.18370828189917,0.34016899969859,0.325337207333535,0.150785511068704
22507,0.0254340279076441,0.531321564841702,0.115972652177413,0.327271755073241
22508,0.158599717606918,0.638815305814348,0.0553447259618245,0.14724025061691
22509,0.605534097028124,0.0437443147651012,0.0833926888316693,0.267328899375106
22510,0.0336725412519957,0.735314748307387,0.0418911005338464,0.189121609906771
22511,0.244210238695667,0.0668290558834316,0.517446126738281,0.171514578682621
22512,0.158454977283216,0.201186078556785,0.38288641174772,0.257472532412278
22513,0.238028458204702,0.108938814575459,0.342398508728736,0.310634218491103
22514,0.148956307954422,0.493348792664593,0.089247077308684,0.268447822072301
22515,0.0573036966127809,0.0670100357891244,0.521933272597599,0.353752995000496
22516,0.0797049304409721,0.483982872687406,0.185174302303558,0.251137894568064
22517,0.25514502208625,0.166960294923091,0.381802514358765,0.196092168631895
22518,0.155931456598058,0.249521035687885,0.321329382019408,0.27321812569465
22519,0.190372890611756,0.40020130787885,0.0797370614986781,0.329688740010716
22520,0.331333858213285,0.322219310898347,0.199278113862716,0.147168717025652
22521,0.0863116961302187,0.356934959034671,0.378603337158213,0.178150007676897
22522,0.0362798705983325,0.115402147961016,0.524823474916142,0.32349450652451
22523,0.0398233695206577,0.591406449974163,0.216379993177721,0.152390187327458
22524,0.102839991497288,0.101932144871335,0.31486656245854,0.480361301172838
22525,0.232114288071556,0.0965901873673619,0.578127770165059,0.0931677543960235
22526,0.424558940376506,0.365889323286862,0.0661408586870825,0.14341087764955
22527,0.151325659898003,0.350983811259749,0.221266285155278,0.276424243686971
22528,0.16151922771818,0.0961033321215224,0.52873258915361,0.213644851006688
22529,0.226297621121544,0.322747963408515,0.23429369322937,0.21666072224057
22530,0.286548086634637,0.0825034793587528,0.181006914057867,0.449941519948743
22531,0.119735417174535,0.0852671843005684,0.549316173070273,0.245681225454623
22532,0.368066706662796,0.266244790992403,0.10239493018666,0.263293572158141
22533,0.102030640483827,0.489557816519487,0.103354842867019,0.305056700129667
22534,0.198047978479782,0.397122040980108,0.144892953688227,0.259937026851883
22535,0.171028414761938,0.268288436053859,0.387306761390134,0.173376387794069
22536,0.151683917352397,0.51017506751477,0.134727015632249,0.203413999500584
22537,0.133870383348934,0.330047561564998,0.360944328769941,0.175137726316127
22538,0.108493360114906,0.479055706832975,0.216332085980258,0.19611884707186
22539,0.148643448698832,0.289248732663521,0.43479160935356,0.127316209284086
22540,0.247736481695718,0.354688879865376,0.170701257883876,0.226873380555029
22541,0.126841480649013,0.314392422231457,0.276351646596761,0.282414450522769
22542,0.182274037679822,0.404458849090043,0.231004034473977,0.182263078756157
22543,0.445998188402895,0.158641812735217,0.129611856338385,0.265748142523502
22544,0.127784235880058,0.0726520582238586,0.542433260197279,0.257130445698805
22545,0.159637080056983,0.532426876893165,0.143282443989331,0.164653599060522
22546,0.432561307501526,0.390173776370793,0.090048390636,0.0872165254916814
22547,0.341597597682799,0.233691562716483,0.26932944725765,0.155381392343068
22548,0.212746165632086,0.350806037052954,0.258310074894331,0.178137722420629
22549,0.411545157502424,0.104675508079902,0.241351572864546,0.242427761553128
22550,0.129023179107875,0.312311872998631,0.415488159226187,0.143176788667307
22551,0.155867588138459,0.348559157355498,0.366006408288497,0.129566846217546
22552,0.117164263189602,0.261922611581175,0.188432532048473,0.43248059318075
22553,0.235926256984867,0.481173170877739,0.136174071631733,0.146726500505662
22554,0.448437387164171,0.141080430299036,0.230597110450318,0.179885072086474
22555,0.150609270081816,0.544243603089576,0.201883796667037,0.103263330161571
22556,0.399641853747573,0.361686750497656,0.149950687504803,0.088720708249968
22557,0.092367327191739,0.581383174813027,0.191477553915833,0.134771944079401
22558,0.222423851589095,0.0998591573775776,0.585418293350769,0.0922986976825584
22559,0.222522818719546,0.30372594843807,0.226179137057523,0.247572095784861
22560,0.245584459224379,0.289413489485462,0.31856525976221,0.146436791527949
22561,0.14022234265448,0.329884322779213,0.460475459587378,0.0694178749789288
22562,0.186001046255254,0.519987219646352,0.242144802883027,0.0518669312153664
22563,0.451956027473562,0.143107083747491,0.343251743050059,0.0616851457288882
22564,0.538363872009695,0.0843218401822731,0.244461700069331,0.1328525877387
22565,0.134990793420862,0.228117431481796,0.410824497655531,0.226067277441811
22566,0.111234664099531,0.513280906257449,0.259576939524029,0.115907490118991
22567,0.354358665442774,0.126902440919934,0.328317471083322,0.19042142255397
22568,0.296285324322508,0.21798196343355,0.231474119581884,0.254258592662057
22569,0.280152193271049,0.164137119463443,0.481438523070387,0.0742721641951215
22570,0.40388631992442,0.237625105286501,0.172381592879318,0.186106981909761
22571,0.25040377840911,0.470478399137722,0.117661369098674,0.161456453354494
22572,0.262416170212178,0.235130897970673,0.317456259936938,0.184996671880211
22573,0.279608648135575,0.297768405839198,0.26960253224168,0.153020413783548
22574,0.315274770029279,0.080266509711838,0.29411815878594,0.310340561472942
22575,0.0893257153731151,0.409838808707421,0.334662108785205,0.166173367134259
22576,0.29188691660835,0.378906443897401,0.15201338849504,0.177193250999209
22577,0.406465970993602,0.286025787648908,0.221314755411723,0.0861934859457668
22578,0.0645028110865945,0.398880760777671,0.421002010052336,0.115614418083398
22579,0.15501878032348,0.304173310446726,0.279981875803794,0.260826033426
22580,0.512380522370326,0.201284071502963,0.175625761753345,0.110709644373366
22581,0.101972619322878,0.260511061818136,0.395841880794462,0.241674438064524
22582,0.411833770606837,0.208095381251958,0.291374358013084,0.0886964901281213
22583,0.24564712209454,0.242057199273001,0.431467424947313,0.0808282536851457
22584,0.107310186871252,0.391533905920789,0.382108983094378,0.119046924113581
22585,0.188930580049151,0.470789641358288,0.240150731358752,0.100129047233809
22586,0.107763832820146,0.635342358380003,0.123674408142948,0.133219400656903
22587,0.406299652711333,0.131936148209799,0.113168748344907,0.348595450733961
22588,0.308831284877388,0.146077600025186,0.388512401793447,0.156578713303979
22589,0.324823109700205,0.44164058242922,0.178719868336813,0.0548164395337618
22590,0.161646180362088,0.149945425694816,0.433416425832451,0.254991968110645
22591,0.307289437133367,0.0587440763243389,0.507812499284264,0.12615398725803
22592,0.180118943628818,0.449143367045836,0.240668653365989,0.130069035959356
22593,0.220136298876555,0.37725081430183,0.178746179892406,0.223866706929209
22594,0.201697980094007,0.113307214712838,0.486674854706295,0.19831995048686
22595,0.190558578413959,0.317822885994447,0.302220186976901,0.189398348614693
22596,0.390511643563345,0.385522828175138,0.114296315591642,0.109669212669876
22597,0.17530851155869,0.248129571815944,0.403056027729322,0.173505888896043
22598,0.272819573038195,0.309792894835503,0.205735160202853,0.21165237192345
22599,0.269031116391879,0.330383439439533,0.133074029222348,0.267511414946239
22600,0.193495678791011,0.30477123121976,0.313270913550115,0.188462176439113
22601,0.427189621566704,0.162447024109543,0.263903386123837,0.146459968199916
22602,0.517368439480042,0.21528035076653,0.136840810577032,0.130510399176395
22603,0.24208674191769,0.150792244966318,0.344799022100586,0.262321991015405
22604,0.185584608935507,0.384691107354872,0.272427509132357,0.157296774577264
22605,0.441751426795824,0.197970395442088,0.164076691149185,0.196201486612904
22606,0.19649530419657,0.178334630605297,0.432673275316891,0.192496789881243
22607,0.197317889131883,0.26351580644697,0.366450333235704,0.172715971185443
22608,0.248502488052104,0.338996126148047,0.27200994868983,0.140491437110019
22609,0.37379779290769,0.33828198043953,0.186417701194487,0.101502525458293
22610,0.0673524768022865,0.550076187480387,0.25599422682027,0.126577108897057
22611,0.166566080860213,0.265844002498446,0.397227800648363,0.170362115992979
22612,0.135468786691386,0.173278313111613,0.369556533116824,0.321696367080177
22613,0.407447986246626,0.338805495985281,0.108459680917253,0.145286836850839
22614,0.344493785114176,0.241318379899726,0.185473176262152,0.228714658723946
22615,0.120208986109131,0.385064854313589,0.359041247520977,0.135684912056304
22616,0.534875755743287,0.0694739551029975,0.303675470707619,0.0919748184460964
22617,0.207105808118367,0.158594945244351,0.49672068236295,0.137578564274333
22618,0.452143912406116,0.133372686504596,0.202658650098577,0.211824750990711
22619,0.146336677437506,0.43242922334697,0.173945748159006,0.247288351056518
22620,0.111988917031763,0.599651435282797,0.100224060526627,0.188135587158812
22621,0.112335766563528,0.0661921535956198,0.64973675808299,0.171735321757862
22622,0.188708955366726,0.150572975696159,0.316200699653267,0.344517369283849
22623,0.156422131100304,0.550382734710827,0.132559834115287,0.160635300073582
22624,0.282288808226179,0.392034936814095,0.152582371949808,0.173093883009918
22625,0.284467209049731,0.277607357952419,0.172743352655225,0.265182080342625
22626,0.31188614712993,0.217502136515668,0.219834274920537,0.250777441433865
22627,0.273232849924274,0.130403404603274,0.339631782014976,0.256731963457477
22628,0.102761676181105,0.391040118260515,0.341162079581186,0.165036125977194
22629,0.197861390268721,0.30976230160213,0.291734595732419,0.20064171239673
22630,0.371336669952262,0.460206280150848,0.114471258087313,0.0539857918095755
22631,0.428554488627616,0.447380549207524,0.0296901676435776,0.0943747945212827
22632,0.191275503697697,0.506196442905044,0.128619366187306,0.173908687209953
22633,0.176232401548508,0.169400762275485,0.357015548081038,0.29735128809497
22634,0.0262163840862437,0.506250571795484,0.311748502828718,0.155784541289554
22635,0.0425982996966407,0.778848232369288,0.0358066836177471,0.142746784316324
22636,0.0257687333234115,0.701616896236555,0.175089669893439,0.0975247005465947
22637,0.714061004064995,0.0495479326541425,0.0416454198980601,0.194745643382803
22638,0.186177168440561,0.346878105808994,0.183024608596993,0.283920117153451
22639,0.0874541910698158,0.331063467950527,0.156518264189059,0.424964076790598
22640,0.0945830894844383,0.125691504976486,0.629614506214174,0.150110899324901
22641,0.0430621363396041,0.745711809062117,0.128882594873911,0.0823434597243683
22642,0.145037069205975,0.359232599540079,0.207498202729092,0.288232128524854
22643,0.235471452964752,0.138131595279604,0.49438201093116,0.132014940824483
22644,0.0365652382250037,0.192452868338773,0.683293187777424,0.0876887056587996
22645,0.358954923477678,0.0501200275498582,0.264197336183738,0.326727712788726
22646,0.340523147729064,0.32347740182216,0.18427747689322,0.151721973555556
22647,0.63360931543164,0.29558540878649,0.0191353049029864,0.0516699708788837
22648,0.747650871602107,0.150202558433744,0.0163757887933681,0.0857707811707808
22649,0.140140301486282,0.310103962083651,0.30210221837158,0.247653518058487
22650,0.265933205044479,0.372955482629021,0.144544650400978,0.216566661925521
22651,0.170838830933276,0.129695551957396,0.489334174276821,0.210131442832507
22652,0.121734865791477,0.215956382886544,0.301960942848961,0.360347808473018
22653,0.0754460327780582,0.274560722228576,0.5435248207975,0.106468424195866
22654,0.124438476951031,0.269154194629658,0.244661188542531,0.36174613987678
22655,0.205666869827893,0.523414067100028,0.105414377124427,0.165504685947651
22656,0.217138990898962,0.175435908297134,0.475577721718054,0.13184737908585
22657,0.329348778758913,0.290651107808587,0.181716465000185,0.198283648432315
22658,0.227484876258112,0.127274935260304,0.232861981881666,0.412378206599918
22659,0.204339365424579,0.188783374881398,0.437518391205592,0.16935886848843
22660,0.468874965264005,0.24634640404521,0.0647252706058913,0.220053360084894
22661,0.398988267134399,0.175394583694639,0.288286030425888,0.137331118745075
22662,0.178146092546502,0.211668501802802,0.445176373363654,0.165009032287042
22663,0.268671979096513,0.498906477144338,0.107987108317942,0.124434435441207
22664,0.166818660709736,0.467143602787269,0.0850541581796833,0.280983578323311
22665,0.260251542132504,0.35676078801975,0.252654166283632,0.130333503564114
22666,0.434738272470213,0.283883035778593,0.101860685624986,0.179518006126209
22667,0.0829302665186282,0.218824177102829,0.576638478533129,0.121607077845414
22668,0.127135542883267,0.207376759496222,0.0497214626613418,0.615766234959169
22669,0.0711140348354797,0.0498350836443796,0.0873891309181882,0.791661750601952
22670,0.158312104913258,0.309116008204719,0.108851165083448,0.423720721798576
22671,0.254270530123021,0.104700219622229,0.388844123832995,0.252185126421755
22672,0.355759037950527,0.108940619564601,0.138495825502689,0.396804516982184
22673,0.315632570187957,0.20667030623741,0.132823318128478,0.344873805446155
22674,0.172998530366682,0.20514963697207,0.427692542728003,0.194159289933245
22675,0.0694941697807424,0.437874631778767,0.178560395110568,0.314070803329923
22676,0.191101245388287,0.447302029761959,0.105469917155339,0.256126807694415
22677,0.421255308790724,0.143954142736393,0.236175237204077,0.198615311268807
22678,0.20502197170465,0.123772405667667,0.130607225102493,0.540598397525191
22679,0.0302908999747628,0.464652639421599,0.0882864698440674,0.416769990759571
22680,0.0661986109522186,0.176060876796333,0.320318816359187,0.437421695892261
22681,0.118895096336559,0.26339214240975,0.128232990333991,0.4894797709197
22682,0.326846357766596,0.416008126639488,0.0515308525086127,0.205614663085303
22683,0.0682268765667594,0.0249692630804669,0.627701462077379,0.279102398275395
22684,0.175360820100595,0.522447112610727,0.133982289290155,0.168209777998523
22685,0.232409865810737,0.159326273427551,0.172703173522935,0.435560687238777
22686,0.649958141398374,0.0510876670805457,0.0343183405598562,0.264635850961224
22687,0.0859259634698225,0.531612309288151,0.116224579428116,0.26623714781391
22688,0.32233153711155,0.320858447162911,0.248969944626978,0.107840071098561
22689,0.255943933289355,0.367620385424237,0.205707469198597,0.17072821208781
22690,0.0551319910780374,0.181288827908415,0.641509692360718,0.12206948865283
22691,0.0964009262807832,0.46707805094905,0.317584961095185,0.118936061674982
22692,0.24280010756334,0.208300455094742,0.260625463709763,0.288273973632155
22693,0.300840896897112,0.268870535275707,0.205704217286615,0.224584350540566
22694,0.387207220721471,0.0986152375536447,0.352778530665981,0.161399011058903
22695,0.247955940817578,0.143833047474256,0.44611167516015,0.162099336548016
22696,0.128697209686738,0.375537121620033,0.163429195037547,0.332336473655683
22697,0.0873563716776685,0.400708414491398,0.196090668683126,0.315844545147808
22698,0.372367638015188,0.34372973228713,0.0642542961696501,0.219648333528032
22699,0.423834153366308,0.112010858081796,0.259179305527033,0.204975683024863
22700,0.206123715576792,0.181826052922008,0.219837357239901,0.3922128742613
22701,0.150159548632697,0.363993205345898,0.0679882115591189,0.417859034462286
22702,0.0563764278876984,0.169608915830501,0.508099534774398,0.265915121507403
22703,0.29746609438983,0.132144441951781,0.371779071800098,0.198610391858291
22704,0.146998054141726,0.340750910243418,0.225211234289574,0.287039801325282
22705,0.0681751320997251,0.272926535319273,0.344261759106072,0.31463657347493
22706,0.172802004838576,0.224000682719574,0.387591915940022,0.215605396501828
22707,0.112542435249509,0.53827192496199,0.196958741643792,0.152226898144709
22708,0.274318211894797,0.155942506396277,0.365450778946731,0.204288502762195
22709,0.164021555737713,0.601128783102791,0.115390742808809,0.119458918350687
22710,0.177911256849649,0.524727973929343,0.17019180077206,0.127168968448948
22711,0.420417620935803,0.200479281104003,0.211596833361949,0.167506264598245
22712,0.337078416679496,0.357044626444654,0.138833231625521,0.167043725250329
22713,0.224360957188716,0.247062023146652,0.374730164961561,0.153846854703072
22714,0.165238624739753,0.240407244428042,0.442731897905667,0.151622232926539
22715,0.207774873444839,0.3249519592559,0.258287936981161,0.2089852303181
22716,0.175168549854418,0.401644760048988,0.250189846266311,0.172996843830284
22717,0.196394673962396,0.223362974186403,0.418399467813525,0.161842884037676
22718,0.415591805595094,0.250290146222015,0.167396168184935,0.166721879997956
22719,0.336837176833273,0.342593695527529,0.21778332638504,0.102785801254158
22720,0.117993807212058,0.466042395614743,0.229079260965436,0.186884536207764
22721,0.347198985720619,0.373960714065923,0.165539051795465,0.113301248417993
22722,0.227693574022863,0.282814973890445,0.283876951808913,0.205614500277779
22723,0.29312688123461,0.410647412647366,0.105105277421591,0.191120428696433
22724,0.135353190678507,0.272993771903243,0.499694389997355,0.0919586474208951
22725,0.0883128037708272,0.307796485442132,0.211082678640446,0.392808032146595
22726,0.0317678461470233,0.639503023673656,0.0784689585894032,0.250260171589917
22727,0.130027554862746,0.130890205332046,0.529796843849771,0.209285395955437
22728,0.043465371214048,0.45637290952456,0.177500239679464,0.322661479581929
22729,0.340276670057048,0.241194138471183,0.169232605795798,0.249296585675971
22730,0.0683444992926933,0.348260134781212,0.377403551171799,0.205991814754296
22731,0.028400107416882,0.516456721399501,0.282992602821173,0.172150568362444
22732,0.273380657640898,0.244460641733225,0.259563588987112,0.222595111638765
22733,0.367100328937814,0.202829904363426,0.0867378966569967,0.343331870041764
22734,0.125807201769624,0.451752209241556,0.102588986453846,0.319851602534974
22735,0.0951134836975168,0.475401621898966,0.312550117030401,0.116934777373116
22736,0.0425423951168314,0.232403366067317,0.513072025571142,0.21198221324471
22737,0.376224120833799,0.146800420800177,0.0387602275271529,0.438215230838871
22738,0.403273729520188,0.113172844762242,0.319908135353697,0.163645290363872
22739,0.409168683422937,0.149057577964783,0.115881684090861,0.32589205452142
22740,0.0615318339303579,0.594187709829205,0.13458002368927,0.209700432551167
22741,0.423733892086343,0.0413907183589328,0.380098024921162,0.154777364633562
22742,0.114758392380432,0.555888705736557,0.23294303136398,0.0964098705190309
22743,0.161966076653199,0.530679272504622,0.0833686608557596,0.223985989986419
22744,0.161497982855724,0.485228180506586,0.148869166149958,0.204404670487732
22745,0.268887447862251,0.238928638082408,0.178269584737104,0.313914329318237
22746,0.267310998290259,0.311171355326499,0.287074520360968,0.134443126022274
22747,0.558370450679854,0.133025345656772,0.0846980445023452,0.223906159161029
22748,0.557322356038517,0.129427838450327,0.232278633025662,0.0809711724854933
22749,0.137067931495117,0.148512417823433,0.59453202972794,0.11988762095351
22750,0.175602034483358,0.175175099688961,0.576040657798289,0.0731822080293915
22751,0.105006747005523,0.413405158810622,0.390054532500486,0.0915335616833688
22752,0.347720704586277,0.130778028304441,0.271925728849816,0.249575538259466
22753,0.197218172151038,0.473748744041811,0.140152748458538,0.188880335348613
22754,0.325690173373052,0.373483597357415,0.233573656099726,0.0672525731698063
22755,0.214391264416989,0.0930461566194952,0.539875877661897,0.152686701301618
22756,0.278343948667488,0.166513682331218,0.330037134075833,0.225105234925461
22757,0.43166510831347,0.221321641075838,0.140548591412343,0.206464659198349
22758,0.266444193179658,0.204983726443756,0.389351677241734,0.139220403134852
22759,0.367027170320262,0.374697085441334,0.082165843016059,0.176109901222344
22760,0.17987150029855,0.209084099600023,0.5388672669334,0.0721771331680269
22761,0.143654082981235,0.471289069914326,0.170705731957833,0.214351115146606
22762,0.104531942221547,0.382472258822619,0.320576230048487,0.192419568907347
22763,0.119834358757124,0.397197131613442,0.281162575679582,0.201805933949851
22764,0.162247760259319,0.655222059963796,0.0527346873804691,0.129795492396416
22765,0.228755743143768,0.281106969051361,0.328601143379447,0.161536144425423
22766,0.356124393405793,0.284495749164446,0.224956052059038,0.134423805370724
22767,0.178224623310494,0.160133716360598,0.489454598055288,0.17218706227362
22768,0.200806806307227,0.187179401795313,0.440197016371698,0.171816775525762
22769,0.102581127918375,0.737776323554948,0.0468845928819325,0.112757955644745
22770,0.553091151100074,0.13481902344418,0.0858978541503605,0.226191971305385
22771,0.336842858677039,0.137927115784713,0.379568056321255,0.145661969216993
22772,0.441678905057373,0.252467827329179,0.162808679117917,0.143044588495531
22773,0.168992031279975,0.451086492835127,0.138328249778576,0.241593226106322
22774,0.144164400244733,0.236196134587117,0.401984999888478,0.217654465279672
22775,0.307798916408708,0.347612783527184,0.221707004745141,0.122881295318967
22776,0.287285576413956,0.333198826159979,0.161323330200475,0.21819226722559
22777,0.112484529294926,0.403484664705366,0.323696761483143,0.160334044516565
22778,0.0679733399942121,0.244645587578338,0.434639173858221,0.252741898569228
22779,0.227685646422525,0.457204141872596,0.171396593195316,0.143713618509563
22780,0.345995713597709,0.278644932562191,0.0833954483485271,0.291963905491573
22781,0.0968009419613132,0.223648270555217,0.546794965816408,0.132755821667062
22782,0.0889606376063623,0.105642504646832,0.514040358525932,0.291356499220874
22783,0.224960181513747,0.139837145415446,0.483673024852246,0.151529648218561
22784,0.0807083683337739,0.618907169115092,0.0776098790681315,0.222774583483002
22785,0.147020183123354,0.399007448888566,0.296970383836235,0.157001984151846
22786,0.350965304034761,0.0969692773291294,0.366695573606479,0.185369845029632
22787,0.371362665710755,0.259959426166883,0.202948791039218,0.165729117083145
22788,0.444136677247878,0.0552061860467154,0.299109460883632,0.201547675821775
22789,0.459897178910161,0.190667213827104,0.12693896144843,0.222496645814305
22790,0.0616546382149198,0.231797236094334,0.555983603970836,0.15056452171991
22791,0.185092348919268,0.327633212239119,0.163486429959743,0.32378800888187
22792,0.11273204889241,0.0989228750087058,0.624692711067882,0.163652365031002
22793,0.617931959353341,0.130963888288018,0.0621622651210141,0.188941887237627
22794,0.133434802496324,0.272404444095033,0.468585025766014,0.12557572764263
22795,0.237229239470185,0.438776546628643,0.108954904981447,0.215039308919725
22796,0.495504610904885,0.0779226941936732,0.192687602513767,0.233885092387674
22797,0.0555512042862651,0.0852490290699476,0.771854577043238,0.0873451896005495
22798,0.108431462265311,0.197244593288985,0.351033316961697,0.343290627484006
22799,0.507817741547013,0.095861058121685,0.0892039452039141,0.307117255127388
22800,0.254565379846249,0.178105466599991,0.313909241408266,0.253419912145493
22801,0.0914491301094488,0.35507236608876,0.303796294354344,0.249682209447447
22802,0.0786632020716509,0.540170272409385,0.215041211896637,0.166125313622327
22803,0.334187313741607,0.542406191354299,0.0326565627797732,0.0907499321243204
22804,0.376284278034298,0.117424058761602,0.366740706899027,0.139550956305074
22805,0.170816196016342,0.347628979474867,0.29943698736906,0.182117837139731
22806,0.10890729483226,0.690420866435743,0.0909248340692334,0.109747004662764
22807,0.458491130104784,0.0260589086229111,0.448947905752568,0.0665020555197372
22808,0.0543887347190407,0.534031766866917,0.245575923165766,0.166003575248276
22809,0.0971799831134412,0.171253624627892,0.637496095448262,0.0940702968104048
22810,0.0875463366808828,0.618591010278422,0.183581784796942,0.110280868243754
22811,0.276579985076048,0.194240788931613,0.341223784066594,0.187955441925744
22812,0.205031505121666,0.497961771283592,0.167831391515422,0.12917533207932
22813,0.429744709378678,0.119968203019736,0.349680505170198,0.100606582431388
22814,0.189306584047972,0.593971399747362,0.0694976689967897,0.147224347207877
22815,0.12877989394218,0.582490095661015,0.144349301128098,0.144380709268707
22816,0.225718315451877,0.291450016205202,0.213795128060283,0.269036540282639
22817,0.55444004093203,0.149822412987666,0.119001091506598,0.176736454573706
22818,0.053312305083833,0.704122164846514,0.179202878199536,0.0633626518701167
22819,0.174968714236209,0.125664890110353,0.45057531557778,0.248791080075658
22820,0.0670947175850854,0.251509089023103,0.485175219004012,0.1962209743878
22821,0.0671040644968992,0.122485667673474,0.358801894322933,0.451608373506694
22822,0.293216949968403,0.0552587039310321,0.403903797851285,0.24762054824928
22823,0.0465311784018175,0.456245419291229,0.0366699132416386,0.460553489065315
22824,0.017209339876338,0.550995579440127,0.0734359576120943,0.358359123071441
22825,0.133413944318118,0.0100788451244349,0.738402401654481,0.118104808902966
22826,0.105278953018757,0.112333195756665,0.31421991784764,0.468167933376937
22827,0.517923459447535,0.0263841502117124,0.133621011859474,0.322071378481279
22828,0.052839183566578,0.370561710712999,0.418634499271191,0.157964606449232
22829,0.0419221378898567,0.452043905861454,0.298235288197309,0.20779866805138
22830,0.0469778272212522,0.0170787657598953,0.724091018000736,0.211852389018116
22831,0.055729340300107,0.671786874382047,0.0259263258530998,0.246557459464746
22832,0.0951322350773623,0.0628709687897878,0.656023971486491,0.185972824646358
22833,0.172142326033315,0.500325818899626,0.0549975411934359,0.272534313873623
22834,0.0302481809497384,0.105230799518777,0.250932120980225,0.61358889855126
22835,0.192117651852625,0.208419801490044,0.111971397288356,0.487491149368975
22836,0.2021911519649,0.41486156511982,0.0304832743568541,0.352464008558426
22837,0.033692300304197,0.437311063755176,0.0736485594722157,0.455348076468411
22838,0.327455274054174,0.176459080342181,0.0272559369659464,0.4688297086377
22839,0.138382178403914,0.239051302828083,0.260944617009035,0.361621901758969
22840,0.505837276532325,0.0164533614607349,0.122670469677127,0.355038892329813
22841,0.135051306634078,0.0918764976094533,0.0891374498707837,0.683934745885685
22842,0.281825229396133,0.0352360393435723,0.211807097194604,0.47113163406569
22843,0.394740407309199,0.0487668063416236,0.249350655358955,0.307142130990223
22844,0.522737613876661,0.0369613441482871,0.225488601025576,0.214812440949476
22845,0.5084012677481,0.241764563883439,0.138770304493252,0.111063863875209
22846,0.052173998273038,0.725534299036453,0.0133946176881566,0.208897085002352
22847,0.239043228254203,0.511299481452625,0.0802419013872614,0.16941538890591
22848,0.206983654506288,0.199636129911288,0.0954287536338817,0.497951461948542
22849,0.331372153658036,0.0102416709079466,0.480259596757168,0.178126578676849
22850,0.469740156919079,0.0691878388019542,0.246340973788434,0.214731030490533
22851,0.129258848132455,0.487755694201503,0.0859153344130546,0.297070123252988
22852,0.487439017701172,0.0445558825028909,0.0295346843469355,0.438470415449002
22853,0.50210286084838,0.0781368339934058,0.252226312914655,0.167533992243559
22854,0.0939835483983965,0.143417301162139,0.064086530431649,0.698512620007816
22855,0.40638495985086,0.163752405201578,0.0339083884931085,0.395954246454454
22856,0.0177935753441182,0.0208263872982544,0.481917494451466,0.479462542906161
22857,0.0200856959769225,0.0484301517166109,0.262844216465538,0.668639935840929
22858,0.261652927761074,0.243240288682638,0.301013021814028,0.19409376174226
22859,0.120086664527211,0.681822254256244,0.0730012876428492,0.125089793573696
22860,0.194282077718634,0.343013690422427,0.202249908941904,0.260454322917034
22861,0.205389196965128,0.35255174773079,0.312160421574972,0.129898633729111
22862,0.196677683398213,0.21518239473269,0.266287483835455,0.321852438033641
22863,0.146986630971548,0.534353925489499,0.154229216610933,0.16443022692802
22864,0.0878484470766919,0.471030024465033,0.179893962499087,0.261227565959188
22865,0.2562436831459,0.335179576230557,0.172665996643105,0.235910743980439
22866,0.331196524545258,0.0576746113825267,0.521850863441547,0.089278000630668
22867,0.23719448559966,0.0997196442538562,0.494630207133724,0.16845566301276
22868,0.217565106363305,0.265796394657726,0.30843497042323,0.208203528555739
22869,0.358723052901756,0.203004890951002,0.229631904794885,0.208640151352357
22870,0.272312417269588,0.294092200468241,0.251431375946329,0.182164006315841
22871,0.226177470157637,0.42852618924432,0.138161897646163,0.207134442951881
22872,0.179250650560468,0.683747700987802,0.053702588815062,0.0832990596366683
22873,0.108137544182394,0.260928617297618,0.394546108179696,0.236387730340292
22874,0.185590216905921,0.571427035421462,0.121179195381388,0.121803552291229
22875,0.0753132368275206,0.571654045125874,0.0998651071452862,0.25316761090132
22876,0.267091244527004,0.414494717845861,0.226007379037851,0.0924066585892836
22877,0.301641648815954,0.124346349702936,0.137229360927989,0.436782640553122
22878,0.104266385107995,0.045720222019853,0.376610341772963,0.473403051099189
22879,0.245639188312334,0.153838385112912,0.438075791390558,0.162446635184196
22880,0.176557322253688,0.203457925067458,0.485778849906798,0.134205902772056
22881,0.28201191128652,0.168974003913853,0.273540818589215,0.275473266210412
22882,0.0259362253457908,0.722496296923321,0.0178036381386463,0.233763839592242
22883,0.190338740170112,0.106458629113645,0.452217876107762,0.25098475460848
22884,0.0909495629146067,0.323699155489788,0.31375308143371,0.271598200161896
22885,0.429836989471453,0.175241768934927,0.0375319931781307,0.35738924841549
22886,0.244705153924427,0.0518060019502128,0.180287495386327,0.523201348739033
22887,0.148815948771619,0.467803471058255,0.103746071742121,0.279634508428005
22888,0.412945557514542,0.358480420127519,0.0537075245784128,0.174866497779526
22889,0.0226625861849991,0.0348516227889294,0.663737926778989,0.278747864247082
22890,0.265431401451078,0.402988586075458,0.103412065213371,0.228167947260094
22891,0.202034609306969,0.328084232873212,0.279287622689432,0.190593535130387
22892,0.219181922398228,0.0859541054591834,0.479980599908173,0.214883372234416
22893,0.321668587344515,0.261617964277351,0.213116934248415,0.203596514129719
22894,0.0985641442400568,0.0906438459470645,0.0473717339005596,0.763420275912319
22895,0.327368781633435,0.205191020522578,0.200777802412223,0.266662395431764
22896,0.408491549453327,0.471763958302501,0.0165893236074773,0.103155168636695
22897,0.0898807480311098,0.26689572918184,0.470676554155991,0.172546968631059
22898,0.0742189850548665,0.129450247694393,0.55044039676481,0.24589037048593
22899,0.567865498040123,0.126431896113807,0.10501151120704,0.200691094639031
22900,0.416409084034798,0.127805833223904,0.104523383594353,0.351261699146944
22901,0.231275028455058,0.316938190734909,0.20770843714061,0.244078343669422
22902,0.177528641748256,0.372023794387684,0.186054542979618,0.264393020884441
22903,0.213616040095087,0.223261039242714,0.455227107074072,0.107895813588127
22904,0.574029935084937,0.116758017485245,0.146992824822167,0.16221922260765
22905,0.425412564790445,0.308695554203631,0.0651862121499792,0.200705668855944
22906,0.579441283256383,0.239605551788091,0.0273432818362313,0.153609883119295
22907,0.239656215154363,0.173613780654547,0.418905085957312,0.167824918233778
22908,0.170269528066502,0.31843256315439,0.283028887833969,0.228269020945139
22909,0.201401926546711,0.639959697163227,0.0463357831262452,0.112302593163817
22910,0.236430186290921,0.338811915448625,0.181748073125013,0.243009825135441
22911,0.145130221861031,0.223772608319431,0.320106050859525,0.310991118960014
22912,0.271255891463143,0.429215054371083,0.187062263162279,0.112466791003495
22913,0.176047298910717,0.0618089080175051,0.651222668081042,0.110921124990736
22914,0.124670439957078,0.429309423974765,0.172735193625748,0.27328494244241
22915,0.683679034743944,0.0349627131395938,0.0320353327856998,0.249322919330762
22916,0.0921263316348866,0.330944179819403,0.0310594396351417,0.545870048910568
22917,0.215483602290003,0.141142872559233,0.0313089564381227,0.612064568712641
22918,0.461847074594566,0.104354958592782,0.0238084209474024,0.40998954586525
22919,0.0240610434197797,0.779856949666282,0.0184703932698234,0.177611613644115
22920,0.136578085888275,0.0848804773439441,0.399174026067326,0.379367410700454
22921,0.333183644850988,0.0900551995790881,0.0458606154044106,0.530900540165513
22922,0.18862580659633,0.401105873979075,0.144867471370955,0.26540084805364
22923,0.0215480273549627,0.415355678511124,0.163601445200655,0.399494848933258
22924,0.492344617737588,0.161291234469792,0.145263647509847,0.201100500282773
22925,0.152508143801865,0.259137198461516,0.0307589108313641,0.557595746905255
22926,0.397813795604901,0.0644124444012135,0.148570744536481,0.389203015457404
22927,0.0741949704115541,0.119749492530272,0.30735033313101,0.498705203927164
22928,0.675228751196413,0.0765464458274753,0.0125189934081762,0.235705809567936
22929,0.0508795300578466,0.540665128979486,0.102654984085608,0.305800356877059
22930,0.0952068782674439,0.108821806315151,0.460060672617327,0.335910642800078
22931,0.0620331008537382,0.328910827923125,0.444625238045928,0.16443083317721
22932,0.149652852302295,0.147291772619852,0.0631150541462998,0.639940320931553
22933,0.410225692711365,0.107411643483809,0.103147034153778,0.379215629651048
22934,0.119975501270457,0.102229445175738,0.278096076690265,0.499698976863541
22935,0.069946445812951,0.60650556362651,0.161270241514298,0.162277749046241
22936,0.494657868014079,0.101105242373595,0.209062060830256,0.19517482878207
22937,0.460846593293473,0.23268060968581,0.124991201066315,0.181481595954402
22938,0.491792634306998,0.203499737879547,0.0930187795064638,0.211688848306991
22939,0.148870361356794,0.318350507783097,0.242144885590703,0.290634245269406
22940,0.160140673440475,0.0548906178581809,0.589188035999936,0.195780672701408
22941,0.298308189794742,0.112220282595466,0.455380059999399,0.134091467610393
22942,0.0221589924455435,0.203844679830657,0.646793196108433,0.127203131615367
22943,0.12772983928667,0.315634748303244,0.177375129994843,0.379260282415242
22944,0.139306622679031,0.468714208709041,0.0814033556386863,0.310575812973241
22945,0.191287789795454,0.319450375402826,0.145309478220168,0.343952356581552
22946,0.128956732875336,0.21286875655555,0.262898239420618,0.395276271148496
22947,0.211329760808319,0.570104347397522,0.0354996918632352,0.183066199930923
22948,0.260337179998823,0.193203566065627,0.155190201057685,0.391269052877865
22949,0.0922571329787776,0.322838440464178,0.373946518558235,0.21095790799881
22950,0.225656159761294,0.303777085150733,0.122470007242525,0.348096747845447
22951,0.165076531904743,0.488916821871567,0.170365996594596,0.175640649629094
22952,0.243146733435987,0.31279125239853,0.0976035671533465,0.346458447012137
22953,0.40606258605973,0.204507753391293,0.219489468971226,0.169940191577752
22954,0.19608893751606,0.257494397081032,0.264115943247818,0.28230072215509
22955,0.192778894899862,0.566779171771646,0.134631326891707,0.105810606436785
22956,0.373847228221162,0.301788482172123,0.151825657301225,0.172538632305489
22957,0.267401545474094,0.220799750771152,0.378695788170371,0.133102915584383
22958,0.594850898017783,0.180699214477568,0.0965745039883177,0.127875383516332
22959,0.107938985379151,0.231496039984908,0.494020256722789,0.166544717913151
22960,0.343209187289267,0.355791017909779,0.172870894746301,0.128128900054653
22961,0.174420031350418,0.271499208122339,0.361136448997746,0.192944311529498
22962,0.236574778455446,0.137752387329962,0.531033933840351,0.0946389003742417
22963,0.149415679346057,0.46512436157247,0.134921560899586,0.250538398181887
22964,0.162041194415558,0.159518904106468,0.53601773067447,0.142422170803504
22965,0.309569677107288,0.465454738224696,0.124753876163025,0.10022170850499
22966,0.174946035852101,0.177323703929619,0.546273014088797,0.101457246129482
22967,0.0594346132160964,0.4608825793748,0.400257760798703,0.0794250466104
22968,0.259763719647974,0.237808367356315,0.358182031949028,0.144245881046683
22969,0.415284403051049,0.225313964771646,0.258888692165729,0.100512940011576
22970,0.431198819421741,0.199032061456357,0.191745869299653,0.178023249822249
22971,0.23280430341193,0.233303345062156,0.463612349512495,0.0702800020134185
22972,0.329960855650734,0.481434110006007,0.0957164755777512,0.092888558765507
22973,0.084381188750093,0.49505368485744,0.101066598253514,0.319498528138953
22974,0.09115486175934,0.136632777095719,0.457161174991209,0.315051186153732
22975,0.275967097722918,0.170950397798539,0.403682731163769,0.149399773314774
22976,0.0702662809551242,0.265720926610106,0.46212349300029,0.20188929943448
22977,0.0943045194916764,0.296304509407511,0.447655480838654,0.161735490262158
22978,0.0393376489137328,0.267301377527361,0.544291508571524,0.149069464987383
22979,0.0891382068967222,0.349938850698014,0.404919852027483,0.156003090377781
22980,0.301170615539257,0.549760325037721,0.062618217095275,0.0864508423277469
22981,0.220600044124272,0.51445122685244,0.157219770983055,0.107728958040233
22982,0.249586560601963,0.116459271902478,0.320247270885485,0.313706896610074
22983,0.489651457496678,0.298057947493466,0.0473387374738879,0.164951857535969
22984,0.0292656652403897,0.409031143569051,0.392905910901123,0.168797280289436
22985,0.45285169305504,0.108017162275761,0.208845956202903,0.230285188466296
22986,0.336423530386703,0.40002965462903,0.117571248202756,0.145975566781511
22987,0.0946459106146555,0.191483008708354,0.448289783948253,0.265581296728738
22988,0.174564701486609,0.098798623863675,0.602285790182023,0.124350884467693
22989,0.492925463806737,0.116924793048744,0.227061701951356,0.163088041193162
22990,0.14306596354937,0.519189167578304,0.12274323319719,0.215001635675137
22991,0.599187748251939,0.157742213561989,0.0790733642636489,0.163996673922423
22992,0.239480543565998,0.368768503106407,0.22310882348827,0.168642129839325
22993,0.144150087956398,0.141795614534901,0.55857905658247,0.155475240926231
22994,0.586857877763419,0.223721684905251,0.0828544784112479,0.106565958920082
22995,0.152250060504935,0.357634654571101,0.283567436028012,0.206547848895953
22996,0.379594482979695,0.258725758839113,0.233742978896769,0.127936779284423
22997,0.304893590336812,0.346044600548652,0.212086574935038,0.136975234179498
22998,0.252927840008333,0.287209460429126,0.182577888376968,0.277284811185573
22999,0.332166123830804,0.230466214938148,0.296197816919702,0.141169844311347
23000,0.226057025707451,0.267621308032256,0.432528013343911,0.0737936529163822
23001,0.256997342389225,0.38899091886722,0.187184140421438,0.166827598322118
23002,0.118872847806206,0.504304174802094,0.191486515537311,0.185336461854389
23003,0.584327306058979,0.152590118753902,0.153698360122658,0.109384215064461
23004,0.123924592956618,0.347656110242531,0.378902776264752,0.149516520536099
23005,0.310266147939777,0.460273798340259,0.0903038663970591,0.139156187322905
23006,0.172377711995789,0.172022226669711,0.54590456478875,0.10969549654575
23007,0.0511272689710167,0.419396737612901,0.428865208317561,0.100610785098521
23008,0.117309431719663,0.464807842753742,0.308396697924407,0.109486027602188
23009,0.304636944794067,0.175322300766652,0.303779351236531,0.216261403202749
23010,0.463024983129357,0.327839353443241,0.103859830439883,0.105275832987519
23011,0.394341005458751,0.114650918037438,0.249868241547597,0.241139834956214
23012,0.318073064320838,0.0990674267968353,0.456650368743187,0.12620914013914
23013,0.373778851482708,0.118896992365828,0.27208351175999,0.235240644391474
23014,0.0926190802525516,0.35956490248599,0.384217925036644,0.163598092224814
23015,0.17472850115625,0.151449654404222,0.505911815619131,0.167910028820397
23016,0.467413735052413,0.201811753378575,0.226804141372701,0.103970370196311
23017,0.29523102987789,0.186138681721231,0.420320825400649,0.0983094630002299
23018,0.475297174248147,0.229721590108637,0.203060957608796,0.09192027803442
23019,0.0791650222809448,0.225785531945507,0.590511611821404,0.104537833952144
23020,0.348806654713687,0.114112288577548,0.162277805547298,0.374803251161467
23021,0.456523047168489,0.320139843067864,0.0485214620778315,0.174815647685815
23022,0.216890807747514,0.302747092915675,0.104126902196685,0.376235197140126
23023,0.486613215722965,0.190539291935735,0.173012036868653,0.149835455472646
23024,0.405809582197545,0.365127277520786,0.0735706450828327,0.155492495198836
23025,0.109667985584184,0.517585611244722,0.247792315719321,0.124954087451774
23026,0.675789407758733,0.114945290366061,0.101655173194954,0.107610128680252
23027,0.249639244242948,0.356212075495876,0.171659529909464,0.222489150351712
23028,0.125838916438838,0.634613282305555,0.0749950981929163,0.164552703062691
23029,0.072536371788847,0.0590968659402843,0.582415136293607,0.285951625977261
23030,0.374280380548561,0.232759112318213,0.065015504866242,0.327945002266984
23031,0.0864463913858363,0.173441279189137,0.24003112499431,0.500081204430717
23032,0.194773521332209,0.454847469965441,0.132863961749537,0.217515046952813
23033,0.372481576595205,0.173959165446136,0.0734989799591717,0.380060277999486
23034,0.130989418483206,0.268235120882317,0.0980774299574273,0.502698030677049
23035,0.329493203574434,0.306551553839123,0.0629189148897855,0.301036327696658
23036,0.0773910438606371,0.446757595719526,0.0893560164647881,0.386495343955049
23037,0.473366797444948,0.187606563575507,0.170342929801928,0.168683709177617
23038,0.264292616599197,0.482325639039028,0.113307476186194,0.140074268175581
23039,0.585817863828769,0.146400887601015,0.0252641481968514,0.242517100373364
23040,0.106973976364133,0.131396191432994,0.164896684019353,0.59673314818352
23041,0.289987281013328,0.0921478238828935,0.367710977006944,0.250153918096834
23042,0.352203414696756,0.158866735366606,0.120676837886508,0.36825301205013
23043,0.182944803894447,0.137763841185718,0.162628081282961,0.516663273636874
23044,0.114591985270409,0.1973700756973,0.530506332373116,0.157531606659175
23045,0.43064661894142,0.111400019785733,0.152443662061949,0.305509699210898
23046,0.706862829480691,0.0466153384093195,0.0981977113151205,0.148324120794869
23047,0.103460648745378,0.272574386933349,0.464430151842517,0.159534812478756
23048,0.495890354461711,0.189923179657081,0.187000040253063,0.127186425628145
23049,0.409885628601031,0.270157536404598,0.158523980817154,0.161432854177217
23050,0.283697358433897,0.472894661437535,0.121277921718136,0.122130058410432
23051,0.412095470943821,0.257708196782889,0.18081774989851,0.14937858237478
23052,0.136465117042861,0.616534512359738,0.150452915445988,0.0965474551514132
23053,0.475603665561477,0.0885455956992356,0.272725707800037,0.163125030939251
23054,0.437158082444228,0.091091876425053,0.354724643080581,0.117025398050138
23055,0.5549595422383,0.264731549369466,0.0695806707485276,0.110728237643706
23056,0.235343753482222,0.273441286194846,0.218561363560729,0.272653596762203
23057,0.224645088904344,0.54475114314177,0.065239550895295,0.165364217058591
23058,0.0652014989117749,0.435666732271604,0.408091345409143,0.0910404234074785
23059,0.437652212381154,0.23782663468469,0.155756595799562,0.168764557134594
23060,0.467406002691122,0.186647126956525,0.0904847134270133,0.25546215692534
23061,0.390315043934309,0.127142571867015,0.37287371011018,0.109668674088496
23062,0.3163852334866,0.286209151042512,0.110203059789907,0.28720255568098
23063,0.109403509076856,0.0979270797065943,0.641277241380842,0.151392169835708
23064,0.203805384488101,0.0802945974779767,0.519921983320434,0.195978034713488
23065,0.184737301195011,0.347182265647987,0.31998694991068,0.148093483246322
23066,0.123158049548999,0.519342862695988,0.0706480535952817,0.286851034159731
23067,0.199878177357067,0.174470197763697,0.290393130605912,0.335258494273324
23068,0.635202071633129,0.182868981200877,0.0244711744972328,0.157457772668761
23069,0.0760851916350878,0.432064703457938,0.278161712733737,0.213688392173238
23070,0.242976805441929,0.342691366328699,0.112745639590921,0.30158618863845
23071,0.0478054172978228,0.503372583281412,0.292046242710099,0.156775756710666
23072,0.251110996884045,0.154407244879398,0.431655820088828,0.16282593814773
23073,0.162689468410669,0.0753815522606239,0.462316328459744,0.299612650868963
23074,0.480644190393391,0.169164142935851,0.131403244196692,0.218788422474066
23075,0.33082883216544,0.249648908797066,0.252525181766072,0.166997077271422
23076,0.522314055075868,0.0761431765862599,0.113290833533294,0.288251934804577
23077,0.715714723795939,0.0594208894467114,0.0598586302470352,0.165005756510314
23078,0.0995631293437605,0.222674681608153,0.451811691558916,0.225950497489171
23079,0.343403887774976,0.135568858272577,0.347081246724624,0.173946007227823
23080,0.306254878237117,0.394103603563174,0.161514482481794,0.138127035717915
23081,0.0649511679614028,0.10870402988829,0.6286671473158,0.197677654834508
23082,0.29443726116211,0.546583474907091,0.0460130581887722,0.112966205742027
23083,0.229328015014459,0.382498719382117,0.217898103808488,0.170275161794936
23084,0.074962577381882,0.330535579025198,0.412457677764597,0.182044165828324
23085,0.139992018554517,0.121565263852069,0.238177074231638,0.500265643361776
23086,0.326286780809253,0.349742568422998,0.236517403916782,0.0874532468509666
23087,0.14505538347689,0.3346428542788,0.413978743525035,0.106323018719275
23088,0.428639780013942,0.0792575481648885,0.415020517583942,0.0770821542372282
23089,0.529057375126983,0.278447619304908,0.138698724177771,0.0537962813903381
23090,0.0989926605619971,0.186666153082951,0.536852360090411,0.177488826264641
23091,0.377271090572741,0.307056540666182,0.210961525361116,0.104710843399961
23092,0.342203572345004,0.1637178217887,0.35811732998758,0.135961275878716
23093,0.419309920096679,0.186737931992469,0.214553764328033,0.179398383582819
23094,0.618781023064814,0.214843350193656,0.109251029590761,0.0571245971507691
23095,0.370986407901756,0.230720384860969,0.132203184194191,0.266090023043084
23096,0.358814873265828,0.183453669201396,0.309069188729077,0.148662268803699
23097,0.638251571254128,0.0565433015873344,0.256004247614982,0.0492008795435554
23098,0.441159362440015,0.133832138219861,0.291030414256128,0.133978085083995
23099,0.512451903016353,0.173239567572699,0.186162117232884,0.128146412178064
23100,0.174066125908677,0.108163232645946,0.664076962159122,0.0536936792862549
23101,0.155220975211577,0.600329427633178,0.122627728030737,0.121821869124507
23102,0.36169582946411,0.152931012190091,0.321060466998885,0.164312691346914
23103,0.253821219302345,0.358147316931806,0.311547469766758,0.076483993999091
23104,0.191134596799428,0.36122490098096,0.298946579983403,0.14869392223621
23105,0.124424419886643,0.307909593238352,0.415632696560918,0.152033290314088
23106,0.31843078729671,0.248316287807762,0.258689782964685,0.174563141930843
23107,0.263661751521936,0.126407882232376,0.486905077382839,0.123025288862849
23108,0.245400856289831,0.261063406044163,0.24343624976723,0.250099487898776
23109,0.113493642235827,0.385837816133222,0.390613291205895,0.110055250425056
23110,0.519635307321505,0.0765368309049443,0.285517750601584,0.118310111171967
23111,0.122367652882552,0.405722640659175,0.315838330430694,0.156071376027579
23112,0.187858691657933,0.180721151339114,0.552595526408378,0.0788246305945744
23113,0.235931215637412,0.343670940748335,0.274681501284456,0.145716342329796
23114,0.107369328548091,0.357345927429181,0.410658183996863,0.124626560025865
23115,0.164159557065041,0.347282938648083,0.309784467183981,0.178773037102896
23116,0.141165980219553,0.693216635733461,0.0364224305766411,0.129194953470345
23117,0.260008593203716,0.133009866789425,0.460791365304908,0.146190174701951
23118,0.0691321219068716,0.115289261856448,0.570688956001507,0.244889660235174
23119,0.0873792210811735,0.409187738043704,0.254441739923499,0.248991300951624
23120,0.471000903738839,0.261914125746476,0.0940041214860474,0.173080849028637
23121,0.26768975351315,0.354328945282786,0.157189353149676,0.220791948054388
23122,0.289897349095045,0.199232795188927,0.296431025735379,0.214438829980649
23123,0.0573260750676245,0.509266364955,0.22224471424361,0.211162845733766
23124,0.337344771348374,0.294358567604673,0.270573981509491,0.0977226795374624
23125,0.385581314214188,0.220981895890359,0.310944780446512,0.0824920094489411
23126,0.35265859864017,0.32058881483373,0.175522567454542,0.151230019071559
23127,0.221416898355069,0.319724393185799,0.397604926754072,0.06125378170506
23128,0.312147274717362,0.407504270533767,0.168902277175943,0.111446177572929
23129,0.395150414481267,0.319817373012693,0.195786496238599,0.0892457162674413
23130,0.2120878403805,0.396362480992677,0.270860261288815,0.120689417338008
23131,0.392236112435061,0.270211413571606,0.279225899112627,0.058326574880705
23132,0.2018500007249,0.450228597276108,0.277675040327231,0.0702463616717607
23133,0.281195774053276,0.204073126502557,0.398107088593218,0.116624010850949
23134,0.237845004777322,0.27776553710611,0.395307781092232,0.0890816770243363
23135,0.151661567870179,0.439950562371493,0.332228180021052,0.0761596897372762
23136,0.135800026247686,0.165455273648848,0.582514694764578,0.116230005338888
23137,0.274047711862679,0.400864504270784,0.229294786769281,0.0957929970972554
23138,0.230845889397184,0.222360278356524,0.458674311782261,0.0881195204640313
23139,0.32722417854188,0.31407984989555,0.262602538834824,0.0960934327277459
23140,0.351381036930013,0.354810260217976,0.205463134922296,0.0883455679297152
23141,0.211357024464219,0.488118511640059,0.237049780327278,0.0634746835684452
23142,0.151385063181791,0.169455804110094,0.529806978263641,0.149352154444475
23143,0.253222963434904,0.255656245915471,0.426968297319878,0.0641524933297467
23144,0.127761241077829,0.348625757765037,0.429639980066713,0.0939730210904209
23145,0.204959119983983,0.422862252917918,0.250777744303857,0.121400882794242
23146,0.177162483302536,0.53417135149974,0.219763847959841,0.0689023172378831
23147,0.304805140333018,0.198864754269732,0.364839626386478,0.131490479010773
23148,0.219699311911899,0.525958727666927,0.145336823062814,0.109005137358361
23149,0.430932823867411,0.400878129454197,0.0867810372646523,0.0814080094137403
23150,0.24063218014529,0.439248303076663,0.203002868321362,0.117116648456686
23151,0.299670469118572,0.14529350664056,0.496662977884625,0.0583730463562432
23152,0.33299144413603,0.123003075112069,0.434723857444356,0.109281623307545
23153,0.372100555097815,0.254644387571904,0.23240602949942,0.14084902783086
23154,0.259528752791293,0.327477195497714,0.284127613858853,0.12886643785214
23155,0.496133501036294,0.282731802731914,0.140590089335543,0.080544606896249
23156,0.415449739276185,0.159494277926798,0.275286561518251,0.149769421278765
23157,0.114376982852241,0.649819589246531,0.169933671519576,0.0658697563816517
23158,0.399740621299974,0.212044628445385,0.267665695026206,0.120549055228436
23159,0.269616444703971,0.244877371118114,0.383734287146189,0.101771897031725
23160,0.186169030700794,0.233537872027783,0.431385836876398,0.148907260395025
23161,0.360345448405521,0.227531460957719,0.338645264079118,0.0734778265576422
23162,0.201535156834585,0.339466553810593,0.123794018508293,0.33520427084653
23163,0.126338105848164,0.718174913841008,0.0445782174080475,0.11090876290278
23164,0.241991626100682,0.412038440606463,0.194846478602147,0.151123454690707
23165,0.0521687736997365,0.235748009749314,0.406795266961106,0.305287949589844
23166,0.553922857953127,0.160396057914082,0.10542253879665,0.180258545336142
23167,0.343694704746708,0.210566594360704,0.222406004894385,0.223332695998203
23168,0.343591196959599,0.075285720672233,0.256734873206127,0.324388209162041
23169,0.2392361913541,0.410494988611113,0.247324914679667,0.10294390535512
23170,0.245126798615664,0.198979383295982,0.249412164335944,0.30648165375241
23171,0.286786905219332,0.233007735933889,0.281797891674539,0.19840746717224
23172,0.335566413018232,0.355125109965497,0.161016977525107,0.148291499491163
23173,0.106168724723701,0.1920783111795,0.339214085667745,0.362538878429055
23174,0.723143842029481,0.120738038884925,0.0350923856736454,0.121025733411949
23175,0.347747530884712,0.162278751285311,0.244211662142993,0.245762055686983
23176,0.0611311589827162,0.602917233293345,0.149082786536135,0.186868821187803
23177,0.284576133331349,0.296764760343515,0.353364040244569,0.065295066080567
23178,0.234522210811746,0.483179610244579,0.173381383229734,0.108916795713941
23179,0.179557771313004,0.563545408044289,0.11241897225731,0.144477848385396
23180,0.0578937283542814,0.21836394304156,0.584649268116076,0.139093060488082
23181,0.232314119349513,0.467017077014919,0.157003197138732,0.143665606496836
23182,0.322849884229214,0.449719240023689,0.114730656601934,0.112700219145163
23183,0.184389236424347,0.488666974621693,0.177032247428081,0.149911541525879
23184,0.310187514454097,0.304021618693392,0.247199660024904,0.138591206827607
23185,0.323320407007013,0.210952323906409,0.273351024234398,0.19237624485218
23186,0.332382497777635,0.360940993320715,0.123079013373752,0.183597495527898
23187,0.174623932468403,0.236722916716797,0.410170198446067,0.178482952368734
23188,0.522998633348308,0.27309038715424,0.10857298731815,0.0953379921793016
23189,0.345107987555577,0.200785717030479,0.226280743102346,0.227825552311597
23190,0.242100425399915,0.280967387855121,0.361921679757408,0.115010506987556
23191,0.344845463625055,0.297395726479527,0.175570287014868,0.18218852288055
23192,0.260066689080009,0.484622875872324,0.0923150256824526,0.162995409365215
23193,0.313350035819625,0.296797587801029,0.19621428024337,0.193638096135977
23194,0.314196214362613,0.44757863630092,0.101468357500652,0.136756791835815
23195,0.407213278142014,0.255111229052897,0.230086193718544,0.107589299086545
23196,0.311969101136797,0.407559528479598,0.181185921651653,0.099285448731951
23197,0.489198923033457,0.116155571874075,0.250170095513961,0.144475409578508
23198,0.47210884545217,0.140541669777351,0.201552668531735,0.185796816238744
23199,0.55859521646158,0.228924490546833,0.0935039447080284,0.118976348283558
23200,0.391524932629551,0.263733952698445,0.251798484599228,0.0929426300727766
23201,0.347974622435486,0.34117345998748,0.242425793264757,0.0684261243122763
23202,0.294060943884303,0.308638082616995,0.272076236217605,0.125224737281097
23203,0.117567004657263,0.492473030085582,0.286357598736617,0.103602366520538
23204,0.397932964699071,0.307486229340712,0.199039593970147,0.0955412119900711
23205,0.282108145913117,0.225606032999322,0.272181490389469,0.220104330698092
23206,0.284404367611335,0.477581541322749,0.0837744908682623,0.154239600197654
23207,0.225497417370952,0.260282914085433,0.394429256997592,0.119790411546024
23208,0.25217490924209,0.190887141727775,0.418393701877377,0.138544247152758
23209,0.324772190538434,0.33027427352497,0.239350695222596,0.105602840714
23210,0.525804926959069,0.167541043587193,0.187643815766829,0.119010213686908
23211,0.268859438359391,0.492045328872961,0.129528464769156,0.109566767998493
23212,0.201347242883307,0.376732854525203,0.301788124480962,0.120131778110527
23213,0.196488944422591,0.26700760673133,0.335303213579853,0.201200235266227
23214,0.541902613460459,0.117988097681924,0.259205793223298,0.0809034956343186
23215,0.376006351342209,0.180392701224253,0.311842835809404,0.131758111624134
23216,0.328601959012545,0.260327974649969,0.273383291634394,0.137686774703092
23217,0.247152247936404,0.489769979248055,0.144959329237296,0.118118443578244
23218,0.256116208459813,0.336536308014463,0.28692507327676,0.120422410248963
23219,0.220586618374854,0.068325578592991,0.0450847869375394,0.666003016094615
23220,0.536051110275522,0.192313217864772,0.0631089284875116,0.208526743372195
23221,0.807282897051038,0.0104936562448145,0.00847293277549089,0.173750513928656
23222,0.0555129024388488,0.0666770433009303,0.502621955985895,0.375188098274326
23223,0.122491341344243,0.430410617194327,0.0707875905970595,0.37631045086437
23224,0.0570230846594735,0.27227098507013,0.20417220575186,0.466533724518536
23225,0.256799755895223,0.538178772782018,0.0112680244565149,0.193753446866244
23226,0.0776572151968988,0.145124058340925,0.293621158535318,0.483597567926858
23227,0.585213047219691,0.16508214415139,0.0337955463184932,0.215909262310426
23228,0.0664193216400049,0.0481991432579697,0.0780872656664015,0.807294269435624
23229,0.130510227476304,0.156886961165279,0.398700062944263,0.313902748414154
23230,0.099841942324291,0.288638369564504,0.0371815760279229,0.574338112083282
23231,0.0443296767740719,0.271749425963352,0.0987140203448426,0.585206876917734
23232,0.23368287772489,0.316799650322101,0.141127158142927,0.308390313810082
23233,0.0867979410258311,0.0807477846460697,0.315291579147663,0.517162695180436
23234,0.143335981546053,0.0368350490294711,0.0977184391231534,0.722110530301323
23235,0.0970736182170303,0.016515301621756,0.486302701439484,0.40010837872173
23236,0.40636501586237,0.0186555400794559,0.346479449962837,0.228499994095337
23237,0.0284209150376121,0.164808744934986,0.407566567336789,0.399203772690613
23238,0.09149912890263,0.234222074272133,0.285912252563682,0.388366544261555
23239,0.190550937146014,0.553455556512403,0.0284679428058914,0.227525563535692
23240,0.135473571784475,0.632910719860078,0.0302572615338972,0.20135844682155
23241,0.462358640386691,0.117869770795266,0.196687813522154,0.223083775295889
23242,0.724118893657871,0.0926741908787402,0.0239174805856465,0.159289434877742
23243,0.341558307220044,0.0384799800504306,0.328448332593228,0.291513380136297
23244,0.205951093583738,0.478692630388551,0.100571772845524,0.214784503182187
23245,0.632585446172623,0.0145224553331194,0.129985947240173,0.222906151254085
23246,0.374052433486172,0.279726278944962,0.0873691046407754,0.258852182928091
23247,0.0853514302399834,0.0755518810930844,0.287522470732022,0.55157421793491
23248,0.0647330621882506,0.556479130998807,0.203652944526682,0.175134862286261
23249,0.285464565648919,0.271825299461019,0.216070329729776,0.226639805160285
23250,0.270358480275161,0.0488328174358415,0.518355233486354,0.162453468802644
23251,0.0480155146686368,0.668994553256133,0.0423737372902953,0.240616194784935
23252,0.115517683471484,0.265574442724128,0.255869598727586,0.363038275076802
23253,0.0240912562178198,0.221407122367166,0.651535605370742,0.102966016044272
23254,0.51742857403317,0.0588393814246588,0.311241809724017,0.112490234818154
23255,0.375877159600205,0.258393262970412,0.0220348995497792,0.343694677879605
23256,0.629996391695625,0.0108462736027466,0.134282021207034,0.224875313494594
23257,0.242691552295599,0.55180092678606,0.0234857540226729,0.182021766895668
23258,0.562110715023655,0.0626786794442945,0.121400752995879,0.253809852536173
23259,0.0716399700843272,0.241298048270082,0.361071396749278,0.325990584896313
23260,0.179373189581219,0.0568255580856828,0.591137375150906,0.172663877182192
23261,0.125710643540915,0.500306218690148,0.129131546142949,0.244851591625988
23262,0.499810641927816,0.111896292345654,0.156075473642959,0.232217592083571
23263,0.383260904149146,0.219450838811913,0.248079789498726,0.149208467540215
23264,0.0499881368997665,0.398680406632355,0.387462842445004,0.163868614022875
23265,0.550673037151268,0.195001597053411,0.111668870195535,0.142656495599786
23266,0.246515409914969,0.153496360570572,0.289685231396295,0.310302998118163
23267,0.276886230606591,0.262587863085806,0.316585387738359,0.143940518569245
23268,0.193848896698347,0.266405638211696,0.123174819176135,0.416570645913822
23269,0.370244253655528,0.390848500059508,0.0415258280515524,0.197381418233412
23270,0.237171561861644,0.279891781637435,0.364897866762975,0.118038789737945
23271,0.377051800460111,0.124311087967589,0.11206614952183,0.386570962050469
23272,0.149992883454524,0.256164519586643,0.389236338931331,0.204606258027502
23273,0.148989170149137,0.553743183424065,0.121371610014226,0.175896036412572
23274,0.399757104575032,0.192938563799535,0.147119717718652,0.260184613906781
23275,0.127914695095249,0.309648761461065,0.316803355744166,0.24563318769952
23276,0.225124356836333,0.476838823882041,0.166915267736153,0.131121551545473
23277,0.404811106990431,0.364639486404786,0.0917920581619924,0.13875734844279
23278,0.180959013003928,0.225618490370382,0.3219555760249,0.271466920600789
23279,0.319216148659519,0.413799409072499,0.140231455573344,0.126752986694638
23280,0.330608439247656,0.205877699630578,0.312135032844626,0.15137882827714
23281,0.127518319416582,0.568612806335479,0.180308771830523,0.123560102417416
23282,0.285909797032091,0.458633768255528,0.147302373536125,0.108154061176256
23283,0.20749493230955,0.382499817447559,0.266174862939952,0.14383038730294
23284,0.178281396618585,0.440672243461344,0.237862848855469,0.143183511064602
23285,0.387561692590584,0.238348613251252,0.220382329166611,0.153707364991553
23286,0.234364228110487,0.135076931314178,0.442660804358419,0.187898036216915
23287,0.162480176416272,0.277638706054499,0.268615575054477,0.291265542474752
23288,0.543754228343609,0.14622015234558,0.178592753993646,0.131432865317164
23289,0.255167892854133,0.438922601755208,0.206704835458243,0.0992046699324158
23290,0.227705418937987,0.439510397446692,0.172804128509451,0.15998005510587
23291,0.364727433641802,0.193458217786559,0.246389315462903,0.195425033108737
23292,0.204107203432409,0.215325720016385,0.433659216366537,0.14690786018467
23293,0.448057541451408,0.275844132411571,0.115888714016896,0.160209612120125
23294,0.269058525694756,0.31487543447683,0.206628233480785,0.209437806347629
23295,0.365959236791142,0.0054780342794428,0.480374065066381,0.148188663863034
23296,0.208593007029141,0.206721002610428,0.443608059196773,0.141077931163658
23297,0.0655190526952711,0.0479009291537889,0.53443718045078,0.35214283770016
23298,0.378546532660797,0.0531278570083845,0.336758277282545,0.231567333048274
23299,0.38860181163733,0.142654760062248,0.0806878641248967,0.388055564175525
23300,0.414864452855565,0.210468667536795,0.282297333981361,0.0923695456262791
23301,0.34655963482513,0.101631911612435,0.132588473105972,0.419219980456462
23302,0.282511966641443,0.21582938820846,0.392176874333048,0.109481770817049
23303,0.1836088744778,0.186879026924364,0.401953184822703,0.227558913775134
23304,0.0449427888761024,0.392258310333167,0.0844973894530069,0.478301511337724
23305,0.338557699942218,0.0466380768643911,0.0590903852706164,0.555713837922774
23306,0.394602253456624,0.388700919017089,0.0684701731948066,0.148226654331481
23307,0.138744422054143,0.320650429592521,0.182924153855486,0.35768099449785
23308,0.301960523103479,0.027742926008407,0.538030261528311,0.132266289359803
23309,0.101430523433721,0.124417602646333,0.0516548742205983,0.722496999699347
23310,0.122066115336946,0.0571811815179684,0.616240871316258,0.204511831828828
23311,0.183140462853414,0.072759312154401,0.209135188195016,0.534965036797169
23312,0.275294798736457,0.116179702948749,0.467045494578786,0.141480003736009
23313,0.0812359360101249,0.324877944957052,0.305759389164723,0.2881267298681
23314,0.462268418651159,0.0491386581478941,0.0901657201186905,0.398427203082257
23315,0.340755509684285,0.112141883736358,0.428825864118073,0.118276742461284
23316,0.352134498710311,0.110578850667578,0.220555016164834,0.316731634457277
23317,0.272398416334016,0.179909261698904,0.178592601946177,0.369099720020903
23318,0.0712524340090725,0.0758673684941554,0.421888434045496,0.430991763451276
23319,0.253006484944288,0.130180454520086,0.0301020728465193,0.586710987689106
23320,0.130092925139063,0.0824022070994792,0.200633689527901,0.586871178233557
23321,0.582225098755242,0.00596239999313535,0.277784843468681,0.134027657782942
23322,0.20471130568523,0.0845646528545804,0.334265653301743,0.376458388158447
23323,0.295538459469835,0.404554347037953,0.0205367313733655,0.279370462118847
23324,0.540820836187817,0.0702183408057376,0.15740335004485,0.231557472961595
23325,0.0427996444374413,0.343732339091695,0.380507585533947,0.232960430936917
23326,0.0609394818025759,0.117375177499011,0.111837730755304,0.709847609943109
23327,0.068410647816105,0.026874512825675,0.676659803443743,0.228055035914477
23328,0.019487448424866,0.482762216552693,0.0471938326631946,0.450556502359247
23329,0.206206065928301,0.0561228505806918,0.192772215175845,0.544898868315163
23330,0.184661747638206,0.03392410245888,0.492972892990478,0.288441256912435
23331,0.129041279011632,0.702624660295364,0.0209754079241251,0.147358652768879
23332,0.14909429936909,0.303547582046208,0.417103289114267,0.130254829470435
23333,0.594389853355402,0.0673449614877501,0.151092195263638,0.187172989893209
23334,0.386652300897941,0.186298383712613,0.149511278748466,0.277538036640981
23335,0.401440974225491,0.260838078265994,0.170529293937804,0.167191653570712
23336,0.0697864809258941,0.294373577536077,0.345828748810753,0.290011192727276
23337,0.696210446088287,0.0638057689293211,0.157486655882231,0.0824971291001603
23338,0.135039436010093,0.123204267283261,0.620397701909577,0.121358594797068
23339,0.155661532933309,0.0641668272872191,0.580239781340616,0.199931858438856
23340,0.114400327279926,0.0565924534530971,0.523936567831851,0.305070651435126
23341,0.08734827920793,0.0345467141190285,0.785972053323043,0.0921329533499989
23342,0.340977750008361,0.133506927312474,0.348877143017835,0.176638179661329
23343,0.179843934895821,0.532435325928499,0.116833585824776,0.170887153350904
23344,0.327175285354641,0.163235362350147,0.256520237262959,0.253069115032253
23345,0.160746996665351,0.219777097661921,0.250675942011513,0.368799963661215
23346,0.260118237693583,0.485867509861961,0.0778383952818266,0.176175857162629
23347,0.331250965415076,0.294586158037454,0.204700638989292,0.169462237558178
23348,0.0961434507172568,0.344414836243923,0.307067620760588,0.252374092278232
23349,0.233143216068094,0.40104482796798,0.258758820963177,0.10705313500075
23350,0.231578776428356,0.583004612928524,0.0427863561272841,0.142630254515836
23351,0.139041493108056,0.23289386506001,0.37389494349564,0.254169698336294
23352,0.111661050589809,0.188974851251011,0.432561626845382,0.266802471313798
23353,0.0667024466852573,0.347103419792076,0.224299417760563,0.361894715762103
23354,0.0580417932532669,0.629915064123369,0.0904858909747717,0.221557251648592
23355,0.194000252209893,0.450235849908604,0.0588688931045323,0.296895004776971
23356,0.283605939086775,0.0736115126683182,0.458222768955496,0.184559779289411
23357,0.0965943384762362,0.504340068358966,0.0750038596505269,0.324061733514271
23358,0.229455140221623,0.110543385879059,0.292254427161458,0.367747046737859
23359,0.262312483427079,0.0998923411457905,0.380265357177652,0.257529818249479
23360,0.329486700334582,0.431237351311895,0.102189617357475,0.137086330996048
23361,0.0470190160301807,0.090301774706219,0.57272435802346,0.28995485124014
23362,0.145575610834496,0.299831497345942,0.255842846183373,0.298750045636188
23363,0.172097918347072,0.428106417995869,0.203402503989611,0.196393159667448
23364,0.142190401457649,0.203887908094962,0.270442128427751,0.383479562019637
23365,0.276535297250238,0.267649066604026,0.298132749378352,0.157682886767384
23366,0.175977464473881,0.0374366013702742,0.5276381839696,0.258947750186245
23367,0.12490596314748,0.188654132918901,0.436423371272685,0.250016532660934
23368,0.0495819598262086,0.264243466005337,0.451624633255511,0.234549940912944
23369,0.379242696392387,0.225225627399663,0.185625738711927,0.209905937496023
23370,0.138671119597921,0.0870746453546725,0.507576376804607,0.266677858242799
23371,0.721972883224394,0.0210929343031614,0.0463418856299316,0.210592296842513
23372,0.388527905990777,0.0794785328139422,0.0337865138933247,0.498207047301956
23373,0.122053745134501,0.273305282938181,0.418634698914046,0.186006273013272
23374,0.0227857623095545,0.257906598571637,0.558692861528083,0.160614777590726
23375,0.198148651937271,0.274920594734327,0.420972985340684,0.105957767987718
23376,0.199646482835983,0.293130499964598,0.342361950520136,0.164861066679283
23377,0.155474919279789,0.230176903999865,0.47786163685415,0.136486539866196
23378,0.539420595991174,0.0466161177687109,0.203998367347506,0.209964918892609
23379,0.149854419504519,0.08450890330972,0.345564864968705,0.420071812217055
23380,0.194740493412745,0.347984288632652,0.185026882512201,0.272248335442402
23381,0.138997832748478,0.331967048394383,0.286488560862985,0.242546557994155
23382,0.0981578373018724,0.0431019926763591,0.396630659524385,0.462109510497384
23383,0.0530771536088865,0.491203169097935,0.0836848434523852,0.372034833840793
23384,0.659345544112918,0.0466844255649137,0.120537780488117,0.173432249834051
23385,0.17560388764632,0.262439325624262,0.439487208791452,0.122469577937967
23386,0.15033386375889,0.499479916118156,0.0185466998088472,0.331639520314107
23387,0.266633153977526,0.231948054012189,0.0911778915239195,0.410240900486365
23388,0.114422164970648,0.287082545452088,0.343098054449598,0.255397235127665
23389,0.0528063974716997,0.0717172191606905,0.413695187978545,0.461781195389065
23390,0.318625280072469,0.384212205534625,0.239301530635375,0.0578609837575313
23391,0.20638579044373,0.319201018914187,0.428367619019813,0.0460455716222698
23392,0.257117233530844,0.345910014990023,0.366583325369836,0.0303894261092966
23393,0.0430071589023009,0.590882799064698,0.332767644559706,0.0333423974732953
23394,0.407894515314119,0.374140886897212,0.188077351020472,0.0298872467681967
23395,0.183895234027527,0.260710853143744,0.510875852817434,0.044518060011295
23396,0.5430329730211,0.245648462233129,0.17492570893783,0.0363928558079404
23397,0.49578557361737,0.350578365291106,0.0959722339228741,0.0576638271686501
23398,0.226067842647927,0.714808534830914,0.0393298501769787,0.0197937723441809
23399,0.0799927672538404,0.761391067930999,0.126067088694656,0.0325490761205045
23400,0.564161710226257,0.107242680650201,0.268037298629681,0.060558310493861
23401,0.477001678648428,0.288297738376834,0.178317574635974,0.0563830083387637
23402,0.0839177382612384,0.595089973916386,0.291554990165282,0.0294372976570935
23403,0.360540545288456,0.216840399890055,0.373406302521672,0.0492127522998164
23404,0.0928159896599475,0.608737350486753,0.262429526798437,0.0360171330548625
23405,0.13182533571955,0.52510830744402,0.297344353214727,0.0457220036217023
23406,0.573998676759807,0.282171792418696,0.111337438194785,0.0324920926267113
23407,0.369233508450972,0.2787926808355,0.250887365731942,0.101086444981586
23408,0.503112839536463,0.269629663552143,0.18098885596212,0.0462686409492745
23409,0.286555675180188,0.306749907412569,0.280126470168581,0.126567947238662
23410,0.242855464499914,0.416064146078003,0.200331762049493,0.140748627372589
23411,0.226015106302795,0.344720597999264,0.313958652744604,0.115305642953336
23412,0.130210976383596,0.545131717433838,0.184923368804786,0.139733937377781
23413,0.257901618500121,0.291503560561837,0.332171088592748,0.118423732345294
23414,0.305659261896062,0.4084047657344,0.129149695418282,0.156786276951255
23415,0.281621231810097,0.424462895259635,0.180995023975533,0.112920848954734
23416,0.181007753687563,0.528433452339233,0.144043508959442,0.146515285013761
23417,0.402938711874796,0.155252498739783,0.298773814391493,0.143034974993927
23418,0.18362048592376,0.264459800210709,0.278276237627037,0.273643476238494
23419,0.197202213303965,0.44852433415498,0.174144973932673,0.180128478608382
23420,0.299483877841263,0.129970875728526,0.432378603601819,0.138166642828393
23421,0.332940748208874,0.300082274299931,0.115996064315597,0.250980913175599
23422,0.260093777767801,0.173349556741518,0.422654782323299,0.143901883167382
23423,0.495160317099398,0.102187337180093,0.297422263724975,0.105230081995534
23424,0.383801757595559,0.182848071014364,0.226045225412632,0.207304945977446
23425,0.374842487451747,0.348236030910606,0.139053469698253,0.137868011939394
23426,0.197884244018208,0.494024593155632,0.156699646040889,0.151391516785271
23427,0.520649277006341,0.0559247689998026,0.350057073689646,0.07336888030421
23428,0.338505738741575,0.204282380611849,0.314833253378017,0.142378627268559
23429,0.229026420689955,0.553556643099129,0.11834690668465,0.099070029526266
23430,0.275347363856033,0.252861634349897,0.355481130388709,0.11630987140536
23431,0.295721944582289,0.314321952628015,0.300616171969334,0.0893399308203627
23432,0.266927070919425,0.20074531681804,0.335875336347904,0.196452275914631
23433,0.457687770708802,0.220858278557907,0.212489028823135,0.108964921910156
23434,0.263310852142037,0.316295174744853,0.32765055791172,0.0927434152013892
23435,0.285666223555139,0.171928543055007,0.357892857431346,0.184512375958508
23436,0.287460273598748,0.309826139164052,0.216544092137943,0.186169495099257
23437,0.270259927441513,0.327145677724153,0.290855117180222,0.111739277654112
23438,0.171260728557886,0.179380920874074,0.567037204847798,0.0823211457202422
23439,0.261562539703272,0.353996922965086,0.234622643803654,0.149817893527988
23440,0.395179398419592,0.228096907517641,0.306533758018675,0.0701899360440912
23441,0.169236130087927,0.212541235279596,0.422184625519933,0.196038009112544
23442,0.351795193353089,0.30919115600498,0.213439205434018,0.125574445207913
23443,0.419947333078183,0.182164147720707,0.276681628075372,0.121206891125737
23444,0.140941692316816,0.296395763235581,0.491182170884733,0.0714803735628704
23445,0.125216762136834,0.156291638105303,0.600717794724427,0.117773805033437
23446,0.540796686084161,0.150150453720176,0.180529396986876,0.128523463208788
23447,0.240823213957997,0.0580898284927577,0.441360099757587,0.259726857791658
23448,0.138402102220785,0.262999922043592,0.108810533883729,0.489787441851894
23449,0.502201650894503,0.024047032725155,0.13863626940865,0.335115046971692
23450,0.0506059965018647,0.0927361615161458,0.436609213902604,0.420048628079385
23451,0.192180700216611,0.254911089384649,0.300501190057793,0.252407020340947
23452,0.0309483816338308,0.611996543008071,0.0252714008520817,0.331783674506017
23453,0.490358239668673,0.108345128728853,0.149379844986705,0.251916786615769
23454,0.0976487531715192,0.0909863330752213,0.0317706066762679,0.779594307076992
23455,0.286591731440478,0.0620320660415171,0.0728730393736478,0.578503163144357
23456,0.0510005880748844,0.525962725490609,0.0243942126300873,0.39864247380442
23457,0.0893135145727671,0.0372960959738123,0.206869880167979,0.666520509285441
23458,0.0106523259787264,0.425671848804954,0.29721337052124,0.266462454695079
23459,0.2859727361188,0.415663189126121,0.0314981969417748,0.266865877813305
23460,0.221134614225698,0.537242780321109,0.0424424420100246,0.199180163443168
23461,0.00687827765628652,0.260368922648659,0.423574174727564,0.309178624967491
23462,0.541865005451144,0.205403845021165,0.029266096220332,0.22346505330736
23463,0.0352274139939662,0.0811989325459511,0.509162629335315,0.374411024124768
23464,0.0598925690923251,0.0227603221370283,0.61601252655773,0.301334582212917
23465,0.248913335980068,0.407696087925809,0.06861951112242,0.274771064971703
23466,0.312836928338967,0.0748655373938951,0.0918188997092626,0.520478634557875
23467,0.0216299709981409,0.707481277039759,0.0339456086692572,0.236943143292842
23468,0.47568267278394,0.0822368025128532,0.074915159036299,0.367165365666907
23469,0.0739627652465392,0.0245325060555346,0.79157314164798,0.109931587049946
23470,0.461758084480619,0.221859848903823,0.192903336607368,0.12347873000819
23471,0.0341389437966568,0.325173583835198,0.470034087986813,0.170653384381332
23472,0.295316516792039,0.299996711851633,0.28175713184622,0.122929639510109
23473,0.172323805621379,0.087647932375825,0.528483708387493,0.211544553615303
23474,0.255246662856378,0.0765535177671129,0.330280864662247,0.337918954714262
23475,0.0665245470250766,0.602697785846912,0.0505789388466698,0.280198728281341
23476,0.129581622515232,0.684382572816157,0.0539901416728292,0.132045662995782
23477,0.395676328234482,0.0648787273721226,0.369043446951877,0.170401497441518
23478,0.224515279595969,0.390977322162523,0.179548509388122,0.204958888853386
23479,0.0519942580756297,0.172505093005553,0.268418234947183,0.507082413971634
23480,0.0232477570511812,0.463096658493038,0.347515669855012,0.166139914600768
23481,0.347379656166405,0.478080006954656,0.0594751799023301,0.115065156976609
23482,0.746399081905923,0.0293344889084133,0.0674214409296764,0.156844988255988
23483,0.120907515028197,0.319596345740415,0.265330487484865,0.294165651746523
23484,0.0230416160143409,0.287836174822524,0.616506491158916,0.0726157180042199
23485,0.265176229812891,0.464884910163822,0.0338886725575504,0.236050187465737
23486,0.0293425288021276,0.405517294241449,0.239652966298832,0.325487210657591
23487,0.29989874397283,0.413901161152316,0.0402134423739657,0.245986652500888
23488,0.173980082396356,0.552571094719829,0.0525591979430369,0.220889624940778
23489,0.303571867359779,0.0612464077442306,0.232882934709978,0.402298790186013
23490,0.1268195931398,0.0468510204333399,0.295714140822898,0.530615245603962
23491,0.0795067603800516,0.18534176626645,0.344409972966538,0.39074150038696
23492,0.0460231520910601,0.317970434059214,0.390811160402327,0.245195253447399
23493,0.092889546267034,0.100650532962345,0.121398357559963,0.685061563210658
23494,0.186522092882081,0.543651448350184,0.0434249526417609,0.226401506125974
23495,0.112155064435761,0.67061416306094,0.0472310697140648,0.169999702789234
23496,0.104211924680703,0.542705765871093,0.0245126828499476,0.328569626598256
23497,0.133047262723427,0.602787548155724,0.101158231011965,0.163006958108884
23498,0.214405579435669,0.05703206711131,0.437282553751292,0.291279799701729
23499,0.0466071773928264,0.104383663120133,0.309771342547467,0.539237816939573
23500,0.0300144999706741,0.202645891497968,0.533216912427809,0.234122696103549
23501,0.495752858411039,0.0319064758346638,0.260620734020745,0.211719931733553
23502,0.193917009490002,0.0477162291396157,0.431370039600239,0.326996721770144
23503,0.573069337982274,0.067339228084622,0.0587091180740127,0.300882315859092
23504,0.320618634278996,0.28927628902243,0.195626392299825,0.194478684398749
23505,0.0269171052887899,0.292752425699992,0.430251038034201,0.250079430977018
23506,0.456502397641947,0.0150709920189664,0.372044782890288,0.156381827448798
23507,0.654935893268368,0.145651458208452,0.0725510653622176,0.126861583160963
23508,0.04822326067878,0.0909325045808489,0.310694367945699,0.550149866794672
23509,0.322228393936344,0.26225793181319,0.0761357875955566,0.339377886654909
23510,0.289744856941375,0.0585736736704727,0.214835802365668,0.436845667022484
23511,0.230254631044307,0.072653393644835,0.0702642735266208,0.626827701784237
23512,0.657474099720848,0.192149226522763,0.0347530266446633,0.115623647111725
23513,0.0981228508553446,0.121562012118183,0.0294326344492892,0.750882502577183
23514,0.270985457237745,0.0695508107706941,0.233416342704945,0.426047389286616
23515,0.683740401158486,0.0215442253742957,0.194310667825713,0.100404705641506
23516,0.287890544544617,0.0618788794930114,0.318452815659076,0.331777760303296
23517,0.562521063749934,0.0676368137172387,0.0514964726621035,0.318345649870724
23518,0.0730436373378067,0.022784947550988,0.783494896420975,0.12067651869023
23519,0.0545962056404878,0.499719592695101,0.0608766312629918,0.384807570401419
23520,0.372092722884606,0.0559568950868734,0.117474844448609,0.454475537579912
23521,0.179989096988273,0.425848173563582,0.220923797885884,0.173238931562262
23522,0.0882884488920993,0.279780265368588,0.194898298711821,0.437032987027491
23523,0.137477289090404,0.564815225780053,0.174579651288643,0.1231278338409
23524,0.0751071397602332,0.567454677498212,0.0924367419357065,0.265001440805849
23525,0.254646318321345,0.207870931554982,0.22666294815012,0.310819801973553
23526,0.166850192210362,0.307821521727327,0.376812323861307,0.148515962201003
23527,0.180854692291246,0.261909218047746,0.339782805238064,0.217453284422944
23528,0.08636093322534,0.527525606575246,0.197283103712659,0.188830356486756
23529,0.271287432914901,0.444104901129075,0.0735731783625427,0.211034487593481
23530,0.126101702708997,0.0950043494878356,0.57085425135814,0.208039696445028
23531,0.518367484726592,0.107270833852833,0.107365325254744,0.266996356165832
23532,0.245507060416362,0.265680752948647,0.141537787551598,0.347274399083393
23533,0.304340348236864,0.181604156901965,0.228196866414407,0.285858628446764
23534,0.148251469458611,0.160065426262985,0.369303954064394,0.32237915021401
23535,0.260875322064412,0.137437489621146,0.179858707693714,0.421828480620727
23536,0.250279749180961,0.132868920109789,0.286387325727793,0.330464004981457
23537,0.25281131207734,0.246053537468641,0.117616814284675,0.383518336169344
23538,0.462308624635661,0.141047476220402,0.0401022994296473,0.356541599714289
23539,0.123318140687369,0.234070658429736,0.219128962589035,0.423482238293861
23540,0.125611341766549,0.0742365203819554,0.439450518262862,0.360701619588634
23541,0.251074104158478,0.307068327039345,0.0936244763346505,0.348233092467527
23542,0.0246970011182471,0.150249902088655,0.483501786411056,0.341551310382042
23543,0.254569485828403,0.24701635940889,0.0957845378474201,0.402629616915287
23544,0.0188503590226649,0.0827504217164619,0.770170887789682,0.128228331471192
23545,0.157003381638303,0.0302368453961786,0.0448462999463721,0.767913473019146
23546,0.0169011261712622,0.0234075736156419,0.738291154598778,0.221400145614318
23547,0.380210030979235,0.399394299507044,0.00741822624435442,0.212977443269366
23548,0.223312476598155,0.0477121175429706,0.0366870875635055,0.692288318295369
23549,0.217556675115554,0.0639695817013247,0.140197218796317,0.578276524386804
23550,0.0325211397245255,0.191012460214974,0.0907004084567194,0.685765991603781
23551,0.4865162773525,0.0891743895059842,0.228081615383268,0.196227717758248
23552,0.0131980276609711,0.488032673705439,0.447257709491098,0.0515115891424925
23553,0.0439522937815017,0.70555891589173,0.0639579777560414,0.186530812570727
23554,0.661033134400192,0.126632310914843,0.0600721818173588,0.152262372867607
23555,0.0104579512848091,0.106614800766104,0.706371382594663,0.176555865354424
23556,0.397141382979626,0.114179584558535,0.112161838208086,0.376517194253753
23557,0.0341879284278031,0.0314469671391496,0.604613036044453,0.329752068388594
23558,0.214552726016256,0.125525164418982,0.437674976293447,0.222247133271315
23559,0.19384118132411,0.0440149722450048,0.438677503687468,0.323466342743417
23560,0.0589413129730045,0.0582744564639629,0.515995112619768,0.366789117943264
23561,0.398670745355238,0.358819893655833,0.164964218074798,0.0775451429141308
23562,0.484695637802547,0.156440475295089,0.0980132800150652,0.260850606887299
23563,0.151229336546311,0.363355030273262,0.34089387095724,0.144521762223187
23564,0.070449328078462,0.550471645276745,0.257515005746655,0.121564020898137
23565,0.0914479870624467,0.0956559212013528,0.683190686076202,0.129705405659998
23566,0.389426536789856,0.326016264636349,0.0976649479713919,0.186892250602403
23567,0.25263565515121,0.373261591181234,0.144252102441598,0.229850651225958
23568,0.356789812333104,0.402412525158993,0.0596066320932826,0.181191030414621
23569,0.509040597136699,0.131579856145952,0.226073523052294,0.133306023665055
23570,0.169094898671833,0.615573510850276,0.0872184372380674,0.128113153239824
23571,0.230427391144888,0.0900671584503673,0.39057492786158,0.288930522543164
23572,0.411106873971553,0.386245496260054,0.0378764283878842,0.164771201380509
23573,0.177273171210407,0.154671666928776,0.274905036728127,0.39315012513269
23574,0.0396208919103651,0.52645034612262,0.286402397703533,0.147526364263482
23575,0.0627000759751254,0.358062762456819,0.342591334894171,0.236645826673885
23576,0.183012294198289,0.188278759709397,0.280034356775941,0.348674589316373
23577,0.681995271600638,0.0713059699346691,0.106151910464466,0.140546848000227
23578,0.253308886080257,0.24199257713709,0.0868083249066476,0.417890211876005
23579,0.06085767947609,0.531094772900451,0.16368953450921,0.244358013114249
23580,0.149413377238836,0.620544875859989,0.0362399806690747,0.1938017662321
23581,0.206656120542717,0.327398928408772,0.249608103258557,0.216336847789954
23582,0.10879749348557,0.207511085275976,0.506489074978354,0.1772023462601
23583,0.555925912596165,0.0841099161385336,0.0991155544479197,0.260848616817382
23584,0.390923138531364,0.170448925363926,0.102303549960226,0.336324386144485
23585,0.484631772062592,0.287238556047429,0.0772768107218331,0.150852861168146
23586,0.32073304935772,0.230952448687478,0.327851555717757,0.120462946237045
23587,0.164900130199182,0.139524538113762,0.343126995274223,0.352448336412834
23588,0.431540199051237,0.0854090562318948,0.250352486433904,0.232698258282964
23589,0.653795368765436,0.0782114587336169,0.0711645447327842,0.196828627768163
23590,0.213020542974215,0.165955799596704,0.319899392656,0.301124264773082
23591,0.530872989680566,0.0744345019939615,0.122025259734462,0.27266724859101
23592,0.366857534352149,0.130904259288973,0.103966890788113,0.398271315570764
23593,0.0734543623659858,0.441051397683027,0.15720366243728,0.328290577513707
23594,0.554398331149826,0.0497450378605679,0.26423986325538,0.131616767734226
23595,0.236029006485234,0.103598549627444,0.492090191255955,0.168282252631368
23596,0.0786921136200842,0.354039178363504,0.314332659801728,0.252936048214684
23597,0.386556035852767,0.0879323133047705,0.300016277147007,0.225495373695455
23598,0.661796402900339,0.0946096197373244,0.0462479673043723,0.197346010057964
23599,0.255184497330834,0.368191960489713,0.219156074876265,0.157467467303188
23600,0.202568320144151,0.463365220071906,0.204823319144442,0.129243140639502
23601,0.21451038526958,0.456128516790745,0.221600266967358,0.107760830972316
23602,0.205651490831358,0.464728746911445,0.140587219537618,0.189032542719579
23603,0.144856929547814,0.275073056327698,0.453256030037105,0.126813984087383
23604,0.289457292474152,0.567533519153246,0.0892063336554632,0.0538028547171388
23605,0.516483373889468,0.114587937717353,0.202228178283153,0.166700510110027
23606,0.293951063461372,0.435181635574868,0.151384183095473,0.119483117868287
23607,0.250025403813087,0.301316181511729,0.287275145670117,0.161383269005067
23608,0.479142335096305,0.200472318058546,0.153036868908263,0.167348477936886
23609,0.286243647697268,0.239419964348668,0.310230220425492,0.164106167528572
23610,0.238318614500048,0.444157777348957,0.244443725890809,0.0730798822601864
23611,0.137584061397219,0.163845161924397,0.587790712418062,0.110780064260322
23612,0.206393186528917,0.382176003459294,0.252187753326257,0.159243056685532
23613,0.305382480355192,0.179256556642747,0.426531017106238,0.0888299458958223
23614,0.233985376587877,0.477432441821087,0.168032636418475,0.120549545172561
23615,0.336461401947335,0.295919783227491,0.203145262434835,0.164473552390339
23616,0.333937737625439,0.203615382292924,0.37768888335898,0.084757996722657
23617,0.243437016860969,0.409008818472296,0.199111420348253,0.148442744318482
23618,0.294777030584533,0.0116442865679509,0.381395756587912,0.312182926259603
23619,0.0499634083427764,0.336814409369777,0.201211255062945,0.412010927224502
23620,0.0732580359718888,0.229106386301899,0.0176016309218034,0.680033946804409
23621,0.314434082823405,0.0860476226131478,0.0627012763865853,0.536817018176862
23622,0.224449510601388,0.398364584268434,0.0342436615993209,0.342942243530857
23623,0.0276039255586135,0.122639840822522,0.0530217237121162,0.796734509906748
23624,0.0285117345338499,0.786337377413867,0.0611541704216707,0.123996717630613
23625,0.154500357920718,0.158857860294552,0.178304806667803,0.508336975116927
23626,0.0446067132817591,0.511291891711306,0.0875983406278968,0.356503054379038
23627,0.160166465874981,0.0154590785063355,0.494480266313806,0.329894189304877
23628,0.274194644049703,0.0953898952817482,0.0283006739166171,0.602114786751931
23629,0.176943439156061,0.224379870594868,0.159338699895908,0.439337990353164
23630,0.360105364430819,0.339810284939771,0.0840509089624357,0.216033441666973
23631,0.0268164853086756,0.206202939458652,0.423505319712314,0.343475255520358
23632,0.0470561757254466,0.0309474343089075,0.295165398075263,0.626830991890383
23633,0.139473972112141,0.445470648081713,0.105589444400744,0.309465935405401
23634,0.620491134259996,0.0909686498574278,0.0076730213690738,0.280867194513502
23635,0.0250260173096415,0.322372800349001,0.083294801693659,0.569306380647698
23636,0.0449456156477734,0.383792372652497,0.226928048720626,0.344333962979104
23637,0.398738035652097,0.442026171309352,0.0872783061949288,0.071957486843622
23638,0.482698714620513,0.206039169651662,0.194122577175242,0.117139538552582
23639,0.236231989974961,0.19478840930515,0.429590632018374,0.139388968701515
23640,0.352969586451117,0.103374825386853,0.425513354051545,0.118142234110485
23641,0.132413084171726,0.460229447090227,0.276053662519393,0.131303806218653
23642,0.365311819425624,0.154853623377752,0.328269706608671,0.151564850587953
23643,0.376946223298988,0.358260059550274,0.183475096564518,0.0813186205862208
23644,0.334068487107139,0.416435751220335,0.144260059572647,0.105235702099879
23645,0.164659373864838,0.450356268304126,0.257447763785553,0.127536594045484
23646,0.294738815908354,0.380626061120909,0.223631818194222,0.101003304776516
23647,0.176318132953178,0.593905641541635,0.144660400144005,0.085115825361182
23648,0.323329355382791,0.54994455018048,0.050555344690264,0.0761707497464647
23649,0.297770276602299,0.337356738374778,0.254124998895353,0.11074798612757
23650,0.36385409625006,0.283884092223076,0.184326115640662,0.167935695886202
23651,0.227713850095891,0.49857638849505,0.183992720308597,0.0897170411004616
23652,0.131699078024318,0.352695413761201,0.446963956696906,0.0686415515175754
23653,0.193424114684408,0.14373492242792,0.521214582275192,0.14162638061248
23654,0.186783172985135,0.193351843111382,0.516530990738229,0.103333993165254
23655,0.29748438865872,0.364337810396893,0.194275711845403,0.143902089098984
23656,0.0995133728205332,0.109919623543465,0.186853495205236,0.603713508430766
23657,0.429513861657773,0.336951908590541,0.0638651549987203,0.169669074752965
23658,0.300529988577656,0.0584922636717423,0.249381184860413,0.391596562890189
23659,0.527482711322741,0.323944701853885,0.074733518184453,0.0738390686389216
23660,0.26067585777097,0.165985552914335,0.0426375185747092,0.530701070739985
23661,0.183468929762104,0.0602394249636072,0.113772224462619,0.64251942081167
23662,0.114409935132232,0.400620855704675,0.139126608282115,0.345842600880978
23663,0.2200665939279,0.161996943117682,0.23624467817581,0.381691784778608
23664,0.0632111975346462,0.298558122817037,0.11133945892009,0.526891220728226
23665,0.287302112192652,0.283601533169644,0.0360860439518384,0.393010310685866
23666,0.301319491316884,0.10872266324131,0.247996329576843,0.341961515864963
23667,0.409990415502661,0.0451097986446682,0.378728361872975,0.166171423979696
23668,0.556511276479352,0.0577341519401504,0.122225306306889,0.263529265273608
23669,0.257142076035342,0.261553636821446,0.0972199722896469,0.384084314853565
23670,0.238088962506194,0.074795528911975,0.472782539605758,0.214332968976073
23671,0.0437759856413049,0.311715459334546,0.464278919329913,0.180229635694236
23672,0.192664411644095,0.167451827080231,0.335367982512729,0.304515778762945
23673,0.265128165992328,0.504412982241551,0.0418697327979762,0.188589118968145
23674,0.0142555521860702,0.321496529276596,0.506683533509528,0.157564385027806
23675,0.0694123988558401,0.481509748306929,0.0519071791140063,0.397170673723225
23676,0.148258745177293,0.118657271856562,0.0982940079446925,0.634789975021453
23677,0.218801091035957,0.254701948217805,0.260886101469599,0.265610859276639
23678,0.459814247570021,0.0649346037528046,0.0302095504926554,0.445041598184518
23679,0.534417471681454,0.0662613139971718,0.247290301946908,0.152030912374466
23680,0.0507572886369338,0.0752655506822359,0.626576653984681,0.24740050669615
23681,0.107645526725612,0.163167393448178,0.595713963217781,0.133473116608429
23682,0.050895969940589,0.375304628351694,0.39314883851461,0.180650563193107
23683,0.316689617943884,0.0572759871439462,0.180960029106444,0.445074365805726
23684,0.0795726417880622,0.4899792356374,0.0859237108346528,0.344524411739885
23685,0.321109491651549,0.331662508575155,0.230288550608087,0.116939449165208
23686,0.0923986463707194,0.0401011624471674,0.537206876962288,0.330293314219825
23687,0.132605314916849,0.0880750121906248,0.294498978276426,0.4848206946161
23688,0.297027157323217,0.111276171675178,0.0706650696727174,0.521031601328888
23689,0.179567292597636,0.170289408991314,0.398710417824097,0.251432880586953
23690,0.332033600107544,0.247681297955616,0.035744535415032,0.384540566521808
23691,0.127251754054908,0.182334859416679,0.52174001075141,0.168673375777002
23692,0.051201910520112,0.430594339902788,0.0924508385924695,0.425752910984631
23693,0.0581055663330025,0.323045144682328,0.300620251849329,0.31822903713534
23694,0.083347543002418,0.314192355382822,0.268819774208799,0.333640327405961
23695,0.0740699499354563,0.493817670745603,0.200499811229692,0.231612568089249
23696,0.316196326863232,0.518286218012654,0.0326187428439241,0.13289871228019
23697,0.349980986421811,0.111938857075003,0.341104536793467,0.196975619709719
23698,0.157010171625826,0.314845488110566,0.276594326374528,0.25155001388908
23699,0.104964365084241,0.649237233139576,0.0876329495941166,0.158165452182067
23700,0.44330328126621,0.026208301422687,0.431943434409783,0.0985449829013193
23701,0.0519434914836962,0.487907562292168,0.227705481094099,0.232443465130037
23702,0.0936904004915513,0.166738622562429,0.602614369189623,0.136956607756397
23703,0.0855876134598609,0.581385101660155,0.173391962683716,0.159635322196269
23704,0.252160879202146,0.177965768808969,0.311097310137091,0.258776041851794
23705,0.192764253996524,0.463578989073715,0.1593519045845,0.18430485234526
23706,0.405173674125283,0.116501446540781,0.332950953414348,0.145373925919588
23707,0.178190003177768,0.545491198669111,0.0670476032371612,0.20927119491596
23708,0.121672887105823,0.536956238822588,0.136383061690121,0.204987812381468
23709,0.199338266096385,0.257387801108655,0.189740814588276,0.353533118206684
23710,0.504401367509965,0.13832978356971,0.112058854094807,0.245209994825518
23711,0.0534174112118684,0.67825147570443,0.174327488542372,0.0940036245413295
23712,0.156006289611548,0.113155019649053,0.395851104838465,0.334987585900934
23713,0.0702372153428364,0.35159334328864,0.337296339733269,0.240873101635255
23714,0.288161697372547,0.104837500922324,0.455379837042072,0.151620964663057
23715,0.333057347707906,0.0688136001623512,0.370135073700306,0.227993978429437
23716,0.420739610125041,0.177162935492551,0.148763808068505,0.253333646313903
23717,0.288725220888024,0.503817178282506,0.0597522183185575,0.147705382510912
23718,0.144569943146234,0.119325064341159,0.390493473115015,0.345611519397592
23719,0.334617080306292,0.410675776578172,0.0568057012673654,0.19790144184817
23720,0.120135990817588,0.0851302179562275,0.608705049499663,0.186028741726522
23721,0.490932011612179,0.234291479916831,0.198332739814329,0.0764437686566598
23722,0.102259750730754,0.301592018263597,0.33394101797467,0.262207213030979
23723,0.14107284470392,0.393909929579416,0.331263999720151,0.133753225996513
23724,0.253791929590811,0.443432785675487,0.0774941193242187,0.225281165409483
23725,0.308342668243818,0.0347168973869334,0.571502209656566,0.0854382247126829
23726,0.279811500390489,0.340136872970772,0.286215332901617,0.0938362937371217
23727,0.207534881364763,0.180757037322761,0.349688473962883,0.262019607349593
23728,0.17098237210775,0.29639532377886,0.205264598795264,0.327357705318126
23729,0.135879136388956,0.613198737766923,0.131810876452606,0.119111249391515
23730,0.302601843948466,0.31278609952564,0.244690674093665,0.139921382432228
23731,0.163360280834953,0.225945102428809,0.316417194060978,0.294277422675261
23732,0.448780318633346,0.273827626354046,0.116452301207494,0.160939753805114
23733,0.496160434060268,0.134108315087844,0.0970595993604477,0.27267165149144
23734,0.0893279048703521,0.11371466232303,0.570663787061505,0.226293645745113
23735,0.535171548438261,0.0822876833822805,0.17201743222358,0.210523335955879
23736,0.173933680252768,0.190618016205456,0.359655975212907,0.275792328328869
23737,0.111405835658056,0.455967314713179,0.265760452647117,0.166866396981648
23738,0.386227358001766,0.196349521426246,0.135524068853691,0.281899051718297
23739,0.241565093151664,0.242743879405448,0.179332737100064,0.336358290342823
23740,0.126195208818312,0.0629357827706557,0.728410139838309,0.0824588685727237
23741,0.110338022403035,0.171471511366644,0.493803340862264,0.224387125368058
23742,0.195829422247773,0.365599536318114,0.154595059919183,0.28397598151493
23743,0.116290257576405,0.695475951476604,0.087514603458768,0.100719187488223
23744,0.0652899832185043,0.617516989984852,0.190987662259945,0.126205364536698
23745,0.556738826677915,0.0911132493631312,0.124599621403025,0.227548302555929
23746,0.43921599696428,0.324875632411269,0.0728949620990296,0.163013408525422
23747,0.119227109779908,0.289579425796292,0.386208454309348,0.204985010114452
23748,0.263533079536587,0.497200006548113,0.120398697804659,0.118868216110641
23749,0.500088875000613,0.316581207811481,0.0751541174055513,0.108175799782355
23750,0.273527930805678,0.186013821936747,0.364759932992792,0.175698314264783
23751,0.336475607358417,0.187087239584443,0.342045118832093,0.134392034225046
23752,0.289388123092928,0.302719517578746,0.15114983459349,0.256742524734836
23753,0.201452275452743,0.233985133736785,0.220764531317502,0.34379805949297
23754,0.334585884882749,0.243074667106864,0.228795969630756,0.193543478379631
23755,0.397171793020289,0.20804747243261,0.267551016432409,0.127229718114692
23756,0.145274516866948,0.345830769667516,0.192255173384473,0.316639540081062
23757,0.302659619921918,0.355009008069878,0.111422494248011,0.230908877760193
23758,0.451188116145223,0.202888888955842,0.0864171876814249,0.25950580721751
23759,0.139001348568432,0.425696725884889,0.272259921261914,0.163042004284764
23760,0.282272110303042,0.0587790096314033,0.522526131716658,0.136422748348896
23761,0.285105051341858,0.19027243449617,0.34449478135651,0.180127732805462
23762,0.1762750954721,0.355017981765587,0.271934267371936,0.196772655390378
23763,0.474104665287746,0.269968352731898,0.106043511776601,0.149883470203755
23764,0.489474454813995,0.0893357263554015,0.221512210729451,0.199677608101153
23765,0.076060586161433,0.0926461565525536,0.525581379641098,0.305711877644915
23766,0.063305547379795,0.0705339679138436,0.79638571170316,0.0697747730032012
23767,0.352063852844007,0.245442756896113,0.249024627863932,0.153468762395948
23768,0.140376550581783,0.0999756220626039,0.320320355207959,0.439327472147654
23769,0.211306271905662,0.153774333888939,0.401731008397119,0.23318838580828
23770,0.20284958843649,0.060081084847435,0.5625618439202,0.174507482795875
23771,0.0611801660656107,0.465460529418747,0.0578239270660633,0.415535377449579
23772,0.067765871970327,0.147654385683702,0.103968245908081,0.68061149643789
23773,0.0463988994196209,0.280549522282566,0.445108038516226,0.227943539781588
23774,0.131286663752225,0.321050435861954,0.117296037406393,0.430366862979427
23775,0.531776959315881,0.127995291817302,0.0496799286415881,0.290547820225229
23776,0.268371354247696,0.0562688781980481,0.29133372325262,0.384026044301636
23777,0.287018548205824,0.266925654225046,0.29079077434025,0.155265023228881
23778,0.0795929170817096,0.440361090802027,0.0659259300470238,0.414120062069239
23779,0.500419360224661,0.291238272475003,0.12005300409046,0.088289363209876
23780,0.464708763084324,0.343930503964119,0.0359743205464973,0.15538641240506
23781,0.465066299520216,0.174276447467863,0.0467831019624179,0.313874151049503
23782,0.136899209330017,0.273471846040115,0.34518103716624,0.244447907463629
23783,0.394399399813096,0.0228066426748517,0.304606711309672,0.27818724620238
23784,0.0976092524338248,0.0535117206372203,0.51170934491459,0.337169682014364
23785,0.619425911966851,0.195967541361147,0.0239608092522435,0.160645737419759
23786,0.264194107205808,0.321609343938599,0.105518672535227,0.308677876320366
23787,0.501272570228771,0.156517620210229,0.109949349498119,0.232260460062881
23788,0.138943111262053,0.556657547857589,0.119807913429957,0.184591427450401
23789,0.655059833949751,0.0593679272523481,0.0459721883480108,0.23960005044989
23790,0.0409016186494334,0.151898730469088,0.606172312897182,0.201027337984296
23791,0.225834379196745,0.0704626407100608,0.559214883758201,0.144488096334994
23792,0.210428772725886,0.55441098041075,0.0895294056555068,0.145630841207857
23793,0.264045366529188,0.129499392004741,0.309074947893323,0.297380293572748
23794,0.332104323355306,0.207039758162135,0.159869142786351,0.300986775696208
23795,0.278474816494634,0.396560500760733,0.0827533360431106,0.242211346701522
23796,0.214025806575299,0.270744099942835,0.197843006880494,0.317387086601372
23797,0.323354636064901,0.213687219730886,0.351837121784774,0.111121022419438
23798,0.349268449619966,0.0468578892259635,0.294271051345734,0.309602609808337
23799,0.613267877643621,0.077599461426365,0.0856172456955055,0.223515415234508
23800,0.210719236382461,0.588207342371208,0.0598789825080187,0.141194438738312
23801,0.0432968453643206,0.132035311619073,0.661058071846627,0.16360977116998
23802,0.0938243809048004,0.604218399204691,0.109435579941359,0.19252163994915
23803,0.353651642887184,0.256158522845734,0.104171872084309,0.286017962182773
23804,0.294715394298507,0.110168929066466,0.382592111754225,0.212523564880802
23805,0.359181156112743,0.0553279785381365,0.445974089118576,0.139516776230544
23806,0.180173607827499,0.392863686021823,0.223800243726848,0.20316246242383
23807,0.458762666646435,0.160793652385173,0.118582792849414,0.261860888118978
23808,0.268811865652121,0.440472548392701,0.175771336391064,0.114944249564114
23809,0.258307418775054,0.38738316393086,0.23169365883475,0.122615758459336
23810,0.230291265510118,0.439615460317131,0.200239841850708,0.129853432322044
23811,0.402413369187402,0.285944819063516,0.238740752859746,0.0729010588893365
23812,0.376311085326039,0.281110729755145,0.246498049377214,0.0960801355416021
23813,0.478520126889684,0.307448846445603,0.106117465436041,0.107913561228673
23814,0.252070309758453,0.368772706460341,0.267947509423065,0.111209474358141
23815,0.243921060142465,0.190196633094528,0.355173897933134,0.210708408829873
23816,0.371690818931357,0.285129395011951,0.199695309502483,0.143484476554209
23817,0.267704493812516,0.264895597785742,0.340794698135008,0.126605210266734
23818,0.282630542148322,0.242933307460153,0.273224585226056,0.201211565165469
23819,0.191821014528765,0.478785930720775,0.240811050325196,0.0885820044252648
23820,0.311233952693711,0.267308720140235,0.294634867401011,0.126822459765044
23821,0.161681677532365,0.357512907536705,0.271840183551995,0.208965231378935
23822,0.257775091453711,0.38792674991041,0.19020219928185,0.164095959354029
23823,0.172195300062544,0.26297684951949,0.416250224137942,0.148577626280024
23824,0.217412686749685,0.525525054133182,0.163187226408015,0.0938750327091186
23825,0.418294698708403,0.279216225439975,0.211901595365871,0.090587480485751
23826,0.139811414399398,0.559705481558963,0.164623391236616,0.135859712805023
23827,0.36413174792363,0.313659906646546,0.126284957078456,0.195923388351368
23828,0.0403966328201335,0.310076447467637,0.390141445048627,0.259385474663603
23829,0.304711472207946,0.218525289014027,0.161381831893122,0.315381406884905
23830,0.0670353677198786,0.616562192670271,0.133785859480025,0.182616580129826
23831,0.228073561093512,0.17911632088324,0.433430389601448,0.1593797284218
23832,0.186008449303965,0.193939009187213,0.440445513486721,0.179607028022102
23833,0.343711512673139,0.0931015802706452,0.377341836838989,0.185845070217227
23834,0.460429571007331,0.106880610757028,0.319215657167266,0.113474161068375
23835,0.262583277495533,0.353200736465172,0.195261588503688,0.188954397535607
23836,0.373107267685773,0.0792155298217596,0.13661322956803,0.411063972924438
23837,0.0475604711865655,0.100634449342359,0.197513064344548,0.654292015126527
23838,0.586643210097205,0.150698019568946,0.0783796504942024,0.184279119839647
23839,0.657506970263304,0.0976874123185976,0.122638382579777,0.122167234838321
23840,0.351272153693073,0.0353840290850829,0.484909154337093,0.128434662884751
23841,0.485322831146785,0.111690064168586,0.231509977869674,0.171477126814955
23842,0.608804182880001,0.0525915132110035,0.096022441406725,0.242581862502271
23843,0.301596642035148,0.102966947285635,0.374973617550634,0.220462793128583
23844,0.582600170281397,0.102753131567104,0.0775612970419549,0.237085401109544
23845,0.123105370534404,0.10658450875803,0.329176933000145,0.441133187707421
23846,0.467980862116925,0.342792627511474,0.139152213971424,0.0500742964001765
23847,0.14604284905368,0.537574381492881,0.188727015169536,0.127655754283903
23848,0.0522719838100793,0.118570053464688,0.684986559086852,0.14417140363838
23849,0.315779051721179,0.177378470388887,0.339274748404585,0.167567729485349
23850,0.0649212272157757,0.185756413212032,0.645018333722461,0.104304025849732
23851,0.45082380912609,0.270132521583549,0.200379997079786,0.0786636722105743
23852,0.313991065483954,0.319296285024781,0.204795122494876,0.161917526996389
23853,0.109741772562153,0.17690545370107,0.577725168934961,0.135627604801815
23854,0.500130809022983,0.16354232486532,0.148071855780015,0.188255010331682
23855,0.308516122698783,0.295884865315318,0.147651212677969,0.247947799307931
23856,0.221573970169187,0.546249925386086,0.081535337530654,0.150640766914073
23857,0.395020881139342,0.491256166603016,0.0400978541117486,0.0736250981458932
23858,0.478943822341041,0.15707473287557,0.261524116957516,0.102457327825873
23859,0.700741935659041,0.0731409645763618,0.109078317835293,0.117038781929305
23860,0.196457224576703,0.33449254120429,0.310388369951732,0.158661864267275
23861,0.231778483226182,0.0425180625522607,0.63329059120078,0.0924128630207774
23862,0.0947640789093266,0.100685429727978,0.691081151198665,0.113469340164031
23863,0.383958869936926,0.0832249950453243,0.414751813001418,0.118064322016332
23864,0.290472222100363,0.49351284205295,0.0563628351246851,0.159652100722002
23865,0.0499683592178625,0.145186031144029,0.43194748928279,0.372898120355319
23866,0.396818051175964,0.297132893180484,0.112801253030295,0.193247802613258
23867,0.0530624846348924,0.283989436270954,0.109557430735489,0.553390648358665
23868,0.033475331904894,0.0867396393102961,0.54775462888689,0.33203039989792
23869,0.235824817826923,0.08011525526517,0.192559113935711,0.491500812972195
23870,0.118298578621005,0.0438185859345231,0.690582426551798,0.147300408892674
23871,0.0347297765674078,0.156706219427807,0.602545533477554,0.206018470527232
23872,0.0161863044765942,0.123027035557448,0.653399885711618,0.20738677425434
23873,0.117650814712891,0.313447741472378,0.391931524574621,0.17696991924011
23874,0.509019784018681,0.344915687981073,0.0382164763444532,0.107848051655794
23875,0.0144219911431163,0.590657293758791,0.280763378007224,0.114157337090868
23876,0.238311001262406,0.323950526364871,0.106216204479993,0.33152226789273
23877,0.271566876880071,0.208297796694801,0.0402120819438603,0.479923244481267
23878,0.128075571322133,0.373566376572894,0.0938993713499279,0.404458680755045
23879,0.1159573179938,0.45550175014153,0.263569136173044,0.164971795691625
23880,0.455691851204884,0.300302373304471,0.0305984969707545,0.213407278519891
23881,0.566159362767799,0.0435198557968317,0.263173533842989,0.127147247592381
23882,0.0568073576144605,0.696169310259636,0.0292543234242009,0.217769008701703
23883,0.375555292323723,0.0653383525319432,0.40867721727632,0.150429137868013
23884,0.263235942791907,0.428803401682954,0.248019865997788,0.0599407895273508
23885,0.366952478513493,0.259274703717217,0.0448024754712909,0.328970342298
23886,0.317624044651326,0.147053871171436,0.311957194238083,0.223364889939155
23887,0.394441749834471,0.181523653149596,0.132148466002221,0.291886131013713
23888,0.228667826502364,0.289555721668383,0.389387528326087,0.0923889235031659
23889,0.668555649805857,0.151612798541344,0.0563015034104711,0.123530048242327
23890,0.221309290813587,0.624294415203309,0.0276622482142817,0.126734045768823
23891,0.601137739273417,0.0563664215408351,0.116198868126798,0.226296971058949
23892,0.0946606468046293,0.467146975650727,0.186292607099518,0.251899770445126
23893,0.214451865937224,0.485382621693919,0.0506604102802799,0.249505102088577
23894,0.210943946935117,0.392997504653984,0.206025591731797,0.190032956679102
23895,0.0859466035438803,0.217232122134991,0.557011089468259,0.13981018485287
23896,0.105458799384394,0.152620609095773,0.512823142104022,0.22909744941581
23897,0.203459281274949,0.334037835200542,0.114537329597138,0.347965553927371
23898,0.154954242741855,0.625305828584872,0.0978731577781326,0.12186677089514
23899,0.247229940860693,0.316342955024832,0.147933706049913,0.288493398064562
23900,0.120139161268153,0.360413140119019,0.173046969077214,0.346400729535614
23901,0.21471448391511,0.498499977101632,0.091336772847802,0.195448766135455
23902,0.0720220729117398,0.404114461224615,0.37672421183139,0.147139254032256
23903,0.342177204941708,0.277506535313799,0.159022348824438,0.221293910920056
23904,0.175852732836799,0.329265112187358,0.320813489514871,0.174068665460971
23905,0.500704004167657,0.0611782132781348,0.309544309312713,0.128573473241494
23906,0.700777600069231,0.0516465315975102,0.0878980455042376,0.159677822829021
23907,0.204440059114908,0.245393768404983,0.34850494411067,0.201661228369439
23908,0.273188358975541,0.38793616842728,0.127320357066852,0.211555115530327
23909,0.264838636897918,0.189987425378287,0.0993942242778641,0.445779713445931
23910,0.0822329717630994,0.369424643405721,0.416258974785325,0.132083410045856
23911,0.258955185381061,0.0738975137471681,0.221852398130077,0.445294902741694
23912,0.250136611327398,0.210732724601758,0.331007529328393,0.208123134742451
23913,0.120991657983455,0.172522547247119,0.484505234118922,0.221980560650505
23914,0.0424374020130753,0.683622303512148,0.0591133783712613,0.214826916103515
23915,0.568809753823747,0.227845194839088,0.0712508721349222,0.132094179202243
23916,0.112214825363379,0.215601083688505,0.514280781891363,0.157903309056753
23917,0.146020241642518,0.532882239090727,0.162602793095845,0.15849472617091
23918,0.459265742790071,0.128198325434497,0.175147698724571,0.237388233050861
23919,0.295457591041809,0.374073240184441,0.0513541472217251,0.279115021552025
23920,0.251779666726832,0.249700154199345,0.348788585028764,0.149731594045059
23921,0.253642819424043,0.192520150779037,0.426163827771275,0.127673202025645
23922,0.139141186713221,0.233951343134939,0.471501757370322,0.155405712781519
23923,0.512868295062505,0.259707860488843,0.0834256474387334,0.143998197009919
23924,0.245938193141093,0.535916809235117,0.11381345129916,0.10433154632463
23925,0.296919145517297,0.285582907092889,0.153437771713821,0.264060175675993
23926,0.431824943173513,0.298479496174218,0.151250293518085,0.118445267134185
23927,0.183257425185,0.253495343746014,0.396868715703328,0.166378515365659
23928,0.116214665488821,0.37574571657508,0.31231160684902,0.19572801108708
23929,0.0932164233106883,0.455695996351665,0.186523825807753,0.264563754529894
23930,0.176891670102537,0.270718059728122,0.270279132793855,0.282111137375486
23931,0.215928370988542,0.486800418301159,0.179738511412208,0.117532699298091
23932,0.409159275929094,0.322745651423697,0.0863168625251528,0.181778210122055
23933,0.108151058320247,0.467822713637231,0.274338270202219,0.149687957840303
23934,0.0755895180495117,0.550561063138925,0.232045789422277,0.141803629389286
23935,0.295182190616786,0.261462540022185,0.253154647135412,0.190200622225616
23936,0.4430863543833,0.149882878264545,0.204747723060696,0.202283044291459
23937,0.126269995164423,0.275112897854332,0.421005637443014,0.177611469538232
23938,0.496150132680056,0.17181749396485,0.0727020798701925,0.259330293484902
23939,0.409321083799925,0.207160124697741,0.271073014480249,0.112445777022085
23940,0.279766276883834,0.120583654153719,0.295065817931024,0.304584251031423
23941,0.154509799717207,0.19624325248183,0.540252073315646,0.108994874485317
23942,0.60513149731122,0.0925567871275836,0.220376513415286,0.081935202145911
23943,0.156708847070838,0.495256863099619,0.25838172285743,0.0896525669721129
23944,0.287370485030252,0.1180555006739,0.487903881989572,0.106670132306276
23945,0.118085126264056,0.16514976328437,0.606896085380917,0.109869025070657
23946,0.314449016580928,0.51267969464131,0.0772539409439223,0.0956173478338396
23947,0.192178277937444,0.380749053635376,0.278011873220367,0.149060795206812
23948,0.254605184384737,0.231578305388582,0.409675074743298,0.104141435483384
23949,0.249541884972909,0.32115270923666,0.177750657468963,0.251554748321468
23950,0.0685965291135065,0.61709165627512,0.228194625017073,0.0861171895943009
23951,0.366277859748635,0.158313082637219,0.328865959799775,0.14654309781437
23952,0.323922476770836,0.259771584761281,0.273532682352185,0.142773256115699
23953,0.647160501775057,0.112435919009665,0.124598399751253,0.115805179464025
23954,0.345850179264579,0.192015685067493,0.36826351305021,0.0938706226177192
23955,0.223676650758469,0.302982314988824,0.282889635378174,0.190451398874533
23956,0.175421316915948,0.390466773563528,0.32407074630798,0.110041163212544
23957,0.166631491584508,0.533277642739362,0.177026345373078,0.123064520303053
23958,0.210941511885687,0.561649547972653,0.103287998716912,0.124120941424748
23959,0.289350994587741,0.278930555113563,0.285265941316847,0.146452508981849
23960,0.201866530879134,0.176173897974884,0.293388127678661,0.328571443467322
23961,0.638480328706099,0.183579954802065,0.0245485311538827,0.153391185337954
23962,0.0765248313750786,0.434954848216813,0.279921000002692,0.208599320405417
23963,0.245152575910392,0.345947895370232,0.11367288490349,0.295226643815886
23964,0.0479643524376369,0.505869725977106,0.293441900274048,0.152724021311209
23965,0.252330472114825,0.155072845219388,0.433909168508588,0.158687514157199
23966,0.16412358061947,0.0759772333169198,0.466645048887239,0.293254137176372
23967,0.483935938409908,0.170230197861376,0.1321834616154,0.213650402113316
23968,0.33261788098322,0.250862661755463,0.253706980960479,0.162812476300839
23969,0.527017092427828,0.0767314803239987,0.114166150584766,0.282085276663407
23970,0.71952223385612,0.0596181502508018,0.0600899731891483,0.16076964270393
23971,0.100151260334914,0.224111739931498,0.455139341503787,0.220597658229801
23972,0.345358560085448,0.136167841606569,0.348930480323346,0.169543117984637
23973,0.307574703094787,0.395730364717922,0.16215181368714,0.134543118500151
23974,0.0652775206758215,0.109270004125546,0.632627190408712,0.19282528478992
23975,0.2953753981834,0.548622904263912,0.0461095492066275,0.10989214834606
23976,0.230476150745061,0.384483311902758,0.219068325606094,0.165972211746087
23977,0.075328096607113,0.33226757013092,0.41491931222791,0.177485021034057
23978,0.142083320508341,0.123336625410856,0.241691373389112,0.492888680691691
23979,0.332693025233452,0.183320623051905,0.133114880616388,0.350871471098255
23980,0.105110201240887,0.624348889794765,0.1139917842717,0.156549124692648
23981,0.0641959702754949,0.269877196574938,0.532443583154277,0.13348324999529
23982,0.164476999862492,0.0504348743508187,0.578410315207086,0.206677810579603
23983,0.234676381603687,0.314563022062785,0.19123481033347,0.259525786000058
23984,0.233806090734322,0.438451560975363,0.133056233246311,0.194686115044004
23985,0.197250233379218,0.117856295566412,0.18655965557964,0.49833381547473
23986,0.475527455971665,0.301481714839512,0.0959543800690262,0.127036449119797
23987,0.272798252382225,0.428529303131571,0.109753566216719,0.188918878269486
23988,0.209066904905138,0.332325146756626,0.368273644160669,0.0903343041775683
23989,0.0964573902814213,0.203279602957833,0.516825726864653,0.183437279896092
23990,0.168101322800325,0.537716902619379,0.158655208508543,0.135526566071753
23991,0.0690439912890267,0.20248825901787,0.337070182134786,0.391397567558317
23992,0.123565087543687,0.563802266653467,0.167535836006468,0.145096809796377
23993,0.156091761546524,0.251388894542516,0.453580597849058,0.138938746061902
23994,0.0986138691715127,0.398048707708248,0.206654978133659,0.296682444986581
23995,0.0498013538558684,0.251557381421279,0.481582171960378,0.217059092762475
23996,0.065629395130527,0.242390254194323,0.584404972633499,0.107575378041652
23997,0.366265498433404,0.13535039292596,0.305354085616417,0.19303002302422
23998,0.156117357118745,0.245712678075877,0.323472084624732,0.274697880180646
23999,0.460918142616911,0.1296464050919,0.0943268294383657,0.315108622852823
24000,0.354129218849983,0.425519804828937,0.070132150405521,0.15021882591556
24001,0.50685217460681,0.376149359312922,0.0253575366277906,0.091640929452478
24002,0.363893694606199,0.413059669643598,0.0352875142039475,0.187759121546256
24003,0.169531191899084,0.635931359311942,0.0257139653877714,0.168823483401203
24004,0.113095512186299,0.0660566890229832,0.53141202774036,0.289435771050359
24005,0.183566562138315,0.662490623469294,0.0467890271928385,0.107153787199552
24006,0.182686593787511,0.315723763304891,0.395222776130071,0.106366866777527
24007,0.135244057111712,0.403732499177152,0.134091409908889,0.326932033802247
24008,0.0416043648098401,0.79213887623764,0.0651045817956478,0.101152177156872
24009,0.455049459263152,0.0661243916969861,0.189049371313389,0.289776777726473
24010,0.643713090869093,0.148593718011031,0.117301855569286,0.0903913355505903
24011,0.0274295260916696,0.792803448855576,0.0372460269289492,0.142520998123805
24012,0.0932225623969109,0.110207789199066,0.616382635065794,0.180187013338229
24013,0.0510246129806265,0.0940182190412581,0.630208406185879,0.224748761792237
24014,0.224297901031207,0.0796871991548758,0.57850047984724,0.117514419966677
24015,0.0335909012465069,0.59443963759527,0.20711725042799,0.164852210730233
24016,0.190784034898082,0.514634894484265,0.0523577232039969,0.242223347413656
24017,0.398073233333071,0.33078961352415,0.164716976197446,0.106420176945333
24018,0.44732334147,0.0762281749457144,0.0560270597743796,0.420421423809906
24019,0.104937421796972,0.346991268725256,0.325541651907663,0.222529657570108
24020,0.0458187445577281,0.53366358224808,0.230495206485573,0.190022466708619
24021,0.0615414235675407,0.0594335934919054,0.685332943375901,0.193692039564653
24022,0.384479967834665,0.253318945555165,0.064687536771525,0.297513549838644
24023,0.206217134652785,0.387135660607113,0.0789925206391804,0.327654684100921
24024,0.32456153895249,0.396487367949133,0.0335845591785642,0.245366533919813
24025,0.523036439452943,0.0906990317162478,0.198007990302866,0.188256538527944
24026,0.157650236826793,0.621609011140162,0.0429325187758234,0.177808233257222
24027,0.161741306032488,0.0538898271475802,0.296937098645309,0.487431768174623
24028,0.350284327734164,0.386078760406091,0.0184553459615934,0.245181565898151
24029,0.108735337273269,0.0808708382363757,0.182634847271384,0.627758977218971
24030,0.0202818051807453,0.510417820205971,0.25637271680369,0.212927657809595
24031,0.0334550758077468,0.308455593170371,0.272481241376684,0.385608089645198
24032,0.128696054394011,0.0962040308330036,0.231016392539082,0.544083522233903
24033,0.695105969232492,0.0354271515721216,0.0725823767738186,0.196884502421568
24034,0.180158421005796,0.115462219785634,0.0448613657151607,0.659517993493409
24035,0.0325339996797574,0.496485870939192,0.102657219403953,0.368322909977098
24036,0.326538611916574,0.100275619054741,0.443171112229273,0.130014656799412
24037,0.262366034895101,0.520745002584542,0.138864445129412,0.0780245173909446
24038,0.27705826765281,0.214647225582345,0.361047870543063,0.147246636221781
24039,0.412707379225537,0.394351374889474,0.0665932596245232,0.126347986260465
24040,0.138913845620607,0.199743592755538,0.472341069547502,0.189001492076353
24041,0.270837439994609,0.442408176417243,0.150923032744613,0.135831350843534
24042,0.101445567217131,0.393726488618313,0.348344246851655,0.156483697312901
24043,0.314155009785429,0.364440839650547,0.153006261529784,0.16839788903424
24044,0.259815665799511,0.373511154531298,0.248459742205247,0.118213437463945
24045,0.38866249841151,0.175414468848694,0.26377771508009,0.172145317659706
24046,0.22339843209347,0.266536740213268,0.408352414080161,0.101712413613101
24047,0.444119172856932,0.0453529561642659,0.419722625294092,0.0908052456847096
24048,0.208930548134545,0.307171058504813,0.318574695674074,0.165323697686568
24049,0.3430669989834,0.210651524368843,0.288622432250124,0.157659044397634
24050,0.22084949070909,0.153249154931681,0.42592863808742,0.199972716271809
24051,0.167005448381012,0.437450497365023,0.206079262020155,0.189464792233811
24052,0.59859151232686,0.119170543454297,0.179277603555429,0.102960340663414
24053,0.364197943477175,0.094131439764576,0.409428938107219,0.132241678651031
24054,0.3637628617934,0.223453730075724,0.223370672770596,0.18941273536028
24055,0.32982486872939,0.359156316904595,0.122961735818027,0.188057078547988
24056,0.269919138288772,0.457351288557621,0.144285052505365,0.128444520648243
24057,0.226073660809873,0.18259480116212,0.243941080655027,0.34739045737298
24058,0.0916205944918862,0.28758760260156,0.351407938317685,0.269383864588869
24059,0.27100744758762,0.483571206086965,0.0670811131149625,0.178340233210453
24060,0.412795540697884,0.214496376090149,0.0981392048690319,0.274568878342936
24061,0.12906399728427,0.384272182354273,0.25281746386533,0.233846356496127
24062,0.330712541764836,0.131499161564938,0.326182215841313,0.211606080828914
24063,0.0982756098575973,0.49924469332732,0.309680553697292,0.0927991431177906
24064,0.513167597885786,0.149989199310555,0.236648832277767,0.100194370525892
24065,0.135379875671673,0.180056294169994,0.475627955339106,0.208935874819227
24066,0.322321983956369,0.432990210372541,0.0748859533877709,0.169801852283319
24067,0.251193812069484,0.361047391892561,0.176639525100912,0.211119270937043
24068,0.469698467473349,0.149621082938236,0.195374891659048,0.185305557929367
24069,0.278116467215098,0.121778418071691,0.2251012644086,0.375003850304611
24070,0.402075811604021,0.281318611360818,0.130717688071252,0.18588788896391
24071,0.154413560433267,0.118280231545082,0.342654259650609,0.384651948371042
24072,0.107414840099209,0.28277942702348,0.15905675662383,0.450748976253481
24073,0.330336764738522,0.162030538773799,0.257262302670518,0.250370393817161
24074,0.50107866802787,0.172652930840515,0.1242814159521,0.201986985179515
24075,0.327057012507215,0.0451954954631878,0.342397253441746,0.285350238587851
24076,0.113183936779252,0.546682697067435,0.173503414720575,0.166629951432738
24077,0.449146477608219,0.343576293805673,0.0672515500417352,0.140025678544372
24078,0.414820585953341,0.289211100875001,0.0613413518476296,0.234626961324029
24079,0.332423871916611,0.264563174679406,0.0445275156545344,0.358485437749449
24080,0.585485003330951,0.0985054408965723,0.0399775626834678,0.276031993089009
24081,0.138343188634041,0.163340781318897,0.180108857293773,0.518207172753289
24082,0.133332501465926,0.411658343056155,0.344256057707819,0.1107530977701
24083,0.324118209931094,0.26964192110259,0.0214019320603237,0.384837936905992
24084,0.423573779996837,0.328185460219545,0.0373953352741197,0.210845424509498
24085,0.435653123979042,0.0474404192186024,0.0245591857566403,0.492347271045715
24086,0.28976129567694,0.23064253080813,0.223257964931582,0.256338208583348
24087,0.246606314394078,0.311502705724483,0.194658131890274,0.247232847991165
24088,0.0308712609355991,0.0308221193595017,0.749821573098113,0.188485046606786
24089,0.260842971377421,0.547566796523601,0.0330679842835766,0.158522247815402
24090,0.0583137008069895,0.0529278970296992,0.344746665815518,0.544011736347793
24091,0.213301742287107,0.239440277949412,0.387287193820058,0.159970785943424
24092,0.409141048364249,0.0719912032178623,0.0987596522377704,0.420108096180118
24093,0.382965641344127,0.311114883947597,0.0888080281557354,0.21711144655254
24094,0.0476405411571877,0.711305824398232,0.150768429495438,0.0902852049491424
24095,0.264262674139799,0.0338046782147576,0.509352471804358,0.192580175841085
24096,0.138009372453296,0.475034183032918,0.0848259851514836,0.302130459362302
24097,0.0522709554986678,0.102058538232159,0.601757185352014,0.24391332091716
24098,0.707005754905506,0.0604926127147734,0.0450061726437657,0.187495459735955
24099,0.18928013200656,0.422346164695021,0.146069406275827,0.242304297022592
24100,0.4285760342916,0.367310343177628,0.0234515201804632,0.180662102350309
24101,0.154172486102519,0.277863068069585,0.158408021147627,0.409556424680269
24102,0.218465642004729,0.104027007461856,0.460074757481923,0.217432593051492
24103,0.0667431870679626,0.550143027008901,0.227350196470045,0.155763589453092
24104,0.558280849177987,0.052558433686083,0.200986017484361,0.18817469965157
24105,0.503928642199802,0.0599741555859597,0.132177519206446,0.303919683007792
24106,0.0258364326112594,0.738251271189196,0.0919159072505221,0.143996388949022
24107,0.213302115572329,0.0924419335344606,0.277548435974732,0.416707514918479
24108,0.156962411234837,0.0473968166622248,0.558748321884125,0.236892450218813
24109,0.426215828009697,0.176722440748731,0.0850166085370993,0.312045122704472
24110,0.332313914687739,0.198485532983085,0.193770422969662,0.275430129359514
24111,0.104620937254927,0.207716334993404,0.0723309083285185,0.615331819423151
24112,0.228856702658055,0.103287765674928,0.164210700137825,0.503644831529193
24113,0.059412989109996,0.542776028812816,0.26718263516238,0.130628346914809
24114,0.1753129849152,0.137135713399231,0.415021476229952,0.272529825455617
24115,0.0287571347871019,0.613476775941605,0.201225786849153,0.15654030242214
24116,0.306861912727711,0.0664009211702074,0.476987031167883,0.149750134934199
24117,0.54587898765997,0.19012318114658,0.0811756504388548,0.182822180754595
24118,0.12764281302921,0.224474149522722,0.472453992301145,0.175429045146922
24119,0.162713528083311,0.631375245059886,0.0482189153994029,0.1576923114574
24120,0.0705812261845891,0.63387100801755,0.0919844620584595,0.203563303739402
24121,0.642782819753186,0.0969690647492397,0.127749867228094,0.13249824826948
24122,0.042847848202662,0.276575035839284,0.496326181146876,0.184250934811178
24123,0.205982480796757,0.123685988941451,0.178928975379393,0.491402554882398
24124,0.184360368002676,0.466806436486831,0.100922206425375,0.247910989085117
24125,0.0470440888761931,0.0478801157987051,0.739847157801848,0.165228637523253
24126,0.0630023269100234,0.450476804144396,0.335116812136381,0.151404056809199
24127,0.287840204216285,0.349221560845268,0.213796733466262,0.149141501472185
24128,0.332465863716321,0.124096051121799,0.0551750142022364,0.488263070959644
24129,0.319312342668084,0.26008023876069,0.211926211211615,0.208681207359611
24130,0.355299613855286,0.27839364704268,0.0382309996864065,0.328075739415628
24131,0.127328863994714,0.430622820071466,0.297246441406284,0.144801874527536
24132,0.167990239803998,0.688736219353237,0.0529765377586283,0.0902970030841363
24133,0.243183716731563,0.297336168495144,0.345826955374974,0.113653159398319
24134,0.374317100815279,0.299029288623209,0.234079247712232,0.0925743628492805
24135,0.188427812993559,0.165926081000257,0.522711950493765,0.122934155512418
24136,0.209963413800346,0.199695684806678,0.469632041726098,0.120708859666878
24137,0.102271399213502,0.773526175271688,0.0467430317144304,0.0774593938003803
24138,0.603740437657923,0.142786315934042,0.0900627101474555,0.163410536260579
24139,0.353741501405268,0.139831116129187,0.404675952987727,0.101751429477818
24140,0.46821720687923,0.263625661935728,0.168300915687776,0.0998562154972651
24141,0.180453719180904,0.496452357909894,0.146230437259022,0.17686348565018
24142,0.152731092703227,0.254039522140585,0.436728026686726,0.156501358469462
24143,0.319880802132763,0.361257464203119,0.233915810117543,0.084945923546574
24144,0.310019630110594,0.357760572696248,0.173215277097276,0.159004520095882
24145,0.118032733670028,0.429829061147226,0.33966283076862,0.112475374414126
24146,0.072352776641629,0.263042966640017,0.47923657927365,0.185367677444705
24147,0.236026281283281,0.481164899809607,0.18220432537314,0.100604493533972
24148,0.374447479743812,0.317128238619986,0.0907086907311969,0.217715590905005
24149,0.0974723487252143,0.230940008891817,0.579015150819814,0.0925724915631548
24150,0.409619350637779,0.294404691238542,0.129478011793727,0.166497946329952
24151,0.266329223224468,0.317395758461141,0.274506488562245,0.141768529752146
24152,0.0331504051943868,0.582828555662651,0.212514551308254,0.171506487834708
24153,0.0637611699577462,0.0944547443778579,0.570977555636371,0.270806530028025
24154,0.166706073055812,0.107037530908841,0.573862960533674,0.152393435501673
24155,0.0376328192872355,0.182761806328624,0.568141063323087,0.211464311061054
24156,0.0374473881422898,0.313019680850855,0.447801291712985,0.201731639293871
24157,0.103877221962332,0.279106892705249,0.111948750165753,0.505067135166666
24158,0.562405582150655,0.173271721461192,0.158814072038042,0.105508624350111
24159,0.187786084972688,0.301398119477052,0.229127529311037,0.281688266239223
24160,0.367199504847862,0.193514517818375,0.108489312660082,0.33079666467368
24161,0.157291948853416,0.537834776134628,0.166530021409799,0.138343253602157
24162,0.406344773410344,0.27494671669761,0.0620259283790899,0.256682581512956
24163,0.126751906547793,0.341514689508931,0.360605776695222,0.171127627248055
24164,0.276658987694187,0.355702884238159,0.286992469096943,0.0806456589707111
24165,0.124061872763891,0.208292997368459,0.138179502611947,0.529465627255704
24166,0.073066580969661,0.222548280865306,0.345502379138774,0.358882759026259
24167,0.0291512904025705,0.356698057302884,0.455439822553913,0.158710829740633
24168,0.593072828185234,0.0423440689211098,0.161575672478272,0.203007430415384
24169,0.27582053438841,0.246820637315467,0.355328331620786,0.122030496675337
24170,0.0901829808233023,0.193693926972155,0.602833266447169,0.113289825757374
24171,0.129664223357346,0.386439133232256,0.353714195797325,0.130182447613073
24172,0.226564185203584,0.224061959996055,0.34220159559271,0.207172259207651
24173,0.177075499154901,0.421635345148038,0.237175582998378,0.164113572698683
24174,0.120758228422372,0.646134628077578,0.138196424119572,0.0949107193804782
24175,0.354653340351331,0.313716058585415,0.178708428584613,0.152922172478641
24176,0.235800139745625,0.161563844451667,0.462461676111185,0.140174339691523
24177,0.441458934945959,0.326184789632901,0.119441020332828,0.112915255088311
24178,0.364614235998763,0.199582105557088,0.275402064660593,0.160401593783557
24179,0.109328817710975,0.503898341676158,0.304727769085643,0.0820450715272236
24180,0.464491744160607,0.156179313750075,0.229928959880168,0.14939998220915
24181,0.105585795613774,0.423613112446282,0.24099246582463,0.229808626115314
24182,0.172228689819554,0.327950706650553,0.384505768938019,0.115314834591874
24183,0.357210950796104,0.314051487199873,0.23804014897595,0.0906974130280732
24184,0.195880603731055,0.45456500063718,0.256252744889727,0.0933016507420383
24185,0.177703588192243,0.351560344203279,0.32485494289998,0.145881124704499
24186,0.13576300327447,0.522461093904818,0.177025822665092,0.16475008015562
24187,0.360719954419516,0.262918932830273,0.172633471062943,0.203727641687268
24188,0.0761649052776945,0.422323507305121,0.39936882269917,0.102142764718014
24189,0.119955493123456,0.345724156301166,0.397092481243846,0.137227869331533
24190,0.117825809779724,0.239308896719602,0.528713097715287,0.114152195785387
24191,0.0861822021484687,0.132052737355181,0.669801763722622,0.111963296773728
24192,0.430555564690167,0.217821591119567,0.185039579228106,0.16658326496216
24193,0.234682903362762,0.14077068981401,0.540426598190303,0.0841198086329253
24194,0.177868168150958,0.575714986926713,0.0930932865995152,0.153323558322814
24195,0.526896051866032,0.0871925440843168,0.243815832859942,0.14209557118971
24196,0.76295450753002,0.0641798629425844,0.101050288239348,0.0718153412880476
24197,0.0875436542528803,0.410651574340244,0.247256754609128,0.254548016797747
24198,0.659435923561078,0.115784734667642,0.108676285080266,0.116103056691014
24199,0.287185564128707,0.464471420728733,0.132030627971673,0.116312387170886
24200,0.457689674538905,0.134651161687324,0.205877863497718,0.201781300276053
24201,0.464674961034786,0.295823982773458,0.179163314074706,0.0603377421170505
24202,0.14265663365248,0.122592033050099,0.654037272495084,0.0807140608023375
24203,0.465636647288177,0.267995707805014,0.185809875839087,0.0805577690677219
24204,0.062282788488471,0.682821890175086,0.150862360418317,0.104032960918126
24205,0.362208916181374,0.431827409390659,0.118385757751898,0.0875779166760694
24206,0.159087498787114,0.133102794877724,0.622142402978965,0.0856673033561969
24207,0.586237360655265,0.064840600029431,0.150370511555828,0.198551527759476
24208,0.208050454220308,0.52121840073011,0.0703699628276159,0.200361182221967
24209,0.119176985648024,0.290378837868293,0.395260050587643,0.19518412589604
24210,0.18445934485688,0.0741382717442476,0.334651777159852,0.406750606239021
24211,0.057680515530905,0.110271465161522,0.343139347458045,0.488908671849528
24212,0.341829294823259,0.0580237006564534,0.10879458918628,0.491352415334007
24213,0.027154748560518,0.104232890089729,0.573790307767698,0.294822053582055
24214,0.14807119458545,0.0475753822579213,0.329413635815921,0.474939787340707
24215,0.0898171356797402,0.0867413024373852,0.546803067874967,0.276638494007908
24216,0.147169204409033,0.163792510333881,0.333540212548824,0.355498072708263
24217,0.141785277053194,0.477554387978823,0.0475397259786238,0.33312060898936
24218,0.118437854698985,0.0529344052410947,0.392718625110399,0.435909114949521
24219,0.374825849088549,0.0986512949704138,0.319825406723984,0.206697449217053
24220,0.257709123207227,0.234201096539409,0.13960927370571,0.368480506547655
24221,0.298608006648374,0.393285682897832,0.186310254730021,0.121796055723774
24222,0.570237593749285,0.143228122938705,0.126147794419088,0.160386488892922
24223,0.436118876452101,0.0978628214907513,0.0801008306935843,0.385917471363563
24224,0.0982563604125447,0.074012935302688,0.421016719110505,0.406713985174262
24225,0.275882332559459,0.320267406521875,0.143858820693443,0.259991440225223
24226,0.375520375442499,0.167375376165621,0.316879353531472,0.140224894860408
24227,0.311366558422901,0.295513970607178,0.301563062720914,0.0915564082490069
24228,0.321375581886399,0.388354181447884,0.15933787338302,0.130932363282697
24229,0.247148376375021,0.460255913908248,0.187845861178845,0.104749848537886
24230,0.165545517437185,0.503014295095951,0.191704459570978,0.139735727895886
24231,0.294886250423142,0.262856146066564,0.304465255214006,0.137792348296287
24232,0.205644831522586,0.366157396370728,0.294409389070449,0.133788383036237
24233,0.346277084985889,0.393828315104539,0.167268685850156,0.0926259140594158
24234,0.327871006320709,0.326765395123871,0.280906392940529,0.0644572056148914
24235,0.44668704511322,0.242413588295242,0.182769453052462,0.128129913539076
24236,0.175724849692099,0.281975023956205,0.444421378738334,0.0978787476133623
24237,0.54266180063539,0.0761125947576389,0.283880771507485,0.0973448330994859
24238,0.0913902258126899,0.309362778146577,0.499788977757093,0.0994580182836403
24239,0.24539394441304,0.384923248535958,0.251885674382863,0.117797132668138
24240,0.229434649095876,0.453342904803146,0.217600554378812,0.099621891722166
24241,0.161263440271923,0.277507119010535,0.390628041611401,0.170601399106141
24242,0.255684683048698,0.277403773211258,0.39120593047972,0.0757056132603251
24243,0.203098981628381,0.479298988400665,0.180291898654392,0.137310131316562
24244,0.304580213407751,0.240189365106678,0.3646206274066,0.0906097940789704
24245,0.248456781327154,0.359350370921329,0.320828834377011,0.0713640133745056
24246,0.182876218003137,0.365752350797474,0.368741555399444,0.082629875799945
24247,0.3204844272615,0.272004965265701,0.307015587837054,0.100495019635745
24248,0.335293501167737,0.121227046938355,0.426852892869116,0.116626559024792
24249,0.379970566216489,0.341014237627306,0.173567794518161,0.105447401638043
24250,0.237356700696553,0.390590306953227,0.224941546101862,0.147111446248358
24251,0.283800101890551,0.356131205531254,0.246435495412186,0.113633197166009
24252,0.258846926500755,0.419987199544263,0.217765707034432,0.103400166920551
24253,0.176093771305381,0.279294440420935,0.456368467301481,0.0882433209722029
24254,0.135319519336694,0.248619288214418,0.472961692820839,0.143099499628049
24255,0.155308167641714,0.420968800657569,0.305520248464658,0.118202783236059
24256,0.360950032539595,0.352083528153994,0.181117057301503,0.105849382004907
24257,0.278818584199353,0.3413752435406,0.308854489907112,0.0709516823529344
24258,0.276500944398703,0.517834567378957,0.116646863255085,0.0890176249672545
24259,0.28318395347678,0.241097706396749,0.35188101147413,0.123837328652341
24260,0.18263904972878,0.393212433427585,0.334975500964021,0.0891730158796137
24261,0.477348026780318,0.172404234902743,0.232022863158339,0.1182248751586
24262,0.350006832375429,0.201422346614007,0.337288279697592,0.111282541312972
24263,0.259519476343543,0.298858522821823,0.323841745399714,0.117780255434921
24264,0.137039359808905,0.678452209315044,0.146198804381146,0.0383096264949056
24265,0.488455969125967,0.43998381130796,0.0371794828335709,0.0343807367325018
24266,0.131541982598238,0.185154310553821,0.547022175587546,0.136281531260395
24267,0.364312443132975,0.472257667161376,0.12556963897209,0.037860250733559
24268,0.356837861592719,0.28321499751054,0.298417669136119,0.0615294717606222
24269,0.106640735014822,0.684214238328132,0.170232461271613,0.0389125653854341
24270,0.25319486187829,0.584408871873049,0.13044745059099,0.0319488156576705
24271,0.141525499873673,0.47844641483187,0.33294240436976,0.0470856809246968
24272,0.140821771345426,0.565430677075397,0.239464058629813,0.0542834929493645
24273,0.52731591076738,0.25444429242206,0.163505336260316,0.0547344605502443
24274,0.257018624978577,0.063376702682817,0.618720189779709,0.0608844825588971
24275,0.129167489011078,0.317583381312008,0.442113594104322,0.111135535572592
24276,0.777367920263701,0.0792193744627219,0.109235294764165,0.0341774105094129
24277,0.19705596034382,0.550619247321767,0.229688422985455,0.0226363693489579
24278,0.275352784247859,0.531477960459906,0.128638309718699,0.0645309455735359
24279,0.484228439785748,0.158113571720946,0.289753545782986,0.0679044427103189
24280,0.13328788056317,0.158746153852306,0.661920341339205,0.0460456242453199
24281,0.699047765482732,0.207867679358412,0.0476200110350574,0.045464544123798
24282,0.272212288402895,0.359645575654605,0.266440707921564,0.101701428020936
24283,0.203833449983688,0.429557519114536,0.140547666353075,0.226061364548701
24284,0.168737235919124,0.15477383034218,0.517825515670586,0.15866341806811
24285,0.0370223391164736,0.554373308163874,0.139437450552999,0.269166902166654
24286,0.168138321202909,0.0971168509300691,0.578442020838036,0.156302807028986
24287,0.189106204318168,0.483186459503474,0.045158353416118,0.28254898276224
24288,0.0697851491128857,0.53698396209541,0.191839640429974,0.20139124836173
24289,0.0718044303648245,0.401173100288883,0.314721659744389,0.212300809601904
24290,0.193680205301998,0.342114856706037,0.18538188471103,0.278823053280935
24291,0.341573004883603,0.13310185302819,0.249139719748322,0.276185422339885
24292,0.149410064597531,0.135623417739456,0.48583320183,0.229133315833013
24293,0.346917147524096,0.227930121140488,0.317427012693542,0.107725718641874
24294,0.23847214083327,0.504638315440155,0.0820294820238286,0.174860061702747
24295,0.156676846746076,0.278797340334412,0.32427595850336,0.240249854416151
24296,0.261314046712102,0.346890273687155,0.0859352078262849,0.305860471774458
24297,0.394119925896181,0.188605623941082,0.124458075299356,0.292816374863381
24298,0.274769156960376,0.399183043448023,0.186487170520537,0.139560629071063
24299,0.248904899331444,0.195193997916948,0.150792019720918,0.405109083030689
24300,0.289870091802507,0.206788485573945,0.241020304463177,0.262321118160371
24301,0.283934999620023,0.112791374089834,0.27393986443211,0.329333761858033
24302,0.436246287729908,0.187370318405835,0.200420203261195,0.175963190603062
24303,0.356414999168435,0.332655332827014,0.0707156724804514,0.2402139955241
24304,0.195223460136855,0.115986169901013,0.340597111522841,0.348193258439291
24305,0.231732030031536,0.430639845608859,0.0877877999196063,0.249840324439998
24306,0.233361922941963,0.112084421753864,0.209345652365218,0.445208002938956
24307,0.57885073884572,0.149483336536223,0.0942334258989326,0.177432498719124
24308,0.338740809871719,0.0914031939441694,0.369810935725578,0.200045060458534
24309,0.0569090509950206,0.299654072742056,0.422727109801843,0.220709766461081
24310,0.186151543579607,0.449498633935823,0.216592711520163,0.147757110964407
24311,0.200546808232193,0.214474140625374,0.30898541610805,0.275993635034383
24312,0.430441436982131,0.136528738028222,0.167218386359328,0.265811438630319
24313,0.464481969992175,0.20559463228952,0.0813910551218344,0.248532342596471
24314,0.0405238599409419,0.690352874392636,0.0535021222523138,0.215621143414108
24315,0.293989618848838,0.328308513580963,0.184690378723116,0.193011488847084
24316,0.49700318319069,0.150787427489426,0.109099253135137,0.243110136184747
24317,0.224524185753245,0.476932453193063,0.0904161268816542,0.208127234172038
24318,0.105391360730366,0.0982162402687354,0.573448996001154,0.222943402999745
24319,0.554537449348195,0.150304645530233,0.208015173520009,0.0871427316015636
24320,0.0833700170383488,0.1761820546051,0.261819977265415,0.478627951091136
24321,0.483880373934722,0.133638270874465,0.0473714308834921,0.33510992430732
24322,0.526959540956758,0.208259899374891,0.0951062084073146,0.169674351261037
24323,0.0963240315406823,0.0505439707649315,0.69233697297444,0.160795024719947
24324,0.185968539075712,0.100173486242333,0.415962947513423,0.297895027168532
24325,0.375165468708459,0.175086707712313,0.0732209216156,0.376526901963628
24326,0.11115886637285,0.144933211184997,0.488716214501564,0.255191707940589
24327,0.169708148691451,0.369177799092168,0.183560895915307,0.277553156301074
24328,0.0722169252245319,0.0768912639737177,0.608245958796438,0.242645852005313
24329,0.190643947009022,0.590074896336559,0.0444388639960866,0.174842292658333
24330,0.51965446854185,0.0576532636701048,0.224083093608571,0.198609174179473
24331,0.109833522862153,0.127971445086384,0.387158468508507,0.375036563542957
24332,0.383242610782039,0.165091500437329,0.264366973696062,0.187298915084569
24333,0.441881794062304,0.189481425885976,0.132049769129888,0.236587010921831
24334,0.301126711883115,0.270553613214322,0.200596286542314,0.227723388360248
24335,0.0898725685586552,0.583543182082558,0.0634662711761801,0.263117978182607
24336,0.129273772617519,0.217939778151063,0.225144003937618,0.427642445293799
24337,0.488551296090129,0.0437808533075369,0.317079820534504,0.15058803006783
24338,0.584218346146775,0.0383104002548178,0.180585861065972,0.196885392532435
24339,0.425752518036486,0.368475384971123,0.0288120176774662,0.176960079314924
24340,0.218167993419981,0.347775355169953,0.0312028445859179,0.402853806824149
24341,0.532630958061169,0.0439894841686794,0.173326163170264,0.250053394599887
24342,0.613364782739012,0.134029519156517,0.0574536740040427,0.195152024100428
24343,0.0722297674057829,0.314727205561733,0.0712803223938189,0.541762704638665
24344,0.0385435217129961,0.0784744372923558,0.58788181567907,0.295100225315578
24345,0.0583896590596237,0.0253630666864,0.485144956707775,0.431102317546201
24346,0.226645180474692,0.0455906281637219,0.468522236293676,0.25924195506791
24347,0.0854170475065405,0.500089416701814,0.169763919408813,0.244729616382833
24348,0.645142804778719,0.0163604388279954,0.116542033466921,0.221954722926364
24349,0.496912265925566,0.125182792087249,0.0608080851607859,0.3170968568264
24350,0.0233891290794605,0.216589013996424,0.464738979049048,0.295282877875067
24351,0.517746968579828,0.0666825276314271,0.0396989884858787,0.375871515302866
24352,0.0201712503459368,0.562258806243624,0.094670783362806,0.322899160047633
24353,0.24909484408664,0.111403407962191,0.267276023910294,0.372225724040875
24354,0.0559094085762384,0.438561870305973,0.127772202338014,0.377756518779774
24355,0.280019643864429,0.0560440879510921,0.430848108532024,0.233088159652455
24356,0.0526481921502391,0.0931913083782777,0.0320809991637427,0.822079500307741
24357,0.626052416477757,0.205611855559042,0.0180401457859204,0.150295582177281
24358,0.474864513354907,0.0609787516892432,0.0342868804334965,0.429869854522354
24359,0.100898900690198,0.694474996788479,0.0302497891170538,0.174376313404269
24360,0.0643812243861226,0.276458344925667,0.329689158763084,0.329471271925127
24361,0.202140811972072,0.285942811239642,0.0667101937076641,0.445206183080621
24362,0.503390076204746,0.0306206601655827,0.279340863123456,0.186648400506215
24363,0.0452478273319364,0.112096302799617,0.601277072693912,0.241378797174534
24364,0.0334331467212884,0.720150095222105,0.124915581204299,0.121501176852307
24365,0.339343531661915,0.114955123405287,0.159730987703321,0.385970357229477
24366,0.10133275084813,0.367328970847787,0.22444050560835,0.306897772695733
24367,0.152620843768688,0.175417345920045,0.104892910817671,0.567068899493596
24368,0.0454249422920467,0.304371580014697,0.455422980203162,0.194780497490094
24369,0.371467480852625,0.294958215379743,0.137512024731809,0.196062279035823
24370,0.0684247022826644,0.440268846759769,0.387267705610661,0.104038745346905
24371,0.258645002883868,0.156180441695067,0.424102868350669,0.161071687070395
24372,0.0639730096376956,0.0691538743123404,0.466567783666837,0.400305332383127
24373,0.340822400029079,0.320212873681986,0.230183567033262,0.108781159255673
24374,0.35455301574924,0.187957254269649,0.220853508600803,0.236636221380309
24375,0.133324439420937,0.0613331663340159,0.391659620309481,0.413682773935566
24376,0.140050590635885,0.170054298128402,0.527099293439861,0.162795817795852
24377,0.0797012751391362,0.51822443057406,0.272451969008683,0.12962232527812
24378,0.0496388760190921,0.59117017669451,0.0745872592619156,0.284603688024482
24379,0.0581516961543887,0.566692222958847,0.158588835330813,0.216567245555951
24380,0.0978881237799588,0.432629456365065,0.107374675825568,0.362107744029409
24381,0.457486307498335,0.152426735094764,0.113482538696992,0.276604418709909
24382,0.422996735214094,0.0912618987051767,0.380310000485125,0.105431365595604
24383,0.0825506187809951,0.0516073037132621,0.715173131676211,0.150668945829531
24384,0.125735557143691,0.158410799751768,0.554633034497535,0.161220608607005
24385,0.414956630687755,0.0691736590859971,0.26987718741459,0.245992522811658
24386,0.0630662185439342,0.101393991362849,0.59848338756163,0.237056402531587
24387,0.559655914039647,0.0662228378551197,0.159305709826459,0.214815538278774
24388,0.418225992262013,0.0683379722158455,0.268873380764756,0.244562654757386
24389,0.380451745406267,0.115528397501491,0.255887318094836,0.248132538997405
24390,0.282155775643753,0.096882442854926,0.530337883848042,0.0906238976532786
24391,0.183352425988189,0.233341285876132,0.101735429983881,0.481570858151798
24392,0.0546835602447217,0.3901237441123,0.338107966560989,0.217084729081989
24393,0.0340087301119586,0.0967695823468558,0.664933874237242,0.204287813303944
24394,0.107719436266324,0.595226271409206,0.164621073447333,0.132433218877137
24395,0.224181881331949,0.244301185283,0.470732138243705,0.0607847951413459
24396,0.50993649935887,0.22443815307853,0.0556321988547015,0.209993148707899
24397,0.150108608307407,0.267193668075939,0.413605883776739,0.169091839839915
24398,0.407524893512329,0.259165424115011,0.222649754762014,0.110659927610645
24399,0.116777373487074,0.382881273688566,0.283889515583058,0.216451837241301
24400,0.0982401627739756,0.216194877673517,0.512383909096033,0.173181050456474
24401,0.285969889028162,0.186720324933868,0.323718608794046,0.203591177243925
24402,0.245964633510673,0.126306088173915,0.538877809435101,0.0888514688803108
24403,0.0733013034891955,0.238574023199247,0.56197579673525,0.126148876576308
24404,0.0731576250125481,0.208686372659925,0.576669537677426,0.141486464650101
24405,0.244751514256432,0.288146683497643,0.360295366729589,0.106806435516336
24406,0.420076518308013,0.394620351159032,0.116502577517228,0.0688005530157264
24407,0.070140141475791,0.476405376945707,0.369650010692161,0.083804470886341
24408,0.242955984801423,0.388864765251618,0.208122897268202,0.160056352678757
24409,0.313401426802632,0.39239008820699,0.105017747388279,0.189190737602099
24410,0.244892892772542,0.315642657602157,0.248911723179703,0.190552726445598
24411,0.186667570706298,0.381518137441104,0.30605006754938,0.125764224303218
24412,0.379953040083775,0.347128453076062,0.110965071621474,0.161953435218689
24413,0.401370565052867,0.158000408530421,0.358587059291087,0.0820419671256249
24414,0.242364051938601,0.492581571870965,0.124811233254877,0.140243142935557
24415,0.396579989442196,0.13260828691043,0.366522756747837,0.104288966899537
24416,0.555063482461416,0.0752872017442436,0.125874020467479,0.243775295326862
24417,0.216928017429283,0.0881383146654152,0.32237011582529,0.372563552080012
24418,0.113870453932585,0.160431950185423,0.102091465485982,0.62360613039601
24419,0.247208407876944,0.352636327510263,0.232973109637341,0.167182154975451
24420,0.111688032759041,0.45272234279588,0.20405460497207,0.231535019473009
24421,0.251135768765027,0.086233309955619,0.0472900139951506,0.615340907284204
24422,0.474448011806773,0.145604563454439,0.0381226016023826,0.341824823136405
24423,0.068341249488947,0.571761476955406,0.0468645698268395,0.313032703728808
24424,0.131966381255146,0.359530529163554,0.251111119260565,0.257391970320735
24425,0.0945946826664851,0.0563843143173488,0.174663214476296,0.67435778853987
24426,0.423067115273755,0.199612532354315,0.0385279174141551,0.338792434957775
24427,0.0641282999567896,0.0660075983014486,0.663868516904695,0.205995584837067
24428,0.241266856350895,0.52448453700197,0.0208840055968626,0.213364601050273
24429,0.110191249812122,0.730249573703584,0.0307358809164351,0.128823295567859
24430,0.108077105323883,0.107439153603509,0.0807168017485707,0.703766939324037
24431,0.185151308822439,0.440914770089485,0.176818755575745,0.197115165512331
24432,0.0458787729753693,0.470005669982301,0.178843594067262,0.305271962975068
24433,0.135530874739367,0.178509247587008,0.192249419549653,0.493710458123971
24434,0.355143248144708,0.205243119158159,0.261587109319788,0.178026523377345
24435,0.352258465577471,0.26180465785385,0.171599015656348,0.214337860912331
24436,0.177958173589259,0.0552209273989139,0.299522596746847,0.46729830226498
24437,0.273763881720441,0.172387966872163,0.0765503164850771,0.477297834922319
24438,0.500165697162098,0.118984895282863,0.180095981936664,0.200753425618375
24439,0.119723890921489,0.0139122351505811,0.581965649365292,0.284398224562637
24440,0.0153854370372787,0.633056230139724,0.0164124599255944,0.335145872897403
24441,0.567473995810401,0.055074797573049,0.0113564546723319,0.366094751944218
24442,0.587352515006109,0.103949646366124,0.121083163727779,0.187614674899988
24443,0.274834302592165,0.138288330308524,0.432938261695931,0.15393910540338
24444,0.0491924493379915,0.209116210286287,0.367371611413443,0.374319728962278
24445,0.250376930882729,0.146987068517334,0.160326346324382,0.442309654275554
24446,0.183387258328964,0.0492341192063541,0.0441017337706879,0.723276888693994
24447,0.100035886580693,0.726443392923163,0.0162548689043857,0.157265851591758
24448,0.17796462601474,0.440995620053299,0.0669823903070186,0.314057363624942
24449,0.336540582765233,0.0174863456671616,0.176312187807626,0.469660883759978
24450,0.0518040006557836,0.0755230541951931,0.1951661022026,0.677506842946423
24451,0.027057757742976,0.0536786289626015,0.377831023902204,0.541432589392218
24452,0.106654978552411,0.0375452086958241,0.340137322795844,0.515662489955921
24453,0.381393411595785,0.0354569001634695,0.371871041507982,0.211278646732763
24454,0.315192682272134,0.332633539133542,0.147617034924299,0.204556743670025
24455,0.204788872407863,0.0850344509485424,0.549080893620196,0.161095783023399
24456,0.147302708604235,0.194682211868206,0.343870038225933,0.314145041301625
24457,0.231249139521952,0.105549912435892,0.29295235248126,0.370248595560895
24458,0.118853066639601,0.35456048661041,0.136814244732748,0.389772202017241
24459,0.14518561513153,0.199280763219805,0.457367862720948,0.198165758927717
24460,0.0840913396284568,0.324569919317903,0.35103079571417,0.24030794533947
24461,0.06698442277444,0.119421420404288,0.46536401803197,0.348230138789302
24462,0.172584377026167,0.324662359474029,0.193690730236999,0.309062533262805
24463,0.277234682008443,0.423351581095556,0.194191579997231,0.10522215689877
24464,0.209559868044143,0.211148065030715,0.350636943620499,0.228655123304643
24465,0.168437135646941,0.484024052414827,0.090882616957501,0.25665619498073
24466,0.382540193766773,0.418390598629311,0.058763701993428,0.140305505610488
24467,0.159356637759228,0.483382934493769,0.0552711759869007,0.301989251760102
24468,0.0608527741688719,0.501573948086284,0.235521751605249,0.202051526139595
24469,0.151182710206746,0.514865537859777,0.102657214195634,0.231294537737843
24470,0.248374951531862,0.181660437178562,0.161931051930629,0.408033559358946
24471,0.218443213889858,0.561973747138174,0.0999534617484301,0.119629577223538
24472,0.49699594195582,0.0887865178026719,0.301111190884801,0.113106349356708
24473,0.233743223467758,0.220436313395851,0.290926654013339,0.254893809123053
24474,0.5371032192499,0.265707343483238,0.0484474893422174,0.148741947924644
24475,0.10585982619655,0.408355716360201,0.306876531683177,0.178907925760071
24476,0.276057333545641,0.308725797777647,0.174536866837327,0.240680001839385
24477,0.089041935434113,0.467426034578196,0.29299701855706,0.15053501143063
24478,0.264566917620906,0.205164488440973,0.389610750079073,0.140657843859047
24479,0.191242540503967,0.130446168642082,0.430922910271204,0.247388380582747
24480,0.450541859312926,0.199979038005072,0.181325433621282,0.16815366906072
24481,0.290791354810976,0.276740374032281,0.302437598805428,0.130030672351316
24482,0.481761520706221,0.120683820422508,0.17956133724155,0.217993321629721
24483,0.622191380585377,0.1209466376559,0.0966088056839005,0.160253176074822
24484,0.151898968915981,0.26937818045078,0.371285383558401,0.207437467074838
24485,0.292051491093325,0.198121597548602,0.344557608196549,0.165269303161524
24486,0.296232122836837,0.411858258744514,0.18236314812491,0.109546470293739
24487,0.0998683460752543,0.154702844700181,0.562527807496949,0.182901001727615
24488,0.326755330703321,0.480974107018179,0.0812157830580996,0.1110547792204
24489,0.252107945804048,0.389198510726414,0.205213722207752,0.153479821261786
24490,0.100576633072927,0.379921894207129,0.34793855072463,0.171562921995314
24491,0.17117009201642,0.173504435016727,0.314639180316487,0.340686292650366
24492,0.123398273246685,0.0333816500441574,0.460605166497593,0.382614910211564
24493,0.0333763604576877,0.199209495099664,0.541430958914862,0.225983185527786
24494,0.0167975254877352,0.473077587901384,0.312496702923071,0.197628183687809
24495,0.09838212049058,0.610322008304226,0.0511768119344972,0.240119059270697
24496,0.0951009930179719,0.124549146353963,0.309883133475608,0.470466727152458
24497,0.145478648426021,0.0434595356327929,0.625276784033408,0.185785031907778
24498,0.316528968627654,0.257238851108574,0.291960917776017,0.134271262487755
24499,0.420993494255207,0.0818400893664838,0.288468994884521,0.208697421493788
24500,0.0418455800914016,0.654865423377851,0.0427102451606387,0.260578751370109
24501,0.254181449534551,0.327536607532856,0.058719932305832,0.359562010626762
24502,0.471443985154456,0.100646005379828,0.103292523502367,0.32461748596335
24503,0.0620183386301121,0.0629796807170398,0.156034034676711,0.718967945976137
24504,0.0609129076281069,0.630688722472947,0.0530780644515653,0.255320305447381
24505,0.108378010604567,0.336046944061845,0.139295416798708,0.41627962853488
24506,0.104979287875181,0.0397236426223338,0.599625272621652,0.255671796880834
24507,0.0738276917282343,0.178357688885073,0.158099143309659,0.589715476077034
24508,0.32754340976351,0.125972792433567,0.273659187027079,0.272824610775843
24509,0.152764194012555,0.0556786377884579,0.38575249195483,0.405804676244157
24510,0.0689490999999354,0.133650957867115,0.573425093309927,0.223974848823022
24511,0.311030669723829,0.503059126064469,0.0396199715040619,0.14629023270764
24512,0.271463857230924,0.0575093214033669,0.221399113181925,0.449627708183784
24513,0.60531131441336,0.0470598332257814,0.0882453522081319,0.259383500152727
24514,0.317631757314303,0.350980153099007,0.0524379808428573,0.278950108743832
24515,0.160461675101534,0.180446351818897,0.272466929644584,0.386625043434985
24516,0.344386619408684,0.094026046280663,0.135150985606636,0.426436348704018
24517,0.463961366101721,0.252117302946231,0.155809945373778,0.12811138557827
24518,0.0420854405986648,0.0947714846650254,0.0870970962832838,0.776045978453026
24519,0.0503613761583611,0.144241017453403,0.653084930437004,0.152312675951231
24520,0.0207144293854894,0.319710851924368,0.279826436073768,0.379748282616374
24521,0.0880561264132419,0.354133542017341,0.0396500708002109,0.518160260769207
24522,0.0100023708632307,0.0722366519589937,0.662675496584084,0.255085480593691
24523,0.0478611696856868,0.271364329285269,0.413373300495164,0.26740120053388
24524,0.110881343236824,0.126075180537104,0.508742943394743,0.254300532831328
24525,0.125919204486622,0.116293488351525,0.0716925962123559,0.686094710949497
24526,0.48586064090385,0.0620169774543967,0.263957098349076,0.188165283292678
24527,0.141464970446208,0.0211812093489964,0.449410475950239,0.387943344254557
24528,0.643989190109357,0.212073275877619,0.017115194697527,0.126822339315498
24529,0.114272768046635,0.0620894568001323,0.186183841230181,0.637453933923052
24530,0.358170275275749,0.233752293934208,0.17475845324288,0.233318977547164
24531,0.092273827090365,0.405495393648098,0.289732802761494,0.212497976500043
24532,0.162821958773923,0.280813948387218,0.408572069579751,0.147792023259108
24533,0.256657943389091,0.266023599040109,0.0888404546797025,0.388478002891097
24534,0.0858197543267091,0.476186482906802,0.0882689021810413,0.349724860585448
24535,0.686677529081517,0.0387190598641161,0.0710006395842185,0.203602771470148
24536,0.163257069106976,0.195475014113558,0.344152847359866,0.2971150694196
24537,0.351662523950889,0.187880769630776,0.0794272014476731,0.381029504970663
24538,0.239015163324811,0.567557079152407,0.040030654105881,0.1533971034169
24539,0.363924736911178,0.189775406877636,0.155779329746718,0.290520526464468
24540,0.412670325190212,0.0912700896081227,0.281362052304815,0.21469753289685
24541,0.499000005359339,0.0833835888475093,0.249837529949853,0.167778875843299
24542,0.162865551644286,0.528809034845373,0.0768507328022888,0.231474680708053
24543,0.0214329759334841,0.137056446402585,0.724155193226489,0.117355384437442
24544,0.13449029477313,0.516806569451284,0.228721356948704,0.119981778826883
24545,0.282482739012587,0.0826100921817417,0.493472691902393,0.141434476903278
24546,0.0642235868209385,0.583343341238122,0.126479916804634,0.225953155136306
24547,0.289656537287653,0.434768611616746,0.027674237610971,0.24790061348463
24548,0.062829479528021,0.359573026255552,0.361489126701927,0.216108367514499
24549,0.423170348058578,0.30593816668549,0.098578298730189,0.172313186525742
24550,0.196088001443322,0.415865382075956,0.25575108528649,0.132295531194232
24551,0.106769083562969,0.356515772370024,0.24782497556051,0.288890168506497
24552,0.121116147894342,0.486591630069448,0.142594390045209,0.249697831991001
24553,0.403303890011807,0.210510859950696,0.184511120619659,0.201674129417838
24554,0.296679490562173,0.159602654142724,0.353561753319454,0.190156101975649
24555,0.128600667402287,0.601164908977875,0.0800633068261769,0.190171116793661
24556,0.459372710890488,0.301670426821862,0.0521570024694593,0.186799859818191
24557,0.151960478008173,0.332828287879788,0.315588014772807,0.199623219339232
24558,0.136695311086907,0.602954276434212,0.073654610636736,0.186695801842146
24559,0.0767990096022823,0.647746226048547,0.152982307695271,0.1224724566539
24560,0.102069243600163,0.367224478878206,0.244385456942539,0.286320820579092
24561,0.246746909973165,0.243357859854376,0.225550361214727,0.284344868957732
24562,0.307582570958739,0.318144937942193,0.202884452058188,0.17138803904088
24563,0.0529674339034732,0.536375641031248,0.177237322214981,0.233419602850298
24564,0.192527764833717,0.406997177534423,0.138677133738438,0.261797923893422
24565,0.0996935071438026,0.331287042060796,0.401344601156245,0.167674849639157
24566,0.151550906109864,0.6318802017717,0.0933329123459074,0.123235979772529
24567,0.189816057064812,0.383971756001875,0.269485563899508,0.156726623033805
24568,0.375702853540112,0.277280640071611,0.0497301563125958,0.297286350075682
24569,0.176675281055374,0.101315441895252,0.226011439994874,0.4959978370545
24570,0.0246946036369987,0.47008980903504,0.0859026540666678,0.419312933261293
24571,0.0408078017079529,0.181710632026934,0.360830848909936,0.416650717355178
24572,0.225962152594816,0.0832321976347769,0.262308353542214,0.428497296228193
24573,0.13930291622098,0.120359466380819,0.471970896918125,0.268366720480076
24574,0.0459432369218782,0.275526877409347,0.438906978806207,0.239622906862568
24575,0.141942335047433,0.0753728032678391,0.112668587996207,0.670016273688521
24576,0.0190961321258143,0.184037500519455,0.477345017331014,0.319521350023717
24577,0.05434813392783,0.145222295686627,0.354354781180748,0.446074789204795
24578,0.19536955419675,0.111156043459584,0.258053485998684,0.435420916344982
24579,0.299591883092325,0.385238365594178,0.0808431373500201,0.234326613963477
24580,0.0903067271177614,0.0586101917851693,0.390032777574177,0.461050303522892
24581,0.231736272277474,0.0166024704290786,0.513722987673601,0.237938269619846
24582,0.0474952279323298,0.138024243158256,0.563632696821651,0.250847832087763
24583,0.0220232600335545,0.112900894963286,0.53088691705092,0.33418892795224
24584,0.0205071458490023,0.0236266548272134,0.735541660990595,0.22032453833319
24585,0.0688590642577139,0.166867236262846,0.0233661353455646,0.740907564133876
24586,0.0497589622535608,0.103639022998046,0.347598969674343,0.49900304507405
24587,0.446731613435298,0.239010100437912,0.214387398987186,0.0998708871396031
24588,0.283144781582699,0.283424323587399,0.296425368766984,0.137005526062917
24589,0.162090496019697,0.50420431408388,0.248473903218434,0.0852312866779889
24590,0.426014679720485,0.261522460428511,0.238805016270812,0.0736578435801916
24591,0.348373177263703,0.24288425773327,0.299463474223401,0.109279090779626
24592,0.347420931643669,0.344543398862192,0.174219523773823,0.133816145720316
24593,0.39355430741755,0.308890433031244,0.194653437698014,0.102901821853191
24594,0.293388107824919,0.346401172583665,0.197409253150944,0.162801466440473
24595,0.255645982068355,0.327368442702089,0.341139685907976,0.075845889321579
24596,0.507956247108777,0.21840269681083,0.100769631920709,0.172871424159685
24597,0.317971072187749,0.382542248134199,0.163185693374482,0.136300986303571
24598,0.518354479016747,0.136093566243051,0.13631866699444,0.209233287745762
24599,0.408537655256319,0.325185454871072,0.162684579300537,0.103592310572072
24600,0.365722484641988,0.297514245648296,0.231669710961059,0.105093558748658
24601,0.174312435285785,0.139664405258362,0.584487277846313,0.10153588160954
24602,0.220057239536646,0.575631286795674,0.130142632775153,0.0741688408925272
24603,0.257123340725084,0.233375647806567,0.325848426932706,0.183652584535644
24604,0.315155840804131,0.283907850792411,0.29574118178709,0.105195126616367
24605,0.415811499144913,0.219814679065679,0.241994807478992,0.122379014310416
24606,0.0300205752570996,0.371001538829456,0.429535322489168,0.169442563424276
24607,0.500322980717259,0.211427874132906,0.105288390131439,0.182960755018397
24608,0.120656562456279,0.491705470648185,0.0464967599980172,0.341141206897518
24609,0.491739876269576,0.154822501769266,0.211739708149113,0.141697913812045
24610,0.0739183881754626,0.174178733118062,0.148901985878184,0.603000892828292
24611,0.146017787900056,0.235323788369618,0.176901422285067,0.441757001445259
24612,0.0940116770520404,0.733956249992612,0.0446843361531583,0.127347736802189
24613,0.0306629236372826,0.224247645642173,0.580448415742428,0.164641014978117
24614,0.0361499871292211,0.0368794140489236,0.732393253936418,0.194577344885437
24615,0.412384347965597,0.271770181595496,0.0473056229163156,0.268539847522592
24616,0.180460804076099,0.0754462713560306,0.483890938343081,0.260201986224789
24617,0.268672479096319,0.200112462028572,0.417771239665922,0.113443819209187
24618,0.285050148621169,0.040048933300211,0.581986016280784,0.0929149017978354
24619,0.0534543898872576,0.531257682891873,0.284932208028144,0.130355719192726
24620,0.216736281312052,0.168721560380461,0.0747410749986817,0.539801083308805
24621,0.132452251898504,0.1741815971984,0.3636591908327,0.329706960070396
24622,0.0385952502774408,0.342147079157403,0.332022180898568,0.287235489666589
24623,0.226444660465319,0.0679955832633115,0.301883004832566,0.403676751438803
24624,0.252404773682603,0.0947101898659061,0.505517447945523,0.147367588505967
24625,0.427559441556906,0.0344271895865248,0.291875323528224,0.246138045328344
24626,0.340691283534258,0.129558810462212,0.083361870599844,0.446388035403686
24627,0.121855092171099,0.144225417210297,0.0597743456276507,0.674145144990953
24628,0.614527532211944,0.0461289417888794,0.0367870874610118,0.302556438538165
24629,0.0682433206899535,0.528968695522289,0.0792144676090615,0.323573516178696
24630,0.13801716589371,0.101224486255173,0.280062037260926,0.480696310590192
24631,0.22552223071845,0.162738389273546,0.106056962262444,0.50568241774556
24632,0.181238870425643,0.179820110656453,0.208444332502747,0.430496686415157
24633,0.260952576163502,0.0240553706391863,0.449281114840458,0.265710938356854
24634,0.193952531097968,0.0165264133894616,0.542182232844016,0.247338822668554
24635,0.290502554367259,0.0996362475966645,0.150833313243196,0.45902788479288
24636,0.294100161699698,0.383829682811354,0.119969901074238,0.20210025441471
24637,0.268834098071174,0.0786583312990603,0.477501669994687,0.175005900635079
24638,0.0943405386354776,0.533632915952739,0.0565631580186354,0.315463387393148
24639,0.347080246566925,0.191454601476528,0.150020318204757,0.31144483375179
24640,0.540031621926249,0.0816077499853547,0.138708341391776,0.23965228669662
24641,0.0449648393616658,0.703478512562034,0.01663723235947,0.234919415716831
24642,0.201209324895292,0.0968291354428958,0.333287584145666,0.368673955516146
24643,0.0322376008481705,0.0355435248020265,0.406957194897546,0.525261679452257
24644,0.0885688109596248,0.43460964970921,0.188390292475346,0.28843124685582
24645,0.124953554292645,0.677257412462628,0.0225463152271227,0.175242718017604
24646,0.237134274664162,0.264177292920928,0.279959037966602,0.218729394448308
24647,0.367208930492821,0.293350811443547,0.190639237437852,0.14880102062578
24648,0.146698853307219,0.0890323820912023,0.490194380200334,0.274074384401245
24649,0.140343769099459,0.193671878524218,0.455465624228729,0.210518728147594
24650,0.0420457038807785,0.806423879309163,0.0192169432027807,0.132313473607278
24651,0.574590514794288,0.077753905853354,0.0407151885593995,0.306940390792958
24652,0.299265812109637,0.0616723164122363,0.452600229856532,0.186461641621595
24653,0.491367864864317,0.209271835372416,0.110913750697753,0.188446549065514
24654,0.0981221567703974,0.471792885146611,0.0660107762446256,0.364074181838366
24655,0.0911339199498315,0.200396512799493,0.414977092155251,0.293492475095425
24656,0.272382819525434,0.307615605619916,0.263322149530538,0.156679425324111
24657,0.248185794895225,0.260956494939015,0.126346095771636,0.364511614394125
24658,0.0912628489422391,0.439363132756196,0.262627125983454,0.20674689231811
24659,0.0348077403611077,0.152430371947007,0.442237170520223,0.370524717171662
24660,0.162734850644909,0.438581617728495,0.200050368638556,0.19863316298804
24661,0.171546342588421,0.368422717988938,0.0456091042994303,0.414421835123211
24662,0.0413780233673698,0.15611619414162,0.623302936169116,0.179202846321894
24663,0.107607584056577,0.277689076871483,0.4879399342478,0.12676340482414
24664,0.136990139381551,0.188979056252618,0.418380129293502,0.255650675072329
24665,0.319680521634009,0.0960759299426795,0.440357137610804,0.143886410812508
24666,0.103797720579719,0.52951804394977,0.0818000647967573,0.284884170673753
24667,0.044663194263429,0.562289643945477,0.158131944451049,0.234915217340045
24668,0.135687412583246,0.0286193698086707,0.750985302457211,0.0847079151508725
24669,0.157904659643219,0.203065536301355,0.356184502846853,0.282845301208573
24670,0.518432049115937,0.0611794555298301,0.213298506097475,0.207089989256758
24671,0.0728635617444525,0.423974875418511,0.397410991223937,0.1057505716131
24672,0.0800495576217613,0.449091271519691,0.325274774620983,0.145584396237565
24673,0.0899918094797999,0.0394313149178158,0.721675064551367,0.148901811051018
24674,0.0993119566109002,0.683793536857574,0.0556843726177738,0.161210133913752
24675,0.134984604816692,0.107518057917351,0.640806353232972,0.116690984032985
24676,0.206297443882696,0.497490022611904,0.105108116224729,0.191104417280672
24677,0.0666849657251959,0.211316875271833,0.346895070451181,0.375103088551789
24678,0.231015872884131,0.331608465039583,0.178153241283568,0.259222420792718
24679,0.271239894372606,0.420612855293247,0.0785985534853143,0.229548696848833
24680,0.0819496665291998,0.45916709127428,0.179135138729373,0.279748103467147
24681,0.377111442513655,0.268889480096019,0.066233501512499,0.287765575877828
24682,0.421947996415965,0.487304712308985,0.0110815026275446,0.0796657886475056
24683,0.0852004718405227,0.263224658734609,0.502489235687649,0.149085633737219
24684,0.0572455082139846,0.116995131783722,0.606489561673396,0.219269798328898
24685,0.625912206535841,0.114307957129783,0.0877076490243572,0.172072187310019
24686,0.452742566422923,0.109552945271163,0.0895956329505568,0.348108855355357
24687,0.248889621299331,0.315089091322723,0.214843667090313,0.221177620287633
24688,0.167420691132711,0.411102311766722,0.175461153013268,0.246015844087299
24689,0.22274330113719,0.215062397610399,0.47467778426974,0.0875165169826713
24690,0.626991427386602,0.108836676930458,0.131696754278757,0.132475141404183
24691,0.433192183956388,0.340267072439866,0.0544474968871798,0.172093246716567
24692,0.620838114344644,0.237162796873325,0.0189458327206009,0.12305325606143
24693,0.237744419838299,0.172228821735598,0.449838393645778,0.140188364780325
24694,0.154101307844384,0.337695571838877,0.312282957151907,0.195920163164832
24695,0.185167507855607,0.689433347422422,0.0349437526247502,0.0904553920972207
24696,0.23117403803865,0.358603117294774,0.18489091645833,0.225331928208246
24697,0.146866365006876,0.217651560737055,0.337029561772088,0.298452512483981
24698,0.283335248217962,0.448328525928591,0.180504635949573,0.0878315899038741
24699,0.184638687688675,0.045379298965027,0.683003372227721,0.0869786411185773
24700,0.109282581114531,0.477326587119377,0.157535308668737,0.255855523097355
24701,0.0814474983423039,0.0770522568455461,0.760295404985766,0.0812048398263842
24702,0.21772630110042,0.566533836233915,0.111419888080032,0.104319974585633
24703,0.248802363887783,0.342772609182069,0.2954658673567,0.112959159573448
24704,0.0545763910116172,0.519685732566483,0.313092573295999,0.1126453031259
24705,0.445178301787598,0.281253843302566,0.128496697807033,0.145071157102804
24706,0.221966628368935,0.409560770991383,0.292463547585572,0.0760090530541109
24707,0.282728012081589,0.139734922129891,0.295169926740254,0.282367139048266
24708,0.635171797476986,0.05107740835279,0.191164436408349,0.122586357761874
24709,0.0811747222453949,0.176038478413053,0.597051095586281,0.145735703755271
24710,0.333423861320541,0.309411921174003,0.254455294256821,0.102708923248636
24711,0.340886773569656,0.201296490779024,0.344827900669069,0.112988834982251
24712,0.378898621089293,0.414827583191227,0.0986659658801717,0.107607829839308
24713,0.0933795988050208,0.612171464436436,0.14105152853705,0.153397408221494
24714,0.354719389840019,0.354483329821421,0.143434474435053,0.147362805903507
24715,0.176706231521403,0.484152603572074,0.17165807637541,0.167483088531113
24716,0.420237223295852,0.373839318821142,0.092295387579454,0.113628070303553
24717,0.233770515505103,0.411003312879902,0.258159979497599,0.0970661921173961
24718,0.162636096436418,0.638142490360199,0.0943574898724883,0.104863923330895
24719,0.268759589905942,0.205633301628359,0.244648834571599,0.2809582738941
24720,0.233281960646115,0.487888166717243,0.16546406202631,0.113365810610332
24721,0.350550347322789,0.350057782378246,0.151224278681926,0.148167591617039
24722,0.130134068201887,0.560293457548052,0.184332310271553,0.125240163978508
24723,0.455847155521411,0.275285457724905,0.195335773265118,0.0735316134885659
24724,0.280951944185522,0.315193301504122,0.299802982502024,0.104051771808332
24725,0.530131745392271,0.246016847261294,0.108379605383782,0.115471801962652
24726,0.291589776439464,0.308118480186022,0.285744195524263,0.11454754785025
24727,0.18974998286351,0.147956916263423,0.38252965561589,0.279763445257177
24728,0.41875520570782,0.32123316579317,0.127316857831521,0.132694770667488
24729,0.274515250817471,0.16674319701621,0.411196543911081,0.147545008255238
24730,0.199979698122464,0.186456181209328,0.370569639645702,0.242994481022506
24731,0.131329290860016,0.57925145482771,0.193993705330354,0.0954255489819201
24732,0.303792695558377,0.188456822390713,0.367065202431768,0.140685279619143
24733,0.134620441598583,0.322897613874755,0.245519937249266,0.296962007277396
24734,0.241901232801381,0.394884207360163,0.139844036237033,0.223370523601422
24735,0.138363337909453,0.194802420903701,0.463069139174382,0.203765102012464
24736,0.21611757418533,0.56665866240381,0.1270932969858,0.0901304664250593
24737,0.504078620230914,0.190412840424071,0.200069749158829,0.105438790186186
24738,0.0879034017550322,0.621846151148662,0.132106234201804,0.158144212894502
24739,0.383931699111671,0.0469568989667575,0.263135556824232,0.305975845097339
24740,0.162049957122482,0.493922055274147,0.131911242701567,0.212116744901804
24741,0.0863002933570174,0.23291978238685,0.563914683753333,0.1168652405028
24742,0.260292661660809,0.366072148694637,0.0602825453029565,0.313352644341597
24743,0.138753014529232,0.368248828171034,0.100532646946944,0.39246551035279
24744,0.413555274613722,0.0582533810007722,0.299025842365236,0.229165502020269
24745,0.165213301600532,0.131584333378743,0.353873277122596,0.349329087898129
24746,0.192502961420812,0.343894352418136,0.0568094928091864,0.406793193351866
24747,0.0436370417811979,0.348293695911884,0.31664580870838,0.291423453598537
24748,0.0160514428533202,0.0503343899211005,0.644558236971327,0.289055930254252
24749,0.0933570109923195,0.369787988866958,0.257458313632996,0.279396686507727
24750,0.25801396400927,0.172632848591333,0.302645649451825,0.266707537947571
24751,0.528853286179704,0.0964344650253406,0.0700859816281879,0.304626267166768
24752,0.102625517911736,0.55205680149878,0.0753980201281484,0.269919660461335
24753,0.237995856508297,0.0309372045258459,0.533650731834361,0.197416207131496
24754,0.314459004781732,0.239486511953482,0.132056791316278,0.313997691948508
24755,0.0600727051129934,0.364621919477585,0.340234309792469,0.235071065616952
24756,0.149050299928075,0.363343633320115,0.22288669552118,0.264719371230629
24757,0.209368997333417,0.105665849383325,0.238336892442342,0.446628260840916
24758,0.1899588152256,0.0931117230261407,0.5120476190718,0.204881842676459
24759,0.207375262060582,0.310605447184126,0.297124543119828,0.184894747635464
24760,0.317483898972631,0.339685865810742,0.141811658263096,0.201018576953531
24761,0.305918256410939,0.138517797514935,0.402120850490905,0.153443095583221
24762,0.177839675067911,0.42381541372032,0.139426992754532,0.258917918457237
24763,0.114001299241854,0.642800914387166,0.0876159856085533,0.155581800762427
24764,0.540554751660101,0.0999388772361721,0.0924377555408059,0.267068615562921
24765,0.265081170691882,0.284130790371413,0.335402147329336,0.115385891607369
24766,0.0697407882193276,0.43393133415623,0.309044935723449,0.187282941900993
24767,0.213499014045893,0.244414616308145,0.252983291263855,0.289103078382106
24768,0.255628767618574,0.384691491004692,0.155337576861164,0.20434216451557
24769,0.29782290054294,0.178812766729945,0.430099833215085,0.0932644995120299
24770,0.257219542716284,0.258391944264124,0.138425347604256,0.345963165415337
24771,0.19164940479574,0.104652965710051,0.444749955260119,0.25894767423409
24772,0.226038519462486,0.398080694682489,0.124383750387902,0.251497035467124
24773,0.128145595385092,0.369423913037246,0.385227321455771,0.117203170121891
24774,0.330214465012882,0.291100388779988,0.22974341528195,0.14894173092518
24775,0.220696927856522,0.514665018266376,0.0966924818326802,0.167945572044421
24776,0.643682413541457,0.0660699152679711,0.173973106420164,0.116274564770408
24777,0.251677099765528,0.356038063314084,0.238954772523174,0.153330064397214
24778,0.436740515308217,0.246619864985004,0.102704481301133,0.213935138405646
24779,0.0487904205324324,0.385573644488459,0.178070177472064,0.387565757507044
24780,0.499511049588691,0.0951886788532352,0.253664390274642,0.151635881283432
24781,0.0337013379116753,0.0738547254026338,0.76091015053738,0.131533786148311
24782,0.580631109327848,0.0580523939271626,0.0771578974041907,0.284158599340799
24783,0.0222780703566241,0.1590106834993,0.472736966749359,0.345974279394717
24784,0.329044666011921,0.0683647353771323,0.125510150908817,0.47708044770213
24785,0.0502954009316583,0.252604692269424,0.178242296548669,0.51885761025025
24786,0.113826529646194,0.174165697732972,0.458945757532597,0.253062015088238
24787,0.249271418516821,0.256190298917346,0.187783326270082,0.306754956295751
24788,0.0913594492537648,0.175154030842421,0.410249920775255,0.323236599128559
24789,0.357525115805913,0.322258716662681,0.0624719992272989,0.257744168304107
24790,0.0919835332596098,0.133387327731801,0.387677076708758,0.386952062299832
24791,0.219385195982087,0.0971409756350259,0.4319851770743,0.251488651308588
24792,0.230243037256011,0.0822102947179157,0.246578338235584,0.440968329790489
24793,0.144710092312183,0.0376617164452875,0.525074358302634,0.292553832939896
24794,0.0628562508291716,0.619263699352117,0.0567834999169413,0.26109654990177
24795,0.162065332225171,0.123876397839692,0.0759923981466448,0.638065871788492
24796,0.500181062595836,0.29432979520482,0.133303353190652,0.0721857890086923
24797,0.0765287825426893,0.606206318731223,0.123104796733686,0.194160101992402
24798,0.0234816213308105,0.0532640411496091,0.662183774002684,0.261070563516897
24799,0.287799128348085,0.0838142521746529,0.309212964980243,0.319173654497019
24800,0.0275653411856483,0.136351983212106,0.657558348396487,0.178524327205759
24801,0.50663393653171,0.243875352093033,0.130256921023282,0.119233790351975
24802,0.262887590956888,0.267329361879369,0.153682425783452,0.316100621380291
24803,0.0431770181939918,0.0623840691819824,0.679334930523164,0.215103982100862
24804,0.574575372933254,0.0628653856784732,0.0708517094212829,0.29170753196699
24805,0.188004748749747,0.250413824003183,0.0722822355979679,0.489299191649102
24806,0.213951428706611,0.472758824294787,0.0408181329352286,0.272471614063373
24807,0.415984740997774,0.463678718699439,0.0157632112091436,0.104573329093643
24808,0.446286473771761,0.131185936522471,0.24369178705083,0.178835802654938
24809,0.716217073012479,0.0311359168617304,0.0518068999428666,0.200840110182924
24810,0.124746005741143,0.329107572479191,0.219893444762976,0.32625297701669
24811,0.194588628141532,0.0133255156195814,0.661825919839095,0.130259936399792
24812,0.0383923309251376,0.0455109143428957,0.750003977063462,0.166092777668504
24813,0.269821004497549,0.037744357341564,0.451618928292897,0.24081570986799
24814,0.222365964711719,0.470282223100819,0.0223700703241958,0.284981741863266
24815,0.508333250421052,0.0886715779761827,0.139214679065301,0.263780492537464
24816,0.214290790187203,0.0956806536002265,0.318451012790275,0.371577543422295
24817,0.121806520070755,0.171613064542803,0.112695376645693,0.593885038740749
24818,0.235648029552021,0.346884426447619,0.229173052262788,0.188294491737571
24819,0.12103088056607,0.419213821380299,0.214278587175634,0.245476710877997
24820,0.268881116472795,0.0923265880126605,0.052249044163911,0.586543251350634
24821,0.451423690128701,0.152244718101216,0.0466482832496798,0.349683308520403
24822,0.0744729843927637,0.549416912925887,0.0527008543191359,0.323409248362214
24823,0.140074644273273,0.358358441822538,0.242544053825185,0.259022860079003
24824,0.0985160517761934,0.0625335280939845,0.193711800199695,0.645238619930127
24825,0.401785970263967,0.195627759165526,0.0455996253913845,0.356986645179123
24826,0.0694393246266662,0.0714742640826172,0.633883029504576,0.22520338178614
24827,0.241695275545535,0.493388280742311,0.0277650777234199,0.237151365988733
24828,0.122555676820754,0.694019620932046,0.0387668664703946,0.144657835776805
24829,0.113167205676147,0.119801931871166,0.090004699959074,0.677026162493613
24830,0.184012618442431,0.411491730031707,0.187138654850276,0.217356996675585
24831,0.0538952983893543,0.457192522830082,0.179525683268399,0.309386495512165
24832,0.144199498960614,0.189926790566238,0.198213563705243,0.467660146767906
24833,0.34896363714635,0.201671820412898,0.249078231573346,0.200286310867406
24834,0.0893990815108788,0.0807036422167146,0.144144438248859,0.685752838023547
24835,0.203328974713058,0.276459367350614,0.174079932655434,0.346131725280894
24836,0.103632265838447,0.157765918052921,0.174008754910321,0.564593061198311
24837,0.640920311137545,0.0192968022253128,0.0569800551679932,0.282802831469149
24838,0.0804601479958938,0.182240027015386,0.077324182834356,0.659975642154364
24839,0.411837532113432,0.168028422333567,0.136482951329683,0.283651094223318
24840,0.315091490447447,0.231401291680856,0.271380262654149,0.182126955217547
24841,0.0430708940648238,0.625047927031126,0.125441968602812,0.206439210301238
24842,0.124126477731216,0.197392155759967,0.112372272285069,0.566109094223747
24843,0.221952226578124,0.0556233788036568,0.400960901214338,0.321463493403882
24844,0.559013156427066,0.111454151261792,0.208470413133905,0.121062279177238
24845,0.596749607379226,0.0402016285035966,0.0290567455901818,0.333992018526996
24846,0.192992091199903,0.543139982450519,0.0281762367697479,0.23569168957983
24847,0.107155099460416,0.0799324876144495,0.474267086071115,0.33864532685402
24848,0.0989398967386905,0.182733011198299,0.148286984146634,0.570040107916376
24849,0.338078979994554,0.0887311476532551,0.125588440794539,0.447601431557652
24850,0.129541898137506,0.513566690333759,0.0683289535892381,0.288562457939497
24851,0.208023386586891,0.0880667085507497,0.202872721353497,0.501037183508863
24852,0.490159640368354,0.0801636525878737,0.0427841972395388,0.386892509804234
24853,0.446681795346375,0.0629173463364863,0.203621568800149,0.28677928951699
24854,0.279694070104012,0.063743514057148,0.329585841204913,0.326976574633927
24855,0.135305019330338,0.107761058448252,0.388154566011064,0.368779356210345
24856,0.123645548509045,0.42612472465954,0.0599426325611449,0.390287094270269
24857,0.167356185561789,0.0998558847322071,0.461821460927098,0.270966468778907
24858,0.0504759308195282,0.555025514729952,0.173345468966311,0.221153085484209
24859,0.158191896554864,0.200814578275095,0.0654412547759072,0.575552270394134
24860,0.200103409083852,0.0418424761691172,0.671199876447916,0.0868542382991146
24861,0.423414480869415,0.133749520956626,0.0858477824794186,0.356988215694541
24862,0.0920804010097672,0.531891535432058,0.0801526738831498,0.295875389675025
24863,0.180881200487879,0.0642345585786884,0.228793785056564,0.526090455876869
24864,0.102416384673079,0.0984958118620401,0.480273808863468,0.318813994601414
24865,0.132480154501887,0.0241335417028006,0.475156931679984,0.368229372115328
24866,0.710155939126697,0.0916057244299547,0.0741610190053485,0.124077317438
24867,0.502771584938741,0.0765469218673743,0.124737228220409,0.295944264973476
24868,0.563259643164602,0.0634691832661957,0.0771784937744829,0.29609267979472
24869,0.20880554185688,0.0568735174566862,0.212517736223537,0.521803204462897
24870,0.620080861844928,0.0334599403726921,0.0561876846309483,0.290271513151431
24871,0.142468170868108,0.0344871223664269,0.342672405553511,0.480372301211954
24872,0.268027985633287,0.259889164944828,0.315570780264823,0.156512069157062
24873,0.525362031597147,0.315683535259933,0.0643243392632732,0.0946300938796477
24874,0.126508739645542,0.424725549602671,0.337412576869247,0.11135313388254
24875,0.310995202958914,0.319989376378513,0.219733999602725,0.149281421059848
24876,0.116876066986715,0.477824711786906,0.307951859390189,0.0973473618361893
24877,0.28205942494284,0.237738234498389,0.39292364847709,0.0872786920816809
24878,0.218863810291631,0.1715301171392,0.453729767635956,0.155876304933212
24879,0.462515472758136,0.223134825113868,0.213879642044268,0.100470060083728
24880,0.288662539507023,0.298588600783284,0.335506085845262,0.0772427738644307
24881,0.494963159854004,0.150604262345728,0.224078941538319,0.13035363626195
24882,0.615272710932077,0.162345626335275,0.119308598447443,0.103073064285205
24883,0.188676518133186,0.307846116552359,0.369283167304155,0.134194198010299
24884,0.2907621763047,0.239583966635784,0.362633706456803,0.107020150602713
24885,0.30344464378919,0.433769513386017,0.197475057047306,0.065310785777487
24886,0.123490350250968,0.186054227954362,0.572666414929427,0.117789006865244
24887,0.350718296521473,0.474969448887465,0.102981616222411,0.0713306383686507
24888,0.275800207873956,0.414109605397252,0.212366794232175,0.0977233924966172
24889,0.118472210012813,0.423336657952824,0.346927256170094,0.111263875864269
24890,0.201219870317646,0.215616207557867,0.380294201510235,0.202869720614252
24891,0.377326378017634,0.209700761063862,0.100549025659424,0.312423835259079
24892,0.329050237579687,0.112299160132996,0.248347668022055,0.310302934265261
24893,0.289978086024065,0.279820056592384,0.210917229563285,0.219284627820266
24894,0.178542996068304,0.433698703527763,0.177147029251734,0.2106112711522
24895,0.0574816059679664,0.080541022413912,0.532834631650618,0.329142739967504
24896,0.070611220310006,0.284151108766137,0.248588033087535,0.396649637836322
24897,0.226190554143164,0.0718987798676684,0.574126804164459,0.127783861824709
24898,0.382246087364169,0.141926974962905,0.283523782945875,0.19230315472705
24899,0.0282434951141452,0.296488197242906,0.509574557051177,0.165693750591772
24900,0.0956616591232911,0.245341310263697,0.36796206363778,0.291034966975231
24901,0.364997260072719,0.100978989173807,0.305115969458568,0.228907781294906
24902,0.411015503631324,0.13311278522924,0.218451748219971,0.237419962919464
24903,0.303299070498499,0.164944640534767,0.225468975058998,0.306287313907737
24904,0.135269164824334,0.376150946938722,0.0423340317785725,0.446245856458372
24905,0.0775481699397657,0.0820809559899426,0.663540600365856,0.176830273704435
24906,0.249582422127109,0.0666028613712049,0.375264276090715,0.308550440410972
24907,0.282344129334926,0.206254835598224,0.0720384841796111,0.439362550887239
24908,0.0450796520248219,0.403146275914798,0.353797383718189,0.197976688342191
24909,0.142247540575141,0.495848694326409,0.180518396089322,0.181385369009128
24910,0.175705271323214,0.336743504936534,0.32845816491294,0.159093058827312
24911,0.114555667638559,0.772532343949531,0.034621149037801,0.0782908393741097
24912,0.0998315352011041,0.311268040817384,0.275148855664536,0.313751568316976
24913,0.0817762210940758,0.702029484086944,0.0799318167649007,0.13626247805408
24914,0.351365931995372,0.17241424660021,0.324641305471932,0.151578515932486
24915,0.0680500375853298,0.389950423316002,0.347691229570845,0.194308309527823
24916,0.558473374316331,0.148409602515321,0.122276416050123,0.170840607118225
24917,0.132837182174212,0.107500518483008,0.540480208609079,0.219182090733702
24918,0.287632040558674,0.0862620639595201,0.247236126009172,0.378869769472634
24919,0.137792626681011,0.380789688856169,0.370816639787718,0.110601044675103
24920,0.0256482005177814,0.50812800096296,0.384301223952661,0.0819225745665974
24921,0.674053480409991,0.153880407761952,0.0546147954996788,0.117451316328378
24922,0.607414173244351,0.135173475525079,0.122050996403034,0.135361354827536
24923,0.194672421827891,0.163832499830844,0.575590267685098,0.0659048106561677
24924,0.192872438420174,0.25896097307442,0.375147994991496,0.17301859351391
24925,0.265222471166785,0.571028955428591,0.0728350926381986,0.0909134807664255
24926,0.350868704501192,0.0865088425742533,0.407092562051263,0.155529890873292
24927,0.264165571937834,0.404840892411558,0.130402271579207,0.200591264071401
24928,0.0993082055819585,0.402787679111295,0.323001791019292,0.174902324287454
24929,0.328526380861372,0.357742354027813,0.191905154612195,0.12182611049862
24930,0.337231217605491,0.398951549272179,0.19720657675625,0.06661065636608
24931,0.290686917232069,0.280980285140279,0.28671769855012,0.141615099077531
24932,0.148992319622799,0.298477180098445,0.436480113944025,0.116050386334731
24933,0.28330203050823,0.505509002793949,0.109874908252641,0.10131405844518
24934,0.396240716107194,0.322607058693928,0.161473925058511,0.119678300140367
24935,0.19991249699934,0.347246609920926,0.327212571582403,0.12562832149733
24936,0.378688142333033,0.215664105298588,0.285281387323245,0.120366365045134
24937,0.145537544297743,0.471859766809475,0.32019856923922,0.0624041196535622
24938,0.487653454748677,0.18660786650426,0.269133875948246,0.056604802798817
24939,0.229397466344676,0.254935838348564,0.392874817942992,0.122791877363768
24940,0.291808152525791,0.469134629927983,0.139077073176263,0.099980144369964
24941,0.279066370537925,0.36665433049257,0.256923800714085,0.0973554982554198
24942,0.350372940423536,0.159855672328139,0.391422451768563,0.0983489354797618
24943,0.317473638061186,0.152074799859167,0.368029593559943,0.162421968519704
24944,0.309610719441561,0.444379680232433,0.144167126515182,0.101842473810824
24945,0.235026560296315,0.196947119981333,0.398354530225261,0.169671789497091
24946,0.165678286252226,0.364449363488134,0.268385711260595,0.201486638999045
24947,0.33711043749542,0.236829614000206,0.287208574471205,0.138851374033169
24948,0.466957377956475,0.334679764391268,0.10506993379522,0.093292923857037
24949,0.207390684204226,0.447531316223608,0.275225168424753,0.069852831147412
24950,0.122330141864754,0.42289406040946,0.28517808313521,0.169597714590576
24951,0.135648482734048,0.559340388856493,0.161094809987533,0.143916318421926
24952,0.452119026107618,0.230929455792052,0.205057992194873,0.111893525905458
24953,0.329211109126175,0.174814615425092,0.390633178210404,0.105341097238328
24954,0.14176681187188,0.66848426753778,0.0859936175551875,0.103755303035152
24955,0.510552492721027,0.330947129807699,0.0557493554043771,0.102751022066897
24956,0.168243707035212,0.368492292818839,0.352447875989556,0.110816124156393
24957,0.148035519410568,0.670185996101199,0.0790762441945604,0.102702240293673
24958,0.0799353264842908,0.694975971152921,0.160616648633393,0.0644720537293949
24959,0.118069114534491,0.432220607741634,0.28147100174417,0.168239275979705
24960,0.288751118752798,0.282326154023205,0.262804241793735,0.166118485430263
24961,0.339965822634836,0.348603975348892,0.218486017032865,0.0929441849834071
24962,0.0584704113333717,0.613000932991106,0.196501334786813,0.13202732088871
24963,0.217720927989058,0.47443854939203,0.156145170243068,0.151695352375845
24964,0.106410829890284,0.364506409271552,0.437775977902224,0.0913067829359402
24965,0.158879556271514,0.679896622829567,0.0961638543530645,0.0650599665458548
24966,0.205271823840687,0.415236644763431,0.295244098904296,0.0842474324915868
24967,0.348610933874061,0.0657721797633504,0.451048477610564,0.134568408752025
24968,0.140573329690717,0.472963168777666,0.237484557748083,0.148978943783535
24969,0.306690914181012,0.402360245404818,0.0736883019981061,0.217260538416064
24970,0.413401151770502,0.190520452819395,0.138828653328778,0.257249742081326
24971,0.287854211353923,0.510898522026959,0.0879930430927735,0.113254223526345
24972,0.125693589077615,0.394517933898187,0.202928277117013,0.276860199907184
24973,0.105269491671389,0.723201594721455,0.112691393802185,0.0588375198049705
24974,0.263722826268734,0.322611982551109,0.255816014417933,0.157849176762224
24975,0.146810945605136,0.498714779895798,0.203679341764829,0.150794932734236
24976,0.25962488540529,0.100597400711154,0.475951859201614,0.163825854681941
24977,0.400064268410033,0.234387167562721,0.139329298989858,0.226219265037388
24978,0.201304626154283,0.429896437691388,0.215672173221785,0.153126762932544
24979,0.362294223391679,0.341875782598653,0.201577475844518,0.0942525181651494
24980,0.115006192427626,0.370976543801588,0.380273667296654,0.133743596474132
24981,0.236030310575899,0.155230050441786,0.368797663957862,0.239941975024453
24982,0.228906196307531,0.434133011937744,0.206176155880675,0.13078463587405
24983,0.60485471915778,0.211385411472149,0.0425027900813065,0.141257079288764
24984,0.0961082239604189,0.43652174157981,0.268864309679889,0.198505724779883
24985,0.111434592005303,0.39917309690429,0.334087487683661,0.155304823406746
24986,0.393391394676992,0.14556744535355,0.214082760724261,0.246958399245197
24987,0.0493944508721603,0.57209041215921,0.295815779228918,0.0826993577397111
24988,0.253359327272102,0.273791827473972,0.199477735521216,0.27337110973271
24989,0.301071069551274,0.330444206605289,0.285934846874819,0.0825498769686176
24990,0.101104122505255,0.552961633812838,0.226778202915472,0.119156040766435
24991,0.268163781729098,0.105246849971278,0.513628563681722,0.112960804617901
24992,0.150847993210614,0.204775564391064,0.532021185620122,0.1123552567782
24993,0.593731087277037,0.130998735105855,0.165748317490251,0.109521860126857
24994,0.528760659452762,0.204700678574398,0.139769947998476,0.126768713974363
24995,0.531046612233375,0.218286691114095,0.143538330824185,0.107128365828345
24996,0.276742332903239,0.272644166758398,0.220927748901614,0.229685751436749
24997,0.322921356804377,0.408029577335062,0.140274815939728,0.128774249920833
24998,0.240534749799002,0.191913987570898,0.43372454889801,0.13382671373209
24999,0.194268996475102,0.449104107385647,0.100102958613787,0.256523937525464
25000,0.255567107915839,0.172396237540957,0.377027660510595,0.195008994032609
25001,0.247464381903578,0.455253504848729,0.10792707430853,0.189355038939163
25002,0.17989412510195,0.130814828990864,0.595809239389019,0.093481806518167
25003,0.257592779488902,0.175939190010585,0.385663954232082,0.180804076268432
25004,0.055073748319753,0.103889509015205,0.717294370067809,0.123742372597233
25005,0.222097056254481,0.335760365768465,0.258068415106455,0.184074162870599
25006,0.450823235895782,0.258655556235394,0.208885527417656,0.0816356804511676
25007,0.393407808213507,0.382691101036518,0.100661517730428,0.123239573019547
25008,0.147470721060085,0.091701485292284,0.558302133109507,0.202525660538125
25009,0.446070325617221,0.0943741503353456,0.301471062876018,0.158084461171415
25010,0.352852228750818,0.0607108208474426,0.455716072884664,0.130720877517076
25011,0.130029041270305,0.716445471267186,0.0817700460233584,0.0717554414391508
25012,0.0910787222610759,0.449050277315486,0.246725170138065,0.213145830285373
25013,0.399520642557337,0.13638811238573,0.313146606235082,0.15094463882185
25014,0.15384526653958,0.186580200097782,0.54999369168209,0.109580841680548
25015,0.353635082406455,0.238397637673414,0.228815615419838,0.179151664500293
25016,0.207794334125267,0.371933757032123,0.156446200221399,0.263825708621211
25017,0.123511876521711,0.205722790430072,0.545000034065014,0.125765298983203
25018,0.54462658909928,0.22717233137722,0.121790228532761,0.106410850990739
25019,0.238924692832463,0.543835564265922,0.112078206579413,0.105161536322201
25020,0.254900037167195,0.280315264119888,0.250142268155274,0.214642430557643
25021,0.270056105151586,0.130851689167492,0.422256527441399,0.176835678239523
25022,0.16115219291798,0.301763453684829,0.369348470272037,0.167735883125154
25023,0.158823937314422,0.247886212304579,0.453025045333531,0.140264805047468
25024,0.565408879374886,0.090620392829714,0.189686727449923,0.154284000345477
25025,0.393828084735658,0.217995239219642,0.174949166639495,0.213227509405205
25026,0.371754750599863,0.307926125063139,0.181420208052725,0.138898916284274
25027,0.0879131530283674,0.358194096534515,0.330095782450499,0.223796967986618
25028,0.664940247919674,0.0750377475336959,0.191746110333282,0.0682758942133477
25029,0.142343215266765,0.144108893815398,0.610127243521245,0.103420647396593
25030,0.190330216207355,0.07845795862841,0.576177350556338,0.155034474607897
25031,0.151552464389298,0.0749711647735688,0.525909203851639,0.247567166985494
25032,0.116095350539328,0.0443510861661431,0.764541286428515,0.0750122768660137
25033,0.339826275843931,0.152857430080112,0.35997006960778,0.147346224468177
25034,0.19054128463224,0.544875393429277,0.132674334464424,0.131908987474058
25035,0.334647538061281,0.178956431430965,0.291150577350395,0.195245453157359
25036,0.194815416561457,0.257276387129105,0.264448599849759,0.283459596459679
25037,0.269210156816703,0.485708313704746,0.102696401915342,0.142385127563208
25038,0.334172986721709,0.318531541143316,0.213794409829398,0.133501062305577
25039,0.114143245560412,0.368488114687295,0.306513592699218,0.210855047053075
25040,0.267098372978002,0.414049725602425,0.232542805254398,0.086309096165175
25041,0.24647114057063,0.578913119910954,0.0560725591861872,0.118543180332229
25042,0.181237860024923,0.24653852574724,0.369275435736209,0.202948178491628
25043,0.134686315219307,0.391931893717128,0.135466514651294,0.33791527641227
25044,0.382305671201985,0.0619516809547188,0.374841592966667,0.180901054876629
25045,0.0893046508487603,0.204433941554533,0.564543720104728,0.141717687491979
25046,0.0376801732984421,0.809653779257138,0.0208548728715173,0.131811174572902
25047,0.309308980430545,0.139932045206475,0.315577849243467,0.235181125119513
25048,0.0644684595182644,0.434089109674715,0.237074389254631,0.26436804155239
25049,0.0498518861387498,0.409613179950829,0.475666175387782,0.0648687585226392
25050,0.33306248596201,0.409369661195493,0.0664214634585992,0.191146389383897
25051,0.0924491652532607,0.389589819082405,0.285363949270376,0.232597066393959
25052,0.127456701934976,0.529955561123547,0.0991562863089179,0.243431450632559
25053,0.171356931622807,0.252433558458893,0.294456117802993,0.281753392115307
25054,0.0442578340121189,0.616313927320273,0.215782720403692,0.123645518263917
25055,0.095389114840955,0.678427258188641,0.0725246527342661,0.153658974236138
25056,0.210518504291682,0.152738055723921,0.230414275502268,0.406329164482129
25057,0.215399249540061,0.531507900975629,0.0778693387454197,0.17522351073889
25058,0.493267078742198,0.246556035648417,0.111758373043048,0.148418512566337
25059,0.358143261387397,0.0697531240695472,0.230193673779926,0.34190994076313
25060,0.152426862005029,0.366596055691387,0.281431374883504,0.199545707420079
25061,0.0781989286930014,0.422414523916292,0.271609407482936,0.227777139907771
25062,0.266027669311462,0.466377583074521,0.062114443962107,0.20548030365191
25063,0.0485329663021444,0.392541628667533,0.303242889898418,0.255682515131905
25064,0.331448299115033,0.4001032263088,0.0621193277577172,0.20632914681845
25065,0.201756481115711,0.524164394354257,0.0796724495921371,0.194406674937895
25066,0.355316121401134,0.0937055880312457,0.238410466065319,0.312567824502301
25067,0.187434602782471,0.0740398173370661,0.312695160100891,0.425830419779571
25068,0.103293326357518,0.210608436296307,0.391361576575556,0.294736660770619
25069,0.0754708792906512,0.305159456666473,0.401042057969519,0.218327606073357
25070,0.138117760067637,0.139963854568186,0.168815619373779,0.553102765990398
25071,0.195043767028828,0.531666719905786,0.0678638302136516,0.205425682851735
25072,0.138770917196543,0.634776459100842,0.0668148642745779,0.159637759428037
25073,0.12278476261993,0.559275448187024,0.0431633478162964,0.27477644137675
25074,0.145212904303676,0.575437023516106,0.134973684220955,0.144376387959263
25075,0.237001333396738,0.0824072265109827,0.452057821431086,0.228533618661193
25076,0.0749362219198589,0.156959878929299,0.356341071224789,0.411762827926053
25077,0.0472073412167834,0.228035196239748,0.524810187746973,0.199947274796495
25078,0.483483569234725,0.0531689748915305,0.271774262455501,0.191573193418244
25079,0.213590795403652,0.0687011840127862,0.444358750317286,0.273349270266276
25080,0.543177137016061,0.109059976552547,0.0831643281780989,0.264598558253294
25081,0.4490183844265,0.167224056765225,0.244993492885736,0.138764065922539
25082,0.103605334086908,0.455639431673082,0.302669281135016,0.138085953104994
25083,0.134079736451173,0.356370620034217,0.254964322122329,0.254585321392281
25084,0.381728574032963,0.138535997034673,0.385278891756775,0.0944565371755883
25085,0.275904195268332,0.460423945197288,0.204752050827586,0.0589198087067941
25086,0.575787926765261,0.117354992933309,0.176770794758539,0.130086285542891
25087,0.126803531587206,0.411817636512107,0.384324846232072,0.0770539856686144
25088,0.38910573162166,0.19152967256346,0.325828494395965,0.0935361014189139
25089,0.148919246744737,0.0841260330497724,0.640960953043107,0.125993767162383
25090,0.445043767202932,0.208812847325393,0.226494249290828,0.119649136180847
25091,0.343606726924308,0.145616364243392,0.37012921833167,0.14064769050063
25092,0.309578405936734,0.256843536706975,0.109434758191688,0.324143299164602
25093,0.480597304090004,0.105876051019704,0.261598311869289,0.151928333021004
25094,0.122567202628687,0.164335661033771,0.595784830790239,0.117312305547303
25095,0.0992419555472596,0.365702749734014,0.431965732741356,0.10308956197737
25096,0.118703715522234,0.220935149180388,0.291745913302753,0.368615221994624
25097,0.0977435036454664,0.199848894333969,0.523998633024776,0.178408968995789
25098,0.366844223353788,0.163783109246488,0.225979964968118,0.243392702431605
25099,0.0728078476967525,0.402136453376942,0.428744210048072,0.0963114888782334
25100,0.172201853979648,0.230317027747338,0.502604826617392,0.0948762916556227
25101,0.34733603547994,0.146193176399178,0.372103682103986,0.134367106016896
25102,0.350868924780205,0.276179547090222,0.21889073971841,0.154060788411162
25103,0.308941563108653,0.434615793874016,0.175828280303776,0.0806143627135546
25104,0.156876560872769,0.269631183678538,0.492445494831348,0.0810467606173449
25105,0.183285496348853,0.313334974651535,0.416216840666835,0.0871626883327773
25106,0.375372916462829,0.291638285125818,0.268709230732017,0.0642795676793358
25107,0.151952266724725,0.515822596293622,0.225822264497321,0.106402872484332
25108,0.208905583974047,0.358919523597758,0.318275296303822,0.113899596124373
25109,0.277652885037862,0.474564888502414,0.15070873172784,0.0970734947318837
25110,0.290173391882935,0.20806335810404,0.336293829462352,0.165469420550673
25111,0.269187575627799,0.228022422938408,0.351080958770865,0.151709042662928
25112,0.188927082189141,0.218753978965686,0.489177430563225,0.103141508281948
25113,0.34549220613767,0.386731958088305,0.182461593953741,0.0853142418202846
25114,0.321578606250227,0.234983405706121,0.37152857133864,0.0719094167050126
25115,0.188971517957375,0.355371220559087,0.317476852549796,0.138180408933741
25116,0.364528331558384,0.254164201121772,0.283606286015929,0.0977011813039144
25117,0.485788928406811,0.290165716350865,0.146668032235677,0.0773773230066467
25118,0.323211839245202,0.217416852099369,0.348440970408643,0.110930338246785
25119,0.0704204156794954,0.296230554725857,0.49685987387178,0.136489155722867
25120,0.342665556177821,0.243776153246747,0.0805786238443245,0.332979666731108
25121,0.513468271987849,0.102157805272995,0.133641231969642,0.250732690769514
25122,0.459209567659692,0.244072452762407,0.186952240966087,0.109765738611815
25123,0.442111290970034,0.0426695300934953,0.420273831803943,0.0949453471325279
25124,0.100519513933873,0.123105314886616,0.67304020871236,0.103334962467151
25125,0.805981229333855,0.085520820844222,0.0366231775678488,0.0718747722540739
25126,0.0454665396613265,0.482037546210658,0.313763487221841,0.158732426906175
25127,0.3661911757058,0.161341040432301,0.189226319271868,0.283241464590031
25128,0.280630807262956,0.175788992299666,0.187745341203773,0.355834859233604
25129,0.294112691506278,0.216875126392255,0.439510877125612,0.0495013049758549
25130,0.211090855691204,0.1760841720946,0.184760459548608,0.428064512665588
25131,0.277534543609475,0.436734242814897,0.0407577799292421,0.244973433646386
25132,0.45105608445838,0.271538215326893,0.121210609289752,0.156195090924975
25133,0.776236584709259,0.028672489543317,0.0868317554935419,0.108259170253882
25134,0.294034789195968,0.333312298632409,0.092365381474276,0.280287530697346
25135,0.0486112493732637,0.732152785510281,0.0725050690695479,0.146730896046908
25136,0.25413862154822,0.27783893680058,0.344601429252828,0.123421012398372
25137,0.126539155050769,0.587631028490251,0.14300371866287,0.142826097796111
25138,0.119183836969064,0.374479618308978,0.173343973827402,0.332992570894556
25139,0.18931074506393,0.285004264262407,0.156108595282546,0.369576395391118
25140,0.110456628965503,0.0854440335091834,0.382176019450228,0.421923318075085
25141,0.284980998207217,0.403743359727041,0.145000994170562,0.16627464789518
25142,0.256443158443711,0.334234097623464,0.095653842682641,0.313668901250184
25143,0.137705261616271,0.267328429379429,0.119020989519603,0.475945319484696
25144,0.226931489597528,0.292035451674549,0.107335574398436,0.373697484329487
25145,0.324837941653717,0.156845415268953,0.108744597790111,0.409572045287219
25146,0.302178365123192,0.497588898239394,0.0318687030411022,0.168364033596311
25147,0.213989377702646,0.137131821569688,0.413898365073648,0.234980435654018
25148,0.249259438888428,0.321826781431628,0.047044974410503,0.381868805269441
25149,0.119688957350514,0.549846597717456,0.131155903371494,0.199308541560536
25150,0.123090033578744,0.143305489512599,0.490136068401012,0.243468408507644
25151,0.0378921426015108,0.50966073880062,0.148855933464049,0.30359118513382
25152,0.457320482930298,0.137596885010719,0.118030642705527,0.287051989353456
25153,0.367480971065049,0.503543417970349,0.0486224619136908,0.0803531490509108
25154,0.268483075601271,0.146171869430864,0.383477855962578,0.201867199005286
25155,0.0702213836538966,0.636606965194257,0.0330162901099373,0.26015536104191
25156,0.13068699132365,0.621882443893975,0.0634533816622985,0.183977183120076
25157,0.126571036643914,0.579652529926627,0.1082260650775,0.185550368351959
25158,0.416808481335684,0.40797205802697,0.0406171892833831,0.134602271353963
25159,0.132188365015803,0.498560211285539,0.142755341846839,0.226496081851819
25160,0.249995157291366,0.245025762945328,0.318921967002365,0.186057112760941
25161,0.339265610134669,0.122936100817732,0.201548916017164,0.336249373030435
25162,0.368126110262953,0.197378916882712,0.0957845624609452,0.33871041039339
25163,0.130127882467105,0.0979704943871639,0.55035422332723,0.221547399818502
25164,0.511501788072532,0.337922925394365,0.0414390533942221,0.109136233138881
25165,0.228731710804144,0.149687833746538,0.168694640009705,0.452885815439612
25166,0.217535136269789,0.177395587965196,0.41144624333763,0.193623032427385
25167,0.343856666868251,0.375190899844813,0.0683196114026774,0.212632821884259
25168,0.25494563526535,0.422361615647606,0.0565335119804166,0.266159237106628
25169,0.271037159524825,0.256719853058247,0.119256686623064,0.352986300793864
25170,0.382098155819728,0.430208217201988,0.0338375646988572,0.153856062279427
25171,0.526854726626801,0.162968850544343,0.165328569266993,0.144847853561863
25172,0.201909629288905,0.474950230807516,0.187715087840591,0.135425052062988
25173,0.451368237348894,0.0669508766476538,0.259634988154805,0.222045897848647
25174,0.482739453037358,0.0630811384550864,0.231814997430877,0.222364411076678
25175,0.682611774473632,0.0970572396065424,0.0501568499237445,0.170174135996081
25176,0.0754567817910822,0.301422815824987,0.497686530713325,0.125433871670607
25177,0.232503057481363,0.210656655131191,0.293600822449166,0.26323946493828
25178,0.31959318104363,0.135505484014381,0.432037914836527,0.112863420105461
25179,0.656167499045296,0.149427067927976,0.103328000957263,0.0910774320694659
25180,0.409689860158088,0.0453354098729389,0.370302565885229,0.174672164083744
25181,0.0692578876230108,0.0440699168197051,0.783013811858563,0.103658383698721
25182,0.269441984148785,0.227148701697895,0.196773101960892,0.306636212192429
25183,0.359991136644345,0.262874091123968,0.248176742546854,0.128958029684833
25184,0.155499924372836,0.225112219862495,0.45771806555732,0.161669790207349
25185,0.344685806985896,0.204592184085987,0.290257470792589,0.160464538135527
25186,0.157165557431486,0.654535519825404,0.0275339310655433,0.160764991677566
25187,0.25361649016161,0.280854761558218,0.179889655454873,0.285639092825299
25188,0.157086349838624,0.109236399804688,0.559957244371506,0.173720005985182
25189,0.411334087985726,0.205277014899139,0.242854826024114,0.140534071091022
25190,0.378899143509774,0.395479604453478,0.0328933047118818,0.192727947324866
25191,0.0747217780138719,0.633418300138725,0.115608500045409,0.176251421801994
25192,0.135593390061245,0.361868705048704,0.248051560740679,0.254486344149372
25193,0.399962947927932,0.364628578392675,0.0612708896043374,0.174137584075056
25194,0.184738093342755,0.39635172099754,0.266214197927253,0.152695987732452
25195,0.157926273492306,0.267273985729085,0.387007208601598,0.18779253217701
25196,0.116508455931455,0.34995857440041,0.271605486017846,0.261927483650289
25197,0.102588780461832,0.586417309260634,0.133164133329147,0.177829776948387
25198,0.242974183418896,0.428419215170132,0.106352816928946,0.222253784482026
25199,0.312610978060152,0.106798121595745,0.420545435774262,0.160045464569842
25200,0.149678556970955,0.494367343225104,0.106051106649599,0.249902993154342
25201,0.245440106916371,0.186922730470546,0.285254507903528,0.282382654709555
25202,0.226538010351617,0.14945561999113,0.432252837663112,0.191753531994141
25203,0.298021486823992,0.427466790650378,0.146116100832425,0.128395621693205
25204,0.0999515304362319,0.133078196574341,0.533918122231845,0.233052150757582
25205,0.162302180612969,0.334281996529096,0.28523906986726,0.218176752990675
25206,0.212014283484505,0.439125438569873,0.190378030755908,0.158482247189713
25207,0.195436959908415,0.255712268696524,0.30949819311644,0.239352578278621
25208,0.260718444976543,0.303067636934624,0.308040054844637,0.128173863244196
25209,0.208479292839747,0.070110634534114,0.520462496783678,0.200947575842461
25210,0.20460651460576,0.195488401456783,0.376539052873791,0.223366031063666
25211,0.0819617743947722,0.331866146083054,0.393215859567809,0.192956219954365
25212,0.337277580829921,0.263643471705479,0.238129792833727,0.160949154630873
25213,0.15464753123475,0.140072853007472,0.471308991730175,0.233970624027604
25214,0.186839376734271,0.220512603107151,0.38712750329389,0.205520516864688
25215,0.256419146706766,0.228103842468394,0.255578556072948,0.259898454751892
25216,0.342603348121029,0.356487195436292,0.139339875644186,0.161569580798492
25217,0.422167947731038,0.361801159125255,0.102866397909603,0.113164495234104
25218,0.373318524258708,0.366954416481413,0.0991438697955251,0.160583189464354
25219,0.247320989087541,0.52167360522674,0.0770386805522888,0.15396672513343
25220,0.24338552154288,0.14215631901265,0.361605704289691,0.252852455154779
25221,0.185919743731122,0.581039943832145,0.112385442367443,0.120654870069291
25222,0.189921880154198,0.379036713442049,0.308105122102746,0.122936284301008
25223,0.201743587207919,0.338651123769463,0.230987346494642,0.228617942527977
25224,0.0760678467985126,0.7052370717714,0.103078501522251,0.115616579907837
25225,0.317179472919421,0.145765126877589,0.312504167885313,0.224551232317677
25226,0.501772609711725,0.20598604369736,0.187779385443222,0.104461961147693
25227,0.0779177163374762,0.616640837678919,0.14109422319549,0.164347222788115
25228,0.195408728023824,0.200045841444558,0.471773482529403,0.132771948002215
25229,0.109402647487266,0.201585891088616,0.493392466404812,0.195618995019306
25230,0.235508777359071,0.171829953487801,0.455485171774186,0.137176097378942
25231,0.0901564807259454,0.504472597215522,0.270684348524193,0.13468657353434
25232,0.258123339868692,0.391527020046185,0.145477028256131,0.204872611828992
25233,0.15966086635686,0.367367697247749,0.315389724462675,0.157581711932717
25234,0.257990333571317,0.228180814177722,0.407700250003208,0.106128602247753
25235,0.420182848088361,0.151257052838243,0.299489705728473,0.129070393344923
25236,0.311123701581553,0.31848416918733,0.239324884746861,0.131067244484257
25237,0.280238286499233,0.489007722693978,0.140991218846405,0.0897627719603831
25238,0.315805315239618,0.20874894099025,0.281003091468351,0.194442652301781
25239,0.312702057727658,0.428850707948516,0.129053516952308,0.129393717371518
25240,0.212234000063793,0.187790834350223,0.494285482191263,0.105689683394721
25241,0.443779464043218,0.295512310391203,0.200338617191687,0.0603696083738925
25242,0.206076418400061,0.312174157064033,0.345658205397972,0.136091219137934
25243,0.202055128578743,0.361847636511417,0.340038008257924,0.0960592266519173
25244,0.252060109192529,0.440406897717828,0.167442590361578,0.140090402728065
25245,0.293093433057426,0.100174566999252,0.543238292585886,0.0634937073574372
25246,0.278300424272317,0.33830001957147,0.318101424949978,0.0652981312062349
25247,0.202090896255946,0.274440692108688,0.380505884346943,0.142962527288422
25248,0.163524054257976,0.353956976688264,0.342031744967636,0.140487224086124
25249,0.221713438244984,0.459906573070139,0.24033382439867,0.0780461642862067
25250,0.32070581897131,0.296659529489812,0.289785798241799,0.0928488532970793
25251,0.19192050815353,0.237549124912417,0.415393215564823,0.15513715136923
25252,0.648752970155485,0.126311505640613,0.0997596062235254,0.125175917980376
25253,0.285411817969609,0.312424103069819,0.129510919533927,0.272653159426646
25254,0.419841591404097,0.27499841101999,0.0821040200846567,0.223055977491257
25255,0.507702621743574,0.241093661425204,0.0740334336553566,0.177170283175866
25256,0.0987022702920874,0.724276918494662,0.0757685241289486,0.101252287084302
25257,0.195348647996799,0.255151834177877,0.365640897445401,0.183858620379923
25258,0.472042568065259,0.171723954115073,0.136552250237008,0.21968122758266
25259,0.248507210537739,0.392619901024562,0.221422149748385,0.137450738689313
25260,0.084899621353544,0.498677757559775,0.227876363390259,0.188546257696422
25261,0.405801250789935,0.24082642975755,0.251630120194468,0.101742199258047
25262,0.28182898208173,0.355793310777329,0.102970486502624,0.259407220638316
25263,0.377044698443563,0.172690668341228,0.255091209736856,0.195173423478353
25264,0.234078043360128,0.17976221088378,0.39769131675073,0.188468429005362
25265,0.594776863573995,0.221272050384495,0.0565077267608642,0.127443359280645
25266,0.180728048137933,0.434798302613939,0.233520822060419,0.150952827187709
25267,0.127285841343511,0.26355842123038,0.456985357527436,0.152170379898673
25268,0.140255766878849,0.353845693032177,0.412304006380372,0.0935945337086027
25269,0.233231466600783,0.308962115948933,0.206726711952158,0.251079705498127
25270,0.434654351899305,0.177709004075856,0.229688585722088,0.157948058302751
25271,0.0280555830377284,0.300102741143815,0.56323134138153,0.108610334436926
25272,0.190453168427351,0.284462021429759,0.305847567917544,0.219237242225345
25273,0.27470531104812,0.217396348369387,0.260723892375284,0.24717444820721
25274,0.281292736968281,0.18463959379301,0.291290296731604,0.242777372507104
25275,0.413170851877046,0.338628963581695,0.083615524168283,0.164584660372976
25276,0.324238574746632,0.397383214529427,0.126662343815567,0.151715866908374
25277,0.133836605072485,0.0870227767599949,0.518822775285716,0.260317842881803
25278,0.371949487080288,0.390599831510779,0.076144283205622,0.161306398203311
25279,0.534320391478666,0.134210698877836,0.0384556746214861,0.293013235022012
25280,0.142062882944095,0.162040314506962,0.57558024202874,0.120316560520203
25281,0.313320865954608,0.0409342242855828,0.510259384389473,0.135485525370336
25282,0.493180017083555,0.0728159404573962,0.128878285886472,0.305125756572577
25283,0.255114880428555,0.126362640009487,0.376338578619929,0.24218390094203
25284,0.215601538804927,0.540020486470726,0.121471841127137,0.12290613359721
25285,0.439253426843729,0.227836143742352,0.145131247414767,0.187779181999151
25286,0.49929228225388,0.131060419968782,0.127968591682334,0.241678706095003
25287,0.105132974187679,0.609515795136756,0.159898301693868,0.125452928981697
25288,0.149695515746648,0.150627405597034,0.346365844703064,0.353311233953254
25289,0.086487867860331,0.44123977110367,0.257588688216313,0.214683672819685
25290,0.240184579077358,0.376372729783339,0.133754785926421,0.249687905212882
25291,0.424809313792411,0.184902450027155,0.12581902998191,0.264469206198524
25292,0.154163824361518,0.137317885704073,0.294592412417636,0.413925877516773
25293,0.107594519987419,0.325963744969614,0.232511243938877,0.333930491104089
25294,0.16241411468971,0.505598931439666,0.0702500640942521,0.261736889776372
25295,0.204237615909991,0.155968851141434,0.3260581696894,0.313735363259175
25296,0.123887260281156,0.677174742964361,0.0620306571585918,0.136907339595891
25297,0.0790481341565832,0.593601590255515,0.13605417638606,0.191296099201842
25298,0.653915181817094,0.0853986061863956,0.0416137588594836,0.219072453137027
25299,0.370278610016397,0.111264955054882,0.333757803604632,0.184698631324089
25300,0.251915929104765,0.562663409637059,0.0457686446116203,0.139652016646555
25301,0.464318392290017,0.0749816798007784,0.176117842620038,0.284582085289167
25302,0.488312542632866,0.144557932462158,0.18579676041014,0.181332764494836
25303,0.102729432868148,0.452639548358562,0.235124837656761,0.209506181116529
25304,0.0647646977075984,0.16333393683565,0.630111740430637,0.141789625026115
25305,0.583235405609598,0.114948569395685,0.110465806110024,0.191350218884692
25306,0.246368975327121,0.40416602132659,0.0811001507621913,0.268364852584097
25307,0.165195527136006,0.275207314776761,0.163502825150416,0.396094332936817
25308,0.184808158578487,0.594050344682391,0.0784371178844102,0.142704378854711
25309,0.151441609169542,0.258863663601681,0.363493244079216,0.226201483149561
25310,0.42302088644008,0.362423278458697,0.0723602643136077,0.142195570787615
25311,0.271042376054081,0.281808195195471,0.282538461229177,0.164610967521272
25312,0.214360938056877,0.107960864815556,0.5033578642701,0.174320332857467
25313,0.305649046682829,0.218148197313232,0.295094837642635,0.181107918361304
25314,0.420123734710719,0.206298901117807,0.112789636106208,0.260787728065267
25315,0.361229993402822,0.235851355436609,0.266227512978015,0.136691138182553
25316,0.291940604420125,0.260162896504393,0.230590523555046,0.217305975520436
25317,0.30416565036247,0.203883882794054,0.303962486368328,0.187987980475149
25318,0.472845260560287,0.221655997786696,0.16835407631683,0.137144665336187
25319,0.369724582656708,0.380264925852049,0.0948712229114085,0.155139268579835
25320,0.206117908022987,0.159739083596568,0.500326775249821,0.133816233130624
25321,0.109342340012653,0.227849271505944,0.457650602989163,0.205157785492241
25322,0.429097495384686,0.13151992076899,0.310397939112074,0.128984644734249
25323,0.367735427252864,0.0916607941842706,0.390536013580701,0.150067764982165
25324,0.325713083344713,0.379517711808608,0.153851038390699,0.14091816645598
25325,0.344838258698314,0.473727494018311,0.0516473843398504,0.129786862943524
25326,0.208939712945431,0.186829068429143,0.334312100136909,0.269919118488517
25327,0.172854886787402,0.404962190854365,0.22301564840881,0.199167273949423
25328,0.163461244298418,0.101782427045699,0.60239412382727,0.132362204828614
25329,0.268957975029182,0.133810825551296,0.211389024351424,0.385842175068099
25330,0.0928147569979799,0.249462630105538,0.466612812322973,0.191109800573509
25331,0.257411885732945,0.485474217817909,0.0764575009144893,0.180656395534657
25332,0.301842179045062,0.302763050179246,0.128870944294005,0.266523826481687
25333,0.139252784242101,0.479904402557812,0.129217578324941,0.251625234875147
25334,0.336536590242789,0.453543084797961,0.0471414404999381,0.162778884459312
25335,0.0984071595373793,0.291496058185909,0.313008703934217,0.297088078342494
25336,0.0866348273110219,0.308406587731579,0.42248178707399,0.182476797883409
25337,0.156064576733451,0.0889751374493042,0.508210233434948,0.246750052382298
25338,0.145705149380263,0.159831833413938,0.510130325821752,0.184332691384046
25339,0.384049673653256,0.0771298228824087,0.377733279609369,0.161087223854966
25340,0.119108922974039,0.599822653931109,0.143114736486962,0.137953686607891
25341,0.0642354462384042,0.664292908911845,0.102145714699558,0.169325930150193
25342,0.0737341951803495,0.305215215670616,0.479886125141455,0.14116446400758
25343,0.244768705553997,0.312629204540244,0.371845321540346,0.0707567683654135
25344,0.260284403263757,0.201028609951127,0.446638358867272,0.0920486279178448
25345,0.162536514531471,0.286144909391549,0.362700867654207,0.188617708422773
25346,0.381412201175194,0.0945931396718718,0.373867884584493,0.150126774568441
25347,0.5390030013096,0.258408646347572,0.0747880445034806,0.127800307839348
25348,0.393968127002582,0.200613160204668,0.188700005116017,0.216718707676734
25349,0.132015670560754,0.167388991593699,0.600676343428816,0.0999189944167308
25350,0.504152772870502,0.197736203571199,0.188330785345107,0.109780238213192
25351,0.254398563478143,0.127546267194052,0.398884429712964,0.219170739614841
25352,0.368571678984039,0.247401847811275,0.154038393801517,0.229988079403169
25353,0.202262973140159,0.137879451417053,0.351586685455589,0.308270889987199
25354,0.514923447450951,0.075233096707401,0.305507807794775,0.104335648046873
25355,0.12960019067403,0.504553293961464,0.103366749417825,0.26247976594668
25356,0.18202764081176,0.255760026200431,0.243638186389567,0.318574146598242
25357,0.176327604228333,0.409436108425591,0.319919384871399,0.0943169024746769
25358,0.372964775750952,0.215826313078319,0.294900805039743,0.116308106130985
25359,0.445276357859441,0.0690997653602894,0.377550840707946,0.108073036072324
25360,0.152108784103571,0.26190592857017,0.412375156002421,0.173610131323839
25361,0.331900632484212,0.0941926848741409,0.444981662336221,0.128925020305425
25362,0.0948919081666509,0.0969223157286406,0.618134049409243,0.190051726695466
25363,0.174619885904793,0.3466153218655,0.243425237942735,0.235339554286971
25364,0.156403847229792,0.178888577244072,0.505805676356859,0.158901899169276
25365,0.437675423222756,0.0716066788877996,0.190965134732538,0.299752763156907
25366,0.116522988705401,0.360012121455184,0.308022698655718,0.215442191183696
25367,0.0948700359406307,0.518389667498508,0.240326621235144,0.146413675325718
25368,0.314501045627727,0.550850863951562,0.0467226588671448,0.0879254315535659
25369,0.373131580338245,0.140862755075219,0.363667970010498,0.122337694576038
25370,0.181493305103972,0.329481961792556,0.330503177539506,0.158521555563966
25371,0.127065262561586,0.665871795822217,0.106084610146368,0.100978331469829
25372,0.463380629646696,0.0357167726832195,0.436781520537812,0.0641210771322722
25373,0.0733705768454642,0.511366635530066,0.263613092488942,0.151649695135527
25374,0.106853936667844,0.203203293312389,0.601917142192162,0.0880256278276056
25375,0.114454940983372,0.596336129650819,0.183846656919731,0.105362272446078
25376,0.282357238153184,0.205995266483642,0.348351328584859,0.163296166778315
25377,0.213177604447457,0.479777324670161,0.18830915543239,0.118735915449993
25378,0.407787955905523,0.143061178020699,0.358073795100774,0.091077070973004
25379,0.212784747432908,0.551883173600593,0.0945013841522838,0.140830694814215
25380,0.147529613087335,0.55160288572712,0.165365849380315,0.135501651805229
25381,0.239234858022323,0.308902727312444,0.235393298428663,0.21646911623657
25382,0.533085211015459,0.161485944700867,0.149370010259722,0.156058834023952
25383,0.0700169773483924,0.681890850822564,0.187279003959056,0.0608131678699875
25384,0.189311466973166,0.146726223171846,0.43487858539565,0.229083724459338
25385,0.120578730743031,0.160485524005651,0.571600419247708,0.14733532600361
25386,0.36940593565283,0.252994854156818,0.155086002150545,0.222513208039807
25387,0.35628376364922,0.146485873682043,0.264337779738006,0.232892582930731
25388,0.216404057136828,0.256785898259465,0.376675380742957,0.15013466386075
25389,0.279580901633651,0.390149599948466,0.161165059373749,0.169104439044133
25390,0.17978971135597,0.257156795095513,0.430824956912013,0.132228536636505
25391,0.189988276617591,0.325131794324681,0.314855406017111,0.170024523040618
25392,0.24421183237373,0.108725855948156,0.504463271258303,0.142599040419812
25393,0.117849385731989,0.538321891995423,0.227403646938351,0.116425075334237
25394,0.132989871338305,0.258876812071106,0.536728090215053,0.0714052263755363
25395,0.162870473282422,0.242104102076109,0.358728480420535,0.236296944220934
25396,0.18187390071221,0.5498091241666,0.160815257703667,0.107501717417523
25397,0.190103293180149,0.206616663578706,0.502608950607624,0.100671092633522
25398,0.302765520075945,0.180612751361384,0.380332663010686,0.136289065551985
25399,0.244418555479314,0.269182063529221,0.255413582783691,0.230985798207774
25400,0.115092288532647,0.386646581786194,0.313718443079323,0.184542686601836
25401,0.280337576161046,0.317660650417277,0.28497386945824,0.117027903963437
25402,0.401702413269708,0.176443643918195,0.240024112652448,0.181829830159649
25403,0.156408281976872,0.373451765179006,0.358394193622793,0.111745759221329
25404,0.375799684871874,0.210612177965419,0.272686768577185,0.140901368585523
25405,0.492637943983031,0.202391232104748,0.165958407375366,0.139012416536855
25406,0.172373578362802,0.382995640870105,0.249455292036865,0.195175488730228
25407,0.216559022343547,0.115138275235634,0.48336758365611,0.184935118764708
25408,0.261709322584861,0.392777304970645,0.140891612889563,0.20462175955493
25409,0.310103038468482,0.0901652125720108,0.526860763787155,0.0728709851723518
25410,0.0374124817444592,0.347039153898715,0.531701918684418,0.0838464456724081
25411,0.191555159367298,0.281702356806027,0.234860973707264,0.291881510119411
25412,0.546486697708511,0.171728003111982,0.13936660787965,0.142418691299858
25413,0.69542115300175,0.12424103842015,0.0929553670154324,0.0873824415626674
25414,0.113183409287126,0.0873785314765659,0.676621128878717,0.122816930357591
25415,0.093743346771301,0.255399721551486,0.476518094053303,0.17433883762391
25416,0.256264902450397,0.299677923934885,0.357495352493528,0.0865618211211897
25417,0.066897294832781,0.229354126724429,0.600093155795308,0.103655422647482
25418,0.0924588306471913,0.636135740433448,0.114345844678553,0.157059584240807
25419,0.17208566842076,0.284818321989156,0.480356045597552,0.0627399639925323
25420,0.163601799185955,0.367137471446988,0.27952303587317,0.189737693493886
25421,0.317897592167951,0.308344814752427,0.310475431605621,0.063282161474002
25422,0.385393482272572,0.237361888654851,0.126882551109287,0.25036207796329
25423,0.447674522588521,0.0624373288722041,0.233927883770397,0.255960264768878
25424,0.172020074668948,0.17954162121266,0.498828801601637,0.149609502516755
25425,0.145638816204995,0.085586602502043,0.550680421081953,0.218094160211009
25426,0.204387138073474,0.531191838648182,0.0731746931425159,0.191246330135828
25427,0.160243632689514,0.247302067112883,0.311427401343299,0.281026898854304
25428,0.123535353858962,0.0583324242230518,0.617036666918034,0.201095554999953
25429,0.329348620228054,0.0742846310450686,0.342317588113463,0.254049160613414
25430,0.546133239935448,0.0756688351665264,0.249286776270602,0.128911148627424
25431,0.083504960041377,0.585817284342968,0.215046876997503,0.115630878618152
25432,0.329918146041619,0.138705024908535,0.237787101576504,0.293589727473343
25433,0.0590688919873086,0.0963855331991088,0.582408919495903,0.26213665531768
25434,0.430516782388909,0.106960656459512,0.257897321256267,0.204625239895312
25435,0.450646413732935,0.29799983387372,0.147292494822717,0.104061257570627
25436,0.153568638514489,0.594785846917389,0.0540239628499824,0.197621551718139
25437,0.423824936006824,0.305172885346417,0.135753862117896,0.135248316528863
25438,0.263814059148657,0.166745380247507,0.39161982666445,0.177820733939385
25439,0.146489621251682,0.115751829457629,0.474327133153908,0.263431416136782
25440,0.07764293888815,0.0572235599889808,0.663579486466104,0.201554014656766
25441,0.411450285180793,0.241199095759186,0.173606983530161,0.17374363552986
25442,0.0861644221206062,0.0701999173284605,0.566100865234939,0.277534795315994
25443,0.359870662693022,0.230303479776754,0.0763971761457609,0.333428681384464
25444,0.0989015604074675,0.182085542031223,0.237958763171826,0.481054134389484
25445,0.199377499367479,0.439666280148129,0.132162729791802,0.22879349069259
25446,0.35072128531434,0.194523108821265,0.0870350235370653,0.36772058232733
25447,0.145655793183617,0.25845507044067,0.112228989322908,0.483660147052805
25448,0.311839918430531,0.316171011494198,0.0707184983871093,0.301270571688163
25449,0.090002660042443,0.425133766340014,0.106938199265405,0.377925374352138
25450,0.442483466732032,0.202380850348249,0.178566947214534,0.176568735705185
25451,0.253652361168693,0.46290751050372,0.132899525526635,0.150540602800951
25452,0.551470457616875,0.168428017445162,0.0316744123740305,0.248427112563933
25453,0.121334121395043,0.149034765127443,0.176615119524433,0.553015993953081
25454,0.289810790809,0.106277864211812,0.347019071734996,0.256892273244192
25455,0.330486146788395,0.172034203464859,0.142409522800084,0.355070126946662
25456,0.202127727049662,0.143731581382488,0.160222552260446,0.493918139307404
25457,0.112922458891285,0.200148259144713,0.522777220131108,0.164152061832894
25458,0.394055740515256,0.131923365858095,0.160978591170265,0.313042302456384
25459,0.666617203031767,0.0568944694884013,0.119851252418067,0.156637075061765
25460,0.109857379308238,0.281251375228327,0.439740776093754,0.16915046936968
25461,0.0354843740862839,0.0590375251564548,0.263330734471152,0.642147366286109
25462,0.0803840867518349,0.289588838120108,0.0258275784563414,0.604199496671715
25463,0.303639681350362,0.0543408863186647,0.146667082180308,0.495352350150666
25464,0.0200239827548684,0.374176367740333,0.180709511969639,0.42509013753516
25465,0.627851506483032,0.145224948077669,0.0471777544602392,0.17974579097906
25466,0.0574956255966103,0.162566017227041,0.587139857718905,0.192798499457444
25467,0.123550482346649,0.155479221774562,0.0468971046062981,0.67407319127249
25468,0.0992878286572909,0.303572262482773,0.224175774774358,0.372964134085578
25469,0.150769752637854,0.480996693339099,0.028142067924601,0.340091486098446
25470,0.159442970295939,0.200536055972121,0.451229089513602,0.188791884218338
25471,0.0336721288255832,0.275424839131098,0.0419074961019856,0.648995535941333
25472,0.124189560880818,0.154227615881445,0.11790661056327,0.603676212674467
25473,0.287891880779784,0.13035985477588,0.282298694852417,0.299449569591919
25474,0.153492611072354,0.458490631266748,0.0237866611890714,0.364230096471827
25475,0.078265264124059,0.400753244979189,0.111650426454271,0.409331064442481
25476,0.208364618329355,0.347555793610248,0.0179869030610933,0.426092684999303
25477,0.133503615913023,0.115652004040906,0.270008130607697,0.480836249438374
25478,0.0687690439097232,0.257828620505085,0.0379596032405001,0.635442732344692
25479,0.0245737921636735,0.0198583390161992,0.637868696651558,0.317699172168569
25480,0.21097199189928,0.127317961898752,0.344258514155477,0.31745153204649
25481,0.137858430461114,0.642016254389554,0.0590640033099833,0.161061311839349
25482,0.308558819011732,0.194794383711729,0.330287256900773,0.166359540375766
25483,0.278561722554093,0.357103720397965,0.234783975013307,0.129550582034636
25484,0.251721886404116,0.107901741499863,0.262618124911358,0.377758247184663
25485,0.494875297579156,0.149480903001372,0.190493957390659,0.165149842028813
25486,0.243053397811679,0.265848746688496,0.33215036766722,0.158947487832605
25487,0.281244212794186,0.127790927270081,0.220558243586915,0.370406616348818
25488,0.290583466435325,0.178511334090064,0.181492060053784,0.349413139420827
25489,0.268674669641966,0.325226746411953,0.218297676951509,0.187800906994573
25490,0.134619681358551,0.154852388249729,0.590384556729545,0.120143373662175
25491,0.158173221776609,0.375579800854382,0.171123287271871,0.295123690097138
25492,0.41361989076545,0.217388031310285,0.266013485907258,0.102978592017007
25493,0.114038806403207,0.143219705923053,0.312430107754707,0.430311379919033
25494,0.426936584351572,0.257950861606704,0.101493631046343,0.213618922995381
25495,0.39845156594146,0.118817405947912,0.288304831481239,0.194426196629389
25496,0.0761063682732313,0.193034654634132,0.616370859897722,0.114488117194914
25497,0.0740790013798931,0.0698064785400819,0.684761539005646,0.171352981074379
25498,0.626467951580185,0.0748468449407622,0.0899901095784061,0.208695093900647
25499,0.151276527454808,0.188201979917608,0.512782111000923,0.147739381626661
25500,0.578496438370615,0.0917455081934567,0.217317816128621,0.112440237307307
25501,0.151529128360556,0.471512885246911,0.255064760858048,0.121893225534485
25502,0.271630107870358,0.116907026033402,0.465975464420372,0.145487401675867
25503,0.114419046752912,0.159196885454978,0.578999136981339,0.147384930810771
25504,0.301699405335262,0.489354757307672,0.0772532895349404,0.131692547822125
25505,0.187644472000282,0.35485560509029,0.259105230996515,0.198394691912913
25506,0.244592331255188,0.222471029881019,0.391533223296582,0.141403415567211
25507,0.228375016142313,0.289385777575414,0.163516985116896,0.318722221165377
25508,0.0693407850210629,0.592340095462619,0.219041733253329,0.119277386262989
25509,0.339139073489831,0.151988096554836,0.31409800499211,0.194774824963222
25510,0.305902778515198,0.24787173817313,0.255657495662186,0.190567987649486
25511,0.611072652647956,0.109512832668393,0.123257101290335,0.156157413393316
25512,0.326651901385465,0.190984906899597,0.35509285971154,0.127270332003398
25513,0.211332354934909,0.278952361937752,0.263161789237265,0.246553493890073
25514,0.170779820355964,0.374281811267475,0.305854532781374,0.149083835595187
25515,0.160355426358368,0.505289657299416,0.17124227865864,0.163112637683576
25516,0.200472707376688,0.53102149276926,0.101781459212839,0.166724340641213
25517,0.27031975182177,0.267412355562849,0.26788551994936,0.194382372666021
25518,0.377007075934168,0.270531191661446,0.222382782288048,0.130078950116338
25519,0.179112225733777,0.445475272829667,0.239458818404895,0.135953683031661
25520,0.196339626515517,0.338620823394271,0.370645857025901,0.0943936930643114
25521,0.30420686425896,0.346685731285509,0.127299904742008,0.221807499713524
25522,0.174301023793605,0.452770067506336,0.17927527455651,0.193653634143549
25523,0.648024801531379,0.0858177502852676,0.143124202333307,0.123033245850046
25524,0.223602749495793,0.24349771708646,0.354610834985602,0.178288698432145
25525,0.428230190983146,0.251556201126305,0.116929329989904,0.203284277900645
25526,0.254559909064071,0.549759312925516,0.0910687270826816,0.104612050927732
25527,0.322011713469793,0.26984075344098,0.243544846288087,0.16460268680114
25528,0.414948544259309,0.12198993275003,0.311069930047488,0.151991592943173
25529,0.472627514506022,0.139542999418076,0.286074491580187,0.101754994495715
25530,0.210324912446415,0.513754736558646,0.131921021367393,0.143999329627547
25531,0.0463694864623609,0.202881881556041,0.667064654959774,0.0836839770218235
25532,0.136226858927039,0.523479673741283,0.254729955463555,0.0855635118681228
25533,0.311863527994978,0.146559270707214,0.45064316647338,0.0909340348244278
25534,0.119314353811891,0.507353143100082,0.234973944787627,0.1383585583004
25535,0.265422648081593,0.529562636182466,0.0595585119157773,0.145456203820164
25536,0.0864358240577661,0.409180014474338,0.37412871599144,0.130255445476456
25537,0.16488750749784,0.271892551549896,0.339002223647778,0.224217717304486
25538,0.481786953669705,0.17858594738746,0.199874048489929,0.139753050452907
25539,0.376596239745157,0.308636851418755,0.19283930075786,0.121927608078229
25540,0.12704538346306,0.139920467464833,0.639229330204688,0.0938048188674198
25541,0.395966702848203,0.307971608496677,0.184726406113804,0.111335282541317
25542,0.263336598942243,0.381384417072092,0.243405863570271,0.111873120415394
25543,0.315302702555883,0.192617199898075,0.382076922596868,0.110003174949174
25544,0.283809493842341,0.514278454951977,0.0598340855583584,0.142077965647324
25545,0.425106500441741,0.20101598555952,0.233820979908175,0.140056534090564
25546,0.271522416614268,0.550562882890065,0.0929229004439506,0.0849918000517158
25547,0.152640773895698,0.239785494660385,0.480890467650136,0.126683263793781
25548,0.249010642020616,0.264768693964619,0.304727452864085,0.18149321115068
25549,0.221257762658985,0.136474688340463,0.487586246646704,0.154681302353849
25550,0.299355341426433,0.244242965323982,0.227795995358698,0.228605697890888
25551,0.328177928498907,0.209701889944718,0.30258690193491,0.159533279621465
25552,0.232851131745284,0.316643122590955,0.268794124814112,0.181711620849648
25553,0.148113423872798,0.531642785877667,0.212284773063471,0.107959017186064
25554,0.113574599172198,0.552995196693141,0.194331893968968,0.139098310165692
25555,0.531049598857107,0.171298801142846,0.145817423627425,0.151834176372622
25556,0.309323588945931,0.487506965538271,0.0983370958683645,0.104832349647434
25557,0.404698902944283,0.348563951152461,0.157848663139514,0.0888884827637422
25558,0.499610199312404,0.155470504733743,0.122810689777848,0.222108606176005
25559,0.518750762618196,0.191825152847882,0.191131977632661,0.098292106901261
25560,0.345535568806388,0.409749743337521,0.0882782813231865,0.156436406532905
25561,0.268114062317085,0.447705437077335,0.127499948073854,0.156680552531726
25562,0.217409481105254,0.225596498455849,0.387261475670942,0.169732544767955
25563,0.395018819932237,0.227490644557376,0.266003917433249,0.111486618077138
25564,0.0998471979586771,0.145481105600703,0.654594129277873,0.100077567162746
25565,0.4029485467968,0.0728864433472252,0.295742546251308,0.228422463604667
25566,0.0909097477591323,0.488889911056791,0.210189678432723,0.210010662751354
25567,0.0535398475560364,0.425223678959123,0.350513128745819,0.170723344739022
25568,0.399988344816945,0.365881021334593,0.153453929165474,0.0806767046829879
25569,0.232980529586479,0.26414329972957,0.407586048625836,0.0952901220581158
25570,0.366186452586649,0.15052379556943,0.316738814322586,0.166550937521335
25571,0.309542441191807,0.183496241079692,0.195148432201091,0.311812885527411
25572,0.472282989084429,0.108322657222992,0.155412474555135,0.263981879137445
25573,0.118321989869392,0.68841882360265,0.102238699202696,0.0910204873252616
25574,0.155507233046239,0.0834916296261586,0.562416432064103,0.1985847052635
25575,0.431485951537821,0.109953751545185,0.260631139421433,0.197929157495561
25576,0.419502574283105,0.0921628675380229,0.339280146947482,0.149054411231391
25577,0.392054503577729,0.121425644841418,0.269669056492224,0.21685079508863
25578,0.486364975548935,0.268728537737327,0.087691598523921,0.157214888189817
25579,0.646936069953721,0.136480831110456,0.0917054868694736,0.12487761206635
25580,0.267933616189903,0.380582311544261,0.146764902902041,0.204719169363795
25581,0.458491346610974,0.166965425157402,0.0812187478257989,0.293324480405824
25582,0.117868498777597,0.196234651325636,0.16945764965206,0.516439200244707
25583,0.481861567826882,0.0398472532480853,0.373420771682807,0.104870407242225
25584,0.276535273343126,0.327254309946892,0.166515759147418,0.229694657562564
25585,0.176100579246648,0.332366733836804,0.146213186305237,0.345319500611311
25586,0.0810765440537977,0.148527615171374,0.66386985635696,0.106525984417868
25587,0.663074042028354,0.142842264634591,0.0800039449582535,0.114079748378802
25588,0.303210860842503,0.194654793612995,0.229098531714012,0.27303581383049
25589,0.51985874999433,0.291223030679288,0.116140525854709,0.0727776934716733
25590,0.242067343978082,0.252043772921221,0.14594153871401,0.359947344386687
25591,0.16183381046458,0.392781089409043,0.181552669938199,0.263832430188178
25592,0.357169202502899,0.530504300474856,0.0215460527879213,0.0907804442343241
25593,0.199152157285983,0.408648647126654,0.27079848328914,0.121400712298222
25594,0.230483048916035,0.318603650968777,0.245701074622476,0.205212225492711
25595,0.3106736520536,0.369133125613662,0.129879707835139,0.190313514497599
25596,0.107309281594948,0.0553676112035014,0.670279214977323,0.167043892224228
25597,0.395100786045184,0.191869197033565,0.125817037795294,0.287212979125958
25598,0.198080444384549,0.338022077615868,0.202872178704464,0.26102529929512
25599,0.204820752612556,0.175418555239938,0.447860058423817,0.171900633723689
25600,0.158277298561065,0.110590134858299,0.548013435042044,0.183119131538592
25601,0.549526971595615,0.0260951750233693,0.257539502919057,0.166838350461959
25602,0.298732623576217,0.136943681245988,0.279671300372885,0.28465239480491
25603,0.513013614155131,0.249253954905182,0.0834162533031213,0.154316177636566
25604,0.158497795239388,0.561634677274827,0.198053124744623,0.0818144027411633
25605,0.143682235087611,0.127537372300491,0.324631008068393,0.404149384543506
25606,0.116688105141541,0.536309217360637,0.133339017451655,0.213663660046168
25607,0.266810816518744,0.405693112834866,0.0904116249369974,0.237084445709393
25608,0.12619848252958,0.304631120487482,0.311342923869243,0.257827473113695
25609,0.573673060054962,0.162374259856971,0.0967490272678894,0.167203652820177
25610,0.358071563610317,0.172419460688756,0.203464149185153,0.266044826515774
25611,0.108863468980685,0.377717220519392,0.340640531993934,0.172778778505989
25612,0.168185682874748,0.308290207164071,0.386076665343278,0.137447444617903
25613,0.533406721517468,0.102125580262891,0.206301788585087,0.158165909634554
25614,0.381788024774108,0.226906910594956,0.182101109434471,0.209203955196465
25615,0.347783509764886,0.326248040484029,0.182231401191323,0.143737048559762
25616,0.0945599282397095,0.378486529774961,0.307980389052593,0.218973152932737
25617,0.639503376489678,0.0802911451702521,0.208850586748628,0.0713548915914417
25618,0.143546344029585,0.15328863966384,0.593790485736469,0.109374530570106
25619,0.204606139990344,0.0843427826982142,0.55672338128028,0.154327696031161
25620,0.166924110747624,0.0825753316646517,0.502454395855985,0.248046161731739
25621,0.132017473252216,0.0495449706712052,0.740842807043186,0.0775947490333929
25622,0.330675847942939,0.159704505495193,0.356560463423442,0.153059183138427
25623,0.191606507676142,0.538266173658848,0.138245381573781,0.131881937091229
25624,0.326553832976255,0.180949342650942,0.299673698756235,0.192823125616568
25625,0.203710808663062,0.264283108310375,0.257541326582065,0.274464756444497
25626,0.266715100141091,0.472727020274728,0.115228605740019,0.145329273844162
25627,0.327813339098415,0.323780188496161,0.213487720619309,0.134918751786115
25628,0.120165942921018,0.367782317330836,0.295239561374361,0.216812178373785
25629,0.281371523789573,0.413521010100263,0.216303173462968,0.0888042926471962
25630,0.249043265971144,0.564520312019219,0.0630357244770308,0.123400697532606
25631,0.199652999405325,0.244109154095334,0.35286382941275,0.203374017086591
25632,0.192923976394021,0.354768570387678,0.341883374256931,0.11042407896137
25633,0.105635347557748,0.238798189629289,0.333255114205006,0.322311348607956
25634,0.49235197864984,0.164097220621296,0.153156045483309,0.190394755245555
25635,0.616896225399653,0.154963393337812,0.0613866885140464,0.166753692748488
25636,0.361508640021291,0.192827071504347,0.223601636659964,0.222062651814398
25637,0.32084139565725,0.208887071349721,0.31923094683361,0.151040586159419
25638,0.231491674156606,0.329647527674171,0.108983218622259,0.329877579546965
25639,0.20999519410664,0.472789010663453,0.139470356751572,0.177745438478336
25640,0.293408997214676,0.191958765926174,0.270027257024232,0.244604979834918
25641,0.191548834257324,0.368149259215513,0.339222391941349,0.101079514585814
25642,0.0392124126146037,0.585814451466446,0.142985990430381,0.23198714548857
25643,0.180304202510295,0.649446666514112,0.0703582358980624,0.0998908950775311
25644,0.633633085097136,0.0664362427771686,0.113259896863407,0.186670775262289
25645,0.0521093549901368,0.755353868476132,0.0579730718363592,0.134563704697372
25646,0.274163456164681,0.0870812601239445,0.519488069228734,0.11926721448264
25647,0.177616650097129,0.24295875614839,0.413494105631484,0.165930488122998
25648,0.276202492185402,0.141356770758991,0.382782569694909,0.199658167360698
25649,0.200633343531039,0.493254344359317,0.120209340354309,0.185902971755334
25650,0.0821196561710937,0.0996741988561399,0.576275989553542,0.241930155419225
25651,0.392660892377651,0.360028648075901,0.162477427386635,0.0848330321598131
25652,0.461716450047512,0.172867553823235,0.104360163808675,0.261055832320578
25653,0.159403227933476,0.355601169159141,0.333619322623426,0.151376280283958
25654,0.0757657206860011,0.539565943387595,0.257139847983338,0.127528487943066
25655,0.0972382845429686,0.103617297747893,0.662092621906192,0.137051795802946
25656,0.373986333259609,0.331010105542933,0.102909445799846,0.192094115397612
25657,0.251267880725725,0.351142858366114,0.157416702817608,0.240172558090552
25658,0.351176307863812,0.38880065483457,0.0655769086088545,0.194446128692764
25659,0.491306266369483,0.139339939569724,0.22644572006394,0.142908073996854
25660,0.166725780947674,0.5957923359326,0.0997559200248304,0.137725963094895
25661,0.232958972532241,0.0944988082153379,0.387607735025329,0.284934484227092
25662,0.411304228725617,0.372355123338922,0.043149752955262,0.173190894980199
25663,0.180138507488214,0.163113100556213,0.274213592094542,0.382534799861031
25664,0.0448381518897455,0.513597319646506,0.284642174086817,0.156922354376931
25665,0.0686278473625289,0.350629034032776,0.341760886017279,0.238982232587415
25666,0.182626344583196,0.202354819003106,0.269265025822774,0.345753810590924
25667,0.656498045973187,0.0811135397686246,0.112115643982568,0.15027277027562
25668,0.246509110888167,0.258387155957614,0.0909856679360855,0.404118065218133
25669,0.0665347004694788,0.509922278785618,0.17244047102289,0.251102549722014
25670,0.463862567156299,0.312883221422096,0.081875408815895,0.14137880260571
25671,0.181325870604468,0.441786549084965,0.271692221240999,0.105195359069568
25672,0.0936781605446948,0.412832161162551,0.225113040247769,0.268376638044986
25673,0.105610027813736,0.522449350417747,0.133269580648776,0.23867104111974
25674,0.44113534792107,0.193597722300223,0.188294012635797,0.176972917142909
25675,0.313769635671874,0.152116131477498,0.361181856336565,0.172932376514063
25676,0.129829434345475,0.650502617697345,0.0656427873941095,0.15402516056307
25677,0.499716181077116,0.29573500403549,0.0415246677523423,0.163024147135051
25678,0.151845528933566,0.332576523051222,0.338000500303969,0.177577447711242
25679,0.120725544374244,0.655701815732266,0.0606904012470199,0.16288223864647
25680,0.0648984372768546,0.697786728372248,0.138562372776496,0.0987524615744008
25681,0.0978760864859996,0.404542627397732,0.22635720134416,0.271224084772109
25682,0.263572625372026,0.24253167898503,0.232717672532903,0.26117802311004
25683,0.342726184050255,0.330738761920395,0.18359374353196,0.142941310497389
25684,0.0444541946504254,0.594120852941551,0.154000359743529,0.207424592664495
25685,0.171515548187726,0.462211469618382,0.119330714690203,0.24694226750369
25686,0.0851467509064503,0.360698925958989,0.40769214238986,0.1464621807447
25687,0.134780070707316,0.691955781851777,0.0722521861792614,0.101011961261646
25688,0.189248779740796,0.382824232058903,0.298142488032831,0.12978450016747
25689,0.618910679767301,0.0798095514816151,0.208899907794443,0.0923798609566405
25690,0.127570005255112,0.555032691071092,0.221997350504012,0.0953999531697833
25691,0.199821942215025,0.169026886709375,0.541695547949931,0.0894556231256688
25692,0.386715279397905,0.282229189531135,0.146270220058617,0.184785311012342
25693,0.154312884130808,0.380142759221772,0.350557814338462,0.114986542308958
25694,0.377486007467181,0.147952647379753,0.302593212466074,0.171968132686992
25695,0.391860109735495,0.35706374045039,0.134953169470953,0.116122980343163
25696,0.177867593621925,0.437146764168794,0.317811558441306,0.0671740837679755
25697,0.111079092301421,0.29969649519839,0.498641245350228,0.0905831671499612
25698,0.206930326368661,0.382231239966959,0.301205848529999,0.109632585134381
25699,0.309638294910188,0.190977019384163,0.380520402154764,0.118864283550885
25700,0.268722273986821,0.23430093582276,0.401406723155532,0.0955700670348879
25701,0.272778299414327,0.510601623886936,0.10550063600894,0.111119440689797
25702,0.136749564402443,0.280392605762594,0.501483557848517,0.0813742719864455
25703,0.290075047901532,0.392217902641143,0.200243610707757,0.117463438749567
25704,0.486966672810409,0.189005654435645,0.179686130317607,0.144341542436339
25705,0.0686671034441982,0.283719921906,0.517390015996565,0.130222958653237
25706,0.464752874837408,0.205336493282723,0.231427188776831,0.0984834431030375
25707,0.372179783989547,0.359958081606661,0.139019883027576,0.128842251376216
25708,0.3794407448953,0.0429623489169625,0.498070480951399,0.0795264252363378
25709,0.317012076083328,0.250912068457652,0.343445751620058,0.0886301038389622
25710,0.166955628188868,0.239604368854124,0.442521678642617,0.150918324314391
25711,0.396277556304028,0.171158341411789,0.352531949635532,0.0800321526486517
25712,0.425683529248792,0.244988963478873,0.217243453961305,0.11208405331103
25713,0.332619829754307,0.264549893495652,0.354835380072996,0.0479948966770455
25714,0.335560890265969,0.241868832848876,0.315540844706814,0.107029432178341
25715,0.328666444343774,0.314389628998882,0.291019621781977,0.0659243048753666
25716,0.307228906873202,0.249741006600817,0.342630910942625,0.100399175583356
25717,0.17350431886863,0.492069964609391,0.20807281167177,0.12635290485021
25718,0.45483879207505,0.192823962443836,0.19511833323643,0.157218912244684
25719,0.508534340261172,0.255187237903562,0.173212604123163,0.0630658177121033
25720,0.228779591204905,0.269349536855336,0.377669502119092,0.124201369820667
25721,0.312033291836482,0.173187257542482,0.444036175595512,0.0707432750255244
25722,0.186124393590601,0.357927185066459,0.232971283003002,0.222977138339937
25723,0.219385772966253,0.252593933190937,0.450616802667939,0.0774034911748714
25724,0.417964986462127,0.207913788775807,0.243145012436093,0.130976212325972
25725,0.240916563658791,0.249893735687322,0.40872183616501,0.100467864488877
25726,0.289008385109354,0.375566560129486,0.22545935603325,0.109965698727911
25727,0.0885149447044074,0.303311243257302,0.509411721165262,0.098762090873029
25728,0.252082448851116,0.240375999922773,0.302460892660288,0.205080658565822
25729,0.326546148933918,0.150767325919094,0.433978549129548,0.0887079760174409
25730,0.651577799608547,0.158848631196245,0.117591212410927,0.0719823567842805
25731,0.419815482159707,0.0541560173796901,0.385976280263325,0.140052220197277
25732,0.0795287553634333,0.0532597537585211,0.784547223510126,0.0826642673679194
25733,0.293636910115797,0.251800330638123,0.214442622356103,0.240120136889977
25734,0.358733121430718,0.280433628412321,0.260281156210234,0.100552093946727
25735,0.171341602676927,0.231701622325067,0.471116221153624,0.125840553844382
25736,0.358170332565568,0.216249896093609,0.30161269404306,0.123967077297764
25737,0.17588155097182,0.661290328202103,0.0335532373205727,0.129274883505505
25738,0.271575629805095,0.305911468121991,0.202731613283577,0.219781288789336
25739,0.169458939766465,0.121925553063145,0.573956429495239,0.134659077675151
25740,0.41785347873438,0.223240138205348,0.250943943362226,0.107962439698047
25741,0.382176972773781,0.427039081460057,0.0386771386883982,0.152106807077763
25742,0.0881034400872545,0.640664025425876,0.131744992148153,0.139487542338717
25743,0.153319947994681,0.375757685601655,0.271082067284922,0.199840299118741
25744,0.403432732338597,0.387082960665404,0.0720462687791522,0.137438038216847
25745,0.202700329954148,0.399370009421516,0.277541054136849,0.120388606487487
25746,0.643090636559576,0.114191365892708,0.162450100376426,0.0802678971712902
25747,0.494919689751319,0.253719691109557,0.0816062575106379,0.169754361628487
25748,0.0841541130966259,0.592252324371534,0.121713434023235,0.201880128508605
25749,0.457323845936107,0.231882211162231,0.16315481534495,0.147639127556712
25750,0.241003912473155,0.169513699346362,0.466726904366417,0.122755483814066
25751,0.200534347216185,0.244730388716161,0.416441310064228,0.138293954003426
25752,0.289608542015185,0.209697341353931,0.297631144519346,0.203062972111539
25753,0.274107763937713,0.153943495662434,0.444035923286978,0.127912817112875
25754,0.580703398892236,0.0867915209953177,0.140303655708267,0.192201424404179
25755,0.276186516355537,0.157753812214405,0.341395564353337,0.224664107076721
25756,0.351731942991847,0.469326799526135,0.0807500645827896,0.098191192899228
25757,0.292520021856456,0.232696101980864,0.250083572732967,0.224700303429714
25758,0.261358302911583,0.12932773398309,0.395848368269182,0.213465594836145
25759,0.289814515659357,0.532816123125591,0.0760144938452009,0.101354867369851
25760,0.476498223677506,0.17787365843486,0.224450852068855,0.121177265818779
25761,0.197896928473388,0.380271992010044,0.173140762354451,0.248690317162118
25762,0.187091447009897,0.45961573709189,0.15188878563047,0.201404030267743
25763,0.302509850567783,0.215666319731988,0.282886427530241,0.198937402169989
25764,0.425584734969244,0.176677290092001,0.260117893416499,0.137620081522256
25765,0.357323849684164,0.148683071750833,0.271436324809805,0.222556753755198
25766,0.100838999787064,0.568956345490888,0.201239450566186,0.128965204155862
25767,0.421077376389982,0.295545364646425,0.0988597146279556,0.184517544335637
25768,0.342527767115944,0.225193932664968,0.172468648688614,0.259809651530474
25769,0.34741232541971,0.297512193468706,0.159131276489561,0.195944204622024
25770,0.204058437409279,0.186760772125147,0.401378400939945,0.207802389525629
25771,0.112342522829915,0.381356804890335,0.298036512711488,0.208264159568261
25772,0.152068814165483,0.3783576004383,0.283851050785483,0.185722534610734
25773,0.422596302397298,0.176613824600892,0.139308667012368,0.261481205989442
25774,0.182708940057555,0.317772770027009,0.401445967922697,0.0980723219927395
25775,0.315765750316046,0.102877322139975,0.458533052588563,0.122823874955416
25776,0.353915957390118,0.147998291828583,0.250699887710933,0.247385863070365
25777,0.147149240641395,0.151827272733469,0.554997644957596,0.14602584166754
25778,0.30399182868891,0.425721545262911,0.105823326601418,0.164463299446761
25779,0.332773698091094,0.321240882989545,0.117996239184632,0.22798917973473
25780,0.14753571373453,0.303895548310718,0.363740991013412,0.18482774694134
25781,0.42318200802782,0.269668731437039,0.109156648170361,0.197992612364779
25782,0.165055735964968,0.542090185242823,0.0471160805986826,0.245737998193526
25783,0.332173856070575,0.250872050220792,0.272283727362489,0.144670366346144
25784,0.234675265731777,0.264210811660483,0.295639264393305,0.205474658214435
25785,0.146975106662539,0.241507133785425,0.299170934773676,0.312346824778359
25786,0.346142583885679,0.337385246257111,0.169151479994454,0.147320689862756
25787,0.1302287057325,0.423252185173125,0.327058869501348,0.119460239593026
25788,0.392417513885766,0.241655425474723,0.241214132073847,0.124712928565663
25789,0.447916040078248,0.146557085444823,0.269829774857751,0.135697099619178
25790,0.300619236698726,0.364259488125711,0.130414345073533,0.20470693010203
25791,0.134638543318406,0.429495399870593,0.240477012399195,0.195389044411807
25792,0.292564412071097,0.202512750114841,0.367312143123728,0.137610694690334
25793,0.146968330553368,0.47464863578542,0.181195041404451,0.197187992256761
25794,0.389973083542799,0.263266097961702,0.176414595715132,0.170346222780367
25795,0.147817059364059,0.426731088016283,0.271480369174152,0.153971483445506
25796,0.316164792708724,0.14586710035342,0.358043793882893,0.179924313054964
25797,0.267638269532346,0.402812329967704,0.143440733284378,0.186108667215572
25798,0.175598698237074,0.384423692168057,0.269207170839681,0.170770438755187
25799,0.252389876159899,0.13177993364196,0.416751566231989,0.199078623966152
25800,0.286815734927212,0.315878730889828,0.170927859267562,0.226377674915398
25801,0.208792131677699,0.279535686196704,0.316536125526692,0.195136056598904
25802,0.237713960951901,0.233835961598109,0.201527405000153,0.326922672449837
25803,0.505723235196496,0.247138096828075,0.0986174706171463,0.148521197358282
25804,0.191882443961084,0.122926606223664,0.494463327278239,0.190727622537013
25805,0.312354319520089,0.507540997956266,0.0922959655080701,0.0878087170155747
25806,0.413369854317048,0.17460664992145,0.225233516557154,0.186789979204348
25807,0.179435788215558,0.615171231731463,0.0914344107915397,0.113958569261439
25808,0.401406073040654,0.271243159317356,0.120772937995069,0.206577829646921
25809,0.115794618077809,0.15790555801635,0.478420299765042,0.247879524140799
25810,0.264499497728113,0.093978488380721,0.445226295190988,0.196295718700178
25811,0.183126946668164,0.636695370639904,0.0810960226920405,0.0990816599998916
25812,0.225180679778299,0.184515761077532,0.423130586454948,0.167172972689221
25813,0.657155772813318,0.172723521831424,0.0862994570670007,0.0838212482882562
25814,0.160782225078561,0.417391265505749,0.215050740850908,0.206775768564782
25815,0.118161875506759,0.572335278828807,0.217556903979447,0.0919459416849873
25816,0.0980702852872604,0.453368544283332,0.328697405044713,0.119863765384695
25817,0.206839842240349,0.139162441602601,0.2657500839618,0.38824763219525
25818,0.139157595998963,0.501627800996373,0.228399942453198,0.130814660551466
25819,0.442029149979624,0.16976536278816,0.225695509095498,0.162509978136718
25820,0.170706776186871,0.177887603360909,0.31209547674047,0.33931014371175
25821,0.25807582197948,0.0714521042156639,0.53216752018227,0.138304553622587
25822,0.198969003620268,0.238192725933317,0.431185646996238,0.131652623450177
25823,0.281296107839885,0.272024271208347,0.235249281392216,0.211430339559552
25824,0.382042861079607,0.191745096583518,0.266541820569357,0.159670221767518
25825,0.0744118931811996,0.40414649627405,0.41946657417358,0.101975036371171
25826,0.305591987787776,0.31466208072435,0.188886057828838,0.190859873659036
25827,0.245767383286039,0.325676221010687,0.280194939316407,0.148361456386868
25828,0.36694559002397,0.420274817339692,0.105254568731485,0.107525023904853
25829,0.259979376355556,0.453586770721151,0.112690498375674,0.17374335454762
25830,0.185474517515627,0.413091872778285,0.29729593835597,0.104137671350118
25831,0.204171789315134,0.217742862791471,0.345245623007917,0.232839724885478
25832,0.103932737431902,0.294439281904454,0.345626610103084,0.256001370560559
25833,0.203751381035503,0.24730414789441,0.41170767212836,0.137236798941727
25834,0.361389297892971,0.183062229518427,0.325488142428518,0.130060330160084
25835,0.238050084538931,0.138829713851707,0.43926329787827,0.183856903731091
25836,0.112360671779209,0.216784705296488,0.539562273234143,0.13129234969016
25837,0.269193701731681,0.288886703774994,0.335772380916931,0.106147213576394
25838,0.26951631896508,0.467111599695595,0.091852413710519,0.171519667628806
25839,0.55155550675165,0.251625468804592,0.107806875749436,0.0890121486943227
25840,0.163997324370604,0.351389218191507,0.334063894998561,0.150549562439328
25841,0.213239473703513,0.171919302152996,0.43418934741768,0.180651876725812
25842,0.320430334286805,0.370514079865839,0.195622329036876,0.11343325681048
25843,0.3709674686883,0.432388897904435,0.103747329928197,0.0928963034790677
25844,0.562337512770466,0.0891418743843596,0.217407766985325,0.131112845859849
25845,0.158469013785523,0.436690174010038,0.32934751272545,0.0754932994789888
25846,0.315884760709859,0.192934251404933,0.303149734840267,0.188031253044942
25847,0.458023790983716,0.133283721174235,0.173265647572871,0.235426840269178
25848,0.170281663034257,0.524842678875968,0.112643854744329,0.192231803345446
25849,0.315274095792509,0.25033543164425,0.36921983411585,0.0651706384473912
25850,0.219254871136395,0.251699507629292,0.418134376472696,0.110911244761616
25851,0.49877962195379,0.246913368016076,0.142984451748802,0.111322558281332
25852,0.250414296094918,0.290703664750461,0.282935367378793,0.175946671775828
25853,0.153816858385769,0.392892471229045,0.360517077521821,0.0927735928633644
25854,0.36295132387853,0.265276788857614,0.130843027611902,0.240928859651955
25855,0.40610671791165,0.167660579419335,0.228592520326235,0.19764018234278
25856,0.495085814703625,0.262654794745985,0.0894256908386603,0.15283369971173
25857,0.144849439592649,0.209898232371148,0.35860755986289,0.286644768173313
25858,0.191499752256321,0.349040648417569,0.275163319364001,0.184296279962109
25859,0.30681890135197,0.154051979408683,0.304197857079057,0.23493126216029
25860,0.358062840929514,0.171633175812034,0.185961355955652,0.2843426273028
25861,0.214136168640632,0.1511187491424,0.473809806214914,0.160935276002054
25862,0.252622673644662,0.0665819958108217,0.489493960637827,0.191301369906689
25863,0.115006663199566,0.0590990493400732,0.706692311102993,0.119201976357367
25864,0.543345886913574,0.14889992549167,0.135853607114713,0.171900580480043
25865,0.101683209948958,0.380192865835981,0.38657404610691,0.131549878108151
25866,0.214456792664986,0.194883733620214,0.412126513400875,0.178532960313925
25867,0.157974025383634,0.419239863916922,0.276097486002752,0.146688624696692
25868,0.199208776211488,0.42165346807069,0.15871609078615,0.220421664931672
25869,0.0532595879779662,0.370996630141096,0.31278892772192,0.262954854159018
25870,0.207720685797617,0.119085129833662,0.276652861272386,0.396541323096334
25871,0.0412906063159989,0.239793088493264,0.583124746951382,0.135791558239356
25872,0.0997717538002369,0.204208935375177,0.555302592365977,0.140716718458609
25873,0.113450326561933,0.175988445833034,0.347987765395441,0.362573462209592
25874,0.475066172455642,0.0711035976124889,0.253357821159717,0.200472408772152
25875,0.21997697168399,0.212594201950144,0.391294664215552,0.176134162150314
25876,0.559840060285351,0.046314836395965,0.215060354503184,0.178784748815499
25877,0.496629428149535,0.0739946405688759,0.148859264827631,0.280516666453958
25878,0.334706941119363,0.149716435359093,0.292896486379267,0.222680137142277
25879,0.146843094421153,0.531028617965969,0.126644599672065,0.195483687940813
25880,0.171954586245449,0.637774457320993,0.0856382751984127,0.104632681235145
25881,0.355386698313171,0.362438231306283,0.208442024978074,0.0737330454024724
25882,0.307619883889752,0.318006495159865,0.230003720127023,0.14436990082336
25883,0.534711472062737,0.185232709751978,0.109912114714662,0.170143703470623
25884,0.180153034009252,0.372827888180293,0.330528692913314,0.11649038489714
25885,0.243219424942247,0.226077353417183,0.300291426448921,0.23041179519165
25886,0.0775865844815465,0.559625649864709,0.233541180223057,0.129246585430688
25887,0.335760409391272,0.218426131747716,0.300636429495301,0.145177029365711
25888,0.43479078958002,0.193934370149243,0.198547839839252,0.172727000431485
25889,0.232271711010397,0.244042953981209,0.3420331395963,0.181652195412093
25890,0.52992109328271,0.219172585634458,0.114968788745804,0.135937532337028
25891,0.176380772168279,0.178188823998936,0.557219023512405,0.0882113803203798
25892,0.198303403149148,0.32429123545561,0.32813096258499,0.149274398810252
25893,0.304339478395984,0.418905513048229,0.147625595493931,0.129129413061856
25894,0.43844064301281,0.386459738350268,0.0551922815607735,0.119907337076148
25895,0.385115816819377,0.153757297772957,0.316625880729286,0.14450100467838
25896,0.145926483902087,0.272490446072031,0.432061274077971,0.149521795947911
25897,0.162653160235895,0.444812514107732,0.296445632028869,0.0960886936275028
25898,0.335547803751524,0.414225809707816,0.189952670036383,0.060273716504277
25899,0.13700900432558,0.529269131834078,0.164100959021772,0.16962090481857
25900,0.157988401165121,0.257451901255488,0.406020520268917,0.178539177310474
25901,0.278830033559798,0.241287999429002,0.375168680393577,0.104713286617623
25902,0.125924224109642,0.340882504386824,0.424378759398351,0.108814512105183
25903,0.184903063315164,0.297702948822947,0.413707068368019,0.10368691949387
25904,0.0628070903768789,0.361085285093131,0.484128834672537,0.0919787898574539
25905,0.148418342198371,0.383651270934307,0.375596787031528,0.0923335998357943
25906,0.274565268081295,0.544881719244459,0.121114534733791,0.0594384779404553
25907,0.238068705699913,0.469731021184202,0.218017520815597,0.0741827523002889
25908,0.29336547614091,0.161790701906725,0.376420480652308,0.168423341300057
25909,0.47501363761984,0.28914769412554,0.115156894282052,0.120681773972569
25910,0.0550084098385201,0.393967450822303,0.447284871644425,0.103739267694752
25911,0.422160158732353,0.166260489795135,0.295683113042484,0.115896238430028
25912,0.32942649996536,0.425853475412388,0.160826147640587,0.0838938769816654
25913,0.12871645673057,0.283112017989901,0.436423071840727,0.151748453438802
25914,0.242944177237653,0.176680443817789,0.507665485603365,0.0727098933411934
25915,0.39693836249957,0.183744840937458,0.328213614947354,0.0911031816156177
25916,0.175759879901552,0.539656440688962,0.163936939245898,0.120646740163588
25917,0.305948332386887,0.43331038289533,0.104582310989137,0.156158973728646
25918,0.200630654816691,0.296888788718876,0.285013287284877,0.217467269179556
25919,0.363512426719341,0.0701499810029174,0.297831285894999,0.268506306382743
25920,0.303153781575636,0.418019879484617,0.129008233338318,0.149818105601429
25921,0.0846351381235447,0.115345663522329,0.623310592463794,0.176708605890332
25922,0.104040990418932,0.114504466616023,0.487287089092348,0.294167453872697
25923,0.314401002212859,0.231637565008594,0.153172978365557,0.300788454412991
25924,0.622610732082911,0.122074406200038,0.11937391295646,0.135940948760591
25925,0.177479316669407,0.119359444146377,0.521163852375742,0.181997386808474
25926,0.383380449365415,0.448741674398324,0.0701044598788375,0.0977734163574234
25927,0.194064503592345,0.475265590512418,0.162683861319156,0.167986044576081
25928,0.183623801265927,0.433044373661959,0.289435634362383,0.0938961907097312
25929,0.0780847815127433,0.507327699875129,0.140956172626078,0.27363134598605
25930,0.251133686402656,0.285714449354454,0.349548953684122,0.113602910558768
25931,0.0637236592153674,0.0798958709415728,0.723944781151545,0.132435688691515
25932,0.107338988733575,0.453417543678312,0.194489594486975,0.244753873101137
25933,0.130969230105141,0.179376767663985,0.444757646286591,0.244896355944283
25934,0.0915895511430543,0.0643710041205101,0.605803560381133,0.238235884355302
25935,0.275790961390549,0.323327762117509,0.206382169071843,0.194499107420099
25936,0.339914764430555,0.0995561097056468,0.437741032046716,0.122788093817083
25937,0.65275439975565,0.0870572951021921,0.0899084721516563,0.170279832990501
25938,0.0728540578316556,0.605787167539784,0.114434078815353,0.206924695813208
25939,0.193672537827606,0.129533388723666,0.443839589609872,0.232954483838857
25940,0.108155273889763,0.353828854601636,0.19882015246761,0.339195719040991
25941,0.131086160744543,0.379323180858674,0.387484128149183,0.1021065302476
25942,0.127108951510344,0.342408716475468,0.36741775821805,0.163064573796138
25943,0.0787709423524568,0.41983885958231,0.316950468620802,0.184439729444431
25944,0.300038196228608,0.250165514745957,0.156621182643297,0.293175106382138
25945,0.281873064327662,0.19176665299797,0.323464455450996,0.202895827223372
25946,0.385874123571339,0.241652071338575,0.162905809349275,0.209567995740812
25947,0.346501875221114,0.29335513947547,0.234427922229535,0.125715063073882
25948,0.08599618887143,0.238917553803286,0.256432117831172,0.418654139494112
25949,0.0753115236485564,0.358582971430711,0.371486040693502,0.194619464227231
25950,0.586827889370747,0.106339936253428,0.156466659489071,0.150365514886754
25951,0.138169497431792,0.289858993584125,0.414304357361714,0.157667151622369
25952,0.062867643065652,0.143264124576173,0.576525643055056,0.217342589303119
25953,0.440225724322619,0.199828492326523,0.180724641269337,0.179221142081521
25954,0.656324212749277,0.0448268463970081,0.0490177697451117,0.249831171108604
25955,0.125042188289125,0.514589718709141,0.21153240100703,0.148835691994704
25956,0.204407804578975,0.301884972783655,0.410059147838382,0.0836480747989889
25957,0.53719118860287,0.309370016308022,0.0605192595727068,0.0929195355164015
25958,0.346876683938018,0.35676604599052,0.188615088574986,0.107742181496476
25959,0.100945748581114,0.264831765215904,0.49007513184063,0.144147354362352
25960,0.355770985400406,0.416504059790947,0.126397949725451,0.101327005083196
25961,0.318302009030838,0.0896526270883979,0.504522025982554,0.0875233378982102
25962,0.561733281181334,0.260541744309469,0.0718299636166126,0.105895010892584
25963,0.104658020973354,0.477025801606725,0.344435010364067,0.0738811670558548
25964,0.385997584650485,0.330327433304728,0.110570381357454,0.173104600687332
25965,0.282856921802012,0.188659940989706,0.422295270477844,0.106187866730438
25966,0.241223384116996,0.166174767945625,0.453980865246526,0.138620982690852
25967,0.37433909301742,0.242711975170615,0.178404791658925,0.204544140153041
25968,0.265914130730798,0.379369312405952,0.22147365003969,0.13324290682356
25969,0.0664197681344736,0.45564376579472,0.377968093431716,0.0999683726390906
25970,0.317091324556713,0.361752362830708,0.23504424950866,0.0861120631039185
25971,0.370317171398405,0.318593550974637,0.214121089509884,0.0969681881170743
25972,0.281806433875333,0.40102043578058,0.17399662992233,0.143176500421758
25973,0.172624007078242,0.310638306571872,0.389446994129965,0.127290692219921
25974,0.434236299950454,0.137452304292288,0.227491078094038,0.20082031766322
25975,0.0745457454819209,0.453815696767318,0.289450546584216,0.182188011166545
25976,0.0980022221987042,0.332420476236517,0.228356356019833,0.341220945544946
25977,0.3991962227765,0.113522328122607,0.371451916166781,0.115829532934112
25978,0.253743945900166,0.478356672520899,0.196118168368173,0.0717812132107621
25979,0.621808391337099,0.0810441331324334,0.132414300450884,0.164733175079583
25980,0.111337219594352,0.425424695553501,0.366025928299123,0.0972121565530237
25981,0.415138050262765,0.160120847638061,0.307721205652517,0.117019896446657
25982,0.138274461934384,0.0612080378857461,0.645545838822941,0.154971661356929
25983,0.460497175734565,0.169304446501562,0.225024209325856,0.145174168438017
25984,0.347081661795201,0.120038145747074,0.344682325435263,0.188197867022462
25985,0.249484014432323,0.198741481222763,0.0918500780645672,0.459924426280347
25986,0.477735039860445,0.0824689379147916,0.239737701192329,0.200058321032435
25987,0.0850860324590322,0.118814104223184,0.646766407568525,0.149333455749259
25988,0.0778193466065474,0.38114109250361,0.415051969071205,0.125987591818638
25989,0.0895183401591301,0.180724440449682,0.220015100556646,0.509742118834542
25990,0.066898030496907,0.148365029044197,0.560827884126786,0.22390905633211
25991,0.316591852713484,0.135717227168446,0.220315238080163,0.327375682037907
25992,0.0532883000138322,0.346286729587406,0.471165814395143,0.129259156003619
25993,0.239512427502459,0.363380869308814,0.108273744400796,0.288832958787931
25994,0.190777962102033,0.133692817751858,0.218057591381105,0.457471628765004
25995,0.250302828777613,0.422819434692077,0.160075778078308,0.166801958452002
25996,0.322893465561223,0.165229696443669,0.397339264454038,0.114537573541069
25997,0.430695327106823,0.203684803239994,0.193806835669653,0.17181303398353
25998,0.38201127565132,0.268925229574801,0.199777226777604,0.149286267996275
25999,0.202385052054367,0.277411819957988,0.432862045371968,0.0873410826156765
26000,0.121067001100654,0.531045489781866,0.20142250044115,0.14646500867633
26001,0.255445043966288,0.481124583475264,0.140981643369853,0.122448729188595
26002,0.443604408534347,0.202540096945329,0.267389236741579,0.086466257778745
26003,0.349020958605558,0.182287439017487,0.222340359557912,0.246351242819043
26004,0.0707328894113412,0.565334874394268,0.154300379670919,0.209631856523472
26005,0.118949977786565,0.254566390251916,0.430785979442323,0.195697652519196
26006,0.218798072170003,0.337432483629606,0.219492771885831,0.22427667231456
26007,0.364310193022821,0.431290996947722,0.10253396667358,0.101864843355877
26008,0.133429323873291,0.0525001586351408,0.687663822450024,0.126406695041544
26009,0.19014732396603,0.566500090041329,0.15619392515298,0.0871586608396616
26010,0.310704930817611,0.26470263736247,0.230884034953676,0.193708396866243
26011,0.683733926269347,0.103145352982802,0.08008995778736,0.133030762960491
26012,0.214298826229596,0.255613156327173,0.321036948343695,0.209051069099536
26013,0.133166425544027,0.245607265536599,0.287177559713204,0.334048749206169
26014,0.348823925579684,0.360211409632593,0.151868165987398,0.139096498800325
26015,0.0926543564727512,0.477968723919776,0.329053044902548,0.100323874704925
26016,0.446034509985989,0.218019858955994,0.217621727091881,0.118323903966136
26017,0.477046313457861,0.123893971101436,0.271252441686434,0.127807273754269
26018,0.324625894459651,0.350442667000451,0.105509371755275,0.219422066784623
26019,0.092215776317034,0.555233832280053,0.16470598862875,0.187844402774162
26020,0.277444890343124,0.171098939527652,0.414219892544542,0.137236277584681
26021,0.125111997068333,0.539322018994225,0.137423566810861,0.19814241712658
26022,0.405069064113267,0.289714028078544,0.129583019298217,0.175633888509972
26023,0.125316661814738,0.430208487141178,0.307201554953688,0.137273296090396
26024,0.293884763183096,0.0958826548633726,0.444222378622994,0.166010203330537
26025,0.254934936753449,0.456272537699855,0.102365336971587,0.186427188575108
26026,0.183854049552058,0.379911036171828,0.237027153186645,0.199207761089469
26027,0.218391759752878,0.0905092625563937,0.509943923277047,0.181155054413681
26028,0.314739629100019,0.275136535553177,0.148881499225728,0.261242336121076
26029,0.198535581844122,0.298347065966756,0.284097467967925,0.219019884221198
26030,0.24705513175406,0.229387817293847,0.166246583153462,0.357310467798631
26031,0.223959129887456,0.35927256590074,0.266482250093551,0.150286054118253
26032,0.468582366267931,0.256381412277389,0.209520637084421,0.0655155843702582
26033,0.41101644584927,0.390442535744921,0.0979393708259427,0.100601647579866
26034,0.144308738463787,0.0886766881555156,0.600739190508155,0.166275382872542
26035,0.468911349108248,0.0902216185883358,0.30947500611561,0.131392026187807
26036,0.364842012315309,0.0570884472645556,0.471201130468375,0.10686840995176
26037,0.123861631478617,0.741576053723291,0.0778916095019137,0.0566707052961779
26038,0.0929931142776205,0.469500754676288,0.254918322225682,0.18258780882041
26039,0.411816330435079,0.13406824797427,0.326637303514238,0.127478118076413
26040,0.158123333851112,0.182878416489177,0.572035871371967,0.0869623782877442
26041,0.372330097070092,0.242221982383159,0.238070031157792,0.147377889388956
26042,0.216230574468445,0.396329555765843,0.157103993847467,0.230335875918244
26043,0.116133869328228,0.205258541974762,0.577010903291658,0.101596685405353
26044,0.570588527168623,0.229677491210007,0.114670856789581,0.0850631248317883
26045,0.244851431145525,0.563979017814761,0.106964679650814,0.0842048713888994
26046,0.272146757495512,0.285407306495144,0.254686205615435,0.187759730393909
26047,0.275151186663588,0.134911961040687,0.440556106203607,0.149380746092118
26048,0.162185667698551,0.310992816741488,0.385188890080202,0.14163262547976
26049,0.153666655871853,0.257536294164938,0.476279637604471,0.112517412358738
26050,0.246538028163459,0.15351963573276,0.507917888368632,0.092024447735149
26051,0.176221252855403,0.473726372590304,0.166554057105261,0.183498317449032
26052,0.175664710920034,0.284336945840722,0.269509582497563,0.270488760741681
26053,0.137591228946787,0.395709271440123,0.346464727800487,0.120234771812603
26054,0.216415222541584,0.393146040367816,0.193352830463103,0.197085906627497
26055,0.478571700389439,0.242174198058911,0.126532296418523,0.152721805133127
26056,0.377701450176475,0.143500645309884,0.304590744540064,0.174207159973578
26057,0.352557384265615,0.243569899289353,0.307862789602568,0.0960099268424639
26058,0.172205309468227,0.525784709349722,0.142635747023491,0.159374234158561
26059,0.48550201541582,0.282556550548636,0.181911348195789,0.0500300858397541
26060,0.493752902512233,0.314960593362364,0.108174358654094,0.0831121454713088
26061,0.387441913589318,0.263089509975968,0.172271526390992,0.177197050043722
26062,0.265309805131219,0.252085929078018,0.369169818121354,0.113434447669409
26063,0.514894555204305,0.0726278296158443,0.29541665105489,0.117060964124961
26064,0.217389124308987,0.160428784639417,0.467208269273043,0.154973821778553
26065,0.600274335511707,0.220337200059718,0.0884609031994902,0.0909275612290857
26066,0.289271618756861,0.408558860065384,0.155524412555426,0.146645108622329
26067,0.383045620194766,0.291742332031935,0.20494101293446,0.120271034838839
26068,0.182698742482806,0.543751026059265,0.182779430066935,0.0907708013909941
26069,0.104222603338852,0.173486994954904,0.584303699213165,0.137986702493079
26070,0.405367681432992,0.221981656793956,0.136074892976242,0.23657576879681
26071,0.346574787292388,0.150689031751989,0.243150523623472,0.259585657332151
26072,0.188918317728159,0.224171212671948,0.459923587416249,0.126986882183643
26073,0.309349283881429,0.431690786621875,0.114007337852848,0.144952591643848
26074,0.128627176571683,0.217580912756222,0.539160890481084,0.114631020191011
26075,0.206865633786969,0.299340925798913,0.324181133607391,0.169612306806727
26076,0.195217038433793,0.0777166241820061,0.596451738098787,0.130614599285414
26077,0.116334615523497,0.594283404669351,0.189812221861572,0.0995697579455802
26078,0.0838210851810136,0.269893564717931,0.591750543432268,0.0545348066687878
26079,0.128129325872814,0.251902886666356,0.394713351415101,0.225254436045729
26080,0.176814924716876,0.597764895913321,0.139799579367026,0.0856206000027769
26081,0.18923105886973,0.164447877604752,0.55950364871451,0.0868174148110085
26082,0.319649054086539,0.161235448201415,0.379704435522363,0.139411062189683
26083,0.232287664895155,0.286093518309237,0.256697079102824,0.224921737692783
26084,0.114630468114697,0.430663376084053,0.295466963148542,0.159239192652709
26085,0.28245619138512,0.302655271654351,0.287127522873402,0.127761014087126
26086,0.485746175561838,0.136405306487614,0.207515263283777,0.170333254666771
26087,0.142152624635057,0.379576729035791,0.38522191881399,0.0930487275151609
26088,0.118641657882324,0.236125275798771,0.229398620011777,0.415834446307128
26089,0.243379840495898,0.139523748619598,0.219061663427186,0.398034747457319
26090,0.337658650072764,0.0420716412212815,0.390088445273518,0.230181263432436
26091,0.0603487922386781,0.0633088881063386,0.610802724532881,0.265539595122103
26092,0.176691910272087,0.251717341998476,0.0227147898447025,0.548875957884735
26093,0.379568018427912,0.228398166590102,0.0436868718623474,0.348346943119639
26094,0.246132238444471,0.048516732830803,0.158342098565543,0.547008930159183
26095,0.0627471708806356,0.245428478081562,0.2225810211128,0.469243329925002
26096,0.535734445057886,0.131895123571372,0.133517931700036,0.198852499670706
26097,0.038456182830964,0.572610503582542,0.0777627549130284,0.311170558673466
26098,0.616038792011889,0.110356516479453,0.0757361893667099,0.197868502141948
26099,0.10821720624447,0.309063754102982,0.112944856375299,0.469774183277249
26100,0.497799729496324,0.137731517619395,0.178637432067662,0.185831320816619
26101,0.44039858586331,0.368633526892859,0.022046882821814,0.168921004422017
26102,0.112367862003331,0.121866683876705,0.159545335296553,0.606220118823411
26103,0.0353983387319547,0.497581206240736,0.208485016538595,0.258535438488715
26104,0.0633773624061381,0.16063893871961,0.177372752005379,0.598610946868873
26105,0.354036291598396,0.136872652843659,0.0724533172579574,0.436637738299988
26106,0.0248687425489457,0.534952161433126,0.138216650420465,0.301962445597463
26107,0.319933711637863,0.420138658406571,0.188416498060152,0.0715111318954143
26108,0.277739945337566,0.152279278975021,0.386673516571602,0.183307259115812
26109,0.315239173901628,0.290122972358506,0.227634912623474,0.167002941116392
26110,0.468500570121061,0.162891789039849,0.246553620329797,0.122054020509293
26111,0.184827313617731,0.0670526055195029,0.614711785725614,0.133408295137152
26112,0.0653106120454502,0.711995442535614,0.0842273554544848,0.138466589964451
26113,0.541672570014022,0.198418781439487,0.07229185191942,0.187616796627071
26114,0.415337935503005,0.277437251391732,0.221113050884342,0.0861117622209205
26115,0.233962921450814,0.142320415097269,0.538658116041121,0.0850585474107954
26116,0.108525134610029,0.26109759771623,0.458691581479375,0.171685686194366
26117,0.390511017556481,0.229254626182926,0.206841798453226,0.173392557807366
26118,0.373601782474922,0.214253652631465,0.15874942282606,0.253395142067554
26119,0.165714335393788,0.681066191432083,0.0575188249269962,0.0957006482471329
26120,0.235239897193865,0.482176456224674,0.156442463486214,0.126141183095246
26121,0.456289566495744,0.0612251707482256,0.288995446790422,0.193489815965608
26122,0.145370075119944,0.256210444191136,0.37471835193985,0.223701128749071
26123,0.13041156859784,0.177016842299258,0.482484026612608,0.210087562490293
26124,0.240913530651352,0.123949769170143,0.43482813700709,0.200308563171415
26125,0.444425853547964,0.106697622683527,0.358437070176756,0.0904394535917528
26126,0.648778443990741,0.0609917754199564,0.120837602778629,0.169392177810673
26127,0.501983094458277,0.303044580010419,0.0938068871691834,0.101165438362121
26128,0.244116334629642,0.185771006847802,0.141559147250334,0.428553511272221
26129,0.157221955097217,0.325061812720047,0.352216279192511,0.165499952990225
26130,0.327937629543794,0.186455203052453,0.11242950742674,0.373177659977013
26131,0.371013120977716,0.0873178585460731,0.274050433547081,0.267618586929131
26132,0.219896895553319,0.0872534524798266,0.415792822545748,0.277056829421107
26133,0.104539990333676,0.475857551771109,0.261312650034446,0.158289807860769
26134,0.215771535619336,0.526974666839736,0.113479416701155,0.143774380839773
26135,0.144198680583763,0.29394117917565,0.325355399913059,0.236504740327528
26136,0.372174257515347,0.289709998711522,0.137335255315796,0.200780488457335
26137,0.191366620803329,0.421824639565886,0.153651027594307,0.233157712036478
26138,0.200572384660002,0.273735426433634,0.125025671862108,0.400666517044256
26139,0.211644321868088,0.509022012626995,0.0575677680711907,0.221765897433726
26140,0.193000497781164,0.0628547774355529,0.500217567497796,0.243927157285487
26141,0.238904652461953,0.224868064713584,0.190352773622123,0.34587450920234
26142,0.0696180758178134,0.536046638921487,0.170980422399718,0.223354862860982
26143,0.127423309228128,0.350044341532284,0.338184206410975,0.184348142828613
26144,0.0596817609673518,0.155435873872933,0.523338411820544,0.261543953339171
26145,0.469704404303122,0.0940660175306745,0.210250652375939,0.225978925790264
26146,0.166388980863888,0.121799720383444,0.61153060341413,0.100280695338537
26147,0.262475462811988,0.374332141749963,0.197998245657007,0.165194149781041
26148,0.432280997540334,0.227461563420464,0.226150679620364,0.114106759418838
26149,0.0572114067275876,0.649515337796092,0.193764426028533,0.0995088294477867
26150,0.259952472150935,0.217065447755921,0.211082426112691,0.311899653980453
26151,0.336940223071952,0.317012162467326,0.221862036239072,0.12418557822165
26152,0.0981893543388715,0.549014258810552,0.159088058808361,0.193708328042215
26153,0.135938858009696,0.146530903436592,0.582890095694584,0.134640142859128
26154,0.190936295402036,0.181009477990971,0.382567163746606,0.245487062860388
26155,0.0470255989508719,0.609739971822491,0.227688775490987,0.11554565373565
26156,0.277753267531104,0.32161014879036,0.255973334159698,0.144663249518839
26157,0.16388591334557,0.288546707106462,0.445763781508193,0.101803598039775
26158,0.529096602152658,0.265333108450829,0.0928243773950068,0.112745912001506
26159,0.195141257723588,0.185665686985248,0.463274366691997,0.155918688599167
26160,0.244723341433531,0.231417204506351,0.342222268132204,0.181637185927913
26161,0.15645643728151,0.409310262501651,0.274964112251906,0.159269187964934
26162,0.336776876071817,0.0619103353368913,0.466007512749857,0.135305275841435
26163,0.530543987717039,0.0966722756912811,0.175355662481497,0.197428074110183
26164,0.0805907537413611,0.376032274647915,0.410869752445306,0.132507219165418
26165,0.380859827892724,0.208805978725707,0.250450530777055,0.159883662604514
26166,0.263417323227383,0.0887889583893295,0.560075351739808,0.0877183666434797
26167,0.190630918045696,0.332108978392424,0.233619962957775,0.243640140604105
26168,0.0858492786035465,0.415128261821439,0.420266261735905,0.0787561978391094
26169,0.626854036227877,0.0525434300508258,0.225676332489769,0.0949262012315283
26170,0.0910342691970705,0.530380262115105,0.252119010615784,0.126466458072041
26171,0.134560864064461,0.159920410106529,0.648204721102064,0.057314004726946
26172,0.198440197854733,0.411149201773897,0.265998149814074,0.124412450557297
26173,0.0739573950210436,0.375668757086871,0.46323269259761,0.0871411552944763
26174,0.159666528618476,0.314795619678303,0.37223292581993,0.153304925883291
26175,0.0851175582429388,0.788098305141429,0.021961299394762,0.10482283722087
26176,0.273114240253095,0.105397567302016,0.51935396851831,0.102134223926579
26177,0.0455788021315925,0.0760102006001073,0.661153525704798,0.217257471563503
26178,0.0739012532507037,0.427536976468136,0.215194908205557,0.283366862075604
26179,0.547657462546329,0.24651239149143,0.0622034302085903,0.14362671575365
26180,0.358410684440296,0.310842904936627,0.119771226455239,0.210975184167838
26181,0.342042331929764,0.20416979143516,0.245893403169555,0.207894473465521
26182,0.0330268676231766,0.593587789802689,0.209683361184842,0.163701981389293
26183,0.120908952023491,0.310367411965741,0.502301679649903,0.0664219563608645
26184,0.0687108756184281,0.199244236255784,0.456448542652725,0.275596345473063
26185,0.361029140454581,0.504173025023826,0.0503286649272674,0.084469169594326
26186,0.149902880920018,0.163399869967835,0.526702182920173,0.159995066191974
26187,0.548243307346848,0.206582516477652,0.0873947521470536,0.157779424028447
26188,0.114395025280749,0.308279564817574,0.467743741228293,0.109581668673384
26189,0.378477831757692,0.134539809316178,0.269449553940205,0.217532804985924
26190,0.446578580213016,0.344765816832661,0.0672726597059644,0.141382943248359
26191,0.394115694333478,0.34657824283093,0.121822128744227,0.137483934091366
26192,0.111397287064388,0.0951336607489742,0.692640779580679,0.100828272605959
26193,0.251668354284763,0.256102219925748,0.367215970655222,0.125013455134268
26194,0.172679481430134,0.659736618388196,0.0684307472121091,0.0991531529695609
26195,0.126644221581907,0.446505531324782,0.300713066279663,0.126137180813648
26196,0.27243449855127,0.0969158550017047,0.496754412263999,0.133895234183026
26197,0.203432574435953,0.327594984925328,0.20013554661572,0.268836894022999
26198,0.113389368494405,0.789872623586626,0.0487909335949124,0.0479470743240568
26199,0.42199186565337,0.159024859827922,0.167914231680948,0.251069042837761
26200,0.159625076100047,0.340855709766654,0.240092190318468,0.259427023814831
26201,0.603173254152006,0.222511107905394,0.0513028659962262,0.123012771946374
26202,0.56468505187568,0.123484879311933,0.209549626003793,0.102280442808595
26203,0.463475959265214,0.294709846418475,0.132930267751056,0.108883926565256
26204,0.33307875910927,0.229001809360014,0.259402656571104,0.178516774959612
26205,0.177130344985172,0.377059410747153,0.290761015996661,0.155049228271014
26206,0.317943574506399,0.19070855174918,0.14387378004149,0.347474093702931
26207,0.256860394735803,0.309406690568781,0.279506332720542,0.154226581974873
26208,0.519208148693247,0.112671913782446,0.233868722512658,0.134251215011649
26209,0.372159141078668,0.542479490532903,0.0192286631574567,0.0661327052309716
26210,0.683954733969328,0.129288793094528,0.0713382516750092,0.115418221261135
26211,0.337816237774088,0.491495311574037,0.094920220076834,0.075768230575041
26212,0.214849198850126,0.469591294359524,0.202791522814161,0.112767983976189
26213,0.447209073069397,0.312008555551553,0.135526805286239,0.10525556609281
26214,0.0914092190870146,0.172580628088234,0.569673124831522,0.166337027993229
26215,0.182289324300123,0.538555390079056,0.101917579868661,0.17723770575216
26216,0.185606035315798,0.234236718063915,0.474461494658499,0.105695751961787
26217,0.271249161942867,0.148412416928723,0.321323656737164,0.259014764391246
26218,0.0840126086892885,0.592450127416369,0.26140563991173,0.0621316239826125
26219,0.388057949876938,0.12334598837312,0.244028962471505,0.244567099278437
26220,0.126848493417472,0.241351185311646,0.542536360809124,0.0892639604617574
26221,0.144967321375168,0.193546947716552,0.546294452441922,0.115191278466357
26222,0.618112382103618,0.0866343886460992,0.208865509284241,0.0863877199660417
26223,0.154555212105649,0.507082676808155,0.242423334647374,0.0959387764388217
26224,0.293984468036824,0.107942893999019,0.486830461026766,0.111242176937391
26225,0.113640274941855,0.160929036172453,0.606330682080303,0.119100006805389
26226,0.313766023949084,0.51798975205268,0.0697623816920618,0.0984818423061747
26227,0.17414602934924,0.386031288822438,0.281868807558416,0.157953874269906
26228,0.251437586439829,0.228697189805618,0.40965841028528,0.110206813469273
26229,0.239518716663925,0.320011603887422,0.168495320227762,0.271974359220892
26230,0.0609377765440296,0.621051920209042,0.229659092951748,0.0883512102951803
26231,0.378482683315294,0.149905135441825,0.315310189703466,0.156301991539415
26232,0.320484213812657,0.250679284890403,0.277468404259636,0.151368097037304
26233,0.657761698405103,0.106034059453976,0.11318650434885,0.12301773779207
26234,0.359300192209033,0.176080952279894,0.363957461528137,0.100661393982937
26235,0.211056560485174,0.30429328651447,0.2771107493267,0.207539403673656
26236,0.166676857933671,0.385154657006503,0.331855508143405,0.116312976916421
26237,0.160927437954267,0.534668407843233,0.168846297471984,0.135557856730515
26238,0.209413450240696,0.564582365058431,0.0939629709408007,0.132041213760073
26239,0.292827774349175,0.265207921674396,0.285113533872787,0.156850770103641
26240,0.349862430344504,0.109774005160572,0.343784012573571,0.196579551921353
26241,0.138885110273787,0.293563703857097,0.440881091540132,0.126670094328984
26242,0.0811785304676782,0.447393765264828,0.342772898785213,0.12865480548228
26243,0.263458676556495,0.499030956173685,0.137047006868837,0.100463360400984
26244,0.151911970803678,0.267642248204753,0.367957718459571,0.212488062531998
26245,0.221186548705721,0.160866435734657,0.52531260637189,0.0926344091877315
26246,0.334491224338793,0.315290808829955,0.266006654869774,0.0842113119614785
26247,0.401961718607026,0.220647896682252,0.275428229962937,0.101962154747786
26248,0.137428964585946,0.566173303306782,0.162691262727849,0.133706469379422
26249,0.303260347572939,0.336921044944395,0.170560407858222,0.189258199624445
26250,0.401485302684615,0.208668549935819,0.248389267709786,0.14145687966978
26251,0.162383895099436,0.191261151025759,0.352240007089873,0.294114946784932
26252,0.167149939508282,0.612897106751908,0.125576532437916,0.0943764213018932
26253,0.208076694966296,0.356507180143429,0.267435523034104,0.16798060185617
26254,0.224774733165493,0.114419462211955,0.527354788685725,0.133451015936827
26255,0.175335722519994,0.36520731651552,0.240641309479549,0.218815651484937
26256,0.208853490691427,0.305127242255033,0.366269136314724,0.119750130738815
26257,0.212409539107675,0.140105434244745,0.462442456968566,0.185042569679014
26258,0.118309673773327,0.22933151012509,0.543693841343627,0.108664974757956
26259,0.442409062403644,0.065879636438587,0.326138940770126,0.165572360387643
26260,0.351572193555551,0.212024979588896,0.159090064130129,0.277312762725425
26261,0.185380989386914,0.236941471222006,0.12366516981961,0.45401236957147
26262,0.621101001146702,0.100547670370686,0.0636737803146376,0.214677548167974
26263,0.101996608039943,0.581359126363137,0.118394106882956,0.198250158713963
26264,0.214731106638976,0.157487989351082,0.296706651628744,0.331074252381198
26265,0.246577580298126,0.261302195832528,0.183895030600284,0.308225193269063
26266,0.256121239702593,0.201789803821577,0.27277626357266,0.26931269290317
26267,0.297160218769346,0.0469121653269167,0.473772098845338,0.1821555170584
26268,0.263826815692046,0.0330134502011161,0.542322610348594,0.160837123758244
26269,0.384530601437718,0.153799117068967,0.17120746442111,0.290462817072205
26270,0.306228282023365,0.399658074574307,0.157309744738867,0.136803898663461
26271,0.318287098180917,0.117276960615987,0.448927578927836,0.11550836227526
26272,0.148230446565737,0.528707040558106,0.10364019982502,0.219422313051136
26273,0.381002784710993,0.264665511598594,0.177838627742595,0.176493075947817
26274,0.514264204881545,0.133089212457341,0.179630773018354,0.173015809642759
26275,0.0831054315214364,0.703048182839376,0.0358585704714618,0.177987815167726
26276,0.272295178344076,0.165017951821931,0.358160503260091,0.204526366573902
26277,0.0706671746859588,0.072150234159092,0.482371495550634,0.374811095604315
26278,0.172581288313151,0.354316275316953,0.299271609953572,0.173830826416325
26279,0.245465816421884,0.247311298135378,0.387907846534797,0.119315038907941
26280,0.417901118851035,0.163196795059583,0.279079855901843,0.139822230187539
26281,0.284257871502232,0.331470205324276,0.245059955492234,0.139211967681258
26282,0.271411730715767,0.473605637572694,0.155550157582685,0.0994324741288537
26283,0.331773619429665,0.212276728138083,0.250848759198361,0.20510089323389
26284,0.298942571441789,0.416711334863341,0.140541348427309,0.143804745267562
26285,0.221791769654048,0.202744540969125,0.460896311173923,0.114567378202905
26286,0.430762215074584,0.301205185535099,0.197654737225293,0.0703778621650247
26287,0.219389649836818,0.301405970750458,0.333735014857322,0.145469364555402
26288,0.208034691534572,0.349062345749869,0.333408664471532,0.109494298244027
26289,0.242282784829972,0.423323666641364,0.180380447516478,0.154013101012187
26290,0.284764842398135,0.114540562495462,0.527801544917393,0.0728930501890097
26291,0.273962192583949,0.333026495936292,0.31828380042566,0.0747275110540983
26292,0.193828399398714,0.280936254376104,0.370940448233779,0.154294897991403
26293,0.155254393118399,0.347181871586696,0.352281182922172,0.145282552372733
26294,0.230954242831533,0.427462927290105,0.254460854437755,0.0871219754406064
26295,0.316492425710298,0.288033252790351,0.290673697082334,0.104800624417016
26296,0.188745132406161,0.229845314427022,0.415227329447776,0.166182223719041
26297,0.244996616679109,0.212437011241961,0.381304557577953,0.161261814500976
26298,0.0709730816134496,0.190054661823512,0.610442146577996,0.128530109985043
26299,0.105824557818276,0.418803594871131,0.31730222928088,0.158069618029713
26300,0.19992774259337,0.179885269176217,0.364814844843594,0.255372143386819
26301,0.174185298162026,0.4147534732968,0.212260246529687,0.198800982011486
26302,0.113294008225058,0.666296542367474,0.11075494465959,0.109654504747878
26303,0.348234007345194,0.317898628295787,0.154693850562087,0.179173513796932
26304,0.214075180922771,0.146678493358318,0.461479426796663,0.177766898922248
26305,0.475111369555099,0.290576273314195,0.0938017275102023,0.140510629620503
26306,0.354686707421707,0.176635729985762,0.24373850849567,0.22493905409686
26307,0.0862169465685188,0.511303940290713,0.309206234994165,0.0932728781466031
26308,0.436827096306618,0.137906750288479,0.216234628847409,0.209031524557495
26309,0.0885720337619978,0.415991450403012,0.208631251649153,0.286805264185837
26310,0.145375972211158,0.314003737505247,0.40465362991518,0.135966660368415
26311,0.386670497554168,0.30928780272958,0.194045459087899,0.109996240628353
26312,0.198236078464204,0.460031169074381,0.235942108391449,0.105790644069966
26313,0.175918800034617,0.359170546798507,0.292584423775691,0.172326229391184
26314,0.10639793963102,0.510504039519125,0.17851167573568,0.204586345114175
26315,0.36963417206835,0.230144138040977,0.151113428641714,0.249108261248959
26316,0.156431416742866,0.168796314550988,0.25222539549391,0.422546873212236
26317,0.24892077400745,0.283148508715394,0.254735507434443,0.213195209842713
26318,0.192174839825693,0.244757393585132,0.225847260535896,0.337220506053279
26319,0.649859712448695,0.0436672647721475,0.117938081136422,0.188534941642736
26320,0.155864017906513,0.295345194026319,0.1370064229976,0.411784365069568
26321,0.363038956714048,0.211625435016907,0.245596020684145,0.1797395875849
26322,0.300950118879148,0.264181576062331,0.309823964159461,0.12504434089906
26323,0.0890976841290608,0.633403173757929,0.127118797774217,0.150380344338793
26324,0.19042463552514,0.302822814303224,0.172392300048603,0.334360250123033
26325,0.252444787287117,0.0903903512377262,0.456046289681514,0.201118571793643
26326,0.522773833990458,0.16281159087819,0.233031774972951,0.0813828001584016
26327,0.614623797427808,0.092409355251097,0.0667912028848193,0.226175644436275
26328,0.276777816791918,0.498662009892621,0.0690099106420114,0.15555026267345
26329,0.17781273691839,0.14501495883902,0.460825283746294,0.216347020496296
26330,0.161254411659981,0.297822265667634,0.24168137600297,0.299241946669414
26331,0.360666952767187,0.147863689301074,0.22880976730139,0.262659590630349
26332,0.169929017598289,0.563605516067174,0.10713736561991,0.159328100714627
26333,0.26127772563217,0.144550748410496,0.304573968989836,0.289597556967499
26334,0.499165411149968,0.166647976795021,0.0972400979304004,0.236946514124611
26335,0.16367704742182,0.393402955918042,0.332279464206791,0.110640532453347
26336,0.208902035179725,0.352933254032287,0.263269343636161,0.174895367151827
26337,0.37417192386714,0.0518274881661854,0.493091713368737,0.080908874597938
26338,0.133212034330458,0.450515326376662,0.147004662850167,0.269267976442714
26339,0.140682840354291,0.528641208658693,0.177979168825819,0.152696782161196
26340,0.312586791081025,0.172333716234459,0.221940402680995,0.29313909000352
26341,0.0485376560650501,0.0994576131817525,0.752312933069849,0.0996917976833484
26342,0.375968446706949,0.269100154074401,0.268176165127525,0.0867552340911251
26343,0.339498084207709,0.276238087352106,0.277616005848657,0.106647822591528
26344,0.279108519740403,0.339048584847947,0.260553412229255,0.121289483182395
26345,0.346299376995231,0.212201559642127,0.366757547571296,0.0747415157913461
26346,0.113239191086859,0.155751639517175,0.206579606872777,0.524429562523189
26347,0.255075277346197,0.611262400299802,0.0326257990574362,0.101036523296564
26348,0.104099409451555,0.24215767497807,0.547321020213599,0.106421895356776
26349,0.0975392152083209,0.151000693356176,0.590493664298913,0.16096642713659
26350,0.35494518059818,0.162038969411087,0.268357534576545,0.214658315414188
26351,0.0443573283557536,0.430424097581396,0.358820562045539,0.166398012017311
26352,0.203051695209081,0.28220296597121,0.220278289895629,0.294467048924079
26353,0.129758641882632,0.502260621294941,0.18663605275071,0.181344684071717
26354,0.297437148474596,0.38030697652291,0.166159965062791,0.156095909939704
26355,0.231883529392032,0.164990463419888,0.218976079225677,0.384149927962403
26356,0.324393738150924,0.0936217777375669,0.482217814348354,0.0997666697631548
26357,0.0938931687854162,0.235438646965653,0.35040732142085,0.320260862828081
26358,0.207059009960735,0.218513460713673,0.44745596984328,0.126971559482312
26359,0.211047135790915,0.28798125557054,0.203941949187982,0.297029659450563
26360,0.377595686043051,0.239418367149466,0.254786170202571,0.128199776604912
26361,0.148938204330301,0.175226479640548,0.49534941749136,0.180485898537791
26362,0.211943097715356,0.249438291398679,0.287840987107677,0.250777623778288
26363,0.0849889391035642,0.42793027411373,0.216559688492019,0.270521098290687
26364,0.646632444222221,0.159786598685073,0.091151384801273,0.102429572291433
26365,0.0559479519347628,0.463443806418584,0.24648991768937,0.234118323957283
26366,0.327280240029593,0.151918548204959,0.340635661333521,0.180165550431927
26367,0.353568447576643,0.161920555192521,0.213649969470287,0.270861027760549
26368,0.171218608338748,0.156047729448404,0.5511792666964,0.121554395516448
26369,0.10971857565671,0.458371559610854,0.177957915597228,0.253951949135208
26370,0.518726012598374,0.210221898479015,0.0915904817890223,0.179461607133589
26371,0.13980534699155,0.180437421666288,0.287274518426845,0.392482712915317
26372,0.383956098379379,0.436735132026089,0.0696252129037124,0.10968355669082
26373,0.088769757425282,0.652755447944109,0.107880028977695,0.150594765652914
26374,0.122044637545837,0.114782313625213,0.224201777873506,0.538971270955443
26375,0.0589984869541591,0.10305482606812,0.671312911597191,0.166633775380529
26376,0.484228298363873,0.229750563537703,0.137939497329833,0.148081640768591
26377,0.23081615708893,0.246884016881311,0.150087057843561,0.372212768186197
26378,0.182228880234672,0.136262217884613,0.414890187551841,0.266618714328874
26379,0.0488771653466129,0.1394177495233,0.636867191705887,0.1748378934242
26380,0.10874962272668,0.257324646225958,0.398616088910531,0.235309642136831
26381,0.601468130274173,0.0501751411579582,0.174312335118949,0.17404439344892
26382,0.279855342033216,0.23982259914066,0.280547809822315,0.199774249003809
26383,0.183479970586611,0.621441621674811,0.0502128267269166,0.144865581011661
26384,0.267215101040111,0.120542255172137,0.44413214770138,0.168110496086371
26385,0.0793372734206559,0.334856768148026,0.106620864231235,0.479185094200083
26386,0.0611726465710098,0.150541059147128,0.6083874009969,0.179898893284962
26387,0.134678720099877,0.196676424389021,0.248941265857746,0.419703589653356
26388,0.221298037757421,0.144517124600913,0.403353238952279,0.230831598689387
26389,0.165646546291221,0.443065684285819,0.252171324526205,0.139116444896755
26390,0.249994972827264,0.405131501657152,0.158771524861433,0.186102000654151
26391,0.376940263607684,0.136081888513826,0.398374716690262,0.0886031311882283
26392,0.195913037862387,0.359099051004726,0.347180333399942,0.0978075777329446
26393,0.112300144593564,0.249782498954729,0.348584280914333,0.289333075537374
26394,0.502253254341135,0.169582235536896,0.15930496244319,0.168859547678779
26395,0.626357164541328,0.161998572264052,0.0639658625534101,0.147678400641209
26396,0.370511058769524,0.200208521402157,0.231409676903254,0.197870742925065
26397,0.326662001623128,0.213367268656917,0.327136676741917,0.132834052978038
26398,0.24048710433686,0.348053747331982,0.115442078007024,0.296017070324134
26399,0.215141550633012,0.48280782192193,0.144753445395837,0.157297182049221
26400,0.301325595842499,0.201663197694885,0.280023349393537,0.216987857069078
26401,0.193876257618644,0.373832504555902,0.343344129997067,0.0889471078283864
26402,0.0415252270317374,0.602526843435689,0.148502529500459,0.207445400032115
26403,0.183834683010532,0.655754151921111,0.0724370219629634,0.0879741431053938
26404,0.645945937511756,0.0699589908568998,0.118111066317871,0.165984005313473
26405,0.0547345186580872,0.765610535880105,0.0603042436141664,0.119350701847642
26406,0.279702261720919,0.0900001380922611,0.524853316127376,0.105444284059443
26407,0.181765156148303,0.250250840032829,0.421782218999042,0.146201784819826
26408,0.284207997484488,0.146875501074132,0.392602300953116,0.176314200488264
26409,0.208997408602348,0.500661955901711,0.125220664629763,0.165119970866178
26410,0.0864041597810928,0.105215154536313,0.592736881583871,0.215643804098723
26411,0.20774833200716,0.482864764142835,0.224794040269086,0.0845928635809189
26412,0.281004347060183,0.418385191292816,0.139474476082876,0.161135985564125
26413,0.19027211594204,0.0928658211654443,0.566924722224536,0.14993734066798
26414,0.176008042160565,0.29355479235463,0.344699272586642,0.185737892898162
26415,0.37985737072459,0.431630305039442,0.119276924101211,0.0692354001347565
26416,0.132463116814525,0.248382510453845,0.498219585202945,0.120934787528685
26417,0.209382826172099,0.447688205681024,0.15789706290689,0.185031905239987
26418,0.279198740569739,0.297888646856201,0.148163721376908,0.274748891197152
26419,0.196180206937771,0.331509147722453,0.296050883494877,0.176259761844899
26420,0.50239636762367,0.12528866424622,0.234271922416519,0.138043045713592
26421,0.641734992525691,0.163228794419732,0.103754757265941,0.0912814557886355
26422,0.31137378252321,0.110506800737296,0.35914032644973,0.218979090289765
26423,0.126057472905889,0.427466608674922,0.324772043447338,0.121703874971852
26424,0.581965736407134,0.138509970922132,0.123158759678794,0.15636553299194
26425,0.227801608610895,0.135585896944543,0.501608262462758,0.135004231981803
26426,0.184226856259438,0.213755792039625,0.453264932186218,0.148752419514719
26427,0.202942556209527,0.452898131070442,0.23832236681216,0.105836945907871
26428,0.393790665078635,0.38233598771065,0.138174430601376,0.0856989166093396
26429,0.0367445584195313,0.650393561974646,0.228472030266641,0.0843898493391821
26430,0.253607641656626,0.294673556606651,0.299022990144112,0.152695811592612
26431,0.358443658818553,0.463368424883891,0.0789140014092119,0.0992739148883448
26432,0.0988452492316716,0.522650335258171,0.194204487716077,0.184299927794081
26433,0.226717042498492,0.372655338561059,0.201850221027599,0.19877739791285
26434,0.216890154566306,0.426784884204719,0.161860383195494,0.194464578033481
26435,0.181561770032432,0.387685142054033,0.155742227149465,0.27501086076407
26436,0.48025114735266,0.159237823963654,0.248016061841992,0.112494966841693
26437,0.091175286416663,0.163329185109619,0.585613360991389,0.159882167482329
26438,0.176271557496404,0.317199058867645,0.387660275284599,0.118869108351352
26439,0.146277594617421,0.116491687846679,0.59870202285199,0.138528694683909
26440,0.137818068152282,0.459806409260201,0.202550558474799,0.199824964112718
26441,0.161904861509591,0.594901507073327,0.130167358589265,0.113026272827817
26442,0.475465185972479,0.211888081150439,0.111236749057103,0.201409983819979
26443,0.526636888974764,0.164352820897145,0.195885735817275,0.113124554310816
26444,0.644572415109089,0.14013860707375,0.129478546036773,0.0858104317803872
26445,0.417920984510896,0.337376857496689,0.100218408719736,0.144483749272679
26446,0.400116130121803,0.407632784000733,0.0525722529304287,0.139678832947036
26447,0.275535083421841,0.304452676653257,0.33480605547972,0.085206184445182
26448,0.326625810919405,0.278760812000922,0.273499689612925,0.121113687466749
26449,0.50026524046341,0.147981272536775,0.0403311256012075,0.311422361398607
26450,0.327511554111065,0.11820707801616,0.0314865138951465,0.522794853977629
26451,0.332559183673908,0.327297880566404,0.201590079454328,0.13855285630536
26452,0.055835504730241,0.400163864120579,0.14589812113007,0.398102510019111
26453,0.0185549610405724,0.200904733006703,0.520478642036445,0.260061663916279
26454,0.250239872784524,0.0344728227506623,0.285395332703723,0.429891971761091
26455,0.0697887223446866,0.34880475595962,0.0370660442596853,0.544340477436008
26456,0.129657716898146,0.129573755743551,0.218564141070979,0.522204386287325
26457,0.133214239046023,0.19695654535825,0.385930542214288,0.28389867338144
26458,0.11860805146114,0.401627278565937,0.0979542923934593,0.381810377579464
26459,0.0191279874142967,0.0331501703717481,0.565644205075239,0.382077637138716
26460,0.0597090223692009,0.180766945349119,0.0523460743521663,0.707177957929514
26461,0.145483024691154,0.250583081802978,0.362368465334502,0.241565428171367
26462,0.446352686142991,0.310293368418542,0.0214430331722341,0.221910912266233
26463,0.0467858632130648,0.0610199078730432,0.557838140102348,0.334356088811544
26464,0.0377463625704193,0.302418663080929,0.270035055333467,0.389799919015185
26465,0.0139380046333222,0.286536739615597,0.161881188386064,0.537644067365016
26466,0.105433074210843,0.429807387268439,0.0173837285175616,0.447375810003157
26467,0.595666332050093,0.0244908651772038,0.0151671601885529,0.36467564258415
26468,0.212485894808742,0.434251933194511,0.291447973141859,0.0618141988548878
26469,0.422995554536674,0.287091172635812,0.207596278915715,0.0823169939117992
26470,0.176861209197255,0.385699549266219,0.309293910833852,0.128145330702674
26471,0.402838487186671,0.231445068274335,0.295531845955405,0.0701845985835885
26472,0.0904569012221879,0.164927618886756,0.677409317993745,0.0672061618973106
26473,0.498600755697288,0.180646271703849,0.240098393118177,0.0806545794806855
26474,0.110162893763063,0.313463339480674,0.446541848482551,0.129831918273713
26475,0.287446057888099,0.216416254633257,0.330565197904406,0.165572489574237
26476,0.209105122737024,0.348338146267956,0.245793498958776,0.196763232036244
26477,0.195932442296493,0.249428467378535,0.454973213937513,0.0996658763874589
26478,0.248001651876054,0.306354476993641,0.324397503741112,0.121246367389193
26479,0.247983947486818,0.32910259542276,0.307299861333818,0.115613595756604
26480,0.313611288457057,0.33975766755448,0.238674617607087,0.107956426381376
26481,0.22517316767374,0.271669985313104,0.378337473315241,0.124819373697915
26482,0.329383469605079,0.210695794795647,0.373529527977714,0.0863912076215591
26483,0.319336706813962,0.343767896665648,0.196960378637355,0.139935017883035
26484,0.199571648415879,0.188215926938222,0.501258683539476,0.110953741106423
26485,0.183067897671467,0.497717723576848,0.198776637937527,0.120437740814158
26486,0.260941601228655,0.288138102882648,0.255353138104081,0.195567157784616
26487,0.032428086692276,0.305528393266122,0.573414178469487,0.0886293415721153
26488,0.198095458049652,0.299655773148278,0.326298764966552,0.175950003835518
26489,0.293481747224214,0.229326500378643,0.278544681882734,0.198647070514409
26490,0.297807985112988,0.197976980809065,0.308392521213177,0.19582251286477
26491,0.414010456489025,0.356988232919082,0.0951237502840554,0.133877560307837
26492,0.322408887063666,0.415719126911261,0.139407511002803,0.122464475022271
26493,0.152830184397528,0.0993727165435185,0.535250309952937,0.212546789106016
26494,0.382922081919659,0.402122615771453,0.0835264371089041,0.131428865199983
26495,0.565155357565197,0.151256290310637,0.0444539978333097,0.239134354290856
26496,0.154092218194454,0.169194809881556,0.578540428422102,0.0981725435018879
26497,0.322661668447757,0.0466595936471548,0.518844259950059,0.111834477955029
26498,0.512090771795834,0.0858397322720475,0.148121315342273,0.253948180589845
26499,0.27560499314145,0.143621066168471,0.386439814956418,0.194334125733662
26500,0.220262101902878,0.544736050204801,0.135627521776104,0.0993743261162171
26501,0.454019864561544,0.238503281691549,0.15386672396264,0.153610129784267
26502,0.510581784717932,0.146475944948734,0.144847226862282,0.198095043471051
26503,0.112479054286212,0.612008513397274,0.173256125403098,0.102256306913415
26504,0.16535256157323,0.170659400157906,0.377767989213708,0.286220049055156
26505,0.0971090151684867,0.459099438620803,0.271438183220245,0.172353362990466
26506,0.0687555762625009,0.263119915879419,0.266266695858958,0.401857811999122
26507,0.609034987988185,0.0810408740270434,0.0460193349051969,0.263904803079575
26508,0.34566429935682,0.276982340957786,0.0218079125072049,0.355545447178189
26509,0.0682764671301066,0.779087993785839,0.0196636424208809,0.132971896663173
26510,0.159667475998398,0.222705698384332,0.163186675257182,0.454440150360088
26511,0.0531269849248366,0.284777428467743,0.566297102842206,0.0957984837652141
26512,0.100874487456373,0.121887493030282,0.157872355648108,0.619365663865237
26513,0.0628996856344217,0.375730665532604,0.452269880913564,0.109099767919411
26514,0.0756672854865763,0.418281513237326,0.120238521535726,0.385812679740372
26515,0.249336902497195,0.172075611685954,0.369577270094176,0.209010215722676
26516,0.140467399544529,0.104773703268946,0.166816406139046,0.587942491047479
26517,0.166002928806889,0.330094529601671,0.159579538384873,0.344323003206567
26518,0.116523067259843,0.0563343656199866,0.381162280363418,0.445980286756753
26519,0.421066736959665,0.189936655432897,0.072699237760498,0.31629736984694
26520,0.611482223866647,0.050041666473824,0.0300233278618943,0.308452781797635
26521,0.161211546947522,0.467744662650414,0.0542550218423021,0.316788768559761
26522,0.798434298785173,0.0251964569050093,0.0177348223160181,0.158634421993799
26523,0.0424962559427513,0.421829945956263,0.346047014551819,0.189626783549167
26524,0.364320578545592,0.0771455658228245,0.0804553381721855,0.478078517459398
26525,0.27969901507594,0.186260719591019,0.273958530367364,0.260081734965677
26526,0.107453964410976,0.526804590804567,0.280301962995859,0.0854394817885986
26527,0.21072050689374,0.178169067436388,0.461502725722188,0.149607699947684
26528,0.0624559182913338,0.566170070223263,0.274017000438006,0.0973570110473967
26529,0.32662840812348,0.104286997453468,0.469708607839837,0.099375986583214
26530,0.510235136413502,0.262212958110096,0.121013514344633,0.106538391131769
26531,0.123625263257778,0.320791084981753,0.457583531648204,0.0980001201122645
26532,0.224888477176517,0.591406371280578,0.0841643231085016,0.0995408284344029
26533,0.122463022475454,0.590207215734238,0.159599030130158,0.127730731660149
26534,0.589450785867058,0.141824287043879,0.18684344214753,0.0818814849415335
26535,0.0837953509580206,0.313747847326234,0.481899998566417,0.120556803149329
26536,0.340068796692973,0.17477486245275,0.252836132276454,0.232320208577823
26537,0.241668190333055,0.414709196541982,0.195201770902493,0.14842084222247
26538,0.0923236876478326,0.0939643844984465,0.720856674051592,0.0928552538021284
26539,0.0997263114298415,0.447086429701982,0.359504465630173,0.0936827932380033
26540,0.279917922147024,0.367087265862372,0.262571371590244,0.0904234404003601
26541,0.431320052402516,0.203318832274331,0.0977127231950727,0.26764839212808
26542,0.342415913177619,0.301463409942149,0.245647260985327,0.110473415894905
26543,0.391112328920107,0.358050371287942,0.0725513595678445,0.178285940224107
26544,0.170725544658792,0.456503122174679,0.162029681154577,0.210741652011952
26545,0.267602539072738,0.241277662516186,0.177417703557255,0.31370209485382
26546,0.2661123474212,0.309776029964378,0.281652517573254,0.142459105041168
26547,0.539515779654874,0.13824905226021,0.0919578429793065,0.230277325105609
26548,0.548421703958964,0.13899882160906,0.225262148730415,0.087317325701561
26549,0.15117273009276,0.156787971225558,0.566788159863745,0.125251138817936
26550,0.184441707507917,0.173574183223418,0.562518339578383,0.0794657696902815
26551,0.113324138117225,0.408795268898024,0.380124699209454,0.0977558937752961
26552,0.331122655589569,0.13791058166318,0.270518064925717,0.260448697821533
26553,0.212254564943907,0.447193317607871,0.142296721778116,0.198255395670106
26554,0.321506488488689,0.37409838077501,0.230573262921481,0.0738218678148198
26555,0.22937931907466,0.0995509966599302,0.514052444591711,0.157017239673699
26556,0.288620991810464,0.170163671450859,0.313569408742839,0.227645927995839
26557,0.424439769524617,0.227342499980356,0.144372091156918,0.203845639338109
26558,0.272191552812134,0.203389884859191,0.375226583783567,0.149191978545108
26559,0.353962133813692,0.377508321659872,0.0877514626155879,0.180778081910848
26560,0.18499527262172,0.208862688222922,0.530508628051402,0.0756334111039561
26561,0.155959966105026,0.448765693636662,0.174834215100121,0.220440125158191
26562,0.108624895656882,0.374941454111465,0.309717416159385,0.206716234072268
