"No","Ch1","Ch2","Ch3","Ch4"
21566,0.2034706422744,0.208443995379426,0.457473127827451,0.130612234518723
21567,0.0894579864449075,0.466462698743481,0.334854003693392,0.10922531111822
21568,0.314721488820987,0.331481954244166,0.256332840747353,0.0974637161874938
21569,0.339577495715547,0.277305525593503,0.300346123492281,0.0827708551986692
21570,0.340058148746823,0.19896998013709,0.394014371127538,0.0669574999885498
21571,0.133876065903345,0.582848870207015,0.216355768536219,0.0669192953534212
21572,0.352975896388679,0.0907896426117274,0.426752493701099,0.129481967298494
21573,0.162830074498725,0.214808551828766,0.298072358450274,0.324289015222236
21574,0.189378535456919,0.28063592788344,0.392215267018796,0.137770269640845
21575,0.098734120648628,0.186821403539691,0.599052035582908,0.115392440228774
21576,0.194530892486086,0.171524471375672,0.408517350460114,0.225427285678128
21577,0.124938459289607,0.215386232780076,0.576069174208101,0.0836061337222168
21578,0.306888891357945,0.292891403527104,0.248415797853733,0.151803907261218
21579,0.0905870270002982,0.206125469791866,0.290468481236566,0.41281902197127
21580,0.124079857863066,0.411790990170152,0.29196719857854,0.172161953388241
21581,0.296114695899816,0.141085834968742,0.362157199995575,0.200642269135868
21582,0.129010758560612,0.202905571981222,0.441016549217672,0.227067120240494
21583,0.139072744358807,0.192502316545593,0.40617135519792,0.26225358389768
21584,0.217663197397481,0.332260504112306,0.0934889877021893,0.356587310788024
21585,0.458280604400124,0.227878438220955,0.117708295810237,0.196132661568685
21586,0.179419760849708,0.413629927039935,0.253090112454961,0.153860199655396
21587,0.041768528642188,0.593347861718715,0.228215519945983,0.136668089693115
21588,0.0855857615605973,0.116812778287414,0.609004126380809,0.18859733377118
21589,0.146939800818876,0.119569369530183,0.609537993937115,0.123952835713826
21590,0.0468593761983337,0.188125121142931,0.604157400777279,0.160858101881457
21591,0.0401407466866646,0.250098015971504,0.508887757054929,0.200873480286902
21592,0.0871867303801836,0.311622339298371,0.0960125829036177,0.505178347417828
21593,0.662846570227306,0.11396242928252,0.13537691391067,0.0878140865795041
21594,0.149293394642352,0.196660607550035,0.263454016422564,0.390591981385049
21595,0.390403691828817,0.147062655491433,0.0810286121842176,0.381505040495532
21596,0.126612644292327,0.636467790495158,0.131668846107457,0.105250719105058
21597,0.437347054854282,0.234200786247662,0.0516502209123299,0.276801937985726
21598,0.101340981359645,0.373438441356037,0.348765462013713,0.176455115270605
21599,0.204063303754726,0.49978740262138,0.20403996427742,0.092109329346474
21600,0.0542976086642611,0.180851603109259,0.0757883756565461,0.689062412569934
21601,0.040905161402862,0.173379602998192,0.277922930232444,0.507792305366502
21602,0.0277783426270852,0.511182888613238,0.334784152280377,0.126254616479299
21603,0.614102790330068,0.0332922086056424,0.108704154288771,0.243900846775518
21604,0.0333603496995728,0.212646592135423,0.382622902869508,0.371370155295496
21605,0.256341418390606,0.041699812787396,0.492371165812372,0.209587603009626
21606,0.21685526992756,0.0267401351226057,0.383373821250223,0.373030773699612
21607,0.45464557257835,0.0586902151358484,0.0669966801307686,0.419667532155033
21608,0.23997802126575,0.450133578567372,0.0228069153161203,0.287081484850758
21609,0.0546455557961125,0.0483762629357764,0.477782360261717,0.419195821006394
21610,0.324305908846693,0.267121536308834,0.0212008720191497,0.387371682825323
21611,0.0464515520015213,0.0310297980884492,0.567791692370028,0.354726957540001
21612,0.649341148797388,0.103266541326597,0.140549473594835,0.10684283628118
21613,0.0314161177630148,0.180472500001109,0.274937900495202,0.513173481740674
21614,0.066555193937073,0.494696546836047,0.210514379309227,0.228233879917653
21615,0.217009175676271,0.366953704279499,0.021262423280452,0.394774696763778
21616,0.298223017351743,0.0164638958427858,0.543325577981874,0.141987508823597
21617,0.270104813029949,0.326369659959585,0.157167668696181,0.246357858314286
21618,0.184630170021999,0.0560926828153573,0.183719593257517,0.575557553905127
21619,0.103965053155925,0.106997439022637,0.0493145876027493,0.739722920218688
21620,0.039511983648639,0.780640047098902,0.0338520252905532,0.145995943961906
21621,0.164902879938175,0.337761969126481,0.12653459390354,0.370800557031804
21622,0.0593806694744624,0.159344016152494,0.100196809618609,0.681078504754434
21623,0.370908305715018,0.261425468528197,0.311510369127015,0.0561558566297706
21624,0.345562715618818,0.342932436996165,0.23331953404528,0.0781853133397376
21625,0.154987123313804,0.178625475981893,0.590395976303614,0.0759914244006881
21626,0.329564401278735,0.28531980734061,0.326797516756804,0.058318274623851
21627,0.241974335346989,0.220868751098746,0.433849818063179,0.103307095491087
21628,0.174207425346384,0.382031053727813,0.404128616030708,0.039632904895095
21629,0.340887925334682,0.332405833928447,0.243569244697281,0.0831369960395899
21630,0.372421739939393,0.291749518848535,0.185689564339551,0.150139176872521
21631,0.162062866608249,0.252346906799026,0.553612849152579,0.0319773774401461
21632,0.197053399990343,0.19887752556756,0.510155515034912,0.0939135594071861
21633,0.242763504291468,0.394884492415727,0.248019975194861,0.114332028097944
21634,0.209601087434765,0.598691754213949,0.156007043851033,0.0357001145002531
21635,0.124661596963907,0.556873964316504,0.282140301259133,0.0363241374604556
21636,0.460703978477214,0.245297083782976,0.216589140048636,0.0774097976911742
21637,0.297805201903929,0.513650754158794,0.133685002284978,0.0548590416522993
21638,0.285118243687367,0.332676951326593,0.324162222131955,0.0580425828540849
21639,0.250870911160359,0.524089586987777,0.154977816652636,0.070061685199228
21640,0.443472353260501,0.365376880556755,0.149468717482681,0.0416820487000622
21641,0.374029314404942,0.186685976391415,0.365832269778603,0.0734524394250391
21642,0.419489419841773,0.307536818235428,0.176678053124811,0.0962957087979879
21643,0.13479239189309,0.286823327923982,0.473536261173439,0.104848019009489
21644,0.341194453607996,0.256123835426444,0.248748195350627,0.153933515614933
21645,0.111404969647761,0.626524990777872,0.168189699319553,0.0938803402548145
21646,0.220011278758041,0.273140093775556,0.425678986634064,0.0811696408323392
21647,0.182932563249193,0.225536793001128,0.496902375157396,0.0946282685922841
21648,0.337753264795882,0.161909652465274,0.410675642384477,0.089661440354367
21649,0.552169308095285,0.146303866065848,0.248961897995345,0.0525649278435212
21650,0.267862290846497,0.370734645978448,0.254103406148958,0.107299657026097
21651,0.411595956626132,0.148888119789972,0.261077466908725,0.178438456675171
21652,0.106949907077497,0.172938260362695,0.388280534708191,0.331831297851617
21653,0.657876975496054,0.132538668209579,0.142948914538276,0.0666354417560909
21654,0.617508278318586,0.146077022416491,0.189520456922002,0.0468942423429214
21655,0.267372378205191,0.0966244632243569,0.579321854595625,0.0566813039748271
21656,0.459718500543041,0.159494280396179,0.276152237997985,0.104634981062795
21657,0.624451127947769,0.10049862138905,0.152645387408207,0.122404863254973
21658,0.369576439667931,0.148497500986539,0.365637709138523,0.116288350207007
21659,0.634728703775897,0.135952321541972,0.100006567945919,0.129312406736212
21660,0.157702361415672,0.112858090258873,0.420424915961921,0.309014632363534
21661,0.132791088533155,0.378321025032823,0.216183055469618,0.272704830964404
21662,0.0794735589276284,0.560893632162136,0.177285844288308,0.182346964621927
21663,0.185797502147366,0.248675760070383,0.45519785652875,0.110328881253502
21664,0.0571812912925044,0.442834460093923,0.246405791655007,0.253578456958565
21665,0.362471976904229,0.259798683770634,0.172538540720704,0.205190798604433
21666,0.133603618603986,0.356019642523804,0.286586756097799,0.223789982774412
21667,0.0537441110783626,0.438616146085951,0.32758148335359,0.180058259482096
21668,0.252707372284286,0.248887827476971,0.275288916188073,0.223115884050669
21669,0.36842306075639,0.246857310196953,0.103844361239337,0.280875267807319
21670,0.14879788115316,0.435561770629,0.137732014042909,0.277908334174931
21671,0.126016036433503,0.474361944703041,0.330036501809433,0.069585517054024
21672,0.0864409689695901,0.208215013502396,0.513714502450398,0.191629515077616
21673,0.340532964085913,0.252907395456922,0.0731539370987851,0.333405703358379
21674,0.384888976926755,0.139153266250506,0.273875222799373,0.202082534023365
21675,0.426400846513596,0.143246795573791,0.108061708640443,0.32229064927217
21676,0.0792241799227293,0.621460405052387,0.162218100818286,0.137097314206597
21677,0.505344789453728,0.0775686352100643,0.272883332204634,0.144203243131574
21678,0.126069244914737,0.616967469358539,0.169773215127551,0.0871900705991727
21679,0.133468642551451,0.529264807355616,0.0937139777231604,0.243552572369772
21680,0.228401291454733,0.174517313108863,0.480238451823809,0.116842943612595
21681,0.296381190898345,0.058389695150834,0.174656085206829,0.470573028743992
21682,0.350914045630502,0.226084373163308,0.0932548123004442,0.329746768905745
21683,0.229062360239536,0.044246314267806,0.399739997017235,0.326951328475423
21684,0.377806958035204,0.0530654242574861,0.239991012861753,0.329136604845556
21685,0.121829246561108,0.283391101962385,0.0873762853196818,0.507403366156825
21686,0.103850730786159,0.47861530096585,0.141775363156411,0.275758605091581
21687,0.188211321489416,0.125772871388637,0.331688271795461,0.354327535326486
21688,0.207627659522893,0.129592958919344,0.0583101764958494,0.604469205061914
21689,0.138201811696667,0.637056866118031,0.0964830615373395,0.128258260647962
21690,0.687985687505294,0.180908852105721,0.0275694485179764,0.103536011871008
21691,0.124340560767271,0.453281313306321,0.0993874048283758,0.322990721098032
21692,0.0337300737161983,0.297793864754578,0.556740010174187,0.111736051355036
21693,0.0551702403408797,0.667289279148369,0.0636874603607066,0.213853020150044
21694,0.0826068010152069,0.364961303786041,0.090050207795551,0.462381687403201
21695,0.437248493213041,0.27616494781229,0.107137199471567,0.179449359503102
21696,0.534949455284098,0.171339942250355,0.0324039547326789,0.261306647732868
21697,0.545821562986374,0.136207807784412,0.108731098903376,0.209239530325838
21698,0.0919627137529366,0.0440169998937037,0.773749302929875,0.0902709834234845
21699,0.184233468997851,0.63529202864648,0.0331502426189685,0.1473242597367
21700,0.263027297389142,0.237510996226873,0.17279251669779,0.326669189686195
21701,0.438198284130531,0.195493299269392,0.128496874743543,0.237811541856535
21702,0.0613390049844224,0.590135158045323,0.115315924602559,0.233209912367696
21703,0.115080704828737,0.394687029842371,0.0597554134776205,0.430476851851271
21704,0.0755504567743469,0.227264220205732,0.40945443237359,0.287730890646331
21705,0.194040771596629,0.0410314564304114,0.352822393409655,0.412105378563304
21706,0.0880379704899401,0.499475460374366,0.0610131411079515,0.351473428027742
21707,0.089390470395603,0.495955503550161,0.173438465654085,0.24121556040015
21708,0.0497079119574652,0.456737973981559,0.156601610946361,0.336952503114615
21709,0.314167844141071,0.161552071992822,0.0284947609977616,0.495785322868345
21710,0.317814646881359,0.080584523563537,0.0617656815885354,0.539835147966568
21711,0.0357634519678585,0.557838058280471,0.131304523943965,0.275093965807705
21712,0.052401765699901,0.350533262669427,0.0478638542667507,0.549201117363921
21713,0.662679762440339,0.0851422749361044,0.0853167934141763,0.16686116920938
21714,0.0446368894225006,0.68665108240814,0.0447800922111036,0.223931935958256
21715,0.527230726300085,0.134910485084354,0.14409381860226,0.1937649700133
21716,0.0630524808248736,0.0974942658906646,0.200123922819169,0.639329330465293
21717,0.252995355287287,0.0259438104132857,0.391296266749911,0.329764567549516
21718,0.339129062193348,0.464730673895467,0.0247223949514707,0.171417868959715
21719,0.241270756008397,0.104544056384325,0.115354883590635,0.538830304016643
21720,0.350116427669826,0.316240757451674,0.0440087921139836,0.289634022764516
21721,0.102504331040255,0.159490307432367,0.460004984816762,0.278000376710616
21722,0.655545222581534,0.157775110680274,0.0274435827839501,0.159236083954242
21723,0.0397489624546448,0.309672386680315,0.206567975153278,0.444010675711763
21724,0.316821641536435,0.199230213108909,0.217325206875474,0.266622938479183
21725,0.0431662612365697,0.17672140415267,0.216273941927808,0.563838392682952
21726,0.0259957907896814,0.319460321096431,0.43157939607335,0.222964492040537
21727,0.154904349737403,0.052348237161781,0.639408488317567,0.153338924783249
21728,0.0804565471072646,0.0995118846136804,0.323202462647316,0.496829105631739
21729,0.192080078998636,0.268242729786813,0.0803105011012196,0.459366690113331
21730,0.434622559924764,0.0424230527935825,0.066205899798325,0.456748487483328
21731,0.19486691554682,0.148265438029037,0.406544626013383,0.250323020410761
21732,0.344987122687008,0.119802800920358,0.0544466624933508,0.480763413899283
21733,0.576653980608956,0.22723012557252,0.0566675542791664,0.139448339539357
21734,0.0228917356063164,0.662099368980968,0.176111376592291,0.138897518820425
21735,0.179719887630082,0.343254022204855,0.0313598299973025,0.445666260167761
21736,0.767208118922716,0.0556786657650758,0.0522993298756215,0.124813885436587
21737,0.292969747010106,0.384396521698735,0.285287523522458,0.0373462077687017
21738,0.383631895483093,0.272430243972162,0.289008954770476,0.0549289057742696
21739,0.369523606561039,0.243618909624189,0.336492740849871,0.0503647429649018
21740,0.142327512939131,0.545473765832804,0.27313534538464,0.0390633758434254
21741,0.353184935633885,0.367233905467986,0.20645612483374,0.0731250340643888
21742,0.257000665550634,0.343308032748422,0.308928247742392,0.0907630539585526
21743,0.365573147854168,0.415638515801461,0.11210701953621,0.10668131680816
21744,0.299278824668715,0.334990955813786,0.314491685089573,0.0512385344279259
21745,0.271701758060166,0.215558640088856,0.404267909896267,0.108471691954711
21746,0.319463960248653,0.345167440697819,0.266875443753583,0.0684931552999443
21747,0.590842854734891,0.18607284134653,0.176583266729327,0.0465010371892513
21748,0.300540434736616,0.465601550211725,0.169379114406059,0.0644789006455995
21749,0.17606173486021,0.420352213514732,0.319590354770111,0.0839956968549478
21750,0.202946874989875,0.255464183239046,0.426947417146152,0.114641524624927
21751,0.582273670070956,0.137822623878563,0.240137480559081,0.0397662254914003
21752,0.439390998148877,0.168027555115607,0.294696393060503,0.0978850536750127
21753,0.375457849987364,0.230050407706998,0.276811376370317,0.117680365935321
21754,0.189712150094396,0.571072988671519,0.140548300040671,0.0986665611934128
21755,0.216495387291611,0.334681210773852,0.348592836562237,0.1002305653723
21756,0.0646328814980055,0.394714712246494,0.15426292161278,0.38638948464272
21757,0.107216860449153,0.597587060205101,0.0233576518794893,0.271838427466257
21758,0.220776023632002,0.224328973590574,0.142288394583289,0.412606608194134
21759,0.403298611703042,0.354109005886124,0.106776196397579,0.135816186013255
21760,0.123421556286801,0.0414261510814346,0.381391372974519,0.453760919657245
21761,0.100065572403708,0.155719854551322,0.460095446038578,0.284119127006392
21762,0.0320787921482597,0.826116336985784,0.0151826036709114,0.126622267195045
21763,0.491089847710459,0.0664656760201194,0.0198948951645045,0.422549581104917
21764,0.23977074508272,0.0302032956725717,0.538084361898631,0.191941597346077
21765,0.487759032115065,0.121834975504657,0.0880238823036361,0.302382110076642
21766,0.0432079100050378,0.390669745549414,0.027850684803477,0.538271659642071
21767,0.0553259643842875,0.115716899894957,0.383390427600113,0.445566708120642
21768,0.149719468526871,0.253794478863238,0.363600410942141,0.232885641667749
21769,0.151960041115912,0.148277312884731,0.0431441836099865,0.656618462389371
21770,0.0511389489589787,0.405899056195604,0.201893527578315,0.341068467267102
21771,0.0172764845244473,0.0834695704833534,0.341952282415215,0.557301662576985
21772,0.140581173765454,0.288658861991497,0.184634838701265,0.386125125541784
21773,0.131120974687204,0.41543105137927,0.0435419348534359,0.409906039080091
21774,0.0210823685303846,0.0991793626606296,0.577153808985474,0.302584459823511
21775,0.18706640705243,0.292744409591483,0.248184952626003,0.272004230730083
21776,0.369973583302109,0.287909318083297,0.13816649556477,0.203950603049824
21777,0.0727373884839069,0.0489875071101079,0.65775836667054,0.220516737735445
21778,0.355159302465364,0.100576636099751,0.10127130339439,0.442992758040496
21779,0.244084966967197,0.293259175949371,0.157604082117947,0.305051774965486
21780,0.178269843609431,0.133924475359202,0.45555201064624,0.232253670385128
21781,0.121824200187939,0.106775264834848,0.581578876161232,0.189821658815982
21782,0.428639606650111,0.0394766983175689,0.39233639712758,0.13954729790474
21783,0.284639481382448,0.0766637641168431,0.20678367032879,0.431913084171919
21784,0.65583582210632,0.14874771234008,0.0668658109801676,0.128550654573432
21785,0.0839069309453973,0.60626996767121,0.235701840403298,0.0741212609800946
21786,0.0619376265683294,0.0596491482459713,0.265887428144164,0.612525797041535
21787,0.0773249729074567,0.677483905239864,0.0817023134230425,0.163488808429637
21788,0.322964260442977,0.29661540483045,0.0714889593693328,0.30893137535724
21789,0.0774588378889009,0.254483793049654,0.200241258477313,0.467816110584133
21790,0.583703324646249,0.118734116244702,0.0772078591662588,0.220354699942791
21791,0.321745190309642,0.118123568144562,0.113777151220622,0.446354090325174
21792,0.0754444967367643,0.27604011228096,0.425595681381552,0.222919709600724
21793,0.0866611258234717,0.187901529691222,0.569129285209767,0.156308059275539
21794,0.0311228270837671,0.645482387503852,0.187263631775423,0.136131153636958
21795,0.201049996912356,0.0290718264402484,0.628929699688655,0.140948476958741
21796,0.195195858524704,0.278128130378615,0.170161593189609,0.356514417907072
21797,0.270346198048923,0.438981828292729,0.100225554205579,0.190446419452768
21798,0.49985469438308,0.047455963142551,0.273574645653973,0.179114696820396
21799,0.0532526402447469,0.0430331325336234,0.213543845268919,0.690170381952711
21800,0.0671240603654159,0.083063839319556,0.327197134105736,0.522614966209292
21801,0.160735874742109,0.112578755995193,0.223829750458614,0.502855618804085
21802,0.0357388852196136,0.175782239879153,0.382016202256805,0.406462672644429
21803,0.0739090553041012,0.102567738256897,0.611678569383323,0.211844637055678
21804,0.123526615675921,0.60471364373005,0.0740346695952626,0.197725070998767
21805,0.545120706297366,0.0580567253014592,0.0881174622547879,0.308705106146387
21806,0.0873350275308632,0.379858332249943,0.162755880066318,0.370050760152876
21807,0.155532261752003,0.401833448665068,0.125060885773393,0.317573403809537
21808,0.232439544731267,0.0729721320325349,0.130322856173542,0.564265467062656
21809,0.627903467303781,0.0300993249266296,0.0481819473790758,0.293815260390513
21810,0.80632092386993,0.0340767618993167,0.0831173892606794,0.0764849249700741
21811,0.219439558059864,0.565055830348701,0.123325571020806,0.0921790405706292
21812,0.112440365077001,0.0385215289484087,0.509051539475088,0.339986566499502
21813,0.248553598679361,0.433926171631435,0.195657605109922,0.121862624579282
21814,0.232656445280958,0.37350051006566,0.292743050749772,0.10109999390361
21815,0.297578132855279,0.14545428104929,0.365250482785338,0.191717103310094
21816,0.25698602707297,0.418679575892892,0.213206560331406,0.111127836702731
21817,0.139973872234616,0.178352893259515,0.592276399365732,0.0893968351401372
21818,0.0956935147274895,0.121169288046176,0.543764897727576,0.239372299498759
21819,0.338539610772863,0.258645563565839,0.144173426791304,0.258641398869994
21820,0.644988767004866,0.147099524288063,0.133441229101235,0.0744704796058362
21821,0.144774552272526,0.198449946159157,0.553902226658005,0.102873274910313
21822,0.44166688967913,0.387284441944333,0.0922347954821894,0.0788138728943467
21823,0.121917936664999,0.497659655874479,0.193240352024722,0.187182055435801
21824,0.169002277173757,0.435006562414121,0.302478157554633,0.093513002857489
21825,0.0631243977243273,0.548304387605831,0.12990165879717,0.258669555872672
21826,0.310181379425358,0.300754292194276,0.277833398242644,0.111230930137722
21827,0.0695950046639691,0.113778441695754,0.73398961278305,0.0826369408572268
21828,0.10197033339442,0.45684509824982,0.238097135373062,0.203087432982698
21829,0.147261028606073,0.224629879186002,0.49493649349326,0.133172598714666
21830,0.126010462315034,0.109472030557388,0.568766028943811,0.195751478183768
21831,0.256513976631038,0.364255548638693,0.149402441900214,0.229828032830055
21832,0.218183438732177,0.478231651932301,0.0770254987522224,0.2265594105833
21833,0.621537932441021,0.10862586308292,0.173422186804536,0.096414017671523
21834,0.669645031682184,0.141511452692442,0.0955662945139891,0.0932772211113849
21835,0.133419724066198,0.413191105491003,0.146364136829026,0.307025033613773
21836,0.0681073622406021,0.167958804366753,0.588536737536429,0.175397095856216
21837,0.0942154984189832,0.0525988990783553,0.568374801675729,0.284810800826933
21838,0.233518392172675,0.0960748020966125,0.531259548778209,0.139147256952504
21839,0.109086581379206,0.569405546069221,0.161665759747109,0.159842112804464
21840,0.697687021989696,0.0466166221873042,0.160838024371947,0.0948583314510526
21841,0.566348826009063,0.127980024915112,0.0956083081612256,0.210062840914599
21842,0.046704093362894,0.283132149974612,0.550177820286927,0.119985936375567
21843,0.558360651310014,0.099475853087238,0.0865978962213949,0.255565599381353
21844,0.0288651743029186,0.61652965724445,0.138914591638332,0.215690576814299
21845,0.332723903426195,0.120314409969226,0.271957717299704,0.275003969304874
21846,0.0644890974778384,0.518450682860038,0.143001121396915,0.274059098265209
21847,0.37446271869255,0.105582383741817,0.3391476592516,0.180807238314032
21848,0.058321653103632,0.136149952914682,0.0474059457894806,0.758122448192205
21849,0.615916728116882,0.240500512448222,0.0307022389137665,0.11288052052113
21850,0.578149982456503,0.0893836404424275,0.0610459781229307,0.271420398978139
21851,0.206385412425872,0.531427765106832,0.16025464581156,0.101932176655737
21852,0.41272542018651,0.163428374310135,0.264293854544691,0.159552350958663
21853,0.148659341599307,0.283883004693428,0.438937372955688,0.128520280751577
21854,0.354039872689384,0.19632821058738,0.250742133746626,0.19888978297661
21855,0.161696669705716,0.492994043768216,0.208561010236725,0.136748276289344
21856,0.535288079937395,0.120540507692993,0.272863837624515,0.0713075747450962
21857,0.157514570330761,0.656649697659174,0.083204693806626,0.102631038203439
21858,0.572932511412114,0.131162073383515,0.0975488452163682,0.198356569988003
21859,0.549628474597371,0.126913972756654,0.145337635109092,0.178119917536883
21860,0.626551723292935,0.2073673400413,0.0955084348100119,0.0705725018557539
21861,0.291481531278691,0.205311316179754,0.423106415407067,0.080100737134488
21862,0.0632975511748857,0.464020879373122,0.355774509072588,0.116907060379404
21863,0.0760164488758615,0.3961760396598,0.253689565892792,0.274117945571546
21864,0.363472779496153,0.495531924871272,0.0533010262196259,0.0876942694129495
21865,0.138089930209196,0.292238441018058,0.470036810343344,0.0996348184294018
21866,0.210397015586977,0.207506692013721,0.462897050877794,0.119199241521509
21867,0.0965701973290496,0.161067668400823,0.396931919112981,0.345430215157146
21868,0.170170296292321,0.158113378513373,0.539677438247087,0.132038886947219
21869,0.426869894331449,0.0954508395267848,0.196084426055249,0.281594840086518
21870,0.26100143776758,0.317858514290755,0.295093155571997,0.126046892369668
21871,0.486743060287824,0.321579932008738,0.110372657029773,0.0813043506736651
21872,0.122321932799832,0.44272818096015,0.366812898829988,0.0681369874100301
21873,0.410117965118134,0.310898431823573,0.222421900773708,0.0565617022845847
21874,0.177060414739158,0.598058341571275,0.149229390972536,0.0756518527170298
21875,0.365175657384659,0.438545319802955,0.096353362122726,0.0999256606896606
21876,0.452874078558223,0.209827254349668,0.271003899417648,0.0662947676744603
21877,0.142027499291428,0.416871941723987,0.31567735111254,0.125423207872045
21878,0.340876040009306,0.517271776716761,0.101036366595033,0.0408158166789005
21879,0.409815187491104,0.360688611768946,0.109105034544736,0.120391166195215
21880,0.307562746976953,0.250663174942513,0.37961739708082,0.0621566809997143
21881,0.191749564120491,0.3222474983915,0.338298485876941,0.147704451611067
21882,0.256797357102681,0.274245364072595,0.304500093629493,0.164457185195231
21883,0.111025963736599,0.396110644123274,0.334230490896736,0.15863290124339
21884,0.180482698012385,0.625401173492419,0.067753260884913,0.126362867610283
21885,0.179549803981661,0.479581538559431,0.136787239241301,0.204081418217607
21886,0.320644420371268,0.328321685300308,0.173388869061411,0.177645025267014
21887,0.383918955910739,0.139104644672976,0.344094111638807,0.132882287777478
21888,0.0712093544526077,0.395678977004384,0.423282369897181,0.109829298645828
21889,0.116778597715483,0.363143423746203,0.33485606313638,0.185221915401933
21890,0.22668561380947,0.203687840585661,0.274115541712588,0.295511003892281
21891,0.552451027016212,0.0397022161635718,0.322762063793019,0.0850846930271973
21892,0.0587637867579095,0.465531188261075,0.0772025125619368,0.398502512419079
21893,0.105177228234391,0.535817959797947,0.0997903508575469,0.259214461110115
21894,0.187688707643067,0.0790204414272333,0.274047802169556,0.459243048760144
21895,0.0298349207036162,0.0530315209189811,0.8421893191424,0.0749442392350025
21896,0.421156750832856,0.150728422355025,0.309522565649452,0.118592261162667
21897,0.212022990841981,0.438413669009092,0.217956297309183,0.131607042839744
21898,0.172078309223246,0.2702492281884,0.367981925836926,0.189690536751428
21899,0.215808530122151,0.119231811732463,0.576540123025943,0.088419535119443
21900,0.0517771746707707,0.0575973648418844,0.0712209555065753,0.81940450498077
21901,0.149457997710213,0.734688503281351,0.0291145965633685,0.0867389024450677
21902,0.0502012604079355,0.142008964162988,0.656590675354954,0.151199100074123
21903,0.0426463921841402,0.0976779748364374,0.676860450625395,0.182815182354028
21904,0.252561812821148,0.0565363495409459,0.30266121103897,0.388240626598935
21905,0.0193329975364101,0.578242614227262,0.244348331127951,0.158076057108377
21906,0.0671188396010799,0.233303697385038,0.0727899735461791,0.626787489467703
21907,0.0481546662709875,0.457459162705348,0.151619344796303,0.342766826227362
21908,0.322753678698765,0.259694725048449,0.267741394702828,0.149810201549958
21909,0.279312864157356,0.20349420379583,0.352616900684789,0.164576031362025
21910,0.429229813798139,0.195721856424539,0.192248146277222,0.1828001835001
21911,0.17159553385911,0.544089456288101,0.180170112489378,0.104144897363412
21912,0.149066464203027,0.586981097022519,0.0807462631254463,0.183206175649008
21913,0.150485003622254,0.539154712612413,0.163825243988467,0.146535039776867
21914,0.126883189668825,0.167616260800653,0.318828105507609,0.386672444022913
21915,0.310550223960168,0.137200063990917,0.341312202268102,0.210937509780812
21916,0.0593528546541444,0.0929724040208657,0.3737771611333,0.47389758019169
21917,0.160508778195209,0.169895385737526,0.332135779158356,0.337460056908909
21918,0.096522522767174,0.143240884494985,0.670122178493973,0.0901144142438675
21919,0.140414632217378,0.126035216614719,0.608936412202865,0.124613738965038
21920,0.275003769818955,0.169347498637041,0.174759001230067,0.380889730313936
21921,0.165505924380328,0.570041950961163,0.128638560756694,0.135813563901814
21922,0.419425873355923,0.312051791407015,0.0662670178380857,0.202255317398976
21923,0.192551540493651,0.0954916012477809,0.307436995004209,0.404519863254359
21924,0.226894016588993,0.098064209024598,0.344815054882953,0.330226719503457
21925,0.496185567424598,0.0894574108604543,0.225990697307343,0.188366324407605
21926,0.496313103097732,0.110771226534765,0.1134169901597,0.279498680207803
21927,0.0808057775638271,0.133033207904673,0.593727364318334,0.192433650213166
21928,0.076062306378036,0.656650749149332,0.038252242861022,0.229034701611611
21929,0.0498218119874953,0.0557016116185728,0.115252405863708,0.779224170530224
21930,0.017750150768374,0.42424968581404,0.182077158264347,0.375923005153239
21931,0.12648578473945,0.460673158072061,0.0497080081264672,0.363133049062022
21932,0.0860619585195214,0.046420580266055,0.512674039694098,0.354843421520326
21933,0.0590653050410157,0.509614666477119,0.0498680131991079,0.381452015282757
21934,0.0858406857864083,0.412632434230791,0.136928618948086,0.364598261034715
21935,0.151271814851462,0.227039275543777,0.0706501505798929,0.551038759024869
21936,0.176671352848017,0.316787078206876,0.0965587478783668,0.40998282106674
21937,0.045109175432253,0.124058405035896,0.54197877560435,0.288853643927501
21938,0.0172468493081723,0.471766509000211,0.11406401984196,0.396922621849657
21939,0.0353153195465523,0.36033652461541,0.0623807011065555,0.541967454731482
21940,0.45946352402477,0.162968917390769,0.0676404752230201,0.309927083361441
21941,0.0653418545060207,0.0340509432145494,0.211611814443517,0.688995387835913
21942,0.0667592525852562,0.751147293258635,0.0575988354565629,0.124494618699546
21943,0.0360217178382328,0.351349062013959,0.0307110653217009,0.581918154826108
21944,0.0330222011684467,0.405387695378243,0.229329710046898,0.332260393406412
21945,0.0665736449907483,0.277856651734187,0.0360493928715819,0.619520310403483
21946,0.433077999668578,0.23694254265026,0.101227469954166,0.228751987726996
21947,0.403764099849613,0.237772920918194,0.146241624590626,0.212221354641567
21948,0.11351678442149,0.436777267344013,0.200403868939296,0.249302079295201
21949,0.115004341081023,0.363347592838015,0.112509073127851,0.409138992953111
21950,0.17168368255347,0.448560343213096,0.103382531088728,0.276373443144705
21951,0.139089107066078,0.200396878976992,0.3156946369423,0.344819377014629
21952,0.336681529604341,0.0851445096046866,0.0848357647134263,0.493338196077546
21953,0.442302758144969,0.213064065033199,0.0596849683081155,0.284948208513717
21954,0.199161113500977,0.0667462024379703,0.0945465781427804,0.639546105918273
21955,0.366441862069723,0.10191762920558,0.212957436728819,0.318683071995878
21956,0.0245213062365731,0.100545664223786,0.143816335463791,0.73111669407585
21957,0.435027549285848,0.13114871302697,0.154112051847225,0.279711685839957
21958,0.0338370896928542,0.67303181797482,0.121245354166727,0.171885738165599
21959,0.0616991572957154,0.07497010745015,0.0716662449950604,0.791664490259074
21960,0.118643425053074,0.560281542052418,0.0344885786265425,0.286586454267965
21961,0.177770369508885,0.157126187728246,0.311387313139737,0.353716129623131
21962,0.679642251134275,0.113506502976449,0.060846459214627,0.146004786674649
21963,0.097450979650492,0.438553618305742,0.250586615800069,0.213408786243698
21964,0.147968095528854,0.0353882737863589,0.656312781702032,0.160330848982755
21965,0.11267215144729,0.079946776101156,0.370238367589579,0.437142704861975
21966,0.0983711404126901,0.0478011804881676,0.404011577345195,0.449816101753947
21967,0.529596475330177,0.0306061268999722,0.199941616745205,0.239855781024646
21968,0.184634331519692,0.559306963503795,0.0490086037706031,0.207050101205909
21969,0.0251995402137227,0.129425153269228,0.262093462717499,0.58328184379955
21970,0.164969848824406,0.168198622986466,0.102668471278795,0.564163056910333
21971,0.248717785645939,0.234815468689869,0.385524330118626,0.130942415545566
21972,0.342951292003059,0.195335792697857,0.157125468648128,0.304587446650957
21973,0.38353154159391,0.173058545340447,0.050012707287421,0.393397205778222
21974,0.444884286457838,0.21483745622176,0.0522362429480192,0.288042014372383
21975,0.0343610725005577,0.10764023446915,0.292696699661609,0.565301993368684
21976,0.374707094539445,0.315912006955372,0.201107072166232,0.108273826338951
21977,0.112552939982383,0.363436865984921,0.224237352062924,0.299772841969772
21978,0.217888740543622,0.0323129364993124,0.24593772447168,0.503860598485386
21979,0.302555741408745,0.174572780787544,0.0517714661402512,0.471100011663459
21980,0.0668290852908384,0.583278892238515,0.0736441227447548,0.276247899725891
21981,0.113465026777646,0.478556740793144,0.166325670865856,0.241652561563354
21982,0.111076670098616,0.217979258441934,0.204633608447383,0.466310463012067
21983,0.0307917843015886,0.0489204227151606,0.248178074856923,0.672109718126328
21984,0.153879763026586,0.368497086688918,0.224750990462853,0.252872159821642
21985,0.0890170158601901,0.544584204521622,0.20291793057067,0.163480849047517
21986,0.188734101186673,0.233784333552615,0.475935525795267,0.101546039465445
21987,0.0644946705141489,0.449134832620438,0.241776707219505,0.244593789645909
21988,0.371912109090834,0.256233287391999,0.184029437026688,0.187825166490479
21989,0.136920882837648,0.349743807842581,0.309654230482804,0.203681078836968
21990,0.0583666611747379,0.46259923557759,0.322700065287163,0.156334037960509
21991,0.259249233915383,0.260218979971776,0.266681401031593,0.213850385081248
21992,0.371517724215454,0.254988580320129,0.115469904530334,0.258023790934083
21993,0.167868060403416,0.433589556552796,0.160387122802928,0.238155260240859
21994,0.135902306490995,0.485080440243768,0.312571321366202,0.0664459318990349
21995,0.100759181566802,0.195780287968751,0.513802471147955,0.189658059316491
21996,0.370885251210835,0.247246324418343,0.078735316265537,0.303133108105285
21997,0.389709655166594,0.145675509381048,0.273656551774634,0.190958283677724
21998,0.454455460244232,0.127756328815966,0.12173991620589,0.296048294733911
21999,0.0833599978546641,0.611772176273164,0.174124726494541,0.130743099377631
22000,0.533426027768092,0.0815730705058465,0.250732054958336,0.134268846767725
22001,0.138937512889084,0.607983941971975,0.171889062562873,0.0811894825760675
22002,0.137315905608609,0.519935833991593,0.103859481392075,0.238888779007723
22003,0.0682043301385922,0.206743854918653,0.533954573145719,0.191097241797036
22004,0.536071665118538,0.154543452338521,0.102692043298725,0.206692839244216
22005,0.348920643526212,0.0945265800980049,0.194224652262151,0.362328124113632
22006,0.0455571642810334,0.251575181290967,0.239373607629402,0.463494046798597
22007,0.217757814550085,0.456628297076052,0.115734866104469,0.209879022269394
22008,0.0564613323717682,0.179569293389202,0.527591001982202,0.236378372256827
22009,0.344860050448096,0.169019674025789,0.160743027551783,0.325377247974331
22010,0.118988035291806,0.543209339937473,0.058858265053787,0.278944359716934
22011,0.0769276017373838,0.413801980194639,0.182009250037523,0.327261168030455
22012,0.263463574846926,0.105063652422893,0.13062085033222,0.500851922397961
22013,0.293802023258231,0.135024007321393,0.346228035374315,0.224945934046061
22014,0.117078944981766,0.0821988540538832,0.643270202118875,0.157451998845476
22015,0.0711177594798663,0.0666090737660217,0.388108410346515,0.474164756407597
22016,0.040516935522182,0.489316420254178,0.044916043410486,0.425250600813154
22017,0.0504248703182609,0.78083095340018,0.0359451069588667,0.132799069322693
22018,0.241327592981227,0.117443915099696,0.331461822501619,0.309766669417458
22019,0.156236052371765,0.0821800878234445,0.293631605603889,0.467952254200901
22020,0.106748526028249,0.0791315575282259,0.369970495493121,0.444149420950405
22021,0.0314296957037389,0.304411434018626,0.311955289685415,0.35220358059222
22022,0.532756590035836,0.0718200446987665,0.179179821139398,0.216243544126
22023,0.434321636972798,0.0722283284060045,0.25218508978905,0.241264944832147
22024,0.305638502067462,0.0448926111997606,0.102032026605289,0.547436860127489
22025,0.423516375581159,0.215905718413874,0.0523103530116484,0.308267552993319
22026,0.625872871457142,0.0970811841242632,0.0398157370622854,0.237230207356309
22027,0.255207023680546,0.233366500726848,0.0866790656539758,0.424747409938631
22028,0.3931299637645,0.0936453905470653,0.0348295320573129,0.478395113631122
22029,0.0399495351583143,0.0639272821800671,0.0361154602952389,0.86000772236638
22030,0.582729482096263,0.0241738072615684,0.244214274048631,0.148882436593538
22031,0.208850776070265,0.13838345315622,0.0528561145118568,0.599909656261658
22032,0.0643807067985768,0.238688293486126,0.0392088941902595,0.657722105525038
22033,0.0475821917249676,0.104097657846719,0.713177168841423,0.135142981586891
22034,0.705315822766094,0.0866288882659592,0.0495208525854871,0.15853443638246
22035,0.116090532780281,0.12601982391189,0.0569570058475879,0.700932637460241
22036,0.534128424282722,0.179869508243686,0.0568520739361545,0.229149993537437
22037,0.105354753754668,0.0991686012212689,0.0249952895695088,0.770481355454554
22038,0.0755317889223449,0.242647768065079,0.0413168967936271,0.640503546218949
22039,0.428642499887348,0.311766718039496,0.0124545822581302,0.247136199815026
22040,0.137517637121142,0.417790106278416,0.0966341280417806,0.348058128558662
22041,0.16926171306354,0.0922287846521258,0.561408218301148,0.177101283983186
22042,0.28742874149375,0.171461946450391,0.275986917517934,0.265122394537924
22043,0.155399926391851,0.557827710798529,0.133577720664277,0.153194642145344
22044,0.0650726670702771,0.105611579665959,0.374872337395567,0.454443415868197
22045,0.108910464421492,0.44123956167807,0.100272468714854,0.349577505185584
22046,0.133710920175025,0.274245973583264,0.261526435866306,0.330516670375405
22047,0.154250879673164,0.4788415660375,0.057983766827279,0.308923787462057
22048,0.121453599922694,0.734175386915131,0.0336490676750434,0.110721945487132
22049,0.176166877958085,0.577696033685375,0.060808889031136,0.185328199325404
22050,0.252030743776973,0.308125281957051,0.353617907647628,0.0862260666183476
22051,0.055309158500413,0.0982827138586671,0.602642960900601,0.243765166740318
22052,0.16743202931662,0.42630095019483,0.173327851617645,0.232939168870905
22053,0.0298783242670959,0.73939362781705,0.129212617607791,0.101515430308063
22054,0.0922748407118909,0.0734078677753854,0.673743154525781,0.160574136986942
22055,0.200739683300821,0.117639415616662,0.522788961294169,0.158831939788348
22056,0.211859599549015,0.0638896353082189,0.557784230009169,0.166466535133597
22057,0.252487697825526,0.178743642387871,0.195946109206976,0.372822550579628
22058,0.244869062092041,0.579459839868381,0.075249595481574,0.100421502558004
22059,0.135583653741008,0.515878686399386,0.101043958479047,0.247493701380559
22060,0.218980087899224,0.250919510669939,0.0706537433523464,0.45944665807849
22061,0.134483774607464,0.207004411261973,0.373185536032311,0.285326278098252
22062,0.121872694241512,0.319654538087887,0.387776299974323,0.170696467696278
22063,0.02088756160598,0.677223499303933,0.16836468998598,0.133524249104107
22064,0.392965933193854,0.276829632903382,0.127349871723767,0.202854562178996
22065,0.0970712076043921,0.166835802869526,0.438878830628559,0.297214158897523
22066,0.460480323868368,0.10879390037027,0.110739837506771,0.319985938254591
22067,0.402920319021062,0.182004753089527,0.0300578587551114,0.3850170691343
22068,0.114217144442055,0.783445283150922,0.0145923214490028,0.0877452509580202
22069,0.0337254712339331,0.586651833969208,0.0893381682348774,0.290284526561981
22070,0.396196195992105,0.0372822252561346,0.0998803564623453,0.466641222289415
22071,0.348878769730026,0.157052979206324,0.0675110598759734,0.426557191187677
22072,0.0217741967639292,0.564628825753722,0.307848393641297,0.105748583841052
22073,0.112644554469166,0.0936820991142434,0.309385103895204,0.484288242521386
22074,0.03166942643126,0.676320465958176,0.124733191668856,0.167276915941708
22075,0.0486317326629835,0.31333184167432,0.179533890840349,0.458502534822348
22076,0.668939979112623,0.120074341885011,0.0444884603994548,0.166497218602911
22077,0.1639758207908,0.0615260264455764,0.0444842561026782,0.730013896660946
22078,0.342559019295812,0.134365835951238,0.0650136609573682,0.458061483795583
22079,0.402904547268839,0.021265781323492,0.0743017157707893,0.501527955636879
22080,0.0986027476178701,0.0553708749400099,0.542833212891246,0.303193164550874
22081,0.0914508250580719,0.526764293992999,0.111554760098638,0.270230120850291
22082,0.619255031146568,0.101939560806221,0.0818026964914479,0.197002711555763
22083,0.0168157818338372,0.644180521916842,0.103135027601933,0.235868668647388
22084,0.124482569248847,0.0822978193471511,0.0248573473776168,0.768362264026385
22085,0.295260175751037,0.11026202761871,0.115385232105217,0.479092564525036
22086,0.0333027123980854,0.429004156013778,0.0270209642548189,0.510672167333318
22087,0.0288669183107341,0.031333745986495,0.419124019560962,0.520675316141809
22088,0.0552473777953888,0.0861091064281774,0.0784026824596544,0.780240833316779
22089,0.00853412522082712,0.588316095761009,0.117813156730019,0.285336622288144
22090,0.0908020157525908,0.143408232623054,0.184395722936874,0.581394028687482
22091,0.0574343204326933,0.0912616727876701,0.657544600644874,0.193759406134762
22092,0.649574982030267,0.131564560524787,0.0212195956075469,0.197640861837399
22093,0.0536847123534053,0.0736542616584803,0.486328844047573,0.386332181940542
22094,0.0733553913563406,0.0437740206078686,0.268368246917544,0.614502341118247
22095,0.0354383125541809,0.186330732057411,0.0865205292414148,0.691710426146994
22096,0.100852170587521,0.0220703725062868,0.638362275150541,0.238715181755651
22097,0.487240255218839,0.0145558759845571,0.0460919946958939,0.45211187410071
22098,0.276198891019994,0.0752832588625728,0.490131277401829,0.158386572715604
22099,0.0467953825819759,0.383168612689775,0.161808511541073,0.408227493187176
22100,0.0608689218216771,0.178056670413079,0.630861270825796,0.130213136939448
22101,0.527216249362087,0.20653585775657,0.0849046720725701,0.181343220808772
22102,0.118798518229048,0.377277600727322,0.10767273057661,0.39625115046702
22103,0.379398873187978,0.223185912843669,0.170916542989071,0.226498670979283
22104,0.41261081540338,0.214620461281161,0.0688260251711031,0.303942698144356
22105,0.0327434262982167,0.357513367983446,0.250567536577466,0.359175669140871
22106,0.713993914677592,0.115569117192796,0.0286326079812334,0.141804360148379
22107,0.135385649835871,0.076483714877134,0.580680940227549,0.207449695059446
22108,0.30947558548298,0.089011788291585,0.266402959585405,0.335109666640029
22109,0.245239959032584,0.482974579744542,0.0912224356018533,0.18056302562102
22110,0.0556263328673813,0.0537894467461816,0.155973585716585,0.734610634669853
22111,0.395110362688475,0.128239660298117,0.105815495326349,0.370834481687059
22112,0.0319006654736308,0.21568092643614,0.483921056046128,0.268497352044102
22113,0.0482111565386818,0.497655112800477,0.169720879571991,0.28441285108885
22114,0.137763476376049,0.0668900791794109,0.172123625831137,0.623222818613403
22115,0.16041896641155,0.0995630530439875,0.0411974806830644,0.698820499861398
22116,0.0552637829029709,0.195286065986179,0.479122055784064,0.270328095326786
22117,0.22963926534564,0.0886657501456056,0.550408006629428,0.131286977879326
22118,0.710416631210621,0.0801166489879497,0.0732385835292584,0.136228136272171
22119,0.0820997517101895,0.569717830170736,0.105083465545819,0.243098952573256
22120,0.162754496365916,0.0963398583030721,0.447885645755196,0.293019999575816
22121,0.0530505920105606,0.309071734450416,0.145174168450806,0.492703505088218
22122,0.0737071862476066,0.253388271542359,0.538777125268486,0.134127416941548
22123,0.106626079482839,0.374079454362125,0.26971552597886,0.249578940176176
22124,0.0543480119827388,0.368641123174253,0.269880186794696,0.307130678048313
22125,0.287294732016116,0.114135606161236,0.129558917115093,0.469010744707554
22126,0.201680594293659,0.115711908289325,0.275273890521872,0.407333606895144
22127,0.510223396605652,0.16444172281302,0.101681480640767,0.223653399940561
22128,0.381119002970827,0.194000866443618,0.169332522860107,0.255547607725447
22129,0.036632796313428,0.105333576118253,0.136584114929792,0.721449512638528
22130,0.0599809623657302,0.223458708500317,0.4954275328761,0.221132796257853
22131,0.688443911199318,0.0686476586015773,0.100728421168808,0.142180009030297
22132,0.0866273542289777,0.18659112597856,0.438981361334589,0.287800158457874
22133,0.0340180943306335,0.098798239016036,0.575519282514144,0.291664384139186
22134,0.379329019798544,0.106934023307391,0.123317276116907,0.390419680777158
22135,0.652980112351366,0.0298538357819196,0.0309330912301516,0.286232960636563
22136,0.319839964301902,0.115740967748089,0.0492535416380253,0.515165526311984
22137,0.263125691514468,0.0651949385300131,0.179427787041873,0.492251582913646
22138,0.250710924126895,0.252956752603087,0.117142008688088,0.379190314581929
22139,0.0954536995811028,0.451023980054234,0.103881130534653,0.34964118983001
22140,0.0288112555620044,0.0382599270441403,0.436271079511653,0.496657737882203
22141,0.033358371173543,0.239229372407646,0.179999991049498,0.547412265369313
22142,0.149299476194163,0.0483444138103706,0.625894548133954,0.176461561861513
22143,0.219223231000689,0.122439259741811,0.263249944257099,0.395087565000401
22144,0.0183157974055811,0.184554075260925,0.625656630810685,0.171473496522809
22145,0.076648887074407,0.0947626014282306,0.313832454335691,0.514756057161671
22146,0.229336641187931,0.0401500964225308,0.334084189421376,0.396429072968163
22147,0.372376765458371,0.0501471896959054,0.147153722202024,0.4303223226437
22148,0.270045840240586,0.0702253695929275,0.0954229361238466,0.56430585404264
22149,0.0419212263773894,0.284705146209908,0.0163727619229649,0.657000865489738
22150,0.0467524824528787,0.0480920587697719,0.722625411740823,0.182530047036527
22151,0.126764133978414,0.0245516567707909,0.323924050418233,0.524760158832561
22152,0.105216160414246,0.0419335350961699,0.0173903127191357,0.835459991770448
22153,0.0205288310788935,0.24469528045926,0.493944753699218,0.240831134762629
22154,0.0689732954875233,0.45950315622448,0.100693499458717,0.370830048829279
22155,0.127112413089173,0.201588838370221,0.350667559592466,0.32063118894814
22156,0.0826652639658327,0.465261570355101,0.0953366203022473,0.356736545376819
22157,0.0739660820962812,0.318928350368065,0.332292940649603,0.274812626886051
22158,0.0503253364097655,0.395323069817629,0.0968286259252453,0.45752296784736
22159,0.109336907174215,0.210162655059859,0.438421262428454,0.242079175337472
22160,0.156184720730916,0.262087515124884,0.0803604349690352,0.501367329175165
22161,0.0593355135520319,0.257375570863435,0.176793828226526,0.506495087358007
22162,0.114786413400215,0.221992481738082,0.235962879259214,0.427258225602489
22163,0.383363591076374,0.0723301742134618,0.0564684601299028,0.487837774580261
22164,0.0487210691244826,0.0435930552222038,0.474164579357267,0.433521296296046
22165,0.062680734736866,0.460875780282761,0.0944617043413278,0.381981780639045
22166,0.442608273566268,0.413301036667801,0.0412026864142301,0.102888003351701
22167,0.333048909400405,0.21966031121855,0.137143722541181,0.310147056839865
22168,0.132424961271608,0.162607574834621,0.28526849015745,0.419698973736321
22169,0.300276675549981,0.0328148757552402,0.17948635563575,0.487422093059029
22170,0.0659932662494382,0.196609290272776,0.541853565914294,0.195543877563491
22171,0.0749156947358295,0.270999239114757,0.300114298138927,0.353970768010487
22172,0.0417868703200421,0.0937496240796645,0.0424964915585099,0.821967014041784
22173,0.131296682676342,0.49128053260924,0.050482903734452,0.326939880979967
22174,0.504123122147517,0.133273442572846,0.0831142799438557,0.279489155335781
22175,0.079716668097369,0.430001431593776,0.136249937239516,0.354031963069339
22176,0.236923183020216,0.0759158278105801,0.298609231668875,0.388551757500329
22177,0.118518647613649,0.0858879770559426,0.146718318577491,0.648875056752918
22178,0.206070689030626,0.360283984366499,0.0959391982775563,0.337706128325319
22179,0.0610690572004185,0.324557606291809,0.0542321187527994,0.560141217754973
22180,0.169991344155882,0.0767272477502372,0.550731135962765,0.202550272131116
22181,0.139559711354904,0.454446461258709,0.0861449289583223,0.319848898428065
22182,0.293935121888446,0.101648038008979,0.214997469500733,0.389419370601842
22183,0.177919964130271,0.418220758252174,0.0953724116172479,0.308486866000307
22184,0.298863778964741,0.0508712377207955,0.0896714209060032,0.560593562408461
22185,0.132143122003898,0.280996814286814,0.036648888698963,0.550211175010325
22186,0.0548246676728612,0.398875924712341,0.0789632762784763,0.467336131336322
22187,0.0621868942166105,0.163461061315976,0.0509513618731123,0.723400682594302
22188,0.222755106467127,0.118963263112853,0.233921946531626,0.424359683888395
22189,0.152985067646344,0.0340312944978752,0.459352138301907,0.353631499553873
22190,0.0445873278401157,0.387532303114961,0.13436502279362,0.433515346251303
22191,0.204353469272994,0.112748762382124,0.467456598516174,0.215441169828708
22192,0.0922257920914665,0.102101853932585,0.174105660135856,0.631566693840093
22193,0.0506425572206512,0.147427768475077,0.0611663890408307,0.740763285263441
22194,0.275527135482788,0.270108589442366,0.0180476058269689,0.436316669247877
22195,0.27088603955659,0.55673799470046,0.100094015428625,0.0722819503143248
22196,0.280179598403419,0.018834864276142,0.0571214720402139,0.643864065280225
22197,0.111091699433078,0.406535824081235,0.0298821303754835,0.452490346110203
22198,0.0250865209572714,0.0154403253262901,0.0333528945634361,0.926120259153002
22199,0.653725036683735,0.0523670134223288,0.0463320358956773,0.247575913998259
22200,0.450927087839067,0.0747045812540445,0.0863891945686301,0.387979136338258
22201,0.202469609333101,0.463918543294606,0.122656659106646,0.210955188265647
22202,0.589846898776451,0.191549650025726,0.0250907343192756,0.193512716878548
22203,0.504046340286878,0.257386204334858,0.0498585453635276,0.188708910014737
22204,0.0604457975825955,0.237646250172928,0.0159199293649678,0.685988022879509
22205,0.314686912139911,0.231550394021262,0.0909600648739896,0.362802628964837
22206,0.0465930193684409,0.121117231709334,0.433671527566386,0.39861822135584
22207,0.0431453342995409,0.0351098504410566,0.260806517233374,0.660938298026028
22208,0.192658163876577,0.527334851277977,0.0277679199029097,0.252239064942537
22209,0.0623289072350278,0.0494384398712686,0.0172191775889708,0.871013475304733
22210,0.0626868890655513,0.136394993440626,0.0858782591050763,0.715039858388747
22211,0.0478595407152978,0.239229386417613,0.0158056775547441,0.697105395312345
22212,0.0596624800490875,0.288412354200416,0.35666351815495,0.295261647595546
22213,0.0779374764282109,0.299931197567891,0.21611981010644,0.406011515897457
22214,0.0506050275114986,0.209564814562313,0.430263061003778,0.30956709692241
22215,0.0581403936231386,0.110798905511566,0.651677181709591,0.179383519155704
22216,0.3795856137267,0.1598073045987,0.134906282070605,0.325700799603996
22217,0.145099772491145,0.112904080279092,0.512218047005722,0.22977810022404
22218,0.0767545341695815,0.429750021895404,0.0401667078548819,0.453328736080132
22219,0.348100507147092,0.0536682291877332,0.15169343317155,0.446537830493624
22220,0.72601269320492,0.0436988070248239,0.0698833172134466,0.160405182556809
22221,0.0392062261436829,0.198922542382393,0.0735196364621966,0.688351595011728
22222,0.669077990456721,0.0867045533398603,0.070707990894005,0.173509465309414
22223,0.169510431663816,0.385235633027122,0.0619629379240897,0.383290997384973
22224,0.201509321331003,0.0686195458882047,0.137888437408691,0.591982695372101
22225,0.595844014328755,0.158316032854458,0.0894094204968288,0.156430532319958
22226,0.102331052338572,0.0633970768299573,0.599506275480804,0.234765595350666
22227,0.561332074105881,0.13188431743121,0.135527503721729,0.17125610474118
22228,0.0334153110529557,0.607773934763955,0.0936888760126745,0.265121878170414
22229,0.220612337865496,0.379021604270996,0.0582507820409094,0.342115275822599
22230,0.105577027281169,0.0784503471475621,0.642253545750273,0.173719079820996
22231,0.570209301411105,0.148782929897154,0.149074954545966,0.131932814145775
22232,0.386125242012935,0.209413857854274,0.0660520943164439,0.338408805816348
22233,0.114836218765013,0.0829611794386978,0.351018057184084,0.451184544612205
22234,0.23136312545322,0.43032484045616,0.0911009487985193,0.247211085292101
22235,0.249949684907776,0.0658147387425134,0.121745027063921,0.56249054928579
22236,0.626112671799017,0.138255752106647,0.0821478396959222,0.153483736398414
22237,0.330286926132576,0.0671315906894095,0.30452848752004,0.298052995657974
22238,0.0435246238273168,0.226223157381378,0.442256023692369,0.287996195098937
22239,0.13555908295519,0.502047419046972,0.174520210074827,0.187873287923011
22240,0.139317736999016,0.218350224476567,0.250522794998899,0.391809243525519
22241,0.374969639553991,0.0998016852661265,0.101055537458674,0.424173137721209
22242,0.474824336775437,0.179466796355668,0.0451264011977501,0.300582465671146
22243,0.0381885269543773,0.661766202762639,0.0440970679473625,0.255948202335621
22244,0.194954835698478,0.491249945822929,0.125042359759946,0.188752858718647
22245,0.492671062344544,0.0913937345282552,0.0540922370528923,0.361842966074308
22246,0.133368233135521,0.497895618021705,0.0673722846176921,0.301363864225082
22247,0.0643881195230024,0.073949647668354,0.58877880549459,0.272883427314054
22248,0.45300655729501,0.107342051730541,0.320187393549926,0.119463997424523
22249,0.0460437269989337,0.0947871622720889,0.226231884244591,0.632937226484387
22250,0.447479891422033,0.0669577396104181,0.225412019229107,0.260150349738442
22251,0.13061294880038,0.144934580922255,0.499843617470229,0.224608852807137
22252,0.130042598498239,0.0876567168924801,0.557463298922172,0.224837385687109
22253,0.135367574333378,0.555165661334894,0.0674093944088766,0.242057369922852
22254,0.112439116195678,0.190400555572793,0.33566235509078,0.361497973140749
22255,0.0743705052787678,0.0398201349106233,0.558752815660413,0.327056544150195
22256,0.320234899633682,0.0565925766928014,0.265340936418536,0.35783158725498
22257,0.606322563611652,0.0709451017940491,0.166318102644736,0.156414231949563
22258,0.0556319646891402,0.60172645117398,0.170903130612769,0.17173845352411
22259,0.218962324695842,0.0847542715360859,0.207418097462166,0.488865306305907
22260,0.0393842676642862,0.0560311474558596,0.481490153318682,0.423094431561173
22261,0.32820763546583,0.0847443464801637,0.256944078140999,0.330103939913007
22262,0.426925101148629,0.237416031161695,0.0830077936448247,0.252651074044851
22263,0.0953941150021174,0.510047972780998,0.0268191484986378,0.367738763718247
22264,0.445228124971055,0.207468764426086,0.0905978820331932,0.256705228569665
22265,0.165460419886325,0.15547700158037,0.501482519383525,0.17758005914978
22266,0.0886954182400132,0.0504465333871074,0.420374976461847,0.440483071911032
22267,0.0399043072918373,0.0344763082490672,0.60028696310821,0.325332421350886
22268,0.336826102459311,0.204863938666211,0.0891390240388166,0.369170934835662
22269,0.218703654153918,0.655508317490384,0.068137040334205,0.057650988021493
22270,0.108407952318264,0.284956184033198,0.438746158744227,0.167889704904311
22271,0.20962450836266,0.287247181706107,0.396044787067509,0.107083522863724
22272,0.231591601505163,0.451867979763416,0.178691948936452,0.137848469794969
22273,0.253029977579,0.257781585298982,0.26913502323493,0.220053413887089
22274,0.202202890470678,0.562942052575552,0.106892427376709,0.127962629577062
22275,0.141924010570277,0.529062744908586,0.192852296750304,0.136160947770833
22276,0.0702112582883544,0.125692085500196,0.604627782215934,0.199468873995515
22277,0.240818746024258,0.1734083266334,0.513885771015156,0.0718871563271853
22278,0.129987306030157,0.37196656495029,0.334291295986643,0.163754833032909
22279,0.331075934321622,0.284776238283941,0.200844493171827,0.183303334222611
22280,0.251711848302335,0.0954854918167003,0.433722268451103,0.219080391429862
22281,0.702442371289311,0.0765101156700249,0.140035727839223,0.0810117852014414
22282,0.0776764331719649,0.281995004886864,0.581208190463975,0.0591203714771966
22283,0.193265170765884,0.375574134888354,0.196294180664021,0.234866513681742
22284,0.305139362516141,0.160759001427931,0.433678348695298,0.100423287360631
22285,0.0895180049592633,0.391583826993026,0.271926413593854,0.246971754453857
22286,0.132194511218461,0.068741413809375,0.629282435529964,0.1697816394422
22287,0.395800805875548,0.260230738094756,0.101915310782368,0.242053145247328
22288,0.337732592226474,0.255714326861545,0.19271452279519,0.213838558116791
22289,0.170283667854248,0.372069592212706,0.287526555981015,0.17012018395203
22290,0.549889583011531,0.086977567914232,0.264890532377718,0.0982423166965189
22291,0.65862232576153,0.0672473514922802,0.126944523178903,0.147185799567286
22292,0.23358524629982,0.265629007037071,0.255634041001946,0.245151705661163
22293,0.258847579461284,0.369150949714458,0.132814567850245,0.239186902974014
22294,0.286973558178156,0.172135713024706,0.105129959528234,0.435760769268904
22295,0.0990566734227472,0.261242579529811,0.475941818173051,0.16375892887439
22296,0.256461084842877,0.0608796301642537,0.212708439459078,0.469950845533791
22297,0.198575289891822,0.16561144210482,0.387861133214984,0.247952134788373
22298,0.121655712631474,0.182854031100583,0.478521968016417,0.216968288251526
22299,0.0401238678902554,0.676657070027384,0.0839242421609565,0.199294819921404
22300,0.648134466354269,0.162178160538747,0.0756784992554933,0.114008873851491
22301,0.0967193238322898,0.181254631848634,0.599872677826254,0.122153366492822
22302,0.131259260407819,0.513581056245209,0.144953946380411,0.210205736966562
22303,0.425046540736709,0.112206101867074,0.146262825764421,0.316484531631797
22304,0.288520959240483,0.353082131808752,0.0491126134858418,0.309284295464924
22305,0.174146027435581,0.254802941352342,0.351179898915973,0.219871132296104
22306,0.151182750333356,0.142275452812282,0.576631544932809,0.129910251921553
22307,0.0690018890047598,0.368405056242985,0.0498714116362144,0.512721643116041
22308,0.110985588399729,0.295421965881161,0.232181686976506,0.361410758742604
22309,0.452757665534233,0.0869695528751504,0.0342833553770424,0.425989426213575
22310,0.333442810599685,0.0432818997870238,0.204796930204979,0.418478359408312
22311,0.135788048117496,0.303167263851843,0.156570324108041,0.40447436392262
22312,0.632965625338614,0.0968966162948312,0.0584672328000274,0.211670525566527
22313,0.48669583936657,0.195120401744654,0.0655924101329826,0.252591348755794
22314,0.384173759170191,0.218028594207131,0.171669389811917,0.226128256810761
22315,0.170073077904043,0.247550611941967,0.201446027806634,0.380930282347356
22316,0.0396290230915946,0.392371781624973,0.158072357253396,0.409926838030037
22317,0.0573503882449652,0.507199440937828,0.093541844379192,0.341908326438015
22318,0.162722909964444,0.0350364159726392,0.532853314209792,0.269387359853125
22319,0.366843967668302,0.190876526919889,0.0538136169524599,0.388465888459349
22320,0.115127756901419,0.286842634832579,0.395455425078984,0.202574183187018
22321,0.208394148025874,0.139299596069024,0.120861313331655,0.531444942573446
22322,0.0370369451027436,0.102528998942309,0.52763549181352,0.332798564141428
22323,0.0206610688102589,0.340758113966034,0.109134226028371,0.529446591195336
22324,0.0511697461235657,0.411611725584001,0.323102465637501,0.214116062654933
22325,0.131769577193831,0.261173000160473,0.0400998571343555,0.56695756551134
22326,0.480608173717047,0.0913442676872034,0.13851356620818,0.289533992387569
22327,0.428574950323809,0.130517781091538,0.347323978144969,0.0935832904396837
22328,0.339133805541678,0.1206570672171,0.260705334591011,0.279503792650211
22329,0.319819077738021,0.203159498857116,0.159470341181909,0.317551082222953
22330,0.161469385298778,0.138577517715755,0.377555473146899,0.322397623838569
22331,0.33752269406573,0.18312348439494,0.05180298083768,0.427550840701649
22332,0.175569031150249,0.0981947407135911,0.272135746304362,0.454100481831798
22333,0.67091058920108,0.0198441374810506,0.204184989092062,0.105060284225807
22334,0.19527147516193,0.104548361584551,0.418472377395855,0.281707785857664
22335,0.370197856244236,0.317152690488173,0.0556519588309135,0.256997494436677
22336,0.590951534362482,0.0927187135519323,0.126858042745474,0.189471709340112
22337,0.0905671202165367,0.373569213943106,0.323630868052914,0.212232797787444
22338,0.0808460541822711,0.153989328530138,0.0840598903124398,0.681104726975151
22339,0.127625152600787,0.0454102181620501,0.67217345354724,0.154791175689923
22340,0.0305845052268341,0.518072455412508,0.0589109109557597,0.392432128404898
22341,0.234139550103089,0.0670726179058241,0.213367845386141,0.485419986604945
22342,0.18017201922288,0.0663143327372384,0.553927220562225,0.199586427477657
22343,0.114851020583824,0.74662396575826,0.0294131777465213,0.109111835911395
22344,0.108709117077402,0.204410375414126,0.580678201442189,0.106202306066283
22345,0.698893004822973,0.0702609801635358,0.15202314054836,0.0788228744651314
22346,0.457159426608037,0.179755007337343,0.0913345357330268,0.271751030321594
22347,0.124815233187404,0.280749351136286,0.479410407845459,0.115025007830852
22348,0.0718861673930832,0.275951241141767,0.581800116301044,0.0703624751641053
22349,0.224190880893354,0.33103171371592,0.361210948989458,0.0835664564012677
22350,0.240810632613085,0.286385642165081,0.391068960699969,0.0817347645218651
22351,0.125678240783647,0.26067960584338,0.535489291164278,0.0781528622086955
22352,0.569056416066461,0.104489178202425,0.219808850374776,0.106645555356337
22353,0.183221289298365,0.151411140052961,0.419167095681896,0.246200474966778
22354,0.272334907955202,0.31352719567384,0.240621799488188,0.173516096882771
22355,0.136127079787763,0.357588681579739,0.317297473880156,0.188986764752343
22356,0.168062460160508,0.0854510781892989,0.45788621654837,0.288600245101823
22357,0.105653664365457,0.578957248928666,0.150576950567236,0.164812136138641
22358,0.717562553429245,0.074507436720316,0.12105723890423,0.0868727709462085
22359,0.199479014108331,0.400309623354816,0.325412343066536,0.0747990194703174
22360,0.249745482418677,0.500296167457668,0.0499750231099682,0.199983327013687
22361,0.32575692296474,0.23795426438181,0.0995523485933872,0.336736464060063
22362,0.111763691036224,0.210626995034194,0.434592509751676,0.243016804177906
22363,0.0541776305800409,0.0914103618065973,0.492399764057871,0.362012243555491
22364,0.231417556646975,0.457907098281894,0.160430457764917,0.150244887306214
22365,0.249866363341291,0.30959662875115,0.318484017914717,0.122052989992843
22366,0.316499716292862,0.446571995461818,0.18778504006272,0.0491432481826004
22367,0.496102508105582,0.150659485709475,0.242890866868455,0.110347139316488
22368,0.211816735977745,0.44661604272775,0.188248306852033,0.153318914442472
22369,0.146365514403542,0.613123177552104,0.162901478333578,0.0776098297107761
22370,0.199775796477342,0.440614030109021,0.20763000425571,0.151980169157928
22371,0.573459850116867,0.103295819508232,0.187575766898258,0.135668563476643
22372,0.26734921990556,0.544054773035979,0.109913110322332,0.0786828967361286
22373,0.251017348846873,0.144011948943633,0.380058708447556,0.224911993761938
22374,0.285634029697773,0.536787546905857,0.111290934513384,0.0662874888829865
22375,0.176924561656344,0.479449438330861,0.195204026195829,0.148421973816967
22376,0.391722247092242,0.162833602868342,0.203219548943181,0.242224601096235
22377,0.371693223151799,0.384111493862236,0.109434037598716,0.134761245387249
22378,0.143213932199114,0.17080293102471,0.618999848658654,0.0669832881175225
22379,0.402543408602861,0.293450565057318,0.14209165295225,0.161914373387571
22380,0.0983090711522208,0.304338027412952,0.321264727497203,0.276088173937625
22381,0.131104639240106,0.413746467506106,0.258543949355268,0.196604943898519
22382,0.0718682952131848,0.593522446838359,0.161486294316254,0.173122963632202
22383,0.298093287287162,0.184404237198566,0.331604502442112,0.185897973072159
22384,0.257877782127997,0.507901164406798,0.119830854870764,0.114390198594441
22385,0.372279716341935,0.243754982519417,0.262218849640615,0.121746451498034
22386,0.200824865134418,0.432463922317297,0.267760738342652,0.0989504742056327
22387,0.281593328144732,0.160217263145453,0.282646042263405,0.27554336644641
22388,0.437744302005153,0.249617796492865,0.166590570942439,0.146047330559543
22389,0.175278267395954,0.220738465179507,0.441689601953719,0.16229366547082
22390,0.300530172085008,0.192862141399605,0.223236091052167,0.283371595463221
22391,0.312512302567078,0.21462647620675,0.213727471792911,0.259133749433261
22392,0.250828596455971,0.352188400994907,0.219108601042862,0.17787440150626
22393,0.132559619751411,0.159258662966084,0.590076052195503,0.118105665087002
22394,0.180894467070407,0.36078899547139,0.191947555651598,0.266368981806606
22395,0.467041733707939,0.210081337874877,0.192572243334959,0.130304685082224
22396,0.0802266247810751,0.0973821161185916,0.389343870798989,0.433047388301344
22397,0.410317906312679,0.273249806325757,0.15359521781763,0.162837069543934
22398,0.343766259801879,0.158827262243315,0.306852437263912,0.190554040690894
22399,0.0928380981670549,0.237821222507786,0.584281646559125,0.0850590327660343
22400,0.082416393131525,0.0933050865039557,0.71198501698236,0.112293503382159
22401,0.613346338970926,0.089851365931302,0.108243181371305,0.188559113726467
22402,0.146432938022004,0.413683953684183,0.329738519040413,0.1101445892534
22403,0.23432590165913,0.292147591148919,0.292312703016925,0.181213804175026
22404,0.510903139884254,0.0943633831022854,0.339858369524149,0.054875107489311
22405,0.10532747951221,0.560287390550307,0.122579408949543,0.211805720987939
22406,0.156968732615434,0.541390963978817,0.162549348996053,0.139090954409695
22407,0.305216252119815,0.148789833925925,0.279284213273505,0.266709700680755
22408,0.0619259699327441,0.116447357385254,0.764509323800375,0.0571173488816263
22409,0.415574205816361,0.201546016567315,0.298924050249871,0.0839557273664534
22410,0.267603074838258,0.426546673255078,0.213907989457525,0.0919422624491382
22411,0.196917476637863,0.366850682725115,0.319485177630838,0.116746663006184
22412,0.230184920164289,0.15741320320016,0.542720464198088,0.0696814124374628
22413,0.0841827302052056,0.146507236020411,0.146593132782527,0.622716900991856
22414,0.203641031870203,0.698008269831743,0.0370258019709298,0.0613248963271243
22415,0.105968828775212,0.195012652128364,0.603473692409421,0.0955448266870026
22416,0.0784250306016279,0.163942021531649,0.641037642581699,0.116595305285024
22417,0.299968950272026,0.142281833509408,0.320088610584878,0.237660605633688
22418,0.0400425761520569,0.533785391391916,0.320358759985005,0.105813272471022
22419,0.143432324148384,0.360228013471347,0.14266667832273,0.353672984057539
22420,0.0778385795488023,0.523249571469098,0.188931434509937,0.209980414472163
22421,0.291880575171801,0.109640225627632,0.462093512838826,0.136385686361742
22422,0.0670592331150391,0.384713698609107,0.190731449649731,0.357495618626122
22423,0.0779374483623993,0.195444237519825,0.612955698689292,0.113662615428484
22424,0.531624632216966,0.207370280734057,0.102091563055624,0.158913523993354
22425,0.148191542667017,0.400480275332593,0.114593116290528,0.336735065709862
22426,0.393454751457788,0.216976418427647,0.177381537980198,0.212187292134367
22427,0.412455211050595,0.214705810879674,0.0895336496174587,0.283305328452273
22428,0.0415532846342245,0.387058322270595,0.270297246335161,0.30109114676002
22429,0.716481722276465,0.118351091199349,0.0481314209239024,0.117035765600283
22430,0.16498906939945,0.0894530407611782,0.570236509223519,0.175321380615853
22431,0.312377568698901,0.102033451206388,0.276970193741133,0.308618786353578
22432,0.267148961470694,0.475307351278084,0.106020721844947,0.151522965406275
22433,0.0786994558500296,0.0693992912765584,0.204386585736589,0.647514667136823
22434,0.419516009610254,0.12850555313659,0.124117136597298,0.327861300655858
22435,0.0464055609155627,0.219109859943683,0.506937969121033,0.227546610019721
22436,0.0618986808227451,0.493606237655011,0.192827633250481,0.251667448271762
22437,0.167361195690832,0.0953961427066527,0.205069790621575,0.532172870980941
22438,0.180573617812587,0.128480158856147,0.0544196628647101,0.636526560466556
22439,0.0705900582899335,0.216228654592612,0.480903035142304,0.232278251975151
22440,0.146709710522644,0.566676969138928,0.16086511723474,0.125748203103689
22441,0.298930596905995,0.269869576235888,0.352040528018142,0.0791592988399746
22442,0.129701493180711,0.360878517427821,0.450746867112216,0.0586731222792521
22443,0.146705610675592,0.681588379439902,0.112485769989351,0.0592202398951546
22444,0.287985748690823,0.34432791720423,0.273015661629946,0.0946706724750012
22445,0.133668457450152,0.461204626945012,0.298748295300549,0.106378620304287
22446,0.128233364544733,0.331264263750034,0.500935545293112,0.0395668264121214
22447,0.281644942303734,0.42431217631216,0.215935134544544,0.0781077468395616
22448,0.207863072416469,0.435329521579015,0.279802477404414,0.0770049286001029
22449,0.223768171285348,0.456844830410002,0.213875876398088,0.105511121906562
22450,0.25126619401038,0.279869102422332,0.307606736056651,0.161257967510637
22451,0.0835379549691936,0.590129384528264,0.262416392613711,0.0639162678888318
22452,0.148098910712681,0.620595075469637,0.147789327336129,0.0835166864815526
22453,0.227955605358926,0.214338102126764,0.355634333747766,0.202071958766544
22454,0.19092186537247,0.548917401035398,0.192264163722768,0.0678965698693646
22455,0.524722768856013,0.197696447555774,0.183963885334917,0.0936168982532953
22456,0.422276702153344,0.119655704007162,0.281363536991891,0.176704056847602
22457,0.20964056439967,0.365613065932839,0.324467697687842,0.100278671979649
22458,0.0971298659611955,0.519168941211141,0.273758490400963,0.109942702426701
22459,0.25277404062413,0.28663008664227,0.413675697651876,0.0469201750817246
22460,0.185930337683899,0.195430548443124,0.5484096919927,0.0702294218802768
22461,0.295219142256997,0.333749573713851,0.272879852126857,0.0981514319022951
22462,0.441802286509476,0.247240885073152,0.19123600719357,0.119720821223802
22463,0.144060520951079,0.499365811710905,0.154055125226049,0.202518542111967
22464,0.234527732715835,0.358933119148558,0.256752807195774,0.149786340939833
22465,0.268722629454337,0.472467830998739,0.19644487053039,0.0623646690165337
22466,0.335327098480049,0.315856763445381,0.125173182608349,0.223642955466221
22467,0.197492411356723,0.555636815654127,0.153375376425299,0.093495396563851
22468,0.246711094792879,0.356726753450924,0.241323006290675,0.155239145465521
22469,0.409456321354417,0.247109427461188,0.23043354630462,0.113000704879774
22470,0.222893232986151,0.585437920770923,0.095548216578893,0.0961206296640324
22471,0.525174387611797,0.23199131787568,0.159368613029361,0.083465681483162
22472,0.105794824711319,0.454909781698528,0.316147069852135,0.123148323738018
22473,0.609261581518249,0.168507647740754,0.140791307067975,0.0814394636730223
22474,0.441154618050472,0.0795734716699495,0.400508019084473,0.0787638911951059
22475,0.25818234217542,0.610044597632447,0.0700034066381951,0.0617696535539373
22476,0.191207475568887,0.267345906202314,0.351401283902586,0.190045334326213
22477,0.133793558490087,0.248042057978426,0.476859639244433,0.141304744287054
22478,0.154514159422473,0.089521970011266,0.50677339871134,0.249190471854921
22479,0.244818516254345,0.0795597860813235,0.110393911738669,0.565227785925663
22480,0.0879145861057246,0.163691746138832,0.380601767171548,0.367791900583895
22481,0.15111125322677,0.382926278992391,0.0427369663595171,0.423225501421323
22482,0.250120193890052,0.191071293942356,0.072426245676868,0.486382266490724
22483,0.117658028933451,0.262121021553912,0.0762650897373032,0.543955859775333
22484,0.259766052737733,0.357250916205342,0.0345068681862892,0.348476162870636
22485,0.0533160576608263,0.237836377322731,0.203292744755025,0.505554820261418
22486,0.0591728467511327,0.217819687832899,0.409784579302694,0.313222886113275
22487,0.080472675791137,0.0494677949797416,0.357847155008791,0.512212374220331
22488,0.123607037800558,0.103858839341485,0.385797801791522,0.386736321066434
22489,0.303949661964497,0.0510055182801321,0.305590251365324,0.339454568390046
22490,0.0845732597270691,0.487251154667308,0.105052512438392,0.323123073167231
22491,0.0582895644077296,0.508676534927447,0.0859223228648153,0.347111577800008
22492,0.0609475529574623,0.183115670858422,0.463517569935521,0.292419206248595
22493,0.13460088842948,0.439717226964642,0.248314560049359,0.17736732455652
22494,0.150530487966967,0.124651980494597,0.381440579749432,0.343376951789004
22495,0.106512240559771,0.17745459893277,0.344866371619332,0.371166788888127
22496,0.295273545474038,0.0479978921062753,0.192107018590994,0.464621543828693
22497,0.110462821479189,0.498967880564994,0.224466505730716,0.1661027922251
22498,0.0660485702427786,0.176323624365785,0.282850941768002,0.474776863623435
22499,0.393257701648608,0.158501522709353,0.142122325182243,0.306118450459795
22500,0.568228564425234,0.125843001023068,0.0592475357568183,0.246680898794879
22501,0.351128278215362,0.163204791525643,0.163932312728144,0.321734617530851
22502,0.294649310078072,0.14765828395718,0.214250627925057,0.343441778039691
22503,0.231485421061204,0.225820555411514,0.0614207577465839,0.481273265780698
22504,0.124821493039035,0.428225350751829,0.10079533314099,0.346157823068146
22505,0.255795520319278,0.124854023278873,0.187120785806864,0.432229670594985
22506,0.205812565288232,0.232255627798596,0.307667892176735,0.254263914736438
22507,0.0290122388666207,0.42618313621616,0.116192828766213,0.428611796151007
22508,0.114357043980268,0.65996120062163,0.0479545784093334,0.177727176988769
22509,0.57322127743532,0.0523245905687006,0.0924181353885723,0.282035996607407
22510,0.0375005620859133,0.778393190986531,0.0437654972076857,0.14034074971987
22511,0.188620431151568,0.0757163236894413,0.562147329971998,0.173515915186993
22512,0.122848333355524,0.120676340104601,0.349835830742266,0.406639495797609
22513,0.145050694092838,0.0706254083961902,0.329964688637345,0.454359208873627
22514,0.134440929873805,0.536551635502092,0.075486311183464,0.25352112344064
22515,0.0485350950518035,0.0532399114797989,0.429271931926207,0.46895306154219
22516,0.0549694245050652,0.539014555806704,0.191014428469345,0.215001591218886
22517,0.235703419071259,0.104867790819456,0.419113606631961,0.240315183477323
22518,0.117959779231528,0.247954969245157,0.260746210827717,0.373339040695599
22519,0.144398519438007,0.425881619148792,0.0527813583456216,0.376938503067579
22520,0.401487832840058,0.276451404282982,0.139658375410593,0.182402387466367
22521,0.0503222955652713,0.446612307222038,0.323776338886465,0.179289058326226
22522,0.0278538738620647,0.0878510129437002,0.606117654687065,0.27817745850717
22523,0.0197120082141873,0.760655760987487,0.120731591520238,0.0989006392780878
22524,0.0469841191872741,0.0577730426901745,0.363226726392473,0.532016111730078
22525,0.263721150876871,0.0499614510615372,0.623679079061374,0.0626383190002182
22526,0.424022632631831,0.398394698909186,0.0345276223701389,0.143055046088845
22527,0.0775682507282999,0.40745999187069,0.156201352975919,0.358770404425091
22528,0.0890833185016387,0.0542006533892109,0.614169255609299,0.242546772499852
22529,0.159067630450732,0.403266942822115,0.169109051487329,0.268556375239824
22530,0.137242584898708,0.0249939051541942,0.144576306538047,0.693187203409051
22531,0.0653451808177056,0.0444689092925116,0.739575294610584,0.150610615279199
22532,0.302403558262349,0.205519564637128,0.0295577319787372,0.462519145121787
22533,0.0434502727528106,0.491036851780268,0.0526672941423714,0.41284558132455
22534,0.169017654523111,0.32231167491249,0.09222467481861,0.416445995745789
22535,0.145177348596046,0.245902461800042,0.416050190016892,0.19286999958702
22536,0.099384484562959,0.542614537397927,0.121457333779712,0.236543644259402
22537,0.0796747248900367,0.356910381244159,0.391606677516065,0.171808216349739
22538,0.064968949133322,0.489898101190102,0.127776262567078,0.317356687109497
22539,0.119010313059937,0.248150911758297,0.495709474134578,0.137129301047189
22540,0.212828079351557,0.321761661901406,0.107554295205836,0.357855963541201
22541,0.0757730047403758,0.34154732195856,0.22428671405409,0.358392959246974
22542,0.144799128166956,0.264009743882894,0.313482231737002,0.277708896213148
22543,0.495045443222674,0.0848325299172117,0.0665046005920468,0.353617426268067
22544,0.0510972484415183,0.0485034425113837,0.604639129266917,0.295760179780181
22545,0.0817072804097144,0.562231525116229,0.12175550450044,0.234305689973617
22546,0.469182325229402,0.423534484686813,0.0409823878864079,0.0663008021973778
22547,0.416811202254075,0.240671993302892,0.16463828063225,0.177878523810783
22548,0.167741194579006,0.190260103823684,0.360824785243262,0.281173916354048
22549,0.390165050276853,0.0374047628714836,0.214278869000035,0.358151317851629
22550,0.0647114189330571,0.233340031901904,0.584614751475153,0.117333797689886
22551,0.0795340018588412,0.301100466402825,0.41316810042149,0.206197431316843
22552,0.0571290034559243,0.141014172178376,0.0654973777945292,0.73635944657117
22553,0.157165311818418,0.587198490540481,0.0557385493835385,0.199897648257562
22554,0.398710656790779,0.173077144290808,0.302000129075728,0.126212069842685
22555,0.142981755568623,0.516262072646048,0.249834415825931,0.0909217559593985
22556,0.317819672636395,0.376456181513211,0.252680746790857,0.0530433990595369
22557,0.120835365613994,0.545296132514521,0.213169600999055,0.12069890087243
22558,0.139453111520884,0.265150466996652,0.541324010368627,0.0540724111138377
22559,0.195233769973091,0.270270634895208,0.302969465742251,0.23152612938945
22560,0.242062052214199,0.252344810629085,0.367805620418927,0.137787516737789
22561,0.146175653497907,0.337548640168505,0.440111652314612,0.0761640540189752
22562,0.160628092105349,0.53343735988014,0.264034107890501,0.0419004401240104
22563,0.425973633736845,0.207048282837474,0.299609687172372,0.0673683962533089
22564,0.431701790204413,0.136719084757842,0.329899327409022,0.101679797628724
22565,0.137937851466927,0.230948610950496,0.438842924563108,0.192270613019468
22566,0.199401186754934,0.469387081220096,0.261022615882155,0.0701891161428158
22567,0.378167314549509,0.136575318614316,0.292052927486926,0.19320443934925
22568,0.324944710360272,0.23130390366913,0.210497434037312,0.233253951933286
22569,0.308728060062853,0.241701102594447,0.401073392583896,0.0484974447588051
22570,0.36959570275373,0.28290452474286,0.17906342829893,0.16843634420448
22571,0.249252601613571,0.459398927004274,0.146607931419312,0.144740539962842
22572,0.280572776825302,0.309843017194773,0.207005689727701,0.202578516252224
22573,0.311116511187079,0.248367710055742,0.325634706649681,0.114881072107498
22574,0.306714008152284,0.106130685249805,0.361767756571441,0.22538755002647
22575,0.1453394816489,0.389293009268155,0.350239443055622,0.115128066027324
22576,0.349869387147444,0.321336900336135,0.201069983435392,0.127723729081029
22577,0.464513311638746,0.282214040060938,0.193482670359942,0.059789977940374
22578,0.120247598839318,0.384124986883794,0.434963213007452,0.0606642012694357
22579,0.125509044098785,0.368570104933327,0.26563808364466,0.240282767323228
22580,0.472655991242506,0.299903366656766,0.162672092241685,0.0647685498590428
22581,0.118843608188782,0.271000177240588,0.420895154961642,0.189261059608988
22582,0.463058773479853,0.19215218573551,0.279147369400585,0.0656416713840517
22583,0.272351390759131,0.293118609996855,0.361605489611577,0.0729245096324371
22584,0.110534316684892,0.377244376547391,0.403471137001326,0.108750169766391
22585,0.171877645132904,0.506671314426833,0.232956983619632,0.0884940568206312
22586,0.126282339239028,0.575731795662287,0.188654703350708,0.109331161747977
22587,0.468119949715939,0.118392492408185,0.0884417699360044,0.325045787939871
22588,0.338792033028503,0.160190269086824,0.346401314706917,0.154616383177756
22589,0.399815967056166,0.392634869421906,0.154677384890317,0.0528717786316109
22590,0.147886438041953,0.135820614395356,0.483380795803105,0.232912151759586
22591,0.305016067894268,0.0915536980803021,0.518887317613619,0.0845429164118111
22592,0.304027234487916,0.338994164883152,0.201409504816376,0.155569095812555
22593,0.34681201369702,0.25078981763875,0.168157556799133,0.234240611865096
22594,0.157571756179669,0.110987118465293,0.452228817084537,0.2792123082705
22595,0.108519877417166,0.175571648902331,0.313673481508924,0.402234992171579
22596,0.227159915301434,0.506632094087979,0.109940815850881,0.156267174759706
22597,0.139039655227862,0.180081407458946,0.50216229417581,0.178716643137383
22598,0.176354710936574,0.410144178891349,0.133592126027122,0.279908984144955
22599,0.165866522287675,0.168408087479759,0.134513160646487,0.531212229586078
22600,0.109354847417219,0.298760137797143,0.187475899696582,0.404409115089056
22601,0.390921919582087,0.122173264393235,0.164352332060097,0.322552483964582
22602,0.609721478005742,0.151554741838949,0.0903602713925501,0.14836350876276
22603,0.260314645535903,0.104416549727211,0.23009946358925,0.405169341147637
22604,0.117189754088654,0.296533618853385,0.283332996708678,0.302943630349283
22605,0.505611340034491,0.118404030293983,0.117588733720328,0.258395895951197
22606,0.193807160616297,0.115012926920798,0.440193723806696,0.250986188656209
22607,0.125961012205776,0.140275466783135,0.392490432216014,0.341273088795076
22608,0.144400251727861,0.504122376253488,0.188260218889552,0.163217153129099
22609,0.248959022708578,0.31143773637349,0.0975660763893698,0.342037164528563
22610,0.0328686744033951,0.693295874990712,0.139046846200689,0.134788604405204
22611,0.117209416297624,0.269319269861639,0.48679837552605,0.126672938314687
22612,0.14108736276836,0.21624734720026,0.427827201833471,0.214838088197909
22613,0.410780166406749,0.327708736553574,0.157375569082323,0.104135527957354
22614,0.386624282066508,0.213995120240533,0.25410855359737,0.145272044095589
22615,0.164247843179972,0.473361692402494,0.290530153252893,0.0718603111646405
22616,0.569111005940477,0.0770678580268711,0.300052944847414,0.0537681911852374
22617,0.180507646751128,0.161467190147263,0.543191564931803,0.114833598169806
22618,0.470259227733227,0.128198993431864,0.23186173841556,0.169680040419348
22619,0.147974814744698,0.452826326152426,0.192460455879697,0.206738403223179
22620,0.110645844007119,0.674367283724893,0.128569736226381,0.0864171360416073
22621,0.123185432784656,0.107891603253209,0.629099929594524,0.139823034367611
22622,0.260015084429729,0.153893074166304,0.267872088767591,0.318219752636376
22623,0.165512304128982,0.575437820748998,0.137399011974937,0.121650863147083
22624,0.214840702913931,0.457129597183987,0.133486706908077,0.194542992994004
22625,0.343240500368217,0.1972362610359,0.177176333248976,0.282346905346907
22626,0.373439223292393,0.135463163039407,0.246016427556131,0.245081186112069
22627,0.265599024527162,0.149417719047213,0.372106884396332,0.212876372029292
22628,0.082854999313859,0.293039174128415,0.515551670131713,0.108554156426013
22629,0.159363628032733,0.338562935184598,0.27913119969005,0.222942237092618
22630,0.257257595310725,0.575930153265157,0.110716176878482,0.0560960745456362
22631,0.363224741305728,0.495725101998407,0.0577812584147362,0.083268898281129
22632,0.170021142201929,0.521395313697863,0.137049011021864,0.171534533078344
22633,0.160488945666652,0.167441161014328,0.420255264284331,0.251814629034689
22634,0.0359652247216336,0.598879744896093,0.230180299303849,0.134974731078425
22635,0.0903690600501617,0.703486734651768,0.0564439810640763,0.149700224233994
22636,0.0467673360242951,0.684196359255353,0.166728677739924,0.102307626980428
22637,0.672311025676528,0.116522834920686,0.0857493622255183,0.125416777177268
22638,0.220841894713183,0.366398066914,0.166872727736124,0.245887310636692
22639,0.0635943123445475,0.441265837844134,0.13080199092283,0.364337858888489
22640,0.0899553700833765,0.160417921257472,0.625988802900845,0.123637905758307
22641,0.0522191993766181,0.739454141678658,0.109452216433703,0.0988744425110207
22642,0.093026994612194,0.479165765862249,0.124162096596993,0.303645142928564
22643,0.228969623848967,0.155798220052352,0.464933870871193,0.150298285227488
22644,0.046094626380308,0.176725654205878,0.714997348945404,0.0621823704684097
22645,0.355554175406823,0.0707030171899408,0.270667307085016,0.30307550031822
22646,0.322132820835344,0.287115046609139,0.189847311141386,0.200904821414131
22647,0.667017951238435,0.228955199272058,0.0410304153237296,0.062996434165777
22648,0.748139603484921,0.162898081160404,0.026212708381889,0.0627496069727858
22649,0.0917122834961619,0.286162836070003,0.270887404698803,0.351237475735032
22650,0.127695505743825,0.402120888342077,0.0950754059475496,0.375108199966548
22651,0.116601349690131,0.143927960590235,0.407530274563119,0.331940415156515
22652,0.0540230903294787,0.100351197489955,0.260000637463464,0.585625074717102
22653,0.0562435260291771,0.240999110634187,0.537544944296383,0.165212419040252
22654,0.058203800483132,0.109455174518783,0.1962349663186,0.636106058679484
22655,0.145392350910275,0.485020772632215,0.0803087096741978,0.289278166783312
22656,0.127738517510477,0.186594878051629,0.446814931559703,0.238851672878191
22657,0.331563717369939,0.196313542808359,0.109805879897207,0.362316859924495
22658,0.0963670629124891,0.0521795780885477,0.152081895940498,0.699371463058465
22659,0.127675598343587,0.119068681349255,0.504712905415808,0.248542814891351
22660,0.51136491917007,0.176814909708551,0.0340064763772299,0.277813694744149
22661,0.399033547846287,0.125510120562083,0.231255121782489,0.24420120980914
22662,0.0667117070216593,0.147638341177611,0.602427149739419,0.18322280206131
22663,0.159910741443232,0.644742558464306,0.0592116967599481,0.136135003332514
22664,0.0855392721938546,0.475629034881014,0.0525841351376512,0.38624755778748
22665,0.312033794586955,0.182510915923759,0.343942355935039,0.161512933554246
22666,0.321318527070175,0.257097892351125,0.0467844680962414,0.374799112482458
22667,0.0537197278070165,0.192719614793667,0.527970809510364,0.225589847888952
22668,0.102211288833389,0.255426852833547,0.0562654915817956,0.586096366751268
22669,0.0542897602637992,0.0411860481290448,0.0974379858010303,0.807086205806126
22670,0.0990898287452695,0.357619771434917,0.0878014513299371,0.455488948489876
22671,0.196690865551884,0.116622834876743,0.427150090217152,0.259536209354222
22672,0.378421553521618,0.0813356313250028,0.127976530782696,0.412266284370684
22673,0.285978655063431,0.163321057008103,0.112973440460694,0.437726847467772
22674,0.121638694897086,0.181221412457775,0.469388982833755,0.227750909811384
22675,0.0911074473244655,0.315328372300469,0.195202195120233,0.398361985254832
22676,0.133486205736787,0.477823930652307,0.0842409705161029,0.304448893094803
22677,0.40752493328064,0.133479550727519,0.163579336796767,0.295416179195074
22678,0.13124621437849,0.127910148756962,0.0782741361564707,0.662569500708078
22679,0.0289875499539251,0.416055460122075,0.0862553388956866,0.468701651028313
22680,0.0425879700452684,0.135704369840093,0.314267670572821,0.507439989541817
22681,0.0772963774405376,0.276016268052505,0.101840792892262,0.544846561614695
22682,0.210174442975583,0.565415644637251,0.0498291706977806,0.174580741689386
22683,0.0499004136675292,0.0260965365899828,0.577677241746103,0.346325807996385
22684,0.173827417756917,0.625693015911723,0.0733617078221394,0.127117858509221
22685,0.207038240611058,0.0940917910264309,0.146855001018337,0.552014967344174
22686,0.725997640397344,0.0391818033579079,0.0257751612103974,0.209045395034351
22687,0.149285145171465,0.492964606805848,0.185296817394737,0.17245343062795
22688,0.384943385833774,0.284701714198157,0.262434510469583,0.067920389498486
22689,0.279986027681126,0.342886879250099,0.264560099109074,0.112566993959701
22690,0.0897436259792722,0.321816798020622,0.530534103794224,0.0579054722058819
22691,0.190300484925418,0.467991654070545,0.27759082225474,0.0641170387492979
22692,0.207406831226114,0.265269426488243,0.321407237740316,0.205916504545327
22693,0.309861958388287,0.353517983059091,0.172261628520669,0.164358430031953
22694,0.406529229036137,0.147081128745035,0.358964354603462,0.087425287615366
22695,0.232807197655946,0.258340989243845,0.400135132311642,0.108716680788568
22696,0.143997093199461,0.454062207686541,0.153593041635295,0.248347657478702
22697,0.0895702340099194,0.49472299039956,0.178083835085807,0.237622940504713
22698,0.374542505272161,0.352129363672742,0.111613239698783,0.161714891356314
22699,0.476491980410445,0.113523734261056,0.244546655000407,0.165437630328092
22700,0.339725627797157,0.160288358196187,0.16406283196919,0.335923182037467
22701,0.154122273029403,0.457562594329484,0.0728620411467668,0.315453091494346
22702,0.0636714746312072,0.196920884145673,0.54137874342022,0.1980288978029
22703,0.349436637227344,0.140388893563734,0.38231895823152,0.127855510977403
22704,0.171777308235513,0.364792345456339,0.227342391965192,0.236087954342956
22705,0.0983734405807917,0.294137103137758,0.328017629894366,0.279471826387083
22706,0.226238679025079,0.287090078853218,0.322175131798373,0.16449611032333
22707,0.135909978340729,0.576539895473738,0.200456917692163,0.0870932084933698
22708,0.282923989358355,0.216670893444021,0.400803000979543,0.0996021162180815
22709,0.194086542079639,0.567929189869724,0.148728089687717,0.0892561783629189
22710,0.156601441492958,0.540654494493353,0.170282229161097,0.132461834852592
22711,0.444736679168803,0.242033401494443,0.228956529568962,0.084273389767792
22712,0.319503806559052,0.384702401907382,0.139089364447364,0.156704427086202
22713,0.22682173752926,0.249163039762972,0.37009367089332,0.153921551814448
22714,0.138437190020701,0.20751785033352,0.55377497563284,0.100269984012939
22715,0.229984423815332,0.345928226092898,0.239414290634901,0.184673059456869
22716,0.188831030851121,0.361343568594247,0.260882024142556,0.188943376412077
22717,0.227042018467614,0.204328023776589,0.42353875425194,0.145091203503856
22718,0.44833395109847,0.217234696919119,0.149198417486811,0.1852329344956
22719,0.430496234744273,0.314419512460977,0.186676275352335,0.068407977442415
22720,0.124239887383248,0.436263514362646,0.275196380723588,0.164300217530518
22721,0.491316691539156,0.25838119999835,0.147909582816558,0.102392525645937
22722,0.183352073611647,0.258739546819347,0.27624599844903,0.281662381119977
22723,0.258612738479901,0.47977965934018,0.0775865932729936,0.184021008906926
22724,0.121673690436572,0.267145622949705,0.541795919581714,0.0693847670320095
22725,0.162922556014018,0.446546033418502,0.241510043828985,0.149021366738495
22726,0.106916307615893,0.544928781697809,0.240334337480448,0.10782057320585
22727,0.195916504109708,0.298458873587486,0.437162129549598,0.0684624927532074
22728,0.0825587776026715,0.510897389287534,0.256431661850937,0.150112171258857
22729,0.341875466498397,0.314469911352657,0.230057618597625,0.113597003551321
22730,0.154651206994782,0.38789535581986,0.335892708178964,0.121560729006393
22731,0.0740959487359131,0.486168377308104,0.344709833435566,0.0950258405204174
22732,0.258922218066251,0.3159658803915,0.30016260972303,0.124949291819218
22733,0.409717999646518,0.289672826060631,0.132388304018682,0.168220870274169
22734,0.17443967432795,0.507787775140352,0.172891998654543,0.144880551877156
22735,0.162451380981792,0.492328777140479,0.301417209448517,0.0438026324292119
22736,0.121671347475037,0.256294185250687,0.506508325901549,0.115526141372727
22737,0.369419457035491,0.321873311684452,0.103175035002687,0.20553219627737
22738,0.386726237668267,0.184558620162764,0.324075935719279,0.104639206449691
22739,0.473150512729452,0.177427017519598,0.156956209847736,0.192466259903214
22740,0.104145027906532,0.586819327208955,0.221829843553578,0.0872058013309352
22741,0.47253742785479,0.122812353609571,0.306755196431229,0.0978950221044098
22742,0.17476494739359,0.576289669479531,0.192004898039779,0.0569404850871008
22743,0.144756706404271,0.596304061618097,0.118279405186197,0.140659826791435
22744,0.281765958079815,0.316804560035921,0.303087055642039,0.0983424262422256
22745,0.332160886940926,0.26293211135498,0.222880245813023,0.18202675589107
22746,0.232280366663718,0.335319122953212,0.314133727156648,0.118266783226422
22747,0.522769163997469,0.206081849289474,0.153051050173892,0.118097936539165
22748,0.404415572898015,0.236671602792153,0.303108556881407,0.0558042674284245
22749,0.249739609898113,0.268896329295704,0.417043780191731,0.0643202806144519
22750,0.186593880400787,0.142570766462736,0.619557687582478,0.0512776655539987
22751,0.187993395507449,0.313071802412574,0.427367397671983,0.0715674044079943
22752,0.368796862561305,0.25533666239104,0.249110007994381,0.126756467053274
22753,0.301512478747628,0.460946432990772,0.154599959536642,0.0829411287249575
22754,0.36743189531096,0.318766707392055,0.265586636885961,0.0482147604110246
22755,0.240743384855062,0.125744905153858,0.511349301162068,0.122162408829012
22756,0.30621844055748,0.25009388123929,0.291556922708047,0.152130755495183
22757,0.48655297538669,0.197323394018204,0.12270961130916,0.193414019285947
22758,0.239860427956935,0.181408882597234,0.488174013856336,0.0905566755894948
22759,0.375089275315552,0.416025785605679,0.0822529094915671,0.126632029587202
22760,0.16830942372127,0.162277819037179,0.585282097388241,0.0841306598533092
22761,0.199496952905358,0.443113435496582,0.18910834635236,0.168281265245701
22762,0.137543807763772,0.278499021447997,0.456446130181977,0.127511040606254
22763,0.129687475999652,0.367371738166155,0.310058157436978,0.192882628397216
22764,0.168610248486839,0.586683980988833,0.0973076061866659,0.147398164337662
22765,0.252820316577351,0.28419908667951,0.241798979477801,0.221181617265338
22766,0.426453845481805,0.332490793050182,0.146963247622357,0.0940921138456558
22767,0.183329459659136,0.165259778951975,0.448356037994528,0.203054723394362
22768,0.192953349286289,0.179061033744937,0.449174060378027,0.178811556590747
22769,0.130226741212452,0.731259997339148,0.0572906195780698,0.08122264187033
22770,0.516891369201615,0.189118503425842,0.0929610774864272,0.201029049886116
22771,0.284376036000771,0.160524157235582,0.449192384101213,0.105907422662435
22772,0.445338216121411,0.225963159104265,0.172424199213908,0.156274425560415
22773,0.147056111024303,0.465018324297807,0.138547313925883,0.249378250752007
22774,0.136249173265329,0.20181740642653,0.426821832856103,0.235111587452039
22775,0.209226312172949,0.385174658181542,0.286115972037612,0.119483057607897
22776,0.286739618661495,0.286455214549787,0.100090029338352,0.326715137450365
22777,0.0862803646620339,0.453735679756918,0.274640204003491,0.185343751577558
22778,0.0569093742112789,0.233931339033169,0.431029718998841,0.278129567756711
22779,0.252662107745008,0.361291539571248,0.172277450630156,0.213768902053588
22780,0.322776640004319,0.362313412265659,0.101471606186544,0.213438341543479
22781,0.087301199755469,0.224229126946414,0.543704444495934,0.144765228802184
22782,0.0685310650637094,0.0840023078882773,0.562353281146182,0.285113345901831
22783,0.213461254634102,0.126356630436973,0.491156050263324,0.169026064665601
22784,0.0822906664607947,0.60212356795418,0.0843608046176306,0.231224960967394
22785,0.103838313760103,0.539164996554378,0.190595593607554,0.166401096077965
22786,0.254424551722269,0.0800772562951302,0.39942672166893,0.266071470313671
22787,0.409317112551553,0.172658011630012,0.151258815199697,0.266766060618738
22788,0.49279847455076,0.0441596790977479,0.222292703663927,0.240749142687565
22789,0.454421935931008,0.152827197521508,0.114476170747374,0.27827469580011
22790,0.0564212983501813,0.210627028922129,0.549662337671129,0.183289335056561
22791,0.143756456042048,0.333639805935695,0.111561077913809,0.411042660108448
22792,0.0839004052375529,0.074328155723246,0.704835280794424,0.136936158244777
22793,0.697095034490954,0.102979800620437,0.0436716233526726,0.156253541535936
22794,0.119027225062168,0.292430123644678,0.350808741186065,0.23773391010709
22795,0.160172872306545,0.403948001100481,0.0809959610324983,0.354883165560476
22796,0.597323612618856,0.0438443424028855,0.144020578083064,0.214811466895195
22797,0.0336460487042871,0.072133908099556,0.807158774042437,0.0870612691537204
22798,0.0625131415481759,0.107645841898211,0.333369060739452,0.496471955814161
22799,0.518726744062976,0.0647323845079117,0.0577041011782438,0.358836770250869
22800,0.27842243726835,0.107671075415455,0.19960333130622,0.414303156009975
22801,0.0980291278023094,0.337526428794281,0.298445553459528,0.265998889943882
22802,0.0863194737855084,0.466699696519505,0.262585592661708,0.184395237033279
22803,0.454039675389092,0.369759333403981,0.0760631534712216,0.100137837735705
22804,0.351347873659162,0.112732425309367,0.345856751001324,0.190062950030147
22805,0.20242250032315,0.28073728790862,0.274341509703301,0.242498702064929
22806,0.134037838083326,0.573782026899203,0.113937050675229,0.178243084342242
22807,0.370809517678139,0.0479685725834909,0.440140394864088,0.141081514874282
22808,0.0747001485783844,0.482570464026897,0.241753578961989,0.20097580843273
22809,0.100980220164349,0.217054879009223,0.562312262681987,0.119652638144442
22810,0.125992633478685,0.585448518877942,0.137062792317747,0.151496055325626
22811,0.224180135766343,0.137482602087676,0.352438340214552,0.285898921931429
22812,0.149708611040865,0.476210030571843,0.168607450660659,0.205473907726633
22813,0.438000923494041,0.130290702770876,0.261695900949364,0.170012472785719
22814,0.185145092303817,0.610358883281906,0.0665532399364202,0.137942784477856
22815,0.15738162199681,0.511801502978264,0.149333316304011,0.181483558720915
22816,0.188981894362595,0.289070670895529,0.0990814214301944,0.422866013311681
22817,0.492342191162643,0.137346303124643,0.087418254471565,0.282893251241149
22818,0.0525498382710999,0.634351445909092,0.163342428997518,0.149756286822291
22819,0.144583267972062,0.108370391401768,0.449758052399584,0.297288288226586
22820,0.0807829468112448,0.191737036298609,0.518527455207476,0.20895256168267
22821,0.0624339122402552,0.140799600740513,0.368659881197232,0.428106605822
22822,0.264232455418902,0.0683664506494882,0.404434533421944,0.262966560509666
22823,0.050544440938126,0.472895887649854,0.0520587598596632,0.424500911552357
22824,0.0322411153115522,0.491582982459691,0.153386049840267,0.322789852388489
22825,0.167882315705915,0.0294689586221935,0.716810676693927,0.0858380489779653
22826,0.117240347872394,0.116173376330336,0.304327674792899,0.462258601004372
22827,0.507018117881676,0.0359166955294188,0.165300772528506,0.291764414060398
22828,0.0451808866374548,0.259521007632128,0.547601542723146,0.147696563007271
22829,0.0533738242863554,0.559742265438465,0.20881374708029,0.178070163194891
22830,0.0648636056630897,0.0309303490684682,0.740172769124938,0.164033276143504
22831,0.0781244620185976,0.627949924366686,0.039617433911959,0.254308179702757
22832,0.0840199550019762,0.0576023221242424,0.660150170072645,0.198227552801136
22833,0.103205988408301,0.629767116203744,0.0520615943863929,0.214965301001561
22834,0.0260074331941469,0.0641409587814527,0.245229962487979,0.664621645536422
22835,0.188944887295655,0.140072303260435,0.0925748741428361,0.578407935301074
22836,0.165635955910661,0.408949702548593,0.0465112131032132,0.378903128437533
22837,0.0476006066854555,0.324489759546929,0.0924169530332961,0.535492680734319
22838,0.299642805636991,0.125237024745465,0.0365590178658185,0.538561151751726
22839,0.144118805894563,0.248414200477836,0.275804382770698,0.331662610856902
22840,0.481443079951806,0.0487641926001743,0.22911052555886,0.240682201889159
22841,0.187247408061542,0.0806832004227222,0.13765501168822,0.594414379827516
22842,0.337678455310976,0.0575892791721243,0.22546579172101,0.379266473795889
22843,0.358932814805459,0.0791475782160327,0.282108958520054,0.279810648458455
22844,0.580558985059824,0.0827994439570509,0.191151695941511,0.145489875041614
22845,0.573665814261921,0.182890646880855,0.139581574220659,0.103861964636565
22846,0.0904635388476331,0.701151687488933,0.0243509663091275,0.184033807354306
22847,0.260595602895049,0.482016354509303,0.0850251350584833,0.172362907537165
22848,0.204540022005642,0.246288911669994,0.0838601665349235,0.465310899789441
22849,0.379495281837939,0.0304491994775116,0.469287555783381,0.120767962901168
22850,0.441386793390489,0.0772126763244567,0.27284689025885,0.208553640026204
22851,0.15056934415372,0.435300343925888,0.119673241432529,0.294457070487863
22852,0.481275723377547,0.0744533736329184,0.0432891677636159,0.400981735225919
22853,0.582026202896581,0.100381170423435,0.181825479226494,0.13576714745349
22854,0.110284627716103,0.165435010268282,0.0470958967064707,0.677184465309144
22855,0.388328651979804,0.195367687160305,0.0447494622265063,0.371554198633385
22856,0.0335122448239051,0.048442705174023,0.45883921536913,0.459205834632942
22857,0.0296632296152814,0.0457792970317816,0.312778519694241,0.611778953658696
22858,0.275063505080626,0.229967428858926,0.337914591558996,0.157054474501453
22859,0.153192761682409,0.704948698960698,0.0911469833125936,0.0507115560442996
22860,0.221076129670157,0.344618686748,0.157922498918252,0.276382684663591
22861,0.237684718079716,0.369935183077573,0.283816642950036,0.108563455892675
22862,0.143532037776754,0.244623993900365,0.277798953226103,0.334045015096778
22863,0.115887118555292,0.64014525492304,0.167288491261237,0.0766791352604309
22864,0.0884922528263986,0.416420606767731,0.244879926593107,0.250207213812764
22865,0.275930718181953,0.307763169341367,0.179922196124828,0.236383916351852
22866,0.250558117559681,0.0644717797978952,0.585611067140443,0.0993590355019807
22867,0.202003288040393,0.116988013185893,0.54891712282933,0.132091575944384
22868,0.154911836517324,0.220385578183565,0.401214292418686,0.223488292880426
22869,0.419512230705593,0.169874514626452,0.197952237006595,0.21266101766136
22870,0.281225904113231,0.325205448480323,0.227603655848693,0.165964991557754
22871,0.205979299071754,0.520532323608915,0.118556135167892,0.154932242151439
22872,0.164325780788619,0.689966653619262,0.0557260647822163,0.0899815008099033
22873,0.0685250364364229,0.245577018967266,0.437726942647063,0.248171001949249
22874,0.174329619095162,0.600342468396261,0.0897683880325417,0.135559524476035
22875,0.0653484334555029,0.622883798625166,0.0929137939262305,0.218853973993101
22876,0.219240705647684,0.452368326396818,0.194284465881601,0.134106502073897
22877,0.306618509027247,0.141470515440815,0.127802354731974,0.424108620799964
22878,0.105409133556569,0.0636377313432977,0.418177810599836,0.412775324500297
22879,0.183114249983805,0.136199961682201,0.535166356459056,0.145519431874938
22880,0.110428475064773,0.164828060879337,0.609159675173766,0.115583788882124
22881,0.28140313806255,0.173018628378481,0.259914620794579,0.285663612764389
22882,0.040554732744905,0.77028755693812,0.0302114292000374,0.158946281116937
22883,0.147351600924177,0.083938136027961,0.453403029977731,0.315307233070131
22884,0.069657066192438,0.23974842045876,0.338164743114021,0.352429770234782
22885,0.409528689703726,0.163930940433339,0.0411009007512046,0.385439469111731
22886,0.224454648189429,0.0400140956936799,0.123106220212081,0.61242503590481
22887,0.130284874795805,0.572753490450922,0.0873949079312825,0.209566726821991
22888,0.53220700742538,0.250136484875543,0.0516844735397826,0.165972034159294
22889,0.0277343804957987,0.0492669022247267,0.7338049064227,0.189193810856774
22890,0.270531653599322,0.496541714587221,0.0677572697702454,0.165169362043212
22891,0.129484370673796,0.413985180591606,0.187098204620769,0.269432244113828
22892,0.163292650341531,0.0789212740823218,0.504515900628422,0.253270174947725
22893,0.455521069449312,0.196032914705204,0.137429726368834,0.211016289476651
22894,0.0543801496944351,0.0585622187676687,0.0285202570745216,0.858537374463375
22895,0.382966250981156,0.149264716759154,0.128653354607214,0.339115677652476
22896,0.406341399477849,0.460210837247048,0.0579858270766908,0.0754619361984123
22897,0.092962820256132,0.22839102226437,0.47251425688139,0.206131900598108
22898,0.153473502897012,0.197770409413405,0.416168860437545,0.232587227252038
22899,0.475740439518287,0.162041375617179,0.161104278798909,0.201113906065625
22900,0.392972157462676,0.162323618626481,0.119844589597463,0.324859634313379
22901,0.226362531961263,0.28006458983659,0.158840729709528,0.334732148492619
22902,0.15906493230611,0.337496677340379,0.1774233793582,0.326015010995311
22903,0.211556695384341,0.193594702236746,0.442873120762296,0.151975481616617
22904,0.623447637804724,0.108854040322951,0.12458445614302,0.143113865729306
22905,0.33703539850847,0.328199685268585,0.0996533211366162,0.235111595086329
22906,0.63137164288869,0.15524398796558,0.0560771764923159,0.157307192653414
22907,0.162316432500698,0.150586580317344,0.446127126918533,0.240969860263424
22908,0.194021430189351,0.222458118819876,0.30371982769641,0.279800623294363
22909,0.185675813599927,0.631694559700103,0.0572619199511832,0.125367706748787
22910,0.191422398726104,0.293842949922542,0.139681774285199,0.375052877066155
22911,0.131965073115844,0.152066335086795,0.270484847327525,0.445483744469836
22912,0.302540316199455,0.469031466098776,0.118771357419797,0.109656860281972
22913,0.188191282909904,0.0822569743157403,0.621996794243662,0.107554948530694
22914,0.131276536693286,0.341418691941436,0.16943706137133,0.357867709993948
22915,0.646441088935059,0.0819491799306138,0.102030363644942,0.169579367489385
22916,0.199440520125483,0.385888653292528,0.0890950816088131,0.325575744973176
22917,0.321394908740942,0.200206985914297,0.0345952027965235,0.443802902548237
22918,0.481482053592414,0.200849451044592,0.0418195777809274,0.275848917582067
22919,0.0637300611734262,0.794431032512128,0.0389870789099581,0.102851827404488
22920,0.159035132447911,0.143948861799911,0.439500870698733,0.257515135053445
22921,0.425059097181982,0.106622109753163,0.0682217573659941,0.400097035698861
22922,0.159764686328881,0.461092084066406,0.131905268660447,0.247237960944266
22923,0.0344756932338281,0.476087980669724,0.141739567773084,0.347696758323364
22924,0.571766362474325,0.142721668698473,0.14585849824229,0.139653470584912
22925,0.195393971122517,0.292537912317493,0.0384590098117009,0.473609106748289
22926,0.42164273189487,0.104721283531368,0.191203556635853,0.282432427937908
22927,0.0996377327064565,0.10672416043225,0.342040157773725,0.451597949087568
22928,0.684726269168722,0.152147808326927,0.0275118653381081,0.135614057166243
22929,0.0772900225580751,0.589632272976312,0.158047698878751,0.175030005586861
22930,0.0790062352242102,0.16056589785587,0.458982848801222,0.301445018118698
22931,0.0957174382057292,0.204328500415812,0.567397581585276,0.132556479793182
22932,0.175153238585662,0.16314029574905,0.0563941087524744,0.605312356912814
22933,0.401572427320284,0.104769522447094,0.111845038966608,0.381813011266015
22934,0.132252206732697,0.117229617548589,0.383147606503795,0.367370569214919
22935,0.119199680724551,0.466893505763672,0.267382428445895,0.146524385065882
22936,0.436196459331186,0.188823238027173,0.188035258123127,0.186945044518514
22937,0.413329937368416,0.242858814274219,0.17203403228543,0.171777216071935
22938,0.396796879643063,0.27271483536606,0.172712470550989,0.157775814439888
22939,0.130908156892608,0.383919364714143,0.198181228095344,0.286991250297905
22940,0.125006145430071,0.100262014121403,0.595367624908796,0.179364215539729
22941,0.268651545004188,0.125847514439048,0.433671036510497,0.171829904046266
22942,0.0418161253228737,0.266879745807644,0.606719111862007,0.0845850170074749
22943,0.121894940005736,0.364196067404297,0.167792057016045,0.346116935573922
22944,0.15985190926505,0.424629281891496,0.115566957846168,0.299951850997287
22945,0.219942390195589,0.30885451009976,0.134409367109656,0.336793732594995
22946,0.111178448579893,0.165000216499135,0.335962468317269,0.387858866603702
22947,0.17838112879549,0.624204544354942,0.064126921907961,0.133287404941607
22948,0.291123519315434,0.152563283442053,0.131100115233231,0.425213082009282
22949,0.097853978741408,0.34042700067334,0.349747122700797,0.211971897884455
22950,0.188178237013793,0.324254832982282,0.110542087151301,0.377024842852624
22951,0.181905740451015,0.416608028870984,0.180635289922711,0.22085094075529
22952,0.258478477839867,0.274148123581211,0.0829835916998544,0.384389806879068
22953,0.365238752696038,0.268264958341185,0.264112937087352,0.102383351875426
22954,0.235933040932909,0.231563798758067,0.265751080333147,0.266752079975877
22955,0.23811287611183,0.54322727249267,0.129928794467036,0.0887310569284647
22956,0.412299420256852,0.254041284713843,0.161524289418303,0.172135005611002
22957,0.220008694016851,0.223780405653592,0.421411250953628,0.134799649375929
22958,0.555641241779669,0.21549807356322,0.128515685408757,0.100344999248355
22959,0.13812540439017,0.21469764073734,0.48644177721262,0.16073517765987
22960,0.475627344484717,0.280562048940264,0.143234273859712,0.100576332715307
22961,0.209634334663901,0.243655260740373,0.392832782567043,0.153877622028683
22962,0.169129820618958,0.149692012558264,0.620988012187136,0.0601901546356418
22963,0.11418322513352,0.433930603565881,0.119888013680419,0.33199815762018
22964,0.141548328208725,0.164552998362081,0.555778288368253,0.138120385060941
22965,0.334156298017102,0.415904878213019,0.12931683821679,0.120621985553089
22966,0.170147356515055,0.164058518366543,0.561209280195986,0.104584844922416
22967,0.0608925299114143,0.501810492417812,0.392467426555478,0.0448295511152951
22968,0.184959357025085,0.250999880592156,0.4643936024447,0.0996471599380595
22969,0.325740321090538,0.266328266881034,0.301064977509255,0.106866434519174
22970,0.426628588161988,0.22800276537396,0.191737183464549,0.153631462999504
22971,0.155022774134737,0.178826366540753,0.597191694515273,0.0689591648092366
22972,0.241974392891468,0.571835442038058,0.119687141027462,0.066503024043013
22973,0.0705975350891151,0.517553673664284,0.0938778410022879,0.317970950244313
22974,0.129048805660732,0.187019865234645,0.435370001275715,0.248561327828907
22975,0.21763578645025,0.175057752288527,0.495795116038976,0.111511345222246
22976,0.0785161849519143,0.271504073644566,0.448075631343898,0.201904110059622
22977,0.125043506775264,0.244178725973786,0.487776192982412,0.143001574268538
22978,0.0538832386162624,0.28074200529674,0.526631491770828,0.13874326431617
22979,0.0967906135974958,0.301597740592385,0.430931531236533,0.170680114573586
22980,0.442236439667423,0.400539235407972,0.0761239095398834,0.081100415384721
22981,0.147023875359722,0.613267697356951,0.147108499396154,0.0925999278871728
22982,0.227968561914481,0.0926576445536,0.266483461567176,0.412890331964742
22983,0.497399074708425,0.355902196104683,0.0513117915916569,0.0953869375952346
22984,0.0259363597835256,0.44149580127947,0.307158950671391,0.225408888265614
22985,0.453826091547337,0.0792171750411671,0.167326696624607,0.299630036786889
22986,0.36960853787355,0.300125074959959,0.0968297535026532,0.233436633663838
22987,0.0771728340846384,0.156954511782285,0.45803437264331,0.307838281489767
22988,0.189678558081654,0.0820757349010762,0.593479632519038,0.134766074498232
22989,0.521079953716132,0.0954260067009634,0.211788085689563,0.171705953893342
22990,0.112626757408349,0.473971032641885,0.0806846493210928,0.332717560628673
22991,0.631992703426967,0.134256967586222,0.0750229635642107,0.1587273654226
22992,0.202297914615087,0.428906266756974,0.246587394192987,0.122208424434952
22993,0.160734375649444,0.176401257516293,0.585036078295765,0.0778282885384991
22994,0.626431838193104,0.196076133351175,0.106623277152899,0.0708687513028216
22995,0.132551591820517,0.344676931062966,0.343462164794615,0.179309312321902
22996,0.433058322676544,0.261347810207429,0.227216965866686,0.0783769012493409
22997,0.231233581341096,0.411761203223733,0.194962370436961,0.162042844998209
22998,0.293010791407072,0.190728363225124,0.196303734487333,0.319957110880471
22999,0.395586301417777,0.19440796933881,0.289565063157928,0.120440666085484
23000,0.220923682705846,0.2209064859067,0.505079448442931,0.0530903829445232
23001,0.215572405349655,0.467778448424065,0.155568172859444,0.161080973366836
23002,0.117375422612514,0.394087004689338,0.260055345424436,0.228482227273712
23003,0.656157025951255,0.146028019198663,0.122213303382295,0.0756016514677866
23004,0.123934246509927,0.328891656304682,0.402693821326559,0.144480275858832
23005,0.194682470403193,0.65066322478905,0.0711655919369577,0.0834887128707991
23006,0.121600426366883,0.140249973997301,0.659456420419237,0.0786931792165788
23007,0.03213136915184,0.41678596970484,0.496838208898879,0.0542444522444406
23008,0.0829116745841901,0.539387029681033,0.254462394596616,0.123238901138161
23009,0.24896416616679,0.143561225347165,0.410064298871692,0.197410309614353
23010,0.450946873470522,0.292298929048003,0.11908850474316,0.137665692738316
23011,0.386303422024831,0.0959283887643677,0.23653536401011,0.281232825200692
23012,0.287107365327728,0.0905671189576974,0.4332668496011,0.189058666113474
23013,0.366290000370306,0.0947052343596233,0.244971747573748,0.294033017696322
23014,0.083877838015056,0.352423447183002,0.324374735779267,0.239323979022675
23015,0.15321850702058,0.131261983447987,0.497807092008336,0.217712417523097
23016,0.291186637507744,0.20189888906769,0.388308578161096,0.11860589526347
23017,0.208286180306661,0.214898114109779,0.349567710622107,0.227247994961453
23018,0.537748907413412,0.159816801470283,0.158241290564463,0.144193000551842
23019,0.0741656886308641,0.167904465317122,0.655387661082589,0.102542184969425
23020,0.290563232355902,0.0882861155340776,0.0841201970443072,0.537030455065713
23021,0.426781959542676,0.281719767072778,0.0381066716224976,0.253391601762048
23022,0.158622468337566,0.24632121932455,0.0522139891571452,0.542842323180739
23023,0.511074780275623,0.126498137517832,0.127204277483501,0.235222804723045
23024,0.283242934882106,0.372750504273934,0.0619278560112714,0.282078704832689
23025,0.0757477384889367,0.44848226441755,0.198692282592201,0.277077714501313
23026,0.768546751134532,0.0651484062251073,0.0620501923546107,0.10425465028575
23027,0.195880181445828,0.274481269867479,0.103956616746548,0.425681931940146
23028,0.0944326533433464,0.61956009021678,0.0504270738399713,0.235580182599902
23029,0.122779818715293,0.104288674665037,0.553433351900661,0.219498154719009
23030,0.412911240034887,0.207601124746465,0.110680604328491,0.268807030890157
23031,0.102512273043012,0.188785678475039,0.307522051314441,0.401179997167508
23032,0.148138908182942,0.524411068173694,0.109941231551754,0.217508792091611
23033,0.368646818913276,0.211960760294426,0.118718911946133,0.300673508846165
23034,0.165835217834407,0.306011736378397,0.123077747167056,0.40507529862014
23035,0.324693339113476,0.323537020450015,0.0890841605827241,0.262685479853785
23036,0.109473882022709,0.444797998805407,0.125675576888898,0.320052542282986
23037,0.55751338398592,0.186791171737795,0.133510237428165,0.122185206848121
23038,0.2854340442764,0.501595567427655,0.114971000317593,0.0979993879783518
23039,0.527631295511392,0.233125064952703,0.048724823623747,0.190518815912158
23040,0.0885318928211005,0.101532686667525,0.198706071508312,0.611229349003062
23041,0.240114859275813,0.157110926955138,0.374981914765621,0.227792299003429
23042,0.309396336992573,0.221035816777268,0.126642511868363,0.342925334361796
23043,0.164155286540195,0.143757308319578,0.186922716025132,0.505164689115094
23044,0.111300726658096,0.162679739601583,0.519782685463362,0.206236848276958
23045,0.500584012993266,0.156610212895234,0.130545998663749,0.212259775447752
23046,0.744382569290478,0.0462996472750438,0.0977819441949012,0.111535839239577
23047,0.0715685079291305,0.235101925075395,0.559111105146948,0.134218461848526
23048,0.545417002622601,0.229615825661479,0.127543190536139,0.0974239811797806
23049,0.372334388313609,0.269820963442087,0.225251884325452,0.132592763918852
23050,0.24763342620046,0.484727358033207,0.166154486605008,0.101484729161324
23051,0.401141272548668,0.262970384485234,0.220536769364889,0.11535157360121
23052,0.113165640533466,0.647067139129984,0.182361979056314,0.0574052412802354
23053,0.532258270032795,0.112894414299992,0.212692793781351,0.142154521885862
23054,0.357313678642261,0.135053304529891,0.406951452951031,0.100681563876817
23055,0.633583730239017,0.193316261843608,0.0939300294806817,0.0791699784366924
23056,0.24482625335041,0.201265572352669,0.253400750555678,0.300507423741243
23057,0.212709796472171,0.557884628477831,0.0673111677501318,0.162094407299867
23058,0.0787082140773319,0.504388655891024,0.311216664193871,0.105686465837774
23059,0.466239142223602,0.142498012426055,0.176407221928625,0.214855623421718
23060,0.461264548998581,0.169901252356835,0.0838276740291369,0.285006524615448
23061,0.496795906592699,0.161613830916482,0.262355803606034,0.0792344588847856
23062,0.231294274419511,0.258641906658441,0.131490983726911,0.378572835195137
23063,0.11563556269502,0.09929246369065,0.689248342753393,0.0958236308609372
23064,0.201916503703232,0.0958310520088869,0.546004781717237,0.156247662570644
23065,0.152198104517072,0.321642099843928,0.357492609990537,0.168667185648462
23066,0.120452293135914,0.643326268198289,0.0641273129303994,0.172094125735398
23067,0.21371921520912,0.140506233376575,0.293526405697718,0.352248145716586
23068,0.662617906672645,0.195809891366927,0.0322405187873777,0.10933168317305
23069,0.0760955199439365,0.474469448179819,0.198608663201945,0.250826368674299
23070,0.211406156168421,0.387322773640825,0.0944381575421878,0.306832912648566
23071,0.0558391530086232,0.525686800258099,0.243489403642176,0.174984643091103
23072,0.221472946682867,0.135041054727651,0.445598893353096,0.197887105236386
23073,0.144502587709691,0.0730200695571307,0.476386561677723,0.306090781055456
23074,0.494327968339724,0.131511105826986,0.0973996644161405,0.27676126141715
23075,0.346026454540477,0.235540573532154,0.177132671270967,0.241300300656402
23076,0.496715262430753,0.0698778587231187,0.0899597886247694,0.343447090221359
23077,0.756127424023424,0.0584681145488097,0.0682494206289095,0.117155040798856
23078,0.0884937991003471,0.209679506516895,0.527642920292608,0.17418377409015
23079,0.488695903689304,0.127380990708739,0.209623398960064,0.174299706641893
23080,0.346749338721164,0.297795928348968,0.118307651320507,0.237147081609361
23081,0.0577590422093295,0.100281811588421,0.628906241195156,0.213052905007094
23082,0.194380499812785,0.669604778259373,0.0346543172043787,0.101360404723463
23083,0.156386965734894,0.326567226139479,0.243532803189639,0.273513004935988
23084,0.06495487346522,0.208528699784775,0.568721653290835,0.157794773459169
23085,0.0821159262376426,0.0515148701085459,0.0752054664447163,0.791163737209095
23086,0.34498120628276,0.316969155409691,0.194851307034872,0.143198331272677
23087,0.301315910954456,0.266244750401893,0.330192404981076,0.102246933662576
23088,0.398642280511933,0.252569322586003,0.283720079491302,0.0650683174107624
23089,0.47564393501798,0.302045426497609,0.171557921042686,0.0507527174417251
23090,0.0890009614810093,0.209843534304091,0.518107844045347,0.183047660169553
23091,0.315805675217115,0.285144097115278,0.250979258225935,0.148070969441672
23092,0.29553235558733,0.178243962340237,0.356139994250887,0.170083687821546
23093,0.442074405686651,0.178742821801694,0.177417880030743,0.201764892480912
23094,0.590483157610939,0.1747328273322,0.171258066276216,0.0635259487806447
23095,0.321295891628115,0.253241208965063,0.147144120683139,0.278318778723683
23096,0.31342068565953,0.224931215248754,0.276216000233828,0.185432098857889
23097,0.620920870869811,0.103790840946706,0.210642218879949,0.0646460693035341
23098,0.354510341203545,0.186148727375017,0.29043656535001,0.168904366071428
23099,0.391613555246755,0.252092858412353,0.215995381565298,0.140298204775594
23100,0.184663253269592,0.185528496489571,0.571070694432387,0.058737555808451
23101,0.179671269847306,0.49959032029614,0.137384267043086,0.183354142813469
23102,0.300947385967248,0.164241214465995,0.328119235567701,0.206692163999056
23103,0.194672212093893,0.415219058082732,0.293510026066517,0.0965987037568587
23104,0.168967899762061,0.343548300356633,0.245521903595795,0.241961896285512
23105,0.164270015108162,0.295378868384366,0.371720400634613,0.16863071587286
23106,0.283997645400076,0.268590624076805,0.241736462352718,0.205675268170401
23107,0.179976103103197,0.152254489959564,0.550631109986682,0.117138296950557
23108,0.260297047553922,0.260603927608564,0.202074558702273,0.277024466135242
23109,0.120794629329178,0.355887749897092,0.383871532646398,0.139446088127332
23110,0.434037608733609,0.0914723102362561,0.298789045465286,0.175701035564849
23111,0.133434461048496,0.449736729335805,0.294974936536204,0.121853873079495
23112,0.172234309752671,0.142766071875469,0.585790906185387,0.0992087121864738
23113,0.197776090972594,0.332804086010134,0.265994198463346,0.203425624553927
23114,0.116140841054598,0.257478214690871,0.483740995691579,0.142639948562952
23115,0.142817923179358,0.300183808675216,0.29386746890075,0.263130799244675
23116,0.12484215243398,0.643190868881421,0.0415488663807133,0.190418112303887
23117,0.175900246634511,0.127089685400865,0.53690254621716,0.160107521747463
23118,0.0577180470138099,0.100909969475952,0.51590530698477,0.325466676525468
23119,0.048789548852576,0.395413933956237,0.131443784291756,0.424352732899431
23120,0.47000386961103,0.218646632085631,0.0649924494909744,0.246357048812365
23121,0.271571157140018,0.345784352059035,0.101176131019463,0.281468359781484
23122,0.303752677990797,0.170040089432687,0.183505035929152,0.342702196647364
23123,0.0476153735255797,0.496531701361347,0.158307120893193,0.297545804219881
23124,0.31122666687198,0.351628996107961,0.227815138345834,0.109329198674226
23125,0.339375534454028,0.293674921093844,0.260184790992933,0.106764753459195
23126,0.328169729683441,0.265575928371567,0.201001343138142,0.205252998806851
23127,0.279309189797859,0.316205765478515,0.313687020170274,0.0907980245533529
23128,0.431979681196768,0.307134065219556,0.153509514035309,0.107376739548367
23129,0.379397929925976,0.344176720342543,0.121761338641908,0.154664011089573
23130,0.174512647595026,0.458580619182438,0.212974901049331,0.153931832173205
23131,0.32269158637152,0.226007321864174,0.342240333800453,0.109060757963853
23132,0.268761260418409,0.381275740548421,0.250883183130587,0.0990798159025831
23133,0.174499627589609,0.189766684945458,0.510893121808181,0.124840565656752
23134,0.195768856742265,0.246481479049015,0.375017109755445,0.182732554453275
23135,0.133168830922963,0.458942880482023,0.275335925623222,0.132552362971792
23136,0.207766023625239,0.139282736677216,0.446946416941412,0.206004822756133
23137,0.154396724908122,0.340677529274381,0.189951084197755,0.314974661619741
23138,0.16577304399217,0.192034120850831,0.490319410125724,0.151873425031275
23139,0.372858297135098,0.256432296581081,0.176930120651369,0.193779285632452
23140,0.246203813129805,0.478583417066835,0.127079498160364,0.148133271642997
23141,0.152842913187142,0.493396421501105,0.147529174626647,0.206231490685106
23142,0.315989598455422,0.141992530976396,0.352765794156822,0.18925207641136
23143,0.236129132889747,0.287157537919392,0.416404191349856,0.0603091378410046
23144,0.168578307076977,0.372798483850655,0.383352410957216,0.0752707981151525
23145,0.213787701660537,0.446277138715523,0.229084712794645,0.110850446829295
23146,0.21443122522019,0.519415045746274,0.228654678849336,0.0374990501842001
23147,0.278209982399694,0.204245423959797,0.375206729902467,0.142337863738041
23148,0.209587659733218,0.501696402818651,0.197357235220076,0.0913587022280559
23149,0.348481827928362,0.419389215736265,0.112429971952394,0.11969898438298
23150,0.215342485841703,0.487539957551487,0.160950821680077,0.136166734926732
23151,0.292407734451068,0.162867860054453,0.474095689458931,0.0706287160355475
23152,0.250706304302097,0.15897832887071,0.519383455111606,0.0709319117155868
23153,0.394756566603728,0.250078082935007,0.231229770053451,0.123935580407815
23154,0.227311248368212,0.303575869050718,0.323365288647339,0.145747593933731
23155,0.53854923957527,0.238096696154023,0.133040564869462,0.0903134994012453
23156,0.502769108015074,0.177183013414432,0.204793848671598,0.115254029898896
23157,0.103128102172095,0.654376087730923,0.156624814362806,0.0858709957341762
23158,0.519192325395387,0.157435482704802,0.231830559490296,0.0915416324095157
23159,0.312369730426441,0.253437787113342,0.324202059476413,0.109990422983804
23160,0.0955532703917698,0.206678144099338,0.469603811427686,0.228164774081206
23161,0.354666025078031,0.307566376751844,0.255735187211095,0.0820324109590304
23162,0.220703616322638,0.275289283611019,0.0727436041268947,0.431263495939448
23163,0.0840680835805745,0.79776984018983,0.0363043471836384,0.0818577290459575
23164,0.186648996079913,0.546482395544942,0.148983944401107,0.117884663974038
23165,0.0289212039440877,0.175568953867949,0.417590191250027,0.377919650937936
23166,0.61238288284465,0.115268507798273,0.0566051814728669,0.21574342788421
23167,0.328914234127536,0.137740367643305,0.203016077512065,0.330329320717094
23168,0.193000794581778,0.0334787244841547,0.272339823300333,0.501180657633734
23169,0.166577032705997,0.272746404981742,0.4476082361282,0.113068326184061
23170,0.0881089613174911,0.064853634533465,0.238157690839438,0.608879713309606
23171,0.188473612891842,0.147512056594581,0.31934757424599,0.344666756267587
23172,0.228575445429262,0.53334491523867,0.103003074443645,0.135076564888423
23173,0.0362926582910069,0.0564191056123906,0.328773387111681,0.578514848984921
23174,0.828150885357976,0.0604500137832177,0.0167959194097464,0.0946031814490597
23175,0.41534898450741,0.087205248303105,0.160455945340157,0.336989821849328
23176,0.0244451210990509,0.624235987349781,0.0762539773996528,0.275064914151515
23177,0.418182385530777,0.15591204177298,0.364795126162314,0.0611104465339294
23178,0.133130878432079,0.524337312834788,0.196623495154399,0.145908313578734
23179,0.125465503570435,0.630784833859582,0.0507766431969834,0.192973019372999
23180,0.0200880380083757,0.169617892610975,0.633613659683113,0.176680409697536
23181,0.244688823362595,0.446746021015641,0.158548568360258,0.150016587261506
23182,0.476032250468565,0.313304510079173,0.12337173439441,0.0872915050578517
23183,0.16826691548646,0.454781922159557,0.159740964014218,0.217210198339766
23184,0.259487768759869,0.278280514949492,0.290582406388822,0.171649309901816
23185,0.379921175528428,0.135888979061262,0.209978371922149,0.274211473488162
23186,0.351423429643764,0.256353090140529,0.109127475434533,0.283096004781174
23187,0.151280006218045,0.189164827882121,0.53025976554852,0.129295400351314
23188,0.425549290931772,0.395416083855017,0.0887952739171092,0.0902393512961015
23189,0.191290847003393,0.169923515169706,0.202695702630657,0.436089935196245
23190,0.200394336207011,0.226679516546481,0.335356981554841,0.237569165691667
23191,0.285609247391893,0.440927275651782,0.118746965785058,0.154716511171267
23192,0.285839785602545,0.377681412016503,0.0630127882582137,0.273466014122739
23193,0.329638089696563,0.238216939394058,0.105638995174678,0.326505975734702
23194,0.474126909516656,0.312436347305564,0.0834587503835426,0.129977992794238
23195,0.499519989709564,0.169571946897218,0.186219187000079,0.14468887639314
23196,0.229821765484202,0.407127133986471,0.165225680693155,0.197825419836171
23197,0.362334156278983,0.0790839927296811,0.27722061522778,0.281361235763556
23198,0.361893205626633,0.112567022126051,0.241075760057722,0.284464012189594
23199,0.60875409675554,0.140457863981105,0.072917550346712,0.177870488916642
23200,0.28213472493272,0.182943858991257,0.446394763652249,0.088526652423774
23201,0.38511270391358,0.197110194492139,0.307962683164102,0.10981441843018
23202,0.210838906923845,0.240896467795547,0.445723384528313,0.102541240752295
23203,0.0689311405608271,0.640147627857889,0.205812185744787,0.0851090458364968
23204,0.214016870226762,0.422482384823671,0.15250081683312,0.210999928116447
23205,0.218238070737976,0.178725996430876,0.387747288522318,0.21528864430883
23206,0.36995560193524,0.342206019547745,0.0490302612392873,0.238808117277728
23207,0.348157044968304,0.196291452900914,0.345621139284878,0.109930362845904
23208,0.241752978259583,0.135810389840656,0.354603741583117,0.267832890316644
23209,0.286927586358472,0.436905720758959,0.11792697763605,0.158239715246519
23210,0.680099179729005,0.129291716252453,0.089231733176723,0.101377370841819
23211,0.329244391691722,0.418154012242744,0.103054614593949,0.149546981471585
23212,0.076047851028442,0.430387391020448,0.288950100255811,0.204614657695299
23213,0.0832656115544805,0.10506002247385,0.535090567801264,0.276583798170406
23214,0.675243668119175,0.0435907834011,0.205291465719857,0.0758740827598676
23215,0.481706271756637,0.0708887794504917,0.176723488153594,0.270681460639277
23216,0.34787188496129,0.127885691157,0.239654183389257,0.284588240492453
23217,0.0789807808999377,0.607782078083392,0.0777268462136812,0.235510294802989
23218,0.144783164984683,0.25698879958316,0.326040331492723,0.272187703939435
23219,0.240080847532608,0.109958100873348,0.0657881778900339,0.58417287370401
23220,0.551497262981366,0.20250561470072,0.0914217870666142,0.1545753352513
23221,0.792189303839816,0.0323688715939913,0.026660317038144,0.148781507528049
23222,0.0980908393242077,0.116564112576143,0.503893311791416,0.281451736308234
23223,0.135481595346944,0.382817192132013,0.0846940239180172,0.397007188603026
23224,0.0479459357907064,0.257568864961905,0.221191334056789,0.473293865190599
23225,0.265579095135939,0.515072651397267,0.0294147656309801,0.189933487835815
23226,0.0793718522764943,0.105136525907749,0.300378474100982,0.515113147714774
23227,0.628627055510817,0.117801941208011,0.0574777295870531,0.196093273694119
23228,0.0596527951931645,0.0429655989785633,0.0965861316139877,0.800795474214285
23229,0.126051755177945,0.136938664205377,0.321813323622605,0.415196256994074
23230,0.085851800932338,0.296187876411138,0.0390524316035709,0.578907891052953
23231,0.0334054253409887,0.240453280336288,0.0874612917206853,0.638680002602038
23232,0.250291525998094,0.256552450222436,0.109653019132172,0.383503004647298
23233,0.0884351747551943,0.0864277436555708,0.242852670584335,0.5822844110049
23234,0.119586073133828,0.0290594769760741,0.062789582939541,0.788564866950556
23235,0.0950783914137206,0.0243901560004281,0.38691873323783,0.493612719348021
23236,0.507800081181272,0.0235543589496379,0.236182417166434,0.232463142702657
23237,0.0329032696728815,0.12824373505273,0.324990799320937,0.513862195953452
23238,0.110032955918239,0.25093412766262,0.318526560248773,0.320506356170369
23239,0.249567322436812,0.494413301615888,0.053219758387929,0.202799617559372
23240,0.123753171741235,0.667877909695451,0.0661946218331868,0.142174296730127
23241,0.432353169883672,0.123531644068158,0.180039862348265,0.264075323699905
23242,0.676384994150149,0.138012457935238,0.0582026667856334,0.12739988112898
23243,0.324105474087458,0.0628176697163992,0.352178755035702,0.260898101160441
23244,0.138307196844469,0.560957948453761,0.120629438386916,0.180105416314853
23245,0.600025336653971,0.0360284598568829,0.162699821881223,0.201246381607923
23246,0.346438450043042,0.281974490951026,0.103414266266316,0.268172792739615
23247,0.0935056417086505,0.0933202638329144,0.350504147736756,0.462669946721679
23248,0.0869014002317484,0.555052332279771,0.180616884170487,0.177429383317994
23249,0.293847581972882,0.284388176875704,0.174515613368843,0.247248627782571
23250,0.192884575794024,0.111772259418105,0.586345422203185,0.108997742584687
23251,0.0763087448120165,0.698557407084195,0.0827914720711297,0.142342376032659
23252,0.125249465212843,0.300995498930304,0.250646452648554,0.323108583208298
23253,0.0455299238161663,0.158686419685799,0.690794770724663,0.104988885773372
23254,0.608251358819728,0.0671057412581304,0.239995221963703,0.0846476779584385
23255,0.349819101694427,0.250976249088812,0.0400257079346923,0.359178941282069
23256,0.701697677983804,0.0356553673069441,0.121719905701592,0.140927049007661
23257,0.27539984516911,0.557783333210451,0.0480293730056986,0.11878744861474
23258,0.601380383686561,0.101083566892209,0.190295123188869,0.107240926232361
23259,0.101519526559052,0.26126906361411,0.358892911113315,0.278318498713523
23260,0.234373633278761,0.0704060924804484,0.555731811975158,0.139488462265633
23261,0.149504908443241,0.517496377780774,0.13890232559448,0.194096388181505
23262,0.517245654527358,0.13617187169643,0.201368499203361,0.145213974572851
23263,0.460341814017351,0.214772698342728,0.225000947155288,0.0998845404846331
23264,0.0553501882229771,0.424106689662186,0.346950469731843,0.173592652382994
23265,0.597401380483717,0.149874030594383,0.11833986392797,0.134384724993929
23266,0.292682020347601,0.134627724227635,0.224542321372308,0.348147934052455
23267,0.248266242843517,0.192629256947862,0.380215977318671,0.17888852288995
23268,0.247120962541324,0.17525166912506,0.0898996567046985,0.487727711628918
23269,0.284379363628904,0.458012752133347,0.0554104873354238,0.202197396902325
23270,0.151302825694645,0.200921232911975,0.540388923604785,0.107387017788595
23271,0.433815919789071,0.0849590297100796,0.0972646953323823,0.383960355168467
23272,0.134780961966128,0.218186698623301,0.511585821312768,0.135446518097802
23273,0.130066390288657,0.544042107132319,0.0934505417422977,0.232440960836726
23274,0.45982547601754,0.140235750868923,0.118232413833064,0.281706359280473
23275,0.112521555845118,0.222946853133073,0.326685718901754,0.337845872120055
23276,0.255952132561054,0.439790199655199,0.18931978365512,0.114937884128627
23277,0.459941194497351,0.336121651776176,0.106913138748505,0.0970240149779682
23278,0.186620086891102,0.19743242136443,0.350051330147507,0.265896161596961
23279,0.387502185295567,0.381638490530997,0.101707981873527,0.129151342299909
23280,0.318477421175988,0.229845087175216,0.269071707586389,0.182605784062407
23281,0.125244059490614,0.562835069229879,0.16712661104928,0.144794260230227
23282,0.242286955777693,0.455274341804254,0.154552175218988,0.147886527199065
23283,0.190832652375004,0.360019374898425,0.305988067618328,0.143159905108243
23284,0.14068591327178,0.403384569591138,0.240779090171367,0.215150426965715
23285,0.451241242370344,0.189570404981993,0.186169247648608,0.173019104999055
23286,0.236264659479434,0.132811000500521,0.460461139314991,0.170463200705054
23287,0.169024875152421,0.253351138909443,0.301724622593435,0.275899363344701
23288,0.64119393184444,0.125077550418665,0.144609415451064,0.08911910228583
23289,0.18776333720855,0.541893651710857,0.177350297397064,0.0929927136835291
23290,0.220495926233573,0.448327384506951,0.110020359023392,0.221156330236084
23291,0.407864964929671,0.16387852051665,0.18148958789132,0.246766926662358
23292,0.17601121195733,0.177016197165005,0.503205233560762,0.143767357316903
23293,0.602968156713037,0.202401914737471,0.0845691030842802,0.110060825465212
23294,0.220391397679566,0.229199533326858,0.214397957589525,0.336011111404051
23295,0.3040982519938,0.0186015502512157,0.546403395323297,0.130896802431688
23296,0.137948964159787,0.149716878191197,0.608297713104501,0.104036444544514
23297,0.0718051204491078,0.062202696487528,0.583543809848335,0.282448373215029
23298,0.349335593573455,0.0490544869688507,0.374988482023222,0.226621437434472
23299,0.427332729521944,0.123283137240263,0.0675112578374558,0.381872875400337
23300,0.494941441348844,0.169407218368441,0.224998300052662,0.110653040230053
23301,0.435776114721705,0.0722953712367643,0.0858984237912263,0.406030090250304
23302,0.193864793479571,0.140098087839003,0.57003695847737,0.0960001602040556
23303,0.152203661594079,0.135672263822959,0.45957942784732,0.252544646735641
23304,0.0365005711293356,0.403103838055493,0.0726996442427622,0.487695946572409
23305,0.350086073689664,0.0400651797048805,0.0470497595028688,0.562798987102587
23306,0.30298953527502,0.478463837943277,0.0710016757744344,0.147544951007268
23307,0.105709584170485,0.292993787787012,0.154826357482918,0.446470270559585
23308,0.197745989482186,0.0318417595789378,0.633157336276661,0.137254914662215
23309,0.113500686276692,0.0780580016394546,0.0368390432665318,0.771602268817322
23310,0.0973685515383826,0.0435260377051583,0.649775377093709,0.20933003366275
23311,0.0909880927292586,0.0353266966000565,0.226374889605875,0.64731032106481
23312,0.286006015175801,0.0783358763037418,0.543443921124418,0.0922141873960396
23313,0.0707571102285503,0.211897686669794,0.31372492870082,0.403620274400836
23314,0.44683617839251,0.101823250684222,0.165051617689949,0.286288953233319
23315,0.412073559791949,0.150249002017978,0.344728215060743,0.0929492231293304
23316,0.337404566696985,0.12996078106475,0.275346069828424,0.257288582409841
23317,0.285431690780863,0.209295875116279,0.183988371907783,0.321284062195075
23318,0.20086387941656,0.150826403610319,0.359604009363642,0.288705707609479
23319,0.342586346840736,0.205277655359637,0.0578114902891908,0.394324507510436
23320,0.196613078544343,0.108044397561307,0.288778209445989,0.406564314448361
23321,0.646086909919694,0.0189104147860063,0.228957458597264,0.106045216697035
23322,0.203490304568122,0.127638792270757,0.419787543010628,0.249083360150493
23323,0.336868139943039,0.322364286594266,0.0645200282394074,0.276247545223288
23324,0.569954766776772,0.100420206283971,0.138069099228173,0.191555927711084
23325,0.106158517290644,0.391394910034516,0.312237876036393,0.190208696638447
23326,0.0827991811331015,0.161803223816936,0.107012840201704,0.648384754848259
23327,0.14442927783966,0.0512264752301333,0.654384847040632,0.149959399889574
23328,0.0347492404094035,0.516556176862196,0.0656996429441402,0.38299493978426
23329,0.231346613846543,0.0708027714403883,0.237781996895084,0.460068617817985
23330,0.210564631862216,0.070586890416062,0.528253521724772,0.19059495599695
23331,0.105158988476893,0.745128119448128,0.0325456252814499,0.117167266793528
23332,0.103597343461298,0.209562129225587,0.565164996328864,0.121675530984251
23333,0.497275843605919,0.161550973183615,0.232442838560296,0.108730344650171
23334,0.423157709197455,0.193767615786909,0.177385974831132,0.205688700184504
23335,0.404629656919944,0.335909370594626,0.148163849391408,0.111297123094022
23336,0.119549277439482,0.3519541396212,0.339566616888899,0.18892996605042
23337,0.580059362999252,0.128117980536464,0.205427143503522,0.0863955129607624
23338,0.130969808966397,0.183740606823443,0.592945584026495,0.0923440001836654
23339,0.190019162756836,0.0925692224617911,0.54554944320342,0.171862171577952
23340,0.147212403181725,0.101732219893328,0.52929735673709,0.221758020187858
23341,0.12867748291779,0.0697962190207447,0.704518267168577,0.0970080308928885
23342,0.351227125936558,0.198611342905363,0.283583533352257,0.166577997805821
23343,0.173263502919107,0.513868025279084,0.126559162044704,0.186309309757105
23344,0.337124106514553,0.178966579711392,0.221242031332956,0.262667282441099
23345,0.151817496613152,0.208229005580999,0.295656011717782,0.344297486088067
23346,0.219230452162689,0.49546992238379,0.11231098483862,0.172988640614901
23347,0.323457906541795,0.298817051844117,0.171019722232712,0.206705319381376
23348,0.143885431861697,0.297672431147393,0.325763170193956,0.232678966796954
23349,0.251885805374135,0.317166583172044,0.342663855158484,0.0882837562953373
23350,0.197758010746239,0.58279160384938,0.0679258664362268,0.151524518968154
23351,0.183672672115039,0.188768352874932,0.384932241645868,0.242626733364161
23352,0.150038501295146,0.308138792050123,0.383632840207406,0.158189866447326
23353,0.120344274030296,0.396463256091649,0.254272236525195,0.22892023335286
23354,0.138731106213609,0.568181584892664,0.144084658332908,0.149002650560819
23355,0.248545697908277,0.445387209029499,0.100831981449809,0.205235111612415
23356,0.269864617033403,0.144027966970776,0.4401303783631,0.145977037632721
23357,0.184582211463958,0.475571644781435,0.118838101814664,0.221008041939943
23358,0.198109251002125,0.172162314368146,0.350572601901689,0.27915583272804
23359,0.26321659976548,0.179611449963636,0.354807292486903,0.202364657783981
23360,0.45090590786569,0.305928607002219,0.142009748706496,0.101155736425594
23361,0.115735089098961,0.134743929411717,0.544653129634309,0.204867851855012
23362,0.17556184758717,0.306723579262962,0.235169223553521,0.282545349596347
23363,0.190542642440042,0.381548082834134,0.246994571247169,0.180914703478655
23364,0.125578993658803,0.215122129327152,0.310782955696861,0.348515921317184
23365,0.352030827885246,0.228111663436312,0.239397788958598,0.180459719719844
23366,0.164121457048085,0.0604592893412059,0.555142460768148,0.220276792842561
23367,0.147267504160451,0.178281500655601,0.51724583465031,0.157205160533638
23368,0.0839639631374504,0.311110208651709,0.398889130910767,0.206036697300074
23369,0.354034569783401,0.246281172652166,0.176749742049035,0.222934515515398
23370,0.134341613937535,0.14940863429459,0.508643576027877,0.207606175739999
23371,0.707727072227816,0.0558270479281924,0.110672735626838,0.125773144217154
23372,0.403394669196929,0.148116938784099,0.066228035580419,0.382260356438554
23373,0.110639863509905,0.244424915524327,0.470099789887312,0.174835431078457
23374,0.0533764654589643,0.252802322517357,0.59291110699706,0.100910105026619
23375,0.195817920140553,0.335364954083811,0.347024869786949,0.121792255988686
23376,0.23774462917518,0.228326993719822,0.406473489342317,0.127454887762681
23377,0.11731917967273,0.211927789127757,0.546200825787175,0.124552205412338
23378,0.599715420204816,0.0784196400991722,0.178624164394111,0.143240775301901
23379,0.159037815972389,0.109262442613394,0.392478329856543,0.339221411557675
23380,0.225151074011503,0.333696511038934,0.19387197928887,0.247280435660693
23381,0.105096184442082,0.344496681841844,0.275891222369292,0.274515911346782
23382,0.130668463791139,0.0643987714200688,0.425394042155135,0.379538722633657
23383,0.0736433113333064,0.596497346899259,0.106817893943969,0.223041447823465
23384,0.703409401075511,0.0589453528657864,0.105920827848355,0.131724418210348
23385,0.197376716528283,0.380654864064457,0.31899181936648,0.102976600040781
23386,0.209080665297648,0.470343828536653,0.0319944757683742,0.288581030397324
23387,0.295990184959582,0.184742043809524,0.069979506948741,0.449288264282153
23388,0.0936785671619336,0.185361010035279,0.401523577516438,0.319436845286349
23389,0.0431656669787492,0.0603651399355549,0.365853534593268,0.530615658492428
23390,0.321370152334776,0.458329221890296,0.153952502328087,0.0663481234468414
23391,0.220862101901445,0.349980460482978,0.370715613606119,0.0584418240094573
23392,0.212306068946564,0.31101846819112,0.428187211562634,0.0484882512996815
23393,0.0503759750545674,0.698648579506197,0.221993766523556,0.0289816789156792
23394,0.396487548806235,0.37902364714098,0.186909384308993,0.037579419743792
23395,0.150555346287525,0.296747934345027,0.503369038065415,0.049327681302033
23396,0.557076343259823,0.217698237479772,0.160053462985245,0.0651719562751605
23397,0.506492748687991,0.325697192529816,0.0932091977159116,0.0746008610662819
23398,0.160913889734073,0.762474672936616,0.049063514751758,0.0275479225775537
23399,0.0762715675924407,0.731642634232387,0.137478633790912,0.0546071643842597
23400,0.576293230378629,0.127895563733863,0.222691755214874,0.0731194506726335
23401,0.485193814214574,0.306123018128365,0.142666679750557,0.0660164879065045
23402,0.0550687803881609,0.580586691285826,0.338086874609777,0.0262576537162362
23403,0.217989813528562,0.229904471032571,0.463817401854628,0.0882883135842387
23404,0.0786283132466737,0.669633067776549,0.223630534774875,0.0281080842019023
23405,0.0891730850234203,0.537836787896133,0.29559148641783,0.0773986406626163
23406,0.636383248957428,0.240233821598278,0.0908095253372523,0.0325734041070418
23407,0.453806139598298,0.238263958622552,0.170979653782782,0.136950247996368
23408,0.494253272593579,0.303899547134315,0.144060872975339,0.0577863072967669
23409,0.343624588774912,0.306480619710165,0.238713065471058,0.111181726043864
23410,0.221599089922364,0.422426085882883,0.193797700572025,0.162177123622728
23411,0.193605231126925,0.335326365727809,0.324294770179936,0.14677363296533
23412,0.159581642603506,0.505383688237651,0.193595537083153,0.14143913207569
23413,0.257869548337272,0.271688815587871,0.322521395231826,0.147920240843031
23414,0.373578835328476,0.322604697665517,0.159044942898976,0.144771524107031
23415,0.275956141209765,0.412144431627228,0.204256986896843,0.107642440266164
23416,0.159607853208817,0.573734242726707,0.147164625897593,0.119493278166882
23417,0.411602006450835,0.204685608847374,0.237363467402767,0.146348917299025
23418,0.145209950199721,0.276442655176998,0.249887512865774,0.328459881757506
23419,0.140726615604313,0.414868218196527,0.194319477194319,0.25008568900484
23420,0.254290445971746,0.152051086044384,0.452732649120641,0.140925818863229
23421,0.386764834165908,0.312917361202938,0.107364885478136,0.192952919153018
23422,0.237428071323779,0.151581393064393,0.415447204429423,0.195543331182405
23423,0.361564205384404,0.14177185173864,0.37837339121482,0.118290551662136
23424,0.326887987267111,0.176100266978287,0.229357893377157,0.267653852377445
23425,0.349067717161101,0.335020458875019,0.131775854292256,0.184135969671624
23426,0.217435374178365,0.488289517336231,0.120919271505325,0.173355836980079
23427,0.37277834740678,0.0788165168890512,0.466584721639463,0.0818204140647064
23428,0.370594570986818,0.265417462773369,0.287226330679951,0.0767616355598615
23429,0.335032639521717,0.423546639879114,0.188814082347386,0.0526066382517836
23430,0.335797206481465,0.317263796233473,0.27854249456919,0.0683965027158726
23431,0.223393080758661,0.399071945073906,0.319786462620938,0.0577485115464942
23432,0.292517403814104,0.285856180851658,0.305785785114346,0.115840630219891
23433,0.397125071468354,0.341339753163112,0.185522438718373,0.0760127366501619
23434,0.215606602222377,0.274560389160609,0.427279930622607,0.0825530779944069
23435,0.316397138735854,0.233809818872387,0.320023793800733,0.129769248591026
23436,0.298582178176076,0.3442233461354,0.234385791913665,0.122808683774859
23437,0.264798979158487,0.368061617946965,0.281274059375989,0.0858653435185588
23438,0.17047227087171,0.185063656547959,0.576531441543719,0.0679326310366118
23439,0.300807629614492,0.338668105408407,0.244302071084883,0.116222193892218
23440,0.439422527305328,0.234671171248883,0.251344125347612,0.0745621760981772
23441,0.13025345999843,0.182745833815329,0.493893889023047,0.193106817163193
23442,0.349475464821812,0.313779572711659,0.252996524608509,0.0837484378580199
23443,0.360500288102081,0.253489888498335,0.281167063034944,0.10484276036464
23444,0.165044889033137,0.332788133498786,0.456435784912598,0.0457311925554798
23445,0.129372967719596,0.191632939559866,0.618192963288963,0.0608011294315744
23446,0.533211369690251,0.185041231497151,0.185846521515631,0.0959008772969662
23447,0.254350974678134,0.141684136315301,0.428993936200955,0.17497095280561
23448,0.177157454435007,0.395446666474849,0.10965227505538,0.317743604034764
23449,0.497007232884198,0.0968476556669863,0.205000987130225,0.20114412431859
23450,0.0781354892771527,0.192898283422206,0.450987203541893,0.277979023758748
23451,0.126589483022396,0.281238356936797,0.36641117342762,0.225760986613187
23452,0.0683309868006639,0.608402064240928,0.0750585009876709,0.248208447970737
23453,0.427779956831685,0.147281113575511,0.225068033639655,0.19987089595315
23454,0.177296333291227,0.140663209701307,0.0588756194294334,0.623164837578032
23455,0.352547665841428,0.0970060283602785,0.103132317766538,0.447313988031755
23456,0.143808131507131,0.615206740493583,0.0464737706453521,0.194511357353934
23457,0.101540739465129,0.0573107635193252,0.341885622900459,0.499262874115087
23458,0.0267662629222567,0.440919899599531,0.290223459640178,0.242090377838034
23459,0.260299510695828,0.45712061724635,0.0595355203944424,0.22304435166338
23460,0.156923726967711,0.656150009280572,0.0626942305887065,0.12423203316301
23461,0.0215801291453424,0.267862768689754,0.455137720974288,0.255419381190616
23462,0.634400079893398,0.165059590660124,0.054938214950748,0.14560211449573
23463,0.0554395225357541,0.139391517297379,0.4927806382599,0.312388321906967
23464,0.0738209487139904,0.0350096313041771,0.613316946897034,0.277852473084798
23465,0.278518172971528,0.354874401976193,0.0887092413724827,0.277898183679796
23466,0.331611428420982,0.130869487379285,0.173133244154662,0.364385840045072
23467,0.0638094670609701,0.645709788355833,0.106577598080859,0.183903146502338
23468,0.457373733910313,0.130696869839948,0.11486196482976,0.297067431419979
23469,0.115962681926533,0.0699446396862048,0.741271903655967,0.0728207747312953
23470,0.533623391054825,0.198118206836772,0.157794259777607,0.110464142330796
23471,0.0772059065558537,0.254428135252404,0.5536531717141,0.114712786477642
23472,0.236305408884331,0.309964155507797,0.267873303837892,0.18585713176998
23473,0.173049056914216,0.117808338217388,0.477726785516235,0.231415819352161
23474,0.258600075849738,0.128411066690413,0.332198064592939,0.28079079286691
23475,0.105829453322007,0.558593544318164,0.0835994971686324,0.251977505191197
23476,0.178390660661219,0.584996639395166,0.0973455941979674,0.139267105745648
23477,0.416720412048535,0.0880022308847468,0.283169590608681,0.212107766458037
23478,0.204310611278081,0.445820226033379,0.156863021579849,0.19300614110869
23479,0.0472033681890427,0.155603063732296,0.297161493776071,0.500032074302591
23480,0.0538635588999082,0.507222022265583,0.31462754184698,0.124286876987529
23481,0.242411633269333,0.585192809359185,0.0768657585843091,0.0955297987871736
23482,0.713758112018232,0.0724663467318061,0.101332599245851,0.11244294200411
23483,0.117550609915035,0.30718979608922,0.243181948260491,0.332077645735254
23484,0.0399292632946584,0.248361448931983,0.643713410736056,0.0679958770373017
23485,0.224139329493993,0.442239653276614,0.078031909092647,0.255589108136746
23486,0.0551624088345544,0.340811893100245,0.252452514489654,0.351573183575546
23487,0.222102970665329,0.431299997779684,0.0691563268891366,0.27744070466585
23488,0.16856744067683,0.47542998153348,0.0936434324216538,0.262359145368036
23489,0.263589248122315,0.0711607683812186,0.199499409697351,0.465750573799116
23490,0.134918320759319,0.0490983197770796,0.31207464562505,0.503908713838551
23491,0.0640640309458509,0.189909314947823,0.292103703982185,0.453922950124141
23492,0.0742188355853509,0.408129008857819,0.25841777062771,0.259234384929121
23493,0.0637175445173386,0.104326881874556,0.123479110972862,0.708476462635244
23494,0.13999475228333,0.543074898818334,0.067608420662731,0.249321928235605
23495,0.0781664273130158,0.701562712847841,0.0565193190340013,0.163751540805142
23496,0.0895340463487714,0.478477858151858,0.0400677575735813,0.39192033792579
23497,0.092252904584784,0.583578167665617,0.0999329108244338,0.224236016925165
23498,0.162845098534886,0.0519967711614957,0.334151577986781,0.451006552316837
23499,0.0387501157166884,0.0745440344143938,0.288091419043491,0.598614430825426
23500,0.0413604744360893,0.143653719961619,0.462199204958007,0.352786600644284
23501,0.459753312025783,0.0479657082602453,0.18864826798489,0.303632711729082
23502,0.115527301054209,0.0516722008259425,0.361045699198548,0.4717547989213
23503,0.517001347607875,0.0696586705450049,0.0583192586703133,0.355020723176807
23504,0.371291685033193,0.248980356230756,0.152586035627578,0.227141923108473
23505,0.0977366443219081,0.248588695791301,0.448207358418165,0.205467301468626
23506,0.487222876639948,0.0660119561030762,0.33821987276063,0.108545294496346
23507,0.651157976354375,0.186199391149853,0.0801061171421442,0.0825365153536272
23508,0.0572924855392731,0.0939033384415286,0.437673618439015,0.411130557580184
23509,0.29887887396697,0.283955944109592,0.117581436256949,0.299583745666489
23510,0.288888662488583,0.0747292054713685,0.263930826125133,0.372451305914916
23511,0.343675778181501,0.0754898113014318,0.0718141131124253,0.509020297404642
23512,0.704458662892424,0.137088947249666,0.0623072807854689,0.0961451090724417
23513,0.155421209750064,0.181395634735861,0.0546201052213111,0.608563050292764
23514,0.267563953295147,0.100440809154527,0.228083753661117,0.40391148388921
23515,0.716927567341768,0.0357794924761273,0.157356446676184,0.0899364935059205
23516,0.280134114202604,0.0867451805797915,0.316373077769404,0.3167476274482
23517,0.50812497531471,0.129199415924071,0.0984456746756563,0.264229934085563
23518,0.0910524296067584,0.0528242821517799,0.763309543894036,0.0928137443474256
23519,0.0681467426204278,0.481582032632719,0.0694301443150663,0.380841080431787
23520,0.326691457203351,0.0756276261032438,0.158377931061136,0.439302985632268
23521,0.147661540659393,0.506887718419173,0.193751414242564,0.15169932667887
23522,0.0892648024543301,0.288131097475802,0.156008255549871,0.466595844519997
23523,0.0696723019266531,0.69940962478662,0.105014887307098,0.125903185979629
23524,0.049418633087469,0.706295203647392,0.0736737779594295,0.17061238530571
23525,0.220970602432174,0.191927572248281,0.104633612801142,0.482468212518403
23526,0.106024977518996,0.211830080327209,0.54194096315312,0.140203979000675
23527,0.138105668954379,0.250517634114566,0.308528376611801,0.302848320319254
23528,0.0488697849961761,0.646459328506458,0.141141143847468,0.163529742649898
23529,0.2160296063288,0.447752856638775,0.040487417543261,0.295730119489164
23530,0.0827613303556312,0.0573993210106585,0.701936221122294,0.157903127511416
23531,0.448554387094449,0.0471774496783759,0.0609102304560544,0.443357932771121
23532,0.210805480408214,0.151684804730991,0.0758952189537077,0.561614495907088
23533,0.314829460672088,0.124079225879791,0.119093487169081,0.441997826279039
23534,0.168813370329065,0.0744174422773832,0.250716316467261,0.506052870926291
23535,0.0872988717101812,0.0409572623921333,0.121381465360407,0.750362400537279
23536,0.123412687164026,0.0583723317449039,0.263535901601232,0.554679079489838
23537,0.197429942134752,0.21972548749893,0.0393773986486678,0.543467171717651
23538,0.425938516598976,0.0999508154339259,0.0171436525083855,0.456967015458712
23539,0.036061511735771,0.0509675676651583,0.173796562947193,0.739174357651878
23540,0.0433705306148093,0.0272677966155999,0.382361269781215,0.547000402988376
23541,0.073206959637107,0.276246981497239,0.0386551080061834,0.611890950859471
23542,0.0756689577702212,0.200698780743201,0.514637058969196,0.208995202517382
23543,0.269962601696898,0.374800734778198,0.125169022935514,0.23006764058939
23544,0.067380392985487,0.186035208042405,0.671989463829146,0.074594935142962
23545,0.294128685285941,0.0675920412764974,0.089475703217434,0.548803570220128
23546,0.0743350340601305,0.123552838888553,0.685719607624621,0.116392519426696
23547,0.351444950845639,0.464491327680964,0.0262657434412958,0.157797978032101
23548,0.356679523407101,0.0971927271252857,0.0607144313492086,0.485413318118405
23549,0.304966471624512,0.0884791866296789,0.21569741163642,0.390856930109389
23550,0.0628930035993146,0.254680274961585,0.128941204812311,0.55348551662679
23551,0.483652690742594,0.110103719830626,0.230405989868125,0.175837599558655
23552,0.0518459879774602,0.464058910080069,0.448106588373346,0.0359885135691248
23553,0.0827917691823741,0.648893780997501,0.116501930282012,0.151812519538113
23554,0.589808662133056,0.221557178910043,0.0869367616052056,0.101697397351696
23555,0.0318484967379455,0.188656740180852,0.682567583822388,0.0969271792588142
23556,0.423503443945961,0.123933790587146,0.121569144934961,0.330993620531933
23557,0.0683391711472622,0.0628439919424834,0.600755794344418,0.268061042565837
23558,0.231426019964668,0.142631100195158,0.41785411130103,0.208088768539144
23559,0.185584829685019,0.0662069613906319,0.460731678837879,0.287476530086471
23560,0.075991497000234,0.0682024932008064,0.50771298340018,0.34809302639878
23561,0.478631200456035,0.229621699277259,0.213006807943741,0.0787402923229648
23562,0.461454661734392,0.164133207898017,0.0930535836681092,0.281358546699481
23563,0.146664420948796,0.410474213371836,0.292816713451745,0.150044652227624
23564,0.0652000695926912,0.577031330103045,0.198445863507319,0.159322736796945
23565,0.0862138660278378,0.0840076846307685,0.711251335827712,0.118527113513682
23566,0.432408367597287,0.28782992791117,0.07329978742596,0.206461917065583
23567,0.173215522720639,0.526389805646959,0.142434735780382,0.157959935852019
23568,0.212870131406977,0.597639787773281,0.0448838488105678,0.144606232009173
23569,0.641905082836783,0.116418674908918,0.136521507285455,0.105154734968845
23570,0.111690758339527,0.719641652707155,0.078754213487608,0.0899133754657099
23571,0.140594705949461,0.054557175881375,0.36456625196436,0.440281866204804
23572,0.306488741213229,0.476224346242045,0.0279123393541485,0.189374573190578
23573,0.108537400440542,0.0597336096016538,0.224672251471381,0.607056738486423
23574,0.043135980594503,0.610040721231858,0.199171203726112,0.147652094447526
23575,0.0362634892406994,0.329575066685175,0.257591903680995,0.376569540393131
23576,0.140620191419407,0.095159978883797,0.221299037544764,0.542920792152032
23577,0.779201362105298,0.0405540387854054,0.0693750882465221,0.110869510862774
23578,0.249986336613888,0.0917655310347414,0.0385704426904433,0.619677689660927
23579,0.0401868290073455,0.521322023842858,0.114937589652248,0.323553557497548
23580,0.192803938895927,0.57591432476247,0.05060749316509,0.180674243176513
23581,0.163485665367546,0.327622876933052,0.273905751101953,0.234985706597449
23582,0.112488475385276,0.171657821611012,0.589827056016325,0.126026646987386
23583,0.643747262371533,0.0791525166338033,0.108148243824363,0.168951977170301
23584,0.443747028965471,0.22876437383602,0.106742080921922,0.220746516276587
23585,0.577691928933512,0.213134340670934,0.0785324450059093,0.130641285389644
23586,0.301606309579219,0.272581249468429,0.273336940820088,0.152475500132264
23587,0.12322386756064,0.14587784819735,0.356050388402656,0.374847895839354
23588,0.346536823457336,0.0734121381941513,0.296897965936781,0.283153072411731
23589,0.675176756678726,0.0638817718351183,0.0623920444103529,0.198549427075802
23590,0.253585590244756,0.130521827266556,0.24611209271892,0.369780489769768
23591,0.642018172502322,0.051035093945977,0.103478191735641,0.203468541816061
23592,0.402557470626582,0.0969584272398665,0.0727838349079643,0.427700267225588
23593,0.0594839548883848,0.458167381439084,0.160429827063278,0.321918836609253
23594,0.662845677616112,0.0381992183405834,0.192355192244871,0.106599911798433
23595,0.155379935139317,0.0858881105198879,0.614801644848158,0.143930309492637
23596,0.0642409684390787,0.313732039053374,0.195648814585097,0.42637817792245
23597,0.356984317104795,0.0603318595513567,0.228090624977955,0.354593198365893
23598,0.679961620426306,0.0595815937937605,0.0383962197919108,0.222060565988022
23599,0.188326199585038,0.405628630278845,0.246310567620531,0.159734602515586
23600,0.254218073685055,0.442723433884168,0.182526419526699,0.120532072904077
23601,0.277781548459702,0.420661208244557,0.212208531664021,0.0893487116317205
23602,0.243615574760444,0.492451876946945,0.183983378465301,0.0799491698273107
23603,0.159610799841847,0.243617068884558,0.483911903367276,0.112860227906319
23604,0.318819892523257,0.474209631746855,0.141740454800923,0.0652300209289639
23605,0.505490804475951,0.134864774275773,0.196101922362683,0.163542498885593
23606,0.282341907329995,0.428724879567919,0.15957305094129,0.129360162160795
23607,0.219666509594301,0.378506041706162,0.223105225996276,0.178722222703261
23608,0.469070781047078,0.187556373700822,0.171193293404547,0.172179551847553
23609,0.280483467914473,0.293030622321388,0.296441471854388,0.130044437909751
23610,0.226466961061875,0.458027733437684,0.217577413883345,0.0979278916170956
23611,0.170430490930149,0.188264099012531,0.548476096937454,0.0928293131198666
23612,0.201549750314525,0.385103383439536,0.210560337272667,0.202786528973271
23613,0.406038996607197,0.222879807661969,0.300615243995627,0.070465951735208
23614,0.239416695770019,0.514571921236865,0.169314444345133,0.0766969386479836
23615,0.273066706668251,0.346023959268088,0.133777359719948,0.247131974343714
23616,0.283280374266133,0.20475209510105,0.447773730697573,0.0641937999352437
23617,0.21331416830061,0.483404086222465,0.172692856937806,0.13058888853912
23618,0.304679193281796,0.0246478087141033,0.354579571509322,0.316093426494778
23619,0.0758714551619192,0.216667594755344,0.213040018115088,0.494420931967649
23620,0.0662591470443841,0.24578644933503,0.0227619054166559,0.66519249820393
23621,0.303060360306856,0.0969923279345817,0.057347689210473,0.542599622548089
23622,0.197039350488575,0.345278680302704,0.0326360260064266,0.425045943202294
23623,0.0206478003828732,0.122466068158328,0.0339901594407092,0.82289597201809
23624,0.033259109774052,0.80622276518215,0.0415828612537628,0.118935263790035
23625,0.118633303703895,0.117512473858442,0.160744718428076,0.603109504009587
23626,0.0501602962416858,0.470369597064324,0.104550538754778,0.374919567939213
23627,0.136254831795368,0.0268863351279697,0.574896680944431,0.261962152132231
23628,0.239113410809971,0.0815440009543659,0.0285932466874594,0.650749341548204
23629,0.167340091678109,0.163081722045787,0.0861450920611847,0.58343309421492
23630,0.311012655001087,0.32281642616536,0.0729616847476936,0.29320923408586
23631,0.0235594831023451,0.2024835987618,0.363577063520735,0.41037985461512
23632,0.0343697517671733,0.0343569461327506,0.245200921069866,0.68607238103021
23633,0.103502888802549,0.453903588294471,0.0774335144615648,0.365160008441416
23634,0.662171357340747,0.0882048088426894,0.00851202981072777,0.241111804005836
23635,0.0161560574154544,0.23127183190595,0.0552360797493095,0.697336030929286
23636,0.040962735304097,0.39683898320541,0.14744085565487,0.414757425835623
23637,0.325019447179033,0.447555951854132,0.130163396952349,0.097261204014486
23638,0.415462867154803,0.271126713919697,0.255640706192343,0.0577697127331575
23639,0.209581882612278,0.274778772590779,0.400860642938232,0.114778701858711
23640,0.320774250468437,0.187990048986465,0.395010988668613,0.0962247118764852
23641,0.183930461643594,0.425504245764482,0.2563322278333,0.134233064758624
23642,0.332446447934267,0.205716896009551,0.302299239908062,0.15953741614812
23643,0.276052437318599,0.433559567936987,0.22101606446559,0.0693719302788241
23644,0.316598970586389,0.396185799822946,0.140196748557248,0.147018481033417
23645,0.157349412962295,0.45561580599804,0.215185893891083,0.171848887148582
23646,0.235500875989688,0.421898864301007,0.189912256657786,0.152688003051519
23647,0.154733742255106,0.605690449202897,0.144864088113127,0.0947117204288706
23648,0.264540604115877,0.557967019995879,0.0822512863725196,0.095241089515725
23649,0.268254019694301,0.336099675201966,0.237804959551906,0.157841345551826
23650,0.314100689474013,0.310286831116977,0.153775557712573,0.221836921696436
23651,0.226387455580397,0.464290228359489,0.210231591257628,0.0990907248024864
23652,0.130411488009257,0.310848636685135,0.505436925126654,0.0533029501789543
23653,0.175882962273353,0.132532624754081,0.587773226002525,0.103811186970042
23654,0.142137604311542,0.204867256462724,0.526960310813108,0.126034828412626
23655,0.259534121416921,0.421046035335534,0.178959536142813,0.140460307104733
23656,0.201133012320286,0.156272875067358,0.211718637386141,0.430875475226216
23657,0.473850292245164,0.264349966672761,0.136496694259396,0.125303046822679
23658,0.378934826983436,0.0956923754227049,0.281775863346659,0.2435969342472
23659,0.561581327573854,0.267139524526602,0.10629601227381,0.0649831356257337
23660,0.339045922004473,0.249742649280273,0.0634464150258242,0.34776501368943
23661,0.263751122749415,0.0676302010905539,0.162200742456014,0.506417933704018
23662,0.161569819550239,0.420942431996699,0.149484600483799,0.268003147969264
23663,0.243367562876912,0.189194532966989,0.284450609019521,0.282987295136578
23664,0.0840740214055382,0.417305151097041,0.135525563768708,0.363095263728713
23665,0.315330876331702,0.325682328059636,0.0570738279274456,0.301912967681217
23666,0.352181016396649,0.123953836095012,0.258223900895802,0.265641246612536
23667,0.313777556188546,0.0842273780950892,0.459835406958206,0.142159658758159
23668,0.538219760355026,0.0783724465677803,0.158605190285891,0.224802602791303
23669,0.259850448256722,0.312347780213333,0.10684905984579,0.320952711684155
23670,0.211220872304318,0.110401007280668,0.510140961030064,0.16823715938495
23671,0.0545133189784777,0.329380665103087,0.460744829436353,0.155361186482083
23672,0.205044817770278,0.159022792841535,0.37063524127819,0.265297148109996
23673,0.297492594779194,0.535793536363862,0.0540744714235322,0.112639397433412
23674,0.0274225839546123,0.295932913635797,0.57500056550705,0.10164393690254
23675,0.162491661504015,0.421338422396187,0.137828768051454,0.278341148048345
23676,0.227991215513173,0.12022364230561,0.135265898409746,0.516519243771471
23677,0.166678656488313,0.246977301656281,0.273781000462438,0.312563041392968
23678,0.491088692687499,0.126275619294957,0.0622787387441952,0.320356949273349
23679,0.383962033872312,0.122763744654322,0.360562401633777,0.132711819839588
23680,0.10051936238803,0.168427096269386,0.549014081398519,0.182039459944066
23681,0.117120039347326,0.13317363126111,0.638758585504853,0.110947743886712
23682,0.091786287643695,0.266982163868153,0.466972981691739,0.174258566796414
23683,0.352106681939611,0.126162333254456,0.176170286809314,0.345560697996619
23684,0.131863517971918,0.547210082692108,0.102150158540301,0.218776240795672
23685,0.378932616530671,0.237052588954059,0.278335663591882,0.105679130923388
23686,0.110975574212735,0.0653796808642281,0.506372595037455,0.317272149885582
23687,0.153526814001702,0.131196997045603,0.267044693627413,0.448231495325282
23688,0.29095925617693,0.0910392261619541,0.0638825313872054,0.55411898627391
23689,0.149317721441656,0.154951916686059,0.493980791539325,0.201749570332961
23690,0.329293014167501,0.276717077360014,0.0367633301452241,0.357226578327261
23691,0.10382888311405,0.133395882619151,0.538710360983138,0.22406487328366
23692,0.0637822995079682,0.364385361467435,0.126745491361675,0.445086847662922
23693,0.0738435016993276,0.234833121543004,0.429339072448798,0.261984304308871
23694,0.096856299932377,0.314912868538169,0.335912955873246,0.252317875656208
23695,0.0832819051206111,0.468417677995798,0.257744839581719,0.190555577301873
23696,0.459415901004116,0.373173633257566,0.0718603158808837,0.0955501498574343
23697,0.354334416522225,0.106434799428198,0.356105706419598,0.183125077629979
23698,0.211556921811957,0.29695564027228,0.257032790626946,0.234454647288816
23699,0.130292199490875,0.595669315893523,0.10679578329461,0.167242701320991
23700,0.379216781686227,0.0439377256715744,0.452833381795556,0.124012110846642
23701,0.0688181888507435,0.503864120411239,0.224901972032025,0.202415718705992
23702,0.0997968077011886,0.211744484368895,0.567012847692648,0.121445860237268
23703,0.125951007761313,0.595018177389671,0.125069145991829,0.153961668857186
23704,0.213271271127804,0.141708159828271,0.353924315400688,0.291096253643237
23705,0.137691013253523,0.491752276103658,0.158102311254203,0.212454399388617
23706,0.443384454575382,0.12487297123858,0.268954025440276,0.162788548745762
23707,0.191108541588495,0.616275952354658,0.0620616884092375,0.130553817647609
23708,0.161972877526924,0.526806560893186,0.121810101364862,0.189410460215028
23709,0.173449602216576,0.290862186748782,0.0882710604343225,0.44741715060032
23710,0.514392323203363,0.134532713258597,0.0816271768008091,0.26944778673723
23711,0.0488158107435348,0.668268106005281,0.165024240398601,0.117891842852583
23712,0.139781385682565,0.102327804309319,0.437388575452859,0.320502234555257
23713,0.148879938057064,0.30036026978231,0.337427503510992,0.213332288649634
23714,0.237619159806217,0.215528703462362,0.404521022445446,0.142331114285975
23715,0.362311828391619,0.139872583079918,0.319537400173984,0.178278188354479
23716,0.345782033937007,0.240852289447477,0.213033378146729,0.200332298468786
23717,0.274341708370252,0.474463092154567,0.0959081372241056,0.155287062251075
23718,0.223459010458117,0.188403270475971,0.356326841590245,0.231810877475667
23719,0.333984983623421,0.358102231107281,0.0934498709667054,0.214462914302593
23720,0.172345376682026,0.148854478544549,0.500783678983871,0.178016465789554
23721,0.531761738075852,0.18742633082912,0.188090113697462,0.0927218173975652
23722,0.109927033735634,0.284161622761087,0.359688678841144,0.246222664662135
23723,0.161888363118196,0.403047470655931,0.264141459556436,0.170922706669437
23724,0.257458482697759,0.408345416008843,0.0941362445450081,0.24005985674839
23725,0.281851934457504,0.101416207714142,0.510107319653324,0.10662453817503
23726,0.293389630969635,0.347186700511046,0.198887119571499,0.16053654894782
23727,0.221347307394956,0.172443706277049,0.306298237432888,0.299910748895107
23728,0.187514419036971,0.279239165167265,0.15371264484808,0.379533770947684
23729,0.155093267364327,0.590429676630186,0.13733361804113,0.117143437964358
23730,0.214998241369498,0.349833851559174,0.193014687955574,0.242153219115753
23731,0.131702500928902,0.262681691449379,0.221384620471136,0.384231187150584
23732,0.476421294308037,0.2213142242575,0.128912411854055,0.173352069580407
23733,0.50163788893082,0.157004562890018,0.112871188191394,0.228486359987768
23734,0.0835519411221794,0.0703321074226082,0.590256298390715,0.255859653064498
23735,0.498749681389028,0.0918371795821923,0.216073351478494,0.193339787550286
23736,0.122739818734929,0.165230222841068,0.394585946772604,0.317444011651399
23737,0.115844962225836,0.547848258358344,0.22294825605098,0.113358523364839
23738,0.410333734858127,0.180384832619986,0.137852187296723,0.271429245225163
23739,0.232306531005544,0.126167182004422,0.108890697010499,0.532635589979535
23740,0.11595080946277,0.0619702091312031,0.752551471473099,0.0695275099329284
23741,0.0760010010446363,0.144748684975897,0.506867892811074,0.272382421168392
23742,0.155967054336785,0.330482597568481,0.114572986715187,0.398977361379546
23743,0.0897238458445397,0.75757341180883,0.0696707678335711,0.0830319745130588
23744,0.0352818293379323,0.701031410656879,0.182250902597026,0.0814358574081625
23745,0.569082942903889,0.112250497130033,0.0964493186649753,0.222217241301103
23746,0.430755781435736,0.315589064896059,0.0663834132045818,0.187271740463624
23747,0.0974736915269648,0.243173616984093,0.495592906499519,0.163759784989423
23748,0.256677138293448,0.44835312195466,0.0987276095151049,0.196242130236787
23749,0.604927658015827,0.2256780708602,0.0573079972286418,0.112086273895331
23750,0.213750590931511,0.183223985590989,0.428867551895119,0.174157871582381
23751,0.301168908333439,0.182676673088071,0.371088615031952,0.145065803546539
23752,0.274477733068101,0.302363353690818,0.197890678574851,0.22526823466623
23753,0.259956667321709,0.183199689139803,0.185287005893813,0.371556637644675
23754,0.298195790042689,0.271291686903668,0.207945027165511,0.222567495888131
23755,0.36076720883126,0.272295398125788,0.243542052050689,0.123395340992263
23756,0.155604999742702,0.336582457256451,0.201722755574078,0.306089787426769
23757,0.300686600606227,0.413119851277577,0.142960329904003,0.143233218212192
23758,0.438465923864107,0.181988234118967,0.0947822943741187,0.284763547642808
23759,0.138277448785563,0.378793275977166,0.301940905194837,0.180988370042435
23760,0.220664539476886,0.0985862018107686,0.567092663510866,0.113656595201479
23761,0.236964892286538,0.162549651382381,0.370434770706414,0.230050685624666
23762,0.200599372803752,0.322719078509947,0.238093745744617,0.238587802941685
23763,0.450121431171244,0.253422715734428,0.107151938018448,0.18930391507588
23764,0.491227617196737,0.0874401722497566,0.18593090345891,0.235401307094596
23765,0.0611762534193285,0.0734169309675703,0.528526314611101,0.336880501002
23766,0.0578973847772822,0.0717846030258164,0.805898203861361,0.0644198083355405
23767,0.361754527020962,0.253747703580658,0.190818388906153,0.193679380492227
23768,0.0699514049075806,0.0637462653022265,0.279345176932534,0.586957152857659
23769,0.127176536373716,0.138126191911035,0.435198057250636,0.299499214464613
23770,0.199805206335014,0.119098805950198,0.564631900708017,0.11646408700677
23771,0.0921648188721984,0.55660623744936,0.108242618665916,0.242986325012526
23772,0.0761683491997782,0.289489212627588,0.113471157585798,0.520871280586836
23773,0.101417352512389,0.300916801441666,0.488344069497424,0.109321776548521
23774,0.143450497578396,0.376165317453287,0.138993907290647,0.341390277677669
23775,0.464773752870602,0.235248297426008,0.100338945662316,0.199639004041075
23776,0.273731050688168,0.0884567946310585,0.337897218798448,0.299914935882326
23777,0.229434401518462,0.395918881750593,0.255265591985418,0.119381124745527
23778,0.0817552291387094,0.549029108068996,0.0680400945840699,0.301175568208225
23779,0.478979683371472,0.298393928775047,0.126622632578801,0.0960037552746796
23780,0.398944493041032,0.39399047931902,0.0700390979974515,0.137025929642497
23781,0.59006881856583,0.15972770398195,0.0827397228475416,0.167463754604678
23782,0.160448558193661,0.301184469279827,0.306374847999473,0.23199212452704
23783,0.38175261515793,0.0347047927718588,0.330347442772376,0.253195149297835
23784,0.126761887766452,0.0620138918691287,0.54761875654931,0.263605463815109
23785,0.656985132206644,0.158151043518046,0.0379407183795079,0.146923105895803
23786,0.296449515756277,0.321072835273365,0.0923737244656262,0.290103924504732
23787,0.571330367550467,0.164100164550887,0.126990810332282,0.137578657566364
23788,0.108146715631778,0.589323521071262,0.109083067830553,0.193446695466408
23789,0.716228106767081,0.0806831887553492,0.0539579945467131,0.149130709930857
23790,0.0401914396471283,0.164683120834685,0.588548547197656,0.206576892320531
23791,0.190295231416706,0.0845746715377905,0.571934586479119,0.153195510566384
23792,0.150033988976238,0.67417708551303,0.073472697169899,0.102316228340833
23793,0.21890097820519,0.116559461067421,0.271076812124501,0.393462748602887
23794,0.321216975439484,0.139577032131641,0.172447537262932,0.366758455165944
23795,0.357063468267898,0.248293306741948,0.0671752459195049,0.327467979070649
23796,0.171802954093418,0.261031914164161,0.138488822158914,0.428676309583507
23797,0.454410900869246,0.170452140422987,0.253681292243561,0.121455666464207
23798,0.306970367233249,0.0397379409839902,0.2254607978366,0.427830893946161
23799,0.606009412646614,0.061467934615348,0.0770085383144066,0.255514114423631
23800,0.157524533682403,0.687187612661909,0.0492189622469416,0.106068891408747
23801,0.0399619567027315,0.109449587883311,0.733474392652019,0.117114062761938
23802,0.0689899768247768,0.708842708393569,0.0821816726006053,0.139985642181049
23803,0.354913372146534,0.166442425811736,0.060161945825516,0.418482256216214
23804,0.330420997237733,0.0702084564158283,0.258504575795988,0.340865970550451
23805,0.264334064196073,0.0551139818667273,0.511554527288808,0.168997426648392
23806,0.0830621051165007,0.42137716017324,0.124890207746833,0.370670526963426
23807,0.497964386969348,0.0955065209145217,0.0761586172081469,0.330370474907983
23808,0.221421449140121,0.493664531556127,0.144766060889619,0.140147958414132
23809,0.315553498901406,0.365659237846151,0.184787707076547,0.133999556175896
23810,0.140845559208128,0.60883974974829,0.157804325967385,0.0925103650761965
23811,0.463355581020954,0.218079164258539,0.207713396444129,0.110851858276379
23812,0.310097484727233,0.252608188025981,0.302903588996346,0.134390738250439
23813,0.519635256923449,0.240859195617924,0.0903750325778175,0.14913051488081
23814,0.306815601281111,0.311282995831897,0.230548235885028,0.151353167001965
23815,0.110529105401666,0.104429348415594,0.443339254683101,0.341702291499639
23816,0.396668032530202,0.324124173929262,0.139463557899216,0.13974423564132
23817,0.27188400910666,0.156470993305833,0.374722949228661,0.196922048358846
23818,0.165064492016254,0.192089975763507,0.379039537806128,0.26380599441411
23819,0.140162921980764,0.550194432520782,0.16684601471703,0.142796630781424
23820,0.264182947232764,0.165427538290308,0.389475601598681,0.180913912878247
23821,0.070667737648297,0.22074010108067,0.199751828441684,0.508840332829348
23822,0.17553788348993,0.3707247516903,0.100721519795301,0.353015845024469
23823,0.0899298839186921,0.12053432303661,0.460037266260316,0.329498526784383
23824,0.15891393991814,0.551663658367042,0.12647876540994,0.162943636304878
23825,0.474717982911451,0.137951342880393,0.219659823157769,0.167670851050387
23826,0.0798010191389492,0.565981402606821,0.113393720527846,0.240823857726384
23827,0.405490098576597,0.267354137060049,0.14557314552655,0.181582618836803
23828,0.0788658870761474,0.256039827034247,0.461205654784177,0.203888631105428
23829,0.290042851824123,0.234022645656026,0.167745437132631,0.308189065387219
23830,0.103036447670537,0.616202483686392,0.119627325193477,0.161133743449595
23831,0.192790249447473,0.26802580602437,0.391593762069245,0.147590182458912
23832,0.156101967877004,0.198926026094467,0.463832527644977,0.181139478383553
23833,0.315789593103438,0.128715142911119,0.376680275221703,0.17881498876374
23834,0.551127903004087,0.121394578091003,0.228092301756628,0.0993852171482827
23835,0.199628026483685,0.35884755999363,0.234401602860787,0.207122810661898
23836,0.378663470078075,0.0939689801049626,0.194915957524414,0.332451592292549
23837,0.0504692132703463,0.104822755279967,0.27104594640485,0.573662085044836
23838,0.646485784803903,0.123967094506185,0.101249769803471,0.128297350886441
23839,0.662578947137354,0.114560360374379,0.131156714549766,0.0917039779385002
23840,0.245858870174658,0.0637244697896198,0.589260474860585,0.101156185175137
23841,0.448437008239182,0.129205025364175,0.211631648028272,0.210726318368372
23842,0.59066536744364,0.0816408821580072,0.108143594143429,0.219550156254924
23843,0.356932002004434,0.11297561229802,0.298859116362167,0.231233269335379
23844,0.557103777271848,0.106515231805378,0.0913481123516279,0.245032878571146
23845,0.0935785066709384,0.0705198325311373,0.31045869601273,0.525442964785194
23846,0.51811377755468,0.312953756537694,0.129236242343466,0.0396962235641601
23847,0.251660924957889,0.453755321375575,0.238606509320513,0.0559772443460229
23848,0.0942125221468804,0.236194065736561,0.571877726192595,0.097715685923964
23849,0.314461583776189,0.274266280552365,0.300953617444208,0.110318518227238
23850,0.138908656554756,0.242522298486291,0.534853043574873,0.0837160013840808
23851,0.436073061771002,0.226635328372964,0.293764770242656,0.043526839613378
23852,0.332145533257182,0.345954863732632,0.20679604555789,0.115103557452297
23853,0.18295774786491,0.357505257283411,0.401126366285847,0.0584106285658316
23854,0.389833014824929,0.301079316295818,0.241322840454608,0.0677648284246454
23855,0.338316988294025,0.320065157834089,0.159259340787802,0.182358513084083
23856,0.262034050836039,0.447435905390193,0.162798807759907,0.12773123601386
23857,0.469698417672482,0.375752380365491,0.102075037083951,0.0524741648780764
23858,0.464180660480476,0.132648037027768,0.294795201806322,0.108376100685435
23859,0.615997652855191,0.125328911427219,0.177434295524721,0.0812391401928683
23860,0.229631790951049,0.369067964600854,0.268226107466575,0.133074136981522
23861,0.192841412808758,0.130858270227748,0.613773056990257,0.0625272599732375
23862,0.183459135897513,0.194343907120741,0.56191353797331,0.0602834190084365
23863,0.392194432817322,0.142332727783998,0.364600971349513,0.100871868049168
23864,0.270772314472869,0.513377612876155,0.0855933601755597,0.130256712475417
23865,0.0798015881693427,0.213383529342749,0.396519436681514,0.310295445806394
23866,0.304387049834356,0.307211991887085,0.146459252395722,0.241941705882836
23867,0.0522410359010717,0.294699759183683,0.126059151698194,0.527000053217051
23868,0.0431234163009865,0.130467991929951,0.515024179062401,0.311384412706661
23869,0.281304955264864,0.0774924842967802,0.182991979608063,0.458210580830293
23870,0.169190999477756,0.0748750828670542,0.605649190900613,0.150284726754578
23871,0.0461542995907433,0.169039816495359,0.560228947660958,0.22457693625294
23872,0.0294947791886478,0.169145972918549,0.609262322697422,0.192096925195381
23873,0.130830032868731,0.290475052207375,0.366822252545469,0.211872662378426
23874,0.52379407686814,0.251414888897533,0.0766498893238102,0.148141144910518
23875,0.0316197271576772,0.626633462776736,0.245941283977824,0.0958055260877621
23876,0.237868192909518,0.269855242073262,0.102284596826736,0.389991968190484
23877,0.265560096717591,0.199237669857628,0.0376385029448082,0.497563730479972
23878,0.169823751287406,0.294203196592113,0.096925154849991,0.43904789727049
23879,0.104044507536374,0.56270376347489,0.17323504011324,0.160016688875496
23880,0.540044201020934,0.192284672611715,0.0579902563365442,0.209680870030806
23881,0.631386493298711,0.0557475021442215,0.19164609817281,0.121219906384257
23882,0.0830177379802998,0.698002464600233,0.039998143524273,0.178981653895194
23883,0.26091626229333,0.072632920784056,0.452510747328547,0.213940069594068
23884,0.212941398375071,0.449213511433958,0.269186809075125,0.0686582811158461
23885,0.352202953511315,0.329024763703721,0.0577766273036949,0.260995655481268
23886,0.279819413654143,0.183610437210833,0.284898687494923,0.251671461640102
23887,0.334666130290868,0.245665786489188,0.179657605602338,0.240010477617607
23888,0.293053667167904,0.301396861368438,0.31691768089448,0.088631790569178
23889,0.614675691187291,0.221638023351326,0.0831512878261735,0.0805349976352095
23890,0.163233144445289,0.652929253865551,0.0574060159507045,0.126431585738455
23891,0.534715855347948,0.0796750699133572,0.139334908802815,0.24627416593588
23892,0.0909012929651969,0.469630748736608,0.183011754255924,0.256456204042272
23893,0.171465172162235,0.486278956706793,0.0522436285212873,0.290012242609685
23894,0.150030666880064,0.427381296664914,0.188605404593949,0.233982631861073
23895,0.116169229713587,0.253751672467582,0.534010598018277,0.0960684998005534
23896,0.111003192387834,0.234563123953712,0.439608899875535,0.214824783782919
23897,0.154220058777699,0.402740192698697,0.0914434153071109,0.351596333216493
23898,0.136720738853753,0.615476097979277,0.102324268414641,0.145478894752329
23899,0.249346723732818,0.209757786198343,0.166464254182827,0.374431235886011
23900,0.0981374294578701,0.395176163923969,0.115148061731724,0.391538344886437
23901,0.218042428295515,0.496408542789233,0.113920661827956,0.171628367087295
23902,0.0768392220458486,0.477741891544992,0.275249874142083,0.170169012267076
23903,0.368858792568338,0.211192756045317,0.157283727570506,0.262664723815838
23904,0.147210753011232,0.363346829865041,0.294531037321656,0.194911379802071
23905,0.608834011836611,0.064365418014559,0.224389698914989,0.102410871233842
23906,0.72940194030619,0.044744324007703,0.0855193951098393,0.140334340576268
23907,0.257978819201997,0.223108439185823,0.234657795577309,0.284254946034871
23908,0.233285220669715,0.366199704314274,0.113070591341917,0.287444483674093
23909,0.305102996153349,0.125913313923292,0.0842948574195085,0.484688832503851
23910,0.0963469387170833,0.253047568329175,0.468524368583965,0.182081124369776
23911,0.278152492702841,0.0480987147819267,0.155751537250848,0.517997255264384
23912,0.203793504618153,0.157591214261486,0.367424068776814,0.271191212343546
23913,0.104375118361723,0.156512585896301,0.511103827659029,0.228008468082947
23914,0.0317444290427545,0.720576456964712,0.0502929953578,0.197386118634733
23915,0.719661445360371,0.122255421026205,0.0484312439839561,0.109651889629468
23916,0.0723779582515448,0.165169950516792,0.640261500170292,0.122190591061371
23917,0.129808423367567,0.496384011226122,0.121791520198539,0.252016045207772
23918,0.44286068290198,0.0934097272613106,0.109262155242454,0.354467434594256
23919,0.231659191698637,0.375497966605779,0.0385093191188313,0.354333522576752
23920,0.170167909798635,0.243379986366312,0.341364915088019,0.245087188747035
23921,0.157242047903873,0.130901979738891,0.587463107442555,0.124392864914681
23922,0.163728385228069,0.27191099328708,0.464630965104955,0.0997296563798956
23923,0.478158382430525,0.323373973233132,0.122353904182614,0.0761137401537289
23924,0.175960522498901,0.659027888979829,0.100603978282935,0.0644076102383347
23925,0.259918643779683,0.320812011736768,0.161127595630206,0.258141748853343
23926,0.324539935855421,0.457926043386497,0.146570402446811,0.0709636183112715
23927,0.26925662933803,0.204794058666995,0.330407577370844,0.195541734624131
23928,0.0957974180836506,0.31699214796082,0.407430882644958,0.179779551310571
23929,0.0836462284395652,0.517035404870171,0.170071484106866,0.229246882583398
23930,0.137355144982775,0.324474631959239,0.243163324394818,0.295006898663167
23931,0.184132322748119,0.575140026995241,0.173574866455972,0.0671527838006675
23932,0.353855589135818,0.382612989574949,0.0900086381033213,0.173522783185912
23933,0.0888096039748285,0.598471704571422,0.225748910104943,0.0869697813488069
23934,0.0707181253664694,0.628641111567401,0.22476521365984,0.07587554940629
23935,0.335492163272778,0.202411995704204,0.224291609194176,0.237804231828841
23936,0.494420062935144,0.129250569244057,0.182064945491483,0.194264422329317
23937,0.114542656738388,0.231032800117805,0.482508475292013,0.171916067851794
23938,0.507631791809814,0.174074773138558,0.0685706029205689,0.24972283213106
23939,0.329125233363219,0.175095284161036,0.348290728547665,0.14748875392808
23940,0.312489339192912,0.0886993446267977,0.242141566264671,0.356669749915619
23941,0.237399120894573,0.24416801428922,0.433084936004522,0.0853479288116856
23942,0.445827013407542,0.173353620388548,0.32515817311549,0.0556611930884208
23943,0.16937761866864,0.396047144589746,0.339867623713454,0.0947076130281589
23944,0.34543011420812,0.250040236702728,0.343833353914463,0.0606962951746885
23945,0.130020887149688,0.188014876490853,0.563656259636514,0.118307976722944
23946,0.204122301028087,0.575145859931887,0.170977085924161,0.0497547531158646
23947,0.295335918265671,0.364198990149697,0.237905835375389,0.102559256209243
23948,0.213961326302983,0.192007837272351,0.491664316862765,0.1023665195619
23949,0.260903641915111,0.356243187556882,0.182908154788073,0.199945015739934
23950,0.11520565370685,0.598354728504141,0.234179350828195,0.0522602669608144
23951,0.329628338367891,0.224837756404343,0.351655481893701,0.0938784233340655
23952,0.26929048179748,0.330458360095272,0.278215348612585,0.122035809494663
23953,0.544269801264524,0.174992835728469,0.177679362895993,0.103058000111014
23954,0.341873667429427,0.257977144134624,0.331856939786058,0.0682922486498901
23955,0.182445389560697,0.359162992073223,0.257327899690135,0.201063718675946
23956,0.237615594215689,0.323999467434569,0.34700792088013,0.0913770174696122
23957,0.127706223693999,0.567729925609343,0.139993658373973,0.164570192322686
23958,0.176882330401837,0.548204788661252,0.144091730936011,0.1308211500009
23959,0.339421732589399,0.291635922145945,0.216590837716772,0.152351507547884
23960,0.231283129517229,0.162177229073461,0.340923099908251,0.265616541501058
23961,0.676582718499446,0.205408945722626,0.0339516672722962,0.084056668505632
23962,0.0864897087295672,0.512564670044732,0.223089727770075,0.177855893455626
23963,0.256247941262172,0.404666437211899,0.105301292985935,0.233784328539994
23964,0.0593178342527949,0.566146830271342,0.253652327341421,0.120883008134442
23965,0.241253146163535,0.155717944859285,0.450171173138675,0.152857735838505
23966,0.155491297422857,0.0802341170963393,0.526872514906286,0.237402070574518
23967,0.544921699233988,0.146612546880982,0.102324608306016,0.206141145579014
23968,0.362302178995872,0.252332076212785,0.197666216404133,0.187699528387209
23969,0.561211877665489,0.0741732581875376,0.102709962245467,0.261904901901507
23970,0.778416247372131,0.0637898966710409,0.0718306532334929,0.0859632027233356
23971,0.0986152228155587,0.236338333128338,0.532629793366774,0.13241665068933
23972,0.483795557223786,0.130574022260779,0.25411621715774,0.131514203357695
23973,0.361499079583932,0.338514518712668,0.124604075169715,0.175382326533685
23974,0.0629822770481961,0.107934471022554,0.675022165739839,0.154061086189411
23975,0.22504217843664,0.666742537107437,0.0353515078557907,0.0728637766001327
23976,0.178396384941359,0.377781923049221,0.247533101930933,0.196288590078488
23977,0.0645734141375039,0.279849202789544,0.533167475340928,0.122409907732024
23978,0.117027469697987,0.0743230040855273,0.0985694582642356,0.71008006795225
23979,0.40168151236335,0.166583042940706,0.106614187760556,0.325121256935388
23980,0.116773735801348,0.589085533026777,0.114882114118559,0.179258617053317
23981,0.120430004326673,0.260804622248386,0.493624903390865,0.125140470034077
23982,0.208696353661195,0.0882951055737137,0.56946353471175,0.133545006053341
23983,0.245831097126442,0.264872062135613,0.211006875123427,0.278289965614518
23984,0.250289181747153,0.411796975508607,0.121511164643425,0.216402678100815
23985,0.213628546665445,0.147730504258642,0.135222666294737,0.503418282781176
23986,0.390418511629451,0.37063407063811,0.109691469231664,0.129255948500775
23987,0.278905699723602,0.378331267163012,0.105399238721459,0.237363794391926
23988,0.304217659153095,0.314057636600751,0.28158973905171,0.100134965194444
23989,0.114624704525555,0.18367344914287,0.528036861969927,0.173664984361647
23990,0.155428794663357,0.505690732848295,0.154812230940193,0.184068241548156
23991,0.0464214192287032,0.14919827778044,0.355963772964534,0.448416530026323
23992,0.114302124415236,0.534036410899045,0.185163673851383,0.166497790834335
23993,0.11435055063292,0.192270179672577,0.513721949528559,0.179657320165944
23994,0.0914340935405468,0.37084481623137,0.206578929893157,0.331142160334927
23995,0.042360028666322,0.227923772309698,0.467827571240876,0.261888627783104
23996,0.061776225284926,0.145910513801971,0.688861680059759,0.103451580853344
23997,0.253097375984979,0.218153438731433,0.31709728665592,0.211651898627669
23998,0.186326011114047,0.262146695848351,0.300181781676752,0.25134551136085
23999,0.447307003224901,0.240429725615961,0.149749180694582,0.162514090464557
24000,0.272724154537481,0.479751639675859,0.0988024397989647,0.148721765987695
24001,0.5482628703284,0.304561564963944,0.0768669388373057,0.0703086258703502
24002,0.303210133721569,0.448150744901741,0.0704381350852418,0.178200986291449
24003,0.22227421526262,0.565767229756618,0.0478040938082412,0.164154461172521
24004,0.166095620753869,0.115882213111697,0.48751626360768,0.230505902526754
24005,0.12580005529753,0.673902379219205,0.0910743608162773,0.109223204666987
24006,0.147155967088432,0.232767807936929,0.519865184138924,0.100211040835714
24007,0.185074684383719,0.378236139515651,0.123732722708355,0.312956453392275
24008,0.0669374318950504,0.744908093810049,0.0800908522555712,0.108063622039329
24009,0.450974546520904,0.0665818610262248,0.225491166574567,0.256952425878305
24010,0.704961636296095,0.0990646472252305,0.120829382211969,0.0751443342667047
24011,0.0523099569548054,0.797538314800799,0.0608621320967655,0.0892895961476305
24012,0.0848742287838117,0.116097778756358,0.600206741966476,0.198821250493354
24013,0.0593764766864536,0.0973746366634447,0.611050370357894,0.232198516292207
24014,0.132733563893913,0.0980758561310478,0.667504229031393,0.101686350943647
24015,0.0470019911638585,0.559519323898685,0.190850584785079,0.202628100152377
24016,0.184811435039918,0.510254514787579,0.0549780334563693,0.249956016716134
24017,0.469371738802932,0.223679528053963,0.213614613904639,0.0933341192384657
24018,0.41829322689266,0.178293210780788,0.0993909424772969,0.304022619849254
24019,0.160209196346004,0.357768159143989,0.306782100936353,0.175240543573653
24020,0.0702239500293073,0.552476319573887,0.187217969747493,0.190081760649313
24021,0.0864254017420548,0.100790693600112,0.67291490324577,0.139869001412063
24022,0.401932027867203,0.274040352820459,0.0836757411133766,0.240351878198962
24023,0.163683037811488,0.433982278570318,0.178294573311848,0.224040110306347
24024,0.235423445525029,0.516385349857277,0.0652119131825492,0.182979291435145
24025,0.581226439783352,0.133439871384381,0.143210590867413,0.142123097964855
24026,0.120353775589603,0.659170214694678,0.0948019409685302,0.125674068747189
24027,0.135643318303216,0.065659334507249,0.35017477534497,0.448522571844564
24028,0.284204401449985,0.451216084687532,0.0363310446735104,0.228248469188973
24029,0.0960128281958104,0.0692952639523173,0.194927567812225,0.639764340039647
24030,0.0680893307314243,0.522135098609525,0.198347720376361,0.21142785028269
24031,0.0381274363737325,0.309678224262998,0.256829454376568,0.395364884986702
24032,0.126920808778335,0.109661831839505,0.202028006187805,0.561389353194355
24033,0.724055631908309,0.0581768857161946,0.0840107103717924,0.133756772003704
24034,0.22443473775119,0.114057284262917,0.0446079714798401,0.616900006506052
24035,0.0446321625966441,0.466531326169425,0.110195004298767,0.378641506935164
24036,0.33291754641558,0.181803676821761,0.427637455044029,0.0576413217186299
24037,0.207661238445951,0.529906080166161,0.190628576228411,0.0718041051594772
24038,0.234339005430533,0.178009803498305,0.452967341774873,0.134683849296289
24039,0.385489869940654,0.424285294283878,0.0874797467979264,0.102745088977542
24040,0.177132490771064,0.259186705501385,0.485788667194706,0.077892136532845
24041,0.311882376960199,0.400441868911142,0.14293251697461,0.14474323715405
24042,0.0985654635997631,0.380539499076238,0.399188319864852,0.121706717459147
24043,0.323328048385187,0.331348696963651,0.186424637543778,0.158898617107384
24044,0.275189148490729,0.417695568224867,0.199432316020052,0.107682967264352
24045,0.42677209852319,0.144972889837315,0.285257529508006,0.142997482131489
24046,0.133960414059855,0.47198669301395,0.310748591169378,0.0833043017568169
24047,0.336830316461406,0.069647840725888,0.51800214417844,0.0755196986342664
24048,0.187225347552467,0.303867255701491,0.419857651744899,0.0890497450011437
24049,0.490341019770529,0.205853049380074,0.208463398457113,0.0953425323922844
24050,0.157661284637455,0.143597053158943,0.419703222158451,0.27903844004515
24051,0.131779091570314,0.537905624761444,0.130279677039549,0.200035606628693
24052,0.704233929601547,0.0960718680013882,0.13644476325094,0.0632494391461249
24053,0.427349943639994,0.0959109721613914,0.346345974936188,0.130393109262427
24054,0.449268949129377,0.187399181040548,0.137245379003251,0.226086490826825
24055,0.291254454593588,0.329196567133811,0.218746718049123,0.160802260223477
24056,0.316791675126115,0.381131593357204,0.169850716474033,0.132226015042648
24057,0.204065729689275,0.196227585781999,0.291682174167427,0.308024510361298
24058,0.100985521102115,0.290131086082839,0.336075452585769,0.272807940229277
24059,0.263715104679603,0.45524520756578,0.0902200285819265,0.19081965917269
24060,0.402542324604759,0.228692744161349,0.127569384873395,0.241195546360497
24061,0.188214144549114,0.318788961970663,0.279660393219632,0.213336500260591
24062,0.303687645287503,0.22613729787551,0.27542425211341,0.194750804723577
24063,0.139695285327085,0.502205811694309,0.26204625498501,0.0960526479935952
24064,0.495984373365454,0.143444836917414,0.223046929399758,0.137523860317374
24065,0.189660719518064,0.232137921220926,0.447660838397672,0.130540520863338
24066,0.325072110207113,0.368998736843077,0.129221327017873,0.176707825931937
24067,0.219709756580967,0.36109916827094,0.176838426010843,0.24235264913725
24068,0.456423432385114,0.106407768842097,0.311996677660092,0.125172121112697
24069,0.306795706159747,0.11470499954352,0.174779150350041,0.403720143946692
24070,0.431714418935402,0.334392423666606,0.106953411145037,0.126939746252955
24071,0.107408293045078,0.10005497960086,0.36282371485783,0.429713012496232
24072,0.0739641203966737,0.344808512904652,0.116951571960559,0.464275794738115
24073,0.33494318398575,0.168791420137916,0.176906210484628,0.319359185391707
24074,0.469511649303978,0.134682290121753,0.153810997886403,0.241995062687867
24075,0.329484261599566,0.0824268177394196,0.274986671398419,0.313102249262595
24076,0.0957779956438353,0.504079225020875,0.151468753306554,0.248674026028736
24077,0.386389775198432,0.307858834532385,0.110060455508574,0.195690934760609
24078,0.355619513153188,0.252328581092997,0.0982795761435325,0.293772329610282
24079,0.35617695483219,0.232141138626244,0.0464780573048162,0.36520384923675
24080,0.493698595740306,0.134118536407894,0.0618895308552621,0.310293336996537
24081,0.120693028485356,0.125637754376085,0.184055770860892,0.569613446277667
24082,0.146230336414527,0.461648472031096,0.262920307194286,0.12920088436009
24083,0.272089904214073,0.276498636995689,0.030087503660743,0.421323955129496
24084,0.479987957735773,0.252878547859512,0.0656702880215377,0.201463206383177
24085,0.341465956384931,0.0589712954099894,0.0309192351260411,0.568643513079039
24086,0.225469893536191,0.190981476778783,0.221053569243823,0.362495060441203
24087,0.209877037640592,0.299591442049876,0.124382963537765,0.366148556771767
24088,0.0433032613790696,0.0414611543853183,0.655421424872727,0.259814159362885
24089,0.280944719405758,0.412355087697843,0.0602297921593995,0.246470400737
24090,0.057262261784633,0.0453076828164193,0.273920822447385,0.623509232951563
24091,0.130047320490036,0.137918673709461,0.528442688271675,0.203591317528828
24092,0.408064515878846,0.039368303080264,0.0691008801749178,0.483466300865972
24093,0.352609765012469,0.286999614118075,0.216885787052202,0.143504833817254
24094,0.122590096605895,0.659797583897473,0.161343097094791,0.0562692224018408
24095,0.276040474269205,0.0928315051789119,0.482005096072164,0.149122924479719
24096,0.189704390894625,0.488721057173937,0.122872671911119,0.198701880020319
24097,0.114546572267682,0.195330657870871,0.56246069292847,0.127662076932977
24098,0.59973448506988,0.143700138562368,0.134774648161834,0.121790728205918
24099,0.217098646660852,0.396636028567389,0.186889173416431,0.199376151355327
24100,0.43426234161031,0.356920476968866,0.0796525358144768,0.129164645606347
24101,0.16834471001671,0.368949907540657,0.163004750821853,0.29970063162078
24102,0.260379726528047,0.171578519360726,0.404642043425106,0.163399710686121
24103,0.142889830463372,0.465007044341166,0.264828892420296,0.127274232775166
24104,0.526957164481031,0.088640071676689,0.206134752221494,0.178268011620785
24105,0.531905715736129,0.119177593489895,0.188914277021028,0.160002413752948
24106,0.0615515843082832,0.706430295338412,0.14272518520955,0.089292935143755
24107,0.218818647199532,0.0940706818767025,0.354518359783857,0.332592311139909
24108,0.185821654453231,0.0820658239317055,0.54673601868679,0.185376502928274
24109,0.398734689347136,0.258208847258179,0.0985094249272241,0.24454703846746
24110,0.334015659968438,0.208757827363278,0.199514166131404,0.25771234653688
24111,0.107399573554035,0.278045179169584,0.0744132358279118,0.54014201144847
24112,0.281147219387448,0.114689770693083,0.151010712873312,0.453152297046157
24113,0.111056197635757,0.585889285567745,0.200783673344028,0.10227084345247
24114,0.159094157991019,0.129693044231509,0.367779320171235,0.343433477606237
24115,0.0577089636023985,0.593124432981622,0.244307132047359,0.10485947136862
24116,0.201294941115275,0.0887179512328239,0.582235535591388,0.127751572060513
24117,0.473137295449741,0.244101080008141,0.0914051522165455,0.191356472325573
24118,0.134946656746783,0.236372288267188,0.438169523757786,0.190511531228243
24119,0.169256842953422,0.630160998802492,0.0701119683677368,0.130470189876348
24120,0.107195984745717,0.627417050521356,0.10895509122169,0.156431873511236
24121,0.642012148132705,0.106570605894484,0.127075475759202,0.124341770213609
24122,0.0650897006365182,0.218860293018467,0.567087954193016,0.148962052151998
24123,0.121606684830061,0.120958896082566,0.147431089826939,0.610003329260433
24124,0.195761959513253,0.525074029678957,0.0831673381958582,0.195996672611931
24125,0.0765267948617239,0.0735294570909907,0.653805442767491,0.196138305279794
24126,0.0753480187367496,0.471441871012992,0.235712542024008,0.217497568226251
24127,0.306457913010119,0.304905783808142,0.166330281806262,0.222306021375477
24128,0.297712087032436,0.099482342414098,0.0384174691224418,0.564388101431024
24129,0.315359753778613,0.218811899204055,0.130365002357146,0.335463344660186
24130,0.294858573095028,0.259267726375792,0.0378767013421946,0.407996999186986
24131,0.16671866471127,0.345069307628102,0.361635543704641,0.126576483955987
24132,0.207003620177834,0.56811018801866,0.125910653942383,0.0989755378611227
24133,0.269477853937393,0.309991235589642,0.271284134814638,0.149246775658328
24134,0.392659025390873,0.324773501318305,0.208658283024588,0.0739091902662342
24135,0.227021291133931,0.201460343839917,0.434906355870725,0.136612009155427
24136,0.264352920193314,0.188635602918214,0.431604591504698,0.115406885383775
24137,0.181605912349468,0.67888366370565,0.080085409971319,0.0594250139735634
24138,0.508546179530099,0.228143039231727,0.121310909841226,0.141999871396948
24139,0.311962005996222,0.201209802759935,0.403482747620413,0.0833454436234298
24140,0.411859932657839,0.257931292153678,0.217428255672521,0.112780519515963
24141,0.192793841490059,0.461412540462297,0.171663935796787,0.174129682250856
24142,0.181589879514147,0.24675762208079,0.396752296008959,0.174900202396104
24143,0.231820186544072,0.39767672162122,0.276541915628698,0.0939611762060099
24144,0.314077507334731,0.346549641048781,0.119550324598534,0.219822527017954
24145,0.108296387523718,0.448730004337777,0.302504885688007,0.140468722450498
24146,0.0837726998223257,0.273457627547592,0.441789780672834,0.200979891957248
24147,0.291004908011743,0.381841854980473,0.188608911223987,0.138544325783798
24148,0.394535452584262,0.331674938568057,0.116949723939398,0.156839884908284
24149,0.128525878318939,0.261642419107568,0.504265064103259,0.105566638470233
24150,0.450366038715096,0.230363157082524,0.144831103495488,0.174439700706892
24151,0.207412467108117,0.371392735359423,0.275881784179941,0.145313013352519
24152,0.0668888310833124,0.566469241320584,0.228877405337122,0.137764522258982
24153,0.131214739581007,0.161844018096281,0.533836514840146,0.173104727482565
24154,0.178310970769726,0.155878831939707,0.545558139653051,0.120252057637516
24155,0.0787560962128277,0.224931225004478,0.54027649597305,0.156036182809644
24156,0.0601147905287519,0.286110958499258,0.470436998086575,0.183337252885415
24157,0.123386534145037,0.337203837971523,0.126565109535599,0.412844518347841
24158,0.613933955770149,0.131767890993354,0.162534869423295,0.0917632838132017
24159,0.1794191109319,0.231551198617106,0.280061458228101,0.308968232222893
24160,0.377285209386912,0.192745029158409,0.104942235149611,0.325027526305068
24161,0.166435228032996,0.570863728578292,0.161198903353601,0.101502140035111
24162,0.424483312859298,0.267871846360935,0.0529406745235579,0.25470416625621
24163,0.137809266068395,0.347726986291319,0.337036458149238,0.177427289491048
24164,0.205813642472167,0.499184055849111,0.206472553667371,0.0885297480113512
24165,0.0942054341756522,0.216104599165153,0.0980907705691469,0.591599196090047
24166,0.0694795998055741,0.20307305225129,0.319239081885771,0.408208266057365
24167,0.0482241935336162,0.493949739190721,0.340320761866083,0.11750530540958
24168,0.613948598880827,0.0433781719976412,0.127271901355568,0.215401327765963
24169,0.318077282245265,0.25507432104477,0.336774151826643,0.0900742448833217
24170,0.155854477679066,0.181640340423372,0.603287873685609,0.0592173082119531
24171,0.152340596404007,0.435192280823527,0.360902899692415,0.0515642230800505
24172,0.252312847765066,0.267284994145085,0.363951548991933,0.116450609097915
24173,0.189792212422741,0.492487272934559,0.197918271871017,0.119802242771683
24174,0.0995428165085364,0.722649006590272,0.129131186400932,0.0486769905002594
24175,0.304527703526686,0.371351861813893,0.212764090535275,0.111356344124146
24176,0.185269051863263,0.173490138433622,0.506284646781838,0.134956162921277
24177,0.478974789777099,0.314970074488482,0.138027549947902,0.0680275857865165
24178,0.420707637819094,0.163635935321927,0.224757846290598,0.190898580568381
24179,0.0917631361941097,0.523441879191192,0.34641635143206,0.0383786331826384
24180,0.414718879195624,0.114780788939842,0.250508157862303,0.219992174002231
24181,0.107947280708559,0.471220063963185,0.22000229872033,0.200830356607926
24182,0.146161865543088,0.295649906330934,0.486225445896937,0.0719627822290417
24183,0.435143686601162,0.322368933790052,0.180073890192968,0.062413489415818
24184,0.223265077566248,0.563644612863146,0.156320456087125,0.0567698534834819
24185,0.148694590927179,0.434055431122492,0.288041938925981,0.129208039024348
24186,0.103555524728412,0.458256602991776,0.257269562699557,0.180918309580254
24187,0.426383556405231,0.247386627890766,0.149315126463953,0.176914689240051
24188,0.203877453115403,0.363620336469592,0.360208975994619,0.0722932344203861
24189,0.136371061623514,0.333253398293708,0.429438962984308,0.10093657709847
24190,0.15006095617899,0.270112182430887,0.493516997294726,0.0863098640953981
24191,0.176816912981497,0.263122757066291,0.50456409260006,0.0554962373521517
24192,0.292784685286727,0.326970260547012,0.301192878172257,0.0790521759940034
24193,0.317649898502062,0.250464056401164,0.373079029503432,0.0588070155933417
24194,0.199664067952321,0.547886379496416,0.145926017816933,0.10652353473433
24195,0.398839039059272,0.166812460827771,0.334120644069819,0.100227856043137
24196,0.55288386921952,0.21616424973925,0.184742567679158,0.0462093133620718
24197,0.130816496320222,0.452969986173321,0.251557127407606,0.164656390098851
24198,0.497495769912805,0.208932962422413,0.241492252984505,0.0520790146802775
24199,0.266874203395443,0.385742253352751,0.249470967910067,0.0979125753417394
24200,0.396573534703409,0.186639369259195,0.276805590290021,0.139981505747375
24201,0.509933137454562,0.26411117864616,0.179876639389974,0.0460790445093037
24202,0.210612653298425,0.250623674917528,0.479609802644967,0.0591538691390802
24203,0.50332802045811,0.298331137527537,0.141002745811254,0.0573380962030988
24204,0.142347471487523,0.539502963333522,0.2338897808308,0.0842597843481559
24205,0.333789221792409,0.384153348737175,0.189784972760742,0.0922724567096734
24206,0.147636912371347,0.226986814597786,0.571441066228472,0.0539352068023952
24207,0.506410646608636,0.0996158297833901,0.197242853201083,0.196730670406891
24208,0.184526035409883,0.450621650032475,0.168356005750688,0.196496308806955
24209,0.130331267680476,0.30646046220486,0.371403722146765,0.191804547967899
24210,0.201594339699063,0.0961286518859694,0.32096538631094,0.381311622104028
24211,0.085023822976122,0.142157187849581,0.343071404393932,0.429747584780365
24212,0.369043996137196,0.0898175988642367,0.136634900396022,0.404503504602546
24213,0.0805248164029885,0.204821852174212,0.533941939195069,0.18071139222773
24214,0.183769617874504,0.0591447062131885,0.319327415283129,0.437758260629178
24215,0.125473767791194,0.130927767027782,0.500053575993956,0.243544889187068
24216,0.148957507091396,0.125371133552402,0.347961106822375,0.377710252533827
24217,0.170746440204742,0.417289862361636,0.0727562211702968,0.339207476263326
24218,0.134293538145632,0.0710714099120696,0.358167160605185,0.436467891337113
24219,0.290442043922777,0.0941544049367253,0.351300213595529,0.264103337544969
24220,0.228961119154737,0.238735220793386,0.134226282154289,0.398077377897588
24221,0.243818262530129,0.50810513594971,0.125403715994152,0.122672885526009
24222,0.591052521935347,0.149163551516538,0.124197448740042,0.135586477808073
24223,0.382737694137933,0.112216995501487,0.106074796757565,0.398970513603015
24224,0.114296483221714,0.0934398241978385,0.337491068856442,0.454772623724006
24225,0.254422136932628,0.282365667573492,0.132449399171841,0.330762796322039
24226,0.34540717154915,0.242458428721351,0.296417212433683,0.115717187295816
24227,0.305432336783557,0.294721758104468,0.300458361262001,0.0993875438499733
24228,0.300457019441358,0.379577054410985,0.191267321354684,0.128698604792973
24229,0.240771175577409,0.432207073576508,0.220884936610861,0.106136814235222
24230,0.154739402445014,0.50566906567394,0.177932911515889,0.161658620365156
24231,0.303447802670852,0.237627011448152,0.298401230157151,0.160523955723845
24232,0.246526605057998,0.37252710954789,0.272154253062828,0.108792032331283
24233,0.35877205508355,0.384107050950082,0.138931941696084,0.118188952270284
24234,0.358828285739014,0.263837223197526,0.297878217941431,0.0794562731220294
24235,0.462877494441226,0.253185611955892,0.197140310502373,0.0867965831005098
24236,0.187797661438845,0.198033821494525,0.527511961039615,0.0866565560270155
24237,0.516300497213625,0.0862741461242677,0.267966807956073,0.129458548706034
24238,0.0917972813524742,0.342077582240796,0.436759558608307,0.129365577798423
24239,0.206497812776994,0.383155856173123,0.250891434020088,0.159454897029795
24240,0.256547135047617,0.411012827025717,0.208891053349167,0.1235489845775
24241,0.0885926640849696,0.260073313685932,0.339061551250546,0.312272470978553
24242,0.310144126054008,0.250163341261153,0.328324365196556,0.111368167488283
24243,0.221515796931423,0.442629416350183,0.186784321120841,0.149070465597553
24244,0.330838787394751,0.235768224089146,0.315906067419128,0.117486921096975
24245,0.282641597710836,0.297464212122029,0.369399994516489,0.0504941956506457
24246,0.182281297803731,0.382612346320915,0.324191673939313,0.110914681936041
24247,0.21206620884505,0.33977446677105,0.380644060683861,0.0675152637000385
24248,0.390914945870411,0.112369464015558,0.313526730126456,0.183188859987575
24249,0.3154420664463,0.370703632995844,0.211337662502143,0.102516638055713
24250,0.230245234839055,0.391352149142921,0.16515157292966,0.213251043088365
24251,0.251669569621411,0.334249545222719,0.276542020139117,0.137538865016753
24252,0.212884923891928,0.447881453548294,0.17346341181585,0.165770210743928
24253,0.160296965821923,0.319320597872179,0.429302454713563,0.0910799815923353
24254,0.179366174466416,0.281701337826364,0.389303112303348,0.149629375403872
24255,0.0970556370196606,0.369614533621643,0.3713451679544,0.161984661404296
24256,0.245935850372326,0.311869904762912,0.237749378650599,0.204444866214164
24257,0.311830221839464,0.236584233452663,0.330126154584557,0.121459390123316
24258,0.295835860283481,0.483468071150274,0.0882364257312597,0.132459642834985
24259,0.225382525340113,0.292079588050982,0.250305828892102,0.232232057716804
24260,0.194348744691926,0.398413687676027,0.264319267565913,0.142918300066135
24261,0.452832655952597,0.117419668729387,0.190046199622072,0.239701475695943
24262,0.387826472770121,0.206486096227902,0.257183803597836,0.148503627404141
24263,0.316292185502575,0.241369021382329,0.278713813020733,0.163624980094363
24264,0.187132929073284,0.605611220811074,0.166336466888241,0.0409193832274008
24265,0.449353467557616,0.450747160653949,0.0680988383829145,0.0318005334055199
24266,0.164091043456028,0.226065262313175,0.513400185974495,0.0964435082563027
24267,0.357352921674542,0.49307471625932,0.0991107626214874,0.0504615994446511
24268,0.325094471274443,0.313806231362415,0.269155541419848,0.0919437559432941
24269,0.115055848596265,0.66524258720755,0.169049342578572,0.0506522216176134
24270,0.218013691898679,0.561833590985473,0.156212087562447,0.0639406295534008
24271,0.141325826197447,0.501372340655344,0.294713565507854,0.062588267639354
24272,0.123691692026284,0.540192120386059,0.24950866506664,0.0866075225210175
24273,0.51057275532024,0.260100990075809,0.163523843059275,0.065802411544677
24274,0.218211388216031,0.101395723431219,0.589317679535665,0.0910752088170843
24275,0.150601386815664,0.363605129641544,0.414378519676616,0.0714149638661756
24276,0.698382747294072,0.156404535300198,0.108445055821691,0.0367676615840398
24277,0.147531436573213,0.640411911097123,0.167955201993265,0.0441014503363988
24278,0.259188711393482,0.562604922059019,0.111053169468926,0.0671531970785735
24279,0.4811455671222,0.246642266246972,0.202175330050219,0.0700368365806086
24280,0.148527796387178,0.185731611559967,0.617668517043414,0.0480720750094414
24281,0.663128405788599,0.232847901339365,0.0621254887614347,0.0418982041106011
24282,0.233353551765748,0.361951176025293,0.289508175081178,0.115187097127782
24283,0.234564865573739,0.417482323292438,0.151172877488088,0.196779933645735
24284,0.15637614829646,0.234854468839397,0.524648116338973,0.0841212665251698
24285,0.0541976537117849,0.591146615232473,0.16227680114709,0.192378929908652
24286,0.165215094085253,0.115160849998935,0.617319695284104,0.102304360631708
24287,0.220724229120167,0.500884832621508,0.0565012461889144,0.221889692069411
24288,0.0883574230058399,0.61265464954649,0.207780521357032,0.0912074060906388
24289,0.0823137861772904,0.521227578996422,0.294707133927214,0.101751500899074
24290,0.178535984405924,0.382226973414619,0.177354856863626,0.261882185315831
24291,0.36693592832106,0.156732231177848,0.250880423305574,0.225451417195518
24292,0.175139414464228,0.121457441771536,0.473079064907947,0.230324078856289
24293,0.364261157109749,0.33306137658932,0.231592436369935,0.0710850299309958
24294,0.17959646802977,0.579451463824138,0.0782171358677848,0.162734932278308
24295,0.143100116739656,0.280845364926046,0.351295253659474,0.224759264674824
24296,0.294994797526811,0.335287432363205,0.0720962963334709,0.297621473776513
24297,0.440742429849917,0.143864304502232,0.119228171157788,0.296165094490064
24298,0.324561164882808,0.395775004741536,0.143628782501829,0.136035047873826
24299,0.310076002093074,0.133819570172241,0.110973836760729,0.445130590973956
24300,0.316283236537934,0.20521089197636,0.168694561078587,0.30981131040712
24301,0.186575730866029,0.0675574965267229,0.297263534737177,0.448603237870072
24302,0.51688783023001,0.176312353603579,0.231551189341974,0.0752486268244369
24303,0.442294862139831,0.29691723781949,0.09571240683716,0.165075493203519
24304,0.226949023848075,0.12728194400139,0.420869117280909,0.224899914869626
24305,0.299860979138525,0.394440248049777,0.187717820287303,0.117980952524395
24306,0.367100871117573,0.11208443432634,0.213038254899195,0.307776439656893
24307,0.537433201732361,0.215436534317477,0.160308074635723,0.0868221893144393
24308,0.32078709811025,0.117879692058991,0.410141957929748,0.151191251901011
24309,0.0854359466788818,0.303143606122934,0.463367449919552,0.148052997278633
24310,0.241012609621025,0.478690489196955,0.188110093157682,0.0921868080243381
24311,0.234384768294485,0.252240055652749,0.311744711220508,0.201630464832258
24312,0.4710279998002,0.142220323932883,0.177281605193445,0.209470071073473
24313,0.443975568127571,0.319964049065387,0.0875950865864093,0.148465296220633
24314,0.0691982108482118,0.691692165680016,0.0939400202965249,0.145169603175247
24315,0.227170235578343,0.474366971219726,0.19563850251703,0.102824290684901
24316,0.522666384069094,0.179609994869425,0.11438790068396,0.183335720377521
24317,0.187087571231445,0.548289309076135,0.100558913863343,0.164064205829077
24318,0.109005740663497,0.125174277877685,0.61498872801327,0.150831253445548
24319,0.477627645298139,0.182029857323663,0.275069099636574,0.0652733977416239
24320,0.0900727376617814,0.17816281864231,0.341681930455662,0.390082513240246
24321,0.529202934772592,0.190297508371264,0.0645497810743005,0.215949775781844
24322,0.520517474983366,0.180720562696704,0.09167303926526,0.207088923054671
24323,0.117422300211833,0.0588165943711186,0.666108318397446,0.157652787019603
24324,0.132205052635763,0.0963535138151397,0.428076517229847,0.343364916319251
24325,0.379599401194239,0.160956138595513,0.0602092659338593,0.399235194276388
24326,0.0791264020010216,0.107976697080035,0.519642755727438,0.293254145191505
24327,0.110884447901218,0.353407851203375,0.160845193324126,0.374862507571282
24328,0.0623046649884722,0.0643028228305244,0.565273466706803,0.3081190454742
24329,0.15115150085263,0.604957554231967,0.0423310044398589,0.201559940475544
24330,0.612350164142397,0.0588090573440427,0.157999966937111,0.17084081157645
24331,0.0760407121323612,0.101170451277531,0.358614257728466,0.464174578861642
24332,0.506266026195065,0.118594685685033,0.179534759537122,0.19560452858278
24333,0.460021942079819,0.180438791668502,0.082874714380034,0.276664551871645
24334,0.340796557094518,0.210630541449586,0.126513291253801,0.322059610202095
24335,0.0688166306322219,0.536239549328029,0.0461754755004445,0.348768344539304
24336,0.0841511307639828,0.208622563468046,0.142663566413295,0.564562739354676
24337,0.595882182487204,0.0464952054569112,0.21468712728823,0.142935484767655
24338,0.596569109110971,0.0331268880391572,0.154232293272461,0.21607170957741
24339,0.430714188909694,0.41669291073149,0.0215800591437682,0.131012841215047
24340,0.196723177662979,0.442381405715724,0.0540669890219793,0.306828427599318
24341,0.651604325443903,0.0771736527069913,0.142942762598594,0.128279259250511
24342,0.698446890803157,0.116083454077212,0.0696184582701648,0.115851196849466
24343,0.0960373462069317,0.395487615637782,0.0914137914430976,0.417061246712189
24344,0.0451749449959214,0.127609469116619,0.558563116244767,0.268652469642693
24345,0.0672787396946089,0.0314319165963075,0.526195979769317,0.375093363939767
24346,0.228587079744731,0.0668908616765518,0.510704466805696,0.193817591773022
24347,0.0813696403801149,0.574052876858935,0.121415276919038,0.223162205841912
24348,0.726900382929986,0.0249927529676092,0.125322557712696,0.122784306389708
24349,0.555534795587729,0.105210872678477,0.0587634074512147,0.280490924282579
24350,0.0314510868163809,0.244023091803767,0.560476358248366,0.164049463131486
24351,0.504727556565679,0.0776244599511848,0.0516836104970071,0.365964372986129
24352,0.0188769746216983,0.595098780649757,0.0976151707018002,0.288409074026744
24353,0.3141692534787,0.086348182725974,0.211895369142928,0.387587194652398
24354,0.0462126407781598,0.485985261700889,0.106406799980618,0.361395297540333
24355,0.351780486098312,0.0903631643716783,0.306196722491794,0.251659627038216
24356,0.0433406126114611,0.0700310031009756,0.0241135972136453,0.862514787073918
24357,0.624461884447946,0.202433694141359,0.0188979867571414,0.154206434653554
24358,0.527730013739028,0.0579367660299125,0.0341446501760428,0.380188570055016
24359,0.164334045577774,0.652391401051239,0.0627993168218426,0.120475236549144
24360,0.120740675226846,0.344238568382787,0.314730593158951,0.220290163231415
24361,0.223603338472913,0.409497312701403,0.0700583920242284,0.296840956801456
24362,0.52199820640941,0.0895141893910113,0.295353572855179,0.0931340313443991
24363,0.08712796826199,0.205921540869179,0.527568342409764,0.179382148459067
24364,0.0795894682056085,0.698934042448053,0.104508435015156,0.116968054331183
24365,0.391816344645883,0.15339350761471,0.168817403338467,0.28597274440094
24366,0.143260257486931,0.398081850817496,0.212423979732058,0.246233911963514
24367,0.222465319329359,0.212143209916791,0.0843393435147774,0.481052127239072
24368,0.0768225601973625,0.283354681119311,0.459348865952053,0.180473892731273
24369,0.417068692936953,0.284287470202009,0.127654174072561,0.170989662788477
24370,0.104765469094504,0.378504914422355,0.413802691084202,0.102926925398939
24371,0.28034996224027,0.158743302618429,0.372527143248392,0.188379591892909
24372,0.0760540846658538,0.073186927893049,0.551938379262632,0.298820608178466
24373,0.255872733038499,0.46879822974909,0.175243151835909,0.100085885376502
24374,0.371159215849644,0.21569063705328,0.214913528893057,0.198236618204019
24375,0.151280225963555,0.0773746547004863,0.397764290036632,0.373580829299326
24376,0.10584617759624,0.164749605367391,0.60481258510328,0.124591631933089
24377,0.103211222258599,0.574676923736791,0.189841693583126,0.132270160421483
24378,0.0766801826761528,0.566455483692471,0.151411759558516,0.205452574072861
24379,0.109690262833755,0.55231222007423,0.159361200065174,0.17863631702684
24380,0.109904803421803,0.500120749280012,0.103309974704673,0.286664472593512
24381,0.478307696792216,0.166383016812014,0.103111298976795,0.252197987418976
24382,0.464821952366866,0.125212663785254,0.336953119874469,0.0730122639734104
24383,0.156647960293856,0.104605925918698,0.642054495002637,0.0966916187848092
24384,0.142690390654205,0.235110892293195,0.492253154495798,0.129945562556802
24385,0.502266910370796,0.119735873950063,0.243893322019938,0.134103893659202
24386,0.092462290776049,0.143206911181071,0.583162690963821,0.181168107079059
24387,0.556189579718325,0.0853296009256693,0.169469349703346,0.18901146965266
24388,0.462809070192296,0.0632160447859257,0.222136602149521,0.251838282872258
24389,0.35572872976512,0.17590197018944,0.239244812570134,0.229124487475305
24390,0.26828828744768,0.122899706084145,0.515859242014206,0.0929527644539692
24391,0.138035081619214,0.288916249260358,0.0788437798880708,0.494204889232357
24392,0.0683305130313084,0.401138314473511,0.319007280512472,0.211523891982709
24393,0.0488565956630865,0.128815436029293,0.698963669127546,0.123364299180074
24394,0.102236379041829,0.678929086976875,0.125786316728735,0.0930482172525606
24395,0.270697317883245,0.19158174248166,0.475624361503314,0.0620965781317812
24396,0.509758630009886,0.21611256611193,0.0681486476088742,0.20598015626931
24397,0.184694731687463,0.299460855453215,0.345933152944482,0.169911259914839
24398,0.332133968294884,0.274727504890146,0.24766282087556,0.14547570593941
24399,0.101043742792266,0.373509894970223,0.265549812158433,0.259896550079078
24400,0.0997437170394222,0.241606968999547,0.476935400155956,0.181713913805075
24401,0.333213564420812,0.156860334222884,0.275140879593478,0.234785221762826
24402,0.272201531829965,0.158070628814791,0.461311079545899,0.108416759809345
24403,0.0880452694233563,0.239547221893338,0.522349434427141,0.150058074256164
24404,0.097360166958789,0.228828204777224,0.527076364856813,0.146735263407174
24405,0.246161481654677,0.273491271149171,0.324467875824121,0.155879371372031
24406,0.455772194766547,0.28011126101626,0.158067746617812,0.106048797599382
24407,0.108226062390121,0.542467333648439,0.269326126365273,0.0799804775961665
24408,0.281246900913024,0.317266256586083,0.182573565042637,0.218913277458256
24409,0.319697147175084,0.340765014188242,0.0811422692817943,0.258395569354879
24410,0.276627458250105,0.26800235062581,0.205549030180419,0.249821160943666
24411,0.16936885019221,0.497590766338692,0.196592884504767,0.136447498964331
24412,0.484792300954455,0.220567895559139,0.12838843474031,0.166251368746096
24413,0.469423412463797,0.170278167936747,0.270120554658218,0.0901778649412382
24414,0.237094177831737,0.515406522109697,0.11893491121282,0.128564388845746
24415,0.300246887994481,0.129293660956227,0.405483869796801,0.164975581252491
24416,0.548268821003764,0.103575657042576,0.15014121329927,0.198014308654389
24417,0.190145191034709,0.0704026097670742,0.324935066276796,0.414517132921421
24418,0.128862581278659,0.154859708741133,0.0559013290881335,0.660376380892075
24419,0.332422572903462,0.272282003500092,0.176552309671623,0.218743113924823
24420,0.119255946942773,0.406549177409631,0.201845914882152,0.272348960765444
24421,0.222438016060897,0.0855892675333404,0.0305185955893003,0.661454120816462
24422,0.399022036853786,0.176461484153851,0.0440144659573389,0.380502013035025
24423,0.0645482115855848,0.509236879937021,0.0491697158039719,0.377045192673422
24424,0.0971896379929127,0.279557530453757,0.237195084746392,0.386057746806938
24425,0.0934781795739262,0.0307255237093134,0.092283263704499,0.783513033012261
24426,0.416929194322452,0.156904682873196,0.037579925923084,0.388586196881268
24427,0.0588047341063509,0.0703992444355309,0.605260895219512,0.265535126238606
24428,0.172307025408956,0.604736498833677,0.0301391196906421,0.192817356066725
24429,0.0956806954064507,0.746746675219636,0.0312541569941413,0.126318472379772
24430,0.0933726139667291,0.0507651514229151,0.034130588208804,0.821731646401552
24431,0.105689047821407,0.572841514671446,0.105076707436327,0.21639273007082
24432,0.0300227677907833,0.357981471109206,0.118628906720662,0.493366854379348
24433,0.0607673450383991,0.0677182405671098,0.142853549454778,0.728660864939713
24434,0.19182223711353,0.173798893117398,0.358826637990994,0.275552231778078
24435,0.456745065208645,0.257820892901729,0.117189391742342,0.168244650147285
24436,0.198271169805103,0.135087677264354,0.328933090211786,0.337708062718758
24437,0.35583201726556,0.195058806648495,0.116892990484134,0.332216185601812
24438,0.662086272437483,0.0865223586241131,0.113460493256157,0.137930875682247
24439,0.118982265702786,0.0411480136161436,0.628485392320097,0.211384328360973
24440,0.0338323596873869,0.658976292660767,0.0585150979706313,0.248676249681215
24441,0.554294604315299,0.170871372909387,0.0369687407646538,0.23786528201066
24442,0.624457357551904,0.138843780905763,0.131676796398724,0.105022065143609
24443,0.432998618395841,0.131096265201457,0.309849343634958,0.126055772767743
24444,0.062459364585541,0.193179313789541,0.464251575982944,0.280109745641975
24445,0.228775776337197,0.140077961918521,0.182259997703822,0.44888626404046
24446,0.293057930442772,0.0597715550481517,0.0575960557428886,0.589574458766188
24447,0.0997475268774598,0.778927529451964,0.0236798541421513,0.0976450895284247
24448,0.137048136291451,0.53853586904364,0.0680269643561133,0.256389030308796
24449,0.39340035159941,0.0256199014092274,0.151707915490328,0.429271831501034
24450,0.0584520048225297,0.0561811928691144,0.248006518846392,0.637360283461964
24451,0.0432440786654784,0.0656408023464446,0.420169692611284,0.470945426376793
24452,0.105493866489034,0.0403640120622112,0.39517471022224,0.458967411226515
24453,0.336268625170863,0.0587759486789625,0.402283723650301,0.202671702499874
24454,0.239194398424576,0.409828557642206,0.0997058372917851,0.251271206641433
24455,0.23273853157157,0.0850964012053725,0.488130363229358,0.194034703993699
24456,0.126956950078135,0.164424901118359,0.406786382928817,0.301831765874689
24457,0.234313428674371,0.0973608473507148,0.286557484662273,0.381768239312641
24458,0.087803811420097,0.349640208417705,0.131581984575155,0.430973995587044
24459,0.140738889705166,0.176931594099653,0.497933422938154,0.184396093257027
24460,0.0536062614105195,0.324250149844378,0.264263710699093,0.357879878046009
24461,0.0595654896279586,0.120229334685941,0.478210867659286,0.341994308026814
24462,0.168243628753903,0.354924161765428,0.135231824867891,0.341600384612779
24463,0.299934253094982,0.498009327617501,0.108517920469183,0.0935384988183338
24464,0.166620553940932,0.171710268886458,0.315807430819931,0.345861746352679
24465,0.150788351126725,0.63026365813184,0.0745594981108188,0.144388492630616
24466,0.406602335565604,0.326642809025606,0.0588351896066168,0.207919665802174
24467,0.142097539397885,0.458270896788547,0.0341636173618597,0.365467946451708
24468,0.0484108273328122,0.559459946765141,0.159755313831219,0.232373912070828
24469,0.103263764256434,0.448423258790847,0.0764165456613345,0.371896431291384
24470,0.154832375146241,0.181347605309208,0.0884075117429091,0.575412507801642
24471,0.153132483996583,0.623791974062966,0.0733950289273753,0.149680513013076
24472,0.54966225221323,0.0744312180610981,0.212665109796365,0.163241419929307
24473,0.237883163800264,0.203904976539252,0.309281653843246,0.248930205817238
24474,0.568861501247794,0.269628699990093,0.0713987262629078,0.0901110724992058
24475,0.116187823666586,0.451094841950798,0.240600699999553,0.192116634383063
24476,0.26128949334245,0.338360192480467,0.177897121035182,0.222453193141901
24477,0.113780755052212,0.484018739511078,0.26465105467323,0.13754945076348
24478,0.215991732829884,0.204740911964281,0.422287823311988,0.156979531893846
24479,0.1694182466829,0.146845353640791,0.463169649451045,0.220566750225265
24480,0.467062839157407,0.179700613401117,0.154810433847184,0.198426113594292
24481,0.308082018549536,0.25807089278913,0.25275168608004,0.181095402581294
24482,0.467622967167369,0.118416656637462,0.169885815033955,0.244074561161214
24483,0.658858197867691,0.122691546370328,0.113748951969778,0.104701303792203
24484,0.142188610000464,0.25613213610024,0.46282541743244,0.138853836466856
24485,0.420968778817399,0.197752248432222,0.230883155725711,0.150395817024668
24486,0.334509033236049,0.328578345548451,0.153228650036937,0.183683971178564
24487,0.0890690040347693,0.156298882352072,0.58624468059814,0.168387433015019
24488,0.229410257950602,0.610732932563269,0.067461193813023,0.0923956156731055
24489,0.193139256451451,0.350931301122548,0.242759404185169,0.213170038240832
24490,0.093543992124297,0.265577769702092,0.501612053204746,0.139266184968865
24491,0.133868001661761,0.0976974622133271,0.142993396493482,0.62544113963143
24492,0.230020448155549,0.081851665459068,0.502559382346078,0.185568504039305
24493,0.103486688877219,0.200694398141016,0.568293267734509,0.127525645247256
24494,0.0526095563870703,0.540089552575433,0.280535077836491,0.126765813201006
24495,0.145103336227798,0.543470671422345,0.0843935957499661,0.227032396599891
24496,0.105609225006921,0.162163025033813,0.322934956770035,0.409292793189232
24497,0.173571874174419,0.0903368699262331,0.587017015216059,0.149074240683288
24498,0.234335196701497,0.219022232216122,0.422842344561072,0.123800226521309
24499,0.423661347245216,0.112528363025277,0.269991499491319,0.193818790238187
24500,0.0687945480330561,0.602795743851381,0.114424464355164,0.213985243760399
24501,0.24629518417501,0.315314007882007,0.0831936011330875,0.355197206809895
24502,0.44687130511282,0.136282437182289,0.117560377776762,0.299285879928129
24503,0.0523365514571067,0.059777790261589,0.175308976610301,0.712576681671003
24504,0.0800739255691301,0.574973459995748,0.0645822502892802,0.280370364145841
24505,0.11589188666073,0.288553157517236,0.141093148625335,0.454461807196699
24506,0.126898799663967,0.0505698368622151,0.588042404447212,0.234488959026606
24507,0.0617860510225952,0.128366657904938,0.186270767433714,0.623576523638753
24508,0.422464558209011,0.11377730615233,0.25646963605753,0.207288499581129
24509,0.1247651905022,0.0502594595118941,0.390872665794329,0.434102684191577
24510,0.0687979869168279,0.117977657286851,0.57583891785559,0.237385437940731
24511,0.20220385422665,0.62815857530559,0.0941829984989269,0.075454571968833
24512,0.410330555135791,0.0887596287717619,0.271483915852829,0.229425900239618
24513,0.614440676490468,0.12021776575803,0.1307965345668,0.134545023184702
24514,0.382153853544802,0.33637527013113,0.0993356050275159,0.182135271296552
24515,0.195927622253501,0.282499657841958,0.311216790725317,0.210355929179225
24516,0.501720294339725,0.108988176061699,0.150430284027469,0.238861245571107
24517,0.520062697904974,0.246805777426647,0.134540315485707,0.0985912091826724
24518,0.0732589898855554,0.207612047027585,0.175486807337766,0.543642155749093
24519,0.0833796592312652,0.206681815200099,0.63694557337529,0.0729929521933466
24520,0.0393053690168427,0.335164859199206,0.360040326380018,0.265489445403933
24521,0.128914244124589,0.485339805578127,0.0641647950649025,0.321581155232382
24522,0.0394245333766481,0.127875160605994,0.719900671549767,0.112799634467591
24523,0.0966306832893205,0.231853402320862,0.481859769523062,0.189656144866756
24524,0.147723876597254,0.120708220508351,0.556214715320239,0.175353187574156
24525,0.130932452515579,0.252463075925385,0.0716685754379031,0.544935896121133
24526,0.573095773734613,0.118751272817263,0.212173522948527,0.0959794304995965
24527,0.119885379962806,0.0465997881061138,0.56202396205428,0.2714908698768
24528,0.74326597180432,0.140370064296935,0.0318957497336314,0.0844682141651136
24529,0.184560582313849,0.0755523211731816,0.276007853521597,0.463879242991372
24530,0.345653405065016,0.234950765449317,0.207751228480222,0.211644601005445
24531,0.19424402486247,0.402290128205696,0.277713872696281,0.125751974235553
24532,0.166592628834365,0.27495963672088,0.42127196331572,0.137175771129035
24533,0.298894226902618,0.276645605109161,0.107679492725916,0.316780675262305
24534,0.147014331689443,0.448056950328602,0.16259990209527,0.242328815886686
24535,0.589069657299996,0.0941901328854895,0.153940738406624,0.16279947140789
24536,0.172586829779044,0.205312231379468,0.367662500612704,0.254438438228784
24537,0.385916092369095,0.198520625370292,0.105139840936341,0.310423441324272
24538,0.198372160466207,0.559662140707753,0.0943894986669064,0.147576200159133
24539,0.31046220258402,0.247041904088957,0.189251977762436,0.253243915564587
24540,0.439429102192997,0.103180736000499,0.232819343094914,0.224570818711589
24541,0.456195748286015,0.161077722937203,0.212716413884765,0.170010114892017
24542,0.168157082098629,0.484012656351203,0.114932353379343,0.232897908170824
24543,0.0469573169034681,0.153929664121014,0.71237134424047,0.086741674735048
24544,0.150441209204029,0.512129723491968,0.187567470324357,0.149861596979646
24545,0.243777198123836,0.127452778698943,0.481921617274708,0.146848405902514
24546,0.0918315140186335,0.54098614979221,0.161073615351712,0.206108720837444
24547,0.280355615575355,0.412769894588162,0.0665524020911622,0.24032208774532
24548,0.0724322438203548,0.26495591699393,0.396659983566054,0.265951855619661
24549,0.572511751530183,0.215136214839009,0.101086924636196,0.111265108994613
24550,0.140974533173175,0.479981953137219,0.305479865083759,0.0735636486058479
24551,0.084227869098706,0.443103282223279,0.22342574543596,0.249243103242056
24552,0.0888013005213736,0.530024081371667,0.113761193087578,0.267413425019381
24553,0.426427109507915,0.186484587886915,0.159753562924859,0.227334739680312
24554,0.29982888816333,0.127682715932225,0.290131624176281,0.282356771728164
24555,0.119652969571573,0.686574991451101,0.0757655321290583,0.118006506848268
24556,0.480313509363264,0.262573013281572,0.0556178137340021,0.201495663621162
24557,0.119335083493612,0.280099581388354,0.323688368782103,0.276876966335931
24558,0.140914942309846,0.599891291889287,0.0516979266354525,0.207495839165414
24559,0.0495885224204735,0.748680024387839,0.122453305250211,0.0792781479414765
24560,0.0836612883584948,0.441222418356813,0.140920404313887,0.334195888970805
24561,0.253755928227262,0.177800835194271,0.16535753197939,0.403085704599076
24562,0.489024065296302,0.193281982544891,0.159299937339641,0.158394014819166
24563,0.0328343048713973,0.551322312671606,0.136912765403924,0.278930617053072
24564,0.117231011016451,0.444152751898568,0.0905547702203752,0.348061466864606
24565,0.0718633468752575,0.355716281582773,0.291974163054054,0.280446208487915
24566,0.106070227214886,0.771605239215003,0.0381252346981439,0.0841992988719673
24567,0.12325434303494,0.274853564210783,0.457639591628334,0.144252501125943
24568,0.382520600302472,0.339052180122754,0.116589683632203,0.161837535942572
24569,0.258816067301613,0.133391167191995,0.319598393488251,0.288194372018141
24570,0.0629326796264756,0.5784105362211,0.120260919937214,0.238395864215211
24571,0.080792567033793,0.2868306260943,0.399318732425111,0.233058074446797
24572,0.24248210048917,0.209465757761911,0.279369791757643,0.268682349991276
24573,0.137884911253808,0.207791205879552,0.504337236460723,0.149986646405917
24574,0.0837827228874867,0.269217484363828,0.492217913979544,0.154781878769142
24575,0.269446539358366,0.093976818788241,0.154523510538635,0.482053131314759
24576,0.0452213058761655,0.18017177192811,0.624872570517577,0.149734351678147
24577,0.111549869814055,0.275799788264728,0.339187207239475,0.273463134681742
24578,0.249885526484432,0.172798134878282,0.255074355735774,0.322241982901512
24579,0.370980272754605,0.358501643192291,0.128287742383839,0.142230341669265
24580,0.167111579681676,0.103845234136131,0.425174436607664,0.303868749574529
24581,0.159689790465967,0.0500962737432659,0.654658604898885,0.135555330891881
24582,0.0698011062640272,0.136829909294088,0.672966841034747,0.120402143407138
24583,0.0306585071940102,0.137399190703437,0.585134682255693,0.24680761984686
24584,0.0281658731437207,0.0828782943245242,0.789202593616204,0.0997532389155513
24585,0.0925691760761578,0.303808233657258,0.0219194321240081,0.581703158142576
24586,0.0596885626881207,0.146629201968233,0.399419583041442,0.394262652302204
24587,0.420186186881657,0.229737599318684,0.251835456608154,0.0982407571915052
24588,0.261791079304559,0.381302354005594,0.248900657175647,0.108005909514201
24589,0.167233012525942,0.474681651380948,0.25148912243454,0.106596213658569
24590,0.327424786370252,0.247998575358452,0.344394942738686,0.0801816955326097
24591,0.318152697988176,0.226868615330054,0.343160828277276,0.111817858404493
24592,0.334759809297234,0.31697287524659,0.219106828760764,0.129160486695411
24593,0.334145706559375,0.319163153906264,0.242650647549762,0.104040491984599
24594,0.260554642838001,0.345064564329462,0.217466558913481,0.176914233919056
24595,0.276017527877294,0.381830669830619,0.277426350170001,0.0647254521220867
24596,0.44010339360228,0.257891788222816,0.125135169578213,0.176869648596691
24597,0.360686999606344,0.307694514357273,0.237618117692705,0.0940003683436775
24598,0.455933885974461,0.171390089661825,0.136906610028126,0.235769414335588
24599,0.344625318535768,0.307212352817902,0.213923459254394,0.134238869391937
24600,0.350102958786652,0.32729865281611,0.182420212238873,0.140178176158366
24601,0.165345159606268,0.198276109785123,0.53442320668847,0.101955523920139
24602,0.235563449784525,0.479480480419533,0.183590060153425,0.101366009642517
24603,0.222020753560411,0.224218039622422,0.329194342460426,0.224566864356742
24604,0.235445618800356,0.233988398495696,0.424944121469819,0.10562186123413
24605,0.45103215270385,0.163022496330255,0.213724913963336,0.172220437002559
24606,0.0536793999120371,0.358091924459826,0.46930281447456,0.118925861153576
24607,0.529926401091798,0.16883121999442,0.179716584368006,0.121525794545776
24608,0.196517876023469,0.42148680184051,0.0942831432305376,0.287712178905483
24609,0.478819198924335,0.175421839306992,0.197240978445123,0.14851798332355
24610,0.0719286984457358,0.164157359709166,0.202063157475352,0.561850784369745
24611,0.154934466907043,0.293840533881969,0.178938345459117,0.37228665375187
24612,0.11071129517299,0.658160598894787,0.0954856467041966,0.135642459228026
24613,0.0686113708288469,0.160705674776633,0.654150994843072,0.116531959551449
24614,0.0868570474964278,0.0891566180226041,0.711915832197654,0.112070502283314
24615,0.47859098392362,0.19837499300268,0.0516991106076589,0.271334912466042
24616,0.183901267550932,0.118614637115793,0.449558176983469,0.247925918349806
24617,0.246071980518791,0.153248608633764,0.496601343301004,0.10407806754644
24618,0.364798334265735,0.0916589851322314,0.419120297402842,0.124422383199192
24619,0.0792209751735277,0.381697831684637,0.41803701135044,0.121044181791395
24620,0.254616052347515,0.193833805325241,0.0589557336605877,0.492594408666656
24621,0.115795044262365,0.123021171845804,0.379119094050909,0.382064689840922
24622,0.0526625736235474,0.276968789628266,0.296589877077274,0.373778759670912
24623,0.234011969301787,0.0684261290370359,0.314919934634284,0.382641967026894
24624,0.238960649872695,0.139541295952126,0.45339024651991,0.168107807655269
24625,0.452319811991316,0.0804961648800271,0.243527428453312,0.223656594675344
24626,0.383893013343255,0.216401086933219,0.1575617642189,0.242144135504626
24627,0.204226461884411,0.210295120987625,0.100929642960809,0.484548774167155
24628,0.643292296435156,0.100801861364321,0.0820873813483961,0.173818460852126
24629,0.0863169477084284,0.553023702232033,0.101640110309075,0.259019239750464
24630,0.198362170384392,0.164495984768295,0.281897933620482,0.355243911226831
24631,0.279447678365758,0.203195219635449,0.134128332798871,0.383228769199922
24632,0.193063447746553,0.21940653417032,0.237625562878364,0.349904455204763
24633,0.21458861581504,0.0478656930023226,0.523261827409691,0.214283863772946
24634,0.212311143575631,0.0380240251073811,0.538056057236126,0.211608774080862
24635,0.335309680410778,0.111983734560866,0.154073512316296,0.398633072712061
24636,0.271460439976335,0.417610190283303,0.120580074428661,0.190349295311701
24637,0.215278785786508,0.110134262041641,0.537211578368371,0.13737537380348
24638,0.119639853302265,0.537662122950425,0.0902551399343919,0.252442883812918
24639,0.410647417050873,0.161038473925645,0.121612676763181,0.3067014322603
24640,0.648560917119124,0.102932656027514,0.108145977033394,0.140360449819968
24641,0.0729036273952862,0.748569708779836,0.0287696898932006,0.149756973931677
24642,0.177231911558129,0.0781599929717838,0.416957016707805,0.327651078762282
24643,0.0446287829044202,0.0471573958197079,0.458741653678533,0.449472167597339
24644,0.0829920583859413,0.425627707723069,0.197155262477119,0.294224971413871
24645,0.128022234659885,0.638380264739911,0.0305087519128869,0.203088748687317
24646,0.247527989817723,0.258292598593175,0.169959989326649,0.324219422262454
24647,0.408890610470399,0.358622068818354,0.123642449948958,0.108844870762289
24648,0.152133747210486,0.0675219662223997,0.421485225370115,0.358859061197
24649,0.125078864177408,0.172756308581689,0.488995544296511,0.213169282944392
24650,0.042964059135822,0.844729164874542,0.0193877685714135,0.0929190074182229
24651,0.563346433497667,0.084042892277471,0.031551915016271,0.321058759208591
24652,0.273694399873144,0.0468614722820437,0.534582818361621,0.144861309483192
24653,0.514281808410662,0.148641540736157,0.116678911189566,0.220397739663615
24654,0.0694547284285079,0.443807780731088,0.0599207999864303,0.426816690853974
24655,0.0749107010685168,0.159326427013487,0.408525033209346,0.35723783870865
24656,0.161752730327832,0.307113567962898,0.367764300938045,0.163369400771226
24657,0.209701732296516,0.198298509062513,0.0559346015074636,0.536065157133507
24658,0.0696855143594073,0.43911627621442,0.230400897617382,0.260797311808791
24659,0.0247040877121005,0.112461543184956,0.404453239643925,0.458381129459019
24660,0.170925750365766,0.328269339459103,0.194264053540371,0.30654085663476
24661,0.170950325196048,0.437888642622078,0.0482255846390216,0.342935447542852
24662,0.0325198022206395,0.132781540935153,0.611149301148394,0.223549355695813
24663,0.175323376555927,0.261474422267397,0.482433654344461,0.0807685468322155
24664,0.187117995044921,0.282921874805794,0.404243181565789,0.125716948583496
24665,0.316315658087484,0.165887299524272,0.424538236202236,0.0932588061860076
24666,0.193784788876999,0.521038220993817,0.143619750053297,0.141557240075888
24667,0.116807858807205,0.441769587230717,0.337464217431304,0.103958336530773
24668,0.16144423393912,0.113574699699719,0.682613982352209,0.0423670840089518
24669,0.19406401134272,0.295730513486293,0.349985063025933,0.160220412145053
24670,0.458708080979699,0.119621251964913,0.320011125968114,0.101659541087274
24671,0.0792710815297518,0.331068784610022,0.525986029556082,0.0636741043041442
24672,0.146190900610769,0.517293200691596,0.261213063868979,0.0753028348286565
24673,0.156410132579368,0.102286560059588,0.675012069861058,0.0662912374999864
24674,0.146390829322181,0.646225665992345,0.106405890612281,0.100977614073193
24675,0.163889227733907,0.137669972711352,0.620034345248321,0.0784064543064193
24676,0.156367738645999,0.599959352550827,0.154545191475626,0.0891277173275479
24677,0.0753762662552573,0.239141265053878,0.438367580665872,0.247114888024992
24678,0.272646960347829,0.34895493660121,0.19391116868793,0.184486934363031
24679,0.269552196656104,0.438177388672831,0.150744733377079,0.141525681293986
24680,0.124139729656359,0.408073561479985,0.290007366379831,0.177779342483824
24681,0.414667390929611,0.291682035448728,0.0926233112336031,0.201027262388057
24682,0.442664025897306,0.475421723709414,0.0399789158735359,0.041935334519744
24683,0.0945830741712893,0.251174042697857,0.539340562009236,0.114902321121617
24684,0.141853420236511,0.254598040843109,0.475276282683826,0.128272256236554
24685,0.550728066338589,0.181037560939547,0.154438492677216,0.113795880044648
24686,0.475445829968685,0.189100094581945,0.126243224760656,0.209210850688714
24687,0.304476296306079,0.326018820695179,0.183874811338663,0.185630071660079
24688,0.186172213650507,0.418158817617321,0.206185953822613,0.189483014909559
24689,0.221100007734948,0.235462654974779,0.45885738987684,0.0845799474134324
24690,0.686606145002891,0.112248141050283,0.122910474729137,0.0782352392176889
24691,0.402508195454932,0.372664127485099,0.0940436310501898,0.13078404600978
24692,0.676926613175473,0.195647292224636,0.0456737290703134,0.0817523655295784
24693,0.171188763000738,0.204035359274843,0.502051863480679,0.122724014243739
24694,0.215987998989809,0.318393079158573,0.321452763784638,0.14416615806698
24695,0.201352884132709,0.692811609366699,0.0457635764020363,0.0600719300985555
24696,0.255873837136652,0.347365186403711,0.171228297299796,0.225532679159842
24697,0.139824106688909,0.261693640630836,0.331191899446453,0.267290353233801
24698,0.297819307822384,0.511053899309313,0.132441951793435,0.0586848410748677
24699,0.223118701835037,0.0953168562603882,0.617954865773343,0.0636095761312324
24700,0.140734168523528,0.442008488077812,0.194530180255325,0.222727163143336
24701,0.143119536954749,0.12841372287413,0.650455873831061,0.0780108663400596
24702,0.177391023543156,0.532075077775922,0.228178033529531,0.0623558651513907
24703,0.249173702647447,0.280956009862275,0.364443375186646,0.105426912303632
24704,0.124688413200398,0.494570637484753,0.284455663700238,0.096285285614611
24705,0.377267936988244,0.351501720839877,0.201421522021582,0.0698088201502975
24706,0.250440833546759,0.372879702264143,0.285557215046623,0.0911222491424745
24707,0.32040993177889,0.185336943614583,0.285215710205121,0.209037414401406
24708,0.558181052540724,0.107090693420598,0.240114343286327,0.0946139107523515
24709,0.138815539454864,0.274904854989913,0.478150107104441,0.108129498450782
24710,0.441663460575119,0.249951149293384,0.190687553328452,0.117697836803045
24711,0.384520973215429,0.243326258614055,0.258070920842655,0.11408184732786
24712,0.314660346039679,0.411799745243549,0.173763118960267,0.099776789756505
24713,0.139205617395956,0.523041279722021,0.213541068475365,0.124212034406658
24714,0.335860496018556,0.369941413257443,0.167203454091263,0.126994636632738
24715,0.155649082105318,0.464380300331129,0.162555306380235,0.217415311183318
24716,0.457156389511478,0.286356250435998,0.127044236728329,0.129443123324195
24717,0.212354500509504,0.494796074129373,0.225494964671179,0.0673544606899442
24718,0.179958478060855,0.594680122293452,0.115264115019397,0.110097284626297
24719,0.275761133122675,0.231139639750534,0.232221838337052,0.260877388789739
24720,0.23072592014167,0.477269844276741,0.156144538934671,0.135859696646918
24721,0.298987657594034,0.384188540460952,0.189304130408332,0.127519671536683
24722,0.139924238462366,0.615289102867392,0.157962703812267,0.0868239548579744
24723,0.449583685381333,0.229146394967819,0.21229402977542,0.108975889875428
24724,0.332639856766601,0.254169527311179,0.291341760789048,0.121848855133172
24725,0.480184488344428,0.27875228902105,0.0842067126568505,0.156856509977672
24726,0.305202038958788,0.320669527956113,0.231469192781349,0.14265924030375
24727,0.109332119690098,0.111638593008625,0.463446209020408,0.315583078280869
24728,0.394765546056008,0.323224813490461,0.14907359282555,0.132936047627981
24729,0.272049994763938,0.177315259433904,0.368021566609079,0.18261317919308
24730,0.16422532450067,0.216434928708203,0.367846725341363,0.251493021449764
24731,0.151877213639693,0.535962539931409,0.187347748069534,0.124812498359364
24732,0.272596909993083,0.182218984981407,0.376451031804603,0.168733073220907
24733,0.0669039600554463,0.250890298673165,0.212071102922969,0.47013463834842
24734,0.191262517009178,0.374405924128238,0.107672292098208,0.326659266764376
24735,0.087143507342828,0.133529594299073,0.47410625593396,0.305220642424139
24736,0.163297539622165,0.558341843268019,0.122221801922925,0.156138815186891
24737,0.467599780978904,0.145435830748066,0.208782350572285,0.178182037700745
24738,0.0695777566961399,0.581787611694122,0.123230922936798,0.22540370867294
24739,0.416062818163345,0.0457946797779493,0.205020506901073,0.333121995157633
24740,0.227552647064166,0.43999979153133,0.124944398802601,0.207503162601903
24741,0.07416092406746,0.281857030598323,0.547327461637197,0.0966545836970205
24742,0.273341930252403,0.308176644729421,0.0850838571144066,0.333397567903769
24743,0.156664524997209,0.344355537880945,0.0696726235645077,0.429307313557339
24744,0.422298916002684,0.0401009273964078,0.271317808558619,0.266282348042289
24745,0.14063027753958,0.102941728982695,0.299476975005565,0.45695101847216
24746,0.199429830434692,0.301494538170639,0.0526830954030044,0.446392535991664
24747,0.0496490899944127,0.436950229429678,0.219795757690135,0.293604922885774
24748,0.0234131507726394,0.045123356002452,0.611160249653397,0.320303243571511
24749,0.0997027121448458,0.312093465265475,0.297957744595515,0.290246077994164
24750,0.295363040948953,0.154145276389662,0.265728579118636,0.284763103542749
24751,0.488835838920822,0.0786377167358639,0.0512845351505232,0.381241909192791
24752,0.109452761922763,0.495757845467317,0.0685061927674604,0.32628319984246
24753,0.161181209237794,0.0330174322028388,0.57076901853449,0.235032340024876
24754,0.231308123652771,0.274419960665355,0.105155648222725,0.389116267459148
24755,0.0444604416435322,0.260741581538997,0.406124558081956,0.288673418735515
24756,0.0947133260067845,0.336989810144934,0.219616664298677,0.348680199549605
24757,0.160662062721515,0.057575487137472,0.164803805406867,0.616958644734146
24758,0.157757337375597,0.106324079800809,0.540812635727155,0.195105947096438
24759,0.14622555984625,0.319598881265542,0.356370629781124,0.177804929107084
24760,0.328727826102701,0.366514792907028,0.149530112022441,0.15522726896783
24761,0.309787723036222,0.0980318572738241,0.426382028121078,0.165798391568877
24762,0.159995396015171,0.461672122718623,0.123485118807483,0.254847362458724
24763,0.135773433033003,0.635655804268639,0.10207731514791,0.126493447550448
24764,0.60765061795876,0.0933239728928148,0.0868323984351659,0.212193010713259
24765,0.195471818752529,0.295584212539377,0.380340070335371,0.128603898372723
24766,0.0523188834165046,0.509114228035783,0.258720044704987,0.179846843842726
24767,0.217700776603882,0.155653310121849,0.184109242201264,0.442536671073005
24768,0.20354591191808,0.421741929543735,0.157464298276658,0.217247860261526
24769,0.180860331722338,0.142322594645901,0.602944690457092,0.0738723831746688
24770,0.180986855064622,0.28981948572559,0.0741312442921961,0.455062414917592
24771,0.164123544492793,0.0817721845017754,0.503952882043212,0.25015138896222
24772,0.232465310359646,0.407491971100725,0.0952399690541934,0.264802749485436
24773,0.0691663716863473,0.457876955008686,0.399204365476042,0.0737523078289246
24774,0.396798918749547,0.220589768546958,0.166887611276164,0.215723701427331
24775,0.189753435860151,0.564677364769776,0.0648171642421814,0.180752035127891
24776,0.676520410459942,0.0478027257283912,0.161347181031675,0.114329682779992
24777,0.321824543970372,0.31938808766009,0.21375232506547,0.145035043304068
24778,0.403844800417045,0.253113252077697,0.140824011192542,0.202217936312716
24779,0.0781954386484992,0.4292552203176,0.224189856678115,0.268359484355785
24780,0.552945904808249,0.170437736610367,0.186348667619619,0.0902676909617655
24781,0.0496575321628232,0.114960267882271,0.756462888352596,0.0789193116023103
24782,0.572846683619013,0.102494713746677,0.112234446159241,0.212424156475069
24783,0.0564658675348047,0.28171535282138,0.445233900923084,0.216584878720732
24784,0.287709965333943,0.103375583345839,0.225187623570175,0.383726827750043
24785,0.066868037764485,0.257040122355269,0.196500206075386,0.479591633804859
24786,0.13951115054849,0.16326294249794,0.463326370462972,0.233899536490598
24787,0.265956579572308,0.231913996572943,0.227583824740447,0.274545599114303
24788,0.156786201474881,0.236228436362608,0.36941611872728,0.237569243435231
24789,0.365480091524748,0.259125693573018,0.13608079466833,0.239313420233904
24790,0.112571005231847,0.14508581961524,0.428428811651184,0.31391436350173
24791,0.230118110046129,0.106714432081824,0.420525927835751,0.242641530036296
24792,0.243830275065674,0.155566908953065,0.250568953116823,0.350033862864438
24793,0.114874934953704,0.0708833333697821,0.569937183649367,0.244304548027147
24794,0.0962361538801843,0.645421652938561,0.0747386965930589,0.183603496588196
24795,0.217033594748367,0.160032000377223,0.0775607931310403,0.545373611743369
24796,0.56373123541996,0.246778645982945,0.128392187481298,0.0610979311157966
24797,0.148227708116572,0.585736511013634,0.163430674113298,0.102605106756497
24798,0.0541919754264134,0.119732392298029,0.626090126466874,0.199985505808683
24799,0.294857805098888,0.151161401474439,0.309520561619258,0.244460231807415
24800,0.0695819607964365,0.164987637966491,0.603188768141179,0.162241633095894
24801,0.525827203227568,0.191696156320503,0.20263624109676,0.0798403993551695
24802,0.289142298463177,0.311074265614767,0.152936227628945,0.246847208293111
24803,0.100421174506718,0.177415795994857,0.603166718359982,0.118996311138444
24804,0.523065395849649,0.162652984997077,0.165651244398248,0.148630374755025
24805,0.256115931546701,0.281389042012261,0.100252814456952,0.362242211984086
24806,0.250167996444446,0.391850893352044,0.101801925480478,0.256179184723032
24807,0.515154702177626,0.336304130661365,0.065427205688694,0.0831139614723149
24808,0.434259422025975,0.0996298260723426,0.265876225759334,0.200234526142349
24809,0.668322356947889,0.0591416879128999,0.110251062284995,0.162284892854215
24810,0.153918874244189,0.357977060333805,0.203348585219609,0.284755480202396
24811,0.159416721660117,0.0536193516701737,0.677475767554542,0.109488159115167
24812,0.10349683640475,0.110511255498504,0.681816020861584,0.104175887235161
24813,0.2977041406275,0.0726377643965033,0.422069973167552,0.207588121808445
24814,0.207168388514738,0.499919361931737,0.0438083485930939,0.249103900960431
24815,0.527449799454944,0.160325846238453,0.188767293050105,0.123457061256498
24816,0.246606704845814,0.108474846981115,0.396708892075688,0.248209556097383
24817,0.221611272901251,0.259008483630822,0.10690657557549,0.412473667892437
24818,0.349453299718373,0.294013692268888,0.209790407220628,0.14674260079211
24819,0.192567900221084,0.375280901850362,0.252284793980351,0.179866403948203
24820,0.375216756774111,0.148597807456778,0.0554033952845057,0.420782040484606
24821,0.453218457552065,0.222362078183246,0.0909617205714511,0.233457743693238
24822,0.0955572054977401,0.574456310005707,0.0844936463757177,0.245492838120835
24823,0.149704088135204,0.33654646057724,0.283622247647725,0.230127203639831
24824,0.174023908332366,0.0667997639430703,0.19684890540875,0.562327422315814
24825,0.496220707322919,0.187409161711819,0.0699271260678189,0.246443004897443
24826,0.0735003753116953,0.0990317021054575,0.662162997958263,0.165304924624584
24827,0.198005585430197,0.611315499635253,0.0640351284304183,0.126643786504131
24828,0.1271393792103,0.729183306144986,0.0540242434597477,0.0896530711849662
24829,0.17953289379912,0.102889071473652,0.0955340754692382,0.622043959257989
24830,0.129917716860638,0.572368593786932,0.146790614440418,0.150923074912013
24831,0.0684445700267986,0.46047910523648,0.161660863030409,0.309415461706312
24832,0.120560829876606,0.134666361993348,0.255610427012376,0.48916238111767
24833,0.213968096190003,0.191779421004098,0.395679569398711,0.198572913407187
24834,0.14262839380412,0.079060191415492,0.240197318411511,0.538114096368877
24835,0.175265515963457,0.304793379207695,0.204947514491413,0.314993590337435
24836,0.112448918651142,0.181803877790668,0.264329179909549,0.441418023648641
24837,0.595449644565925,0.04892815784131,0.12217013974572,0.233452057847045
24838,0.0823669955354489,0.291505182399405,0.0858493146971478,0.540278507367999
24839,0.463419772316812,0.157440435973916,0.205044030055537,0.174095761653735
24840,0.479461178903804,0.180249798943072,0.159183934839649,0.181105087313475
24841,0.0728467642811591,0.646335790594699,0.15800200638976,0.122815438734382
24842,0.129239054876663,0.251799879831519,0.109873651849192,0.509087413442625
24843,0.211979871426441,0.065996541293752,0.415737973107825,0.306285614171982
24844,0.649696146473028,0.102032407112898,0.145745014245032,0.102526432169042
24845,0.57325342276809,0.0742019932915851,0.0447498286295738,0.307794755310751
24846,0.213128840849168,0.582074020413675,0.0431939361163524,0.161603202620805
24847,0.129437681011861,0.108587933411777,0.495089698247576,0.266884687328787
24848,0.0778009393294376,0.156621529563515,0.14659574268196,0.618981788425087
24849,0.350751058696242,0.114892212832763,0.124867378650392,0.409489349820602
24850,0.118812652938964,0.478299653820491,0.0615768377648352,0.34131085547571
24851,0.220178791173477,0.0848088660063142,0.170230631630144,0.524781711190065
24852,0.45137899623582,0.117963192847384,0.05276519555839,0.377892615358406
24853,0.415742529951443,0.118347396746111,0.264460078176067,0.201449995126379
24854,0.335369264358774,0.101268508866613,0.331740805675615,0.231621421098998
24855,0.147043933396854,0.173482119056108,0.394414136752162,0.285059810794876
24856,0.165137489165086,0.504482169183342,0.0734780745198698,0.256902267131702
24857,0.154102239383738,0.196482810816259,0.490447127567494,0.158967822232509
24858,0.120135314649886,0.503855352148104,0.20469973732709,0.171309595874921
24859,0.211025381187416,0.250651771709748,0.0704596021519639,0.467863244950872
24860,0.125405141499746,0.0891801620750958,0.718913042594964,0.0665016538301939
24861,0.448713476331777,0.149997354459163,0.11479123669677,0.28649793251229
24862,0.0918702540503111,0.573899544959051,0.0814834489092827,0.252746752081356
24863,0.23268645390888,0.103162512677582,0.257608553172473,0.406542480241065
24864,0.118284200300349,0.109547842984175,0.510779876031027,0.261388080684449
24865,0.177158637619792,0.0491036178276555,0.49960397528834,0.274133769264212
24866,0.744369072342566,0.0891720797036396,0.0827687362613423,0.083690111692452
24867,0.520202904572734,0.107610131424795,0.134084874538444,0.238102089464027
24868,0.515271481900161,0.0857716824103077,0.12498427377966,0.273972561909871
24869,0.304388216713231,0.0627582425398776,0.189177229796477,0.443676310950414
24870,0.665385262945768,0.0542239371120747,0.101473126170098,0.178917673772059
24871,0.144530009259184,0.0434199228664438,0.364884416594063,0.44716565128031
24872,0.244376765434637,0.23240123208022,0.346951639429487,0.176270363055657
24873,0.575333345279688,0.288498662755782,0.0735817157809806,0.0625862761835498
24874,0.124577629086747,0.466270141638636,0.281240208688487,0.127912020586129
24875,0.303256220613246,0.354755765091099,0.181246294403082,0.160741719892573
24876,0.125215786769297,0.513758882745746,0.26562590095627,0.0953994295286871
24877,0.240571145408266,0.249599066937385,0.405692740503189,0.10413704715116
24878,0.187524392762769,0.163067924541167,0.48739957880614,0.162008103889924
24879,0.472968450281215,0.212359139753452,0.176569507301847,0.138102902663486
24880,0.315443164341771,0.287362861159797,0.27988737051334,0.117306603985092
24881,0.474973943276118,0.174877651628436,0.179985992433491,0.170162412661955
24882,0.653162577644526,0.144893430026925,0.135239696771377,0.0667042955571722
24883,0.153821911407837,0.286894088501698,0.455164462949769,0.104119537140696
24884,0.422714056870642,0.214886907415685,0.26726250058553,0.0951365351281431
24885,0.329929903995976,0.365509106174522,0.189103459905054,0.115457529924448
24886,0.092950786972241,0.168688538443723,0.612802220678943,0.125558453905094
24887,0.244405632418929,0.622225808207793,0.0727320561134893,0.0606365032597887
24888,0.219500550414129,0.389525498170618,0.246443649511524,0.144530301903729
24889,0.094574664547592,0.335971805269565,0.474944556878748,0.0945089733040946
24890,0.163482241557762,0.160435849610339,0.183271754043922,0.492810154787977
24891,0.365415241620627,0.14803558806997,0.0643934504974828,0.42215571981192
24892,0.282205210451546,0.0918751332096848,0.229508141221442,0.396411515117328
24893,0.26711490461769,0.274561767990444,0.150338082530109,0.307985244861757
24894,0.121822152976806,0.445618170506319,0.139698656771815,0.292861019745059
24895,0.0471530094896982,0.0595853327162866,0.479040531801321,0.414221125992694
24896,0.0691630237869845,0.258111723190662,0.210922066336342,0.461803186686012
24897,0.181101949324117,0.0756820576383198,0.610934405408305,0.132281587629259
24898,0.257664249456641,0.143616192405772,0.283096305149398,0.315623252988188
24899,0.0263451877187232,0.194133202817769,0.624965429763361,0.154556179700147
24900,0.0863608812572136,0.114540380499552,0.37210656277659,0.426992175466645
24901,0.277091629792347,0.0650422206739001,0.335223176590142,0.322642972943611
24902,0.386383380018659,0.0774260906772554,0.190077953113383,0.346112576190703
24903,0.309029306671287,0.0881065315597677,0.128008244479725,0.47485591728922
24904,0.0690087440459896,0.331766481408847,0.0391661242561856,0.560058650288978
24905,0.0566933693810703,0.0647619705448216,0.704796546460753,0.173748113613355
24906,0.14128349166795,0.0346833770682025,0.380365737134022,0.443667394129825
24907,0.156081574116433,0.0669304560126407,0.0246955138578207,0.752292456013106
24908,0.0289575589486241,0.296453984076485,0.466861138418268,0.207727318556623
24909,0.0868505871043156,0.479187324325521,0.120867121104046,0.313094967466117
24910,0.200592082253285,0.314164347020939,0.342172697005787,0.14307087371999
24911,0.166738374366409,0.667916625325231,0.0869733903318186,0.0783716099765417
24912,0.101359442782035,0.256814372583628,0.35251675419941,0.289309430434927
24913,0.137844113264377,0.608247421389186,0.143249847016064,0.110658618330373
24914,0.320379941427733,0.300252201891645,0.248956004701949,0.130411851978673
24915,0.0812100811070101,0.387024642227469,0.373963801527572,0.157801475137949
24916,0.508044993663581,0.210881153487528,0.14552949863141,0.135544354217481
24917,0.184368311785494,0.11699257978498,0.452055730747452,0.246583377682073
24918,0.209014784146752,0.0951321710441069,0.307281694219442,0.388571350589699
24919,0.147641383420514,0.358484562208442,0.360550360968787,0.133323693402257
24920,0.0592061992424801,0.379342167474755,0.490486571177942,0.0709650621048232
24921,0.669041049583381,0.181000486742107,0.0695029650536167,0.0804554986208959
24922,0.561772520760533,0.169628502804138,0.137221158769736,0.131377817665594
24923,0.189260655577388,0.168053915248392,0.557293968633275,0.0853914605409448
24924,0.18166180188029,0.269485383625719,0.380834602688685,0.168018211805306
24925,0.181821943244135,0.664223024113913,0.0866485254900753,0.0673065071518768
24926,0.235602472367764,0.118449363344835,0.523467800159331,0.12248036412807
24927,0.185301911468899,0.454622091699183,0.124875864414411,0.235200132417507
24928,0.0998274319748738,0.362279101208988,0.364305855531393,0.173587611284745
24929,0.310331668533907,0.350125596128823,0.248258947163032,0.0912837881742373
24930,0.356067195662599,0.374629364260996,0.196705856670238,0.0725975834061672
24931,0.242346799857647,0.236874567675387,0.345866509255408,0.174912123211558
24932,0.154762925041888,0.342494271712696,0.373279692216621,0.129463111028795
24933,0.289450753084589,0.483165971181878,0.130821741799404,0.0965615339341288
24934,0.436442714386922,0.278112170831252,0.161235709816338,0.124209404965488
24935,0.223349766047486,0.356995784014669,0.314192136889824,0.105462313048021
24936,0.300952117767117,0.281975098646972,0.304543545549451,0.112529238036461
24937,0.163358822913346,0.512721710979892,0.2668444466189,0.0570750194878629
24938,0.497676413367928,0.194633925918739,0.225255745656465,0.0824339150568673
24939,0.220227853311847,0.280442453945324,0.427144393558077,0.0721852991847523
24940,0.357558950458347,0.376926023553624,0.159772136635308,0.10574288935272
24941,0.250360709712589,0.423860449389105,0.196217390383152,0.129561450515154
24942,0.454463176473925,0.164216275837845,0.312766357172257,0.0685541905159734
24943,0.370129503467867,0.15961831157047,0.24120403368651,0.229048151275152
24944,0.399763584194327,0.388579033548001,0.136974528689822,0.0746828535678497
24945,0.142552295960382,0.138372243286711,0.453640873295199,0.265434587457708
24946,0.104809962070994,0.43461190032463,0.166183418577821,0.294394719026556
24947,0.398302485209334,0.217568953401116,0.214309722358468,0.169818839031082
24948,0.440902100381628,0.276619233087109,0.21702426458107,0.0654544019501933
24949,0.237121725358296,0.426474241783907,0.286203765435487,0.0502002674223099
24950,0.179328663771539,0.352547009504098,0.352071005319817,0.116053321404546
24951,0.183345100549232,0.510976552117619,0.195369121154656,0.110309226178493
24952,0.388914089411893,0.320126703086097,0.191786737451438,0.0991724700505715
24953,0.343454029945321,0.215568153238255,0.314159140773284,0.126818676043139
24954,0.149004364895635,0.615276873064196,0.164234913916153,0.0714838481240167
24955,0.42934596625401,0.337652524258259,0.128406855633077,0.104594653854654
24956,0.168539237076136,0.333160930366234,0.366914658191058,0.131385174366572
24957,0.229371319877801,0.545038393325995,0.119078377187476,0.106511909608729
24958,0.123896124235797,0.648707629035381,0.179636365906726,0.0477598808220961
24959,0.146520951686028,0.430582057111706,0.257434766582919,0.165462224619347
24960,0.292459321186033,0.262191184651658,0.244981696994727,0.200367797167582
24961,0.410530188199382,0.211548261621885,0.292486163753994,0.0854353864247387
24962,0.0850600878844871,0.534692358697228,0.247931451643071,0.132316101775214
24963,0.246374582845865,0.438808459765088,0.173176924634876,0.14164003275417
24964,0.150980256733884,0.358693448477463,0.34676717443558,0.143559120353073
24965,0.169345437184669,0.675745486708108,0.0973963245883004,0.0575127515189227
24966,0.180931182424705,0.363463203984393,0.372393710376744,0.0832119032141582
24967,0.362404983931464,0.0919236429520476,0.427445391708862,0.118225981407626
24968,0.192311387306529,0.381715750680985,0.277063370489191,0.148909491523294
24969,0.262782525709769,0.436632552722833,0.0774661580993386,0.223118763468059
24970,0.421407687252914,0.211506039289946,0.135411646381698,0.231674627075442
24971,0.292985149440789,0.476827259459087,0.0900387761760297,0.140148814924094
24972,0.09556941095336,0.419435521561201,0.155006260081541,0.329988807403898
24973,0.131927194332207,0.722173058057986,0.0972969486700375,0.0486027989397692
24974,0.236810447244556,0.270841613202012,0.283447045460797,0.208900894092635
24975,0.156791917126749,0.470801649652045,0.243285169856954,0.129121263364252
24976,0.240655956566975,0.11991244878507,0.531932974176674,0.10749862047128
24977,0.401337373436774,0.21462793020401,0.133438183137992,0.250596513221225
24978,0.254607593223051,0.405153868806381,0.147122077104258,0.193116460866311
24979,0.349294766967774,0.3600303952509,0.186458162287867,0.104216675493459
24980,0.0894978516367911,0.380970343392775,0.403536549336692,0.125995255633741
24981,0.170420302972286,0.140722595904562,0.418035958442843,0.270821142680309
24982,0.177397904539726,0.484066064400758,0.196275252514894,0.142260778544622
24983,0.696222520340833,0.168244092354683,0.0304463780642233,0.105087009240261
24984,0.0578151336276196,0.443030116291962,0.23271955621747,0.266435193862949
24985,0.0912295214510878,0.458519329418626,0.285450807002884,0.164800342127402
24986,0.34911639130321,0.20133850312474,0.276820708308592,0.172724397263458
24987,0.079762835146966,0.426296170244108,0.427188539142215,0.0667524554667112
24988,0.208969660431831,0.325815662430212,0.201217588807191,0.263997088330766
24989,0.259479739347608,0.396511104219146,0.279816599427634,0.0641925570056116
24990,0.161072738940088,0.495216450497588,0.233020163055688,0.110690647506636
24991,0.292206801996304,0.136729610790834,0.448063786417331,0.122999800795532
24992,0.144156234056269,0.209142445198956,0.569022740408346,0.077678580336429
24993,0.584106908484112,0.172031187450741,0.167272150077704,0.0765897539874436
24994,0.495795850282544,0.201932545808813,0.17216318757069,0.130108416337953
24995,0.513964543166481,0.228315147671805,0.160520242399539,0.097200066762175
24996,0.28871061111125,0.302581703217926,0.158300000588371,0.250407685082454
24997,0.332231120408086,0.39340126791052,0.142529732931116,0.131837878750279
24998,0.246477721801617,0.155411006670203,0.434719650449328,0.163391621078852
24999,0.226792257469377,0.457445486657533,0.100044663984397,0.215717591888693
25000,0.201636501354281,0.200268835147194,0.352930237730178,0.245164425768347
25001,0.22327343276407,0.532215051851351,0.112219051338425,0.132292464046154
25002,0.148561288781889,0.131107712084472,0.584018474636427,0.136312524497211
25003,0.240110082749175,0.197260448291873,0.317807510151203,0.24482195880775
25004,0.0566162052320413,0.142071941824825,0.669015145105829,0.132296707837305
25005,0.256157907772907,0.381697077980912,0.233156790946774,0.128988223299406
25006,0.433492633535186,0.279015716581089,0.196161257303749,0.0913303925799766
25007,0.366266889765766,0.342931654379109,0.148352646275974,0.142448809579152
25008,0.206000426497258,0.140959304014603,0.530552941410087,0.122487328078051
25009,0.40489088799923,0.143295783423178,0.287969143161675,0.163844185415917
25010,0.354074318634614,0.092679166286631,0.400820567227845,0.15242594785091
25011,0.136190942406575,0.68112537884306,0.123231670635819,0.0594520081145457
25012,0.0917596338205953,0.485663908751023,0.185643407223484,0.236933050204897
25013,0.327535718245527,0.114551063136022,0.351684527452494,0.206228691165956
25014,0.116905426018912,0.192764871119088,0.596149289082649,0.0941804137793507
25015,0.370280794379663,0.24228087550873,0.189950751444885,0.197487578666722
25016,0.173669004750899,0.410437032278176,0.134310260843919,0.281583702127005
25017,0.125393273654586,0.221832225591851,0.557767580735931,0.0950069200176324
25018,0.615842946484046,0.171164055879082,0.117066668814966,0.0959263288219063
25019,0.188979441543269,0.540072954951494,0.141911713060083,0.129035890445154
25020,0.313800399456733,0.187765300658516,0.167716770031329,0.330717529853422
25021,0.198890531579742,0.113176186196238,0.425337309770772,0.262595972453248
25022,0.121743175693348,0.237878767513296,0.383559817218025,0.256818239575331
25023,0.139365715048766,0.210979134746238,0.533961457768567,0.11569369243643
25024,0.468549805024665,0.159834926179255,0.275365219548082,0.0962500492479982
25025,0.389012649649599,0.201377803364527,0.191278238586928,0.218331308398946
25026,0.395006054931376,0.346559767306748,0.153517355615751,0.104916822146124
25027,0.109786593638003,0.360933241418882,0.350709109414575,0.17857105552854
25028,0.550020896958704,0.129022331433394,0.24494696647549,0.0760098051324118
25029,0.129805361045771,0.195753465820744,0.581734542921599,0.0927066302118864
25030,0.20159687456052,0.0905584245525674,0.533871182858901,0.173973518028011
25031,0.161722115813255,0.0982502606572994,0.524130883628828,0.215896739900618
25032,0.148329129188911,0.0714658191480471,0.685986045579142,0.0942190060839
25033,0.344381763289699,0.196713391466384,0.284895614461367,0.17400923078255
25034,0.165475708457003,0.528645696148436,0.12510973239818,0.180768862996381
25035,0.319979632917303,0.18812437531118,0.226412230057117,0.2654837617144
25036,0.135467637362504,0.222284008640093,0.284422980813181,0.357825373184223
25037,0.197228759153101,0.516622368575905,0.121323248018609,0.164825624252386
25038,0.299276597962645,0.314142296068732,0.173310069114542,0.213271036854081
25039,0.1251409247508,0.293772124318736,0.348100217159217,0.232986733771246
25040,0.259348118589376,0.31171266750039,0.341551274475815,0.0873879394344192
25041,0.184772721320094,0.583956885693882,0.0638865275809523,0.167383865405073
25042,0.186914002295849,0.195649600443188,0.368412446695376,0.249023950565587
25043,0.127958222316096,0.521806109393093,0.107559536244815,0.242676132045997
25044,0.321318712379366,0.142085025825025,0.389132042881777,0.147464218913832
25045,0.106569927944427,0.241244164737323,0.53726301964809,0.11492288767016
25046,0.089345058615573,0.751927919340211,0.0494618466090944,0.109265175435122
25047,0.295092582586809,0.234544933461781,0.305172054777227,0.165190429174183
25048,0.0851714262710034,0.492874946657672,0.217684670327104,0.204268956744221
25049,0.0824304531437606,0.292835815563436,0.562869927279976,0.0618638040128273
25050,0.353709082240657,0.369962165385302,0.129256230516825,0.147072521857215
25051,0.143038868774377,0.370348965442163,0.352395526597199,0.134216639186262
25052,0.17026005044222,0.509908179825077,0.125760802679324,0.194070967053379
25053,0.218030243517079,0.224718682440973,0.217641770165822,0.339609303876126
25054,0.0518184598425625,0.599133015360214,0.222555803244169,0.126492721553055
25055,0.110910504031229,0.647863775916446,0.0899560561688049,0.15126966388352
25056,0.19125421295549,0.116900995227733,0.270382590500223,0.421462201316553
25057,0.176856573859581,0.623110053250104,0.0902424505368384,0.109790922353477
25058,0.524996039252714,0.175048438490649,0.120387561806354,0.179567960450284
25059,0.402227513270198,0.0572478570793218,0.215621212726892,0.324903416923588
25060,0.176569712434934,0.345172805305724,0.292425490501871,0.185831991757471
25061,0.0657080786367252,0.508815635518273,0.20707737438945,0.218398911455552
25062,0.226503833097738,0.493585064399239,0.0680505332060991,0.211860569296924
25063,0.0538384856567547,0.383431609955701,0.271291870265419,0.291438034122125
25064,0.245159249083572,0.445029959461548,0.060168865662844,0.249641925792036
25065,0.176183744157047,0.495880431869073,0.101540146936392,0.226395677037489
25066,0.294155000918396,0.0704559278510777,0.228211936347823,0.407177134882704
25067,0.129395787140692,0.0464119570847946,0.353304847555458,0.470887408219056
25068,0.0604241473661423,0.222386824315892,0.310090359587632,0.407098668730334
25069,0.0661765872493525,0.394734911532488,0.296472137831001,0.242616363387159
25070,0.0906415303683207,0.104583256294688,0.142507803995748,0.662267409341244
25071,0.158435218766568,0.55032091259288,0.0629463512533224,0.228297517387229
25072,0.0792789063133598,0.727299255991189,0.0580774093665319,0.135344428328919
25073,0.11034831459216,0.486810700324793,0.0367416437742968,0.366099341308751
25074,0.118674227433304,0.554503280648828,0.123801228151458,0.203021263766409
25075,0.184529863562667,0.047119719499514,0.374503330432358,0.393847086505462
25076,0.0380485963203013,0.0849792343519694,0.318071843788638,0.558900325539091
25077,0.0362713889820839,0.146923316992351,0.513968164969188,0.302837129056377
25078,0.499287576557956,0.0455585801980141,0.197491349427012,0.257662493817018
25079,0.124955839324035,0.0595900157611156,0.409658782027941,0.405795362886908
25080,0.55569280528434,0.0778408143809063,0.0552222912037561,0.311244089130998
25081,0.483327463145209,0.127610969178298,0.183948412878588,0.205113154797905
25082,0.122030097557427,0.445962818051091,0.236643628061633,0.195363456329849
25083,0.108055881516837,0.357699155887365,0.196210038456454,0.338034924139344
25084,0.490440091634467,0.144143918556274,0.271488860342443,0.093927129466815
25085,0.214016802398583,0.56495441712312,0.144628173271661,0.0764006072066362
25086,0.596559041203672,0.131124722467171,0.166195788244852,0.106120448084305
25087,0.107488270623065,0.434254882164569,0.334626640546867,0.123630206665499
25088,0.514470055829704,0.167453625749351,0.218435069370477,0.0996412490504675
25089,0.100795292090329,0.105115797127268,0.647522499876776,0.146566410905628
25090,0.507668562308914,0.201447356548021,0.177628910330475,0.113255170812591
25091,0.32890157172773,0.135761420038877,0.294301373364498,0.241035634868895
25092,0.178178263644232,0.13154292721304,0.0967730874696481,0.59350572167308
25093,0.483651408127202,0.0931574265243966,0.204298873481967,0.218892291866435
25094,0.0903483133189926,0.152192994072587,0.659097995913693,0.0983606966947283
25095,0.0805126263609457,0.486270368656503,0.325419583774179,0.107797421208372
25096,0.060751149735862,0.174504972423132,0.130371778244567,0.63437209959644
25097,0.064241433658855,0.167001864523064,0.626947623371628,0.141809078446453
25098,0.250695017700525,0.12904170347938,0.207016003810073,0.413247275010022
25099,0.0527789101073114,0.305870879639637,0.500817362161911,0.14053284809114
25100,0.175818861164757,0.299226490899487,0.454010378639275,0.0709442692964811
25101,0.44005880052723,0.163269214235182,0.289909720036588,0.106762265201
25102,0.389975506381013,0.256268552303668,0.15455626658297,0.199199674732349
25103,0.358406752575028,0.315561698075029,0.231184885379472,0.0948466639704708
25104,0.14821383384691,0.317191625652534,0.466236077760346,0.06835846274021
25105,0.177640903805119,0.319557513472274,0.416816993729576,0.0859845889930314
25106,0.304288329230912,0.328573839860562,0.273285241580146,0.09385258932838
25107,0.219958597982949,0.443708594997625,0.187204392085512,0.149128414933914
25108,0.209065127388054,0.484029489682561,0.222114142644122,0.0847912402852625
25109,0.255589545953382,0.431097586206137,0.20213977556798,0.111173092272501
25110,0.297827544390104,0.247523664315556,0.186351313109787,0.268297478184553
25111,0.307039940488955,0.184634471031606,0.263195797637798,0.245129790841641
25112,0.158660717010908,0.277134799700433,0.4146000841342,0.149604399154459
25113,0.415488354454405,0.3283286090379,0.167908068438581,0.0882749680691145
25114,0.249844522164141,0.298065932823335,0.341474819609264,0.11061472540326
25115,0.168239599925775,0.326853642886829,0.367307789611578,0.137598967575818
25116,0.344688291792965,0.313690011603905,0.221419406609461,0.120202289993669
25117,0.572269309578247,0.24122843321766,0.117040912362534,0.0694613448415581
25118,0.39499660721025,0.180848808220911,0.301579741623872,0.122574842944966
25119,0.109727941859074,0.354934522808181,0.393814669144019,0.141522866188726
25120,0.336261990738905,0.277874346110655,0.0922709304497475,0.293592732700692
25121,0.426697013549835,0.157727660378552,0.234095855308569,0.181479470763044
25122,0.37001467288455,0.293812373957937,0.218635352124778,0.117537601032735
25123,0.502099653958196,0.109347439151966,0.308490412599368,0.08006249429047
25124,0.114248493313695,0.141394936678988,0.619185907986059,0.125170662021258
25125,0.753542941446935,0.120736706916725,0.0535024945046944,0.0722178571316465
25126,0.0899318739916389,0.454938833380082,0.274223837430419,0.18090545519786
25127,0.32874085860251,0.164566960418268,0.202123973233674,0.304568207745547
25128,0.307084614507002,0.110189377855945,0.14181033376478,0.440915673872273
25129,0.30608869605919,0.149793502223876,0.491069237250766,0.0530485644661685
25130,0.216235553092629,0.171105621934765,0.147802993985988,0.464855830986617
25131,0.253051546567068,0.3947947899128,0.0423737577155476,0.309779905804584
25132,0.495761137724781,0.183268281698316,0.108828149953848,0.212142430623055
25133,0.739080854076965,0.0450985542422465,0.113639836962427,0.102180754718362
25134,0.320205271687053,0.311192594828214,0.0607168865939671,0.307885246890766
25135,0.0532180864839798,0.643166245013504,0.0695099477096233,0.234105720792892
25136,0.193477196713622,0.228945531239464,0.393752080400465,0.183825191646449
25137,0.0952396829112026,0.578516195766332,0.0942724532423143,0.231971668080151
25138,0.10397557438724,0.504463887221088,0.141811749859416,0.249748788532255
25139,0.174695076168084,0.356126125417104,0.183335427691027,0.285843370723786
25140,0.108850994297565,0.0894989068822506,0.509104352303044,0.29254574651714
25141,0.29455581789995,0.385768747788555,0.183609713968205,0.13606572034329
25142,0.323969472330133,0.319115315807069,0.0728703257414081,0.28404488612139
25143,0.148734066511777,0.223321122398039,0.177767216665978,0.450177594424207
25144,0.189735798784864,0.368338765993151,0.0895273222202101,0.352398113001774
25145,0.418881144615595,0.187010139329254,0.0901436962946434,0.303965019760508
25146,0.271220640457683,0.558026930523256,0.042031861337434,0.128720567681627
25147,0.196405063382987,0.132189773560106,0.438772639489539,0.232632523567368
25148,0.302259936517676,0.367324169093945,0.0466239656942158,0.283791928694163
25149,0.123240085110225,0.631673604354026,0.14256054526484,0.102525765270909
25150,0.12877401524401,0.133107160077508,0.495211398029369,0.242907426649114
25151,0.0351825697918994,0.504063583777219,0.200405825114198,0.260348021316684
25152,0.522647239768584,0.0887436135154927,0.0927133903362266,0.295895756379696
25153,0.398004284877396,0.509641547388275,0.0442003693076255,0.0481537984267034
25154,0.249661219605075,0.149617865054378,0.411043932235658,0.189676983104889
25155,0.0651939598226926,0.673957824542733,0.031837292982963,0.229010922651611
25156,0.125250627601412,0.72550119141856,0.0513301646705694,0.0979180163094587
25157,0.215825672016131,0.492432501021892,0.153378804315263,0.138363022646714
25158,0.499879710919872,0.314590519214196,0.097009508584582,0.0885202612813496
25159,0.16057911079527,0.471503554277103,0.16377733488603,0.204140000041597
25160,0.232483133193877,0.282927133823756,0.332222712244967,0.1523670207374
25161,0.402564852385666,0.114363754652357,0.203002081022926,0.280069311939051
25162,0.38711479801887,0.224253477367164,0.10517193333975,0.283459791274216
25163,0.12767644983112,0.163664054620495,0.582828008483157,0.125831487065228
25164,0.412649914855726,0.431827850255815,0.0668872609207917,0.0886349739676674
25165,0.151270958818422,0.151847848703269,0.194507769259,0.502373423219309
25166,0.193357070678537,0.213916067068069,0.354430576594647,0.238296285658746
25167,0.272110209375947,0.491117155175022,0.0891601642807081,0.147612471168323
25168,0.284720085023605,0.355525883836585,0.0564732262984176,0.303280804841392
25169,0.320959791048472,0.256156504913151,0.0764480415671097,0.346435662471268
25170,0.497973234823348,0.319994521280014,0.0575060706451593,0.124526173251479
25171,0.51889425134847,0.161588708394791,0.171881545441725,0.147635494815015
25172,0.193224814455537,0.436974690866839,0.184520874592649,0.185279620084975
25173,0.364585952879216,0.063538891545486,0.276266136173656,0.295609019401643
25174,0.371749449402799,0.0953909525687052,0.274518253423642,0.258341344604854
25175,0.654118053098495,0.112585083624683,0.0590436193435923,0.174253243933229
25176,0.190306555429902,0.274617177597425,0.409045772394392,0.126030494578282
25177,0.233737605263307,0.3410643617014,0.236956345007047,0.188241688028245
25178,0.228918221548743,0.258165026861788,0.397808027402728,0.115108724186741
25179,0.623758836008719,0.122463066948741,0.192115322957716,0.0616627740848248
25180,0.390516565336138,0.112368390950085,0.307885422518072,0.189229621195705
25181,0.121507306771578,0.134497017181858,0.668482351021697,0.0755133250248662
25182,0.319671295843572,0.172279309047142,0.226426705656962,0.281622689452324
25183,0.32769434936139,0.312513751584701,0.224412941377223,0.135378957676686
25184,0.168218849031331,0.237362214640161,0.426343669456675,0.168075266871833
25185,0.310214988986653,0.164842660148745,0.333211746243054,0.191730604621548
25186,0.209997706256816,0.601773585876314,0.07019765851392,0.11803104935295
25187,0.31568582247367,0.210039866740489,0.163138926663841,0.311135384121999
25188,0.161890271321835,0.118321062436002,0.528324029958423,0.19146463628374
25189,0.456360505607404,0.200057650852717,0.165223892339782,0.178357951200097
25190,0.377255854192701,0.3786275736133,0.0603745105645086,0.183742061629491
25191,0.0955953146710116,0.554760889524429,0.201120228934258,0.148523566870302
25192,0.147927269132015,0.335758569755393,0.234321828830303,0.28199233228229
25193,0.415007977343306,0.286818857844643,0.117298312828973,0.180874851983078
25194,0.194697474741839,0.398287762514413,0.236818875211011,0.170195887532737
25195,0.150583180241014,0.29047256266873,0.366406976602023,0.192537280488233
25196,0.100494107946173,0.36440167263188,0.220395912938751,0.314708306483197
25197,0.109295887990779,0.544585846251306,0.152701871397312,0.193416394360603
25198,0.25064632833815,0.378932531633838,0.102744142910594,0.267676997117418
25199,0.267546513074822,0.134395505684722,0.437326373819255,0.160731607421201
25200,0.144378944921301,0.470224912613031,0.107983577511297,0.27741256495437
25201,0.175342600029465,0.16928279268198,0.323934742951719,0.331439864336837
25202,0.25811489485205,0.152992588489097,0.351375609334523,0.23751690732433
25203,0.437672769892355,0.330195088684556,0.122795322041719,0.10933681938137
25204,0.1212887832972,0.126949867972032,0.500759251991826,0.251002096738942
25205,0.151890383916434,0.266193449578123,0.217163936587092,0.364752229918351
25206,0.18726835252307,0.360922188203393,0.230648908088194,0.221160551185343
25207,0.115587235571611,0.193937639518741,0.274128733739617,0.416346391170031
25208,0.340642489431278,0.24057872191499,0.209536714044075,0.209242074609656
25209,0.162136691536196,0.0541556672779248,0.528663945830865,0.255043695355013
25210,0.166902181562859,0.160004115105039,0.502251221290823,0.170842482041279
25211,0.0756587977229485,0.296162243161672,0.39567621655028,0.2325027425651
25212,0.33884387173016,0.22069391051913,0.16393261411954,0.27652960363117
25213,0.135450415688339,0.129154524874973,0.504234059304909,0.231161000131779
25214,0.187903725276381,0.280507075330032,0.346625668389249,0.184963531004338
25215,0.311760189746442,0.285894754973406,0.297796704413348,0.104548350866805
25216,0.265577219388832,0.442678619872572,0.165897386544381,0.125846774194215
25217,0.495369097143643,0.291745680066683,0.148775216355216,0.0641100064344572
25218,0.306942792092598,0.422593668353791,0.129048763765015,0.141414775788596
25219,0.285871181806115,0.490287119513198,0.091156718053953,0.132684980626735
25220,0.275488603893771,0.191432566585221,0.364708942647631,0.168369886873377
25221,0.131010831545736,0.628393758661213,0.141899762332998,0.098695647460053
25222,0.1471940639407,0.293165165107179,0.467850716606545,0.091790054345576
25223,0.224405546447004,0.368531692372249,0.188344856582128,0.218717904598618
25224,0.0842482629274192,0.714062246380903,0.0982107856084412,0.103478705083237
25225,0.38452077065958,0.118185039165356,0.322329907617339,0.174964282557726
25226,0.656724176253189,0.128307044578938,0.146508074926183,0.0684607042416908
25227,0.0816787330214131,0.7047784204042,0.129422390005059,0.0841204565693276
25228,0.139294359075123,0.174620472345907,0.540098640288664,0.145986528290306
25229,0.0885821619131415,0.176180111928802,0.554779091918609,0.180458634239447
25230,0.14615427393776,0.158645459390249,0.605696185217177,0.0895040814548136
25231,0.0770228619353149,0.555688679963697,0.209911019850726,0.157377438250262
25232,0.250329922943425,0.446313219018641,0.111488821904868,0.191868036133066
25233,0.241890455994409,0.339404549304939,0.324123653261325,0.0945813414393278
25234,0.207969979308229,0.352976540142638,0.374137389362265,0.0649160911868671
25235,0.401549382019762,0.220553305816268,0.296046617335425,0.0818506948285455
25236,0.333480876466919,0.311776701668213,0.271192263217651,0.0835501586472169
25237,0.303404731329925,0.450074882201649,0.178859120105225,0.0676612663632013
25238,0.314072059512179,0.245561676082772,0.340235598546629,0.100130665858421
25239,0.349764245281318,0.382617246789746,0.16627380667129,0.101344701257645
25240,0.229645953634212,0.240404691229982,0.450867560994316,0.0790817941414907
25241,0.535851497412974,0.234991226757395,0.17984930892439,0.0493079669052402
25242,0.178618268046633,0.324361193803031,0.389347511476164,0.107673026674172
25243,0.205903960012235,0.40713891084558,0.304177953960061,0.082779175182124
25244,0.30195667475153,0.421020909366247,0.167728880711753,0.10929353517047
25245,0.260107419318742,0.184474310085245,0.503055646527162,0.0523626240688507
25246,0.31111241231754,0.371717762328284,0.240665456773382,0.0765043685807939
25247,0.231830986419003,0.270236333613683,0.360941067385138,0.136991612582176
25248,0.228381071652312,0.356286240381432,0.259260545408105,0.156072142558151
25249,0.187877756762275,0.535086475569651,0.226107101516485,0.0509286661515886
25250,0.266227233540105,0.371318729191107,0.251301408883936,0.111152628384852
25251,0.184621937378941,0.306925214248656,0.327816412550792,0.180636435821612
25252,0.606137114465211,0.148649576320981,0.148859338485245,0.0963539707285638
25253,0.317840114739266,0.356298247597072,0.16138801540963,0.164473622254033
25254,0.419014804948328,0.280591104938671,0.0634165221779813,0.236977567935019
25255,0.477406286372308,0.297427906028459,0.0766086556644969,0.148557151934736
25256,0.106605662177616,0.752555981873236,0.0823250827428936,0.0585132732062544
25257,0.17562765635461,0.257459989051512,0.43299650072483,0.133915853869048
25258,0.475269532082596,0.171239245044287,0.120230732314214,0.233260490558903
25259,0.188122333720971,0.485362577256474,0.190801718447724,0.135713370574831
25260,0.0759584897283701,0.550092912022831,0.195710174230244,0.178238424018554
25261,0.541568782093347,0.181152623168495,0.200351814059866,0.0769267806782927
25262,0.252466784775921,0.388765915410648,0.0830665283545929,0.275700771458839
25263,0.417356750805175,0.17549737784398,0.2563828663283,0.150763005022545
25264,0.163450928517718,0.156180733522673,0.429336488789981,0.251031849169628
25265,0.611640735492317,0.255250316603423,0.0539796575901421,0.0791292903141174
25266,0.128319050354317,0.543441991073165,0.228595104210986,0.099643854361533
25267,0.100572058711639,0.256878946393807,0.481378182149848,0.161170812744706
25268,0.124001019186322,0.258072654196295,0.539447068284237,0.078479258333147
25269,0.242914897955975,0.269020055429397,0.132505217625299,0.355559828989329
25270,0.452914662641787,0.157733476179204,0.181743301328822,0.207608559850188
25271,0.0570999846278032,0.250916364328205,0.609954073125015,0.0820295779189761
25272,0.209078474644334,0.276374134676291,0.290469126456263,0.224078264223113
25273,0.251467960553174,0.269813201682274,0.235596732891004,0.243122104873547
25274,0.331972943552801,0.172492625192352,0.284707849667782,0.210826581587066
25275,0.4817746831087,0.326746828693595,0.104264287303683,0.0872142008940222
25276,0.386217386640448,0.331296658319435,0.191234866949914,0.0912510880902035
25277,0.147556017563278,0.113010112462961,0.522377359853038,0.217056510120723
25278,0.376460632213075,0.394462369976973,0.0906785479972982,0.138398449812654
25279,0.511097553525305,0.15470802101662,0.0584763433034866,0.275718082154588
25280,0.139246398976622,0.113072553493913,0.664872472299508,0.0828085752299572
25281,0.22948820485304,0.0711436882689159,0.613395663161224,0.0859724437168204
25282,0.53239212690327,0.0874571646127702,0.148785419975344,0.231365288508616
25283,0.257674562822955,0.117975776503146,0.378444223240407,0.245905437433492
25284,0.176425874060757,0.576796197461164,0.120367494729347,0.126410433748732
25285,0.485705897216642,0.178257643924398,0.112552769607721,0.223483689251239
25286,0.484509047455626,0.178081100428119,0.13839005708137,0.199019795034886
25287,0.110127117282959,0.691588273940757,0.114674077408711,0.083610531367573
25288,0.114507322920944,0.0801420102024078,0.332052514477018,0.47329815239963
25289,0.0703664732060197,0.454445341397394,0.207380554809897,0.267807630586689
25290,0.255677083744799,0.411267402930892,0.119642576180834,0.213412937143475
25291,0.435269009163839,0.193413377365793,0.118952917877875,0.252364695592494
25292,0.14847200960151,0.0784296004225086,0.286738166640592,0.486360223335389
25293,0.0873136486559011,0.351642902885,0.193170374749019,0.36787307371008
25294,0.141021468238313,0.463303552671051,0.0568874217910048,0.338787557299632
25295,0.127620522796689,0.114945141330483,0.374268272643378,0.383166063229449
25296,0.11019859304114,0.756121251706595,0.0439155844591004,0.0897645707931644
25297,0.0623145351904569,0.598632656670478,0.12673496124143,0.212317846897635
25298,0.74901634416875,0.0827501333794928,0.0267238265713019,0.141509695880455
25299,0.515950616576347,0.0900815930577586,0.250013114329857,0.143954676036038
25300,0.242735239190521,0.544550595327189,0.0347901731575101,0.177923992324781
25301,0.450868203807755,0.0655556626884537,0.14759799183956,0.335978141664231
25302,0.549107619385561,0.0844374852335629,0.12529125787115,0.241163637509726
25303,0.075416472568661,0.612287212815913,0.165981099651698,0.146315214963727
25304,0.0474758998492055,0.121362505441939,0.637359076237491,0.193802518471365
25305,0.69572161301977,0.097472471119846,0.0757060459322879,0.131099869928096
25306,0.162648932708077,0.416036285378926,0.0446961149556787,0.376618666957318
25307,0.0775706906619566,0.337764749903714,0.0954648729119956,0.489199686522334
25308,0.133639738626013,0.701599992692038,0.0414024184049894,0.12335785027696
25309,0.217603073288697,0.245876612593852,0.352894965733806,0.183625348383645
25310,0.354727266782501,0.432206573184847,0.104301460050652,0.108764699982
25311,0.373872666154404,0.318001090128448,0.20599463671553,0.102131607001619
25312,0.241050318648273,0.201252482618253,0.47248113175269,0.0852160669807843
25313,0.313079460691608,0.260370845242165,0.26786045712126,0.158689236944967
25314,0.426092797110387,0.262546266418621,0.12709332555618,0.184267610914812
25315,0.425388392925245,0.242433476699508,0.253292958452538,0.0788851719227096
25316,0.313185614452616,0.283389529996135,0.187111711184185,0.216313144367064
25317,0.353580160226725,0.231299807983447,0.281255883006299,0.133864148783529
25318,0.432426009566594,0.265800860233592,0.196491133305495,0.105281996894319
25319,0.3992534458468,0.400749065652382,0.114525757066175,0.0854717314346425
25320,0.188915759609071,0.189089670379614,0.475704353374636,0.14629021663668
25321,0.134219633676609,0.256482746953236,0.460760178672768,0.148537440697388
25322,0.326650976791843,0.200810517832844,0.389025103838061,0.0835134015372527
25323,0.405338992937271,0.135379054369847,0.318026436087046,0.141255516605835
25324,0.300315241582994,0.384392281614611,0.150867606419497,0.164424870382898
25325,0.311878500669939,0.456381863447798,0.0687284815187681,0.163011154363495
25326,0.19914421324817,0.118876900194264,0.395499678450015,0.28647920810755
25327,0.129535285186121,0.42327192930618,0.204549116719835,0.242643668787864
25328,0.145859089297312,0.0862513956985373,0.59425124659067,0.173638268413481
25329,0.325909761083657,0.0682621718097422,0.12478989777515,0.48103816933145
25330,0.0811011667629891,0.178332829523581,0.474386794667856,0.266179209045574
25331,0.164015932402911,0.479660559158175,0.0426687438964516,0.313654764542462
25332,0.30759702241602,0.231237317416103,0.0649331973100372,0.396232462857839
25333,0.13749596751034,0.330863902827767,0.0740503594381201,0.457589770223773
25334,0.304225823104273,0.419948415785632,0.0285883440178622,0.247237417092234
25335,0.050469846910564,0.314376360726772,0.234659480795602,0.400494311567062
25336,0.0544073102445679,0.234914390324358,0.498320290548081,0.212358008882993
25337,0.0832248540683673,0.048323412509734,0.476471530689226,0.391980202732673
25338,0.105786446837388,0.110039058168726,0.513143752780312,0.271030742213574
25339,0.380099182316227,0.0474019917662227,0.327744744506219,0.244754081411331
25340,0.0851879086365743,0.622074506863198,0.0941025093804456,0.198635075119782
25341,0.038395137027453,0.662931876512639,0.0692830195065186,0.22938996695339
25342,0.0521868946044697,0.216142944861789,0.533376827680925,0.198293332852817
25343,0.131819689658505,0.462203365614751,0.285537374282284,0.120439570444461
25344,0.174389460636961,0.123850747728806,0.457536828391024,0.244222963243209
25345,0.0859153464343849,0.206949850154783,0.425517684682579,0.281617118728253
25346,0.38167883482054,0.0418388383242108,0.195546372586465,0.380935954268784
25347,0.494409741669762,0.21523941332974,0.142955747647015,0.147395097353484
25348,0.362204564797328,0.20722960870923,0.190809791273111,0.239756035220332
25349,0.208469778833151,0.24972908646965,0.428325065248075,0.113476069449124
25350,0.42402009741604,0.198254612475806,0.224149939992787,0.153575350115368
25351,0.269586867711946,0.187515101772536,0.31430920068627,0.228588829829247
25352,0.407211574128095,0.177317340334115,0.118814456617291,0.296656628920499
25353,0.222619658593389,0.145197865120047,0.28381729287826,0.348365183408304
25354,0.522763961424388,0.158886269068865,0.222583537618141,0.0957662318886064
25355,0.141030150692084,0.464997916104472,0.0924280115364851,0.301543921666959
25356,0.142457974029029,0.283721884843854,0.203190458711023,0.370629682416094
25357,0.214051115485252,0.405258672302135,0.254143672491681,0.126546539720932
25358,0.378492032264715,0.251099705498907,0.192602544644702,0.177805717591676
25359,0.443062207864212,0.0931740474976155,0.36117331295264,0.102590431685532
25360,0.140080550479293,0.234792394488766,0.39013744840903,0.234989606622911
25361,0.343917232993045,0.157965537478163,0.326000856512704,0.172116373016087
25362,0.113468708780175,0.134725443144643,0.536516627800314,0.215289220274869
25363,0.136820704161063,0.282763976219619,0.254589529587479,0.325825790031839
25364,0.172869607703296,0.150123438879618,0.423728258092115,0.253278695324971
25365,0.371626219741589,0.063986732645157,0.151241057609699,0.413145990003555
25366,0.170799195201168,0.371071235726416,0.317937496283349,0.140192072789066
25367,0.132834326412416,0.387623572400367,0.365962143290684,0.113579957896533
25368,0.413349964419775,0.366231013418659,0.160701816316994,0.0597172058445724
25369,0.35038131833588,0.176683126617905,0.36421115192295,0.108724403123265
25370,0.233934237290133,0.270741904261525,0.34637463201114,0.148949226437202
25371,0.178446485229049,0.574410978974832,0.153538310874116,0.0936042249220039
25372,0.380374727681582,0.0998298780949302,0.442675437550956,0.0771199566725322
25373,0.147843505058864,0.465697946053588,0.280411940652291,0.106046608235258
25374,0.11587164029091,0.311162332484114,0.499616119129218,0.0733499080957582
25375,0.219198610601354,0.544685303746679,0.143710458185304,0.0924056274666633
25376,0.253051608066629,0.205859558893767,0.402541703175774,0.13854712986383
25377,0.166072226711016,0.494030679411301,0.216253842084631,0.123643251793052
25378,0.427379438078393,0.219952930642922,0.264720971193482,0.0879466600852024
25379,0.233184435158675,0.549732534620405,0.128450011447661,0.0886330187732585
25380,0.191094504785158,0.493747560631022,0.200816604327954,0.114341330255866
25381,0.236541203498147,0.34516032155425,0.162763604095514,0.25553487085209
25382,0.516362548013906,0.173614915088514,0.170124409420295,0.139898127477285
25383,0.112551103425072,0.625817456401101,0.188947100192059,0.072684339981767
25384,0.16971911068624,0.169373229452985,0.479193946581205,0.18171371327957
25385,0.131215998231483,0.188887511373745,0.511859248192887,0.168037242201885
25386,0.452464471137274,0.158783296032864,0.146105082597738,0.242647150232124
25387,0.260445958987095,0.209035275781551,0.197859408367393,0.332659356863962
25388,0.206806810310316,0.230646184451861,0.467117126026368,0.0954298792114547
25389,0.249116722884885,0.391555116185738,0.184509404762124,0.174818756167253
25390,0.125415825759496,0.222888998834692,0.56599780916255,0.0856973662432619
25391,0.272840577709739,0.256758689309151,0.256891441619754,0.213509291361356
25392,0.197024877841297,0.10400130141344,0.539212380013365,0.159761440731898
25393,0.0988424014457939,0.561505604304217,0.220760276494045,0.118891717755944
25394,0.0864138118206876,0.19198951894909,0.663647843215196,0.0579488260150264
25395,0.102205905781057,0.198170008797108,0.38987193158434,0.309752153837495
25396,0.135307699554866,0.588685332176336,0.146020746427762,0.129986221841036
25397,0.144462555417862,0.166358716041668,0.558486647273834,0.130692081266636
25398,0.314241442743631,0.127365976873904,0.307671932843955,0.25072064753851
25399,0.157815511815016,0.282095057233886,0.200463783373071,0.359625647578028
25400,0.0863978352371004,0.450191429276472,0.22693541577635,0.236475319710077
25401,0.239183816927112,0.167047525022085,0.330363044047838,0.263405614002965
25402,0.456065192562209,0.107814069375619,0.226810651386053,0.209310086676119
25403,0.126321665570675,0.266612922158431,0.438790047254541,0.168275365016354
25404,0.35660169243021,0.184577675858296,0.268071018451343,0.190749613260151
25405,0.409304440150257,0.306845762653732,0.181205925478345,0.102643871717666
25406,0.143508361602889,0.387157019070184,0.22037583818585,0.248958781141077
25407,0.164640552696444,0.0977783059508511,0.485230101246662,0.252351040106043
25408,0.262262901770331,0.346853043791687,0.145337520752841,0.245546533685141
25409,0.19010437271713,0.119471350254887,0.555995817555581,0.134428459472402
25410,0.0586588622527395,0.2756743598637,0.50981090378796,0.155855874095601
25411,0.200109472819464,0.190710609255273,0.15636467560998,0.452815242315283
25412,0.510254636415017,0.218083594242313,0.170722280825059,0.100939488517612
25413,0.710402467349631,0.126414928413215,0.0838314715569425,0.0793511326802114
25414,0.1166203457704,0.10813339265919,0.66586637102657,0.109379890543841
25415,0.100205815307029,0.242850989170518,0.361244316768928,0.295698878753525
25416,0.203473902271296,0.243746249055554,0.334292408931097,0.218487439742052
25417,0.069518723591569,0.181709326476634,0.651013919596886,0.0977580303349108
25418,0.0823794401167752,0.590539333692863,0.111605504824303,0.215475721366058
25419,0.159557772974517,0.414324644932389,0.337621557013539,0.0884960250795554
25420,0.13018754941429,0.34291288043517,0.23112334448082,0.29577622566972
25421,0.436678072626271,0.234340815458275,0.242295147802603,0.0866859641128507
25422,0.334243899957799,0.149915394273774,0.0748871563715822,0.440953549396845
25423,0.402742175955805,0.12177476371155,0.306093440357832,0.169389619974813
25424,0.179754372849424,0.221580810842895,0.457106285885632,0.141558530422049
25425,0.19093084404601,0.158105529434062,0.488128903834755,0.162834722685173
25426,0.158456095397526,0.518274041694922,0.146691827327983,0.176578035579569
25427,0.203306310775162,0.273052884647937,0.293696390967258,0.229944413609644
25428,0.132549149729655,0.0720536572393375,0.586339797606938,0.20905739542407
25429,0.353142187891455,0.116298024536675,0.290134826157429,0.240424961414441
25430,0.548036942460795,0.125706808534558,0.205554588303711,0.120701660700936
25431,0.116428316766001,0.572538064079041,0.178670298556885,0.132363320598073
25432,0.288595705242097,0.133415532074595,0.255275762414431,0.322713000268876
25433,0.0796726297898904,0.106721314213633,0.515817963088044,0.297788092908434
25434,0.414656646242512,0.115501071704222,0.233648111057492,0.236194170995774
25435,0.452141709670032,0.252855153452449,0.110127201394586,0.184875935482933
25436,0.144715394803613,0.572342051362192,0.0426221385698677,0.240320415264328
25437,0.434648828732486,0.229334937012663,0.164338777331194,0.171677456923658
25438,0.185264759069624,0.239736875570462,0.428774305565801,0.146224059794113
25439,0.126587243352589,0.102362024799195,0.441890877735821,0.329159854112395
25440,0.0924324773284854,0.0698914537834694,0.572087913665591,0.265588155222455
25441,0.368370392071842,0.230058464413242,0.135209424990963,0.266361718523954
25442,0.143057029272631,0.119422919989023,0.577250130893104,0.160269919845242
25443,0.456611596116943,0.205095454350369,0.135226082713806,0.203066866818882
25444,0.126461790343725,0.199211453931936,0.347199364609145,0.327127391115194
25445,0.1705434955503,0.521337898497925,0.139031618753482,0.169086987198292
25446,0.408310188147626,0.236454962922983,0.141546926015845,0.213687922913546
25447,0.212506875071079,0.312522015606834,0.164285195256101,0.310685914065987
25448,0.320233344241153,0.35204437639996,0.108075062510749,0.219647216848138
25449,0.123256218480214,0.474042730850724,0.160189168735183,0.242511881933879
25450,0.573353916069131,0.192484465735784,0.139841762083166,0.0943198561119193
25451,0.281273659688067,0.495927346280516,0.146848792600943,0.0759502014304746
25452,0.540715323031961,0.250321436686511,0.0681246969097523,0.140838543371776
25453,0.114766208588798,0.132346622314631,0.243328284779063,0.509558884317508
25454,0.254710629065532,0.179073144684009,0.377610630680281,0.188605595570179
25455,0.322468799565008,0.235994532156765,0.165492237305325,0.276044430972902
25456,0.182588411022896,0.166820548109836,0.226704330068789,0.423886710798479
25457,0.121863176516197,0.141130722016199,0.566177469897377,0.170828631570226
25458,0.51581414712136,0.157866389753576,0.155813605418189,0.170505857706876
25459,0.732685288346929,0.0569724598042095,0.118258611513309,0.0920836403355527
25460,0.0774131263671894,0.235953947639206,0.584402851916537,0.102230074077067
25461,0.0625938307522887,0.0949340107144513,0.378299157916017,0.464173000617243
25462,0.165445299900254,0.354769498094199,0.0541141945480978,0.425671007457449
25463,0.347430384918659,0.0810863612690508,0.216871685413935,0.354611568398355
25464,0.0443206455673738,0.409256023434094,0.226114929404615,0.320308401593918
25465,0.662047803512899,0.150775951955639,0.0726201511470908,0.114556093384372
25466,0.101606679739472,0.134383479387378,0.653239293537838,0.110770547335312
25467,0.18459979752918,0.23708035778449,0.0542183034195102,0.52410154126682
25468,0.116990575411285,0.318552295086521,0.280791251445954,0.28366587805624
25469,0.141787764249804,0.547882237120518,0.0493949143992627,0.260935084230415
25470,0.125813403995378,0.160948564244545,0.574380216897632,0.138857814862445
25471,0.0395719297149739,0.385331818735913,0.0502706361928912,0.524825615356222
25472,0.177931485486814,0.164340248506828,0.158468283690358,0.499259982316
25473,0.335790883383195,0.137904962821749,0.253634702657082,0.272669451137974
25474,0.14467804375121,0.514498739862809,0.0431025206806412,0.297720695705341
25475,0.114852205536695,0.449352726241023,0.128030686161646,0.307764382060637
25476,0.234791849758416,0.329977596353821,0.0224919726506811,0.412738581237082
25477,0.135090702586854,0.100872306821429,0.282311309252011,0.481725681339705
25478,0.0618473555318823,0.349078655037579,0.0340079575438903,0.555066031886648
25479,0.0307883793580891,0.0346459293827724,0.756321024648126,0.178244666611012
25480,0.250485539623704,0.142050423880061,0.348543124825265,0.258920911670971
25481,0.20983464099347,0.576879274089379,0.0927331845266983,0.120552900390453
25482,0.413554484586387,0.198677012388914,0.257664794236657,0.130103708788042
25483,0.192559495444823,0.473627182133728,0.237163321196249,0.0966500012251995
25484,0.305624298903848,0.119149701330428,0.246110641367119,0.329115358398605
25485,0.486250562352065,0.202572976070342,0.157862281850381,0.153314179727213
25486,0.171224024734379,0.19954681218089,0.437213443628939,0.192015719455792
25487,0.302013554187826,0.169176715514058,0.175344483699646,0.35346524659847
25488,0.332106310745013,0.16079716834286,0.190121975866981,0.316974545045146
25489,0.266137128459793,0.330911482705135,0.178940924944407,0.224010463890666
25490,0.113602894801422,0.142944455602679,0.617329468124772,0.126123181471127
25491,0.130689208145405,0.362870408968632,0.175340881184533,0.33109950170143
25492,0.491616373690822,0.18548608655939,0.177137537026718,0.145760002723071
25493,0.0555315410652301,0.0804507576630316,0.304372628988109,0.55964507228363
25494,0.483872150508343,0.231767900334959,0.0956750958329872,0.188684853323711
25495,0.326258591403373,0.131129067441725,0.316187585156229,0.226424755998674
25496,0.0743820749903204,0.180951130203032,0.652878587504279,0.0917882073023688
25497,0.0650464150760849,0.0714669296101615,0.752659504167151,0.110827151146603
25498,0.670124176556687,0.0601621401904324,0.0705125121553145,0.199201171097566
25499,0.185737195044093,0.181909543647123,0.477122657168806,0.155230604139979
25500,0.496310639449182,0.123681243193409,0.266997323715079,0.113010793642331
25501,0.162104835825172,0.398041073834462,0.281246293211175,0.158607797129192
25502,0.38943581469275,0.161868771910922,0.33685213457734,0.111843278818988
25503,0.098244732558621,0.137291393615476,0.57291965538953,0.191544218436373
25504,0.201836915576943,0.590929350960361,0.108358458519648,0.0988752749430491
25505,0.211901648551,0.358084847021722,0.248792655544699,0.181220848882579
25506,0.180818617405274,0.147576951370139,0.483376938833784,0.188227492390804
25507,0.207865015919694,0.301237948860992,0.138058587453902,0.352838447765412
25508,0.076342870420127,0.581079314205121,0.264163010877729,0.0784148044970222
25509,0.355438989553581,0.172425782457838,0.297767185993703,0.174368041994878
25510,0.25537853650663,0.223413798061176,0.295241287105291,0.225966378326903
25511,0.563398131522478,0.133493543754106,0.122393888258612,0.180714436464804
25512,0.388061247327604,0.195598362255787,0.285044116989569,0.131296273427039
25513,0.135921765534049,0.294705912299947,0.211772202035349,0.357600120130656
25514,0.175889612059302,0.274867886965149,0.373746650335842,0.175495850639707
25515,0.101915632790602,0.514835303680511,0.114151007664854,0.269098055864033
25516,0.167465630019762,0.514146132568576,0.0862362912738276,0.232151946137835
25517,0.32680266992081,0.220731117317774,0.181520862424931,0.270945350336484
25518,0.382719492237411,0.227063997901839,0.246339152606516,0.143877357254234
25519,0.195276652389432,0.432832894658961,0.291480787216694,0.080409665734913
25520,0.157251658170785,0.333889333051175,0.423936939267731,0.0849220695103091
25521,0.335923166710902,0.349270792240677,0.0956030990385458,0.219202942009875
25522,0.157287939440995,0.485238751246805,0.184132852898566,0.173340456413634
25523,0.641531563147055,0.0917174067642587,0.153399687580333,0.113351342508353
25524,0.173443261387496,0.231931427800624,0.41702357636557,0.17760173444631
25525,0.4782610558154,0.205431280380618,0.103162625698218,0.213145038105764
25526,0.196924441306755,0.601346502267854,0.098153491484403,0.103575564940988
25527,0.334563610116385,0.289302244430404,0.200073538506657,0.176060606946554
25528,0.480749525916145,0.102412662863496,0.267879062106482,0.148958749113877
25529,0.498555329821607,0.148075256154993,0.230923478044387,0.122445935979013
25530,0.174872043358592,0.544080783711734,0.114678263179973,0.166368909749702
25531,0.038267059714088,0.178023930818749,0.726213799437125,0.0574952100300377
25532,0.143549602480758,0.54799815710272,0.204673879822318,0.103778360594203
25533,0.271150847493076,0.132336414117732,0.493788322527205,0.102724415861987
25534,0.0881725439316593,0.594860613104979,0.174912778687043,0.142054064276319
25535,0.304432688146333,0.480373419857415,0.0523328286929881,0.162861063303264
25536,0.0648162340026638,0.29469052152529,0.461127939050428,0.179365305421618
25537,0.153909710059333,0.275671876881088,0.350893674083326,0.219524738976253
25538,0.464833202419272,0.144879869028011,0.229984187784368,0.16030274076835
25539,0.466654647825513,0.240962333410187,0.191216216072835,0.101166802691465
25540,0.115325038422683,0.147439328370955,0.623398361713936,0.113837271492426
25541,0.472600327485085,0.235042915838317,0.193870547103401,0.0984862095731973
25542,0.152457433082642,0.452355135028874,0.159750953759348,0.235436478129136
25543,0.281232319433153,0.161788208227622,0.399052988011804,0.15792648432742
25544,0.311898212853227,0.446147957473307,0.0581150333769033,0.183838796296562
25545,0.311979044604718,0.155291731632551,0.330260175318679,0.202469048444052
25546,0.318052302679098,0.454042582142557,0.0957814743189117,0.132123640859433
25547,0.118457526726422,0.176117954148887,0.544843069946594,0.160581449178097
25548,0.165651125072923,0.204444565220131,0.373050416884831,0.256853892822116
25549,0.114742770414159,0.112909348996766,0.520700348003616,0.251647532585459
25550,0.2580769693955,0.111618198484884,0.112026190197644,0.518278641921972
25551,0.244314950094726,0.16395538440389,0.217117046998046,0.374612618503337
25552,0.162136997050861,0.422027125214639,0.190098606778956,0.225737270955545
25553,0.0992622148895833,0.6195752048654,0.129855612745147,0.151306967499871
25554,0.0616348272561659,0.643223132958232,0.124898570378178,0.170243469407424
25555,0.493247856983934,0.130315344376655,0.061617184590097,0.314819614049314
25556,0.217523844113898,0.62706526677874,0.110102820264649,0.0453080688427128
25557,0.409553460137474,0.316762991384754,0.220822393063709,0.0528611554140633
25558,0.516435296419019,0.222630132476388,0.152811966416412,0.108122604688182
25559,0.571043715172266,0.188896046136714,0.201514639623038,0.0385455990679824
25560,0.342413736099109,0.461737246331877,0.100933462544493,0.0949155550245211
25561,0.253340237456446,0.483526059098447,0.147299212266144,0.115834491178962
25562,0.243946153803223,0.267498691978007,0.387478398802564,0.101076755416206
25563,0.451303816763043,0.204267726510208,0.285258295971296,0.0591701607554532
25564,0.0855761906623545,0.214316885529471,0.650325325535243,0.049781598272932
25565,0.477185408004687,0.10565101375587,0.267220176507386,0.149943401732058
25566,0.127023797627645,0.494214905193894,0.244054419871167,0.134706877307294
25567,0.0662715717605732,0.495147469082744,0.320880909763241,0.117700049393442
25568,0.548677595615997,0.266765606160936,0.138394200346974,0.0461625978760927
25569,0.32412111977371,0.282845772504099,0.351823235132238,0.0412098725899531
25570,0.392515845509492,0.235587643079845,0.264224010859773,0.107672500550889
25571,0.352981221056544,0.252689449467005,0.217426793365968,0.176902536110482
25572,0.533163077934588,0.177315366318682,0.176431959722203,0.113089596024527
25573,0.123910267476858,0.712578145564076,0.111510209529189,0.052001377429877
25574,0.145468483271142,0.104252195057217,0.597873700981461,0.15240562069018
25575,0.334838923760903,0.339757290472684,0.25565064189087,0.069753143875543
25576,0.354841864659889,0.33225348562234,0.230177643398236,0.0827270063195349
25577,0.419285751439403,0.170460901543357,0.253017454151704,0.157235892865535
25578,0.373877916549098,0.371546560586566,0.141280616804559,0.113294906059778
25579,0.530806351729053,0.213289729122357,0.174169735163101,0.0817341839854888
25580,0.248757117629513,0.36415437323276,0.246259306022545,0.140829203115183
25581,0.42233589886075,0.228506059160805,0.160787148137086,0.188370893841359
25582,0.140717924889908,0.28533445953136,0.194770900487809,0.379176715090923
25583,0.496129122792943,0.159048209203785,0.280840603276345,0.0639820647269274
25584,0.304922651933041,0.334596077911326,0.167648802277448,0.192832467878185
25585,0.209702837932049,0.357557740209383,0.177779515573848,0.25495990628472
25586,0.147059579588555,0.240714234858207,0.554555525242758,0.0576706603104804
25587,0.543716024426421,0.262662353921991,0.130501941653062,0.0631196799985257
25588,0.281352165200874,0.27093909956236,0.191744322636239,0.255964412600527
25589,0.529533670027179,0.241788585229581,0.143959141011026,0.0847186037322146
25590,0.256745696273851,0.293117790170867,0.145655099923602,0.30448141363168
25591,0.17124339244672,0.394528350936972,0.200618002875357,0.23361025374095
25592,0.437763289772407,0.406564586348507,0.0571714220462213,0.0985007018328651
25593,0.17135851352761,0.497753092245322,0.198088616233909,0.132799777993159
25594,0.242815973359593,0.345474030220013,0.271366028978196,0.140343967442197
25595,0.34936044838481,0.383716193371422,0.156515284058002,0.110408074185765
25596,0.0916317118215748,0.0631608693706545,0.729308371538997,0.115899047268774
25597,0.48939405395571,0.146514413796419,0.120288385453244,0.243803146794626
25598,0.254918025336772,0.390434386937358,0.197957247973626,0.156690339752244
25599,0.204364721140758,0.174002141598456,0.488089011907439,0.133544125353347
25600,0.164450474584354,0.167164708326528,0.566169658789759,0.102215158299359
25601,0.46887692063954,0.0566907602210466,0.390410023366146,0.0840222957732681
25602,0.376160892203658,0.112369193180127,0.262814220655579,0.248655693960636
25603,0.680805971752037,0.166775197637997,0.0802451252951804,0.0721737053147856
25604,0.08737087023128,0.662707117152607,0.210869525463773,0.0390524871523402
25605,0.098038436793929,0.099607644944211,0.391725936659653,0.410627981602207
25606,0.120953188737697,0.664486734907077,0.127001809509488,0.0875582668457383
25607,0.354357070131707,0.38702474535439,0.0934090303137869,0.165209154200116
25608,0.117868172863604,0.34073521288237,0.268591188900784,0.272805425353242
25609,0.615162345578608,0.157935616798616,0.0972397897679204,0.129662247854857
25610,0.428631219676674,0.162551066794211,0.149584106447186,0.259233607081929
25611,0.114608749838143,0.373705526649736,0.396958008434663,0.114727715077459
25612,0.107336086351778,0.241780584757954,0.565257086182028,0.0856262427082408
25613,0.341176386720124,0.252976329787642,0.332711686255108,0.0731355972371261
25614,0.346556793496391,0.253959303558692,0.240503153181935,0.158980749762982
25615,0.293054482402739,0.465762968296334,0.158818355003325,0.082364194297602
25616,0.155460550013863,0.469012877334881,0.247392362040001,0.128134210611255
25617,0.432059594063623,0.175824270270029,0.334212324727041,0.0579038109393069
25618,0.14470643627502,0.251295547272132,0.52503606959537,0.0789619468574774
25619,0.270025362723312,0.129827453689187,0.47009430773913,0.130052875848371
25620,0.246213593924101,0.162838302237952,0.428962550155536,0.161985553682411
25621,0.237370486484147,0.117323561365657,0.565352345312699,0.0799536068374963
25622,0.309129216380291,0.263699000124383,0.295165419025974,0.132006364469351
25623,0.180667230099654,0.521825592138733,0.154289139673217,0.143218038088396
25624,0.32055773348355,0.209684970809322,0.285871198194294,0.183886097512834
25625,0.18887709404451,0.292695360880896,0.288497326788351,0.229930218286243
25626,0.207639767994297,0.465424841347919,0.207282776589822,0.119652614067963
25627,0.292782388853632,0.372575344543684,0.188424899332837,0.146217367269848
25628,0.177771002187851,0.3356464420401,0.306365935526016,0.180216620246033
25629,0.335464979791932,0.342679817594995,0.255824277121419,0.0660309254916539
25630,0.209775805213453,0.541885243545553,0.10844373354365,0.139895217697344
25631,0.306420306549562,0.195244470655283,0.325743447789153,0.172591775006001
25632,0.115191469691994,0.530432575577415,0.243124884963575,0.111251069767016
25633,0.114037360590601,0.227058920940317,0.357484203641435,0.301419514827648
25634,0.388878328772696,0.214360039114624,0.210405692288551,0.18635593982413
25635,0.529342849363729,0.224246911754851,0.10299915253057,0.14341108635085
25636,0.344571132838861,0.227515936792996,0.217301220000885,0.210611710367258
25637,0.327875018214016,0.181941076864432,0.287617232461529,0.202566672460023
25638,0.262051330090581,0.336338129097933,0.108960349658965,0.292650191152521
25639,0.149094487619796,0.476619237697138,0.169016498166246,0.20526977651682
25640,0.269372698380864,0.232803104416475,0.243350361159715,0.254473836042947
25641,0.22643147812984,0.252268817620905,0.359790704067911,0.161509000181344
25642,0.0691866445336504,0.510589100639839,0.167102302678191,0.253121952148319
25643,0.152390257871168,0.6400125766264,0.0890447808677454,0.118552384634686
25644,0.558337224646398,0.109815231231544,0.155579943129782,0.176267600992275
25645,0.077588161423204,0.748270752486002,0.0788655644521315,0.0952755216386628
25646,0.196878324811838,0.125340077591931,0.565970969470874,0.111810628125357
25647,0.150925955139104,0.208314881660046,0.410272660969807,0.230486502231043
25648,0.200062595968952,0.110530951484707,0.426311044487011,0.26309540805933
25649,0.201289846345414,0.506977621687767,0.137229438438408,0.154503093528411
25650,0.0867851623593227,0.107318009076613,0.527899612805617,0.277997215758447
25651,0.445777446233542,0.237417069594474,0.21471116983437,0.102094314337614
25652,0.406315340867703,0.18271339863443,0.110998012265129,0.299973248232738
25653,0.166349265630495,0.370927317196648,0.296292674254884,0.166430742917974
25654,0.0714298038815998,0.549790065660557,0.189969277711462,0.188810852746381
25655,0.0911009547179513,0.0867650538370542,0.675288022474609,0.146845968970385
25656,0.40893678681053,0.262004525405667,0.0840193661190758,0.245039321664726
25657,0.175114536669842,0.453788066462404,0.171764441531055,0.199332955336698
25658,0.228829045328082,0.541069282956164,0.0607770283310938,0.16932464338466
25659,0.590972689622764,0.124994183463284,0.144471495767944,0.139561631146007
25660,0.117848199608591,0.671120365551489,0.0946299687622419,0.116401466077678
25661,0.141020408696177,0.0562591596845825,0.346263817978988,0.456456613640253
25662,0.291953761678483,0.455684944227523,0.0332205628979542,0.219140731196039
25663,0.104132130173223,0.0661206934813307,0.198512349583895,0.631234826761552
25664,0.0576869763641486,0.540407046093359,0.204639414811539,0.197266562730953
25665,0.0416599529158353,0.299213444178903,0.254939634905596,0.404186967999666
25666,0.130399271190482,0.11551551139068,0.204421495653877,0.549663721764961
25667,0.723323283611386,0.0532424731154693,0.0874957276411581,0.135938515631987
25668,0.223208897307315,0.107948747194424,0.0433066695609469,0.625535685937314
25669,0.0430404585005723,0.479229350754471,0.1144117938717,0.363318396873257
25670,0.482678368306097,0.255984213868116,0.162663890960356,0.0986735268654305
25671,0.203110427050778,0.447354057363218,0.280451915250924,0.0690836003350799
25672,0.120266661687941,0.363802408862174,0.317050270262073,0.198880659187812
25673,0.137521256269469,0.506387890665307,0.16852718567898,0.187563667386244
25674,0.378300129850136,0.265504808228565,0.191350609842466,0.164844452078833
25675,0.309101206331931,0.178511815858202,0.32050876392923,0.191878213880637
25676,0.134302920317484,0.63694013721071,0.125153928028322,0.103603014443484
25677,0.447713880985002,0.314407769726356,0.082533982149339,0.155344367139303
25678,0.132786382768915,0.33962348091486,0.338312844835692,0.189277291480533
25679,0.201714223288534,0.552525588414467,0.0809216326363692,0.164838555660631
25680,0.0858102698596082,0.677541848176724,0.164523938500458,0.0721239434632097
25681,0.125131591428912,0.406436592627643,0.223982059400146,0.244449756543299
25682,0.274163623514399,0.237414179769524,0.200648890647293,0.287773306068784
25683,0.404481907664072,0.222316693060282,0.246080535439415,0.12712086383623
25684,0.0546034634798817,0.529776911834439,0.22046951987934,0.195150104806339
25685,0.200038613104419,0.422442512545505,0.136890524650286,0.240628349699789
25686,0.106052886996518,0.340303021561102,0.342209623285757,0.211434468156623
25687,0.163671849017355,0.690736854917268,0.0675623687246408,0.0780289273407358
25688,0.143040787733685,0.365727667455509,0.37702515996643,0.114206384844376
25689,0.661269867302685,0.128067384956545,0.156838685569704,0.0538240621710655
25690,0.157962508187786,0.51534386271376,0.251640421775857,0.0750532073225972
25691,0.166518266637853,0.188377764381176,0.588019143096666,0.0570848258843056
25692,0.379734797181063,0.332830564390157,0.126818107782797,0.160616530645983
25693,0.200307406992076,0.4292452186261,0.286872651014137,0.0835747233676861
25694,0.38192397535371,0.170064143757348,0.280690409326803,0.167321471562138
25695,0.36411985190636,0.37183851747064,0.151832789816079,0.112208840806921
25696,0.201791939634626,0.476951768911888,0.243940853514985,0.0773154379385008
25697,0.114950332702916,0.261000587813536,0.53083671912426,0.0932123603592878
25698,0.15355997099158,0.463005388514923,0.236940207777333,0.146494432716163
25699,0.230675758859855,0.173109007546829,0.430615674169422,0.165599559423893
25700,0.228069237498372,0.217028672148414,0.444414514697783,0.11048757565543
25701,0.202716342891794,0.613320627687028,0.113436613821132,0.0705264156000465
25702,0.144781997616075,0.381470233133393,0.366971784879341,0.106775984371191
25703,0.236952521719891,0.469205188097498,0.149210920845501,0.14463136933711
25704,0.605196714518221,0.159339521946516,0.153787392994701,0.0816763705405616
25705,0.0720944832559779,0.26776802059345,0.52920525509207,0.130932241058502
25706,0.518646140758218,0.20077743078172,0.177553469976808,0.103022958483254
25707,0.266558341270555,0.4777988065714,0.129936930255125,0.12570592190292
25708,0.344091116860776,0.106288899636363,0.477103473255551,0.0725165102473106
25709,0.278620309852148,0.21678292859011,0.434657020726757,0.0699397408309844
25710,0.211199523438396,0.273430623504001,0.408332912315267,0.107036940742335
25711,0.396737681697704,0.171349974803272,0.347270474365922,0.0846418691331024
25712,0.458729782969146,0.235959416000093,0.198319568105135,0.106991232925626
25713,0.393141984803394,0.258776049072311,0.292760857523372,0.0553211086009238
25714,0.397821434782529,0.212447732588532,0.279352704580062,0.110378128048877
25715,0.279159490140062,0.26867074730856,0.387770775006517,0.0643989875448609
25716,0.305048502228533,0.2223232083846,0.365478274321871,0.107150015064996
25717,0.152549782063426,0.525751212909615,0.183909908236951,0.137789096790009
25718,0.473457296822963,0.189176610056755,0.17838763323605,0.158978459884232
25719,0.420474167349942,0.306261204553082,0.209272299775254,0.0639923283217218
25720,0.238461799193445,0.306667780329471,0.32749727468696,0.127373145790123
25721,0.28119155245433,0.189491020203213,0.458517227429761,0.0708001999126959
25722,0.249330168370574,0.310739674241472,0.175054944944472,0.264875212443482
25723,0.226010182551215,0.228190375439827,0.461361810460198,0.0844376315487601
25724,0.301633660816512,0.140817917930973,0.357847157587247,0.199701263665268
25725,0.30255041439738,0.192068804223572,0.436058597169253,0.0693221842097944
25726,0.291557915136961,0.296708981212903,0.277862157411722,0.133870946238414
25727,0.180786138639811,0.298608863838367,0.432344814131057,0.0882601833907656
25728,0.238654413573488,0.381208404853413,0.236715649240591,0.143421532332508
25729,0.228436085771839,0.293906819516831,0.393009026097581,0.0846480686137498
25730,0.63981584091378,0.137555067825613,0.172612306262705,0.0500167849979024
25731,0.438686701203272,0.110810204269519,0.300777782633097,0.149725311894112
25732,0.120659533287921,0.128313722784015,0.695727404930507,0.0552993389975569
25733,0.350355754883772,0.188117607592056,0.241181086707162,0.220345550817009
25734,0.346763622924902,0.332329121974612,0.222934694699479,0.0979725604010065
25735,0.168374743030162,0.253392543530653,0.454477729259857,0.123754984179328
25736,0.336871655973623,0.196177759158792,0.323758711135866,0.143191873731718
25737,0.206148041427564,0.643825345218331,0.0638966784877751,0.0861299348663295
25738,0.353407929235256,0.242307345950796,0.167495570307257,0.236789154506691
25739,0.167135837964579,0.131715542440225,0.557134119907031,0.144014499688164
25740,0.487161397107163,0.213448299948738,0.168759119492437,0.130631183451662
25741,0.414283785177624,0.40445471641707,0.0525492163742968,0.128712282031009
25742,0.09643957972044,0.610666532757584,0.181289731641417,0.111604155880559
25743,0.161553030996289,0.380709128714887,0.244316378959722,0.213421461329101
25744,0.447033947753796,0.305726958507998,0.109207312062281,0.138031781675925
25745,0.194744917485036,0.442746382018441,0.238538599877235,0.123970100619288
25746,0.709668732270747,0.0769647856298323,0.148003017945295,0.0653634641541252
25747,0.602264913973506,0.182489877176565,0.0926808911385456,0.122564317711383
25748,0.109066485883131,0.564797702790537,0.157429398353917,0.168706412972415
25749,0.48863476383451,0.199194515079599,0.170516433923754,0.141654287162136
25750,0.255762312053011,0.127855795524428,0.521455539080005,0.0949263533425563
25751,0.180549994850756,0.188443149403878,0.513556850394,0.117450005351367
25752,0.268913728535733,0.171479392227241,0.279013771258199,0.280593107978827
25753,0.368325718226093,0.14357406938271,0.35440449126287,0.133695721128328
25754,0.682769858171714,0.0708774003523259,0.107884846832287,0.138467894643673
25755,0.289120713571328,0.0852046709534518,0.220844984492672,0.404829630982549
25756,0.26873450244041,0.594709191741756,0.0554383851811852,0.0811179206366489
25757,0.343714076041103,0.136203061640934,0.132759789913554,0.38732307240441
25758,0.184235583833556,0.0727710719862362,0.376313991478434,0.366679352701774
25759,0.356627585757237,0.421389603529307,0.0769220978850987,0.145060712828357
25760,0.624246823891597,0.123363695680215,0.129119353472247,0.12327012695594
25761,0.124509054457023,0.409924488151094,0.094179497760073,0.37138695963181
25762,0.18510166710617,0.495084681564835,0.0950515024810262,0.224762148847969
25763,0.340565605585203,0.210243040885945,0.202333526908725,0.246857826620127
25764,0.354540078107466,0.0952185492200169,0.26947972343388,0.280761649238637
25765,0.379931636341635,0.187679881583533,0.269275648761824,0.163112833313009
25766,0.110851612086437,0.633926221727931,0.15751646835714,0.097705697828492
25767,0.407969305284858,0.313398516521699,0.107670207127403,0.17096197106604
25768,0.374990562693971,0.228840358610153,0.134406421156309,0.261762657539567
25769,0.502907759320234,0.229284236619683,0.145971491569506,0.121836512490577
25770,0.262020243533424,0.190188813519548,0.319739229118164,0.228051713828864
25771,0.0925640192297021,0.587986099602002,0.21165732747172,0.107792553696576
25772,0.143314866011929,0.442497300258162,0.177076821304707,0.237111012425202
25773,0.483641949646808,0.156087877134233,0.116640491601849,0.24362968161711
25774,0.143371411500399,0.287111247647118,0.491191808307853,0.07832553254463
25775,0.357109251890139,0.109518802901205,0.465639832183887,0.0677321130247689
25776,0.347086679623583,0.0850257527450888,0.258729321602067,0.309158246029262
25777,0.119844230799258,0.138157793457824,0.654669676238735,0.087328299504183
25778,0.263850583494386,0.490640105427763,0.0899657209082064,0.155543590169645
25779,0.252854311994591,0.393426377001804,0.103574091144279,0.250145219859327
25780,0.116444858784343,0.347297569415398,0.307402267278013,0.228855304522246
25781,0.46663305730391,0.244777768659178,0.0575485783292079,0.231040595707704
25782,0.082969879211434,0.54626960811234,0.0325849760712005,0.338175536605025
25783,0.323121312732266,0.187454255397899,0.295903302784213,0.193521129085623
25784,0.271568732520349,0.283571756372059,0.306314633781343,0.138544877326249
25785,0.15630971131707,0.348936357985993,0.297859684936324,0.196894245760614
25786,0.299493573551016,0.399561988263585,0.193867872823181,0.107076565362218
25787,0.178864810341631,0.511222532168335,0.257013995131581,0.0528986623584531
25788,0.384910402757788,0.288458865218046,0.244809989618165,0.0818207424060021
25789,0.459989935601541,0.202280673227578,0.231203672086583,0.106525719084298
25790,0.3461474490376,0.377143991071583,0.121791180239526,0.154917379651291
25791,0.167002454408534,0.488432947065308,0.272714222083045,0.0718503764431131
25792,0.2842791842396,0.225008972486418,0.377257889896446,0.113453953377536
25793,0.168466999568425,0.502420777947381,0.194387480401049,0.134724742083145
25794,0.358061802072827,0.320147731206932,0.180666861420379,0.141123605299862
25795,0.152381162382405,0.432126170678423,0.310136974315263,0.105355692623908
25796,0.322065762129399,0.167581171025917,0.429788582061528,0.0805644847831562
25797,0.268292153210975,0.447179355872602,0.147777280015944,0.136751210900479
25798,0.241426560929032,0.364731578554634,0.196340848140542,0.197501012375791
25799,0.295802550104339,0.147486856707169,0.461475248934264,0.0952353442542287
25800,0.373681000473933,0.235387103963019,0.141289977513251,0.249641918049798
25801,0.203205674621355,0.352440391546402,0.22082060846523,0.223533325367013
25802,0.322263575055579,0.203024520422034,0.12993663196475,0.344775272557638
25803,0.528620015730486,0.23893878165547,0.117740398707832,0.114700803906212
25804,0.15286247477748,0.23800095932902,0.475885899607002,0.133250666286498
25805,0.208474800829221,0.52455252671547,0.208592214832815,0.0583804576224938
25806,0.428764584119107,0.240865375138351,0.251415902774057,0.0789541379684857
25807,0.167041677734301,0.611516207313601,0.122685836023016,0.0987562789290814
25808,0.363957619139233,0.333761948970416,0.145206001684357,0.157074430205994
25809,0.114819236437041,0.146843592944025,0.51861361078013,0.219723559838805
25810,0.287463326736723,0.146503177847928,0.407341452893315,0.158692042522034
25811,0.201524898790084,0.600461020098608,0.144821640117101,0.0531924409942067
25812,0.247104761981431,0.156814639673697,0.454009475468715,0.142071122876157
25813,0.602792349084555,0.216921013207339,0.112577345006438,0.0677092927016677
25814,0.202827354429511,0.395629761529381,0.190618490412203,0.210924393628904
25815,0.165974199093177,0.538028932270253,0.20558423060818,0.0904126380283902
25816,0.0813310684063999,0.498702934146914,0.263281054055183,0.156684943391503
25817,0.152808839595782,0.176567390593483,0.219350449698683,0.451273320112052
25818,0.12769770934202,0.487117821591688,0.264314261693339,0.120870207372954
25819,0.466862373794346,0.185222928094536,0.207073696532386,0.140841001578731
25820,0.121466741055376,0.133065854604258,0.358918321774549,0.386549082565817
25821,0.229804058834942,0.066806501438812,0.556483719158484,0.146905720567762
25822,0.171255088380639,0.230365693156571,0.482132082562148,0.116247135900641
25823,0.269803069737802,0.258053403872014,0.246802733498594,0.22534079289159
25824,0.415493219614308,0.222042349999047,0.213498869484507,0.148965560902138
25825,0.0817571398665504,0.375141613751217,0.446383422442283,0.0967178239399504
25826,0.287061788040544,0.340645152905727,0.198366078905005,0.173926980148724
25827,0.319598425010376,0.233696665119434,0.220352794158338,0.226352115711852
25828,0.294267098472971,0.46845088887102,0.13232449687257,0.104957515783439
25829,0.257790966406427,0.419710320543805,0.11893672147285,0.203561991576919
25830,0.146482276456931,0.310430699477832,0.45276802574172,0.090318998323517
25831,0.246311281535389,0.164427842571087,0.254001624972422,0.335259250921102
25832,0.100724714319576,0.367033688832361,0.330964583677033,0.20127701317103
25833,0.174671099260082,0.379432866248005,0.342718576916777,0.103177457575137
25834,0.47094714086926,0.159689153660758,0.234156188151455,0.135207517318528
25835,0.198071838860329,0.113268428562245,0.491529802263323,0.197129930314103
25836,0.117172611806459,0.165612868858033,0.527714110617144,0.189500408718364
25837,0.200143079444409,0.238792851453537,0.364274419280011,0.196789649822043
25838,0.213368542103045,0.508099127065212,0.0805971520843911,0.197935178747352
25839,0.600781100786883,0.212118683284937,0.0953123002665283,0.091787915661652
25840,0.100426556155359,0.39029117276599,0.325023744191209,0.184258526887443
25841,0.20710279549446,0.166371118303653,0.457114045459885,0.169412040742002
25842,0.301383691362165,0.460446905550576,0.175667851321481,0.0625015517657781
25843,0.304589834487088,0.527947925858919,0.103229078512386,0.0642331611416072
25844,0.593221719757299,0.102352200571283,0.209879609406307,0.0945464702651112
25845,0.169066837333818,0.341546519378924,0.406422425133532,0.0829642181537252
25846,0.355441143157168,0.193877284772475,0.227542324608395,0.223139247461962
25847,0.53221166769604,0.132037831912003,0.144427530387333,0.191322970004623
25848,0.156604594673318,0.532724683035654,0.119831845085752,0.190838877205276
25849,0.380294962143438,0.165031504221018,0.366757768804831,0.0879157648307132
25850,0.209477425630664,0.326816404744577,0.353222029592083,0.110484140032675
25851,0.640785598605301,0.177085519869049,0.111304144857731,0.0708247366679192
25852,0.223661453387055,0.339530148783295,0.211971809354436,0.224836588475214
25853,0.150157235011782,0.335413359826467,0.412034645561106,0.102394759600645
25854,0.429429311717478,0.214042600342573,0.0970690607290677,0.259459027210881
25855,0.534529795199143,0.115613549048082,0.185074857064701,0.164781798688074
25856,0.547348771801804,0.245728708848701,0.0721879318766031,0.134734587472892
25857,0.0844519058479496,0.187452982735217,0.325958022640612,0.402137088776221
25858,0.151275930270074,0.420255887039833,0.174496424358213,0.25397175833188
25859,0.263265010564776,0.101977649947809,0.293597406914104,0.341159932573311
25860,0.439173792626555,0.138914934052889,0.163868529510736,0.258042743809819
25861,0.185932875168791,0.223042227176728,0.452927626872835,0.138097270781646
25862,0.207942358417923,0.186427028503715,0.457245294630162,0.1483853184482
25863,0.151252458541076,0.0985419609687992,0.664462754628457,0.0857428258616684
25864,0.490555004124962,0.192569382553054,0.153976315435523,0.16289929788646
25865,0.15040150948412,0.313259856694201,0.427909570275356,0.108429063546323
25866,0.150474658768154,0.227241248082658,0.448823753696593,0.173460339452596
25867,0.129128375843385,0.500984130405083,0.177761316358497,0.192126177393036
25868,0.190515686010542,0.420855553648494,0.157260634603797,0.231368125737167
25869,0.0839285603121903,0.38455445444953,0.250375727340655,0.281141257897625
25870,0.16062192371311,0.0964149886160692,0.313742292054941,0.429220795615879
25871,0.056779067716387,0.204451513829026,0.631311969647605,0.107457448806983
25872,0.122222430256243,0.206631424783168,0.522665417922224,0.148480727038365
25873,0.0846919292845072,0.213191270675922,0.224352168239019,0.477764631800552
25874,0.498474734486508,0.097852375855331,0.2614596784995,0.142213211158661
25875,0.206273635182511,0.237338072172207,0.377019858040343,0.179368434604939
25876,0.597130067123389,0.0545348855561842,0.149097178692793,0.199237868627634
25877,0.502277710721458,0.0970863336501105,0.163491605577905,0.237144350050526
25878,0.331060859878652,0.145932167282023,0.190676503987618,0.332330468851707
25879,0.225518183024051,0.454443852286974,0.210811900213792,0.109226064475183
25880,0.226784912088622,0.550100081395672,0.180025740449369,0.0430892660663364
25881,0.338172747412682,0.406213453145716,0.205452557269626,0.0501612421719754
25882,0.286228341142449,0.366368889150214,0.274901311546794,0.0725014581605423
25883,0.499747264087627,0.256288718536455,0.18603348184866,0.0579305355272579
25884,0.201426599376012,0.486854587137789,0.240409871464144,0.0713089420220554
25885,0.327703977243948,0.223687391848686,0.264461284311064,0.184147346596303
25886,0.123821254949775,0.554738626625526,0.273881757642616,0.0475583607820834
25887,0.389987369685704,0.219311502550405,0.284519237394907,0.106181890368984
25888,0.391182673260097,0.265448088771173,0.258389936764008,0.0849793012047229
25889,0.205341326734117,0.392347660156375,0.300105810875799,0.102205202233709
25890,0.501969487421724,0.258207941260315,0.151101603518794,0.0887209677991669
25891,0.223186876350684,0.194247866892219,0.524344359753069,0.0582208970040276
25892,0.220920525795429,0.353416056055122,0.306839842243522,0.118823575905928
25893,0.318399508987898,0.405146475688913,0.187291485482836,0.0891625298403523
25894,0.422831641759774,0.407581105142302,0.0982445465122884,0.0713427065856363
25895,0.393059824390818,0.192758030243394,0.292823582290796,0.121358563074991
25896,0.218214838234064,0.239489432786542,0.447599510081408,0.0946962188979859
25897,0.22217824884899,0.467025196439665,0.233093923474972,0.077702631236373
25898,0.240728473577424,0.426873687384704,0.287055694406218,0.045342144631654
25899,0.135521722482475,0.529408590830705,0.172457983098128,0.162611703588692
25900,0.204031297641919,0.329771564129486,0.340425203385772,0.125771934842823
25901,0.240879254748999,0.261686765925496,0.417003654938896,0.0804303243866084
25902,0.150882086913809,0.331557267501239,0.411386369793021,0.106174275791931
25903,0.243240103919743,0.258155891005448,0.405416852199019,0.0931871528757897
25904,0.0966926300496865,0.365660462823698,0.442779118497072,0.0948677886295434
25905,0.181999061524797,0.329684794018669,0.390005993595542,0.0983101508609926
25906,0.399750215978764,0.377300487559138,0.168254210901408,0.0546950855606904
25907,0.199228089851479,0.521410051639212,0.209308583953287,0.070053274556023
25908,0.290270179966038,0.152962471759666,0.347329066630864,0.209438281643433
25909,0.438798280135414,0.341769930647081,0.146516127196599,0.0729156620209062
25910,0.0672080528504205,0.419064172800451,0.367675991785876,0.146051782563253
25911,0.400720198847151,0.156734193393268,0.302352349173859,0.140193258585722
25912,0.386241819114773,0.322226402820691,0.157836014329848,0.133695763734688
25913,0.121735242681315,0.249008979784372,0.456109446638886,0.173146330895427
25914,0.255376448171603,0.16666934667161,0.494472354505588,0.0834818506511984
25915,0.43055583425605,0.158809190825958,0.306498843950372,0.10413613096762
25916,0.166751426374274,0.51210702171648,0.141323436466907,0.179818115442339
25917,0.241764977297162,0.452217955895582,0.151144191848296,0.15487287495896
25918,0.228281218073618,0.351015708300479,0.292740037633193,0.12796303599271
25919,0.308453117513569,0.0986473947568286,0.326634497171873,0.266264990557729
25920,0.278475403189386,0.409736857881764,0.173217848673757,0.138569890255093
25921,0.125456855272723,0.140999552431625,0.6268441324566,0.106699459839052
25922,0.086312016552531,0.0814637027008484,0.519979302234443,0.312244978512177
25923,0.31471237172177,0.217530882864815,0.112492968850876,0.355263776562539
25924,0.693162767573979,0.112049133528657,0.109973848836366,0.0848142500609969
25925,0.139043850500412,0.156060803786054,0.584591331789641,0.120304013923893
25926,0.440673277614039,0.383828065900967,0.0801550158821761,0.0953436406028185
25927,0.127870616911458,0.465541206752604,0.184213060662781,0.222375115673157
25928,0.15676156399062,0.444877423520869,0.298344968255329,0.100016044233183
25929,0.0541474166493833,0.527350225061333,0.0992706813470176,0.319231676942266
25930,0.323378775348488,0.283232538930491,0.270607441832359,0.122781243888663
25931,0.0557462914860252,0.0867793543406391,0.768084242863038,0.0893901113102974
25932,0.0950999522852589,0.440537085632853,0.193335427913003,0.271027534168885
25933,0.133754044988569,0.179669323386842,0.516396443435268,0.170180188189322
25934,0.0993620173499431,0.0912376454409232,0.560687640546577,0.248712696662556
25935,0.256935145785737,0.317067238467861,0.129354896954068,0.296642718792335
25936,0.238692388714614,0.095470256158428,0.557210933815587,0.10862642131137
25937,0.746315845991431,0.0767657397186666,0.0664118999021326,0.11050651438777
25938,0.0828267923470484,0.629847684970939,0.106882794559942,0.18044272812207
25939,0.167200621566325,0.101721424677424,0.492522848911191,0.23855510484506
25940,0.0598146837822225,0.334366607979512,0.168188652790041,0.437630055448225
25941,0.078869250620114,0.225199331693716,0.594176223459154,0.101755194227017
25942,0.118347937561968,0.398600027039684,0.304353684322634,0.178698351075714
25943,0.056812356907525,0.414893645125382,0.305761459817346,0.222532538149747
25944,0.316879635255197,0.127092402432245,0.15983134870857,0.396196613603988
25945,0.238815815625036,0.128721055716202,0.306865235059957,0.325597893598805
25946,0.546887948567255,0.170354285331721,0.104556548347154,0.17820121775387
25947,0.427455760415224,0.215614046375266,0.179634217953131,0.177295975256379
25948,0.0419485414729943,0.119052350449491,0.148366688122535,0.69063241995498
25949,0.0600358869740239,0.241375682924784,0.539837082594745,0.158751347506447
25950,0.716073874211544,0.071556428184807,0.0942419694377005,0.118127728165948
25951,0.0915694249471028,0.214401836713569,0.473142843869687,0.220885894469641
25952,0.0364032703779526,0.0977745533943737,0.623428923083552,0.242393253144122
25953,0.422476175318354,0.124629168476168,0.13322332448997,0.319671331715509
25954,0.708102509770311,0.0291335540009785,0.0298962073550786,0.232867728873632
25955,0.15185601735998,0.525278882688128,0.230783075293766,0.0920820246581256
25956,0.199125257104457,0.279935437486896,0.475815624470869,0.0451236809377784
25957,0.47644815060392,0.305024816129976,0.182665770441523,0.0358612628245819
25958,0.393549096681166,0.368677803206836,0.162143199140378,0.0756299009716204
25959,0.138491870052329,0.349112306514572,0.438132387505679,0.0742634359274193
25960,0.381519150069915,0.341473120877847,0.230805981237179,0.0462017478150593
25961,0.369469406114653,0.269803995181815,0.315563844428587,0.0451627542749456
25962,0.573859475457265,0.22852795316309,0.126888919193591,0.0707236521860544
25963,0.139950904151112,0.430469420593402,0.382536437704111,0.0470432375513751
25964,0.401989902145675,0.352315717974067,0.177137264851404,0.0685571150288532
25965,0.340901847681938,0.210803768237951,0.383301547988608,0.0649928360915029
25966,0.26054485183708,0.19088667116803,0.466199180643852,0.0823692963510386
25967,0.414717830230007,0.269090142925894,0.173196735324938,0.142995291519161
25968,0.255163401829272,0.399298006376585,0.26402689214077,0.0815116996533732
25969,0.10650149677818,0.389357107011544,0.452669064110663,0.0514723320996121
25970,0.276253567974463,0.438716740085228,0.20201772304298,0.0830119688973295
25971,0.365702049787983,0.282399792269986,0.29017948947839,0.0617186684636407
25972,0.247467314251942,0.434950357107086,0.21527053366504,0.102311794975932
25973,0.2086581218363,0.30802074311045,0.403681008576091,0.0796401264771587
25974,0.542664151864501,0.130183724087187,0.201895401684682,0.12525672236363
25975,0.150806571738362,0.471544560677455,0.272415255595536,0.105233611988647
25976,0.1585356935237,0.376606316117577,0.270615218212697,0.194242772146025
25977,0.482607856661925,0.172551506388039,0.293974356365547,0.050866280584489
25978,0.249565891699734,0.542756290840025,0.164692009249554,0.0429858082106873
25979,0.552239457290985,0.150567158289903,0.236836425938366,0.0603569584807448
25980,0.131855364630032,0.460543326798803,0.341761710644758,0.0658395979264068
25981,0.48484246452449,0.204675330888167,0.255807946691266,0.0546742578960775
25982,0.13673323996797,0.117725747683304,0.649988076977291,0.0955529353714348
25983,0.481922420362318,0.265982491795929,0.18645413086212,0.0656409569796333
25984,0.357083561037087,0.161297285720901,0.341925977917014,0.139693175324998
25985,0.253825015872477,0.188588195983171,0.147432161665617,0.410154626478736
25986,0.533138180147105,0.100206362097205,0.226115903419148,0.140539554336541
25987,0.130915987091566,0.215919272284445,0.590568327677452,0.0625964129465374
25988,0.100900656395145,0.473163237423664,0.363754234081419,0.0621818720997724
25989,0.0911799142413083,0.256807223227489,0.200055716468231,0.451957146062972
25990,0.104541107076179,0.219095071027225,0.587288924664454,0.0890748972321418
25991,0.333001593335084,0.163485554301574,0.244139026912618,0.259373825450723
25992,0.0681554091301964,0.386858626182912,0.458391549595,0.0865944150918923
25993,0.211429440034018,0.437428621559249,0.151339961702688,0.199801976704045
25994,0.198348794493789,0.169563732966857,0.283812477259952,0.348274995279402
25995,0.21743103569035,0.488848815760532,0.154728150195298,0.13899199835382
25996,0.260120484685672,0.265265978764493,0.399182263768839,0.0754312727809955
25997,0.434174823530424,0.235733280833476,0.204158379167811,0.125933516468289
25998,0.380627314317662,0.279572085483665,0.210539172965276,0.129261427233396
25999,0.159099885926162,0.312427492321531,0.457822895331949,0.0706497264203577
26000,0.183852288206427,0.478485348286026,0.226022294177855,0.111640069329693
26001,0.205874456948133,0.564590999390969,0.140332760248547,0.0892017834123503
26002,0.449526247883351,0.226124773742543,0.24332472115592,0.0810242572181847
26003,0.309695618352888,0.235395461884345,0.218180750559785,0.236728169202982
26004,0.0953894986719769,0.571853643551493,0.18222590436269,0.15053095341384
26005,0.102463430736152,0.251160675977203,0.467874056096376,0.17850183719027
26006,0.232239772209806,0.367211220366887,0.204799783705384,0.195749223717923
26007,0.279807344728712,0.539541658864043,0.120320117360925,0.0603308790463196
26008,0.127409984682924,0.0763562283088547,0.689403927812262,0.106829859195959
26009,0.197072917065565,0.644966990670951,0.10792533399752,0.0500347582659633
26010,0.342707781556091,0.223033680465675,0.254602080398542,0.179656457579693
26011,0.744769369920005,0.103563453339287,0.0800267368027098,0.0716404399379985
26012,0.246192740867223,0.242637332567638,0.328565863429387,0.182604063135752
26013,0.139841248297131,0.307703564435452,0.311453024369664,0.241002162897753
26014,0.258090995708039,0.408046006310952,0.19451450850066,0.139348489480349
26015,0.163742271577923,0.505056758412683,0.26464520061079,0.0665557693986039
26016,0.384357987137069,0.258211459714826,0.245074107321914,0.112356445826191
26017,0.452482192031392,0.188145325639157,0.224190616468205,0.135181865861246
26018,0.349709453317167,0.342021810653876,0.114396340247619,0.193872395781338
26019,0.165146100633987,0.451003278746897,0.291556992500371,0.0922936281187446
26020,0.246454041992303,0.200716538652932,0.406400371251751,0.146429048103014
26021,0.149435926418868,0.49046792375637,0.186019232147062,0.1740769176777
26022,0.331945940413583,0.306837873495743,0.180660679944013,0.180555506146661
26023,0.141997818242471,0.396732159112525,0.331068646642781,0.130201376002223
26024,0.291833222411477,0.160674884445479,0.446872043999113,0.100619849143931
26025,0.248002810983785,0.4382909226216,0.135301129927945,0.17840513646667
26026,0.220911592058372,0.32945535463828,0.184615487933232,0.265017565370116
26027,0.269039092633979,0.11398175591642,0.501531836137207,0.115447315312395
26028,0.337424208592438,0.209804949481258,0.133677916113258,0.319092925813047
26029,0.159772129185059,0.332307350996109,0.222047681829648,0.285872837989185
26030,0.277950586563579,0.170786379253787,0.124665326614328,0.426597707568306
26031,0.262281026619709,0.399869040129388,0.241013178393811,0.0968367548570925
26032,0.42367459712155,0.294210874411253,0.209884962616382,0.072229565850815
26033,0.380478416052866,0.347489124233811,0.170908153328297,0.101124306385026
26034,0.224335722375001,0.183615580228366,0.497355528398112,0.0946931689985215
26035,0.419946260438532,0.17973257761333,0.290745536194687,0.109575625753451
26036,0.361522822094283,0.120976466831645,0.414472257299896,0.103028453774176
26037,0.136168981126971,0.683268689332989,0.137306044287814,0.0432562852522271
26038,0.0904633930739692,0.540845974573837,0.20091197984858,0.167778652503614
26039,0.341561258965462,0.147242748592829,0.362215435761176,0.148980556680534
26040,0.107059071951678,0.230791371319327,0.594034190259059,0.0681153664699352
26041,0.384810710475737,0.257028913182709,0.202976776405515,0.155183599936039
26042,0.192380454132288,0.4446751127503,0.154176545520689,0.208767887596723
26043,0.15203622080849,0.239055270805123,0.536162581957309,0.0727459264290781
26044,0.621517826846043,0.170619748928018,0.140666525905423,0.0671958983205153
26045,0.194421029750928,0.549265454459426,0.168176650883386,0.0881368649062601
26046,0.339514288139506,0.214756836253684,0.201087043610864,0.244641831995945
26047,0.228784846626215,0.126793087303368,0.454088560683294,0.190333505387123
26048,0.124613435314491,0.264446073811973,0.419434798114417,0.191505692759119
26049,0.151869721000243,0.197491319607642,0.551266302758373,0.0993726566337419
26050,0.225916650247601,0.245334432534945,0.43462859989529,0.0941203173221646
26051,0.200889050938468,0.448054289262522,0.195233442465806,0.155823217333203
26052,0.136614211852464,0.37095208054006,0.180851773898965,0.311581933708512
26053,0.203607981188222,0.354227432308472,0.354702270784134,0.087462315719172
26054,0.234835598212852,0.367646918455988,0.170460189532583,0.227057293798577
26055,0.35204748260228,0.327030586349703,0.174355005891097,0.14656692515692
26056,0.316216180904208,0.189572728522561,0.285833955357853,0.208377135215379
26057,0.305214929520401,0.336718178666497,0.246151244466473,0.111915647346629
26058,0.17174827898802,0.516091797335935,0.119141558409959,0.193018365266086
26059,0.492527866259583,0.277107346458512,0.149153891221314,0.0812108960605908
26060,0.396236093675333,0.339742990546897,0.155273938623599,0.108746977154172
26061,0.436920883356409,0.229212639084882,0.200089306460758,0.133777171097951
26062,0.277150723274808,0.273868772951938,0.28295618860285,0.166024315170404
26063,0.436708301098093,0.0958829971010346,0.293835763597561,0.173572938203311
26064,0.232248433810139,0.149527881364562,0.425868885643968,0.192354799181331
26065,0.585442908783649,0.185272534519285,0.10599885663867,0.123285700058396
26066,0.306754671884075,0.35530246401528,0.127747805248777,0.210195058851868
26067,0.417130820029966,0.288051500680747,0.180488187606487,0.114329491682801
26068,0.149361544935127,0.552081846821967,0.145016698537272,0.153539909705634
26069,0.183467922027799,0.185182054455768,0.517907167414456,0.113442856101977
26070,0.449681911657165,0.248630655923349,0.148293495601898,0.153393936817587
26071,0.347289308988018,0.235404024614754,0.231759069827871,0.185547596569357
26072,0.27414131315396,0.298861095124376,0.359396840863255,0.0676007508584093
26073,0.246710183904526,0.363698213354941,0.270194669883185,0.119396932857347
26074,0.203585597018724,0.335663877061465,0.402041495423048,0.0587090304967634
26075,0.228284217346971,0.370630253800225,0.261965010972608,0.139120517880196
26076,0.270265600828271,0.176526100907197,0.444721724856295,0.108486573408237
26077,0.129514693297049,0.511626474783996,0.265675124229124,0.0931837076898307
26078,0.16553560962126,0.222564137738252,0.567542474778591,0.0443577778618964
26079,0.159742188107164,0.259795180392377,0.387357019666012,0.193105611834446
26080,0.176507857980897,0.539053978308808,0.195729811063512,0.088708352646783
26081,0.15330414431177,0.279047398010045,0.476043381626203,0.0916050760519818
26082,0.35248969912214,0.182315313798794,0.308863650772678,0.156331336306389
26083,0.221797115556655,0.311430757004476,0.244222744352468,0.222549383086401
26084,0.132000935153492,0.433752077648402,0.27640645908278,0.157840528115326
26085,0.28112833652587,0.234835414360483,0.318623280234918,0.165412968878728
26086,0.403258226617792,0.186480976827423,0.265506859873205,0.14475393668158
26087,0.165034066676729,0.324066119835139,0.395850210401476,0.115049603086656
26088,0.11229993045293,0.290987669578071,0.25282741408214,0.343884985886858
26089,0.32712842612264,0.141248112157811,0.180736337749002,0.350887123970547
26090,0.295268435997199,0.0826539231671252,0.427866062271252,0.194211578564424
26091,0.103973648821686,0.109081207676373,0.627127158608325,0.159817984893616
26092,0.247806378901474,0.318746817848584,0.0386451485319814,0.39480165471796
26093,0.432731640142424,0.220263450604926,0.109423378448871,0.237581530803779
26094,0.301203190305039,0.0462954788355103,0.168909746584823,0.483591584274628
26095,0.0550808709159114,0.292892603417463,0.205539592715268,0.446486932951357
26096,0.534700865735654,0.163926791171434,0.125240131484394,0.176132211608518
26097,0.050913280357474,0.575555063158965,0.0839290162355553,0.289602640248006
26098,0.688321001619649,0.0964513185051141,0.0768758784955155,0.138351801379722
26099,0.123557348289528,0.350380840115661,0.107106089128202,0.418955722466609
26100,0.522542185735969,0.133492372721327,0.180009650442562,0.163955791100142
26101,0.562485821738165,0.272665166660037,0.0380265998404817,0.126822411761316
26102,0.103609547674311,0.113831191611068,0.190614795725426,0.591944464989195
26103,0.0535983544693723,0.58681811090607,0.160687268951326,0.198896265673232
26104,0.0584029267514884,0.183881999137067,0.18613693517225,0.571578138939195
26105,0.37182692951889,0.110971337995298,0.0658868094597694,0.451314923026042
26106,0.0323025129870081,0.549939377079463,0.166263555410568,0.251494554522961
26107,0.360454270647507,0.411248234511216,0.142708560213287,0.0855889346279902
26108,0.234570389164122,0.265897710742349,0.332708769409587,0.166823130683941
26109,0.29751043993245,0.282140365998184,0.272861018108813,0.147488175960553
26110,0.571603882656082,0.133664076894303,0.202629475107938,0.0921025653416779
26111,0.174193691467518,0.140706298545706,0.552804815405734,0.132295194581042
26112,0.115440811593005,0.576740731696003,0.169200992068288,0.138617464642705
26113,0.39663092711543,0.316117373753865,0.152450406110691,0.134801293020015
26114,0.424770334353511,0.309983685560398,0.200078328895089,0.0651676511910025
26115,0.366247440646757,0.151498031148799,0.400282769804769,0.0819717583996752
26116,0.123251743289426,0.248079318378824,0.475519323415683,0.153149614916066
26117,0.326935391180461,0.230552481819502,0.214027897036047,0.22848422996399
26118,0.406978510823109,0.189103389413474,0.156147652214943,0.247770447548474
26119,0.16122259910371,0.660221468076141,0.102316875791002,0.0762390570291473
26120,0.176391529255193,0.514642812518328,0.170288986460383,0.138676671766095
26121,0.460875959298786,0.0928104848040614,0.224602332376083,0.221711223521069
26122,0.134156791703858,0.161428692211298,0.406146853531144,0.2982676625537
26123,0.154974239807422,0.17511328546645,0.439700479211223,0.230211995514905
26124,0.210794770063881,0.126353996260429,0.414823647400315,0.248027586275376
26125,0.350633011594501,0.16332789765297,0.366528094391772,0.119510996360757
26126,0.600281670506352,0.0726652404759463,0.145182349024041,0.181870739993661
26127,0.482730785148514,0.311780044686008,0.106852646004064,0.098636524161413
26128,0.278309449271488,0.20210346839568,0.103434189459067,0.416152892873765
26129,0.19241797712108,0.250424723006532,0.426444240116117,0.130713059756272
26130,0.419747862907359,0.232450262835675,0.107376654898045,0.240425219358921
26131,0.360434654765037,0.0902642029739483,0.259761151365508,0.289539990895507
26132,0.206106733008161,0.0785185388774679,0.453216661345386,0.262158066768985
26133,0.0903008368505291,0.496046406307962,0.215656662663007,0.197996094178502
26134,0.144205885027142,0.643297222777404,0.0916875695819907,0.120809322613463
26135,0.107452903075015,0.313732443589951,0.243716907992264,0.33509774534277
26136,0.375363084310516,0.252840537671553,0.125329458976317,0.246466919041614
26137,0.123700660267968,0.501370907502628,0.120750875089103,0.254177557140301
26138,0.0926364393990917,0.336118114311254,0.0650235469093918,0.506221899380263
26139,0.171411703524433,0.528449792675001,0.0657135794511804,0.234424924349385
26140,0.244674205899774,0.0680865241205834,0.374741479106543,0.3124977908731
26141,0.257521460119568,0.12786845401928,0.117896970169653,0.496713115691499
26142,0.0491161177965634,0.543886133994446,0.153183503444643,0.253814244764348
26143,0.102858879904659,0.286358150875489,0.391676503592928,0.219106465626924
26144,0.0415244716235174,0.120757582968042,0.477455043278358,0.360262902130083
26145,0.348199314733227,0.145928698541661,0.297583836610244,0.208288150114868
26146,0.175385757790351,0.218483514314171,0.482212477800186,0.123918250095292
26147,0.306843906520893,0.363718658173926,0.208545325403841,0.120892109901339
26148,0.468503382374063,0.20835564446465,0.213279603548673,0.109861369612614
26149,0.141153620938926,0.541685925907467,0.201666662838387,0.11549379031522
26150,0.26231585134387,0.257037473038316,0.189591942934227,0.291054732683587
26151,0.309408113102823,0.331789968245229,0.181801884054634,0.177000034597314
26152,0.114103202170365,0.489956235918974,0.184913094787535,0.211027467123125
26153,0.143166219168585,0.172999145297497,0.484300380329494,0.199534255204424
26154,0.1828944482723,0.22079204113227,0.26031707769085,0.335996432904581
26155,0.0627545055168874,0.58012088008255,0.215834549060416,0.141290065340146
26156,0.24471920488046,0.260378015029082,0.261479095103842,0.233423684986615
26157,0.180970059147372,0.271433437797443,0.450815358223651,0.0967811448315329
26158,0.557242813720406,0.202360508649775,0.126538913027851,0.113857764601968
26159,0.21722485021389,0.184166427000419,0.426729176030466,0.171879546755225
26160,0.222371637874946,0.217269306515407,0.323564483578637,0.236794572031011
26161,0.17447053924251,0.360376742314805,0.212161260745779,0.252991457696907
26162,0.219414409042967,0.0998813310611416,0.552816380273333,0.127887879622558
26163,0.449375808450779,0.124462771080029,0.198518683656494,0.227642736812699
26164,0.147393162075968,0.351594389813787,0.399341493589934,0.101670954520311
26165,0.300714379398328,0.309505122684053,0.273717325941554,0.116063171976066
26166,0.187383757589593,0.19315886128015,0.557482984924706,0.0619743962055501
26167,0.291819105965703,0.296716470919841,0.240584368262281,0.170880054852175
26168,0.118890030541731,0.390484916415258,0.420768887725082,0.0698561653179293
26169,0.478812320709171,0.113286177269236,0.306750934345092,0.101150567676502
26170,0.129019047027502,0.477981345103718,0.322802955343488,0.0701966525252915
26171,0.175073009575556,0.172954697892914,0.603506248275688,0.0484660442558415
26172,0.208827236939853,0.385322828219814,0.289930672656712,0.115919262183621
26173,0.115188923465078,0.294512756340161,0.517820602047233,0.0724777181475278
26174,0.155774594323442,0.354052537482186,0.342629744609656,0.147543123584716
26175,0.125254525842815,0.709440068307534,0.0506757026358622,0.114629703213789
26176,0.181840596700766,0.178599787633463,0.55486210550222,0.0846975101635512
26177,0.0598324587736057,0.125988203963647,0.607461700547822,0.206717636714926
26178,0.0505941745393917,0.494118339871553,0.16970771871993,0.285579766869125
26179,0.538445314226513,0.2463395685888,0.0731034706214323,0.142111646563255
26180,0.28650241206043,0.42186193668759,0.117440828660523,0.174194822591457
26181,0.31135281317279,0.232936815657215,0.241690398555138,0.214019972614856
26182,0.0494751654322555,0.599389171744008,0.188880027400057,0.162255635423679
26183,0.262020444003623,0.272981927333915,0.405924258755801,0.0590733699066611
26184,0.0889476251897325,0.214084769888508,0.524499615146923,0.172467989774837
26185,0.342499186993181,0.452380743918416,0.154781422628931,0.0503386464594719
26186,0.156010352350639,0.250476802785855,0.47174812234512,0.121764722518387
26187,0.443538039265589,0.281631436199407,0.167245178628499,0.107585345906505
26188,0.148798079432868,0.263115094411479,0.486308994817452,0.101777831338201
26189,0.406805958799981,0.155229855791127,0.277520743629532,0.16044344177936
26190,0.466895595821873,0.240935060195574,0.188494615363486,0.103674728619068
26191,0.394656490513103,0.285464118751546,0.212160828230518,0.107718562504834
26192,0.150534698180655,0.166187988416225,0.594704055712342,0.0885732576907778
26193,0.281227710431888,0.301007811539926,0.291214115453939,0.126550362574247
26194,0.230399246929788,0.573990877077533,0.103943853778039,0.0916660222146402
26195,0.13613374767329,0.445902904650001,0.295089444730786,0.122873902945923
26196,0.221525460794612,0.0981851832633547,0.527122104005103,0.153167251936931
26197,0.23249152669014,0.251922315737963,0.24703701009592,0.268549147475977
26198,0.131786021450224,0.745873016536941,0.0835287944701298,0.0388121675427047
26199,0.434003049892095,0.15267553537568,0.160521437615104,0.252799977117121
26200,0.159984538515162,0.358946669900779,0.230512076852711,0.250556714731348
26201,0.501871115348044,0.266999528409846,0.0849679139043185,0.146161442337791
26202,0.552828226481646,0.160154602472343,0.203463916259928,0.0835532547860831
26203,0.522870467323447,0.275026580683294,0.110380360663269,0.0917225913299901
26204,0.369117461976802,0.176346101254198,0.239700394636207,0.214836042132793
26205,0.11399874167885,0.377902498624347,0.301852245340278,0.206246514356525
26206,0.284430124634113,0.192846835752939,0.0875494520581803,0.435173587554767
26207,0.238201584138898,0.253598734619326,0.28282352571171,0.225376155530067
26208,0.518078947588122,0.137506124580186,0.221118005050865,0.123296922780827
26209,0.435048252562283,0.422573665148147,0.0347953821187964,0.107582700170774
26210,0.652634331590697,0.171031217382082,0.0799124615397483,0.0964219894874719
26211,0.27024727004195,0.494310256712606,0.0946308638767321,0.140811609368713
26212,0.195552797307808,0.456434734769848,0.164577315946528,0.183435151975815
26213,0.339646205396895,0.387862597985129,0.118775319539647,0.153715877078329
26214,0.088040151839588,0.17179549441266,0.61754512293319,0.122619230814562
26215,0.16794741539985,0.507107205021625,0.087458237611648,0.237487141966877
26216,0.134008556514932,0.232355078003207,0.4335166935631,0.20011967191876
26217,0.20056284682991,0.102554314370955,0.306076060023835,0.3908067787753
26218,0.0733080683888348,0.702668462877929,0.163926221113556,0.0600972476196806
26219,0.431171087256804,0.101419019159645,0.175899484767423,0.291510408816127
26220,0.0822515642515242,0.21061329797901,0.623261674405513,0.083873463363953
26221,0.221533202001759,0.247958285539847,0.463781669420244,0.0667268430381505
26222,0.469474836033749,0.184456734762999,0.301729247079277,0.0443391821239743
26223,0.174709824186163,0.414684187334098,0.342809163407535,0.0677968250722044
26224,0.367441330055732,0.257761651078031,0.326081512248154,0.0487155066180833
26225,0.120091675312751,0.203668294930391,0.58835372246661,0.0878863072902483
26226,0.224535236219556,0.57904597645249,0.155396592484516,0.0410221948434386
26227,0.269248463011573,0.398949034229659,0.25138888802961,0.0804136147291581
26228,0.208984314901105,0.20845530357276,0.499973572006431,0.0825868095197034
26229,0.280764388713143,0.358958427842642,0.198283039198145,0.161994144246071
26230,0.0950488480990463,0.608524793536075,0.25947492326946,0.0369514350954193
26231,0.350273062564418,0.237648735778993,0.33800514440622,0.0740730572503687
26232,0.271358487988175,0.326060389120911,0.307644865567912,0.0949362573230021
26233,0.592552079431364,0.167041619633133,0.159136740709657,0.0812695602258469
26234,0.375006158674515,0.240438717637761,0.327319898222972,0.0572352254647518
26235,0.196985092297576,0.370501887758779,0.269446669015235,0.16306635092841
26236,0.219331371504573,0.334205188563291,0.372409364794022,0.0740540751381143
26237,0.138112152667011,0.584216892681544,0.147361210790999,0.130309743860447
26238,0.202899782016617,0.546836024711006,0.142080261468995,0.108183931803382
26239,0.370101631324153,0.279440987551791,0.222666782102266,0.12779059902179
26240,0.355777513850999,0.148552972377177,0.419049677738717,0.0766198360331074
26241,0.208949446926107,0.281310265317096,0.45307636573416,0.0566639220226363
26242,0.141469765596074,0.525292209177846,0.271076528504266,0.0621614967218139
26243,0.245601706930329,0.521557535286961,0.144763505353262,0.0880772524294487
26244,0.143010683868897,0.287686272250585,0.381180803145464,0.188122240735054
26245,0.206198249939873,0.20475047130223,0.522165597057649,0.0668856817002483
26246,0.249671589810621,0.303848792844836,0.381062620846397,0.0654169964981458
26247,0.409218148146543,0.224517789800894,0.274036497073943,0.0922275649786209
26248,0.136222405554785,0.562313938191129,0.213798027014892,0.0876656292391938
26249,0.291435922168583,0.361399882723418,0.192926190679177,0.154238004428822
26250,0.45126102088545,0.228214503474691,0.209509846406711,0.111014629233149
26251,0.106313224642026,0.153875298859535,0.371572043379168,0.368239433119271
26252,0.141673754693931,0.61982493836148,0.118479187489164,0.120022119455424
26253,0.185158640740517,0.400630029582116,0.231135758175154,0.183075571502213
26254,0.200535260979156,0.101898108295604,0.592589578469029,0.10497705225621
26255,0.13074172638013,0.270385587168639,0.314354729062874,0.284517957388356
26256,0.376726075818671,0.22498989728139,0.313528836050847,0.0847551908490918
26257,0.171976303234647,0.109537257965925,0.506431355448545,0.212055083350884
26258,0.106025755581306,0.187653827401337,0.595999337656857,0.1103210793605
26259,0.45232913737326,0.135955616676102,0.268780186919664,0.142935059030974
26260,0.362125885445047,0.25892940225704,0.226356941416836,0.152587770881078
26261,0.266242563158935,0.250141588590696,0.159580675259758,0.324035172990611
26262,0.578608463618518,0.180886757131331,0.113756278974217,0.126748500275935
26263,0.109613841190339,0.587848723855443,0.130357174103426,0.172180260850793
26264,0.262154355795527,0.220525617678997,0.289527908161782,0.227792118363694
26265,0.296679409716691,0.268301008952735,0.204876589821618,0.230142991508955
26266,0.250031804297619,0.220323343352962,0.298498516552971,0.231146335796448
26267,0.245641404767891,0.0792396624466401,0.516738683484269,0.1583802493012
26268,0.274691605242077,0.0584599705008038,0.526895279064107,0.139953145193012
26269,0.400365087050154,0.159994910549124,0.164157336812719,0.275482665588003
26270,0.291055237606298,0.421401516105968,0.148869659751296,0.138673586536438
26271,0.249210555583842,0.159070451763646,0.489785983817257,0.101933008835255
26272,0.170385605466878,0.507930658314123,0.153539463471321,0.168144272747678
26273,0.429146533650656,0.235657972960261,0.143604386167858,0.191591107221224
26274,0.601412935229619,0.148364171649877,0.145405692083754,0.104817201036751
26275,0.118435343237119,0.729531660577421,0.044949989738983,0.107083006446477
26276,0.223125074146785,0.123014859905635,0.436122271245664,0.217737794701916
26277,0.0753096908467662,0.08011715811078,0.49214046750804,0.352432683534414
26278,0.25137706159517,0.30395441542358,0.308718258747285,0.135950264233965
26279,0.205543259765329,0.334942436129475,0.369024164033969,0.0904901400712265
26280,0.389407346832675,0.22455599353903,0.272947946845897,0.113088712782398
26281,0.303991394943057,0.3171467501587,0.263649702726612,0.11521215217163
26282,0.261988880995535,0.459961948449254,0.176750264956548,0.101298905598663
26283,0.335826450133554,0.243632274214834,0.285488040285943,0.135053235365669
26284,0.304503549696945,0.368106050553796,0.183049051428606,0.144341348320653
26285,0.233473648052729,0.240356702850599,0.41537837472184,0.110791274374832
26286,0.547678904604586,0.215706631437908,0.167720929999933,0.0688935339575718
26287,0.186575495287533,0.295003794447065,0.360172660084046,0.158248050181356
26288,0.22575707075014,0.393368359228068,0.262396187523687,0.118478382498105
26289,0.272402147833765,0.398404724982462,0.17072479719805,0.158468329985723
26290,0.262611479329041,0.178011287452447,0.480711407270706,0.0786658259478056
26291,0.292120515743615,0.360503853304871,0.231460751717556,0.115914879233958
26292,0.222856373080591,0.247749215770053,0.345360425502403,0.184033985646952
26293,0.19995076907193,0.333715208668786,0.256864325501529,0.209469696757755
26294,0.2027113185015,0.524352938532295,0.200398065151244,0.0725376778149617
26295,0.253841932300838,0.341042735483107,0.236767869829059,0.168347462386996
26296,0.159859920525579,0.287205342074839,0.305551668099184,0.247383069300399
26297,0.291510646622621,0.20242835668611,0.297553594801928,0.208507401889341
26298,0.108321565080542,0.140937462562882,0.641591432523922,0.109149539832654
26299,0.120037404732587,0.462541412605755,0.298546510356859,0.118874672304798
26300,0.209607291015621,0.188877767438759,0.366424350158889,0.235090591386731
26301,0.155541175961759,0.418125597985673,0.161473258192233,0.264859967860335
26302,0.090459538728064,0.695469803521946,0.116227235394798,0.0978434223551923
26303,0.27960509123202,0.343662221697118,0.169932687993295,0.206799999077567
26304,0.165937711974622,0.125012094980968,0.43909963258806,0.26995056045635
26305,0.447838180054823,0.287785684440414,0.112820274960974,0.151555860543789
26306,0.373591752886852,0.111225210617302,0.152255303833711,0.362927732662134
26307,0.0844141585439375,0.513741571332018,0.329213230810062,0.0726310393139832
26308,0.338361117504423,0.0778641320203394,0.19598189768728,0.387792852787958
26309,0.0775800655695073,0.369209092793513,0.175131776645971,0.378079064991009
26310,0.118540376996305,0.227604882737911,0.511119563770152,0.142735176495632
26311,0.46041672538852,0.234385671422043,0.16754153279068,0.137656070398757
26312,0.237270412273345,0.537537623349651,0.126261256828382,0.0989307075486219
26313,0.1228027193389,0.401341863275663,0.220334807116211,0.255520610269227
26314,0.087079941221495,0.355071887437387,0.207126472669551,0.350721698671567
26315,0.361248640090387,0.182412610872855,0.108288276316066,0.348050472720692
26316,0.132057658676669,0.0666839159994138,0.222589249592665,0.578669175731253
26317,0.18523887469811,0.29828035507936,0.200563823275257,0.315916946947273
26318,0.113103718663053,0.181255909321989,0.269695622828358,0.4359447491866
26319,0.615922532678267,0.0371078931928236,0.112064601586697,0.234904972542212
26320,0.0748824051038798,0.273095745775357,0.0823200143516064,0.569701834769157
26321,0.529965281198097,0.138310554754313,0.176708385263029,0.15501577878456
26322,0.510282849510086,0.168899913933958,0.158814955557431,0.162002280998525
26323,0.0687962406225743,0.670295085660348,0.15905072543221,0.101857948284867
26324,0.14088680268951,0.218940801263603,0.106835361571308,0.533337034475579
26325,0.21224380845308,0.062412856104848,0.41786147517947,0.307481860262602
26326,0.677744832269277,0.0877873828289436,0.139463390065178,0.0950043948366013
26327,0.630722205266548,0.054128046610751,0.0344899232365202,0.280659824886181
26328,0.245969219421944,0.578400383393392,0.0346261756869003,0.141004221497763
26329,0.126999537499788,0.0922145024830439,0.510000811043549,0.270785148973619
26330,0.0756910063566228,0.142094231857103,0.136415284071132,0.645799477715142
26331,0.364595874998298,0.0976945530983568,0.101128031432707,0.436581540470638
26332,0.112720548683433,0.46367082960694,0.0547490517314376,0.368859569978189
26333,0.213369630527054,0.0695991449739965,0.156191628113923,0.560839596385026
26334,0.493088944790736,0.0789880753377672,0.0459601913420429,0.381962788529454
26335,0.165840766481518,0.374097237789859,0.321937841010392,0.138124154718232
26336,0.233709811165601,0.272246209823674,0.275725143234879,0.218318835775846
26337,0.474995085368314,0.118244885659665,0.34476784755608,0.0619921814159405
26338,0.115366426440578,0.498407179787621,0.135804634749416,0.250421759022385
26339,0.169072199367724,0.480432030212492,0.177370497144127,0.173125273275656
26340,0.301115905617019,0.155291962638449,0.260595698961647,0.282996432782885
26341,0.0777716424329811,0.132438805828494,0.718799370727319,0.0709901810112059
26342,0.395298128685053,0.203466222405068,0.300713552386388,0.100522096523491
26343,0.257597574835565,0.377874440484257,0.249853899829379,0.114674084850799
26344,0.222637858192435,0.323044307903887,0.314011128553227,0.14030670535045
26345,0.24693325714127,0.167944763805006,0.500353701048221,0.0847682780055037
26346,0.0936805009949519,0.149299620903757,0.140056837968349,0.616963040132942
26347,0.21903828225002,0.649654211664083,0.0529490383050813,0.0783584677808157
26348,0.114744285820642,0.196067353908847,0.5678208144098,0.121367545860711
26349,0.0977401735859587,0.162700669026591,0.60056079989147,0.138998357495981
26350,0.307584874412517,0.146985477735015,0.291453459201165,0.253976188651303
26351,0.0515737120749794,0.492495775209127,0.32867335119648,0.127257161519413
26352,0.138787814387156,0.326918833304992,0.150461893671318,0.383831458636534
26353,0.0963160203530628,0.479105613898638,0.167592737723351,0.256985628024947
26354,0.291296093638216,0.321832693907695,0.228573599396224,0.158297613057865
26355,0.192772162135545,0.141235851214359,0.263782111240048,0.402209875410048
26356,0.221720964424261,0.171000950692365,0.525729944558104,0.0815481403252705
26357,0.0961031311618541,0.286380318236777,0.312756323697728,0.304760226903641
26358,0.170077910597849,0.261152570097097,0.456016758727263,0.112752760577791
26359,0.222475391398861,0.273497616604798,0.169269542947231,0.33475744904911
26360,0.271831717044854,0.332742682222238,0.28520242924485,0.110223171488058
26361,0.156075842331451,0.232928196769209,0.439438366171749,0.171557594727592
26362,0.238699036468984,0.257611977773085,0.231505979136164,0.272183006621767
26363,0.0866799037881048,0.399820646228717,0.241676476473252,0.271822973509926
26364,0.569889555354706,0.198662292742508,0.118659508391299,0.112788643511486
26365,0.0469332561299198,0.463179587639168,0.222499234706715,0.267387921524197
26366,0.325984774263424,0.242424914983639,0.265717131379954,0.165873179372982
26367,0.366503747446604,0.117129703091577,0.16737303301635,0.34899351644547
26368,0.149708680067981,0.12853116261983,0.572388497521001,0.149371659791187
26369,0.134857457652533,0.421233894158481,0.183697528023371,0.260211120165615
26370,0.572627816570304,0.203564277272315,0.0890453407526572,0.134762565404724
26371,0.0799417158004679,0.108774352417616,0.239639050527819,0.571644881254097
26372,0.230192914615749,0.582651426366428,0.0738983986844534,0.11325726033337
26373,0.173168903267317,0.585762890554717,0.160269413432034,0.0807987927459324
26374,0.224631179529226,0.13859353872655,0.315946564851421,0.320828716892803
26375,0.12982062354029,0.235826145853523,0.563932329103456,0.0704209015027318
26376,0.446315666722298,0.288322893990707,0.172599658146062,0.0927617811409339
26377,0.280753468121882,0.360376278026594,0.154733841832333,0.204136412019191
26378,0.183290773676675,0.157267529509469,0.512063894665947,0.147377802147909
26379,0.110187351224842,0.210320181845243,0.594726132703276,0.0847663342266383
26380,0.171587698076679,0.279840027262793,0.41012860228426,0.138443672376267
26381,0.615789757864655,0.13713317618363,0.182080021436197,0.0649970445155181
26382,0.237902917578501,0.275895806449934,0.34354047754609,0.142660798425476
26383,0.216409455321339,0.602436716491471,0.0932494363921708,0.0879043917950195
26384,0.269316134738657,0.122502833179656,0.484006624716702,0.124174407364986
26385,0.0968048838390103,0.45989945545472,0.113948356393997,0.329347304312273
26386,0.0685914781448703,0.143400247829359,0.655688267408903,0.132320006616868
26387,0.140765551335641,0.178156973031586,0.36419831176488,0.316879163867893
26388,0.253180423878447,0.164740401961618,0.431977229026853,0.150101945133082
26389,0.163051686113297,0.469251641343216,0.25809408774596,0.109602584797527
26390,0.277872634677261,0.353362365161904,0.246360046380036,0.122404953780799
26391,0.289138530106581,0.215342083907668,0.446279404154747,0.0492399818310032
26392,0.134047957215716,0.516279485920902,0.234591678072878,0.115080878790504
26393,0.126147916188666,0.24023978088447,0.356690968336084,0.27692133459078
26394,0.38608312566175,0.217088183430179,0.21429476065049,0.182533930257581
26395,0.513034582668962,0.245191253884943,0.104960959866975,0.13681320357912
26396,0.346342377223187,0.226948639290904,0.225252605929834,0.201456377556075
26397,0.339315677089739,0.188807326072731,0.276391190367611,0.19548580646992
26398,0.240994786879069,0.361813471175172,0.121856617936997,0.275335124008762
26399,0.163720248880092,0.462002848271186,0.166815853332284,0.207461049516438
26400,0.279877260187075,0.236876765737335,0.235894949840234,0.247351024235356
26401,0.244894733957953,0.248303847639424,0.343662839377851,0.163138579024772
26402,0.0657639536225923,0.517651899344691,0.152490886760244,0.264093260272473
26403,0.158291831386391,0.637826993530976,0.0786452503346436,0.12523592474799
26404,0.535348610231374,0.128247749540256,0.167230128421158,0.169173511807213
26405,0.0867370521147018,0.733270991259388,0.0795836191107339,0.100408337515177
26406,0.22133201440893,0.121519184472091,0.536098136742971,0.121050664376007
26407,0.164152055627534,0.197205570556052,0.403684743031735,0.234957630784678
26408,0.209705559648301,0.117098931594323,0.396837960292359,0.276357548465018
26409,0.215080781759462,0.516843405840286,0.113848916992678,0.154226895407574
26410,0.106519480746147,0.109705477172527,0.49780583890282,0.285969203178505
26411,0.290307040009469,0.376533502190431,0.25973796951405,0.073421488286049
26412,0.339743891962347,0.309030802184024,0.238359865036254,0.112865440817375
26413,0.211223189168793,0.16934087300829,0.481073224362055,0.138362713460863
26414,0.13716359026835,0.243109482082564,0.425919296329438,0.193807631319648
26415,0.260752698812454,0.516577802510778,0.149387456369512,0.0732820423072565
26416,0.166121474942046,0.243848900156095,0.509371923399911,0.0806577015019489
26417,0.221970468657458,0.436507609228553,0.21292731962139,0.128594602492599
26418,0.238587458781009,0.23118254206914,0.225314595512424,0.304915403637426
26419,0.160132792009308,0.386005165446234,0.275527584513336,0.178334458031122
26420,0.474286703924878,0.159540056555846,0.222760797858436,0.143412441660839
26421,0.644576625657642,0.165496424357335,0.120752938689062,0.0691740112959611
26422,0.328135436353734,0.155522592773064,0.31510955997728,0.201232410895922
26423,0.144215409149746,0.388836704935779,0.33852818797152,0.128419697942955
26424,0.516491918319436,0.19000818790741,0.153075952276382,0.140423941496771
26425,0.227780702409571,0.177056803746271,0.475643929008705,0.119518564835452
26426,0.171912129650252,0.179449115899205,0.477022715852525,0.171616038598018
26427,0.198852814315018,0.485840695073122,0.233170283527795,0.0821362070840653
26428,0.335986262383388,0.37080110581851,0.141175200207828,0.152037431590273
26429,0.0498552859012661,0.697556828236205,0.184123774361218,0.0684641115013111
26430,0.247189517991746,0.288203947209238,0.393857685020643,0.0707488497783726
26431,0.394662205932255,0.344021878005511,0.221413430845738,0.039902485216496
26432,0.125371950447908,0.580486798696132,0.214358345170829,0.0797829056851314
26433,0.331410384525359,0.245359639827246,0.339858722084413,0.0833712535629825
26434,0.206585668662181,0.501140956571415,0.188443770284008,0.103829604482396
26435,0.230001056279285,0.42598308459618,0.210959967003026,0.133055892121509
26436,0.418924757368294,0.214535821274746,0.309198328103801,0.0573410932531595
26437,0.15011840234936,0.253776806263309,0.522676747066377,0.0734280443209541
26438,0.198133136515981,0.446006568706401,0.302915508504975,0.0529447862726428
26439,0.249388468868629,0.212261789695781,0.491336257758979,0.0470134836766107
26440,0.267930081288638,0.400096378584676,0.269789810024144,0.0621837301025423
26441,0.226383964066947,0.485416555034132,0.230370237899122,0.0578292429997993
26442,0.564248937178105,0.19659239269688,0.12732425041063,0.111834419714385
26443,0.494533682455299,0.232139464678943,0.231922139362697,0.0414047135030613
26444,0.618374318380977,0.142205291963882,0.200634759307747,0.0387856303473943
26445,0.340267202469225,0.383131044462756,0.194540216985318,0.082061536082701
26446,0.467446848091899,0.355498785351011,0.0889622179540922,0.0880921486029975
26447,0.258027920738278,0.371850456289825,0.302686821066934,0.0674348019049629
26448,0.280689777239155,0.375731845295409,0.267852748833945,0.0757256286314917
26449,0.453260721048719,0.194649530649695,0.0654844390752582,0.286605309226328
26450,0.344636345498114,0.174413592130763,0.0434815328234639,0.437468529547659
26451,0.345089252223816,0.366656343924933,0.176994006066858,0.111260397784394
26452,0.0731113333813577,0.380677797854332,0.179380824580504,0.366830044183807
26453,0.045826958592727,0.172164022104579,0.603894573048832,0.178114446253863
26454,0.267336726046121,0.0515764685966575,0.281498250757463,0.399588554599759
26455,0.0913568964837611,0.356223802801441,0.0471284846379838,0.505290816076814
26456,0.134255777012763,0.121162767880229,0.222502039337096,0.522079415769911
26457,0.122075697585266,0.179884308526725,0.354978244587287,0.343061749300722
26458,0.127673910961582,0.423795458044456,0.0860893580748408,0.362441272919121
26459,0.030508842238507,0.0621539170533687,0.534434874127565,0.372902366580559
26460,0.0620624772944326,0.213621512409966,0.0466252662500279,0.677690744045574
26461,0.11660013308312,0.206998243750753,0.401782672593539,0.274618950572588
26462,0.37050435124462,0.343352843092875,0.0355315362024914,0.250611269460014
26463,0.0594790222440955,0.0767261758969401,0.551026978691559,0.312767823167406
26464,0.0353160069447689,0.202540213897026,0.251795786929101,0.510347992229105
26465,0.0201435657466726,0.326898001498054,0.123738275581119,0.529220157174155
26466,0.128523189645391,0.428135072621915,0.0196085324023754,0.423733205330319
26467,0.553347039675608,0.0363629998616206,0.0246006608196768,0.385689299643095
26468,0.278394577651292,0.385896759449858,0.264767289249107,0.070941373649743
26469,0.367755972590986,0.286391481704415,0.259807295037805,0.0860452506667943
26470,0.186284770756449,0.401661604380165,0.31079189768346,0.101261727179927
26471,0.442356200228303,0.287284245512636,0.223200723542802,0.0471588307162593
26472,0.110496503202364,0.203637433640795,0.638557531071083,0.0473085320857577
26473,0.485099374139278,0.198046849510041,0.232277043106145,0.0845767332445362
26474,0.155075174981212,0.380376004783329,0.370200562261514,0.0943482579739455
26475,0.28895393267499,0.214224498030132,0.363109544021881,0.133712025272997
26476,0.185188042114912,0.345331547367145,0.270420763865331,0.199059646652612
26477,0.209382562082407,0.244566004338436,0.437965385906768,0.108086047672389
26478,0.282633966449556,0.285928505194139,0.305878181205674,0.125559347150631
26479,0.256393861798704,0.356775422142078,0.292092841845958,0.09473787421326
26480,0.34671470082973,0.263057271578034,0.281578377924572,0.108649649667663
26481,0.221474520282704,0.231933989892445,0.42044984501353,0.126141644811321
26482,0.301913717289136,0.213837220183366,0.382931299586167,0.101317762941332
26483,0.282047173134224,0.343229616426439,0.235832961546966,0.138890248892371
26484,0.161937407835445,0.208951119930344,0.520487837393812,0.108623634840399
26485,0.191638682129343,0.509261469804502,0.208347126620454,0.0907527214457002
26486,0.320630007081777,0.284066182165323,0.171226206617766,0.224077604135133
26487,0.112944746419759,0.238967699588636,0.562093439470893,0.0859941145207126
26488,0.221652166457475,0.29680135958238,0.304632257515213,0.176914216444932
26489,0.262778147463788,0.280172004491183,0.256275752203735,0.200774095841294
26490,0.323746611947904,0.186890316293862,0.304966275040098,0.184396796718135
26491,0.411764064239219,0.329076280036929,0.175146145515177,0.084013510208675
26492,0.331069895332153,0.342685844170636,0.241147310311438,0.0850969501857725
26493,0.191805030185418,0.156903761510032,0.461912132015032,0.189379076289518
26494,0.366597635174527,0.357370696989086,0.141801666703863,0.134230001132524
26495,0.478846901542509,0.196786621755829,0.0948235533180346,0.229542923383627
26496,0.167699553900493,0.132048572782437,0.618841982291983,0.0814098910250873
26497,0.216839331132312,0.115091153275396,0.573495303734223,0.0945742118580688
26498,0.453407222961069,0.14665035125972,0.206089642163757,0.193852783615453
26499,0.261182360521508,0.182156608373819,0.360697187339827,0.195963843764846
26500,0.173123962687634,0.526842685304215,0.183633414619744,0.116399937388407
26501,0.457216777280571,0.192821367922364,0.142582350284305,0.207379504512759
26502,0.412367485838128,0.220177339599191,0.196997522889632,0.170457651673049
26503,0.123546677080187,0.635372692274033,0.154868483409215,0.0862121472365654
26504,0.126081937655448,0.122044343754725,0.369473785190682,0.382399933399145
26505,0.0978410237248205,0.445667400029114,0.226292308220634,0.230199268025431
26506,0.104530794679886,0.296034020978444,0.323090033794445,0.276345150547225
26507,0.605398981427896,0.135876979966352,0.0755570610289417,0.183166977576811
26508,0.361802426052909,0.359495146955919,0.0383448337404774,0.240357593250695
26509,0.135891566493027,0.730025608849531,0.0372568905268375,0.0968259341306051
26510,0.171641265692592,0.2722510250111,0.167111935788447,0.388995773507861
26511,0.0576628388630475,0.266841254421634,0.586951493961595,0.0885444127537241
26512,0.0775788860402416,0.212609029835532,0.128826396249925,0.580985687874301
26513,0.0862718964430764,0.401962525140273,0.417709454382824,0.0940561240338265
26514,0.101830120847875,0.453024677656563,0.13823695345037,0.306908248045193
26515,0.264277157379638,0.130928951016368,0.4598756464631,0.144918245140893
26516,0.181843430889816,0.0673145019169376,0.195528423619364,0.555313643573883
26517,0.177368399184118,0.336815459169262,0.130154114192248,0.355662027454371
26518,0.129057924678374,0.0537719022038062,0.372020185494138,0.445149987623682
26519,0.484820250467234,0.129595301605003,0.0798620353063368,0.305722412621426
26520,0.642511342965985,0.0731874248462054,0.0434243135386601,0.240876918649149
26521,0.138671293081303,0.476442843944145,0.065731328023198,0.319154534951354
26522,0.841583554776515,0.0399058940456478,0.0288157602089828,0.0896947909688545
26523,0.0479141234449753,0.478460611028684,0.246953816449441,0.226671449076899
26524,0.413236960394704,0.0605863572471539,0.0646417529851071,0.461534929373035
26525,0.291118972554972,0.227361419805077,0.233108698294872,0.248410909345079
26526,0.2088212089611,0.530799867973832,0.196469273916311,0.0639096491487568
26527,0.186418163361768,0.188647403929387,0.427167698234748,0.197766734474097
26528,0.112657036765706,0.504473119706364,0.328930403548561,0.0539394399793694
26529,0.21196478381704,0.14934747926678,0.559202351119126,0.0794853857970543
26530,0.440082876214911,0.316052736168815,0.135420421124525,0.108443966491749
26531,0.129475283642381,0.330437142132576,0.437616860994858,0.102470713230185
26532,0.217621734257988,0.583014229272945,0.123093664697863,0.0762703717712036
26533,0.158733057425711,0.578592721362349,0.181777887395506,0.0808963338164341
26534,0.589360295763248,0.165143481566392,0.174112985925011,0.0713832367453493
26535,0.114037694558323,0.234155644470201,0.559625241781507,0.0921814191899681
26536,0.211147062013131,0.18190791794845,0.235176190753932,0.371768829284488
26537,0.244114000410298,0.467726457668169,0.180733415049894,0.107426126871639
26538,0.118184611671416,0.152448567365221,0.616490203486854,0.112876617476509
26539,0.107934384450477,0.502072002917946,0.252054568033618,0.13793904459796
26540,0.310069428737141,0.314227332541628,0.240021815898451,0.13568142282278
26541,0.430358891246946,0.159017612323523,0.0661099398057305,0.344513556623801
26542,0.372303207203148,0.263222993091024,0.167377359001049,0.197096440704779
26543,0.347479159729065,0.322293410368684,0.0706328802620185,0.259594549640233
26544,0.234449226880116,0.378067371754675,0.235660582133213,0.151822819231996
26545,0.301696339832361,0.197264960910514,0.225624165431974,0.275414533825151
26546,0.218604653294555,0.28432011543771,0.328637235024822,0.168437996242912
26547,0.515599368521059,0.17860872481172,0.121699956744067,0.184091949923154
26548,0.402772161345296,0.185202751911308,0.336393425282819,0.0756316614605777
26549,0.178571525924464,0.22022491299118,0.50487198318039,0.0963315779039661
26550,0.167512359411734,0.142649639172992,0.618100699938044,0.0717373014772299
26551,0.154871697646254,0.294393994632035,0.450105690848263,0.100628616873447
26552,0.371350301691695,0.204787518037983,0.228115471033841,0.195746709236481
26553,0.244917056958539,0.492287089466963,0.140335739734949,0.122460113839549
26554,0.376929173066096,0.284873901457556,0.272839101976446,0.0653578234999018
26555,0.189991988789622,0.103561125064489,0.532281621673364,0.174165264472526
26556,0.246856798534587,0.200556576195347,0.312140658024579,0.240445967245487
26557,0.430127635048399,0.154440792010614,0.115933447789043,0.299498125151944
26558,0.219881884004654,0.171617010432858,0.484527323811992,0.123973781750497
26559,0.382171939380308,0.354504752125476,0.0674842150084194,0.195839093485796
26560,0.146095609810153,0.150937858389841,0.577861355782603,0.125105176017402
26561,0.141633982352014,0.448273418083167,0.166856887182157,0.243235712382662
26562,0.11836467409728,0.266740557604305,0.447059024295584,0.16783574400283
