"No","Ch1","Ch2","Ch3","Ch4"
21566,0.277523116022498,0.111615002203629,0.236912889871057,0.373948991902815
21567,0.0789611046013224,0.364683286435866,0.296154097260865,0.260201511701947
21568,0.21646784625001,0.523681840563434,0.0603274825083136,0.199522830678242
21569,0.459294256485958,0.0765334445751619,0.239356953344662,0.224815345594218
21570,0.135056606111933,0.238975632340214,0.467277972921511,0.158689788626342
21571,0.123429216294578,0.468930600263215,0.229819005053244,0.177821178388963
21572,0.139178849920539,0.0743521473215952,0.543557796472356,0.24291120628551
21573,0.158459481800591,0.197272387887679,0.211081501483869,0.433186628827861
21574,0.235026502034254,0.272379302589806,0.308738739785575,0.183855455590365
21575,0.0823704672241361,0.102993626574934,0.476707281600312,0.337928624600618
21576,0.224138465985156,0.190287535321051,0.348083302001729,0.237490696692065
21577,0.325402221589703,0.0826377488342197,0.421325534670197,0.170634494905881
21578,0.41244189240387,0.209354131630733,0.140587484428374,0.237616491537024
21579,0.124789209958211,0.117424469600282,0.146252802658644,0.611533517782863
21580,0.0714255079404703,0.436236676821096,0.25800308870219,0.234334726536243
21581,0.362030461321209,0.107848217402622,0.197002276566717,0.333119044709452
21582,0.195237147198811,0.111525376906872,0.416481505968388,0.276755969925928
21583,0.171818498305112,0.145418846377419,0.215900145671405,0.466862509646064
21584,0.215756134022421,0.261664641760721,0.0935019247686373,0.429077299448221
21585,0.382155538462268,0.25993806683726,0.105577030592786,0.252329364107687
21586,0.302931550808384,0.305699530943421,0.135995295400067,0.255373622848129
21587,0.0514707398311334,0.530042779728149,0.134781509916106,0.283704970524612
21588,0.0329076077264017,0.0419092107943065,0.499167933351987,0.426015248127305
21589,0.156538789268823,0.0449810954243327,0.529138015014998,0.269342100291846
21590,0.0162455557856451,0.0678105536270281,0.613049385710021,0.302894504877305
21591,0.0458332014017499,0.232120467269528,0.280520084934722,0.441526246394
21592,0.0584508529807834,0.20416890340547,0.0561075797398374,0.68127266387391
21593,0.623495984172889,0.142543809448061,0.0547095808598281,0.179250625519221
21594,0.218435364282669,0.15862841872509,0.195250438628533,0.427685778363708
21595,0.272538150893476,0.139714632344432,0.0507016697909912,0.5370455469711
21596,0.111052689327474,0.63445999332368,0.0784829174906293,0.176004399858217
21597,0.327820997607948,0.221057998848201,0.100543017591033,0.350577985952818
21598,0.14242395369583,0.302153486589248,0.348683921804382,0.206738637910539
21599,0.248636589431053,0.335821267054003,0.243282403252297,0.172259740262647
21600,0.105670318761013,0.161381882631672,0.0813606640487482,0.651587134558567
21601,0.033330751074917,0.109984063839232,0.181273670300789,0.675411514785062
21602,0.0256657496267913,0.426940822976277,0.366103829409474,0.181289597987458
21603,0.340436683493466,0.0261938518525723,0.205264744057948,0.428104720596014
21604,0.0550008823150875,0.276894112978094,0.384194530605731,0.283910474101087
21605,0.373231049634095,0.0381395056647605,0.385993858763265,0.20263558593788
21606,0.162049860363353,0.0416911393084204,0.459174141901669,0.337084858426557
21607,0.426757630038555,0.106449936353283,0.0885251347868007,0.378267298821361
21608,0.351633350014135,0.390290435537053,0.0414841720100307,0.216592042438781
21609,0.0267201124272527,0.0459653959371687,0.491049071307535,0.436265420328043
21610,0.427946065370868,0.209709867855358,0.0312115145441364,0.331132552229638
21611,0.0666946858242987,0.0443174551081049,0.588288246507714,0.300699612559882
21612,0.436487351656091,0.184839545670145,0.201510042985541,0.177163059688223
21613,0.0369286376737017,0.337380485151352,0.217882967984921,0.407807909190025
21614,0.118887133974638,0.337601651271092,0.286688518288115,0.256822696466155
21615,0.290665647196085,0.370346541380267,0.041046289305109,0.297941522118539
21616,0.280196894918691,0.0197278782590805,0.46693840324703,0.233136823575198
21617,0.215796707397841,0.311251177654191,0.21433773056396,0.258614384384008
21618,0.234016427939558,0.110821009310105,0.283992799752833,0.371169762997504
21619,0.263252846995656,0.142387522045207,0.0479710719387835,0.546388559020353
21620,0.0886028770188486,0.657970992196864,0.0666236881046248,0.186802442679663
21621,0.223880648189416,0.299533878726184,0.15762866244306,0.31895681064134
21622,0.15060842791779,0.197070462170719,0.231025834955651,0.42129527495584
21623,0.357740334542604,0.309525651311723,0.0727804741398309,0.259953540005842
21624,0.459948498198197,0.1263981451152,0.095793357462854,0.317859999223749
21625,0.13057544124181,0.132521284653683,0.484563178225877,0.252340095878631
21626,0.46338915979652,0.0632895977309634,0.114562102246,0.358759140226517
21627,0.151896599972812,0.211738590749621,0.291577970717794,0.344786838559773
21628,0.139761112636342,0.523126106520874,0.117235881135455,0.219876899707328
21629,0.413177531291128,0.156440243086337,0.136536623874089,0.293845601748447
21630,0.197982134036785,0.209773836393929,0.193094565336877,0.399149464232408
21631,0.203742546050162,0.0459481102472481,0.59176067778712,0.158548665915471
21632,0.0982109215359114,0.156890713136656,0.501308362012563,0.24359000331487
21633,0.246903930050373,0.299686660412853,0.124214180287627,0.329195229249147
21634,0.101191959764136,0.597199826555769,0.100310661370766,0.20129755230933
21635,0.0703702765347944,0.552007739474347,0.146109592181516,0.231512391809342
21636,0.493823336107633,0.13264669830797,0.124593899063755,0.248936066520643
21637,0.59555591506284,0.130241206916169,0.054503422469808,0.219699455551183
21638,0.0654177881106235,0.316411868280853,0.397517539416048,0.220652804192476
21639,0.262018561629538,0.318733547660364,0.155755223974808,0.26349266673529
21640,0.567529980376789,0.242214234406628,0.0643943326842104,0.125861452532373
21641,0.140455178288194,0.368387109022529,0.305604152521238,0.18555356016804
21642,0.365762357655272,0.226532139989283,0.13886356980178,0.268841932553665
21643,0.0278919491860508,0.291426617750219,0.366204781150393,0.314476651913338
21644,0.34582266437797,0.162248783444426,0.180253724105945,0.311674828071659
21645,0.108709141561141,0.401376771226534,0.152859294013462,0.337054793198863
21646,0.206459298954227,0.236734164909017,0.360760454850071,0.196046081286685
21647,0.225792479675276,0.131691042169196,0.498670305909166,0.143846172246361
21648,0.310140908881905,0.0912576134696199,0.315873072538412,0.282728405110064
21649,0.465027055959919,0.137751670184523,0.230436356693786,0.166784917161772
21650,0.279148872856945,0.258313184410519,0.264284702515867,0.198253240216669
21651,0.382015745930806,0.0551006434556051,0.0962138924146938,0.466669718198896
21652,0.0571445093584572,0.0399942388294246,0.219590543957288,0.68327070785483
21653,0.50121368186154,0.212552256395936,0.0590779099720862,0.227156151770438
21654,0.604819373150327,0.0695496060091315,0.110247775908878,0.215383244931663
21655,0.304052226883815,0.0175362309925695,0.453953961013444,0.224457581110172
21656,0.446817821593009,0.0882175988984639,0.181543211994615,0.283421367513912
21657,0.626166593464824,0.0587555002552866,0.0656142774219611,0.249463628857929
21658,0.353800678845156,0.0922961998982436,0.282894267987977,0.271008853268624
21659,0.457411781798208,0.0912951956548618,0.165334052129284,0.285958970417646
21660,0.116677885942866,0.0906601163092609,0.306332981287656,0.486329016460217
21661,0.149409637663918,0.12126201455263,0.206182535985228,0.523145811798224
21662,0.0582621271123367,0.481438539453883,0.0515272252801852,0.408772108153595
21663,0.0815876156449052,0.0485996440011257,0.599434510219545,0.270378230134424
21664,0.0482863619948983,0.210160497551133,0.18581445629977,0.555738684154199
21665,0.396314695591979,0.102283033670486,0.14055557705326,0.360846693684275
21666,0.0499916525768148,0.220722189921909,0.252100673011977,0.477185484489299
21667,0.0245889596060662,0.447890117313895,0.166528533242492,0.360992389837548
21668,0.437294659809035,0.107906768215448,0.154723693887624,0.300074878087892
21669,0.232019944781288,0.20690265201019,0.0455153295760453,0.515562073632477
21670,0.124493919152999,0.388217660804381,0.0842413648950301,0.403047055147589
21671,0.0520355164167018,0.465801225089397,0.287242880272487,0.194920378221414
21672,0.0239586891163673,0.20152524437224,0.561005696426093,0.2135103700853
21673,0.402129522304343,0.0478817644559859,0.0289510761268261,0.521037637112845
21674,0.272110465250392,0.0556416623023372,0.235904516341524,0.436343356105747
21675,0.242396230975465,0.107421645252311,0.0802145486181914,0.569967575154032
21676,0.0491069979372101,0.615075196052497,0.101053197906182,0.234764608104111
21677,0.483402899566052,0.0388596497179001,0.257564867626723,0.220172583089325
21678,0.0888538439349667,0.432824923380219,0.290111504317736,0.188209728367079
21679,0.173582310603731,0.505701363535843,0.0395245137449655,0.28119181211546
21680,0.28005762625956,0.0744753785405604,0.470109914776559,0.17535708042332
21681,0.123964861042205,0.0715534788089523,0.198740206048795,0.605741454100047
21682,0.392241836021556,0.226759788005103,0.0588205273913585,0.322177848581982
21683,0.202758268758344,0.0467403330295571,0.309352900709918,0.441148497502181
21684,0.368942258459865,0.054494806849045,0.143505702351993,0.433057232339098
21685,0.091290860944393,0.253312612025709,0.135828263341006,0.519568263688893
21686,0.0867315898509088,0.4771907742595,0.145488972494183,0.290588663395409
21687,0.157890475758944,0.0918567395730819,0.402322502217984,0.347930282449989
21688,0.126800860507845,0.199088322321609,0.0802774129703792,0.593833404200167
21689,0.112275420133554,0.609624152567536,0.0517052424085252,0.226395184890385
21690,0.601223076726318,0.164322583723983,0.0321049998166529,0.202349339733047
21691,0.0891808736895524,0.402938546019705,0.139618962065865,0.368261618224877
21692,0.0424289869449499,0.200995397129523,0.484945730599985,0.271629885325542
21693,0.0918392606645693,0.597186421528672,0.0610822750946212,0.249892042712137
21694,0.145869171901335,0.293322207484285,0.149473078854,0.411335541760381
21695,0.431468747833964,0.286045981261749,0.106491269895297,0.175994001008989
21696,0.534938497989314,0.10548249587835,0.0292445559809564,0.33033445015138
21697,0.411143107647128,0.125889002954036,0.220487930060605,0.242479959338231
21698,0.213322929975762,0.06919266441805,0.561083766493324,0.156400639112865
21699,0.202090731208035,0.509172635424672,0.0572059191889826,0.23153071417831
21700,0.258979641517371,0.335716800568981,0.220254959917187,0.185048597996461
21701,0.475433115020915,0.129092326416266,0.119325772076305,0.276148786486515
21702,0.101264324308717,0.605166851756342,0.08986947690128,0.203699347033661
21703,0.0751284160324738,0.290345749347467,0.178098798668775,0.456427035951285
21704,0.129180309262397,0.205363997682014,0.451069678686453,0.214386014369137
21705,0.244826272973408,0.0561144089841711,0.373941604971996,0.325117713070424
21706,0.163711521951815,0.46685964972782,0.0908286512850112,0.278600177035353
21707,0.18791600111837,0.4024415050181,0.225265473271884,0.184377020591646
21708,0.0398577474860795,0.439035988475847,0.111363830883936,0.409742433154137
21709,0.271534529687329,0.157069644541684,0.0797362804538099,0.491659545317177
21710,0.403770281577027,0.106118771682884,0.0892866146187961,0.400824332121293
21711,0.0513269735096677,0.365730777978894,0.314689031070272,0.268253217441166
21712,0.110152417651962,0.32357669875258,0.0666694275582185,0.49960145603724
21713,0.583266647101713,0.111047186131649,0.140195908534496,0.165490258232142
21714,0.0616362994255391,0.617252382236068,0.0494557183210806,0.271655600017313
21715,0.458336311725896,0.14875596288443,0.139464876433479,0.253442848956195
21716,0.123554502004336,0.169210896974275,0.20670637374293,0.500528227278458
21717,0.399815563947997,0.0374274065294893,0.323888595639412,0.238868433883102
21718,0.412798216606636,0.332659035697548,0.0421432268854731,0.212399520810343
21719,0.187457688183852,0.141626680755517,0.15280520899822,0.51811042206241
21720,0.294651885518358,0.259484388872486,0.0676143721865976,0.378249353422558
21721,0.156675597551839,0.237869289922183,0.366709724203991,0.238745388321987
21722,0.414511074195882,0.331556621092564,0.0251545855505726,0.228777719160981
21723,0.0912018411322817,0.20647307182489,0.152487565130989,0.54983752191184
21724,0.423788394790629,0.137939473964879,0.217510677383651,0.220761453860841
21725,0.229326108001959,0.181600743724406,0.182621588426086,0.406451559847549
21726,0.06742359023952,0.292121160027658,0.282024822888207,0.358430426844615
21727,0.31833819662212,0.0694743467517573,0.479052188294666,0.133135268331456
21728,0.106367321243608,0.132690742663868,0.394189673504967,0.366752262587557
21729,0.174459025311484,0.244917256554663,0.179020548823237,0.401603169310616
21730,0.44644960911512,0.0984539088691149,0.107227686101244,0.34786879591452
21731,0.301272999205523,0.189446674943274,0.285599160511803,0.2236811653394
21732,0.265594509797301,0.282714569536547,0.126943193366758,0.324747727299394
21733,0.387010003602914,0.262291060744409,0.15281519858548,0.197883737067197
21734,0.0309141531841671,0.492821370521342,0.281662537656491,0.194601938638
21735,0.317975976178863,0.273151577067877,0.0849414761018303,0.32393097065143
21736,0.482862380750814,0.217235011868487,0.115313024411974,0.184589582968726
21737,0.220586935513136,0.047524680031983,0.523134785673773,0.208753598781109
21738,0.283071395729316,0.250529835669507,0.286670293409273,0.179728475191904
21739,0.0693023089709712,0.307001435016328,0.417807472848,0.205888783164701
21740,0.106004986555618,0.509493610352051,0.222208003706378,0.162293399385953
21741,0.191971744064936,0.324660292164921,0.175582921171022,0.307785042599121
21742,0.213350053990283,0.0947658522271686,0.41561482095782,0.276269272824728
21743,0.345284778720271,0.217921979853501,0.090285529364165,0.346507712062063
21744,0.404524049981104,0.122300470112865,0.322755787803795,0.150419692102236
21745,0.372764964872536,0.105285745181896,0.241577473558709,0.280371816386859
21746,0.181892510702371,0.47555684287737,0.0531196389773471,0.289431007442912
21747,0.566277086404295,0.153109752871369,0.0942956568034747,0.186317503920861
21748,0.405471553513336,0.271858506825654,0.107813650496255,0.214856289164755
21749,0.0969838988213235,0.425403861579176,0.288986492329049,0.188625747270451
21750,0.0651541362093113,0.062505128442968,0.563814962580704,0.308525772767017
21751,0.44719761047315,0.0486168124246737,0.320765888289248,0.183419688812928
21752,0.456189524852973,0.0602113829455505,0.125414863045942,0.358184229155535
21753,0.377917602206644,0.190709039117131,0.224430582846777,0.206942775829448
21754,0.0993302816934424,0.490441778533915,0.135013919794227,0.275214019978416
21755,0.128269902504099,0.186676722759107,0.378330005593445,0.306723369143349
21756,0.110543719493331,0.391255763849818,0.137534646133046,0.360665870523805
21757,0.2016607848403,0.53800482246189,0.0340328326241683,0.226301560073641
21758,0.301881741164393,0.233126672825948,0.249543674172357,0.215447911837303
21759,0.357575630592207,0.251624421283538,0.241497745878575,0.14930220224568
21760,0.170077093625708,0.0829879194530632,0.438377301026274,0.308557685894955
21761,0.147536157606288,0.322908747752049,0.255745287402167,0.273809807239496
21762,0.0499802311639195,0.609374260671145,0.0441248949837037,0.296520613181231
21763,0.420586954611109,0.0934114532533158,0.0708613020331495,0.415140290102426
21764,0.336850177263286,0.0517948243595677,0.365131540995801,0.246223457381346
21765,0.367839847349463,0.284111425030681,0.125877200114234,0.222171527505622
21766,0.0919941529176266,0.427921972853604,0.0853197341555645,0.394764140073205
21767,0.0691300765919178,0.250885493660237,0.369448639613082,0.310535790134763
21768,0.226243531643769,0.192450824000914,0.376326690850769,0.204978953504548
21769,0.19363837662359,0.171471233656225,0.114231138493023,0.520659251227163
21770,0.138857856383128,0.503567185396099,0.139664562246486,0.217910395974287
21771,0.037083461239933,0.125183683480199,0.477965597406286,0.359767257873582
21772,0.0803900320934355,0.199404498221357,0.416110684094415,0.304094785590793
21773,0.100209874467821,0.467763723566892,0.0819920447065496,0.350034357258738
21774,0.0427621117491148,0.127205691280192,0.505960821686991,0.324071375283702
21775,0.178000966014083,0.228550701882554,0.293885746492828,0.299562585610535
21776,0.51268275683041,0.186282206311491,0.100167789311356,0.200867247546743
21777,0.0910338792362196,0.0525883292909529,0.429725736849343,0.426652054623485
21778,0.347775694796251,0.140764697117535,0.104438190125528,0.407021417960685
21779,0.318546505461198,0.197276343781129,0.12688048165168,0.357296669105993
21780,0.203530730634596,0.145291877897247,0.374715148741237,0.27646224272692
21781,0.105110580101741,0.113407668136576,0.489933483765813,0.291548267995871
21782,0.423972110614088,0.019358363476504,0.357230234717031,0.199439291192377
21783,0.297536141623652,0.0826584325139584,0.194707347569443,0.425098078292946
21784,0.43793886211458,0.304813367289585,0.0573885410231963,0.199859229572639
21785,0.206423595557422,0.4478160814667,0.246927279212525,0.0988330437633528
21786,0.0819419440101553,0.0962831181533171,0.254597262770737,0.567177675065791
21787,0.0409058877051059,0.629338271673371,0.0447236483862603,0.285032192235263
21788,0.297365793505783,0.340235810536861,0.0644721464113725,0.297926249545983
21789,0.0823000132085104,0.287779349284513,0.214200867924946,0.415719769582031
21790,0.499982794879419,0.175348406798287,0.108224617058265,0.216444181264029
21791,0.264039260241974,0.170381537119871,0.178016315032948,0.387562887605207
21792,0.0661574199913243,0.239234739444042,0.454254635959367,0.240353204605267
21793,0.151606036450919,0.172344532676287,0.507804655210392,0.168244775662402
21794,0.0174629189600307,0.557776761538624,0.261223294529469,0.163537024971876
21795,0.132910431802928,0.0229910952837323,0.550297420130534,0.293801052782805
21796,0.22164948961045,0.322307748032321,0.15928114581098,0.296761616546249
21797,0.251145125867009,0.390797775270637,0.11196024424118,0.246096854621174
21798,0.440826078564651,0.0330617217024703,0.259296188355018,0.266816011377861
21799,0.0702670469137923,0.0894892560179878,0.179898273557232,0.660345423510988
21800,0.100374892400697,0.0715646884101539,0.266782114625165,0.561278304563984
21801,0.126441225765537,0.0481634342393823,0.338545915045683,0.486849424949397
21802,0.0586465281566402,0.221150858598577,0.391669300555546,0.328533312689237
21803,0.0925748964397448,0.100464368785857,0.51554459366653,0.291416141107867
21804,0.303513327711907,0.397688660191215,0.162461408956947,0.136336603139931
21805,0.594278536837001,0.0567360766197853,0.057138315031818,0.291847071511396
21806,0.0825023865870699,0.261528592733684,0.234021072612422,0.421947948066824
21807,0.314904859692653,0.30640588471284,0.177897058099326,0.200792197495181
21808,0.311870206830716,0.0695417753934776,0.12391623927768,0.494671778498126
21809,0.489314065365114,0.03879111839617,0.076402107239487,0.395492708999229
21810,0.602916252959025,0.0355912539567994,0.170659443135899,0.190833049948278
21811,0.360410305217716,0.316419540707517,0.221601360115658,0.101568793959109
21812,0.175259236578011,0.070682411867015,0.350741799153851,0.403316552401123
21813,0.281376048475914,0.373503228402994,0.0666853907217327,0.278435332399359
21814,0.196540696098649,0.262931459837685,0.343130881958958,0.197396962104708
21815,0.285789056984324,0.0421436677304342,0.3420279930453,0.330039282239941
21816,0.228840656935757,0.43060728950035,0.0623180686803284,0.278233984883565
21817,0.0852176809011687,0.108131099420881,0.535616396281321,0.27103482339663
21818,0.135319399825349,0.162932375293307,0.320130408072171,0.381617816809173
21819,0.156206598954274,0.26842649864218,0.0755856195509855,0.49978128285256
21820,0.634169609993608,0.122124361015209,0.0692179591180853,0.174488069873098
21821,0.17488118100373,0.0892403489705946,0.512728383227018,0.223150086798657
21822,0.412177253552482,0.303528536401421,0.115832591639282,0.168461618406815
21823,0.3055725763908,0.327235106261041,0.180163599725452,0.187028717622706
21824,0.131792137079502,0.275419968209,0.399049591593728,0.193738303117769
21825,0.0950225723668337,0.426033115202749,0.132367632161746,0.346576680268671
21826,0.276552122709805,0.283584822818199,0.330620754200287,0.109242300271708
21827,0.0912121470100879,0.0796115413125745,0.548598302079193,0.280578009598145
21828,0.0780446922847797,0.486801339430849,0.114972193856912,0.32018177442746
21829,0.104019354312203,0.0539796402091083,0.504561439413173,0.337439566065516
21830,0.0675051316795383,0.0901667984268547,0.56092164841153,0.281406421482077
21831,0.220553334990739,0.321424055082656,0.124941054154813,0.333081555771792
21832,0.293040358100248,0.338855015690682,0.0661550738002728,0.301949552408798
21833,0.414686975580697,0.0563845812399179,0.254263185211184,0.274665257968201
21834,0.503944374674758,0.177467236269045,0.0872816140453969,0.231306775010801
21835,0.121065239887786,0.419881692469027,0.118952530734784,0.340100536908403
21836,0.0761007341311336,0.132263739496262,0.4380010321103,0.353634494262305
21837,0.0887411437334987,0.0571247929920418,0.594833918987245,0.259300144287214
21838,0.154191522573115,0.0808540672112538,0.471848499135165,0.293105911080466
21839,0.132980192554835,0.409173391886693,0.200720529766361,0.257125885792111
21840,0.658130898448221,0.0436199775259536,0.136598127633822,0.161650996392003
21841,0.440630298725758,0.178969946506834,0.102051048965932,0.278348705801475
21842,0.0570434205412445,0.124425882475176,0.582164821949043,0.236365875034537
21843,0.343993206253468,0.149392105887915,0.106475211628435,0.400139476230181
21844,0.0538041139837583,0.452664225913189,0.216985885782924,0.276545774320129
21845,0.259365609955127,0.131458293177996,0.314459684164153,0.294716412702724
21846,0.157643954483792,0.333793292472044,0.200826840953305,0.307735912090859
21847,0.298941331949684,0.101538796536902,0.355103030878218,0.244416840635196
21848,0.159998458118415,0.1436926257116,0.0953841164376538,0.600924799732332
21849,0.377009890371741,0.333583236309543,0.0513584348939439,0.238048438424772
21850,0.566763589657727,0.0979829675884901,0.0644892020482727,0.27076424070551
21851,0.100753188142933,0.658413762032371,0.03350991795258,0.207323131872116
21852,0.348282089362768,0.113240788826206,0.256422056026318,0.282055065784708
21853,0.0359952616680623,0.129777471478336,0.540846926261614,0.293380340591988
21854,0.40604306736845,0.0908674830367532,0.166853822765075,0.336235626829723
21855,0.172701259121547,0.271639495036164,0.120114539860506,0.435544705981783
21856,0.297448767051726,0.171873549835022,0.339599810277872,0.19107787283538
21857,0.115252428340336,0.558644291032466,0.0568398815120786,0.269263399115119
21858,0.586720067658633,0.0266025510242114,0.0433714807904839,0.343305900526672
21859,0.415024149164621,0.0721929983307966,0.0735211782113006,0.439261674293282
21860,0.426624557868212,0.362580952793461,0.0417932844001606,0.169001204938167
21861,0.195656514690482,0.135645304688048,0.376489391311484,0.292208789309987
21862,0.0245045895753653,0.453246985519923,0.289151516973804,0.233096907930908
21863,0.0744009570459654,0.195673923664042,0.235685378866121,0.494239740423872
21864,0.409279160280377,0.337205202155783,0.0271611622780724,0.226354475285767
21865,0.141438734320083,0.221519446232637,0.444448806974665,0.192593012472615
21866,0.11048572492047,0.303113212375917,0.347066641366612,0.239334421337
21867,0.0505207496397925,0.0783360483431572,0.300562115821119,0.570581086195931
21868,0.16711957015992,0.0789262917434577,0.406180031215849,0.347774106880774
21869,0.429496471071483,0.0817685539755728,0.121233017069867,0.367501957883077
21870,0.273601772570266,0.203313920977941,0.292758327231667,0.230325979220126
21871,0.509220810510394,0.0740472839484487,0.0654547371330532,0.351277168408104
21872,0.0489193802621131,0.408804470517182,0.371959634702143,0.170316514518562
21873,0.283951164444141,0.360205973769052,0.227487248889633,0.128355612897174
21874,0.104173027374762,0.428990412990877,0.210644272618015,0.256192287016346
21875,0.463974083690123,0.347711064907604,0.0408793489053727,0.1474355024969
21876,0.590261700184302,0.0880582398364144,0.141569766852418,0.180110293126866
21877,0.0916164784480152,0.382090524999578,0.12016900438489,0.406123992167516
21878,0.352412905005954,0.391243061311509,0.0469157720885517,0.209428261593985
21879,0.25977001993782,0.293960718059582,0.0925768861620753,0.353692375840523
21880,0.359038872438097,0.137365504013384,0.381026726333936,0.122568897214584
21881,0.106126006555417,0.323109423379081,0.237288780984211,0.333475789081291
21882,0.263860097986852,0.251915589503625,0.242216600583097,0.242007711926426
21883,0.130350942614085,0.354666345668973,0.177499567485671,0.337483144231272
21884,0.202634341707142,0.49206726615656,0.0438668542995786,0.261431537836719
21885,0.133103492544254,0.453613764931369,0.0647445721198795,0.348538170404498
21886,0.359983378701772,0.261254181597816,0.0904980754454638,0.288264364254948
21887,0.237570967219943,0.0426184570280158,0.510647327032538,0.209163248719504
21888,0.0955964890552685,0.192237828863842,0.476586822710151,0.235578859370738
21889,0.190563784493948,0.249842673844342,0.324274266956961,0.235319274704749
21890,0.243242426468511,0.198958240228621,0.335389428048443,0.222409905254425
21891,0.369539850365332,0.0529383922086818,0.412607939821753,0.164913817604233
21892,0.123223280818117,0.278263489001366,0.102092111246862,0.496421118933654
21893,0.153519762691197,0.505463758101199,0.0859557700679286,0.255060709139676
21894,0.108827219910772,0.0978000661218744,0.341510455812275,0.451862258155079
21895,0.0793493853389441,0.0821865899358755,0.612464029685988,0.225999995039192
21896,0.258552877278834,0.311680266987523,0.255823392957263,0.17394346277638
21897,0.310774210813503,0.256536846979051,0.26895778939269,0.163731152814755
21898,0.159920770465041,0.319649693589469,0.346037870705812,0.174391665239678
21899,0.323395639502456,0.252466017622188,0.324544410443578,0.0995939324317777
21900,0.0966911991922148,0.110129299047757,0.106008165183646,0.687171336576382
21901,0.180331794150102,0.607000689496113,0.0411794704894655,0.171488045864319
21902,0.0748652192678165,0.208253215064544,0.425130420072924,0.291751145594716
21903,0.0542952681118542,0.1307690363185,0.579116254381728,0.235819441187918
21904,0.195403012697132,0.0604301406113678,0.459728482084002,0.284438364607498
21905,0.0398894722195877,0.498535247862509,0.192685168724745,0.268890111193158
21906,0.086431299778204,0.361730506066249,0.0918675981442505,0.459970596011296
21907,0.0847393931821871,0.445534689116242,0.233652902635717,0.236073015065854
21908,0.31770218718488,0.0863423215395014,0.198272224737735,0.397683266537884
21909,0.332819149804894,0.0647584761750341,0.250064161529708,0.352358212490364
21910,0.426356665969843,0.193626243137767,0.0919959931643631,0.288021097728027
21911,0.122681819793252,0.588125999723198,0.0730864585004153,0.216105721983134
21912,0.26555023258881,0.36857356610623,0.0265519242572697,0.339324277047691
21913,0.165894217228156,0.509351918411536,0.0560095506954334,0.268744313664875
21914,0.0926591917584933,0.0959772247999633,0.197614521692973,0.61374906174857
21915,0.19754500496424,0.0206598078263497,0.419227607914626,0.362567579294785
21916,0.0643403703511947,0.0701680806421656,0.117965961460593,0.747525587546047
21917,0.187462225648308,0.0786105770030312,0.185551177170326,0.548376020178334
21918,0.0364007661448335,0.0552620974601742,0.531444375491158,0.376892760903835
21919,0.28081199426072,0.0328069162216127,0.420604968641803,0.265776120875864
21920,0.189388781164752,0.201507317556952,0.152766817962965,0.456337083315331
21921,0.115267975040506,0.523938850241349,0.0921588975712808,0.268634277146864
21922,0.522842569315136,0.164840860635803,0.0401354787050106,0.272181091344051
21923,0.155848631688435,0.0734246095985006,0.208447914114206,0.562278844598859
21924,0.170265344733494,0.0727461145445581,0.288795139771084,0.468193400950864
21925,0.310021940208983,0.186733363832664,0.230171667072418,0.273073028885935
21926,0.307204829231969,0.03501574550955,0.108784604423423,0.548994820835058
21927,0.117925885176567,0.214509026045824,0.470089953492441,0.197475135285168
21928,0.183138778808241,0.533396187962869,0.0721830927010982,0.211281940527792
21929,0.1551298745543,0.152434923874079,0.199327248916683,0.493107952654937
21930,0.0675488055621532,0.392465238506143,0.343922991899671,0.196062964032033
21931,0.168152911490063,0.308933195532272,0.0968071444988791,0.426106748478786
21932,0.149505501300792,0.0779269969584687,0.620834657109312,0.151732844631427
21933,0.116524504690842,0.491029115234721,0.111465705350899,0.280980674723538
21934,0.126327502201672,0.417238005056517,0.213632249513726,0.242802243228084
21935,0.271966569797105,0.269180978578216,0.173844788955203,0.285007662669476
21936,0.217919626231594,0.351399343233114,0.200452822863094,0.230228207672197
21937,0.130367767258907,0.181254980300097,0.484105265791205,0.204271986649792
21938,0.0949714509617756,0.484886146705336,0.151570589350719,0.26857181298217
21939,0.133551111603796,0.417063252136025,0.153711834753377,0.295673801506802
21940,0.393155221230009,0.291024215292698,0.152491919836711,0.163328643640582
21941,0.15130827449284,0.0804434082369878,0.414422692314266,0.353825624955906
21942,0.258621353153442,0.475088551846846,0.144068855101132,0.12222123989858
21943,0.14703946074753,0.477363900213298,0.0999792074898196,0.275617431549352
21944,0.0659645464946989,0.387700093725494,0.366829036600052,0.179506323179755
21945,0.1432634131976,0.305648469910336,0.121335872177257,0.429752244714808
21946,0.584434083586664,0.118512626532628,0.0943640851008765,0.202689204779831
21947,0.43065765014895,0.17970203865363,0.129244088353719,0.260396222843701
21948,0.217657678845758,0.313488266423837,0.293587537111779,0.175266517618626
21949,0.183313493005066,0.287456619241084,0.123808665171494,0.405421222582356
21950,0.162228560312072,0.516791228564426,0.082168665707555,0.238811545415946
21951,0.18409987586573,0.232415384547566,0.304156074724033,0.27932866486267
21952,0.349054219338098,0.118057566345342,0.103949054970232,0.428939159346328
21953,0.386017839789125,0.206221077578311,0.104916008712566,0.302845073919998
21954,0.297007184490382,0.0889072386188295,0.199648978215342,0.414436598675446
21955,0.332320809404685,0.11276901039072,0.2091424029252,0.345767777279395
21956,0.0986192312818442,0.183807746098707,0.20009923024123,0.517473792378219
21957,0.573741350913635,0.087504102127641,0.180038970912435,0.158715576046289
21958,0.0524320493360541,0.593028548026995,0.145357682708649,0.209181719928303
21959,0.209661476305991,0.134461523141503,0.130383663370707,0.5254933371818
21960,0.258452126246347,0.380054157729089,0.0538487560592913,0.307644959965273
21961,0.314061482638479,0.113088229691267,0.352213829578072,0.220636458092181
21962,0.575040286305079,0.136266300169462,0.14014427131758,0.148549142207879
21963,0.0877263189170177,0.381471803945255,0.337471380736286,0.193330496401441
21964,0.250373108316387,0.0394645196371935,0.507427122727675,0.202735249318744
21965,0.132883824628521,0.144831646139395,0.358656969522011,0.363627559710073
21966,0.12432457962238,0.125671638463616,0.363218994534682,0.386784787379322
21967,0.441273880773885,0.0428572019694552,0.207946478649207,0.307922438607453
21968,0.246213425888091,0.516590972967496,0.0850046478543592,0.152190953290054
21969,0.135139850723657,0.217321272034025,0.278858854758015,0.368680022484303
21970,0.322655544540383,0.192919912908628,0.104447890896764,0.379976651654225
21971,0.249700718519868,0.353903184904544,0.286252110466058,0.110143986109531
21972,0.327472268443395,0.230368418515013,0.191913891025716,0.250245422015876
21973,0.446878747837774,0.253676569503889,0.0749140887526202,0.224530593905716
21974,0.437785897911836,0.135288484577041,0.138522224812578,0.288403392698544
21975,0.0756630167972813,0.199657166268776,0.382161511914725,0.342518305019218
21976,0.365109463306337,0.278784518452249,0.262085606829714,0.0940204114116997
21977,0.182762389372229,0.297768216899731,0.310370498534718,0.209098895193321
21978,0.285529513858617,0.10245156981652,0.256143067444358,0.355875848880505
21979,0.403895279650291,0.178906690841002,0.104449063523874,0.312748965984833
21980,0.10110114477682,0.557064933594645,0.137127504259029,0.204706417369506
21981,0.208028891171033,0.383332121050543,0.214352458640366,0.194286529138058
21982,0.236328819565321,0.267786806722492,0.259951413400647,0.23593296031154
21983,0.0892905921442854,0.0887758513106625,0.340994712466095,0.480938844078957
21984,0.137377742026748,0.113135517952364,0.200971907563772,0.548514832457116
21985,0.0518775719118856,0.481754289403297,0.045216155333744,0.421151983351074
21986,0.0753684909659983,0.0436039475376765,0.604402003481844,0.276625558014481
21987,0.0424942411167482,0.198947655356681,0.175900565724638,0.582657537801933
21988,0.391891805291908,0.0968100220322118,0.133034659053164,0.378263513622716
21989,0.0448665853148272,0.216217128367736,0.24337819994397,0.495538086373467
21990,0.0216237438911801,0.442643048224614,0.157529370573656,0.37820383731055
21991,0.436344039925739,0.103060981208992,0.14777549149188,0.312819487373389
21992,0.220501900706053,0.196631492488181,0.0402126380381317,0.542653968767634
21993,0.116978375498111,0.386703810582792,0.0768793996899808,0.419438414229116
21994,0.0470864380899885,0.466822306346938,0.28787254439875,0.198218711164323
21995,0.0209934552358678,0.195571393914867,0.560552125856529,0.222883024992736
21996,0.396147230426528,0.042589820373326,0.025010796100692,0.536252153099454
21997,0.266172564984837,0.0505983081445878,0.230756689744922,0.452472437125653
21998,0.229232528794751,0.100116521831348,0.0736767853444472,0.596974164029454
21999,0.0448382373054879,0.62199710483649,0.0922688712103594,0.240895786647663
22000,0.483879088696749,0.0351213726389303,0.254084280912568,0.226915257751752
22001,0.083242560366333,0.436177857822315,0.288124292525066,0.192455289286285
22002,0.167960148004642,0.503811140240201,0.0355537303165984,0.292674981438559
22003,0.0739302438220105,0.208408784065275,0.512994247769172,0.204666724343542
22004,0.487142675577485,0.073505211769819,0.101171074367146,0.33818103828555
22005,0.304875007816218,0.102638177205845,0.312081212442192,0.280405602535745
22006,0.102394679850034,0.154596153816024,0.250679409199575,0.492329757134367
22007,0.1965700011944,0.407187424607654,0.231138555162534,0.165104019035413
22008,0.0548662948110203,0.114587217731938,0.461715829132364,0.368830658324677
22009,0.380134758606709,0.121878719569058,0.15714226485529,0.340844256968943
22010,0.24088092787161,0.370139964391888,0.0544991935507948,0.334479914185707
22011,0.108400418753353,0.392012795220508,0.305521745879209,0.19406504014693
22012,0.241464191422611,0.152910552769365,0.263381730725711,0.342243525082314
22013,0.291898090703876,0.0898080498823047,0.391900973193524,0.226392886220295
22014,0.206773665546397,0.0823450742306398,0.424518216971173,0.28636304325179
22015,0.189894546590086,0.102803659319276,0.362508247417072,0.344793546673567
22016,0.0647465303863993,0.531254433103235,0.061768741654093,0.342230294856273
22017,0.0609683276584854,0.660024197748061,0.045061517524469,0.233945957068985
22018,0.253761978987795,0.280176473345681,0.274347097136604,0.19171445052992
22019,0.218930050425699,0.098644785269516,0.27707143246715,0.405353731837636
22020,0.149354046595075,0.17420923086296,0.375894114035148,0.300542608506817
22021,0.0745493023488179,0.329952931479067,0.313241676306301,0.282256089865814
22022,0.500073175872821,0.0244618389132738,0.12987104008497,0.345593945128935
22023,0.543743156921599,0.0260979152876589,0.191493338998535,0.238665588792208
22024,0.206060540452197,0.0688206521830719,0.164839766401125,0.560279040963606
22025,0.44418744734627,0.186596075173494,0.0808039828541102,0.288412494626126
22026,0.409371628448272,0.140458611496367,0.041934842019516,0.408234918035845
22027,0.411255591778499,0.204039455223801,0.0601189839711141,0.324585969026586
22028,0.310362736805158,0.13696862764468,0.0361137702770408,0.516554865273122
22029,0.0669009514546094,0.0639747629511489,0.0492208079294901,0.819903477664751
22030,0.511902718722088,0.011648908963968,0.328591340032621,0.147857032281324
22031,0.185361661542274,0.151028448687419,0.0933603303320053,0.570249559438302
22032,0.0807725691771116,0.286204265359464,0.0584567361885968,0.574566429274827
22033,0.0543365118534178,0.0639822104981854,0.66304705950896,0.218634218139436
22034,0.62667089326326,0.0873521658765933,0.0667347803685934,0.219242160491553
22035,0.0860436500893419,0.115697972517305,0.104897818599004,0.693360558794349
22036,0.287307971853155,0.227129285315731,0.118032465156547,0.367530277674567
22037,0.123536924957646,0.138664572962257,0.073223836291658,0.66457466578844
22038,0.201468350166617,0.200286231617471,0.0622171544618875,0.536028263754024
22039,0.340914464431521,0.425213903672385,0.0158205515796222,0.218051080316472
22040,0.245741515282021,0.257098111854049,0.195624527308162,0.301535845555769
22041,0.172062974228748,0.0560375179599999,0.402172630086371,0.369726877724881
22042,0.344082178589013,0.187976604225415,0.204537332925121,0.263403884260452
22043,0.179045702663543,0.486480776145368,0.0696673944057734,0.264806126785315
22044,0.116204301308083,0.14006968318207,0.268965311881582,0.474760703628265
22045,0.0728763767784874,0.421569535262976,0.0972362773890232,0.408317810569513
22046,0.159032795598971,0.277795729516517,0.229682787805011,0.333488687079501
22047,0.236660132680107,0.377128073148912,0.0496804069976742,0.336531387173307
22048,0.146540134538965,0.557994013777739,0.0511903582559658,0.24427549342733
22049,0.195505264657703,0.558326012483901,0.0617199288069935,0.184448794051402
22050,0.306956170184074,0.227971153208057,0.34165557185238,0.12341710475549
22051,0.104994900188673,0.0964448733526931,0.415840188751145,0.382720037707489
22052,0.196058743829696,0.31087829035516,0.244066800050905,0.24899616576424
22053,0.0457418674901325,0.528622680813577,0.264871702122319,0.160763749573972
22054,0.117820309446185,0.0385141078032574,0.532054087604221,0.311611495146337
22055,0.250932621062605,0.179128853610962,0.439244432920658,0.130694092405775
22056,0.18908546587074,0.0535401413452114,0.559278646273492,0.198095746510556
22057,0.32461988725015,0.124029252297585,0.193182148365416,0.358168712086848
22058,0.325671606830127,0.435616447957098,0.105598199814211,0.133113745398563
22059,0.275154914359854,0.376745038009712,0.0937435306886806,0.254356516941754
22060,0.11969232727136,0.124287428894696,0.0858693682280121,0.670150875605932
22061,0.0963649634293111,0.163132607972308,0.400871172331772,0.339631256266609
22062,0.120317263125392,0.30650374568983,0.340229046651029,0.232949944533748
22063,0.015721173755171,0.513981946096922,0.215760577999218,0.254536302148689
22064,0.505984058027379,0.122453385621075,0.0647832763406578,0.306779280010888
22065,0.142441380090544,0.120218245602169,0.460696943032907,0.27664343127438
22066,0.286598968005221,0.105620530178341,0.254559820002074,0.353220681814364
22067,0.452479221073902,0.220961892987476,0.0324587603052978,0.294100125633325
22068,0.219253250448197,0.479299438297342,0.0168090385785,0.284638272675961
22069,0.0258406665525434,0.515373424990364,0.0669751779396457,0.391810730517447
22070,0.363260169104931,0.0517318409183271,0.115365294134579,0.469642695842163
22071,0.387032190924069,0.0790275452726474,0.160716301540345,0.373223962262938
22072,0.0191095734249947,0.29306387770242,0.51660088935158,0.171225659521005
22073,0.199214880156581,0.153703780388426,0.236078459886332,0.411002879568661
22074,0.022531158474103,0.635091215939193,0.0770846691885484,0.265292956398156
22075,0.101845540095885,0.198463557153409,0.110469185803969,0.589221716946738
22076,0.598259861316975,0.124900813747044,0.0735947227477431,0.203244602188238
22077,0.136685466803482,0.109980764690157,0.0757718677961494,0.677561900710212
22078,0.276265703116882,0.173525442567943,0.166191595282837,0.384017259032338
22079,0.552336586689242,0.0389234723935387,0.0878079798833636,0.320931961033856
22080,0.146334222148501,0.0538824323356072,0.560583411911254,0.239199933604639
22081,0.0629865914693095,0.498857028303968,0.140957392260156,0.297198987966567
22082,0.516242135961227,0.220000684525964,0.0835866566909088,0.180170522821901
22083,0.0182332322320811,0.674588229260507,0.107759983172785,0.199418555334626
22084,0.193885087422595,0.0995515862986862,0.0477188681983156,0.658844458080403
22085,0.30092315533258,0.0873091800744001,0.178947123623934,0.432820540969087
22086,0.0998062945483901,0.37615144929343,0.0473044373371935,0.476737818820987
22087,0.0696015121284045,0.0945487949475432,0.491112089902799,0.344737603021254
22088,0.140050088152304,0.123324937966157,0.27118107254307,0.465443901338469
22089,0.0413603928876202,0.526894736208055,0.158867923173623,0.272876947730702
22090,0.20249506900276,0.171311615751768,0.23368328119087,0.392510034054601
22091,0.0367677945732197,0.0878499203471505,0.524474057358204,0.350908227721426
22092,0.498330542265181,0.223462584860071,0.0345790885139803,0.243627784360768
22093,0.042694811572269,0.124608109023187,0.547874527291234,0.284822552113311
22094,0.15765469217407,0.0929547110384016,0.310100242515131,0.439290354272397
22095,0.117589258258674,0.242542011005361,0.176691051500034,0.463177679235931
22096,0.173673133064118,0.0401748289028409,0.519819067326063,0.266332970706979
22097,0.674997634090514,0.0303549627386424,0.0587312777770255,0.235916125393818
22098,0.498266895115313,0.0203292034805188,0.247280986274838,0.23412291512933
22099,0.0452776799178501,0.263114376638419,0.191086847549495,0.500521095894236
22100,0.110067853025642,0.140680508125542,0.491988845329115,0.2572627935197
22101,0.410705674921821,0.242069440727539,0.0601504337832857,0.287074450567354
22102,0.0724764907638776,0.314468252970308,0.158832902754341,0.454222353511474
22103,0.339349768317295,0.174744440783068,0.230161743269298,0.255744047630339
22104,0.4027172333542,0.321452065865308,0.0482403947934663,0.227590305987025
22105,0.039817748875328,0.188871336710068,0.159516029757042,0.611794884657562
22106,0.583076686759355,0.219517629896597,0.0145582434665947,0.182847439877452
22107,0.134120286214972,0.0936825295697162,0.536163279266674,0.236033904948638
22108,0.244100255166734,0.131092281905883,0.284156574899176,0.340650888028208
22109,0.31674814115056,0.42201438333831,0.0723877689159288,0.188849706595201
22110,0.0680425817242825,0.0740931944210962,0.159865605921304,0.697998617933317
22111,0.389500259889161,0.112954749214686,0.16716521944412,0.330379771452033
22112,0.0429871463063571,0.32239382660449,0.391750299754131,0.242868727335021
22113,0.0715659722873039,0.350265296614496,0.188074021881436,0.390094709216764
22114,0.132464546380425,0.0932938857789579,0.317658035820881,0.456583532019736
22115,0.233369589159834,0.124970731644051,0.0863536875669072,0.555305991629207
22116,0.0463810915002023,0.296304468898999,0.364315604130266,0.292998835470532
22117,0.168356913273218,0.126382255974835,0.521332237379395,0.183928593372552
22118,0.738857673706644,0.0472705818697886,0.0450450368796005,0.168826707543967
22119,0.0511059202012076,0.653783702953261,0.0575952189279633,0.237515157917568
22120,0.17305971813295,0.12010962821327,0.399283833049892,0.307546820603888
22121,0.0834888205941219,0.295028702163103,0.13826400575821,0.483218471484565
22122,0.230319870284447,0.262662240759984,0.30192504264566,0.205092846309908
22123,0.138492027475783,0.394802543680382,0.209105815952664,0.257599612891171
22124,0.0568857627244021,0.3065583780421,0.361334145334062,0.275221713899436
22125,0.253402263004562,0.119306038536476,0.189929218032065,0.437362480426897
22126,0.195957133328137,0.139298871740306,0.222751387840532,0.441992607091025
22127,0.557124980585643,0.107255667510173,0.141116877098546,0.194502474805638
22128,0.345704769904405,0.19012342883653,0.23142771118486,0.232744090074204
22129,0.0889791122946086,0.172270450722246,0.104428283682154,0.634322153300991
22130,0.0323043609804878,0.320394290135787,0.418846988103835,0.22845436077989
22131,0.72914296800623,0.0479483466958004,0.109498867245606,0.113409818052364
22132,0.0425492499943495,0.299385909944284,0.339849054275745,0.318215785785621
22133,0.0493302257769304,0.0682003831774071,0.525685761828159,0.356783629217504
22134,0.338194384840061,0.134920712795119,0.194072290411087,0.332812611953732
22135,0.500384406185028,0.0463389298779044,0.041141628410804,0.412135035526263
22136,0.168327373041953,0.0893431637781919,0.0893260799318211,0.653003383248034
22137,0.334548217728387,0.0980682288363914,0.284472731271703,0.282910822163519
22138,0.316009072393711,0.177600656782504,0.168648051414427,0.337742219409357
22139,0.26411967462903,0.283771848994931,0.138069902388701,0.314038573987337
22140,0.0424901617773562,0.0535436054667711,0.533244693228358,0.370721539527515
22141,0.0435812497224002,0.348577852062107,0.24942590407614,0.358414994139353
22142,0.277046082160922,0.0462667190179902,0.460577501569275,0.216109697251813
22143,0.303593890890143,0.113198506141684,0.32962825701199,0.253579345956183
22144,0.0408354050926714,0.23706800896195,0.447550533998299,0.274546051947079
22145,0.188150299658587,0.146290391370864,0.269703241025701,0.395856067944848
22146,0.182293727789821,0.0401223138230992,0.399839044881835,0.377744913505245
22147,0.442444625642947,0.0562899309457493,0.200088032314505,0.301177411096798
22148,0.352033597127052,0.0757197836584349,0.118409835955899,0.453836783258615
22149,0.0723363297386659,0.401944844924176,0.0586839844891541,0.467034840848003
22150,0.0916769448335293,0.0781340771312883,0.590270887377908,0.239918090657274
22151,0.271795803302293,0.0489863178264556,0.311856403147545,0.367361475723707
22152,0.142318647278995,0.124858977550548,0.0863405148277293,0.646481860342728
22153,0.0638572605854049,0.296120012819512,0.386845289880813,0.25317743671427
22154,0.105489768194291,0.382037852033135,0.189502565055777,0.322969814716797
22155,0.157652648783903,0.243093651483765,0.359492966105806,0.239760733626526
22156,0.098480368788063,0.573802484037333,0.0550341753106044,0.272682971864
22157,0.14363735645849,0.416563464379838,0.267448613245293,0.17235056591638
22158,0.135527123621267,0.209899522750605,0.162929121738262,0.491644231889865
22159,0.194078628998325,0.243835088557037,0.450197290642443,0.111888991802195
22160,0.171189451189192,0.329907057535698,0.088659280342688,0.410244210932422
22161,0.096301961991647,0.431618107971452,0.162093720277556,0.309986209759344
22162,0.112198638955804,0.231678023188365,0.370978337029144,0.285145000826687
22163,0.412288287984031,0.0910761275548602,0.105579624613051,0.391055959848058
22164,0.0688473126182176,0.109859220758323,0.448104325191761,0.373189141431698
22165,0.0872043564998591,0.424806799124528,0.166575564938941,0.321413279436672
22166,0.396599015416073,0.403018714470555,0.0771108486583333,0.123271421455039
22167,0.30973768383094,0.243483470292923,0.268631662948125,0.178147182928012
22168,0.315690129881283,0.163536735208744,0.29893232033678,0.221840814573193
22169,0.323341027449754,0.0880562969150573,0.275246961157825,0.313355714477364
22170,0.145544930433253,0.181716396901721,0.393176637805857,0.279562034859169
22171,0.15523313413068,0.359392849093553,0.251283969209439,0.234090047566328
22172,0.0911869195689628,0.199359687121539,0.0999647515273911,0.609488641782107
22173,0.177450613014866,0.587780233793244,0.0584593721720398,0.176309781019849
22174,0.53725067314635,0.127779063799449,0.0578714794622168,0.277098783591984
22175,0.098136447717048,0.437442846254286,0.170570204374273,0.293850501654393
22176,0.315284387070344,0.110909662526587,0.292899638598305,0.280906311804764
22177,0.264091183514985,0.131538484885898,0.160462420713233,0.443907910885883
22178,0.269344891178045,0.372439320419298,0.138023644690546,0.220192143712111
22179,0.068055859636367,0.320643250972207,0.0672479272219083,0.544052962169518
22180,0.309652049943645,0.102963275219862,0.463349973187385,0.124034701649108
22181,0.134437745090627,0.503626862263884,0.110036193095532,0.251899199549956
22182,0.439618744666122,0.0618318221497176,0.27335070764668,0.22519872553748
22183,0.183363082459684,0.494111142237472,0.0610570040627636,0.26146877124008
22184,0.320233244166818,0.159049197798193,0.148454519702804,0.372263038332186
22185,0.25959111810238,0.324715613368569,0.0484225273739242,0.367270741155127
22186,0.095946657231557,0.493010802983565,0.0571864852018979,0.35385605458298
22187,0.171235463436574,0.256399876809192,0.127754743344536,0.444609916409698
22188,0.370319074095599,0.207589519997334,0.233818767841928,0.18827263806514
22189,0.206100774823449,0.0637227722640877,0.389006858880317,0.341169594032146
22190,0.103100884046893,0.418925745315785,0.186998779831132,0.290974590806189
22191,0.263881011274302,0.183509143927073,0.376292012278506,0.176317832520118
22192,0.121209858120762,0.16061868263792,0.352255642147559,0.365915817093759
22193,0.113235308992789,0.211514776630336,0.122228047941527,0.553021866435347
22194,0.303610479312267,0.175353365394889,0.0465940614441094,0.474442093848734
22195,0.354617202532794,0.293718942025221,0.187357405191879,0.164306450250105
22196,0.270335462046333,0.0685056224871222,0.0891332271505163,0.572025688316029
22197,0.0714398370856887,0.594825298800965,0.0716103000935447,0.262124564019801
22198,0.0526005685738242,0.0539829007521229,0.069584009971261,0.823832520702792
22199,0.649688155005252,0.0776638388644869,0.0662057352744158,0.206442270855846
22200,0.44282129635651,0.0423036513837762,0.0959667738621592,0.418908278397555
22201,0.179388776985767,0.458601291752987,0.134683342299504,0.227326588961742
22202,0.397191121579556,0.380357723221194,0.0410431339946528,0.181408021204597
22203,0.450845585380116,0.299437540853408,0.0449201888782119,0.204796684888265
22204,0.186268817495217,0.335883825397744,0.0398941769194642,0.437953180187575
22205,0.243448943218883,0.328154143080252,0.169999170116566,0.258397743584299
22206,0.0861619912978312,0.168433780244669,0.48363225087313,0.26177197758437
22207,0.0811128394504502,0.112096772520665,0.258997014237806,0.547793373791079
22208,0.319386561835867,0.410472432225972,0.0706054882150485,0.199535517723112
22209,0.105790247745587,0.0717424171096607,0.0927733746732732,0.729693960471479
22210,0.143609063416563,0.209422498438837,0.232074057430305,0.414894380714295
22211,0.171824433083928,0.276064721140773,0.0677552991039192,0.48435554667138
22212,0.0361352372386558,0.288541027965371,0.41928762656149,0.256036108234483
22213,0.111441802755714,0.212520977680559,0.0750674760351978,0.60096974352853
22214,0.0583622625396043,0.207913535538156,0.288671509008094,0.445052692914146
22215,0.0788812813047091,0.122329951517567,0.512469872593577,0.286318894584146
22216,0.59403826651068,0.0751164276097111,0.0643301344710017,0.266515171408607
22217,0.0850933372375109,0.0946357586446044,0.432182505960074,0.388088398157811
22218,0.0922325963823176,0.22720850779065,0.0439439465254998,0.636614949301532
22219,0.376803974678445,0.057474765377072,0.111844115308945,0.453877144635538
22220,0.650702774662288,0.0212061837472208,0.0723623543266976,0.255728687263794
22221,0.0482987203933792,0.141153504788493,0.0835556401088478,0.72699213470928
22222,0.570219706601141,0.0726428965209526,0.0187607415799824,0.338376655297923
22223,0.182732643728345,0.409732372911902,0.0757727644058224,0.33176221895393
22224,0.126608341681379,0.117387136298916,0.197212839891463,0.558791682128242
22225,0.473969943452527,0.243283343266692,0.126432097972702,0.15631461530808
22226,0.0483297124084812,0.026330510240939,0.659747517922086,0.265592259428493
22227,0.415850226432141,0.205640154813249,0.215951368875712,0.162558249878898
22228,0.0281283341486928,0.640432288316154,0.10268440712092,0.228754970414233
22229,0.220818020295968,0.362038087310711,0.0764139708315131,0.340729921561808
22230,0.104787997521036,0.0740663457932652,0.544585817645495,0.276559839040204
22231,0.515740208077017,0.156934749269295,0.167392054384884,0.159932988268803
22232,0.298936940590003,0.173906119143202,0.100138729375351,0.427018210891444
22233,0.0842342643396953,0.0795850176107159,0.179669201619539,0.65651151643005
22234,0.129985343591361,0.545848869028673,0.0396998018532887,0.284465985526678
22235,0.218160540496081,0.0956226598375838,0.189063600492209,0.497153199174126
22236,0.538180486224183,0.120483210404846,0.0797871604250754,0.261549142945896
22237,0.420407490657671,0.0443798091593534,0.208347728352775,0.326864971830201
22238,0.0492336387400524,0.20148289721519,0.33011142139713,0.419172042647628
22239,0.0804156872316014,0.409240425449146,0.31599928177005,0.194344605549203
22240,0.128099511465195,0.235684782173992,0.234950590129566,0.401265116231248
22241,0.26174557986397,0.206412385883217,0.128585198452466,0.403256835800347
22242,0.431803474248586,0.127742654191871,0.0428448376988851,0.397609033860657
22243,0.0424829247523613,0.567273111585227,0.0266919973298161,0.363551966332595
22244,0.224920669553899,0.460792704200106,0.149703130876979,0.164583495369016
22245,0.423788507791043,0.080600437341663,0.0891736516707789,0.406437403196515
22246,0.266826482157109,0.411848838140898,0.113262219734402,0.208062459967591
22247,0.153965126715667,0.119074130842476,0.356308139220596,0.370652603221261
22248,0.422876362382047,0.0794645708610794,0.304529376117415,0.193129690639459
22249,0.0680717930993218,0.132656673485863,0.351885388182492,0.447386145232323
22250,0.505786798275483,0.0336082035986645,0.0722293612426214,0.388375636883231
22251,0.108964735587325,0.0641588811321219,0.401321610488646,0.425554772791907
22252,0.0846402833649312,0.0328626747355935,0.524350994274606,0.358146047624869
22253,0.308102822319876,0.376451951076796,0.0241299628379153,0.291315263765412
22254,0.0638934063121603,0.122730322280858,0.369512312782637,0.443863958624344
22255,0.0358508640502983,0.0377770239200986,0.35720943371226,0.569162678317343
22256,0.281753410812807,0.0265820477904797,0.361741760590367,0.329922780806346
22257,0.442085564495369,0.0620833878945896,0.185415647179785,0.310415400430256
22258,0.0358493188699096,0.311682840911423,0.319244945870065,0.333222894348603
22259,0.138778629433812,0.0973768213208749,0.169125793358831,0.594718755886482
22260,0.0345867597516545,0.0346406743961059,0.54936951447737,0.381403051374869
22261,0.225566894921411,0.0939422823256011,0.283720675493234,0.396770147259753
22262,0.282143114954553,0.235677456120289,0.153237535577463,0.328941893347695
22263,0.11751741741751,0.339845754008961,0.0319888969824678,0.510647931591062
22264,0.411959282908428,0.216941125827403,0.0568036577194358,0.314295933544733
22265,0.238644607390593,0.0660389889921163,0.376274802291366,0.319041601325925
22266,0.147533765802284,0.0499355750337108,0.287631778336472,0.514898880827533
22267,0.0353781852404443,0.0261306061081346,0.570761575885067,0.367729632766354
22268,0.347518766164713,0.198596500030792,0.070791018018872,0.383093715785623
22269,0.26309780283548,0.456204381747884,0.0311410619725144,0.249556753444122
22270,0.148547230232455,0.112572858722985,0.39749496301245,0.34138494803211
22271,0.168137758182035,0.255973199308206,0.340650288521065,0.235238753988694
22272,0.229435824388255,0.45331078392849,0.101336244170031,0.215917147513224
22273,0.225702538243645,0.300300727447521,0.140967820755945,0.333028913552889
22274,0.170069335947249,0.456026813428869,0.0568346933055108,0.317069157318371
22275,0.102038794161354,0.411568762030917,0.228434207427042,0.257958236380687
22276,0.0716629734413618,0.191669344999688,0.353755570911915,0.382912110647035
22277,0.317730737706853,0.137443347494257,0.335216886275443,0.209609028523447
22278,0.0783470173081039,0.287935048786878,0.295154620935772,0.338563312969246
22279,0.535046907678584,0.108811815150702,0.0988389951639442,0.25730228200677
22280,0.17876597153714,0.0854267694641409,0.242685958918849,0.49312130007987
22281,0.643035932140142,0.041356322562189,0.0783492385971505,0.237258506700518
22282,0.0671037445837004,0.29768097155063,0.438288440225531,0.196926843640139
22283,0.113548023118893,0.197546891629598,0.190500467055304,0.498404618196205
22284,0.260752635270092,0.0908060406147291,0.385901471334453,0.262539852780726
22285,0.0775619090137766,0.303210514372506,0.216578901085083,0.402648675528635
22286,0.172491171338168,0.0527523409074051,0.385893660995136,0.38886282675929
22287,0.414941925387285,0.203681764849579,0.109924901688048,0.271451408075088
22288,0.374268549969869,0.158219093450849,0.140813300405293,0.32669905617399
22289,0.168222565906906,0.318097812637489,0.302516559294744,0.211163062160861
22290,0.348205476563253,0.0828194169978826,0.397546965046653,0.171428141392212
22291,0.625985260886724,0.056765888271204,0.115208744797675,0.202040106044396
22292,0.257770548245416,0.160694598070329,0.321681191336232,0.259853662348023
22293,0.227642162893906,0.438974457144453,0.114686634355337,0.218696745606304
22294,0.281591174827637,0.121414477520546,0.211402503214575,0.385591844437242
22295,0.197026887164088,0.279891804757925,0.367946078105745,0.155135229972241
22296,0.263449834379867,0.145991439402344,0.185621992471335,0.404936733746454
22297,0.199636603058227,0.238817775907221,0.348439604028663,0.213106017005889
22298,0.114150030789998,0.269107284638235,0.414233133474467,0.2025095510973
22299,0.118384506132653,0.606443651913696,0.0665654507470651,0.208606391206586
22300,0.469095392801452,0.247776226874976,0.0874298812821868,0.195698499041385
22301,0.118197241490178,0.218363663866509,0.432682027311452,0.230757067331861
22302,0.252408323729329,0.345941624266061,0.134511002887283,0.267139049117328
22303,0.266859330059366,0.183372246174917,0.22826595808687,0.321502465678847
22304,0.312899693622852,0.4118664818821,0.0650655691841984,0.21016825531085
22305,0.24054758411224,0.321631771490475,0.283585627519129,0.154235016878156
22306,0.280809847155464,0.158239915644894,0.371942945379593,0.18900729182005
22307,0.0735067449184753,0.283612843323374,0.0777765544988615,0.565103857259289
22308,0.122917692407466,0.246302071624249,0.211607974555613,0.419172261412672
22309,0.298836545128094,0.0647687703787463,0.0976766231636483,0.538718061329511
22310,0.204733690092606,0.0589213465810526,0.254455403328635,0.481889559997707
22311,0.239985299874141,0.326292317417022,0.138476969256384,0.295245413452454
22312,0.580910348643916,0.0637912345267815,0.0632495276787527,0.29204888915055
22313,0.391737739457471,0.19286694100096,0.0749363758823958,0.340458943659173
22314,0.299418203631468,0.301721187358465,0.206870191392388,0.191990417617678
22315,0.263211020667259,0.181913569830602,0.159734372050682,0.395141037451457
22316,0.0497045513695769,0.455307671966498,0.128501421761693,0.366486354902232
22317,0.0888972627455735,0.364181661728798,0.123693332333074,0.423227743192554
22318,0.15228014485494,0.0284395094092408,0.651728341373113,0.167552004362707
22319,0.293731363321329,0.25945453721403,0.074154513754876,0.372659585709764
22320,0.103531269268842,0.282930304264568,0.427647076256254,0.185891350210336
22321,0.214024336237159,0.166957811073169,0.209051723061993,0.409966129627679
22322,0.0793870382559482,0.115237940820012,0.363692250967755,0.441682769956284
22323,0.0393175842009264,0.338807190477784,0.172120086564253,0.449755138757036
22324,0.0464547491190046,0.362133928466513,0.320183353961897,0.271227968452586
22325,0.240350812436415,0.232991780379784,0.0779594227301552,0.448697984453645
22326,0.461528022243879,0.0583047903772392,0.124782577018801,0.35538461036008
22327,0.40760279607504,0.113443980362591,0.275402739626179,0.203550483936189
22328,0.257771160564886,0.125136183549057,0.293994385526247,0.32309827035981
22329,0.200996648299121,0.283602855832367,0.161304039444414,0.354096456424098
22330,0.0478770827760598,0.0584347410140727,0.466694100816567,0.426994075393301
22331,0.224044767690377,0.117233642414518,0.0379662169462878,0.620755372948817
22332,0.127676530220894,0.0577451067291639,0.311000475370116,0.503577887679825
22333,0.509522809947337,0.0281340636007236,0.181532730266412,0.280810396185528
22334,0.154861116638682,0.0397974055119045,0.350278318179315,0.455063159670098
22335,0.357389378636522,0.31151613145169,0.0267900101808031,0.304304479730985
22336,0.534513544109709,0.0699699581467935,0.182587305962878,0.212929191780619
22337,0.0227813191239231,0.337172927702541,0.339656950464993,0.300388802708543
22338,0.101442508162652,0.125791038637397,0.0981753957585445,0.674591057441406
22339,0.0485486770905117,0.021915562465288,0.620534669982664,0.309001090461536
22340,0.0394696089923578,0.444348601052972,0.0897115119670123,0.426470277987658
22341,0.320685183976596,0.0334927082085493,0.129797351303743,0.516024756511112
22342,0.129888608041821,0.0397452047438504,0.585666692628773,0.244699494585556
22343,0.162651986526187,0.686568223868883,0.0183300324035638,0.132449757201366
22344,0.226944053072252,0.215737700418134,0.334786457350768,0.222531789158846
22345,0.681277136251671,0.0272186884620386,0.0399652862791358,0.251538889007154
22346,0.392070098949222,0.0449775676225831,0.0339590376175036,0.528993295810691
22347,0.119994130029881,0.292040703744465,0.394809009515712,0.193156156709942
22348,0.028684588104041,0.264774660334544,0.444883174759809,0.261657576801606
22349,0.242535189693349,0.250496418757341,0.387582420537492,0.119385971011818
22350,0.279330187056028,0.209068871779677,0.299160962084657,0.212439979079637
22351,0.225913063535211,0.150404712861925,0.429649798128054,0.19403242547481
22352,0.51469763755611,0.0320593500820558,0.171387261704117,0.281855750657717
22353,0.0933655504769448,0.120146101917388,0.341944466779925,0.444543880825742
22354,0.104205451971416,0.527040443537228,0.0763547024211717,0.292399402070185
22355,0.148707632801918,0.292586778456034,0.260389405644709,0.29831618309734
22356,0.108696634399093,0.0379669724905266,0.437630890286091,0.415705502824289
22357,0.0347304643720884,0.591262138734323,0.0714403222836638,0.302567074609925
22358,0.519200859098054,0.0780714760946812,0.120665780115948,0.282061884691316
22359,0.355982145500609,0.236261165427062,0.25879617357786,0.14896051549447
22360,0.0935538693162302,0.515820560015298,0.024740284665326,0.365885286003146
22361,0.262785638306684,0.14323017055029,0.102736836748587,0.49124735439444
22362,0.140005841259424,0.258460933760802,0.325791962700725,0.275741262279049
22363,0.0724489443124008,0.0476571614270115,0.30309920251046,0.576794691750128
22364,0.329620602224835,0.177241969422268,0.157583480399851,0.335553947953045
22365,0.260621320409532,0.149164280704778,0.197281172496069,0.39293322638962
22366,0.0987396825636377,0.428335336980455,0.320645473385254,0.152279507070654
22367,0.439208356917624,0.0919909879456933,0.168633405481106,0.300167249655577
22368,0.213065113514155,0.302867250283207,0.124649839125713,0.359417797076925
22369,0.179545722507907,0.417966079369372,0.169909337872172,0.232578860250548
22370,0.0648363786789554,0.245053231617203,0.207734211922072,0.482376177781769
22371,0.387398029462703,0.101977890076034,0.214191796000934,0.296432284460329
22372,0.484551642444752,0.303082959976919,0.0495176955765433,0.162847702001785
22373,0.278702386053422,0.0716966258648309,0.129524158747377,0.52007682933437
22374,0.431197160675665,0.315349302956767,0.0726247513969913,0.180828784970577
22375,0.125287672239735,0.472253449606181,0.0779807249339894,0.324478153220094
22376,0.159237537203177,0.12009415851441,0.108780949023904,0.611887355258509
22377,0.243021376700804,0.217501480747234,0.223275969625851,0.316201172926111
22378,0.175559588034546,0.0882328809058755,0.579224388922512,0.156983142137066
22379,0.41589635486635,0.280979701654364,0.0499185154995329,0.253205427979752
22380,0.0749346886048966,0.156662726000235,0.145609388814174,0.622793196580695
22381,0.0922119273593359,0.412873293911304,0.14270116455622,0.35221361417314
22382,0.0796499351605767,0.406587687350339,0.189349834140023,0.324412543349061
22383,0.144796789431777,0.10420307612859,0.370645114100138,0.380355020339495
22384,0.116053496840768,0.474026103238378,0.0702859501622888,0.339634449758565
22385,0.369971389848185,0.144061226338069,0.237055713566906,0.24891167024684
22386,0.233915176681723,0.475856319033107,0.142440949082023,0.147787555203147
22387,0.300581299655619,0.0755412927102497,0.171178157261578,0.452699250372553
22388,0.491091318348362,0.110519304027779,0.159757998183897,0.238631379439962
22389,0.176353737870189,0.243535236579876,0.349609126444697,0.230501899105238
22390,0.270981958420038,0.104419241861891,0.149510482249767,0.475088317468304
22391,0.345939689428851,0.109890071326439,0.16313625035392,0.38103398889079
22392,0.263270817370452,0.300669004426053,0.179493841457261,0.256566336746235
22393,0.140537307791194,0.234120920223069,0.438680939995557,0.186660831990181
22394,0.0927195964380307,0.265810638564256,0.188387110262556,0.453082654735157
22395,0.391165228434324,0.162730977055411,0.273469156357011,0.172634638153254
22396,0.17075808217298,0.0952784927425375,0.206918009618298,0.527045415466185
22397,0.482307136306018,0.130944526010609,0.0710987655967228,0.31564957208665
22398,0.226739978879019,0.136838393470394,0.360471656174687,0.2759499714759
22399,0.0627859628911335,0.114025937342757,0.560654840127187,0.262533259638922
22400,0.151052412805179,0.0363066384705231,0.558137118222198,0.2545038305021
22401,0.606638844013093,0.0431461674183081,0.0723134421853786,0.27790154638322
22402,0.165963084823707,0.23903091747565,0.310241538612246,0.284764459088397
22403,0.230650189498196,0.171735504364137,0.31802690122021,0.279587404917457
22404,0.388550108131671,0.0347916362380307,0.394918070654506,0.181740184975793
22405,0.084996587817471,0.242776012636337,0.0704207925763092,0.601806606969883
22406,0.121799235881069,0.507237227086325,0.0620781804538113,0.308885356578795
22407,0.0801960384235381,0.0687616617904608,0.31831727589064,0.532725023895361
22408,0.0545653823966802,0.0539220546794005,0.642876732247171,0.248635830676748
22409,0.261380412443324,0.28682476157026,0.258621078471726,0.19317374751469
22410,0.292353599711216,0.265112103603815,0.265189158250937,0.177345138434032
22411,0.143561062524066,0.300755963786496,0.357667859921827,0.19801511376761
22412,0.318981063591797,0.237588549796989,0.335515849445725,0.107914537165488
22413,0.0633692303072554,0.0756488840020871,0.0694753595993556,0.791506526091302
22414,0.149466186362834,0.636356755417413,0.0257455644997461,0.188431493720008
22415,0.0525674637210289,0.184956441880097,0.434734817366311,0.327741277032563
22416,0.0364028933366712,0.105806294244605,0.592670293739299,0.265120518679424
22417,0.173985404381469,0.0405869276245974,0.449675578714663,0.335752089279271
22418,0.0248707329244704,0.521213885323525,0.159267649451653,0.294647732300351
22419,0.0598455709671625,0.316801282504079,0.0636096978575226,0.559743448671236
22420,0.0607363781212679,0.443713066748126,0.211824185647254,0.283726369483352
22421,0.501858801268168,0.0134183521342379,0.239676093986123,0.245046752611471
22422,0.0334860819062589,0.226916887413422,0.152609651417405,0.586987379262914
22423,0.0876600267502278,0.120989049900618,0.512737380658363,0.278613542690791
22424,0.407991033351946,0.222683914508943,0.0493095560278599,0.320015496111251
22425,0.0527501354466896,0.288214836481907,0.134805919746399,0.524229108325005
22426,0.330356790101357,0.163701828983056,0.215617150201001,0.290324230714586
22427,0.404868735451357,0.310988787091675,0.0370617787749719,0.247080698681996
22428,0.0279454311181133,0.160630403679563,0.1305510927639,0.680873072438424
22429,0.600569530143545,0.193894260373498,0.00982665945744906,0.195709550025508
22430,0.112238768549336,0.0754434452836221,0.543717203309976,0.268600582857067
22431,0.23074577710757,0.110429752775247,0.268610656103368,0.390213814013815
22432,0.315979788423356,0.420990680717106,0.0595912965014306,0.203438234358108
22433,0.0478634046241346,0.0521196059085749,0.121436397919333,0.778580591547957
22434,0.380227887850441,0.0982616741643147,0.145420484210049,0.376089953775195
22435,0.0317886025301375,0.300215175189099,0.393936566984891,0.274059655295873
22436,0.0561333692572005,0.345959091885427,0.165538836334264,0.432368702523109
22437,0.110927754986408,0.07234736445075,0.276430481619998,0.540294398942844
22438,0.191774908661226,0.095100938088569,0.0682877641889316,0.644836389061273
22439,0.0366734200697934,0.273206305663135,0.362744907876719,0.327375366390353
22440,0.212189041542768,0.288261683820629,0.149982776983867,0.349566497652736
22441,0.263067236087872,0.056747325450779,0.422566024865536,0.257619413595813
22442,0.141439315179666,0.124210540838977,0.385470514442998,0.348879629538359
22443,0.0776556305421838,0.748365413068778,0.031983611560585,0.141995344828453
22444,0.268976842476845,0.12180259494493,0.361931644601641,0.247288917976585
22445,0.0549092711333669,0.379871790380847,0.18601710992447,0.379201828561317
22446,0.0724744090359674,0.317367023230813,0.465887067608,0.144271500125219
22447,0.464706597153013,0.264815781858198,0.0627448874490847,0.207732733539705
22448,0.085232213503506,0.246370899262016,0.459265046915288,0.209131840319191
22449,0.108863625748597,0.371379596838934,0.121743154492696,0.398013622919773
22450,0.187477053173307,0.168820652332674,0.15606748936858,0.487634805125438
22451,0.0466253462919483,0.510315348811586,0.249111709876786,0.19394759501968
22452,0.104870936263649,0.583814227037717,0.0907152049091302,0.220599631789504
22453,0.226120055203247,0.127357698366143,0.244794669076954,0.401727577353655
22454,0.269242998706361,0.482001932181645,0.0537029666744033,0.195052102437591
22455,0.41754012136611,0.235856672862336,0.154469819070299,0.192133386701255
22456,0.223976287314338,0.107092034398297,0.350038749743998,0.318892928543367
22457,0.130725006469323,0.257134347462815,0.297304936737564,0.314835709330297
22458,0.0741209150763972,0.379625172133028,0.350456985995162,0.195796926795412
22459,0.187604886120274,0.166627392446012,0.516053964806704,0.129713756627009
22460,0.151722779675481,0.129013183872268,0.445547667737856,0.273716368714395
22461,0.421615006785626,0.185879270792188,0.172823939657605,0.219681782764581
22462,0.37984467625336,0.197758666912206,0.24255103361643,0.179845623218004
22463,0.103558940409913,0.341130699021084,0.212636500519936,0.342673860049067
22464,0.285371730140506,0.362731158045636,0.0962668316918338,0.255630280122024
22465,0.385382972608434,0.32751426142666,0.0673472918846217,0.219755474080285
22466,0.379055942903395,0.190577948816789,0.113426320783397,0.316939787496419
22467,0.101482881905326,0.472468796478881,0.212288647640941,0.213759673974851
22468,0.325441637538204,0.195150554850365,0.202829591814831,0.276578215796599
22469,0.55333014083062,0.0803272915891177,0.194281698595636,0.172060868984627
22470,0.12992656568491,0.653956631539081,0.0484461143189205,0.167670688457089
22471,0.492892774308278,0.19035468778098,0.0665649675732275,0.250187570337514
22472,0.0765181212764963,0.245397663996255,0.418588589925129,0.25949562480212
22473,0.413157733996042,0.079807171201451,0.273150950872405,0.233884143930102
22474,0.299835842580574,0.0549409258452983,0.440793810390754,0.204429421183374
22475,0.229554206424409,0.551037217475677,0.0667794548113943,0.15262912128852
22476,0.123615426853771,0.17030936059634,0.278437905334873,0.427637307215016
22477,0.121854278687522,0.155807653263033,0.460287746206231,0.262050321843214
22478,0.144244150081264,0.0911967316174967,0.39435127803453,0.370207840266709
22479,0.209999723286712,0.0649188668665429,0.161877246373042,0.563204163473703
22480,0.0528812868725502,0.3387639297428,0.288569969328175,0.319784814056474
22481,0.145095107204702,0.281649906282972,0.0803831232773863,0.492871863234939
22482,0.201294766215786,0.156668202368464,0.0644192299166825,0.577617801499067
22483,0.108746634362773,0.166445692675667,0.134339354677743,0.590468318283817
22484,0.293735159282715,0.342872804036362,0.0462444233755704,0.317147613305352
22485,0.051355459677778,0.309293492292489,0.193422323084435,0.445928724945298
22486,0.0419553083831536,0.265586892706152,0.488518808019832,0.203938990890862
22487,0.0650549610761292,0.0420423602122487,0.38582595533894,0.507076723372682
22488,0.0969750318673429,0.117106883454366,0.418527808071407,0.367390276606883
22489,0.427961281894064,0.0337267496227772,0.315582197798439,0.22272977068472
22490,0.168621287136644,0.33721317354397,0.0991737794550465,0.394991759864339
22491,0.0396448779707796,0.544194709599933,0.085539359612299,0.330621052816988
22492,0.0216604906008187,0.290286740445331,0.452811057283993,0.235241711669857
22493,0.192534354031737,0.315180883375526,0.370203544487053,0.122081218105685
22494,0.202143282865207,0.110275586455269,0.322036820190916,0.365544310488609
22495,0.0596348064646287,0.300668645649243,0.408584416646809,0.23111213123932
22496,0.257103131789501,0.0383170247159795,0.222817605890957,0.481762237603562
22497,0.246818785073202,0.316232449038881,0.21508104312156,0.221867722766357
22498,0.0733424886003164,0.197460158000828,0.267399587713876,0.461797765684979
22499,0.459933943349191,0.188145124722751,0.0881902035770285,0.26373072835103
22500,0.522971365542808,0.0291359356554451,0.0482521754040113,0.399640523397735
22501,0.33395816589931,0.156490178070008,0.144529772826944,0.365021883203738
22502,0.19322192639135,0.189817099798462,0.144745315171667,0.472215658638521
22503,0.238071503920274,0.0748680830344785,0.0574919840764654,0.629568428968782
22504,0.333782022378162,0.324750219034194,0.0533454906215125,0.288122267966132
22505,0.17969719159884,0.0440743900390998,0.267773527993878,0.508454890368182
22506,0.214436923044719,0.266246551365286,0.265553604634009,0.253762920955986
22507,0.0208271771564327,0.503217854245,0.115692577290832,0.360262391307735
22508,0.219174658785927,0.517029989049723,0.0729537115808616,0.190841640583488
22509,0.615281843651584,0.0226899803348468,0.0411805198290701,0.320847656184499
22510,0.0267738982705415,0.533973601642623,0.0600561667044606,0.379196333382375
22511,0.320592855132547,0.0740796902396312,0.358194815274743,0.247132639353078
22512,0.176490296973405,0.101444266020202,0.240864243809126,0.481201193197266
22513,0.208468654207892,0.0657411775305656,0.362627247939337,0.363162920322205
22514,0.0906178436285712,0.558297695983741,0.0614927139017488,0.289591746485939
22515,0.0447426443591925,0.0361365139083638,0.460750398287,0.458370443445443
22516,0.0328923957903258,0.506840019122256,0.107039538883824,0.353228046203595
22517,0.257247541134568,0.0676437063897364,0.366656845517714,0.308451906957981
22518,0.122433268044241,0.23816343610375,0.169635318333238,0.46976797751877
22519,0.150650238574711,0.339597851633886,0.043402462114229,0.466349447677174
22520,0.3872214396934,0.265938037080142,0.114693614556762,0.232146908669695
22521,0.0316121526243207,0.386907789542914,0.329789609374275,0.251690448458491
22522,0.0205852744920356,0.0424599500575546,0.572815152558167,0.364139622892242
22523,0.017207503169475,0.588427545556577,0.128094301082663,0.266270650191285
22524,0.0432843590702322,0.0543089848349925,0.339358591159477,0.563048064935298
22525,0.314184737712119,0.0860111132136278,0.49602005379903,0.103784095275223
22526,0.402113507866368,0.365143790563493,0.026127135149822,0.206615566420318
22527,0.0825246625651851,0.476435954997446,0.12648314895002,0.314556233487348
22528,0.0258704504983418,0.0303403568583226,0.641470848685091,0.302318343958245
22529,0.147371671920881,0.317141564271419,0.28050322220936,0.25498354159834
22530,0.0992535451935028,0.0472250930327488,0.109117860904673,0.744403500869075
22531,0.0503921964974557,0.0605641096541248,0.678561820788543,0.210481873059876
22532,0.185588450489482,0.197035440627418,0.0664995699151733,0.550876538967927
22533,0.0408285659802475,0.25194875022444,0.0738191930132528,0.633403490782059
22534,0.210377282418414,0.340528775326473,0.118454719088471,0.330639223166643
22535,0.141659540440861,0.231499042744038,0.362824834137845,0.264016582677255
22536,0.0779219130865258,0.572791371361169,0.0435454119243849,0.305741303627921
22537,0.131871254293876,0.417263549798052,0.267898093073135,0.182967102834937
22538,0.116888643484329,0.191861826376015,0.140522159072002,0.550727371067654
22539,0.173624594644208,0.237999623337855,0.465708291787292,0.122667490230644
22540,0.148850173895617,0.312975607829855,0.0748826207737542,0.463291597500775
22541,0.076615314162832,0.433215723574824,0.140699702810134,0.349469259452209
22542,0.0957542271113171,0.222083992727586,0.366097261997498,0.316064518163598
22543,0.405504721405739,0.0752499814023156,0.087233230066901,0.432012067125045
22544,0.0545989349816746,0.0896910701228015,0.448332701201255,0.407377293694268
22545,0.0701657554695754,0.418877538675946,0.15498008080887,0.355976625045609
22546,0.400829723022106,0.407317904015682,0.0635938590284469,0.128258513933765
22547,0.308821950029432,0.242763615862885,0.26016915249053,0.188245281617153
22548,0.301670922520254,0.143232387934533,0.302744558874358,0.252352130670855
22549,0.309245977954629,0.0707474167314046,0.263248423355488,0.356758181958479
22550,0.127307553203991,0.163631427163586,0.409390603243508,0.299670416388916
22551,0.14005291110238,0.353772185587372,0.247354056193679,0.258820847116569
22552,0.0739867914811125,0.166523107033284,0.0787867212063277,0.680703380279275
22553,0.153671756524028,0.605933000540548,0.047768287569376,0.192626955366048
22554,0.315860134353642,0.122200401267931,0.125916442529532,0.436023021848895
22555,0.16899430456251,0.442543889802911,0.212122353291971,0.176339452342609
22556,0.18343092505603,0.539288759828008,0.0899530408288872,0.187327274287074
22557,0.106129203162416,0.332551090926696,0.191679962890561,0.369639743020327
22558,0.346923329700544,0.0894507447512769,0.343053366830466,0.220572558717713
22559,0.13842257578216,0.18719433035493,0.223607356029988,0.450775737832922
22560,0.19272070979564,0.339751649726004,0.162027351961615,0.305500288516741
22561,0.274914358722593,0.210006173903652,0.395791328117387,0.119288139256367
22562,0.184136560693607,0.474184702923227,0.15804000653248,0.183638729850687
22563,0.425056230478032,0.107931882482734,0.3225979398692,0.144413947170034
22564,0.457819370985251,0.0907735381287428,0.199828228849464,0.251578862036543
22565,0.101422191713202,0.281434405924366,0.18864408240999,0.428499319952443
22566,0.0778074989593576,0.559028423707089,0.165497292911319,0.197666784422235
22567,0.229057131698325,0.143511317030717,0.172767941251562,0.454663610019396
22568,0.236035204368654,0.104557480671151,0.220635298096219,0.438772016863977
22569,0.145927124510647,0.0761762357781468,0.566518086430645,0.211378553280561
22570,0.375336631546855,0.174635007045558,0.101630327078204,0.348398034329382
22571,0.221924428176711,0.417804562911289,0.0742250027003407,0.286046006211659
22572,0.203690986811757,0.179726221736413,0.221778107746105,0.394804683705725
22573,0.355302106473302,0.22186931743774,0.144274104811906,0.278554471277052
22574,0.188968576010637,0.0689433314836312,0.197207561292945,0.544880531212788
22575,0.0568709889393284,0.255757742815798,0.261309282497994,0.42606198574688
22576,0.258468658268977,0.26244559823301,0.15204645136805,0.327039292129963
22577,0.485689285386871,0.191435255465722,0.198377963774002,0.124497495373406
22578,0.0670054927591817,0.236317438429391,0.479625741102341,0.217051327709086
22579,0.0760357854915855,0.223270643320457,0.124981665661893,0.575711905526064
22580,0.556164745507415,0.0548007656499162,0.176818016559148,0.212216472283521
22581,0.117450695957255,0.198021966229741,0.281100154611992,0.403427183201013
22582,0.521612614290564,0.132535521825947,0.193939718621819,0.15191214526167
22583,0.10248548873241,0.104052079863501,0.550952397763724,0.242510033640364
22584,0.0861607876563959,0.292321962379339,0.409185540514849,0.212331709449416
22585,0.159478964696454,0.326561362388477,0.244355422171489,0.26960425074358
22586,0.122391664364864,0.462734378173411,0.0908528561785948,0.32402110128313
22587,0.319205289040221,0.0877793201088201,0.0737684655983405,0.519246925252619
22588,0.234510956175756,0.132560507791789,0.379175035835589,0.253753500196866
22589,0.238685534540533,0.31146601323394,0.272676438232661,0.177172013992866
22590,0.107202553473081,0.062808905741299,0.447313660385596,0.382674880400024
22591,0.167532189482991,0.0344684832467082,0.511395452798598,0.286603874471703
22592,0.24126128068422,0.418099918562214,0.215060148544928,0.125578652208638
22593,0.295592860434503,0.365228064970953,0.0948344853194481,0.244344589275096
22594,0.243622836301827,0.0753449890612541,0.47634565973064,0.204686514906279
22595,0.135864057363733,0.155393867116509,0.282125121501887,0.426616954017871
22596,0.292340258293466,0.327004893773969,0.246935730996575,0.133719116935991
22597,0.12910510445105,0.239364744520958,0.389047835564869,0.242482315463123
22598,0.104487245382745,0.494349610021409,0.100870685082316,0.300292459513529
22599,0.288986524191123,0.145155724981021,0.223513068705608,0.342344682122248
22600,0.250935704529038,0.20310646930053,0.194283170131424,0.351674656039009
22601,0.375198980014661,0.0826586534880056,0.133202936815671,0.408939429681663
22602,0.653565200988465,0.109225265733625,0.08762329415333,0.14958623912458
22603,0.38774130776394,0.0560605047730514,0.230966872507199,0.325231314955809
22604,0.0678067061789982,0.341563635348628,0.377636590900114,0.212993067572259
22605,0.565813305950395,0.0669191392748569,0.0878934084202581,0.27937414635449
22606,0.329607982406178,0.0870146034060583,0.418404131157579,0.164973283030185
22607,0.231327151963869,0.174520651593672,0.339321166595799,0.25483102984666
22608,0.141697668736844,0.472272303844779,0.117265785528217,0.26876424189016
22609,0.377891502374241,0.308356384532887,0.112227181038606,0.201524932054266
22610,0.0397121101084963,0.470226170831346,0.220214654232041,0.269847064828116
22611,0.0945731862140976,0.249690462519813,0.371743992735511,0.283992358530579
22612,0.0669775248860298,0.109377989013621,0.33919376919169,0.484450716908659
22613,0.392594420322628,0.141642056352314,0.123687259046468,0.34207626427859
22614,0.438266592187859,0.276687626721787,0.0402368029070733,0.244808978183281
22615,0.108310382538484,0.458947624181659,0.25675877203778,0.175983221242077
22616,0.382488647311079,0.0718397448074965,0.41012480391555,0.135546803965874
22617,0.106775541282714,0.136317012294006,0.579844873936841,0.177062572486439
22618,0.405557224754295,0.0515994541859455,0.285875606402119,0.256967714657641
22619,0.146688026783466,0.390898214499574,0.0772865304343166,0.385127228282642
22620,0.0570187033599354,0.594937440134177,0.062372734634747,0.285671121871141
22621,0.110432637984157,0.0825564568095846,0.517038366368561,0.289972538837697
22622,0.33248237154574,0.0595649854711677,0.0641277007638907,0.543824942219202
22623,0.0694965401110482,0.727596598910418,0.0815557657301186,0.121351095248415
22624,0.12867681177016,0.386270515349589,0.117565045861265,0.367487627018986
22625,0.19642612641101,0.184902428266192,0.155318188503609,0.463353256819189
22626,0.189488405464563,0.0712802282005274,0.272801791829165,0.466429574505744
22627,0.19803154061498,0.0760750751315541,0.49985580400583,0.226037580247636
22628,0.142228891050968,0.229237352284623,0.395399922855077,0.233133833809332
22629,0.111165606159884,0.429630696964893,0.161551371469128,0.297652325406095
22630,0.314004031316757,0.337662606899342,0.200143563920587,0.148189797863313
22631,0.308648993950538,0.444456328344385,0.0956813550684753,0.151213322636602
22632,0.214731657182192,0.32785192084569,0.168886654029568,0.28852976794255
22633,0.177750689660265,0.210132207319834,0.362607805381021,0.24950929763888
22634,0.0990089015296616,0.393256314877665,0.272586782947519,0.235148000645155
22635,0.15039393392576,0.573076172797843,0.0843753764484618,0.192154516827935
22636,0.121405129533568,0.448299328231798,0.240897255508084,0.189398286726551
22637,0.453477468355014,0.164136141067244,0.121498191560764,0.260888199016978
22638,0.20423281998814,0.249352855336947,0.205040121673619,0.341374203001295
22639,0.137165864241074,0.26294519153901,0.215360683275417,0.384528260944499
22640,0.201999579296769,0.188470978512562,0.391106188008551,0.218423254182118
22641,0.139203947505733,0.412625838108287,0.292809384286408,0.155360830099573
22642,0.212979259963541,0.358381810390279,0.18444174689988,0.2441971827463
22643,0.237858306398017,0.141378542666587,0.408388392779318,0.212374758156078
22644,0.110547200345175,0.408222451677345,0.305916988507893,0.175313359469587
22645,0.245733841017196,0.167198089068604,0.216607426077367,0.370460643836833
22646,0.317283463072178,0.235896212223665,0.209703924676254,0.237116400027903
22647,0.506442307715384,0.233494935665226,0.101369089396214,0.158693667223176
22648,0.593217564634937,0.183756123363951,0.0544804997320272,0.168545812269084
22649,0.100496867221458,0.33069228123669,0.164533545318029,0.404277306223823
22650,0.163726292462965,0.313348140476833,0.157804265343347,0.365121301716855
22651,0.111420494974249,0.175313091525421,0.456046881983121,0.257219531517208
22652,0.096731308941527,0.105891073846868,0.40029043218735,0.397087185024255
22653,0.0996137033337893,0.156548113493845,0.505675526576443,0.238162656595922
22654,0.151724823992946,0.173248742519737,0.230456061704886,0.444570371782432
22655,0.17041117563489,0.381169341165466,0.104877760991075,0.343541722208568
22656,0.223378848224103,0.325763790381784,0.311171755415704,0.139685605978409
22657,0.394796940100604,0.2442447603682,0.120239852250103,0.240718447281093
22658,0.134963980467522,0.119213403438866,0.245709984622353,0.500112631471259
22659,0.260371781160538,0.121634634058141,0.386709662909992,0.231283921871329
22660,0.434335456394239,0.167242016328664,0.0772352584313048,0.321187268845792
22661,0.414657285034984,0.15922250630895,0.265200204544511,0.160920004111555
22662,0.0577375461275104,0.182262056611177,0.503774110929902,0.256226286331411
22663,0.198735370844094,0.499215868399354,0.144950620809152,0.1570981399474
22664,0.111296093966439,0.461921334739034,0.137716490507976,0.289066080786551
22665,0.344496560226437,0.195515794376718,0.330150821729392,0.129836823667452
22666,0.295843535672122,0.380074872173366,0.0894542733498526,0.234627318804659
22667,0.125734690787602,0.398873061489788,0.321874939021628,0.153517308700983
22668,0.269962620221871,0.228295892892243,0.101764677697246,0.399976809188639
22669,0.106696409098331,0.0991705869338265,0.15325227365211,0.640880730315733
22670,0.230786818843577,0.164110817590927,0.17293347267152,0.432168890893976
22671,0.244841145411769,0.162522314562073,0.418926354084516,0.173710185941642
22672,0.379720840866614,0.0846898777498377,0.23831289465825,0.297276386725299
22673,0.245123470777369,0.243454042695524,0.182761886408328,0.328660600118779
22674,0.250118895552687,0.143532428420766,0.475468047676539,0.130880628350008
22675,0.0939083397342136,0.434613973823649,0.243655875874187,0.22782181056795
22676,0.166322581837772,0.435040082006252,0.155635330003314,0.243002006152662
22677,0.30900410533033,0.17961203936694,0.303655062060856,0.207728793241875
22678,0.191329171230039,0.235132099358157,0.185494032204322,0.388044697207483
22679,0.0456069642532362,0.446120685625708,0.105947184874807,0.402325165246249
22680,0.124250282985069,0.264988948900068,0.211569308643516,0.399191459471347
22681,0.168058250427702,0.36921435444632,0.206522669211832,0.256204725914147
22682,0.241056281327224,0.473840571562262,0.0538179004687915,0.231285246641723
22683,0.0614531180837145,0.0497249767697112,0.631067547063416,0.257754358083158
22684,0.238319710511039,0.457996061253478,0.172033507121866,0.131650721113616
22685,0.227970280745155,0.145796123407959,0.291149539364553,0.335084056482333
22686,0.543596792409489,0.078292257310094,0.0680922092357547,0.310018741044663
22687,0.0883715728678313,0.461471315365203,0.0708443727961999,0.379312738970765
22688,0.344347344154062,0.258163093862135,0.226980156626456,0.170509405357347
22689,0.163922883084318,0.362208559701944,0.131745959704339,0.342122597509399
22690,0.0766171178353292,0.100846910620927,0.637472618550763,0.185063352992981
22691,0.100221634269228,0.426275893335395,0.273236980457124,0.200265491938253
22692,0.16450699614665,0.243313978763888,0.204163491685394,0.388015533404068
22693,0.255077078104235,0.227295383374468,0.180684974593818,0.336942563927479
22694,0.52731347270319,0.0637760785650308,0.248319947996744,0.160590500735035
22695,0.250072097536809,0.0780086156182394,0.437500974674621,0.234418312170331
22696,0.127924695805967,0.351956333972191,0.132107302077377,0.388011668144466
22697,0.0961796751180421,0.352259317951875,0.139535781079092,0.412025225850991
22698,0.342187545966442,0.307515884020003,0.0440767745648016,0.306219795448753
22699,0.194460756027431,0.0764751148214032,0.315734775564091,0.413329353587075
22700,0.244303032165796,0.135112508356889,0.205647403747904,0.414937055729411
22701,0.0931320135204058,0.284501703281589,0.0887817115719605,0.533584571626044
22702,0.0875934022334157,0.11263236182559,0.368052117526867,0.431722118414127
22703,0.15942542534791,0.0904810753989515,0.505153995058762,0.244939504194377
22704,0.0928774726096036,0.450207455041949,0.0969739872207424,0.359941085127705
22705,0.0717371791120026,0.372845715977999,0.175867323348937,0.379549781561062
22706,0.273368452318274,0.100371830952095,0.315501955512526,0.310757761217105
22707,0.0849018727304413,0.548009847804638,0.157099847145549,0.209988432319371
22708,0.0468356272670311,0.124808527243193,0.655204944749703,0.173150900740072
22709,0.0950673386442326,0.647649565103196,0.0754776604583837,0.181805435794187
22710,0.185106428807736,0.356025222513504,0.192683395645377,0.266184953033382
22711,0.585154084704186,0.0600431976541297,0.0752823688902623,0.279520348751422
22712,0.409856879737126,0.299571168217055,0.0720563117698398,0.218515640275979
22713,0.184827983569051,0.195505391731915,0.413298964942124,0.20636765975691
22714,0.159398294036413,0.187007291181378,0.478079442294122,0.175514972488086
22715,0.313300445413563,0.184961693172598,0.113168974188463,0.388568887225376
22716,0.267740676550913,0.207642310689378,0.222573780795864,0.302043231963845
22717,0.130068614118897,0.130762313893068,0.459783515584135,0.2793855564039
22718,0.389485286985263,0.101763387731549,0.244649607839265,0.264101717443923
22719,0.410847367929497,0.141875389640701,0.153675768661016,0.293601473768786
22720,0.0449816997153473,0.357375861632843,0.332788818821068,0.264853619830742
22721,0.471205887316181,0.308815101360831,0.0859864414198696,0.133992569903118
22722,0.198793741927939,0.136998994937773,0.339953713615194,0.324253549519095
22723,0.0774209600133047,0.564267627490976,0.0532393713023155,0.305072041193404
22724,0.199741062546014,0.139984314675545,0.530875736939829,0.129398885838612
22725,0.256938388449831,0.186518932182459,0.226930721006071,0.329611958361639
22726,0.13033065203953,0.441146816789035,0.128869228928163,0.299653302243272
22727,0.142366158958033,0.106003473975388,0.535563311011451,0.216067056055128
22728,0.11478781517466,0.285996805793388,0.25286550798653,0.346349871045422
22729,0.409994890689094,0.147876306311551,0.203209064301758,0.238919738697597
22730,0.107811436753837,0.243724891434997,0.311229056476395,0.337234615334771
22731,0.0617777599724587,0.460941221760564,0.239507683960982,0.237773334305995
22732,0.429121995331802,0.147983063242245,0.212187674196029,0.210707267229924
22733,0.307497493110606,0.274209386917329,0.10537441131443,0.312918708657635
22734,0.187818331390117,0.374848830248349,0.158861887137736,0.278470951223798
22735,0.109146700103963,0.447451197320835,0.275927077424801,0.167475025150402
22736,0.0634220843387173,0.244309987890771,0.544094772224434,0.148173155546078
22737,0.419525885242884,0.109075859356029,0.0824380465817069,0.38896020881938
22738,0.307649964394486,0.109893733842432,0.266715269426279,0.315741032336803
22739,0.334898637076083,0.165932539144524,0.138530418136228,0.360638405643165
22740,0.0930041105534575,0.533483853337645,0.191385407062839,0.182126629046058
22741,0.468250256428323,0.0821927189448546,0.278937971769884,0.170619052856938
22742,0.143621129778192,0.400491376959671,0.300122186434243,0.155765306827895
22743,0.214786648902242,0.500600706361276,0.0854337681814409,0.19917887655504
22744,0.071705352644667,0.623766886076525,0.064959712160195,0.239568049118613
22745,0.20029095740999,0.12737461693515,0.229285367757511,0.443049057897349
22746,0.274174677212242,0.205085464767821,0.319846115441615,0.200893742578322
22747,0.406299110829928,0.13326976839338,0.0820032979859001,0.378427822790791
22748,0.414306440492595,0.076986306388359,0.310977277068445,0.197729976050601
22749,0.0737684820304656,0.131857206541134,0.601166166184443,0.193208145243957
22750,0.121740662202018,0.252833139353739,0.487526368085154,0.137899830359089
22751,0.0632848556699881,0.32513449101536,0.41116489520577,0.200415758108882
22752,0.409757656174763,0.0896917270076416,0.197584067043228,0.302966549774367
22753,0.0710802884306106,0.549753505929144,0.128812804095479,0.250353401544766
22754,0.292659770331537,0.338488437278295,0.259888338633271,0.108963453756897
22755,0.119976269741478,0.103331315717475,0.550994250284289,0.225698164256758
22756,0.188357157895006,0.152754861704928,0.361078084611679,0.297809895788386
22757,0.286868319427624,0.163364421845619,0.135098798078174,0.414668460648583
22758,0.127277177894236,0.240207286155871,0.432756628458561,0.199758907491332
22759,0.342032836100028,0.280552376954524,0.0934173310754384,0.28399745587001
22760,0.205000787204546,0.163132878156824,0.378191627267632,0.253674707370998
22761,0.0597884460864613,0.432891528804533,0.20139206174408,0.305927963364926
22762,0.131905318546893,0.36817255311379,0.302834252279284,0.197087876060034
22763,0.131066298058777,0.386957680236406,0.170630881126699,0.311345140578118
22764,0.227010739732382,0.528622252946297,0.050286846838295,0.194080160483026
22765,0.299753848099537,0.242219133233938,0.271301131286125,0.186725887380401
22766,0.351839819430943,0.247588155832075,0.260176026107542,0.14039599862944
22767,0.190115538392055,0.111209247507144,0.447551201945569,0.251124012155232
22768,0.175884560462672,0.32111073322345,0.254321251213705,0.248683455100173
22769,0.0755618711004044,0.585467721062988,0.0667095679518269,0.27226083988478
22770,0.417501976719192,0.121712230894149,0.101092826826028,0.359692965560631
22771,0.361396915854176,0.0763227379980144,0.341925376474442,0.220354969673368
22772,0.348941570779299,0.308779396824246,0.149790340874447,0.192488691522008
22773,0.12068051721179,0.427671361379282,0.122547244441222,0.329100876967705
22774,0.0865527288366675,0.274172315388886,0.368744033455457,0.27053092231899
22775,0.246412135576728,0.209606958444384,0.357754631408936,0.186226274569951
22776,0.222145543044819,0.205838213074982,0.137125819436659,0.434890424443539
22777,0.155710425080802,0.492877482573899,0.156615037294835,0.194797055050464
22778,0.0516545920422408,0.159257275117738,0.484736135432895,0.304351997407126
22779,0.0995468605657405,0.215523503922342,0.410763112773291,0.274166522738626
22780,0.145565487502401,0.431806172039379,0.113823270126048,0.308805070332172
22781,0.065405424359857,0.155102346921849,0.491797050122108,0.287695178596186
22782,0.0810939635959275,0.0610860419741096,0.520160711268982,0.337659283160981
22783,0.18425581527262,0.11313611758543,0.376311085252596,0.326296981889354
22784,0.0692268883388573,0.490841307707689,0.054111445428787,0.385820358524666
22785,0.190560260150649,0.2865038792356,0.322406524569826,0.200529336043925
22786,0.266710310950828,0.0653567147695434,0.399659234001563,0.268273740278066
22787,0.276233922331497,0.203827148061674,0.201087247790775,0.318851681816054
22788,0.374148578517189,0.0384899445509914,0.197673628648391,0.389687848283429
22789,0.510524859142788,0.0619807437177964,0.115897461245003,0.311596935894412
22790,0.056097751502147,0.363097216970262,0.434987156293496,0.145817875234095
22791,0.123611902065134,0.252663939818548,0.0798502313932686,0.543873926723049
22792,0.0575932338608492,0.0644182569865722,0.578269420666151,0.299719088486428
22793,0.606749160497723,0.0895249488972064,0.04448564905131,0.25924024155376
22794,0.14934375759147,0.324852609727683,0.348125994745598,0.177677637935249
22795,0.225525816333027,0.393953381032388,0.0982975455326193,0.282223257101966
22796,0.540889389051686,0.040650379331437,0.0925357277730387,0.325924503843838
22797,0.0402346343694615,0.0916444575663347,0.616800020084757,0.251320887979446
22798,0.0967243241730115,0.0915789838466679,0.427741118633292,0.383955573347029
22799,0.424565249278285,0.115263489070571,0.0663009513239587,0.393870310327186
22800,0.371147326447098,0.133027507527604,0.161151493170377,0.334673672854921
22801,0.0409998591982908,0.327866745021137,0.286808073729246,0.344325322051326
22802,0.10186809264765,0.357331943340245,0.192676074411857,0.348123889600249
22803,0.518377584240523,0.238975203081922,0.0312180805975364,0.211429132080019
22804,0.324787926529313,0.0474086228512799,0.294386470080387,0.33341698053902
22805,0.211183764450245,0.303820824058613,0.195944255927331,0.289051155563811
22806,0.0956010450690158,0.51762262220786,0.086838271618366,0.299938061104758
22807,0.328298470538835,0.038991707354808,0.40335799706755,0.229351825038807
22808,0.0504368418458023,0.49643458920436,0.169558161638374,0.283570407311463
22809,0.122254271604922,0.100688919879843,0.551117958384163,0.225938850131071
22810,0.0614089241699366,0.442559180845967,0.221938139499744,0.274093755484352
22811,0.238434741423368,0.163825542544729,0.246322999612602,0.351416716419301
22812,0.248592775047514,0.384477698002412,0.156590819276599,0.210338707673475
22813,0.372959235219159,0.0796220555915448,0.224184412485878,0.323234296703418
22814,0.172924049775412,0.493679649035221,0.0405947800789914,0.292801521110376
22815,0.194357189436184,0.42344824294357,0.123629016963865,0.258565550656381
22816,0.19111651331403,0.223179222156555,0.166521305643702,0.419182958885712
22817,0.38303777659164,0.154903289987236,0.0744571325865647,0.387601800834559
22818,0.0787048294457349,0.529849479070442,0.198996815253473,0.19244887623035
22819,0.126558740699155,0.106202569590649,0.426040303800901,0.341198385909294
22820,0.133221573659017,0.281446834892187,0.395137436247214,0.190194155201583
22821,0.100655328975755,0.13040617970376,0.372668681827423,0.396269809493062
22822,0.254914034614225,0.0823393830428639,0.448605536918584,0.214141045424327
22823,0.0441129115304914,0.393390695611543,0.0580752649090039,0.504421127948962
22824,0.0510782954022206,0.591124925987011,0.0880980097236813,0.269698768887087
22825,0.228977103834407,0.016819400144912,0.584999452715853,0.169204043304828
22826,0.197219972525758,0.0729290076991903,0.304347929891908,0.425503089883144
22827,0.532226053757664,0.0362882568255365,0.13921482495011,0.29227086446669
22828,0.102538942489212,0.268120649037008,0.450921569046534,0.178418839427246
22829,0.0385525489401984,0.543576491508968,0.297267128917129,0.120603830633704
22830,0.0708419073104951,0.0569905687340012,0.617240057073605,0.254927466881899
22831,0.0931729969950393,0.518882121112351,0.0480203510449365,0.339924530847673
22832,0.148191654216695,0.0784970761714348,0.590140838821866,0.183170430790005
22833,0.194873037650246,0.50073098630695,0.0724219141883693,0.231974061854435
22834,0.0567159015469144,0.138396293134611,0.319454525944206,0.485433279374269
22835,0.266961356747472,0.161822689550097,0.10050632198242,0.470709631720011
22836,0.209841517224055,0.419611085874284,0.0345351479426446,0.336012248959016
22837,0.0518172298941033,0.487314377161062,0.0623858099973602,0.398482582947475
22838,0.293850194634964,0.210268463365304,0.0467490700695864,0.449132271930146
22839,0.16873829539502,0.231522639959938,0.313328257083402,0.286410807561641
22840,0.528007104946372,0.0167489686192524,0.13144387137148,0.323800055062896
22841,0.141828009747457,0.101730769253573,0.137165645183714,0.619275575815256
22842,0.287707210369131,0.0407351665390251,0.2216363507177,0.449921272374144
22843,0.401566841244343,0.0394387475336128,0.3269138737713,0.232080537450744
22844,0.392409618507966,0.052325492631273,0.319328848082277,0.235936040778484
22845,0.416440942714962,0.219345798425243,0.243998240717344,0.120215018142451
22846,0.0710766700750335,0.511015913148631,0.0368617487940531,0.381045667982283
22847,0.258919261656951,0.465693908548953,0.111463650837938,0.163923178956159
22848,0.251813339273547,0.12908487788115,0.147405638074461,0.471696144770842
22849,0.353260566663743,0.0191699481096959,0.458114578462684,0.169454906763877
22850,0.390450316563798,0.0865561986692443,0.303705532274698,0.21928795249226
22851,0.103740236614867,0.454014619083842,0.0966007365397314,0.34564440776156
22852,0.342050041727196,0.0943294195310196,0.065201182910549,0.498419355831235
22853,0.472762149598934,0.121727297661671,0.288421615137183,0.117088937602212
22854,0.0989474871710661,0.157849728587044,0.126163961657723,0.617038822584166
22855,0.500088422461999,0.164146014633198,0.0421451303501436,0.293620432554659
22856,0.0362660987749617,0.0259460624686444,0.440261042228379,0.497526796528015
22857,0.0383747058856835,0.0542918716203681,0.226026188841744,0.681307233652204
22858,0.31036942431462,0.210439462379221,0.207916698193137,0.271274415113022
22859,0.0862001467825386,0.674145472809415,0.0488199762476419,0.190834404160405
22860,0.160760995195282,0.161820104380727,0.115118585981615,0.562300314442376
22861,0.101308787019459,0.469606146244416,0.199999271314723,0.229085795421402
22862,0.105022658547266,0.0890982587643754,0.0998758803688325,0.706003202319526
22863,0.184214617076019,0.517263325427082,0.0381238012153031,0.260398256281596
22864,0.0506377641764255,0.159099432227451,0.274740717158221,0.515522086437902
22865,0.178040848135427,0.279214320754424,0.233568570675908,0.30917626043424
22866,0.267992317339393,0.0672070954230851,0.450966329310885,0.213834257926637
22867,0.158908062864047,0.0448516496357892,0.405392472961273,0.39084781453889
22868,0.110679621179033,0.14036647490598,0.237577219007518,0.511376684907469
22869,0.264138992474945,0.0458021808621249,0.162216830376315,0.527841996286615
22870,0.534466880650263,0.136216937389113,0.108842561118197,0.220473620842427
22871,0.0944771869706484,0.548926258414414,0.0786788974793822,0.277917657135555
22872,0.157990485731695,0.457739955631074,0.0637919714130395,0.320477587224192
22873,0.080504843731289,0.228982683014334,0.428291228528373,0.262221244726004
22874,0.125049927367975,0.398315937394107,0.0435963488062768,0.433037786431641
22875,0.0556995803024824,0.453411338114914,0.0402477994535914,0.450641282129012
22876,0.200530325752216,0.277457591831913,0.229933579230421,0.292078503185451
22877,0.37771045962189,0.0769777270013373,0.172155884624215,0.373155928752559
22878,0.149546282802607,0.036596193303807,0.503934761246907,0.309922762646679
22879,0.235195263237765,0.0981919026855708,0.477341317412014,0.18927151666465
22880,0.345397974345398,0.195815415963902,0.271461990487588,0.187324619203111
22881,0.364819466814918,0.168223267207582,0.270316180850302,0.196641085127198
22882,0.0541527748287085,0.718145225866539,0.0253024278485296,0.202399571456223
22883,0.172647402494743,0.188803512036191,0.36939970570544,0.269149379763627
22884,0.202729113798179,0.231598101328381,0.260055946566626,0.305616838306814
22885,0.444539558318129,0.120340424956617,0.0464675928074129,0.38865242391784
22886,0.227351860278436,0.0670484740076144,0.117162333486792,0.588437332227157
22887,0.169341774366266,0.45143295389769,0.0875372970787791,0.291687974657265
22888,0.467439585887719,0.214296208303222,0.108390576044589,0.20987362976447
22889,0.0304413917815858,0.0478012241767807,0.717545521221825,0.204211862819809
22890,0.302835926650206,0.427369809453938,0.112984269777333,0.156809994118523
22891,0.206925479142357,0.303051662905228,0.277370677222492,0.212652180729923
22892,0.319023177348365,0.0990327015575933,0.387513540580039,0.194430580514003
22893,0.384670438932163,0.132905403538836,0.270425965667735,0.211998191861266
22894,0.100836224990275,0.0798401655477924,0.048642079684253,0.77068152977768
22895,0.483455008943644,0.214345290344467,0.118943002397074,0.183256698314816
22896,0.396573602379291,0.368801878926965,0.0284414026100224,0.206183116083721
22897,0.155455501856167,0.238031867797276,0.403671450010943,0.202841180335615
22898,0.0533206827606828,0.137814281204738,0.507287271696152,0.301577764338427
22899,0.533363852996746,0.189711278438187,0.0858767757445954,0.191048092820471
22900,0.393505133100881,0.0942286488096039,0.0916854805160395,0.420580737573476
22901,0.288099557051784,0.230099154554239,0.22047295585481,0.261328332539168
22902,0.113913783336422,0.403368128734935,0.150811199904667,0.331906888023977
22903,0.320786854930866,0.192393830836081,0.347038626789217,0.139780687443836
22904,0.507236439836942,0.188745533374931,0.126194601873561,0.177823424914567
22905,0.305259848719152,0.374813724828629,0.0869341693882185,0.232992257064
22906,0.403311781241222,0.334598617442597,0.041341772857716,0.220747828458466
22907,0.252178779699965,0.217545040281755,0.299783284316162,0.230492895702118
22908,0.165311479973247,0.219371707332712,0.451994233025156,0.163322579668886
22909,0.268954444970977,0.405865238553119,0.060113346436112,0.265066970039792
22910,0.177004378624661,0.269487588124975,0.227530570991703,0.325977462258661
22911,0.250554770015082,0.171277227170337,0.292521381657825,0.285646621156756
22912,0.338340191103464,0.321760367152661,0.204736826516399,0.135162615227476
22913,0.36249908822219,0.0405172355310872,0.356283779942513,0.240699896304209
22914,0.179468175455952,0.37040979358784,0.214557516225029,0.235564514731179
22915,0.604091653322681,0.0540405195552248,0.122504509683162,0.219363317438932
22916,0.0929574354892122,0.474383513268061,0.0576842990626122,0.374974752180114
22917,0.175724468322481,0.202301657842519,0.102561000337671,0.51941287349733
22918,0.395479404866423,0.150782605502965,0.0800379868586766,0.373700002771935
22919,0.0695927620051455,0.628354287767244,0.065516459442295,0.236536490785315
22920,0.141131015491481,0.101637435685075,0.554755851303461,0.202475697519984
22921,0.380345058647973,0.121674220973597,0.0695214295743291,0.428459290804101
22922,0.207461465577297,0.408340163722076,0.169445161082885,0.214753209617741
22923,0.0443862458813903,0.352683214594423,0.231799128385661,0.371131411138525
22924,0.463991295977745,0.248680297285232,0.138894361098426,0.148434045638598
22925,0.196958481776852,0.309318615664386,0.0774288405767746,0.416294061981987
22926,0.450769710347363,0.10968360344051,0.184143055457882,0.255403630754245
22927,0.0676775425293768,0.152441010616635,0.297959406464923,0.481922040389065
22928,0.570416245751482,0.116650617637143,0.0423130543540842,0.270620082257291
22929,0.0593150706956239,0.622801365994703,0.0858139057702838,0.23206965753939
22930,0.198139801979042,0.136558155826173,0.359416801288713,0.305885240906072
22931,0.0839343700812629,0.413455975559938,0.325325011744238,0.177284642614561
22932,0.218655434618283,0.196519874687921,0.0753841715233449,0.509440519170451
22933,0.550979686349312,0.115864580042745,0.101391996301413,0.23176373730653
22934,0.119491325940533,0.102929275164721,0.210615746012676,0.56696365288207
22935,0.0612648952561016,0.582570610353202,0.061117260518353,0.295047233872343
22936,0.48804567063085,0.0807131131982433,0.226205431673339,0.205035784497568
22937,0.368036794356253,0.104680580061189,0.136124020073199,0.39115860550936
22938,0.433032837198592,0.156652815344831,0.044583878997042,0.365730468459535
22939,0.104248967216073,0.330086323298228,0.14906985856741,0.416594850918288
22940,0.309267520493294,0.040341153506457,0.386530675284699,0.26386065071555
22941,0.311278995949319,0.075668686373441,0.366634456716997,0.246417860960243
22942,0.0306718097265453,0.327430488938465,0.458462825871558,0.183434875463432
22943,0.133990560507628,0.245464477064909,0.12423751000042,0.496307452427042
22944,0.0549907265638898,0.402185847589284,0.0417817641763296,0.501041661670497
22945,0.26655944729316,0.160678182534374,0.16344630791055,0.409316062261916
22946,0.0797956045560755,0.148321709824915,0.173984977880733,0.597897707738276
22947,0.273411307906312,0.419458692126643,0.0347619510581904,0.272368048908855
22948,0.232807252062386,0.144142641396735,0.129523228175934,0.493526878364945
22949,0.0970540279508573,0.351823371214287,0.271740544819253,0.279382056015603
22950,0.208623845320904,0.261848131578917,0.0791255469593662,0.450402476140812
22951,0.102269610667982,0.440389724500549,0.133436566384489,0.32390409844698
22952,0.2691083062122,0.232717071842964,0.146011236496514,0.352163385448323
22953,0.533685663059844,0.0694172420525704,0.15336351226704,0.243533582620545
22954,0.23507929994,0.0674527366899122,0.174047732450138,0.52342023091995
22955,0.291556169716452,0.374327077512999,0.149076270987673,0.185040481782876
22956,0.25257772927732,0.152267128746855,0.110831805078999,0.484323336896826
22957,0.234109589805012,0.156783537608558,0.269900369110843,0.339206503475586
22958,0.544964653001884,0.148238849758768,0.0912916123681102,0.215504884871238
22959,0.0540768754878532,0.0967528976546783,0.38021906174344,0.468951165114028
22960,0.358937987283479,0.285938187749399,0.170821214308508,0.184302610658615
22961,0.0665688519822185,0.258735195910173,0.352727778806304,0.321968173301305
22962,0.195232666794618,0.0784219211372406,0.474228092421899,0.252117319646242
22963,0.117761421074891,0.215421434922735,0.0969230858211706,0.569894058181203
22964,0.0683721215968363,0.113473967832602,0.500971939618282,0.31718197095228
22965,0.330573594421363,0.283361956480468,0.0685273960786976,0.317537053019471
22966,0.0938669484412923,0.125645920176782,0.543476019160671,0.237011112221254
22967,0.0241698939459017,0.339990194471364,0.536326479838997,0.0995134317437372
22968,0.137105134774042,0.0514400776576294,0.553565300700564,0.257889486867765
22969,0.188547710857594,0.41625264424666,0.144839083999163,0.250360560896582
22970,0.486402137070504,0.108728588455717,0.174085363083919,0.23078391138986
22971,0.187049841280739,0.273724133476986,0.37810874929447,0.161117275947804
22972,0.293521250572967,0.517849564973757,0.0286522913818799,0.159976893071397
22973,0.065330728563759,0.239821384184112,0.0402471702402621,0.654600717011867
22974,0.0384158905148444,0.0269346863856024,0.437617927853533,0.49703149524602
22975,0.363583762394642,0.0908096118593423,0.365488405437749,0.180118220308267
22976,0.0610380192388875,0.120976803951314,0.400787131064159,0.417198045745639
22977,0.0286824807012637,0.243241502126506,0.35818257063246,0.36989344653977
22978,0.0445449788733721,0.0995699006015843,0.484811110119165,0.371074010405879
22979,0.0494856838991414,0.204052432430609,0.461963094224159,0.28449878944609
22980,0.377541729534557,0.444836296778005,0.0251683919689245,0.152453581718513
22981,0.243492133161758,0.428824874537497,0.109958849832822,0.217724142467923
22982,0.184970838392244,0.0768826666488239,0.198168772820109,0.539977722138823
22983,0.377696160361639,0.357604600152188,0.0160525895560706,0.248646649930102
22984,0.0288416868215021,0.379176412646991,0.308416708106353,0.283565192425154
22985,0.268662052138336,0.0459469755457983,0.118101468988471,0.567289503327395
22986,0.254727110593652,0.269902920688061,0.103450343115011,0.371919625603276
22987,0.0805491169313618,0.0675776099102947,0.368421037311943,0.4834522358464
22988,0.0778951391644921,0.0463028112631537,0.568619529730331,0.307182519842023
22989,0.47114265559397,0.080891453137794,0.0976816177573073,0.350284273510929
22990,0.119306131785858,0.327501556281048,0.0954571717962478,0.457735140136846
22991,0.494372044025497,0.103771773453068,0.080565733530333,0.321290448991103
22992,0.229097139520039,0.349144273641992,0.0902993083739637,0.331459278464005
22993,0.072119759156158,0.0656673899342679,0.582784609634996,0.279428241274578
22994,0.610267731607615,0.159904504824849,0.0383507589034761,0.19147700466406
22995,0.0926471632821433,0.173553800374223,0.453751066930321,0.280047969413313
22996,0.637135650905818,0.0721031792916882,0.0544337544292904,0.236327415373203
22997,0.308819778223841,0.274162621852492,0.114954169457959,0.302063430465708
22998,0.197979997384914,0.131127710199969,0.192996406615233,0.477895885799884
22999,0.402623148992512,0.0836344981480457,0.214598082377177,0.299144270482266
23000,0.160907482521505,0.151029949426791,0.541617452826321,0.146445115225383
23001,0.261460465832634,0.324793411475288,0.136421896179873,0.277324226512204
23002,0.119962692220763,0.397444339625052,0.204637727988456,0.277955240165729
23003,0.415028595526161,0.0555112835170395,0.293929047945205,0.235531073011595
23004,0.0972141075910957,0.278640095033323,0.459676564332119,0.164469233043463
23005,0.35050401585651,0.438214117728622,0.0256682811642292,0.185613585250639
23006,0.0703309181911788,0.0836290158610819,0.540385936169155,0.305654129778584
23007,0.0515242561263202,0.396137219458182,0.387836726759606,0.164501797655892
23008,0.0532415921581725,0.587842017040302,0.189393560707637,0.169522830093888
23009,0.21920562275328,0.0747397635227294,0.4261144585309,0.27994015519309
23010,0.435654118863381,0.229477150369757,0.0871483117745593,0.247720418992303
23011,0.294665037035941,0.0640202913589656,0.138467107041487,0.502847564563606
23012,0.219724787986326,0.0795765932299797,0.362018375994866,0.338680242788829
23013,0.329103002478976,0.0988480176320625,0.201206916454142,0.37084206343482
23014,0.0444013012607617,0.269514229179945,0.307881556792382,0.378202912766912
23015,0.0710010661064306,0.16305514244666,0.492617382433783,0.273326409013127
23016,0.35097445930099,0.109170494101845,0.38603959028991,0.153815456307255
23017,0.212929599833385,0.260059559911853,0.284950094135221,0.242060746119541
23018,0.452657426244896,0.264384245660013,0.106681900764658,0.176276427330433
23019,0.0399634269120927,0.247191109308172,0.501581367386813,0.211264096392922
23020,0.235538578707462,0.114093274301371,0.113909640254497,0.53645850673667
23021,0.3103505418027,0.25133773435619,0.0387555719408543,0.399556151900255
23022,0.184155908685287,0.154818101516506,0.0655893249838771,0.59543666481433
23023,0.362375355268825,0.129835522479978,0.186621326291022,0.321167795960175
23024,0.272082094528442,0.287489501291051,0.0756427502074692,0.364785653973038
23025,0.071882356196347,0.345558746584242,0.357905264450816,0.224653632768595
23026,0.449530989470118,0.103570802529452,0.0794704624282384,0.367427745572192
23027,0.221069355442424,0.310401187091578,0.111899981013,0.356629476452999
23028,0.0749995804509733,0.544744285488301,0.0521025312840605,0.328153602776666
23029,0.106677740767363,0.0770090349751211,0.415885219721711,0.400428004535805
23030,0.309774437658576,0.398212266650974,0.0507756012956886,0.241237694394761
23031,0.0821792994394829,0.194594054677093,0.286291290131417,0.436935355752006
23032,0.249516406713213,0.355714199269507,0.219805562149181,0.174963831868099
23033,0.38439181020479,0.144052251284633,0.0916431230291014,0.379912815481476
23034,0.161605650003197,0.345105149500657,0.0757963945708079,0.417492805925338
23035,0.403433219711545,0.175395846267409,0.0886218444587593,0.332549089562286
23036,0.111191558484658,0.415092967477352,0.150796894260432,0.322918579777558
23037,0.42166697538227,0.133543035501219,0.174806592011768,0.269983397104743
23038,0.25695026444132,0.537095978839142,0.104762824347003,0.101190932372535
23039,0.586260632852618,0.143527176054245,0.0433331056212032,0.226879085471934
23040,0.120785956243763,0.108227329776479,0.169605354023186,0.601381359956571
23041,0.262691110953515,0.111975663138712,0.395640358742895,0.229692867164877
23042,0.314036395408783,0.173181962481426,0.113528402393482,0.399253239716309
23043,0.140299089110232,0.128016491010455,0.347893323409338,0.383791096469975
23044,0.24634255704201,0.265689149123225,0.32391829377653,0.164050000058236
23045,0.428978479144614,0.0812212669068442,0.19543413281166,0.294366121136882
23046,0.589251569596721,0.0970207624445013,0.0840814308710675,0.22964623708771
23047,0.128319818211252,0.241687238232157,0.501996722139364,0.127996221417227
23048,0.384807334479859,0.129547093720279,0.224329122094658,0.261316449705204
23049,0.470889247043875,0.201269614665027,0.0591147028680273,0.26872643542307
23050,0.290914947384566,0.47453916944638,0.0830005962284746,0.151545286940579
23051,0.479725443281583,0.156154095261612,0.117524154592016,0.246596306864789
23052,0.135534398898997,0.54395805494037,0.119384314797878,0.201123231362755
23053,0.385591311343689,0.0478702503967803,0.303548614111566,0.262989824147965
23054,0.392251701211254,0.0389075008153257,0.388291598792967,0.180549199180454
23055,0.411090218730376,0.294972751781907,0.058935830267158,0.235001199220559
23056,0.23164390659404,0.124275108584407,0.247744326005197,0.396336658816356
23057,0.148102838367628,0.449251903786217,0.0565533136834298,0.346091944162725
23058,0.03604603302306,0.353559522281613,0.241970698875513,0.368423745819814
23059,0.273662612870767,0.211251457510047,0.141269876936086,0.3738160526831
23060,0.414025765461658,0.0542250016548501,0.0367978459690189,0.494951386914473
23061,0.414091845969467,0.0873805134460154,0.331076622871618,0.167451017712899
23062,0.129025270239021,0.339999370563317,0.0947975781941657,0.436177781003496
23063,0.0665539893542162,0.0668639489778129,0.534279885898022,0.332302175769949
23064,0.0518126087781742,0.0312802295237627,0.57013518618717,0.346771975510893
23065,0.103711994828686,0.0912905842748939,0.480763638005531,0.324233782890889
23066,0.0764288379479192,0.572424571758421,0.0379910636874898,0.31315552660617
23067,0.14955641556788,0.0954969701834479,0.233559637921037,0.521386976327636
23068,0.524219385242585,0.127724332461576,0.0375693964602296,0.31048688583561
23069,0.0556948804725613,0.383061096726716,0.218431766530563,0.342812256270159
23070,0.296697137852573,0.34341958352981,0.0955819141531535,0.264301364464463
23071,0.0311811592266956,0.488540133723999,0.209023840648486,0.271254866400819
23072,0.199324943787763,0.16003606505259,0.405889159177314,0.234749831982333
23073,0.141157953280367,0.0407920293312315,0.384323400815068,0.433726616573334
23074,0.425174807581983,0.130364215792718,0.0964710145277402,0.347989962097559
23075,0.388175314004727,0.216604489519807,0.18701935247852,0.208200843996947
23076,0.429797498453871,0.0759316939925096,0.0755523123179821,0.418718495235637
23077,0.543392605234436,0.0299601924695616,0.0757982927807445,0.350848909515258
23078,0.07320270545052,0.15783797438859,0.541317319151249,0.227642001009642
23079,0.482868079203109,0.0846440095545469,0.202316708131827,0.230171203110517
23080,0.225782937446998,0.279229742544767,0.268673120590508,0.226314199417727
23081,0.067100504473496,0.0794462960258559,0.647224770017452,0.206228429483196
23082,0.215142476775738,0.537955321800145,0.0457610369996417,0.201141164424476
23083,0.16550127009841,0.265287093347468,0.306624127747002,0.26258750880712
23084,0.0713250101711091,0.225763315981817,0.509298605615746,0.193613068231328
23085,0.114163412969489,0.0795125469191931,0.149394131970492,0.656929908140827
23086,0.350981889376781,0.265283270105195,0.238993479992402,0.144741360525622
23087,0.0959900566466211,0.277335483322391,0.45967886584572,0.166995594185268
23088,0.309830395453124,0.0892545002665178,0.435928156437652,0.164986947842707
23089,0.435334534356564,0.124118488203061,0.227833484743814,0.212713492696561
23090,0.141231615958055,0.158601192113884,0.380377568546763,0.319789623381298
23091,0.304528795374668,0.290146352971836,0.149894896816128,0.255429954837367
23092,0.404202886126509,0.0736674006234039,0.251370443047416,0.270759270202671
23093,0.278231444943801,0.244387408478483,0.160521509258044,0.316859637319672
23094,0.416784458214171,0.279732045327216,0.13522080195293,0.168262694505683
23095,0.140127917917578,0.262189140712378,0.0893400199975462,0.508342921372497
23096,0.228795038398188,0.159278718080321,0.337689123123796,0.274237120397695
23097,0.526053402395889,0.0674742066666311,0.336678620940104,0.0697937699973762
23098,0.220801956631836,0.130133779775083,0.343828622929788,0.305235640663293
23099,0.576916140951369,0.121157248304638,0.102252603799888,0.199674006944105
23100,0.172868835978024,0.0562147036317826,0.547666733720853,0.223249726669341
23101,0.166383742948985,0.395319719214628,0.155282736766803,0.283013801069584
23102,0.426440410384832,0.116340550269599,0.131985459597769,0.3252335797478
23103,0.190190420291502,0.387865726336945,0.238367323396047,0.183576529975506
23104,0.184038845146212,0.279200115700417,0.227623671252748,0.309137367900623
23105,0.0646518601470759,0.45882448486682,0.228642091434748,0.247881563551356
23106,0.354894174322474,0.151459335370745,0.247664335696178,0.245982154610602
23107,0.333543036704653,0.128313613245205,0.399939538389678,0.138203811660464
23108,0.10462338948806,0.342083751628924,0.225989393937876,0.32730346494514
23109,0.105565205914811,0.357068512830599,0.338227010388018,0.199139270866572
23110,0.506001708779651,0.0806937511842644,0.206004537860646,0.207300002175438
23111,0.104172967650609,0.459944246253697,0.158215071767062,0.277667714328632
23112,0.103420694597556,0.190874672510059,0.588659117204616,0.117045515687769
23113,0.15042784712541,0.383333444810456,0.199925393383471,0.266313314680663
23114,0.0829924477326253,0.346181093817796,0.381519604277486,0.189306854172093
23115,0.22002425159859,0.198044540461906,0.362390227104807,0.219540980834697
23116,0.109326325178623,0.64126623179815,0.073367747923827,0.1760396950994
23117,0.321185828631017,0.120365598802885,0.398164604840896,0.160283967725201
23118,0.0774275565840923,0.114207318047915,0.458083046823445,0.350282078544548
23119,0.118967282855397,0.218503895828692,0.146272711375461,0.516256109940451
23120,0.354130968336095,0.301159651468049,0.0832847316065005,0.261424648589356
23121,0.304652760246734,0.321854595622322,0.0979294268659441,0.275563217264999
23122,0.314644507989697,0.188339463651848,0.196512630570138,0.300503397788318
23123,0.058598685662623,0.514192992408408,0.169216433684254,0.257991888244714
23124,0.207689694482268,0.43111063923736,0.140669012923866,0.220530653356506
23125,0.283681560910112,0.361356658716379,0.129417113052042,0.225544667321468
23126,0.415593156258386,0.255585696415455,0.18476672952294,0.144054417803219
23127,0.364042929822226,0.148837914702012,0.404294256413225,0.0828248990625369
23128,0.587817581010967,0.142625025890206,0.106204534864565,0.163352858234261
23129,0.273725888580584,0.26926765464246,0.264534290508072,0.192472166268884
23130,0.203176340792671,0.468320450025284,0.146151523273823,0.182351685908223
23131,0.358935901489807,0.134035477140034,0.351293804428144,0.155734816942014
23132,0.381123151022397,0.236038677456306,0.223189121769759,0.159649049751538
23133,0.235325822420744,0.25213486150722,0.317485956825807,0.195053359246229
23134,0.183287368499493,0.258489690837578,0.423332769583501,0.134890171079428
23135,0.300652331388907,0.344621090885232,0.262734587612996,0.0919919901128648
23136,0.245759231491059,0.117236890632501,0.424808974237081,0.212194903639359
23137,0.168959049922944,0.271301015609352,0.250681380604325,0.309058553863379
23138,0.193019445064657,0.245617927721159,0.373127743170196,0.188234884043988
23139,0.405998182995955,0.229990740158012,0.216000432784842,0.148010644061191
23140,0.305835204496636,0.337634801023768,0.164880347942268,0.191649646537328
23141,0.222541078375043,0.448820860659337,0.160660224282559,0.167977836683061
23142,0.32624795518045,0.153916451249278,0.311851563006777,0.207984030563495
23143,0.2493967693749,0.199938946622539,0.389062414301883,0.161601869700679
23144,0.0597362459562985,0.384427957581491,0.391484502193054,0.164351294269156
23145,0.149237395925455,0.356856946014804,0.195338838986808,0.298566819072934
23146,0.0770132974908346,0.429217456551932,0.326150705989369,0.167618539967865
23147,0.287924975504177,0.124111911586349,0.346688368936914,0.24127474397256
23148,0.0922541191937685,0.572202580731364,0.0961526556001365,0.239390644474731
23149,0.260605609247206,0.309685046351179,0.0777137882907376,0.351995556110877
23150,0.226135861098745,0.299266729217597,0.150169864913587,0.324427544770071
23151,0.265863903611792,0.141043715090616,0.432826392717642,0.16026598857995
23152,0.211722523140784,0.0654124545067129,0.49479548448537,0.228069537867133
23153,0.545949734040737,0.080386605563096,0.142347912801102,0.231315747595065
23154,0.0971036350731582,0.235209966760808,0.384765182679185,0.282921215486849
23155,0.463870784616583,0.206424525389228,0.118583380830839,0.21112130916335
23156,0.433111180006279,0.085889990601854,0.217129427407524,0.263869401984343
23157,0.114321047691396,0.57210153138868,0.125363514700163,0.188213906219761
23158,0.396011102917928,0.180954292708908,0.210497065931534,0.21253753844163
23159,0.385056234453573,0.165389648109368,0.242718916113799,0.206835201323261
23160,0.136771328951711,0.158979477111328,0.385475419098268,0.318773774838693
23161,0.392595097192867,0.277402104786768,0.188353848975729,0.141648949044636
23162,0.181551849857842,0.209293381505375,0.0750332977170646,0.534121470919719
23163,0.138049526760682,0.580414157335008,0.0327106573823427,0.248825658521968
23164,0.12756490953757,0.580570018239936,0.0628735355023625,0.228991536720132
23165,0.0233499563795723,0.191815218434787,0.252713824312642,0.532121000872999
23166,0.447230408815027,0.103226491835174,0.0642652684119484,0.385277830937851
23167,0.246734608877248,0.100919389214816,0.252607688969099,0.399738312938836
23168,0.131896316770624,0.0652667708527834,0.181877048119939,0.620959864256654
23169,0.242346932749669,0.222692269598381,0.354372555461049,0.1805882421909
23170,0.0662020777447346,0.0403382396302854,0.170572408554875,0.722887274070105
23171,0.198656487656754,0.0891846977513771,0.32662975379525,0.385529060796618
23172,0.279650488757401,0.472512084463347,0.0699646706477046,0.177872756131547
23173,0.0761181792755161,0.0626224344231235,0.160891440493973,0.700367945807387
23174,0.691424134274986,0.11730157701805,0.0156608624395772,0.175613426267388
23175,0.286020260394661,0.0752574317911592,0.259519393914584,0.379202913899595
23176,0.0393865741893191,0.516852633464294,0.0548755080187164,0.38888528432767
23177,0.398072746146349,0.18234927622921,0.279765168528975,0.139812809095467
23178,0.161207802129213,0.310740519209045,0.371475245949202,0.156576432712541
23179,0.151246609100425,0.496705463085604,0.0601234679086623,0.291924459905309
23180,0.0239659836502894,0.150822548018635,0.609847509171305,0.215363959159771
23181,0.11333242685051,0.407014975387426,0.202960559993564,0.2766920377685
23182,0.466964520641311,0.262051806471512,0.0881550351536524,0.182828637733524
23183,0.140992331748067,0.356919756914142,0.149797318911267,0.352290592426524
23184,0.290226450196995,0.163811678134139,0.357154011036662,0.188807860632204
23185,0.306633693623781,0.105998700360763,0.215958064752856,0.3714095412626
23186,0.382704367925276,0.227716232439515,0.106954327339056,0.282625072296154
23187,0.186547482856332,0.0592073946330654,0.495292762800438,0.258952359710165
23188,0.394059939160705,0.294466952170843,0.0656111882226839,0.245861920445769
23189,0.239158075674195,0.222971062804119,0.184042811945685,0.353828049576001
23190,0.264648595591106,0.119736746486624,0.437808757243545,0.177805900678726
23191,0.311161576560657,0.370699540708134,0.077404866838526,0.240734015892683
23192,0.222909213405117,0.33974133193372,0.110943852002629,0.326405602658534
23193,0.214432222939219,0.283421609539067,0.13688683035529,0.365259337166423
23194,0.455910187775414,0.338317420329278,0.0522920104959353,0.153480381399374
23195,0.510589282304482,0.141975909907034,0.171441755681489,0.175993052106995
23196,0.186504455799552,0.489512393536207,0.182138602683847,0.141844547980394
23197,0.287556595958439,0.115479073314091,0.327129538004264,0.269834792723206
23198,0.477555290722851,0.0669541386828757,0.26000093633524,0.195489634259033
23199,0.416984298561175,0.0690751424989277,0.125299357630433,0.388641201309465
23200,0.24120205273134,0.0657451171175597,0.500089034311622,0.192963795839478
23201,0.283020268935696,0.267895085410887,0.286618516602611,0.162466129050806
23202,0.0884573144235671,0.309730063453572,0.407593537466891,0.19421908465597
23203,0.127155972104736,0.483065608523634,0.24098752145948,0.148790897912149
23204,0.235110321063809,0.325021686569682,0.187996244817227,0.251871747549282
23205,0.229147919564618,0.116423999336948,0.40358830964558,0.250839771452854
23206,0.352192382462567,0.229876952270749,0.108938156888329,0.308992508378355
23207,0.391459291298203,0.144784344746566,0.323004198765398,0.140752165189833
23208,0.381906594941076,0.119307365439056,0.255958982782267,0.242827056837601
23209,0.202278617127085,0.46234920340221,0.0722672439939588,0.263104935476746
23210,0.549174369215068,0.164232739158603,0.111872715661529,0.1747201759648
23211,0.39734926803652,0.28493033810053,0.12085183728696,0.19686855657599
23212,0.124197426026236,0.416369994267961,0.29251450754875,0.166918072157053
23213,0.0860071804120034,0.0825103388892986,0.55005040208391,0.281432078614788
23214,0.436582498015773,0.0664158946835004,0.323852231802186,0.173149375498541
23215,0.45780718346284,0.0790589161353721,0.148883185437476,0.314250714964312
23216,0.387419680637018,0.209093039675839,0.230073498095849,0.173413781591293
23217,0.127985580048616,0.48298303154595,0.152086421143446,0.236944967261988
23218,0.146768517184617,0.206541078232886,0.378452561433641,0.268237843148856
23219,0.201233388454282,0.0932185240204518,0.0684527764887841,0.637095311036482
23220,0.515950035089828,0.100552090965044,0.149029400441798,0.23446847350333
23221,0.652894913016584,0.0331389617157554,0.0220370725970073,0.291929052670653
23222,0.146231509498697,0.0730195138963534,0.510123126870803,0.270625849734146
23223,0.180261510818438,0.368373502867218,0.0986876186523516,0.352677367661992
23224,0.114297310417243,0.16612533190418,0.154284090325903,0.565293267352674
23225,0.271636894577235,0.520493740483842,0.0247549862320578,0.183114378706866
23226,0.0991803061243881,0.120437632023317,0.415833124174198,0.364548937678098
23227,0.531830698299326,0.210525973936638,0.0389117870608604,0.218731540703176
23228,0.0996876082315562,0.0716188198425387,0.129979063624877,0.698714508301028
23229,0.107180068545995,0.101330524285494,0.32856568706513,0.462923720103381
23230,0.141393600036765,0.184831066445383,0.117173090864163,0.556602242653688
23231,0.0617726955479917,0.229291544216366,0.135703504600021,0.573232255635621
23232,0.206369762848528,0.268983599327579,0.123592521739551,0.401054116084342
23233,0.114820161039628,0.0657644625909267,0.462821361722025,0.35659401464742
23234,0.268660598733758,0.0730129096006012,0.105872948077292,0.552453543588349
23235,0.102912303654298,0.0412219010506036,0.393759396482834,0.462106398812265
23236,0.450099721957255,0.0370164313262947,0.308866940339438,0.204016906377013
23237,0.0281607513600032,0.123124956234383,0.474775470578747,0.373938821826866
23238,0.104026125574156,0.141364571012938,0.355937167941815,0.398672135471091
23239,0.218564379646744,0.35115069123501,0.0689789328285783,0.361305996289667
23240,0.208030167154676,0.451253309607635,0.0570717320711237,0.283644791166565
23241,0.297162015526868,0.191009575339654,0.22406596123243,0.287762447901048
23242,0.585484099924238,0.150521376090261,0.049993498173528,0.214001025811973
23243,0.26260769876809,0.0629578306731213,0.332844418629798,0.34159005192899
23244,0.213694511054867,0.375731555527599,0.129443578513817,0.281130354903718
23245,0.494655637849346,0.0323932228894335,0.215303309190373,0.257647830070848
23246,0.329655739384069,0.197505931211264,0.111503401645295,0.361334927759372
23247,0.056274608304007,0.105468892367441,0.274643180284428,0.563613319044124
23248,0.0618731105922374,0.435372768986999,0.285956395456165,0.216797724964599
23249,0.313035453283982,0.196390846349849,0.224537313803855,0.266036386562315
23250,0.210789828796047,0.0572499951451491,0.438456026551427,0.293504149507378
23251,0.0763431152988227,0.609551523591789,0.059153389076449,0.25495197203294
23252,0.127780043049917,0.105830993143948,0.32349011883926,0.442898844966874
23253,0.0328104225160714,0.275683817996741,0.519803115913454,0.171702643573733
23254,0.368145606539776,0.114170683685481,0.234266680901966,0.283417028872777
23255,0.34911205619981,0.24257362809915,0.0504088549000508,0.35790546080099
23256,0.523537847659656,0.0177541857214174,0.167811015896517,0.29089695072241
23257,0.317324386495005,0.45627894025684,0.0134951129578709,0.212901560290284
23258,0.6278694801884,0.0178837424826824,0.0372274409697091,0.317019336359208
23259,0.0910479426325132,0.0517630913115199,0.36642412514057,0.490764840915397
23260,0.0652180647666807,0.0481111010658553,0.520900459255824,0.36577037491164
23261,0.136498023498847,0.423791541040889,0.0520076487238522,0.387702786736413
23262,0.576346174533986,0.0312216873234766,0.0767468990286734,0.315685239113864
23263,0.440049071867894,0.0742827911726396,0.29051879618462,0.195149340774846
23264,0.0398537304737295,0.304414300266829,0.280014820588287,0.375717148671154
23265,0.441635184024944,0.167208385670617,0.0504699198458208,0.340686510458618
23266,0.16812931609186,0.0942640463902507,0.112253886342115,0.625352751175774
23267,0.193985354454087,0.193868717594391,0.407586980575804,0.204558947375719
23268,0.165470715128937,0.100890795924188,0.070810204653275,0.662828284293599
23269,0.207511796917778,0.256971377369587,0.0216132627916941,0.513903562920941
23270,0.179839234084936,0.200486618845215,0.450637513958783,0.169036633111066
23271,0.219551617129165,0.0965311801475339,0.107420053036907,0.576497149686394
23272,0.0999281813139039,0.216187691417625,0.424697268814533,0.259186858453938
23273,0.134472721605204,0.338314153898794,0.091394389825044,0.435818734670957
23274,0.365000885718684,0.131905890885756,0.112616851341807,0.390476372053753
23275,0.188656668136258,0.213699123498241,0.190572818551283,0.407071389814218
23276,0.120011537012758,0.439603760106098,0.192229344224304,0.24815535865684
23277,0.380200752363301,0.354741623639301,0.0694234731590734,0.195634150838325
23278,0.111341138431936,0.13133871533995,0.405481707939883,0.351838438288232
23279,0.297477433497466,0.25989780852595,0.193837227171057,0.248787530805527
23280,0.233980332439956,0.23657057443185,0.183100848138183,0.346348244990011
23281,0.200913799078639,0.431007040038028,0.160668619960982,0.207410540922351
23282,0.172925188899836,0.356388343957858,0.202875995536933,0.267810471605373
23283,0.10013314884533,0.263608239019972,0.376222419175128,0.260036192959571
23284,0.152285928098755,0.401715127103255,0.197287514309161,0.248711430488829
23285,0.31003445528465,0.264490460812697,0.0974404808612223,0.32803460304143
23286,0.212279505387138,0.0548451693372977,0.545260254204966,0.187615071070598
23287,0.110378106740632,0.175514816522243,0.393691277213446,0.320415799523679
23288,0.498356964178517,0.094076596505626,0.123225044760676,0.284341394555181
23289,0.148598145815956,0.36655187206161,0.323037880813653,0.161812101308781
23290,0.229404960078204,0.253219933130534,0.114623830608666,0.402751276182596
23291,0.370785315922949,0.0920071436834369,0.246395480045843,0.290812060347771
23292,0.160746826361594,0.185614378659082,0.461957266134425,0.1916815288449
23293,0.517788744581283,0.178645812287577,0.0670032194587951,0.236562223672345
23294,0.201135581057762,0.175849394580329,0.245959035792676,0.377055988569233
23295,0.3384133395386,0.0249038876308215,0.37043763224163,0.266245140588949
23296,0.249972390741417,0.197587559367163,0.405168388223187,0.147271661668233
23297,0.124442418830251,0.0621316012223491,0.470677548864034,0.342748431083366
23298,0.342668694845974,0.0915535417383962,0.26239164117407,0.30338612224156
23299,0.242606643199705,0.147550999750291,0.0991366917219152,0.510705665328089
23300,0.373466674376075,0.209114536064491,0.249391487375236,0.168027302184198
23301,0.284978547259541,0.0774874138430104,0.117546073443477,0.519987965453971
23302,0.314336269187238,0.258433039395659,0.30742904479375,0.119801646623353
23303,0.137695981814189,0.21496654142034,0.415239533353708,0.232097943411763
23304,0.0623368442941281,0.268326311501027,0.0975970907203289,0.571739753484516
23305,0.320944129350527,0.0705031457923555,0.132822108734506,0.475730616122611
23306,0.375221325613158,0.390265183044609,0.0987454717025839,0.135768019639649
23307,0.224211062560495,0.2482616133419,0.149452601611827,0.378074722485778
23308,0.348741627125036,0.04889890783202,0.36559862461966,0.236760840423284
23309,0.169264408846969,0.178456071191447,0.0796510888820934,0.572628431079491
23310,0.17936669091869,0.0479493398663252,0.498024542650902,0.274659426564082
23311,0.141450721759655,0.103502270646434,0.204256528278817,0.550790479315094
23312,0.411230054311081,0.14409017688816,0.293995251485427,0.150684517315332
23313,0.105849531013462,0.305804460476214,0.24789130432294,0.340454704187384
23314,0.457484134229231,0.0810997890143827,0.164038774431427,0.297377302324958
23315,0.394363811243128,0.137572946564243,0.281936352870757,0.186126889321872
23316,0.291918523807226,0.149945402224783,0.297386002235002,0.260750071732989
23317,0.217936602451177,0.307504843332391,0.185058707512178,0.289499846704255
23318,0.0797019646461968,0.0919368351528411,0.467377038116124,0.360984162084838
23319,0.271989277396505,0.159336428095578,0.0611264121796246,0.507547882328293
23320,0.176541178117788,0.0844837257012521,0.343087044785185,0.395888051395775
23321,0.497134573300994,0.0456298548224195,0.198294704811461,0.258940867065126
23322,0.191915087457454,0.061817747269465,0.366447046493889,0.379820118779192
23323,0.355282715620098,0.327669410551518,0.046841902242067,0.270205971586317
23324,0.52305018983989,0.0908052308996773,0.200032734431093,0.186111844829339
23325,0.0398719764418736,0.335515344331667,0.357621085076473,0.266991594149986
23326,0.141946591619916,0.176017031856883,0.145355199503011,0.536681177020189
23327,0.0742379591848993,0.0375186399581758,0.603992172224197,0.284251228632728
23328,0.061661278019198,0.467533861556927,0.132457011835017,0.338347848588858
23329,0.355489465752341,0.0520997488794504,0.161086635844196,0.431324149524013
23330,0.163802843875267,0.0593750345473154,0.556911643182641,0.219910478394777
23331,0.185862090468224,0.662287232817181,0.0310996228928916,0.120751053821704
23332,0.236929241197374,0.225229826319624,0.330327566423179,0.207513366059823
23333,0.643901927990847,0.0219433995420532,0.0450418315274671,0.289112840939633
23334,0.206330943249551,0.0614914598642592,0.0454619498804763,0.686715647005713
23335,0.452192653678674,0.0722200957242739,0.177081840536713,0.298505410060339
23336,0.0261769613346396,0.0783797530221881,0.423747009508207,0.471696276134966
23337,0.68095486174031,0.0413614576272653,0.0848449831620707,0.192838697470354
23338,0.235543481983997,0.0611751402470888,0.425322749066986,0.277958628701928
23339,0.0461535731332386,0.0451223937928229,0.275637359219355,0.633086673854583
23340,0.028685709172177,0.0200157812986777,0.529019646822132,0.422278862707013
23341,0.0327221089021274,0.0315619751855631,0.610885706447799,0.324830209464511
23342,0.266914048881153,0.0786607783778822,0.308648573185963,0.345776599555002
23343,0.149615586650269,0.405259283001282,0.0713167217138845,0.373808408634565
23344,0.263755368938413,0.0771338967977543,0.0936021684187769,0.565508565845055
23345,0.107447545851899,0.0587883759311207,0.216165631496458,0.617598446720522
23346,0.269928496877218,0.337611794167243,0.0365952529774147,0.355864455978125
23347,0.280005773390604,0.144856004160955,0.206912502328898,0.368225720119543
23348,0.0511072614305495,0.236219647724927,0.320130115034458,0.392542975810065
23349,0.0742934288456845,0.192974012566595,0.482356706175645,0.250375852412076
23350,0.290645775203954,0.373778709117746,0.0253274100613503,0.31024810561695
23351,0.0315319214661705,0.205073483969578,0.303745792792135,0.459648801772117
23352,0.118183059157804,0.10683183416637,0.345170427176522,0.429814679499305
23353,0.138525224335781,0.337621989786165,0.262722033762093,0.261130752115961
23354,0.075909814097008,0.413998894815972,0.120376926581107,0.389714364505913
23355,0.224889139716069,0.369198320032542,0.100970116202957,0.304942424048433
23356,0.214307172335399,0.114208825421826,0.402764166162901,0.268719836079875
23357,0.153326710338704,0.438523925363735,0.157648163855032,0.250501200442528
23358,0.228109615972193,0.107535870478237,0.29669662186696,0.367657891682611
23359,0.386964830381388,0.0869451010047704,0.335190784868085,0.190899283745757
23360,0.39056842909499,0.268474043320858,0.142958636626106,0.197998890958045
23361,0.0807164220639587,0.114337173247019,0.512306157313395,0.292640247375627
23362,0.208404028178677,0.321593747688827,0.20454835989492,0.265453864237576
23363,0.190983125457208,0.390161566248254,0.200928257726757,0.217927050567781
23364,0.132653379619919,0.169999978347024,0.190213884884744,0.507132757148313
23365,0.273890644811033,0.254663014962597,0.305272596116704,0.166173744109667
23366,0.214627485795366,0.0626896458533362,0.459706182540255,0.262976685811043
23367,0.119740608057649,0.25259397889528,0.39591421262654,0.23175120042053
23368,0.0848855501512834,0.150278494570767,0.464710501998386,0.300125453279564
23369,0.377927870822911,0.200582379980314,0.274965702962243,0.146524046234532
23370,0.290575180109151,0.129141077288874,0.321100064425031,0.259183678176944
23371,0.660144881819963,0.0467350379886362,0.064394929399008,0.228725150792393
23372,0.422057287514811,0.0755527507858622,0.060787789666811,0.441602172032516
23373,0.14217369446783,0.304711825970468,0.386568369874586,0.166546109687116
23374,0.0540166796449768,0.299848851497532,0.416343669014538,0.229790799842954
23375,0.239852559373488,0.247725730970448,0.408451344541938,0.103970365114126
23376,0.270973164548049,0.245424419811713,0.290210640889516,0.193391774750723
23377,0.241512582138226,0.182588401011526,0.404482469831411,0.171416547018837
23378,0.486937535993197,0.0537447134650189,0.209086632179631,0.250231118362153
23379,0.1238420878826,0.169823563683648,0.351730909680567,0.354603438753185
23380,0.137747856800189,0.506996593461157,0.107556549152057,0.247699000586597
23381,0.174041413609043,0.301550959467449,0.285980216037544,0.238427410885964
23382,0.167287503652064,0.0622672997920311,0.431627133233788,0.338818063322117
23383,0.0587111146526395,0.564065901098925,0.10635056864914,0.270872415599296
23384,0.492687343134574,0.108484668565045,0.147654530376914,0.251173457923466
23385,0.353223229923539,0.234430105589393,0.273643763110573,0.138702901376495
23386,0.126869629264219,0.509050952716385,0.046103502419093,0.317975915600303
23387,0.294580703649273,0.171097569305445,0.158256723100922,0.37606500394436
23388,0.163224298895038,0.28276581435698,0.33447656786529,0.219533318882692
23389,0.111585811861808,0.0782189081342757,0.339725697658717,0.470469582345199
23390,0.223373753448665,0.231949283062651,0.47612325217623,0.0685537113124545
23391,0.412413435316175,0.337813935516046,0.194351494139232,0.0554211350285472
23392,0.493105102587663,0.204576235676359,0.227086221980658,0.0752324397553201
23393,0.342688297945823,0.297151454557273,0.257797650547757,0.102362596949146
23394,0.321210355696841,0.332029923944654,0.252526970167919,0.0942327501905863
23395,0.317199662840868,0.267711439948764,0.34530000247217,0.0697888947381978
23396,0.340321447680928,0.259202927985128,0.302276616930888,0.0981990074030563
23397,0.361723242558899,0.253941445904987,0.329290136018627,0.055045175517487
23398,0.290836788954322,0.213990713772326,0.406774409293553,0.0883980879797981
23399,0.345467367517103,0.377674698048092,0.209634844420065,0.0672230900147398
23400,0.330189635406714,0.288732548853211,0.311556005349488,0.0695218103905864
23401,0.326138085251606,0.197855539571587,0.402373760307355,0.0736326148694516
23402,0.43686072177108,0.177692864041085,0.313229635514019,0.0722167786738158
23403,0.449806364392662,0.24140704484505,0.257918991925328,0.0508675988369603
23404,0.448769907054463,0.233374590487792,0.250043783829366,0.0678117186283787
23405,0.291789410464814,0.395521276769664,0.220155851480165,0.0925334612853568
23406,0.277458070908578,0.355684483429528,0.301290027068485,0.0655674185934079
23407,0.245079060590081,0.407546777796458,0.280781649908856,0.0665925117046054
23408,0.200847165064873,0.374815193457094,0.358974073283172,0.0653635681948613
23409,0.466824978297799,0.147640216455183,0.21190853441797,0.173626270829048
23410,0.222370589145708,0.279391455284183,0.250356527753456,0.247881427816653
23411,0.307283889447864,0.361342676098933,0.155659951374028,0.175713483079175
23412,0.122475431829585,0.444632764002448,0.194405606007701,0.238486198160266
23413,0.233731693206988,0.332005429165537,0.277880699517445,0.156382178110029
23414,0.195052867286331,0.512936141563165,0.0722599231061394,0.219751068044365
23415,0.201044696379906,0.453162971106695,0.104714032397866,0.241078300115532
23416,0.215371728100939,0.396168770775953,0.143722091310165,0.244737409812942
23417,0.446578343713527,0.111156226920593,0.189159192039366,0.253106237326514
23418,0.160207865026305,0.199616899277416,0.269934601115156,0.370240634581123
23419,0.169985503670739,0.307069699160565,0.263137814358921,0.259806982809775
23420,0.415687340368387,0.050748197293207,0.31878019432528,0.214784268013126
23421,0.534053274321729,0.155184023943917,0.0799842705037456,0.230778431230608
23422,0.222900266405613,0.134038535897468,0.42750971017578,0.21555148752114
23423,0.330965934572058,0.0667185576599079,0.425377082743349,0.176938425024684
23424,0.215676971876536,0.0808258228719175,0.330500436502957,0.37299676874859
23425,0.222460643408531,0.497982726495789,0.0730671650510282,0.206489465044653
23426,0.113403727871055,0.473810593876208,0.207761116658788,0.20502456159395
23427,0.401345275559841,0.0594447454190669,0.370281371312748,0.168928607708344
23428,0.210971722051826,0.151825896832501,0.372927446672203,0.26427493444347
23429,0.166211921864581,0.440764974760602,0.113886490396712,0.279136612978105
23430,0.350160726618851,0.17452027930951,0.253833810923874,0.221485183147765
23431,0.249247737216486,0.448176329782521,0.171714682758886,0.130861250242108
23432,0.328055280562282,0.119390215097057,0.211365047151283,0.341189457189378
23433,0.475299373523575,0.145627200008427,0.174931227815759,0.204142198652238
23434,0.188939969350991,0.277524196047132,0.352145431211621,0.181390403390255
23435,0.291923526938334,0.135365776728636,0.219280359894602,0.353430336438427
23436,0.356818263908573,0.164136204753035,0.190369298554286,0.288676232784107
23437,0.268538240648422,0.306684676533947,0.220319325529777,0.204457757287854
23438,0.162980338613501,0.25526068713962,0.422758869443649,0.15900010480323
23439,0.137851071381116,0.272905145760685,0.247565457715004,0.341678325143195
23440,0.381164787733794,0.168664093900668,0.301481474683434,0.148689643682104
23441,0.234589083517871,0.130894502954149,0.267254451509195,0.367261962018785
23442,0.454708030900952,0.158014078539861,0.124242374481495,0.263035516077692
23443,0.23708153175037,0.183137418298908,0.354356880644465,0.225424169306257
23444,0.10014564327361,0.160758299447286,0.513175845295047,0.225920211984057
23445,0.212018753664002,0.0613242541359482,0.508614098369858,0.218042893830192
23446,0.575845590919438,0.071370201969352,0.119617228659795,0.233166978451415
23447,0.32928446036991,0.042708357670433,0.313469173402902,0.314538008556755
23448,0.164514104345411,0.219642238290027,0.0749543730783317,0.54088928428623
23449,0.570358622247529,0.0211101908154673,0.146225163071126,0.262306023865878
23450,0.0600356382654637,0.0871930710423961,0.462600958879698,0.390170331812442
23451,0.195751596467529,0.242521866931825,0.249344343315776,0.31238219328487
23452,0.0603701627138955,0.454834555960428,0.0253180082126826,0.459477273112994
23453,0.517623427558583,0.149491345499348,0.144538438320205,0.188346788621864
23454,0.166858598397297,0.0553969007153023,0.0302355398795259,0.747508961007875
23455,0.214189706318683,0.0441730895060376,0.0810677638021492,0.660569440373131
23456,0.0429159434801667,0.635572054489583,0.0369507248900581,0.284561277140192
23457,0.101445275443725,0.0460546721230053,0.201452954143087,0.651047098290183
23458,0.0232673400346879,0.343213830326023,0.320046541810343,0.313472287828946
23459,0.248799951683229,0.378132446325133,0.0429528499576572,0.330114752033981
23460,0.319950244886886,0.443136839999066,0.0463631367780718,0.190549778335976
23461,0.0126920864171327,0.30274745003958,0.369447529669633,0.315112933873654
23462,0.536374601039349,0.21207672712202,0.0289811845101466,0.222567487328484
23463,0.0328732778410646,0.124333120443749,0.49734925844041,0.345444343274777
23464,0.0707963690728858,0.0449514172998726,0.444707392512938,0.439544821114304
23465,0.396485496554276,0.24103293733725,0.0834626911249743,0.279018874983499
23466,0.382256338576644,0.0887624999634467,0.0807537440168031,0.448227417443106
23467,0.0672243531961274,0.545484084528835,0.0776257964812307,0.309665765793806
23468,0.380123988676304,0.10872958619067,0.0916391656584848,0.419507259474541
23469,0.071808248283739,0.0645210443033747,0.679450161093105,0.184220546319781
23470,0.418031036336691,0.298918219916693,0.16328800075081,0.119762742995805
23471,0.0554052324997492,0.314900845505164,0.416472355497723,0.213221566497364
23472,0.301581209481502,0.229659645433316,0.313314429003549,0.155444716081633
23473,0.137754729251956,0.152039081945823,0.326581442076966,0.383624746725254
23474,0.342341234163656,0.0948542675051835,0.295872645576055,0.266931852755105
23475,0.132810065456519,0.477157579406805,0.0870856721058383,0.302946683030838
23476,0.181811224716212,0.528560279658749,0.0898932999353948,0.199735195689644
23477,0.284460000458101,0.0739583491893222,0.345638616236657,0.29594303411592
23478,0.171244844227624,0.332515853168737,0.197855461174305,0.298383841429334
23479,0.0787530398817182,0.215630497243597,0.258173732738729,0.447442730135956
23480,0.0305900835672921,0.29004504536314,0.476950359230769,0.202414511838799
23481,0.374916960361488,0.363460603087611,0.0902784839791841,0.171343952571717
23482,0.583402464100022,0.0622581128511312,0.109109954163988,0.245229468884859
23483,0.120667287792494,0.249371337250477,0.288207742862212,0.341753632094817
23484,0.0686537224319984,0.247672332342066,0.564897736577126,0.118776208648809
23485,0.317942937565197,0.362637088407136,0.0237660309930328,0.295653943034634
23486,0.0366722842384602,0.35878131827953,0.141340873080604,0.463205524401406
23487,0.254884224673739,0.354577582591696,0.0555348911628443,0.335003301571721
23488,0.236368032370768,0.449466869310415,0.0569470225766915,0.257218075742126
23489,0.180648311907106,0.0843291893391366,0.338281739838506,0.396740758915251
23490,0.0792280086508334,0.0453856655638655,0.31909923453762,0.556287091247681
23491,0.0954305601556824,0.153793631837331,0.274013670939912,0.476762137067074
23492,0.0423026544801818,0.432585936466574,0.262304450046357,0.262806959006887
23493,0.104079282418619,0.133561691358208,0.110820043803903,0.65153898241927
23494,0.273205191668496,0.429080542631209,0.051408072702028,0.246306192998268
23495,0.136046544870904,0.574624674068984,0.0697876165935582,0.219541164466555
23496,0.156734999024869,0.37666648260013,0.0387505349831871,0.427847983391814
23497,0.238702014260543,0.370081562104049,0.0856562279292746,0.305560195706133
23498,0.225253977560398,0.0745747905288442,0.309512835438445,0.390658396472312
23499,0.0576040039683212,0.10696679814417,0.276335458741828,0.55909373914568
23500,0.0437439681714994,0.2376587307019,0.396355490877443,0.322241810249157
23501,0.432138621028346,0.0404442830743186,0.287050434491982,0.240366661405354
23502,0.277883364446389,0.0596545521988712,0.278559117808021,0.38390296554672
23503,0.544434646030796,0.0667568424021244,0.0851726485144523,0.303635863052627
23504,0.355917418462654,0.247912288923301,0.223343977323435,0.17282631529061
23505,0.0444402433663116,0.267819812333885,0.48169056819157,0.206049376108233
23506,0.33314091152858,0.0424004676115759,0.431958999635997,0.192499621223847
23507,0.483655631744754,0.0916574759245879,0.168247635344675,0.256439256985982
23508,0.106404907215552,0.119491269831294,0.310971772836832,0.463132050116322
23509,0.282338752498698,0.26900431284118,0.0923734708123,0.356283463847823
23510,0.376353342576785,0.04559214244578,0.198773229124559,0.379281285852876
23511,0.227964971020934,0.170054468602985,0.102935721852262,0.499044838523819
23512,0.446479164122899,0.27615668379988,0.0817709023821977,0.195593249695023
23513,0.0763849586743454,0.198154185014365,0.0448800034613728,0.680580852849917
23514,0.209146545025044,0.105016242294251,0.308689007805153,0.377148204875552
23515,0.566226496287921,0.0444877136102268,0.307767820380083,0.0815179697217692
23516,0.179536123152539,0.0898641114661616,0.357207016239074,0.373392749142225
23517,0.614108459078586,0.0789993896740479,0.0566234107418187,0.250268740505548
23518,0.115018062360014,0.0269770150847558,0.594872313079058,0.263132609476172
23519,0.105004019302369,0.375340323438586,0.115390723089499,0.404264934169546
23520,0.42896973609291,0.0716871574045615,0.0813272964187713,0.418015810083757
23521,0.161362344797505,0.420459326559234,0.202236843303352,0.215941485339909
23522,0.131171934253872,0.254258830279477,0.191029980740342,0.423539254726309
23523,0.223662572011756,0.340673884501088,0.238900010495256,0.1967635329919
23524,0.0325684937154414,0.628191625544664,0.069739086052617,0.269500794687277
23525,0.163264802459659,0.213849541182101,0.0722042901196914,0.550681366238549
23526,0.147930388849337,0.313631174753709,0.377625196095381,0.160813240301574
23527,0.0723880006277703,0.419283607141681,0.265813614318786,0.242514777911763
23528,0.044801281266284,0.63099032936767,0.118642275983095,0.205566113382952
23529,0.265263144699414,0.333167732063844,0.0454443104987553,0.356124812737987
23530,0.0834064478672923,0.0572090852440148,0.603843854622628,0.255540612266065
23531,0.366005440215193,0.0865796752385897,0.0532867189322217,0.494128165613995
23532,0.181121573112404,0.151575767014118,0.152384792270666,0.514917867602811
23533,0.288522324749516,0.167506375624907,0.15038971937375,0.393581580251827
23534,0.188329162668359,0.0615306104448965,0.26709132904767,0.483048897839074
23535,0.1490628359774,0.112768624543947,0.168476773413442,0.569691766065211
23536,0.21535276245488,0.091288348045732,0.227850991372565,0.465507898126824
23537,0.191116001512007,0.246480320380063,0.0607207016035359,0.501682976504393
23538,0.425469662256698,0.136993712231947,0.0321983744489988,0.405338251062357
23539,0.0743291847509079,0.0815917989270612,0.194861893042716,0.649217123279315
23540,0.110144564904027,0.042641137256212,0.384044716033041,0.463169581806721
23541,0.0653733421970561,0.349972695621393,0.0633850157243909,0.52126894645716
23542,0.0495407585004871,0.266864859130696,0.237416138237992,0.446178244130825
23543,0.307969893737141,0.14792435017143,0.160669640314652,0.383436115776778
23544,0.0273932737310242,0.125952045589595,0.629672392021943,0.216982288657438
23545,0.15557121145268,0.0685763880218895,0.0735518202234207,0.70230058030201
23546,0.0178372275777831,0.0364827909036294,0.616878668840276,0.328801312678312
23547,0.342631116769361,0.365219301221655,0.0211918885632687,0.270957693445715
23548,0.198510621227998,0.0734975945885767,0.0639996585962417,0.663992125587184
23549,0.300802453779092,0.0950839744461306,0.104966796713966,0.499146775060811
23550,0.0851888825542556,0.19656577069132,0.14579578915026,0.572449557604164
23551,0.410426395425874,0.113027382759253,0.288258101969129,0.188288119845744
23552,0.0449499277046683,0.385759525133705,0.429906855327989,0.139383691833637
23553,0.0363321303168671,0.487234115374898,0.114557183517587,0.361876570790648
23554,0.578742957359815,0.175075055864832,0.0662679397783424,0.179914046997011
23555,0.0264710975702482,0.156702016438633,0.582569179467398,0.234257706523721
23556,0.321123395406058,0.0923322369068376,0.141003359846085,0.44554100784102
23557,0.0543754861076084,0.0439693732401822,0.615154466671639,0.286500673980571
23558,0.123609211318237,0.147209815328752,0.330658205629467,0.398522767723544
23559,0.210733749591598,0.0317799121282781,0.259837389731144,0.49764894854898
23560,0.0846343475453478,0.0793286672276108,0.416406480139369,0.419630505087672
23561,0.277904837747726,0.197969175781398,0.379515646445918,0.144610340024958
23562,0.42516495039081,0.0290752803423353,0.0406635130003423,0.505096256266512
23563,0.0716320662728462,0.338916115444768,0.296594545289798,0.292857272992588
23564,0.0478044315318567,0.35514872963062,0.307653906606414,0.289392932231109
23565,0.0731751255497787,0.0889254925301018,0.400531692428359,0.43736768949176
23566,0.519495629847024,0.188220201046495,0.0528303530504036,0.239453816056078
23567,0.159054466451692,0.416545250579534,0.0613496958265678,0.363050587142206
23568,0.380863818564016,0.380467065350148,0.0393698037299446,0.199299312355891
23569,0.541981383501514,0.0541375086825332,0.236979547944055,0.166901559871898
23570,0.352998498085277,0.435234753951545,0.0356880792729443,0.176078668690235
23571,0.14634625724589,0.0592028723923335,0.239222058603391,0.555228811758386
23572,0.322631258343528,0.311624993671717,0.0241480190115195,0.341595728973235
23573,0.113127683648584,0.0586696351405718,0.172845385585014,0.65535729562583
23574,0.0259738971426618,0.417935815191156,0.255313605152435,0.300776682513747
23575,0.0466806969125544,0.260341128381225,0.266077044280306,0.426901130425914
23576,0.133450908947346,0.0463516985098174,0.348882156863993,0.471315235678843
23577,0.657909509088448,0.025755488129288,0.0732579923769049,0.243077010405359
23578,0.201638110498538,0.0484068354793046,0.058211896088421,0.691743157933737
23579,0.0406048821955249,0.425869431815293,0.0739246102901645,0.459601075699017
23580,0.109440903489523,0.52616402214143,0.0167991802418963,0.347595894127151
23581,0.188045612269066,0.211792914046068,0.301207616510495,0.298953857174371
23582,0.0731359783677831,0.205792692884164,0.49666020667,0.224411122078053
23583,0.653746039544077,0.0402454838903343,0.041806230520089,0.264202246045499
23584,0.636185513459806,0.0499571108143453,0.0389732445276659,0.274884131198183
23585,0.451157397750764,0.206430145415653,0.0803782764294249,0.262034180404158
23586,0.294628148642099,0.30959989954405,0.203348108936348,0.192423842877502
23587,0.184650303363231,0.0514235688959019,0.38138566118734,0.382540466553528
23588,0.17293463280035,0.0508943034530427,0.370955689631652,0.405215374114955
23589,0.504100126707829,0.0292174034383806,0.026087767706557,0.440594702147234
23590,0.378269947356958,0.0902700703219317,0.210095175546655,0.321364806774455
23591,0.665223656995267,0.0195388117256255,0.0856399322687966,0.229597599010311
23592,0.48452323672872,0.0371030233000605,0.0319394166557544,0.446434323315465
23593,0.0195808185592371,0.469576247005743,0.0940151906549123,0.416827743780108
23594,0.48399808918233,0.0209006332989577,0.375140281312199,0.119960996206513
23595,0.200849871171602,0.0704574524764453,0.51991925696517,0.208773419386783
23596,0.041983381314102,0.359549483732468,0.257659199353,0.340807935600431
23597,0.340283048088496,0.122709472047527,0.241985497758389,0.295021982105589
23598,0.532996925832754,0.0272312887534281,0.0358174296140435,0.403954355799774
23599,0.160307182349485,0.37519131025504,0.18134236479286,0.283159142602615
23600,0.221657755876128,0.323211837866431,0.199394214355772,0.255736191901669
23601,0.105088979469147,0.400757170988398,0.263399035138162,0.230754814404293
23602,0.0595407374002038,0.65487933569516,0.0531209939991891,0.232458932905447
23603,0.0902669436669758,0.181032179191212,0.432301294877237,0.296399582264575
23604,0.220216670817242,0.446444662444921,0.0554550550187797,0.277883611719058
23605,0.368498873335036,0.0641897656713642,0.0886048197989532,0.478706541194647
23606,0.377987354090008,0.238231194105715,0.0654202184707919,0.318361233333485
23607,0.153454772682046,0.241126224717206,0.180517961603178,0.424901040997569
23608,0.37498113944689,0.0979241358438045,0.0896585274817866,0.43743619722752
23609,0.463068939391978,0.095864403895272,0.184155454845052,0.256911201867697
23610,0.346771026903748,0.278549213501783,0.154340969069576,0.220338790524893
23611,0.0818223951665944,0.0623076215103232,0.574145790685813,0.281724192637269
23612,0.151294337242579,0.351419940070273,0.163604642149219,0.333681080537929
23613,0.314948595254445,0.18090064463679,0.352402685077575,0.151748075031191
23614,0.126705216779328,0.63745985744109,0.0439674593733979,0.191867466406184
23615,0.149529386017944,0.189827787472502,0.130319651728365,0.530323174781189
23616,0.182324293611259,0.0467421731423484,0.566590546763938,0.204342986482455
23617,0.135040450866748,0.465344334798424,0.113743889625012,0.285871324709816
23618,0.273753516006196,0.0148758972022071,0.436908610680608,0.274461976110988
23619,0.0534653315136885,0.313086295185732,0.332787826901018,0.300660546399561
23620,0.0835964461011098,0.282006798123814,0.0383725997140279,0.596024156061048
23621,0.367643586875141,0.133846678618649,0.121626739387055,0.376882995119154
23622,0.323792461544618,0.222694843894891,0.0451211177761144,0.408391576784376
23623,0.0577989639662391,0.104199227956535,0.0734382167409714,0.764563591336254
23624,0.0310056560786187,0.597899964157994,0.115957766932205,0.255136612831181
23625,0.175264241077577,0.21300463516003,0.297427968225292,0.314303155537101
23626,0.0392291373547096,0.623716386534321,0.0505653710896059,0.286489105021364
23627,0.152074902177783,0.0158653810650185,0.583116781773816,0.248942934983382
23628,0.287485562955186,0.148989892810943,0.0509894379500988,0.512535106283772
23629,0.324400187927324,0.129803220101735,0.234604736660126,0.311191855310815
23630,0.411714144049049,0.317777069545025,0.06789379355977,0.202614992846156
23631,0.0214392382686535,0.137733669890021,0.614407180285505,0.22641991155582
23632,0.0285023452626892,0.0303321285457097,0.348413685161669,0.592751841029932
23633,0.224669612291988,0.391407436274897,0.117704333500142,0.266218617932974
23634,0.578876493224915,0.1021303136464,0.0196868256694738,0.299306367459211
23635,0.045254832515521,0.230569528296343,0.122668788253265,0.601506850934871
23636,0.0811568816847063,0.370891593185267,0.278768181115664,0.269183344014362
23637,0.360074476802902,0.298030652117481,0.112930755528233,0.228964115551383
23638,0.603560112342322,0.068187834033181,0.101574017733579,0.226678035890918
23639,0.208987169174038,0.0750323605633418,0.446384055107784,0.269596415154836
23640,0.329873053011434,0.0472141230029099,0.45082911298497,0.172083711000686
23641,0.0574472732074125,0.383008490338262,0.259611180242263,0.299933056212062
23642,0.146886838580234,0.116494277768411,0.370028805956568,0.366590077694787
23643,0.372360827538055,0.402760547177365,0.107020193206688,0.117858432077892
23644,0.135158798836996,0.343692722403661,0.189216638010481,0.331931840748862
23645,0.219032275519642,0.310196358818416,0.125586806016577,0.345184559645365
23646,0.241684008852685,0.31643295727413,0.225040199841551,0.216842834031633
23647,0.194458922022513,0.46701602956378,0.161831275285329,0.176693773128377
23648,0.321265511968284,0.367874490360071,0.0779665476432269,0.232893450028418
23649,0.20776108208395,0.312441223877499,0.160546108494434,0.319251585544116
23650,0.195329407085393,0.250143182429895,0.0747053300852599,0.479822080399452
23651,0.0917014079509896,0.550085673842821,0.143602106510717,0.214610811695473
23652,0.162146234586502,0.166594283995844,0.497265537552523,0.173993943865131
23653,0.117514810013368,0.0740576939821906,0.501923629567589,0.306503866436853
23654,0.0908252873984701,0.0932247224787609,0.632243592969664,0.183706397153105
23655,0.229256237323764,0.43485869419568,0.0755083204017607,0.260376748078796
23656,0.20327745117526,0.185129743497118,0.170793406256148,0.440799399071474
23657,0.454808929559655,0.313196281240214,0.0719077156327199,0.160087073567411
23658,0.277694307017491,0.101081874516906,0.245666116824483,0.37555770164112
23659,0.369102501570406,0.316924656104774,0.174279553996935,0.139693288327885
23660,0.236517000244791,0.232298524548782,0.079786477511052,0.451397997695374
23661,0.263721839619903,0.103274134271554,0.17947159173447,0.453532434374073
23662,0.11369352497467,0.297363131467761,0.185700826324015,0.403242517233553
23663,0.294967342093163,0.263478133232183,0.201857900835452,0.239696623839201
23664,0.13373346964569,0.228242967407808,0.139340838276017,0.498682724670485
23665,0.282918984029382,0.247092715258671,0.0839227667936159,0.386065533918331
23666,0.314762697365285,0.137057827154413,0.176418839648311,0.37176063583199
23667,0.456193398668625,0.0916590282937363,0.302887401666156,0.149260171371483
23668,0.415132365744891,0.104854119864471,0.18459805394825,0.295415460442388
23669,0.244824693208804,0.240965375332438,0.158693408254557,0.355516523204201
23670,0.224938776655519,0.0813481228016599,0.491766593236289,0.201946507306532
23671,0.117843453657863,0.388056527224079,0.3005495903769,0.193550428741158
23672,0.272374274663083,0.135505542893817,0.276487776694767,0.315632405748333
23673,0.32695087559323,0.405866125393196,0.091624497995484,0.17555850101809
23674,0.0589382074374196,0.177159682728957,0.555558854580739,0.208343255252885
23675,0.0497052557965001,0.638909400914563,0.0408416493752877,0.27054369391365
23676,0.166141137362367,0.100624317892963,0.190191970083824,0.543042574660847
23677,0.258824875033353,0.193603655630814,0.31704107426424,0.230530395071593
23678,0.395919316774616,0.101745116038639,0.0540786588938566,0.448256908292888
23679,0.407667782221942,0.0565227808859434,0.321298827653281,0.214510609238834
23680,0.0475056752362067,0.0983027922481471,0.630705997755429,0.223485534760217
23681,0.0984827656816757,0.248623219863943,0.503386515052535,0.149507499401846
23682,0.0455746326478945,0.313805892908187,0.416686910607019,0.223932563836899
23683,0.418890846211123,0.0651561976578401,0.174477077892863,0.341475878238173
23684,0.0477534398756694,0.573040729606856,0.105195612546099,0.274010217971376
23685,0.295817153047554,0.325842992255295,0.26269216420713,0.115647690490021
23686,0.084279157386184,0.0725866560032232,0.57192373806906,0.271210448541533
23687,0.142927837329209,0.121709790012518,0.36720661217179,0.368155760486483
23688,0.24785413731529,0.121922463473788,0.10082720636446,0.529396192846462
23689,0.108493574707729,0.22575179630376,0.448415197461499,0.217339431527011
23690,0.343414052742204,0.243319479777571,0.0666510920061595,0.346615375474065
23691,0.173778536966996,0.152466230367079,0.371141785112495,0.30261344755343
23692,0.0391864098856766,0.440209389583726,0.160451459352268,0.360152741178329
23693,0.107229729535273,0.363820717060153,0.314222145252776,0.214727408151797
23694,0.039250960878761,0.324516654945551,0.283877514604268,0.352354869571421
23695,0.0985050733369345,0.357243190426561,0.188396188169177,0.355855548067328
23696,0.520100304316943,0.23712090061663,0.0294656247068615,0.213313170359565
23697,0.322181508751055,0.0457402284375977,0.292024023491022,0.340054239320326
23698,0.207964954997906,0.304216673823778,0.191889060736756,0.29592931044156
23699,0.0929788805909929,0.517600475778433,0.0844564542333552,0.304964189397219
23700,0.326858601190479,0.0371336567599989,0.403825443862526,0.232182298186997
23701,0.0480016335574217,0.496681182727735,0.166839363939035,0.288477819775808
23702,0.119983764199144,0.0977273729311696,0.553032684594159,0.229256178275527
23703,0.0587894344507468,0.442929636339544,0.220893724183175,0.277387205026534
23704,0.235840499645336,0.161145624218414,0.243642931210361,0.359370944925889
23705,0.24650064301338,0.385500197836815,0.153557825112049,0.214441334037756
23706,0.372830697186655,0.0769860414076217,0.221631666615943,0.32855159478978
23707,0.169084091137907,0.496309192473039,0.0386062659010243,0.29600045048803
23708,0.19014113498265,0.425927373155728,0.120947219243551,0.262984272618071
23709,0.187265871527308,0.218682576503795,0.16226254407161,0.431789007897286
23710,0.381774737248124,0.151841461055959,0.0713819229733006,0.395001878722616
23711,0.0755465999005239,0.531693859172398,0.197483747899714,0.195275793027364
23712,0.124376463241673,0.103218414802497,0.425728368998198,0.346676752957631
23713,0.13399957295461,0.300483218313912,0.371434598537866,0.194082610193612
23714,0.367293320814001,0.0945829608394547,0.379853086547758,0.158270631798787
23715,0.239812603248882,0.109936958768797,0.42805490221904,0.222195535763281
23716,0.367506324672685,0.231010388097919,0.171150186891139,0.230333100338257
23717,0.357749350054826,0.397078802793828,0.106358891479695,0.138812955671651
23718,0.0817340439130943,0.11159508463371,0.473081945154404,0.333588926298792
23719,0.438409604897667,0.24114885920605,0.080576508843545,0.239865027052739
23720,0.139157225136947,0.116503772289091,0.546735712311395,0.197603290262567
23721,0.403438164848813,0.24161627045506,0.209063075265892,0.145882489430235
23722,0.0886667473135884,0.405009782632514,0.261558499636731,0.244764970417166
23723,0.179404936180719,0.320924447615672,0.305903089226241,0.193767526977368
23724,0.308939906011425,0.39363036805134,0.0979448178841777,0.199484908053058
23725,0.281658594647431,0.0629641427557554,0.469374275127632,0.186002987469181
23726,0.227035117182927,0.32746073118607,0.253117501254499,0.192386650376504
23727,0.249746251023611,0.1877483043348,0.340200763225591,0.222304681415998
23728,0.341219740914251,0.232532493954714,0.110794221001555,0.31545354412948
23729,0.16698961139948,0.552358598856917,0.140943685304573,0.13970810443903
23730,0.257751854475084,0.307224517421974,0.203702217130602,0.231321410972339
23731,0.194798121290952,0.227081472265672,0.335406411278274,0.242713995165103
23732,0.352931424346152,0.280980040866756,0.0368967863805708,0.329191748406522
23733,0.484385551360379,0.0684028059079225,0.0518404319290272,0.395371210802671
23734,0.0865613692024092,0.0808359706773885,0.448112856193394,0.384489803926809
23735,0.473505818293,0.0281368734128563,0.0653755356715834,0.43298177262256
23736,0.0922542132660052,0.179395917011925,0.247039981007753,0.481309888714317
23737,0.0935069320655076,0.57666742802296,0.066409593360111,0.263416046551421
23738,0.423157648497153,0.105680779148369,0.0848697825528968,0.386291789801581
23739,0.133222031245187,0.12988463427431,0.119557412069444,0.617335922411059
23740,0.157296198410701,0.0198106619903808,0.637319167399352,0.185573972199566
23741,0.0533119422041166,0.129115960319254,0.487275786579823,0.330296310896807
23742,0.173318017360806,0.270031175041725,0.0679291378723619,0.488721669725107
23743,0.0565509032967829,0.64947430099504,0.0560583916354294,0.237916404072747
23744,0.0331738287658347,0.598118804014994,0.0960858527674642,0.272621514451707
23745,0.533318106199577,0.0800029497114572,0.0691453114801865,0.317533632608779
23746,0.624567559735599,0.0762781460295951,0.0270264062809342,0.272127887953871
23747,0.0287785882327621,0.270878885149146,0.436826994314306,0.263515532303786
23748,0.24495345835098,0.297974633195153,0.113439252025586,0.343632656428281
23749,0.636176132189424,0.179089552274126,0.0314051058388728,0.153329209697577
23750,0.0939796646428201,0.3736960732279,0.310008328093649,0.222315934035631
23751,0.286401251426194,0.240944916835998,0.282965152371265,0.189688679366544
23752,0.150454016150302,0.293788678683,0.0683534614782481,0.487403843688449
23753,0.228961165332989,0.147699223903021,0.185710734290152,0.437628876473838
23754,0.303286235169512,0.242444875608924,0.183628119217436,0.270640770004127
23755,0.330818366219281,0.236526861595607,0.157037078479035,0.275617693706078
23756,0.214556912180043,0.369191428928885,0.0738969946548022,0.342354664236269
23757,0.144787545231828,0.519356911693932,0.0502347075046459,0.285620835569594
23758,0.434202661603993,0.150015282629606,0.0788814572965046,0.336900598469897
23759,0.173520375998991,0.313212724290135,0.201405722295474,0.3118611774154
23760,0.403222647775394,0.0475828179449293,0.354901221571109,0.194293312708568
23761,0.153244099362816,0.149694739539294,0.299354575509768,0.397706585588122
23762,0.344826281472236,0.178090021970687,0.190040691650084,0.287043004906993
23763,0.492632676447227,0.25626050279202,0.0717834766592375,0.179323344101515
23764,0.406796159320719,0.0726427051780925,0.147293964669987,0.373267170831201
23765,0.0611210666256264,0.0756162923176604,0.437344123901146,0.425918517155567
23766,0.109649507659821,0.0864703343770153,0.649848206191033,0.15403195177213
23767,0.38257949830481,0.279511531354166,0.170676409562735,0.167232560778289
23768,0.107555919174201,0.100901309615128,0.168899571482922,0.622643199727749
23769,0.0739716035766936,0.152827413234439,0.392924130307465,0.380276852881403
23770,0.227646287967366,0.0587948014989683,0.461698078830757,0.251860831702909
23771,0.101512154526487,0.386195568120504,0.0796818316460461,0.432610445706963
23772,0.139473652320596,0.194596139519393,0.128686801944696,0.537243406215315
23773,0.082734750436416,0.171209754000142,0.516674098819436,0.229381396744005
23774,0.196575116913612,0.255157365809843,0.146828076222158,0.401439441054387
23775,0.52198075177279,0.108915706354884,0.0983105895835157,0.270792952288811
23776,0.202298159126501,0.114983570849866,0.263047783657324,0.419670486366308
23777,0.367694905435039,0.216667824135613,0.259409915374645,0.156227355054703
23778,0.13052802674356,0.240882532929174,0.152582902739204,0.476006537588062
23779,0.318576350046633,0.377223517726189,0.140436712197189,0.163763420029989
23780,0.478113992038646,0.343082352428357,0.0682184520486466,0.11058520348435
23781,0.516074733516872,0.15161417629627,0.0398676969295184,0.292443393257339
23782,0.186838129454753,0.264157113713257,0.302786965564509,0.246217791267481
23783,0.226446881232225,0.0428441945767701,0.391952924409039,0.338755999781966
23784,0.105099502418243,0.0951086108688569,0.455405431388554,0.344386455324346
23785,0.461337935240651,0.262287313724368,0.0534266785027182,0.222948072532263
23786,0.268802632150459,0.252755491115664,0.148213173962548,0.330228702771329
23787,0.625395724213654,0.125513284682505,0.0778888312495282,0.171202159854313
23788,0.216362275595043,0.461766908362697,0.107926271175736,0.213944544866525
23789,0.770637944132887,0.0134583582208064,0.0179332006255102,0.197970497020796
23790,0.0300701847075287,0.102554427974726,0.386358048252613,0.481017339065132
23791,0.243743430589178,0.0250690905564079,0.468505804582117,0.262681674272297
23792,0.232924310583382,0.450447345105986,0.0360056745964952,0.280622669714136
23793,0.15146700747439,0.132883489014663,0.222469096993284,0.493180406517664
23794,0.28992247571702,0.0704617919254375,0.203775001521387,0.435840730836155
23795,0.241762541281255,0.0908403323255697,0.0346285578717287,0.632768568521446
23796,0.144238056272909,0.218932693437421,0.194395709922565,0.442433540367105
23797,0.330773528560832,0.212691879574144,0.276085672644217,0.180448919220806
23798,0.295351731133976,0.0191923268705219,0.0532250532097732,0.632230888785729
23799,0.610308335109192,0.0361030936769985,0.0301801768452909,0.323408394368519
23800,0.143200377717376,0.550256632484657,0.0150403156038034,0.291502674194164
23801,0.0350861302349137,0.0389731486738836,0.579219593975528,0.346721127115675
23802,0.0397344006480557,0.566953812432837,0.0401986826455238,0.353113104273584
23803,0.283446170410816,0.176621486898692,0.0385971155509014,0.50133522713959
23804,0.364784112438224,0.0362070365915179,0.187013149195291,0.411995701774967
23805,0.215263637083141,0.0618039101451239,0.381136916201558,0.341795536570178
23806,0.15988819107101,0.245729990670247,0.0923263856742685,0.502055432584474
23807,0.488223455104726,0.0694145388905921,0.0701686002596758,0.372193405745006
23808,0.209873885519341,0.357796667013854,0.200716366806978,0.231613080659827
23809,0.392990872614572,0.243256868586336,0.15009062078905,0.213661638010042
23810,0.133615388145185,0.400509799993107,0.269136488566148,0.196738323295561
23811,0.381362106260225,0.262005813495358,0.204416572353116,0.152215507891302
23812,0.0993092085136956,0.327047113411875,0.321542695422395,0.252100982652034
23813,0.358523562585463,0.19489179223588,0.21931173100191,0.227272914176747
23814,0.441587314402947,0.227576410737642,0.195035490126167,0.135800784733244
23815,0.12911447640886,0.192681208056535,0.263247543952257,0.414956771582348
23816,0.522496914887084,0.224127253738473,0.107252071110623,0.14612376026382
23817,0.249061333399851,0.0898511433536076,0.393417781418108,0.267669741828433
23818,0.0917155716004502,0.147773101466869,0.396277507298602,0.364233819634079
23819,0.115184903551336,0.405878584431738,0.253758855608054,0.225177656408872
23820,0.261801656289199,0.117739901752625,0.401649203298659,0.218809238659516
23821,0.157844329358556,0.162117381087998,0.179951471934238,0.500086817619208
23822,0.324120717832743,0.242500723655685,0.111559846427836,0.321818712083736
23823,0.128936071295229,0.164665376726434,0.409229103225839,0.297169448752498
23824,0.234021190373709,0.428924598683691,0.12454467045469,0.21250954048791
23825,0.478416309595926,0.13991262304171,0.20539427946868,0.176276787893684
23826,0.0675357459506258,0.453198980506007,0.181368479961975,0.297896793581392
23827,0.358183539304212,0.262191667594875,0.174730453880481,0.204894339220431
23828,0.0599523980685184,0.321016340191245,0.371048527103203,0.247982734637034
23829,0.348500989733998,0.193247754034689,0.233404096201685,0.224847160029628
23830,0.146745581598654,0.387870113445527,0.189801480469079,0.275582824486741
23831,0.231671461223298,0.224758738389409,0.37236237703969,0.171207423347604
23832,0.252604620018061,0.160169298025582,0.4720226968069,0.115203385149456
23833,0.314979343764345,0.140749944554257,0.320800933548761,0.223469778132638
23834,0.438131782128753,0.181296030470294,0.236030843345649,0.144541344055303
23835,0.327261972777403,0.278557603465176,0.241133764991055,0.153046658766366
23836,0.377644132311453,0.106288901464116,0.157031431605165,0.359035534619265
23837,0.116052380954089,0.0812226177581889,0.293654779978619,0.509070221309103
23838,0.456249943122128,0.248610398353665,0.104938487226953,0.190201171297254
23839,0.53216183562098,0.119410488987888,0.174111083552641,0.174316591838491
23840,0.319392962588003,0.042484022022417,0.438629405107812,0.199493610281768
23841,0.431861370054169,0.129486714364784,0.225458986506991,0.213192929074057
23842,0.600598869958174,0.0930444500388463,0.103905920822678,0.202450759180302
23843,0.325555883493451,0.128975379233204,0.3344757979101,0.210992939363246
23844,0.423120909957967,0.139428769000504,0.21364086934871,0.22380945169282
23845,0.180782141278338,0.152712458087046,0.339778462318532,0.326726938316083
23846,0.352466457057242,0.301392092628334,0.192425053890746,0.153716396423678
23847,0.0890624095934378,0.501911925581088,0.19477273807523,0.214252926750244
23848,0.0822237786259894,0.0739094762953197,0.414586971320008,0.429279773758683
23849,0.274583801792415,0.0728528332936128,0.331302420099723,0.321260944814249
23850,0.0661977169133319,0.112236309523591,0.63512202334212,0.186443950220957
23851,0.39217220357552,0.274635564377056,0.176900886625237,0.156291345422188
23852,0.265352144693427,0.227254544715087,0.147208681232074,0.360184629359412
23853,0.0569095897598077,0.0641113702744397,0.650307937259604,0.228671102706149
23854,0.458650225895848,0.0718857759527952,0.105726583024205,0.363737415127151
23855,0.128218441487194,0.251644591291063,0.0913116385930857,0.528825328628657
23856,0.30175344958145,0.348820169369527,0.0519736993871488,0.297452681661875
23857,0.534755302007849,0.287097150052123,0.0520745652106909,0.126072982729338
23858,0.357583852263897,0.1973448751284,0.254483117268656,0.190588155339047
23859,0.631996990322854,0.0702499422095389,0.0784672384244157,0.219285829043191
23860,0.168526394233548,0.276331453625487,0.215162773854346,0.339979378286618
23861,0.278085570276985,0.0330525752859545,0.472928231530057,0.215933622907003
23862,0.0757957610779934,0.0917838291448572,0.540471289839241,0.291949119937909
23863,0.249769258232842,0.0547270574240409,0.42077766499823,0.274726019344886
23864,0.203604333169786,0.328952251424977,0.0479209235691403,0.419522491836096
23865,0.065065895254214,0.131610224432413,0.339732029605719,0.463591850707654
23866,0.278777113923107,0.31825235457805,0.133903360018301,0.269067171480542
23867,0.0846661530802198,0.153731586786686,0.103143246414046,0.658459013719049
23868,0.0493976173391108,0.0864647035693522,0.599664852725842,0.264472826365695
23869,0.217811583332601,0.113122204021329,0.180744253575387,0.488321959070684
23870,0.101997338632798,0.0693947174256906,0.524248381824126,0.304359562117386
23871,0.094252339114914,0.251586702686383,0.381844379667469,0.272316578531234
23872,0.0604527862882877,0.18648363106053,0.451008308597228,0.302055274053954
23873,0.151075330739568,0.361015778563083,0.330386945402214,0.157521945295135
23874,0.475227745710729,0.28874200825895,0.0584188230117465,0.177611423018575
23875,0.0303417028654622,0.508190595355736,0.269105227596231,0.19236247418257
23876,0.266494134098691,0.201572384070317,0.122520760914272,0.40941272091672
23877,0.253271634250509,0.121445052798843,0.0753800031150318,0.549903309835616
23878,0.119985378015082,0.358278170939866,0.156965632285816,0.364770818759236
23879,0.117004563139702,0.446708326486628,0.236948696036671,0.199338414337
23880,0.41532253213783,0.291727975866141,0.0364618592105903,0.256487632785439
23881,0.482790580558042,0.0405566252389675,0.235470852832527,0.241181941370464
23882,0.113762577496924,0.520173284710721,0.0555853002730876,0.310478837519267
23883,0.298771728927893,0.0903057629566852,0.370921579699916,0.240000928415505
23884,0.194151193548424,0.294513026995351,0.404690759090056,0.106645020366169
23885,0.177921366783151,0.20707200286321,0.0541680256640562,0.560838604689582
23886,0.348277925945749,0.126277304499913,0.197995019074011,0.327449750480327
23887,0.380472727338034,0.146482701197864,0.0643982992398413,0.408646272224261
23888,0.325386482283141,0.163214748417978,0.319337641036801,0.19206112826208
23889,0.583462308363988,0.101810826089989,0.0658665043265873,0.248860361219435
23890,0.255536880771927,0.392222942542213,0.0279754801275482,0.324264696558312
23891,0.560236280456524,0.0359046263923889,0.0964764904149372,0.30738260273615
23892,0.0791099192898099,0.334807142464333,0.0753698504175013,0.510713087828356
23893,0.203926217715955,0.31865511284177,0.0772513863667649,0.40016728307551
23894,0.141685975946511,0.226258744028425,0.261064000039197,0.370991279985867
23895,0.0988679222012385,0.146761543849401,0.595904006477123,0.158466527472237
23896,0.0872137935673684,0.0805659593892844,0.389449791654502,0.442770455388845
23897,0.130960189294338,0.275025432161077,0.0755279975009308,0.518486381043654
23898,0.217770635586603,0.340004617362371,0.0611622754195645,0.381062471631461
23899,0.177607302596372,0.137182370324549,0.152406979531801,0.532803347547278
23900,0.14638644813396,0.244054337589684,0.0868797167788631,0.522679497497493
23901,0.163515362310811,0.487059501702075,0.0376043362104954,0.311820799776619
23902,0.0815426607621635,0.297199181093299,0.35286525940548,0.268392898739057
23903,0.347615767859293,0.0654518048004876,0.0666574423074677,0.520274985032751
23904,0.0929776260956589,0.344957863018262,0.218941363803828,0.343123147082251
23905,0.379969883902813,0.0268636889342221,0.379105240602141,0.214061186560824
23906,0.657367976292206,0.0177195127777984,0.0470906027438157,0.27782190818618
23907,0.241734440928137,0.0768060353104608,0.263626261396644,0.417833262364758
23908,0.133057348747039,0.439940906237408,0.0511934624682557,0.375808282547298
23909,0.205444219533733,0.0451475509111778,0.117787863895171,0.631620365659918
23910,0.139050369558054,0.226036756641617,0.389096683379455,0.245816190420874
23911,0.193497584205077,0.0477586024203803,0.0909872100061577,0.667756603368385
23912,0.145382926953511,0.173916139315358,0.332265472991488,0.348435460739644
23913,0.0516037047950715,0.159299630874272,0.481111031297448,0.307985633033209
23914,0.0331505961277018,0.653746325671994,0.0186399761747685,0.294463102025535
23915,0.540880702522622,0.166621493275634,0.0342895940359984,0.258208210165745
23916,0.035162876530268,0.166898740354568,0.495528047907433,0.302410335207731
23917,0.1809449681259,0.32473576613092,0.0643537633577689,0.429965502385411
23918,0.230657409887698,0.0924378193990188,0.131673830295764,0.545230940417519
23919,0.21803810457653,0.430041541007904,0.0231082643969883,0.328812090018578
23920,0.18009656036619,0.315317320814422,0.278018119529763,0.226567999289625
23921,0.2571038194401,0.126610581938803,0.389685955859587,0.226599642761509
23922,0.0664989320113023,0.141695836836757,0.58243729770047,0.209367933451471
23923,0.240316179136442,0.452638667734207,0.0647362828805757,0.242308870248775
23924,0.192417565267862,0.414435290575129,0.192884350931826,0.200262793225183
23925,0.216450143199964,0.229256144607188,0.125553111310616,0.428740600882232
23926,0.318488608205893,0.360156896664873,0.139076542399099,0.182277952730136
23927,0.288726133971941,0.130736391566581,0.236891630833121,0.343645843628358
23928,0.154389138987034,0.26485469238186,0.355637984237076,0.22511818439403
23929,0.0887247445755007,0.374504406405843,0.1096691988875,0.427101650131156
23930,0.103539973898524,0.272035007630777,0.149251646999326,0.475173371471373
23931,0.0753712575993992,0.624637386278948,0.0735852911758182,0.226406064945834
23932,0.203479303685236,0.300574637975604,0.183233399592416,0.312712658746745
23933,0.298358114122848,0.35655044756401,0.134855863128087,0.210235575185054
23934,0.0494657451700838,0.641719714207452,0.109900161133264,0.1989143794892
23935,0.282725819772633,0.211596098752058,0.144178899210943,0.361499182264366
23936,0.326298668164549,0.270744137913257,0.124919921628876,0.278037272293318
23937,0.151147713450265,0.107259443203018,0.338717999909261,0.402874843437456
23938,0.519549893913566,0.164705261196141,0.051269418767615,0.264475426122678
23939,0.276849627619838,0.0719960151036633,0.380213454245475,0.270940903031024
23940,0.385524801222155,0.0926203600170418,0.16995813256672,0.351896706194083
23941,0.100021247622843,0.172286762648385,0.429152724835064,0.298539264893708
23942,0.557233606157604,0.10429329224288,0.153355989627344,0.185117111972172
23943,0.116982127044723,0.542456518862449,0.0790665228049206,0.261494831287908
23944,0.53979163918945,0.053198556225232,0.261988587835915,0.145021216749403
23945,0.139085108992793,0.218680563078832,0.311373411246868,0.330860916681507
23946,0.348440553958541,0.416345223225727,0.049758631348188,0.185455591467545
23947,0.0679956080283566,0.310424564538112,0.316371586552077,0.305208240881454
23948,0.191397882996217,0.175263452671942,0.380459548924695,0.252879115407146
23949,0.118080197309225,0.259338881205632,0.0981665437164449,0.524414377768697
23950,0.038787748333179,0.521163959687975,0.268257021999745,0.171791269979101
23951,0.497498831866623,0.109279367583538,0.143501963572719,0.24971983697712
23952,0.246020305029091,0.152062744759032,0.341617940762607,0.26029900944927
23953,0.65614881753859,0.0780447864860409,0.0580811867354589,0.20772520923991
23954,0.508843939739867,0.0447069889849592,0.195469869787153,0.250979201488021
23955,0.101528056527306,0.28382309078087,0.193209743443039,0.421439109248785
23956,0.189293027795365,0.23631158017716,0.391720639299724,0.182674752727752
23957,0.138168617309361,0.301811054825718,0.0690382473461053,0.490982080518816
23958,0.243692768356455,0.462475608913307,0.0408000961580416,0.253031526572196
23959,0.252856623202779,0.083724648779814,0.316008305848749,0.347410422168657
23960,0.111167659449145,0.0668516003269978,0.195737305570458,0.626243434653399
23961,0.547629798093215,0.0876777188901534,0.0202882703100958,0.344404212706536
23962,0.0391549436360867,0.36349242952773,0.183840300959047,0.413512325877136
23963,0.250328089958326,0.346876503897208,0.0634405816225218,0.339354824521944
23964,0.0180040114880479,0.483991866524972,0.195021476717823,0.302982645269157
23965,0.179979827172496,0.120705329874482,0.413211148526953,0.286103694426069
23966,0.109295634173042,0.023400049565448,0.356244270069901,0.51106004619161
23967,0.395421639755058,0.101273940410357,0.0664712367238609,0.436833183110724
23968,0.395738085532924,0.184456427050276,0.149989786863022,0.269815700553778
23969,0.392685314860137,0.0455874680530317,0.045359696893743,0.516367520193089
23970,0.555430410857916,0.0158305986779258,0.0479474772316223,0.380791513232536
23971,0.047924833501618,0.123708225324514,0.572657556532349,0.255709384641519
23972,0.501767826527448,0.0577979118009618,0.186467722330876,0.253966539340715
23973,0.218670935163104,0.254689135980131,0.230792538856424,0.29584739000034
23974,0.0450263805927688,0.0566064743037234,0.660928951701335,0.237438193402173
23975,0.187606088574698,0.561591557557977,0.0278425768898863,0.222959776977439
23976,0.144249596781574,0.245516450819429,0.301315866345689,0.308918086053309
23977,0.052816392695358,0.188487549084071,0.54051353750389,0.21818252071668
23978,0.0749985121794738,0.046329644827358,0.092428955292342,0.786242887700826
23979,0.212340546907339,0.100489543846617,0.172491375664857,0.514678533581186
23980,0.121465564911032,0.416840032142496,0.0662377627243993,0.395456640222073
23981,0.044958239790568,0.241729734759533,0.527114101963363,0.186197923486535
23982,0.165850141601541,0.0943841879626664,0.451935609384583,0.28783006105121
23983,0.258238086476449,0.235940148427802,0.145195876409721,0.360625888686027
23984,0.245854397665769,0.324930193313432,0.159789807814102,0.269425601206697
23985,0.163563383242967,0.135688571435445,0.0826360708467621,0.618111974474826
23986,0.284416966853875,0.430385511278339,0.107111525595753,0.178085996272033
23987,0.266593561572134,0.271095738891861,0.118189709736431,0.344120989799574
23988,0.340680398755081,0.164880692483126,0.2796185606613,0.214820348100493
23989,0.110885350648584,0.216409491686943,0.475619091521728,0.197086066142745
23990,0.184403640721514,0.390318280916131,0.205860602813083,0.219417475549272
23991,0.0889133176919157,0.118846484658005,0.148513153701471,0.643727043948608
23992,0.12522742901954,0.494779465549369,0.0818337862642823,0.298159319166809
23993,0.141489843361517,0.257721941235899,0.435157678654338,0.165630536748246
23994,0.0423230396973825,0.457139858777033,0.153707595041475,0.34682950648411
23995,0.035465475022093,0.144794016915932,0.475459832218757,0.344280675843218
23996,0.0588112752279536,0.241027701425654,0.503043435743922,0.19711758760247
23997,0.365026605652742,0.0481729032421899,0.380845305191762,0.205955185913306
23998,0.20931688315543,0.277518978240168,0.181209150178722,0.33195498842568
23999,0.465571679848862,0.18007814989373,0.107546136126083,0.246804034131325
24000,0.357877800966447,0.349335620338236,0.0970279299406965,0.19575864875462
24001,0.507806936765392,0.298379584889371,0.0454459071118059,0.148367571233431
24002,0.352880876511715,0.270438738067181,0.0901611116335312,0.286519273787573
24003,0.145544849017987,0.482609912283281,0.0891459081710324,0.282699330527699
24004,0.163806223039361,0.132530422805961,0.390174852102444,0.313488502052234
24005,0.32498610468906,0.38579282340201,0.085841935854639,0.203379136054292
24006,0.193775970368181,0.241423082546857,0.386333359924227,0.178467587160736
24007,0.162262327833813,0.340627290197524,0.167442258994149,0.329668122974514
24008,0.095055347371574,0.64989421475267,0.123067371469909,0.131983066405847
24009,0.500750630476396,0.0881566854002032,0.142648507539773,0.268444176583627
24010,0.409839257086029,0.185674004616518,0.171238827345488,0.233247910951965
24011,0.053259021403028,0.729550524681564,0.0472789042513658,0.169911549664042
24012,0.0964227773483323,0.164968818609215,0.489473480844485,0.249134923197968
24013,0.121829949990766,0.149219515912993,0.436957638991708,0.291992895104532
24014,0.305309878255223,0.0743744490581241,0.433967551052093,0.18634812163456
24015,0.0517959176066579,0.457924788706034,0.262110395947235,0.228168897740074
24016,0.1603136075006,0.429433938663007,0.0647313596710046,0.345521094165389
24017,0.276761860433077,0.21021517351616,0.377954760431995,0.135068205618768
24018,0.459995256425272,0.0525497457764352,0.0646455896836327,0.42280940811466
24019,0.0954774157191236,0.349510310128533,0.305865808035211,0.249146466117132
24020,0.06669319001839,0.359535552340929,0.332085842838584,0.241685414802098
24021,0.0991814336466866,0.128513732126031,0.393932701717351,0.378372132509931
24022,0.510311037187203,0.224123992291605,0.0715184893500473,0.194046481171145
24023,0.183215909977754,0.395831587320543,0.0973893540058836,0.323563148695819
24024,0.392300339800484,0.367544293457861,0.0595868358668373,0.180568530874817
24025,0.519867816549084,0.0715630078595362,0.258423576372871,0.150145599218508
24026,0.361793655015436,0.41836496092767,0.0611029353327811,0.158738448724113
24027,0.189965893913604,0.0873674170811963,0.291231862517738,0.431434826487461
24028,0.358931750273867,0.304947456114935,0.0420902400796679,0.294030553531529
24029,0.159364058750624,0.0939609885375626,0.228361520328644,0.518313432383169
24030,0.0434717058448591,0.418724473704041,0.272740143706749,0.265063676744351
24031,0.0743620039764093,0.28223991256177,0.307566765107612,0.335831318354209
24032,0.16659183469599,0.0747865042171907,0.383087720186439,0.375533940900381
24033,0.637066698989425,0.0444217524420441,0.097758720734986,0.220752827833544
24034,0.256829238534337,0.0849689582724044,0.0958316566003245,0.562370146592934
24035,0.065549803708608,0.438808619515109,0.104971035602345,0.390670541173938
24036,0.402021095696239,0.0600854122961608,0.343620318503348,0.194273173504252
24037,0.25113461077829,0.479802695816191,0.0944855919477887,0.174577101457731
24038,0.190522366016483,0.104375970104343,0.322461874661727,0.382639789217447
24039,0.310915849328874,0.295744242353784,0.0564445594085267,0.336895348908815
24040,0.0430075901808182,0.0983753411630677,0.557491260173103,0.301125808483011
24041,0.229387372851328,0.363803210033224,0.143546260635424,0.263263156480024
24042,0.165689510498563,0.248285096644649,0.37159192422656,0.214433468630228
24043,0.260623542334888,0.25755085571282,0.0702594474796786,0.411566154472614
24044,0.276041285945099,0.31537844411131,0.218820358874625,0.189759911068966
24045,0.551449806847541,0.0840976858626562,0.140916164633514,0.223536342656289
24046,0.264395418136062,0.38198119822927,0.210794018042949,0.14282936559172
24047,0.379997166117243,0.0218448721110742,0.490123802189408,0.108034159582276
24048,0.0562043738749441,0.0851966452319002,0.546533207407665,0.31206577348549
24049,0.510960606001989,0.0843250367741752,0.170142622162536,0.2345717350613
24050,0.0931871057508839,0.153706374567404,0.19235341060645,0.560753109075262
24051,0.229941686820342,0.348684212988289,0.11067415538871,0.310699944802659
24052,0.476258203752782,0.233275992464897,0.109658630329232,0.180807173453089
24053,0.376853778790139,0.0436078791998923,0.287209572797518,0.292328769212451
24054,0.248317036505804,0.133139396814933,0.105236766305863,0.5133068003734
24055,0.380862910518471,0.358756405556086,0.0782488249678084,0.182131858957635
24056,0.152910705205899,0.383292175721193,0.16959266235087,0.294204456722038
24057,0.146155199531842,0.109933545981241,0.222274833897928,0.521636420588989
24058,0.0965066720161203,0.317075686410354,0.172932619278239,0.413485022295286
24059,0.412909836810964,0.325577103106166,0.0685346244345131,0.192978435648357
24060,0.340664173212875,0.159096647402095,0.072887502171912,0.427351677213118
24061,0.0922004659837163,0.440026121314069,0.133600730274569,0.334172682427646
24062,0.216278710624597,0.124784657782798,0.364339580114273,0.294597051478332
24063,0.0883720153014988,0.575320340920359,0.208739014230136,0.127568629548006
24064,0.345818793843055,0.183913013369953,0.265484758446306,0.204783434340687
24065,0.090397565734867,0.139756411293034,0.513063439041298,0.256782583930801
24066,0.343696117778734,0.312879050318358,0.0591822923954674,0.28424253950744
24067,0.197184992222132,0.277462356775725,0.147897947248814,0.377454703753329
24068,0.557939369948082,0.165987676041427,0.0992026134458345,0.176870340564656
24069,0.22052645075491,0.149661775215614,0.0930388108958692,0.536772963133607
24070,0.448172101406522,0.108564543187237,0.23921136423095,0.204051991175292
24071,0.0950238164193735,0.0892689068619432,0.171386461670142,0.644320815048542
24072,0.132652529001216,0.237515901012744,0.111555952101589,0.518275617884451
24073,0.311801987729361,0.10617560710402,0.241800832760431,0.340221572406188
24074,0.323342840653659,0.212680839448369,0.135653775795243,0.328322544102729
24075,0.287356511209815,0.0441005908160877,0.418667825183857,0.24987507279024
24076,0.206402674738678,0.302412648858172,0.196620660397653,0.294564016005497
24077,0.392166041833814,0.383904833539633,0.077110779755081,0.146818344871472
24078,0.448943223706586,0.276826658247927,0.0831106280270011,0.191119490018486
24079,0.293708067913571,0.192389922980051,0.057424552989075,0.456477456117302
24080,0.407393530274401,0.0961430413961645,0.0700158562128365,0.426447572116598
24081,0.136327942749506,0.143568373604077,0.27515556851612,0.444948115130297
24082,0.151792313922956,0.418414582747433,0.253205918514453,0.176587184815157
24083,0.329090247722308,0.354009899488931,0.051035958274159,0.265863894514602
24084,0.574238310720736,0.158401411268396,0.0466215399362513,0.220738738074617
24085,0.375625980278391,0.0874805659647329,0.0613344767426392,0.475558977014237
24086,0.253024619201692,0.208008975698152,0.279517894599785,0.259448510500371
24087,0.162406059044141,0.261307817222028,0.2554298226215,0.32085630111233
24088,0.0557423632079296,0.0874449223623716,0.518564328847045,0.338248385582654
24089,0.386526775302758,0.315552279268354,0.0336210836188619,0.264299861810026
24090,0.0929267909078485,0.0825491859530727,0.415014755654709,0.40950926748437
24091,0.155229829478414,0.226130760964177,0.436886148944136,0.181753260613274
24092,0.2893614254376,0.0982540556341338,0.122699188596049,0.489685330332217
24093,0.389258296630401,0.246574914311094,0.127289423567703,0.236877365490802
24094,0.0500375569831072,0.463999989291964,0.282044134412788,0.203918319312141
24095,0.21085581194063,0.100327118805834,0.351636639506778,0.337180429746759
24096,0.21704343356197,0.434073408339304,0.0984291088781934,0.250454049220533
24097,0.0727028174131758,0.159002324061834,0.583228115786116,0.185066742738874
24098,0.544674599290538,0.095906695375348,0.054581662624341,0.304837042709773
24099,0.29989877500409,0.245551369287683,0.229880343893562,0.224669511814664
24100,0.412185998929929,0.294388222180286,0.060067895567135,0.23335788332265
24101,0.148451530175171,0.263240399146189,0.164275950756613,0.424032119922027
24102,0.263533989860316,0.099338804673244,0.433303085312992,0.203824120153448
24103,0.0757383445610413,0.318909350757625,0.367390537771178,0.237961766910155
24104,0.341862968909916,0.112504176192069,0.380029447475997,0.165603407422017
24105,0.519913642810247,0.0645372014069409,0.129836733545081,0.285712422237731
24106,0.0802112483783871,0.547400822276534,0.161259320025725,0.211128609319354
24107,0.180262230410814,0.14002677924864,0.240400249669765,0.439310740670782
24108,0.173455726084799,0.0657799625196807,0.466534530296742,0.294229781098779
24109,0.34508131511181,0.226435926850294,0.196037444953526,0.23244531308437
24110,0.409207805810028,0.168062018880263,0.207044163398278,0.215686011911431
24111,0.13246530898097,0.29907443979429,0.114254435267215,0.454205815957525
24112,0.319040673003558,0.0921348654580575,0.173833995804837,0.414990465733547
24113,0.16071399231396,0.426805334802953,0.255148493554625,0.157332179328462
24114,0.202451372073544,0.135893099903835,0.373975240000016,0.287680288022604
24115,0.09131850765648,0.526478493371758,0.147317853927812,0.23488514504395
24116,0.227437428382633,0.0915384814649689,0.519877956449683,0.161146133702715
24117,0.44284810556398,0.162648145608714,0.157992628013088,0.236511120814217
24118,0.303179093961365,0.176927718119854,0.344287164868153,0.175606023050628
24119,0.232362637363449,0.43604702521461,0.155105919043184,0.176484418378757
24120,0.116661912949744,0.498552044467477,0.143406742463567,0.241379300119212
24121,0.417023678709783,0.161729986701584,0.208769487231736,0.212476847356897
24122,0.0729360777503794,0.279137934479074,0.466556227533629,0.181369760236918
24123,0.130021702131366,0.19697363206031,0.240303356024922,0.432701309783402
24124,0.200463066745583,0.48266311416634,0.110346247706503,0.206527571381573
24125,0.104573453385263,0.0578989475368258,0.640052890522246,0.197474708555665
24126,0.107852112056218,0.438635910054832,0.318467033230226,0.135044944658724
24127,0.332771205275772,0.275506447883898,0.218124432672227,0.173597914168104
24128,0.252812704875472,0.159238241091565,0.100090791851018,0.487858262181944
24129,0.246196770376773,0.216668030667147,0.355059130041217,0.182076068914864
24130,0.348298959805326,0.208372791242051,0.0808734197150117,0.362454829237611
24131,0.128554781626915,0.387835159889938,0.166459355581493,0.317150702901654
24132,0.224002441325002,0.530141335902388,0.0480375659994356,0.197818656773174
24133,0.300104922685236,0.24119603908808,0.26869940465922,0.189999633567464
24134,0.352557566176562,0.248093231105787,0.2579045912682,0.141444611449451
24135,0.187830550965901,0.107523406565725,0.446976406051906,0.257669636416468
24136,0.172306325295194,0.321451036493371,0.254590773046656,0.251651865164778
24137,0.0720200919863686,0.589006635954399,0.0635827190393088,0.275390553019924
24138,0.418456597680825,0.118099034775787,0.0970374137928857,0.366406953750503
24139,0.358681938593394,0.072937793936035,0.344902449910088,0.223477817560483
24140,0.351354019608322,0.305914913826934,0.146805691100941,0.195925375463802
24141,0.117046621654762,0.428461345822356,0.117579610665937,0.336912421856945
24142,0.084315909774699,0.27145149908127,0.369051435789069,0.275181155354962
24143,0.243992898819487,0.207549069301647,0.360031282931986,0.18842674894688
24144,0.218880757711036,0.20172018407252,0.134382460499604,0.44501659771684
24145,0.153653149648142,0.49431368435754,0.154545809955403,0.197487356038915
24146,0.0497131094735084,0.154936779999366,0.484499990867524,0.310850119659602
24147,0.0970867600387676,0.213632320664768,0.41158260176038,0.277698317536084
24148,0.139497214856325,0.436779480039243,0.109669232112247,0.314054072992185
24149,0.0622420419028283,0.151642719775029,0.493994651726118,0.292120586596025
24150,0.396021421304296,0.309010428261451,0.143978427299878,0.150989723134375
24151,0.330154916506001,0.290431221915398,0.195050293331251,0.18436356824735
24152,0.136198049941145,0.467652814667002,0.205940551544998,0.190208583846855
24153,0.120430817893921,0.116547065884335,0.462850451036597,0.300171665185148
24154,0.213856150070125,0.122082512026455,0.478844544800615,0.185216793102805
24155,0.0603820945837826,0.145536513237598,0.577326842958289,0.216754549220331
24156,0.120032668909834,0.305991279671656,0.281002454360317,0.292973597058193
24157,0.132799511473359,0.307270613082583,0.167755443598588,0.39217443184547
24158,0.570956095555346,0.171777736799879,0.114177578352448,0.143088589292327
24159,0.306269327847713,0.2551445407879,0.238642528168199,0.199943603196189
24160,0.32937007847203,0.222202117239414,0.121731439136836,0.326696365151719
24161,0.181778599212383,0.522750261697717,0.169058991316536,0.126412147773364
24162,0.370994896841905,0.250171252229689,0.149738178565121,0.229095672363285
24163,0.233883604792864,0.286513722181689,0.33063569588026,0.148966977145187
24164,0.271568267414075,0.319740350264449,0.265720266251799,0.142971116069677
24165,0.232971300279185,0.270367646971181,0.179375816381167,0.317285236368467
24166,0.100529847839361,0.191549385498376,0.315708102983966,0.392212663678298
24167,0.0807707369797593,0.390521721367246,0.38415502176579,0.144552519887205
24168,0.367545374548251,0.0739344923811202,0.291634188266917,0.266885944803712
24169,0.15760783764578,0.1283379176206,0.42625617211423,0.287798072619391
24170,0.0585097866087107,0.329761477060078,0.437021784573418,0.174706951757794
24171,0.0757213392878895,0.594559910107515,0.151230585458428,0.178488165146167
24172,0.118686515762479,0.0802374727292713,0.440443330459638,0.360632681048612
24173,0.217099779260417,0.351174572092385,0.19723769787263,0.234487950774569
24174,0.206084362121272,0.496040887449554,0.0877042431673241,0.21017050726185
24175,0.352874872520161,0.333270615742072,0.124841966963497,0.18901254477427
24176,0.200734297625423,0.19832599007087,0.299938949014446,0.301000763289261
24177,0.583348790302519,0.146383509172531,0.075888776319466,0.194378924205484
24178,0.238765641099283,0.13973523571439,0.157049302757044,0.464449820429284
24179,0.0641349587275817,0.426543097948499,0.340571481211798,0.168750462112121
24180,0.238952491258508,0.0886719224918754,0.156223531192512,0.516152055057104
24181,0.103336984136969,0.460976977757436,0.155773099257438,0.279912938848157
24182,0.0935696337686466,0.250824981896695,0.473077395188006,0.182527989146653
24183,0.300830300671826,0.357230072844047,0.103194658889281,0.238744967594845
24184,0.275174704968443,0.464165276991352,0.159974536246405,0.1006854817938
24185,0.175131440951149,0.434965866562482,0.18176137266769,0.208141319818679
24186,0.0855417159863522,0.37612628676192,0.281718207077187,0.25661379017454
24187,0.442677082201408,0.143713318800553,0.140025069855458,0.273584529142581
24188,0.0772263965354627,0.315435579883224,0.416509488114604,0.190828535466709
24189,0.171747657846027,0.270435684857646,0.127316519972461,0.430500137323865
24190,0.111974220912677,0.247125430226313,0.34311412517254,0.29778622368847
24191,0.132253976946546,0.205100910130762,0.439512636691805,0.223132476230887
24192,0.553470769148087,0.124324493395465,0.117172712243151,0.205032025213296
24193,0.147145868170284,0.148702247434149,0.420705503227843,0.283446381167724
24194,0.164626369649691,0.304276774229022,0.0949936393018095,0.436103216819477
24195,0.407737715598731,0.110480116328546,0.177516837597336,0.304265330475387
24196,0.622291752995998,0.052841655628824,0.122932179322983,0.201934412052195
24197,0.104880720121721,0.229975170169972,0.164871487186429,0.500272622521878
24198,0.537672706262172,0.121677541742691,0.0507245882500483,0.289925163745089
24199,0.223130915320772,0.413107791789862,0.135711841967978,0.228049450921388
24200,0.189941037015043,0.176107151430461,0.244293082509235,0.389658729045261
24201,0.432416184340413,0.26880913012382,0.16918797270745,0.129586712828317
24202,0.0830698233206033,0.0663818504842218,0.638359513853919,0.212188812341256
24203,0.386729972345241,0.25488810279965,0.22101263478674,0.137369290068369
24204,0.0636365336631359,0.611960602516359,0.143918209691276,0.180484654129229
24205,0.274613441631811,0.371758612850488,0.11509078418929,0.238537161328411
24206,0.140443910251468,0.132307067202725,0.497618702796444,0.229630319749363
24207,0.431480359341496,0.0983763909502103,0.137282627446082,0.332860622262211
24208,0.393951342169636,0.340363794782615,0.0591844174248841,0.206500445622865
24209,0.103734030893115,0.272375356257482,0.394300704276768,0.229589908572636
24210,0.286216535641836,0.077106200298332,0.35685754292904,0.279819721130792
24211,0.077160451255476,0.0883397077226341,0.377990751832876,0.456509089189014
24212,0.245756881698892,0.0588340756136325,0.133621911579301,0.561787131108174
24213,0.0558435470451422,0.133755614765569,0.571095752428134,0.239305085761154
24214,0.114564676076396,0.0620503924354607,0.342253600661572,0.481131330826571
24215,0.132002207961482,0.163385250938196,0.505372302572087,0.199240238528235
24216,0.185156240620949,0.194065792448481,0.282556565006136,0.338221401924435
24217,0.103769756510458,0.474723402151158,0.0577690638634384,0.363737777474946
24218,0.207370915624776,0.0643606197237323,0.25360664653508,0.474661818116411
24219,0.317228453431707,0.134032972396796,0.379155060381643,0.169583513789854
24220,0.246968435601891,0.224926738808532,0.150833698349206,0.377271127240371
24221,0.210286886847935,0.344700024109759,0.195202808160269,0.249810280882038
24222,0.514489357507446,0.159962108975434,0.139010749145207,0.186537784371913
24223,0.438671309578356,0.171975056828852,0.0432022927694919,0.3461513408233
24224,0.0889575402121924,0.0471812709851966,0.461985663565797,0.401875525236814
24225,0.361204035890692,0.297634033578295,0.147728111323203,0.19343381920781
24226,0.125310560400449,0.107700989832996,0.357978228362054,0.409010221404501
24227,0.241466115059135,0.213978238604454,0.365405778388547,0.179149867947864
24228,0.148030529495987,0.311901845367539,0.125992303686132,0.414075321450342
24229,0.203886053726659,0.444571011788585,0.15865260677761,0.192890327707146
24230,0.151197309047736,0.335884088936507,0.147546920590254,0.365371681425503
24231,0.320310082162343,0.221352556959577,0.240529687722798,0.217807673155281
24232,0.0982323711945232,0.394283376037415,0.103359865040673,0.404124387727389
24233,0.232208738360863,0.208187009828881,0.132303057681792,0.427301194128464
24234,0.191003292914017,0.362817916016572,0.283075074424855,0.163103716644556
24235,0.450546902629805,0.211769341577048,0.105457448826252,0.232226306966895
24236,0.151779418376765,0.29257136813998,0.406350589720005,0.14929862376325
24237,0.374973235709563,0.109860354680652,0.212664588779346,0.30250182083044
24238,0.100397695001059,0.273210525435559,0.293229096643452,0.33316268291993
24239,0.323216570288881,0.296014513404364,0.189943070759916,0.190825845546839
24240,0.158017807165426,0.355228532131196,0.127021948795965,0.359731711907413
24241,0.174287023757218,0.182967559301168,0.272128225812213,0.370617191129401
24242,0.413837778288631,0.167497507859702,0.211185333963611,0.207479379888056
24243,0.100306457445941,0.404542701509995,0.200132246102992,0.295018594941073
24244,0.435193943787443,0.129335794149621,0.180361655077281,0.255108606985655
24245,0.079425979878491,0.36129969988402,0.314223054686733,0.245051265550756
24246,0.190014831146299,0.341955220991032,0.304515275635378,0.163514672227292
24247,0.307713995952877,0.0578515448139963,0.469273033786043,0.165161425447084
24248,0.348084609291926,0.13488827069178,0.199317699930862,0.317709420085433
24249,0.290957991559004,0.390032407695166,0.0731394775988292,0.245870123147
24250,0.178150310094683,0.38826911540109,0.169475953961656,0.264104620542571
24251,0.105954704550331,0.420108455791675,0.138765606575075,0.335171233082918
24252,0.241307142266649,0.324913927800692,0.167629994734085,0.266148935198574
24253,0.0800412982299747,0.118263415225155,0.601140802785282,0.200554483759588
24254,0.246688798478733,0.172002346739426,0.377752410546563,0.203556444235278
24255,0.0964475892316064,0.253010730621803,0.373198329989432,0.277343350157158
24256,0.163163188660057,0.379433157136485,0.186445661553029,0.27095799265043
24257,0.308864740869623,0.217018339690453,0.290929263734553,0.183187655705372
24258,0.34559137629499,0.12619840952893,0.130717437407076,0.397492776769004
24259,0.28936104161889,0.235222523747055,0.202868534791144,0.272547899842911
24260,0.206658634523946,0.415793212900989,0.232261787182728,0.145286365392336
24261,0.192645358066099,0.092415345159246,0.323973363243024,0.390965933531631
24262,0.460669777804153,0.101868001174791,0.275934189640406,0.161528031380651
24263,0.396944252347293,0.207315076440111,0.162744736436393,0.232995934776202
24264,0.385693213936387,0.24187802514888,0.289964978811484,0.0824637821032494
24265,0.249393178792349,0.232693230140762,0.440410175111473,0.0775034159554157
24266,0.37125315683209,0.340337300415527,0.23147376762122,0.056935775131163
24267,0.306972122683172,0.268193055943503,0.331190235579761,0.0936445857935631
24268,0.348308513055466,0.21269145189993,0.350729909834435,0.0882701252101687
24269,0.356492959955443,0.358948728964199,0.221551422769244,0.0630068883111145
24270,0.287215617542449,0.277830645503344,0.336961634758896,0.0979921021953107
24271,0.32469069161072,0.242305004774703,0.345818383421897,0.0871859201926804
24272,0.343229260991072,0.330256876122244,0.2685521958303,0.0579616670563843
24273,0.255939581778729,0.361520502525089,0.283762808174687,0.0987771075214951
24274,0.231967974922283,0.350059872323056,0.359855696302121,0.0581164564525406
24275,0.353075577322042,0.263515026791674,0.277430533879101,0.105978862007183
24276,0.232209196227752,0.329459607761815,0.335368178779854,0.102963017230579
24277,0.309713115000621,0.278670373426017,0.316014144938975,0.0956023666343865
24278,0.259040793080423,0.28593231933409,0.35483881764114,0.100188069944347
24279,0.354427272376313,0.241110987895051,0.303064491035694,0.101397248692941
24280,0.39798139684707,0.357136524948156,0.195811494850559,0.0490705833542151
24281,0.20026779254444,0.313644457559288,0.414981759977129,0.0711059899191421
24282,0.382873334053937,0.26014134485271,0.282770157316864,0.0742151637764886
24283,0.157365471281272,0.326757953578056,0.0964750946624891,0.419401480478183
24284,0.207994388575491,0.0514342319699778,0.538216600080178,0.202354779374353
24285,0.0290987918990969,0.423670625560528,0.119860637302091,0.427369945238284
24286,0.0531861791154232,0.0518265240451036,0.615847846608727,0.279139450230746
24287,0.0565292847459718,0.49947717939875,0.0400076256094215,0.403985910245857
24288,0.0368970723051934,0.614894917526714,0.0663322371022694,0.281875773065823
24289,0.0294406362664807,0.427671277385624,0.17326846860009,0.369619617747806
24290,0.156282735085233,0.271939606923348,0.109634776113476,0.462142881877942
24291,0.276250213149045,0.0546866435366219,0.379667691706373,0.28939545160796
24292,0.0657348504234057,0.0993136566582945,0.339919150589623,0.495032342328677
24293,0.358393561852416,0.296621642520754,0.211929706288962,0.133055089337868
24294,0.237526281280464,0.295168011394328,0.0527604834763465,0.414545223848861
24295,0.145161370133061,0.276715585474288,0.19523338853558,0.382889655857071
24296,0.288164834343051,0.3542282911811,0.0390679437410268,0.318538930734822
24297,0.23209193124588,0.0846160272706321,0.10401244837646,0.579279593107028
24298,0.281020761697783,0.368289396846289,0.14340303158223,0.207286809873698
24299,0.326967458290967,0.114790773318863,0.0735419501163271,0.484699818273843
24300,0.20143672443496,0.253692596701989,0.10933694659626,0.435533732266792
24301,0.148767418515056,0.0974862702054754,0.175411864154987,0.578334447124482
24302,0.544541914133625,0.138039007050463,0.14066567831479,0.176753400501122
24303,0.27014481202654,0.143440933458886,0.0789097944836533,0.50750446003092
24304,0.055463654007713,0.0548504772673615,0.142007388988235,0.747678479736691
24305,0.10927614305113,0.550834330984671,0.0253771525343637,0.314512373429835
24306,0.182025220595961,0.0695709565629566,0.150707160040508,0.597696662800574
24307,0.565094378867063,0.0918996268207244,0.0555471036536253,0.287458890658588
24308,0.409480603943074,0.0314009289352221,0.176955248762797,0.382163218358907
24309,0.032755629054287,0.168426030761553,0.316460702341334,0.482357637842826
24310,0.0637688289593422,0.426798232310444,0.287370358499685,0.222062580230529
24311,0.102758231303494,0.226943789479485,0.206492600682752,0.463805378534269
24312,0.2313406072608,0.174292566570546,0.103730073937711,0.490636752230943
24313,0.425569679757665,0.0957291188046551,0.0293054112849012,0.449395790152778
24314,0.0278704338097006,0.561288507419663,0.0167294240537673,0.394111634716869
24315,0.2144026457516,0.481243829127656,0.124435255993399,0.179918269127346
24316,0.408379927082885,0.0590576537935635,0.062423187225463,0.470139231898088
24317,0.245316322925127,0.414852935838189,0.0994839867983818,0.240346754438302
24318,0.13015972061289,0.0961705856296275,0.361574338894984,0.412095354862498
24319,0.417181416621833,0.0596085649299088,0.314463425340736,0.208746593107522
24320,0.0497378923403699,0.111157174844031,0.323049027400751,0.516055905414847
24321,0.514487197017708,0.10166442246739,0.0591317777834636,0.324716602731438
24322,0.357353442360123,0.344522878184351,0.141843219541704,0.156280459913822
24323,0.0925212988016507,0.0897226446679419,0.583035838105323,0.234720218425085
24324,0.215908362872736,0.124653125952585,0.421577357302852,0.237861153871827
24325,0.338586769686573,0.268475108066686,0.111228558530731,0.28170956371601
24326,0.198706116555163,0.165855603977534,0.261462104513435,0.373976174953868
24327,0.248894283282621,0.344561185463285,0.179322875197917,0.227221656056178
24328,0.120601792922015,0.0727697605391395,0.513962104200378,0.292666342338467
24329,0.314940759543739,0.417647214461304,0.0696551178701754,0.197756908124782
24330,0.579382279347988,0.0968143244334588,0.17474613905675,0.149057257161804
24331,0.124629932565253,0.160991566971803,0.300510853051827,0.413867647411118
24332,0.412768497972754,0.177972877056717,0.245705315941847,0.163553309028682
24333,0.446799969432909,0.195721079779035,0.135553219464298,0.221925731323757
24334,0.309576803909224,0.189027127108613,0.265837536113762,0.235558532868401
24335,0.127968350710587,0.3608288028416,0.111518523457109,0.399684322990705
24336,0.138029183868358,0.301631678861924,0.222778164874201,0.337560972395516
24337,0.51167588501768,0.0740561199668321,0.237963874703792,0.176304120311696
24338,0.521904003941802,0.0555242399140766,0.175844216175428,0.246727539968693
24339,0.414438920953285,0.396182624086574,0.0371575698875682,0.152220885072573
24340,0.281271788334721,0.333920224318278,0.0542227443308595,0.330585243016141
24341,0.428010692275844,0.0447294865049838,0.236209542413245,0.291050278805927
24342,0.517529631884305,0.164040293368618,0.0745529648164989,0.243877109930578
24343,0.0994230226397547,0.414576712605795,0.10296777198209,0.38303249277236
24344,0.0619442629655385,0.113478392454566,0.440076231918607,0.384501112661288
24345,0.078462315746799,0.0466735181526918,0.5843218050941,0.290542361006409
24346,0.143587456275175,0.0695773165766831,0.475498097734067,0.311337129414075
24347,0.117235712625314,0.411462906368047,0.191493909506889,0.279807471499751
24348,0.671173199717934,0.0341906292155478,0.125385352197728,0.169250818868791
24349,0.440142531582685,0.16960511842611,0.0893688394770682,0.300883510514136
24350,0.0472866133025296,0.108718515753474,0.595688404230518,0.248306466713478
24351,0.346702815849414,0.125234701159121,0.0916380023809748,0.43642448061049
24352,0.0437624815835651,0.454467850679182,0.201311357414462,0.300458310322791
24353,0.253459546141991,0.118711843670446,0.299316851721879,0.328511758465684
24354,0.140749714163273,0.331106780383886,0.188995773308601,0.339147732144241
24355,0.300134586809532,0.0870525886230865,0.347259705260118,0.265553119307263
24356,0.12998035964311,0.123042898049819,0.0774886327318902,0.66948810957518
24357,0.375839179932349,0.332547376542658,0.0414782622239107,0.250135181301082
24358,0.571243396456781,0.0821408835730338,0.0512903485929424,0.295325371377242
24359,0.0759809734308876,0.66412938122069,0.0247623806772467,0.235127264671175
24360,0.0441608416894172,0.154028397998888,0.305829889957804,0.495980870353891
24361,0.210180165204598,0.2055869486848,0.0588910852102358,0.525341800900367
24362,0.34274404137711,0.0133252227967769,0.360801157342563,0.28312957848355
24363,0.0370388058062547,0.0531935301026232,0.595525997525511,0.314241666565611
24364,0.0230833559675035,0.461737159261881,0.186738668223536,0.32844081654708
24365,0.19840099865044,0.0540091432615422,0.231974467859563,0.515615390228454
24366,0.0316680993802398,0.186882404564884,0.279805221030272,0.501644275024605
24367,0.130544843674179,0.0793198632666238,0.0627514961410631,0.727383796918134
24368,0.0500012313312807,0.249305085764479,0.40656810713979,0.29412557576445
24369,0.368767413505722,0.291519649541716,0.0966092355087632,0.243103701443799
24370,0.0369401626300719,0.484483089203488,0.302040543420133,0.176536204746307
24371,0.337313039343436,0.20488936520147,0.263792785162965,0.194004810292128
24372,0.0385226599666368,0.0387195027706247,0.244367204490063,0.678390632772675
24373,0.319675698803182,0.404597726001855,0.168619042695186,0.107107532499778
24374,0.177614120580909,0.0865438223461779,0.424037954543682,0.311804102529231
24375,0.123969200226238,0.0280181769212497,0.30225362647395,0.545758996378562
24376,0.162272062784075,0.102755326447615,0.500671174724915,0.234301436043395
24377,0.0737038083452338,0.421020533870218,0.297648265243175,0.207627392541373
24378,0.073968115057939,0.398687692267449,0.0522211639900066,0.475123028684605
24379,0.0455663043647008,0.443837396679798,0.215736437063118,0.294859861892383
24380,0.0528959987848729,0.317563768594892,0.0590927921870637,0.570447440433172
24381,0.116622804555394,0.135509112758199,0.149572701313821,0.598295381372586
24382,0.469052532232126,0.060401520064698,0.346073125362362,0.124472822340814
24383,0.0507518929377955,0.0359788354403231,0.625218698921027,0.288050572700855
24384,0.124327479925894,0.0903098767479092,0.547972916732735,0.237389726593462
24385,0.537552860689458,0.0304224947857148,0.119947439489649,0.312077205035178
24386,0.0247070342083878,0.0737891377899094,0.425152117243155,0.476351710758548
24387,0.406700592692889,0.0425970884410875,0.117550286124694,0.433152032741329
24388,0.257046549022444,0.0711586653213988,0.189847856680818,0.481946928975339
24389,0.253803915135548,0.0882647840526188,0.382358592629683,0.27557270818215
24390,0.372427015311348,0.0511576155841509,0.438511095714174,0.137904273390327
24391,0.0922983258829856,0.151784612461007,0.0671713628988414,0.688745698757166
24392,0.0231822428423611,0.145985248582454,0.42040662411712,0.410425884458065
24393,0.0225247158274492,0.037343579930102,0.618708514248916,0.321423189993533
24394,0.0686113562852435,0.528712408589408,0.123103553485211,0.279572681640137
24395,0.291203765873612,0.174258538859591,0.405283804539474,0.129253890727322
24396,0.438524412459152,0.282043728617315,0.0322998333096013,0.247132025613932
24397,0.0937449160599521,0.165292689614147,0.355298559200155,0.385663835125745
24398,0.288096719519512,0.314178205540237,0.166180374882541,0.231544700057709
24399,0.116837379735689,0.184928902832017,0.149001123754313,0.549232593677981
24400,0.0679345368329061,0.113591728499407,0.598626378378345,0.219847356289342
24401,0.240359423276064,0.149911553078366,0.21857385494124,0.391155168704331
24402,0.129528886497824,0.0965734476143961,0.505887903027075,0.268009762860704
24403,0.115449007808527,0.281210944415055,0.372049427204925,0.231290620571494
24404,0.091326782689341,0.214073030243695,0.431120543762857,0.263479643304107
24405,0.186447839195766,0.354410152563736,0.324341745369461,0.134800262871037
24406,0.457842390646382,0.304844045797339,0.081167308118455,0.156146255437824
24407,0.0477684310373239,0.483596582899504,0.293771074835208,0.174863911227965
24408,0.280428185916745,0.222045413483306,0.154828447095835,0.342697953504113
24409,0.285693369245257,0.157153382932666,0.106894064119151,0.450259183702925
24410,0.146572160948137,0.34814461740284,0.210126715718232,0.295156505930791
24411,0.135458050673836,0.430644599869477,0.250324186307067,0.183573163149619
24412,0.401249036314382,0.308858899696785,0.0531812098589128,0.236710854129921
24413,0.455438842297757,0.0604645393475663,0.266756800261216,0.21733981809346
24414,0.171578680924893,0.474206517895916,0.0838347082978877,0.270380092881303
24415,0.307771601356787,0.111715021690048,0.365001272578289,0.215512104374876
24416,0.531110122799038,0.0693673919963515,0.191435037617597,0.208087447587014
24417,0.258744091240181,0.125672484359692,0.221662516797994,0.393920907602133
24418,0.146431107079572,0.160483861280883,0.148587095430353,0.544497936209192
24419,0.285474313244535,0.221244495837756,0.349996846225742,0.143284344691967
24420,0.09730124436313,0.386728696354512,0.18598798919913,0.329982070083228
24421,0.284892825045211,0.163534390477627,0.11309531510145,0.438477469375712
24422,0.518081278112699,0.154723656444694,0.0479136729074758,0.279281392535131
24423,0.140493217211085,0.38073627736972,0.115275116141936,0.363495389277259
24424,0.174692823768306,0.363515875437999,0.232483484865485,0.229307815928211
24425,0.209559357846627,0.0916172823448579,0.193567246775812,0.505256113032703
24426,0.40619673995575,0.285413618310381,0.0535700166096637,0.254819625124205
24427,0.150855359177182,0.183415444820194,0.344155215610287,0.321573980392337
24428,0.28472840930117,0.455860747953042,0.0272407091421458,0.232170133603642
24429,0.148525204160151,0.571572311654411,0.0553161760255336,0.224586308159904
24430,0.155660901247652,0.135248014489641,0.135706444029849,0.573384640232857
24431,0.201354573340767,0.461267042877542,0.149854415610518,0.187523968171172
24432,0.0685758878559247,0.285626134615689,0.333712271781012,0.312085705747374
24433,0.136555002857627,0.186861988044132,0.1600162678876,0.516566741210641
24434,0.286863501107799,0.220585487995717,0.342864118297579,0.149686892598905
24435,0.25694495932793,0.220857161858836,0.294633539339656,0.227564339473579
24436,0.185358091612471,0.064813350319682,0.243947676429463,0.505880881638384
24437,0.250434349288821,0.147531554864706,0.0469480430753678,0.555086052771105
24438,0.376183946811457,0.194242285875772,0.201634873748606,0.227938893564165
24439,0.210897922164197,0.0323735157872557,0.471491511517699,0.285237050530849
24440,0.0386307196956512,0.594121770435259,0.0378004775913217,0.329447032277768
24441,0.485546446417049,0.053288583645047,0.0290621951110393,0.432102774826865
24442,0.518994616147703,0.0790018339658394,0.0909419081598323,0.311061641726626
24443,0.439830287431481,0.124509028551849,0.284488410810967,0.151172273205703
24444,0.0756928991663883,0.168962784473299,0.438747719614235,0.316596596746078
24445,0.217535105398995,0.188032034357473,0.22526917949297,0.369163680750562
24446,0.196806259027506,0.0712509608860679,0.07263027207553,0.659312508010896
24447,0.203814439104368,0.489830835556968,0.0406979636065433,0.265656761732121
24448,0.24461233930199,0.291637344925667,0.0835323800710878,0.380217935701255
24449,0.274680279067938,0.0328432807203119,0.260124389555086,0.432352050656664
24450,0.0787983891977424,0.0652004775939547,0.158220588642393,0.69778054456591
24451,0.0326683885024432,0.0634767291073789,0.337209015644364,0.566645866745814
24452,0.106263194719223,0.0644491142508628,0.260286776290545,0.56900091473937
24453,0.320528889871098,0.0635393152846239,0.35517482169615,0.260756973148128
24454,0.299041161935521,0.298394222367494,0.145005858455213,0.257558757241772
24455,0.211752053769051,0.0341493189402456,0.422021762049207,0.332076865241496
24456,0.147443162421766,0.0985663624260038,0.360943793952739,0.393046681199491
24457,0.324737224212987,0.0353703111385897,0.15142635553214,0.488466109116283
24458,0.0480519292159656,0.216261040940427,0.110246756557735,0.625440273285873
24459,0.137381385962389,0.149619623636397,0.475103565952536,0.237895424448677
24460,0.047925086790999,0.205196228665861,0.147145207556402,0.599733476986738
24461,0.0411969715596349,0.0390020183301269,0.433803591068068,0.48599741904217
24462,0.148602353279072,0.249365791866845,0.0661343351056936,0.535897519748389
24463,0.390670017344659,0.358183361150398,0.11558681098965,0.135559810515293
24464,0.189496364984515,0.246301363442172,0.197140694142257,0.367061577431056
24465,0.0848586289017972,0.592469315224103,0.0265456133391634,0.296126442534937
24466,0.46342487935322,0.245024586610464,0.0760544074618963,0.21549612657442
24467,0.135181639078346,0.336367557034339,0.0457812235129055,0.482669580374409
24468,0.0179487272389019,0.435871186932181,0.303590867081262,0.242589218747655
24469,0.0606199396090808,0.307000603411263,0.119475681177152,0.512903775802504
24470,0.104719108338367,0.229027885461483,0.0606847436618626,0.605568262538287
24471,0.25255324718385,0.458061334531232,0.0674691735127909,0.221916244772127
24472,0.522787740768893,0.0514417983498697,0.234050493851833,0.191719967029404
24473,0.161592126438664,0.105004294125028,0.243673501628622,0.489730077807686
24474,0.514323904165594,0.141648997290165,0.044687221837488,0.299339876706753
24475,0.0614222480465414,0.387049834338668,0.228570023784295,0.322957893830496
24476,0.309419648628339,0.339822893231664,0.106910295481683,0.243847162658314
24477,0.0365134087806747,0.48869680713835,0.212783229748607,0.262006554332368
24478,0.204437598422017,0.172991171839025,0.401977675968699,0.22059355377026
24479,0.151124657527018,0.047666897003681,0.390409026148898,0.410799419320403
24480,0.430910120664021,0.139246575349322,0.106715526010886,0.323127777975772
24481,0.383889628007197,0.225763056021193,0.19836922149817,0.19197809447344
24482,0.43649465028193,0.0871674539704451,0.0867319344539851,0.38960596129364
24483,0.537125612283505,0.0359031242138364,0.0861866719038379,0.34078459159882
24484,0.0824349065747618,0.168650860269812,0.529928639592361,0.218985593563065
24485,0.47608456925352,0.0943339601952048,0.206581770948247,0.222999699603028
24486,0.226794953294751,0.285434366882305,0.27949312156812,0.208277558254824
24487,0.0750632056054523,0.0873318494592442,0.640531100475692,0.197073844459612
24488,0.223189831102543,0.529526247253566,0.0527300288297228,0.194553892814169
24489,0.171888380007384,0.270744093079097,0.307501243280351,0.249866283633167
24490,0.07760089973606,0.237177590366432,0.498865522178677,0.186355987718831
24491,0.126851306045966,0.091497304794128,0.16892886227865,0.612722526881257
24492,0.138970971521361,0.0758273337781702,0.537941288553274,0.247260406147194
24493,0.0723407380064799,0.178484757593714,0.463463238390606,0.285711266009201
24494,0.0424027742413811,0.410783404283893,0.337918943414035,0.208894878060691
24495,0.118219030815977,0.525721715353145,0.123715422332833,0.232343831498045
24496,0.169621981437298,0.137819983896208,0.393500470007298,0.299057564659196
24497,0.284692529715889,0.0692418023910763,0.489205358512214,0.156860309380821
24498,0.374973148661894,0.205417061438522,0.299229141055542,0.120380648844043
24499,0.387649381243321,0.100988452953825,0.343232408563168,0.168129757239686
24500,0.0735835108988184,0.457854015587818,0.0872303229437958,0.381332150569568
24501,0.261864732618783,0.432329778333671,0.0890200449203303,0.216785444127216
24502,0.358251541344333,0.187579154591901,0.0897653868506285,0.364403917213137
24503,0.11307375446101,0.216056879309967,0.152337283346416,0.518532082882607
24504,0.100849557492644,0.46047908550022,0.126817641589441,0.311853715417695
24505,0.180906348562811,0.348302174688092,0.135468541749921,0.335322934999176
24506,0.185222281772928,0.0692818477407466,0.505482497365782,0.240013373120543
24507,0.12216291079729,0.217191101495356,0.266360590220285,0.394285397487069
24508,0.420297595160822,0.119811740854306,0.187279835816063,0.27261082816881
24509,0.27777897656647,0.0731126640547619,0.351382099770308,0.29772625960846
24510,0.103426664969315,0.18746802257227,0.484262870469014,0.224842441989402
24511,0.284213303548609,0.400007102487101,0.0571855599580873,0.258594034006203
24512,0.341854007979637,0.0983700717762134,0.163215315451856,0.396560604792293
24513,0.523866387422117,0.0493038721402687,0.136162730839584,0.29066700959803
24514,0.371153070439085,0.304830626991174,0.0615061401761557,0.262510162393585
24515,0.263187637913102,0.135593133203021,0.165642210554159,0.435577018329718
24516,0.161547001359916,0.0990547055051761,0.118057002544232,0.621341290590675
24517,0.369372364292324,0.159247358630797,0.223291504453655,0.248088772623224
24518,0.0723804330804351,0.104853441912967,0.130809922050792,0.691956202955806
24519,0.0822437483776226,0.11315855216742,0.555003709748863,0.249593989706095
24520,0.027400602034609,0.301636893472698,0.187978762899268,0.482983741593426
24521,0.0741798851337047,0.328915340664861,0.0557947572218137,0.54111001697962
24522,0.0141656178054546,0.0873860925374922,0.507524180542365,0.390924109114688
24523,0.0662338289601715,0.179957244651234,0.38283561042568,0.370973315962914
24524,0.080334353069828,0.169403232552667,0.362218958447945,0.388043455929561
24525,0.0776802671719326,0.0905434218646,0.0511919246151427,0.780584386348325
24526,0.415192008422264,0.0514372309838822,0.232287541440296,0.301083219153557
24527,0.187613119734747,0.026096644539053,0.451671819645767,0.334618416080433
24528,0.346505857688635,0.254506596126786,0.0548882365357271,0.344099309648852
24529,0.139212411294138,0.0715742508228294,0.193436207658686,0.595777130224346
24530,0.288839011484087,0.227382765546894,0.235489605877378,0.24828861709164
24531,0.10967028182023,0.327030407602225,0.360873899657475,0.20242541092007
24532,0.217449123616287,0.221922652221521,0.323133408545069,0.237494815617123
24533,0.257571423400869,0.291895845082532,0.138158726531413,0.312374004985186
24534,0.114020737563562,0.487284854238952,0.0860271634714805,0.312667244726006
24535,0.564782172435796,0.089683748784091,0.0873716660656478,0.258162412714465
24536,0.178505232526276,0.179687535242884,0.389251036479636,0.252556195751203
24537,0.195724730635248,0.22419557734936,0.145819631181383,0.434260060834008
24538,0.369025694663797,0.376434298678421,0.0473209658386664,0.207219040819115
24539,0.426711144092836,0.121737527334846,0.18079859542929,0.270752733143028
24540,0.414988258975881,0.133622146502297,0.266464064102013,0.184925530419809
24541,0.457753529000694,0.0758846895359039,0.333060437226026,0.133301344237377
24542,0.166392623434125,0.32646089163943,0.11014127867303,0.397005206253415
24543,0.0368063219733625,0.19671610736049,0.602592025929958,0.163885544736189
24544,0.180962225294277,0.495184242817378,0.22315592392107,0.100697607967275
24545,0.302270474545719,0.151141601678874,0.328059969318783,0.218527954456624
24546,0.108762120345934,0.457956110779,0.106496052485342,0.326785716389725
24547,0.38258811460072,0.316190641557515,0.0420471828975103,0.259174060944255
24548,0.164994596834076,0.309758780224738,0.283817068819098,0.241429554122088
24549,0.511408010232029,0.249323132020978,0.0586881587572964,0.180580698989696
24550,0.139569959146045,0.340850504374187,0.305841492288644,0.213738044191125
24551,0.0609315176344461,0.473185420098916,0.0891790369008575,0.37670402536578
24552,0.0844740267310419,0.392438023355144,0.106183072824513,0.416904877089301
24553,0.436598422865817,0.12179493453778,0.20803984636285,0.233566796233554
24554,0.241691843212945,0.137738468578422,0.249792685465512,0.370777002743121
24555,0.208663194880685,0.546562941002868,0.0515990367530601,0.193174827363387
24556,0.484970366133631,0.160792978936262,0.0452992159904571,0.30893743893965
24557,0.148900589499131,0.203681927096893,0.378225533689862,0.269191949714114
24558,0.0639915081564965,0.534568142173682,0.0725865937694099,0.328853755900412
24559,0.0815496314957464,0.440086910452753,0.134226797429717,0.344136660621784
24560,0.102062248431689,0.308630958986174,0.156846581426197,0.432460211155941
24561,0.319367517225298,0.15568508694704,0.213690031405329,0.311257364422334
24562,0.447674050167639,0.26713328334789,0.102139196957093,0.183053469527378
24563,0.0678628889073579,0.425972940622527,0.0823370630956381,0.423827107374477
24564,0.100366332851607,0.376999065800771,0.0735953399363324,0.44903926141129
24565,0.0892520884749525,0.322672668460167,0.291412851894284,0.296662391170597
24566,0.10337522836293,0.735856313265137,0.0438162282610659,0.116952230110867
24567,0.160884642232909,0.18594421014718,0.401266694049155,0.251904453570756
24568,0.446404109118813,0.235044484492745,0.0963545966462345,0.222196809742208
24569,0.103153657355972,0.160473659210986,0.353525282220841,0.382847401212201
24570,0.0404723685361257,0.490016259308651,0.108653368372719,0.360858003782504
24571,0.030552721834081,0.108037866522601,0.444716893959702,0.416692517683616
24572,0.292224670669002,0.117307596137999,0.302685294076889,0.287782439116109
24573,0.140413128843655,0.139576434854164,0.404209878502949,0.315800557799232
24574,0.110143410240056,0.222734962729884,0.438590529128252,0.228531097901808
24575,0.282357916628312,0.0837453241093341,0.125003807230494,0.50889295203186
24576,0.034401614823185,0.202933134215993,0.537543590343456,0.225121660617366
24577,0.069829148053768,0.0767051750323618,0.431820839746394,0.421644837167476
24578,0.300023459941547,0.072049991113511,0.206084166294662,0.421842382650281
24579,0.394949535142617,0.214510201709241,0.0879258268031449,0.302614436344998
24580,0.141637378696888,0.0781841034337776,0.491248061328492,0.288930456540842
24581,0.286557552536814,0.0235873160764849,0.514604778594612,0.175250352792089
24582,0.0595444697359455,0.264945826330078,0.466890694097059,0.208619009836918
24583,0.0676047375786533,0.104646683341907,0.461837861616737,0.365910717462703
24584,0.0302235061928673,0.0393384677647626,0.686147622996798,0.244290403045572
24585,0.0947789046984792,0.159131394931704,0.0565086213385385,0.689581079031279
24586,0.0876691940213966,0.12507718752585,0.475865479765636,0.311388138687118
24587,0.323248615445061,0.241327876752198,0.163988677551401,0.27143483025134
24588,0.2900710053094,0.0787142469925004,0.42262274284472,0.20859200485338
24589,0.23346663847756,0.301372596205879,0.222401985325028,0.242758779991534
24590,0.397459489210764,0.365210801935859,0.114276014749182,0.123053694104195
24591,0.439383496981752,0.270931954723615,0.134999354792781,0.154685193501853
24592,0.320911519583451,0.22395182322679,0.0917453707877883,0.363391286401971
24593,0.394138977353239,0.144901563512787,0.119772557001819,0.341186902132155
24594,0.179595108938993,0.189133476069503,0.299763932231653,0.331507482759851
24595,0.18633241405932,0.398688801496477,0.257041903550641,0.157936880893562
24596,0.37665656000507,0.335071412671037,0.0801716925126485,0.208100334811244
24597,0.552897652466525,0.173108076738434,0.0745009834235317,0.199493287371509
24598,0.403740904286504,0.121135132037042,0.10270030909879,0.372423654577663
24599,0.290959888633659,0.239195176322712,0.265810054892123,0.204034880151506
24600,0.190659441810021,0.27027307909985,0.281465286317847,0.257602192772282
24601,0.0929600016534807,0.136880786342647,0.489088808771864,0.281070403232008
24602,0.388995581030904,0.338329024689744,0.0527104529865361,0.219964941292816
24603,0.146709098760366,0.130325351346597,0.420590723973504,0.302374825919533
24604,0.178453980409863,0.244010127610899,0.415346716720259,0.16218917525898
24605,0.315491936998041,0.147032171209228,0.17234580796895,0.365130083823781
24606,0.0468574177212733,0.166326434217847,0.537287972962055,0.249528175098825
24607,0.567866700447221,0.192999671397404,0.0446960444287255,0.19443758372665
24608,0.0803036231953377,0.387021742391111,0.0305855260468185,0.502089108366733
24609,0.360217046247584,0.116864406504506,0.29933353184411,0.223585015403801
24610,0.0629195950758791,0.0811393034271472,0.0985992782514524,0.757341823245521
24611,0.0856109415141571,0.15154271707341,0.145198795825045,0.617647545587388
24612,0.0998229529889472,0.524077854279967,0.0266218489288178,0.349477343802268
24613,0.0229830823292563,0.272268309750776,0.51452674059308,0.190221867326887
24614,0.015196575084795,0.0160135193298988,0.654623552473669,0.314166353111637
24615,0.260065022924377,0.12825081063936,0.0494712412183725,0.56221292521789
24616,0.146134048524937,0.0353892376151904,0.471794697725163,0.346682016134709
24617,0.197539226808939,0.195072431496622,0.454780430180284,0.152607911514154
24618,0.307729568072211,0.0337073189962701,0.444485589653127,0.214077523278392
24619,0.0280012057400121,0.477668442054832,0.356163831259608,0.138166520945548
24620,0.142497373915542,0.0645341569154204,0.0348400530525023,0.758128416116535
24621,0.152255519061302,0.159980694914444,0.261192415219449,0.426571370804806
24622,0.0315480801087561,0.309607773444505,0.247125061797932,0.411719084648806
24623,0.189699444033174,0.0343372189498087,0.160151448127082,0.615811888889935
24624,0.247369899131031,0.0522342670823609,0.511495999770699,0.188899834015909
24625,0.400891659806672,0.0513861917230816,0.31216386424817,0.235558284222077
24626,0.385134028879302,0.0953483572189701,0.0552777260451624,0.464239887856566
24627,0.214573913372212,0.20118272288052,0.0708901180033197,0.513353245743949
24628,0.52684579633199,0.0438924852444795,0.0992499822256792,0.330011736197852
24629,0.0967166244919655,0.477878096286548,0.0915763943092286,0.333828884912258
24630,0.0930940478172144,0.102401217030778,0.406234864610036,0.398269870541972
24631,0.275635505761192,0.174460944277849,0.0906578059458841,0.459245744015075
24632,0.15333159962633,0.23652540369148,0.159080257211562,0.451062739470628
24633,0.268031009902378,0.0395927832661111,0.37860732058414,0.313768886247371
24634,0.120008636405308,0.0273971835283117,0.56827714386519,0.284317036201191
24635,0.232952285123052,0.131272322870903,0.266968269169561,0.368807122836484
24636,0.360313239109266,0.267029713394985,0.12637528418904,0.24628176330671
24637,0.252264186757465,0.101455688032151,0.479536921324048,0.166743203886336
24638,0.145405657911226,0.452838992013358,0.0909569437732539,0.310798406302162
24639,0.337278728456828,0.151269280531542,0.188555092912218,0.322896898099413
24640,0.541768797590783,0.0535123772083025,0.177947015763427,0.226771809437488
24641,0.061041208770319,0.602054757745423,0.0356441325527114,0.301259900931547
24642,0.135660051032251,0.0873460387843867,0.383767533886557,0.393226376296806
24643,0.0470006591932919,0.0582583063936719,0.370425134631089,0.524315899781947
24644,0.0872914679947939,0.387231571105584,0.102643574280783,0.422833386618839
24645,0.170790685007305,0.539738142726723,0.0205415114668224,0.268929660799149
24646,0.301784760012879,0.220259349429867,0.222828573651005,0.255127316906249
24647,0.363801409213225,0.256005474712595,0.219469109900995,0.160724006173185
24648,0.143504421599237,0.0558678614765808,0.414098500864062,0.38652921606012
24649,0.117372380677124,0.321973064543731,0.255004221783182,0.305650332995964
24650,0.029099744908257,0.623958553198044,0.0256906212361886,0.32125108065751
24651,0.410720035684183,0.0650102432246243,0.0440508859346444,0.480218835156549
24652,0.30268917085209,0.0313487311864669,0.388654470866406,0.277307627095037
24653,0.386656624954892,0.252116440008601,0.0997753819567992,0.261451553079707
24654,0.0628846512028486,0.410447342026157,0.0520952087036925,0.474572798067302
24655,0.0514331990913964,0.221108920920266,0.364519636812946,0.362938243175391
24656,0.201753968971812,0.171619127813193,0.397525645663377,0.229101257551618
24657,0.156581825346194,0.131045803916667,0.0873004238492038,0.625071946887936
24658,0.119293240411823,0.512456510985047,0.119986284068162,0.248263964534969
24659,0.0238279712113741,0.0900514423189907,0.455963357190029,0.430157229279606
24660,0.0609064219930347,0.178957560361623,0.418080690310413,0.342055327334929
24661,0.0603331705278318,0.495282385653646,0.0522318512213081,0.392152592597214
24662,0.0245855365998061,0.0969878757140149,0.51158541138968,0.366841176296499
24663,0.139773544812752,0.282707612561759,0.392610572314058,0.184908270311431
24664,0.108519534477427,0.136077824396859,0.376383102306246,0.379019538819469
24665,0.256071001743073,0.087339533886211,0.450641603158796,0.205947861211921
24666,0.0482520976614328,0.398734035769698,0.0635245613331572,0.489489305235712
24667,0.0564955190771269,0.586386097610508,0.0953430546321062,0.261775328680259
24668,0.228906692152361,0.0189529785540245,0.584819562260553,0.167320767033062
24669,0.20530699968736,0.0775903676758744,0.306648786183045,0.41045384645372
24670,0.529458187212009,0.0398150749955094,0.146237121899213,0.284489615893268
24671,0.106196000664987,0.271703320750091,0.44710656917604,0.174994109408882
24672,0.041397892558253,0.540872064867482,0.299025410605048,0.118704631969218
24673,0.0757902172498527,0.062313269768831,0.611907475181575,0.249989037799741
24674,0.0991304553618459,0.517156292674271,0.0522152076634824,0.331498044300401
24675,0.153565930323088,0.0831341102009677,0.585487345342124,0.17781261413382
24676,0.197677119308748,0.496997807589473,0.077573119394403,0.227751953707377
24677,0.0611953251982962,0.147710219492885,0.326426828057551,0.464667627251269
24678,0.272702291082743,0.170789735290925,0.106075657092128,0.450432316534204
24679,0.216007609368185,0.418063855736117,0.0383645584565867,0.327563976439112
24680,0.0572104650095753,0.487825632474183,0.0688790428828799,0.386084859633362
24681,0.296190867094245,0.218978655982942,0.0514087718710606,0.433421705051753
24682,0.395248619275724,0.367569683301209,0.00892596509646799,0.228255732326599
24683,0.114808988693514,0.19526613663003,0.408567609872866,0.281357264803591
24684,0.020253651686553,0.0796874628003049,0.495975148004943,0.404083737508199
24685,0.578209535607523,0.121631103203637,0.0446255062093387,0.255533854979501
24686,0.306848189080594,0.0391222583100037,0.0380663746890078,0.615963177920395
24687,0.269027457906494,0.174150598091228,0.18534774516828,0.371474198833998
24688,0.0691277934786449,0.372619980736257,0.0915187361523019,0.466733489632796
24689,0.322003104909396,0.156527470802823,0.34835440926563,0.173115015022151
24690,0.561487413196764,0.137251823279511,0.0826152425632112,0.218645520960513
24691,0.260062898374782,0.393974641621712,0.0438015064958354,0.30216095350767
24692,0.432402652269655,0.290755214875719,0.0139570666427153,0.262885066211911
24693,0.211832095553359,0.182739490669881,0.310695316714451,0.294733097062309
24694,0.103046770613967,0.208161365101304,0.476402948482455,0.212388915802274
24695,0.196241002399294,0.450797007002771,0.0259401066706532,0.327021883927281
24696,0.122725216511891,0.230532751987554,0.175231262049896,0.47151076945066
24697,0.189014001202108,0.116323882493341,0.245115599691849,0.449546516612702
24698,0.346597985791972,0.329613501721687,0.169990378764791,0.15379813372155
24699,0.361817017011116,0.0157117138617441,0.355613403334221,0.26685786579292
24700,0.10043167394489,0.389312120253414,0.133367196425569,0.376889009376128
24701,0.0743834055411379,0.104340653213298,0.636507742965614,0.18476819827995
24702,0.231448989456803,0.450894294152173,0.0874156455636895,0.230241070827335
24703,0.233843005564716,0.299815773281039,0.294014884920424,0.172326336233821
24704,0.0823631715578701,0.384197790899907,0.264390935790229,0.269048101751995
24705,0.506924645715361,0.134604846834083,0.0751464843675107,0.283324023083045
24706,0.265392336273214,0.305368475845904,0.244035214322509,0.185203973558372
24707,0.276598147337968,0.0882896496966614,0.288812229570474,0.346299973394896
24708,0.526943813982997,0.0470794925339407,0.152590456035682,0.273386237447381
24709,0.120497743658978,0.136783750276278,0.489318945545934,0.253399560518809
24710,0.269360936767129,0.29574849408948,0.2263053430982,0.20858522604519
24711,0.303177907555223,0.165720698296506,0.271216375838256,0.259885018310015
24712,0.406895289474038,0.326296354995627,0.0881119400573872,0.178696415472947
24713,0.0768785130739729,0.593340793715632,0.0829543067843685,0.246826386426027
24714,0.318732543050738,0.347445510071821,0.0925641596087007,0.24125778726874
24715,0.137935841032394,0.320544404634709,0.152582808541785,0.388936945791112
24716,0.408503879920407,0.266689497402332,0.081591842396797,0.243214780280463
24717,0.130351476560982,0.41592781938729,0.267909891208122,0.185810812843606
24718,0.122044626532186,0.532447476508679,0.0939010588101735,0.251606838148961
24719,0.3363016417619,0.114429607607519,0.102086581546535,0.447182169084046
24720,0.194622135194093,0.360490642704993,0.1913482856592,0.253538936441714
24721,0.411937760590384,0.222062108471461,0.122667938581364,0.243332192356791
24722,0.107230247479812,0.423792789400036,0.25496535013543,0.214011612984722
24723,0.390073796847058,0.253573725174603,0.18719468244746,0.169157795530879
24724,0.0843218959037233,0.318860670522025,0.322282883954117,0.274534549620134
24725,0.358454611699908,0.174452896354727,0.213289940515593,0.253802551429772
24726,0.449407637864431,0.207357271620114,0.193076557946113,0.150158532569343
24727,0.109578109336394,0.163526531421838,0.249542790078299,0.477352569163469
24728,0.528075953423537,0.22652040583191,0.0893228639018841,0.15608077684267
24729,0.235645066906692,0.0720158183843793,0.393388758780582,0.298950355928346
24730,0.0744614204487649,0.123336490500501,0.401375935052378,0.400826153998356
24731,0.0982119508730134,0.419972275752279,0.228668266284676,0.253147507090032
24732,0.2465422857688,0.0992683637304429,0.410950784427131,0.243238566073627
24733,0.132938095926183,0.140364734231816,0.155805875737425,0.570891294104576
24734,0.297673719387916,0.228957407726194,0.0943013117805906,0.379067561105299
24735,0.112215955526276,0.139403767913813,0.39781259116175,0.350567685398161
24736,0.227876937862362,0.429372378573448,0.111621142408352,0.231129541155837
24737,0.488356799640651,0.117688072859965,0.192972636490394,0.200982491008991
24738,0.0549216091664055,0.447253951294234,0.160248967853688,0.337575471685672
24739,0.373302272738685,0.0883031063269938,0.279088400464887,0.259306220469433
24740,0.131067661446796,0.520403245784698,0.169671773186097,0.178857319582409
24741,0.156897186509702,0.240185873784365,0.488441419625297,0.114475520080636
24742,0.291396219825229,0.403923289900295,0.0723357210750817,0.232344769199394
24743,0.244241905233838,0.398850388451515,0.101239696948175,0.255668009366471
24744,0.275373611386034,0.101295692415402,0.320102849576178,0.303227846622386
24745,0.190087711085062,0.189919575135419,0.422835771902662,0.197156941876857
24746,0.340720948674995,0.317058721256589,0.0856754720278323,0.256544858040583
24747,0.0798816537789592,0.31964081255495,0.31133560357402,0.28914193009207
24748,0.0342019253756804,0.140642933812429,0.644316877453145,0.180838263358745
24749,0.0924155800668532,0.37941863469198,0.284372183822629,0.243793601418537
24750,0.346296484544358,0.188654822852202,0.289782145887717,0.175266546715723
24751,0.45989140113903,0.175585262505783,0.0755460332428427,0.288977303112344
24752,0.125952103313467,0.528852017514996,0.0787810739484862,0.26641480522305
24753,0.239850524939395,0.0805736546298509,0.510956265180588,0.168619555250167
24754,0.415031197722184,0.312390589882187,0.102040607625623,0.170537604770006
24755,0.104440923068305,0.304975469184019,0.392918214503082,0.197665393244595
24756,0.243944717385168,0.274345549351398,0.294709919431135,0.186999813832299
24757,0.198550887076258,0.176436752583414,0.29918090332447,0.325831457015858
24758,0.208740836087907,0.0437275688031521,0.295249461410113,0.452282133698828
24759,0.115380071898932,0.337036918205398,0.277283065536467,0.270299944359203
24760,0.180013101038063,0.4591477997016,0.034380888257206,0.326458211003131
24761,0.296842890939424,0.207615772577391,0.270460277194029,0.225081059289156
24762,0.19775858295403,0.252355132252744,0.0534983538033192,0.496387930989906
24763,0.0898703414017527,0.566603716983156,0.0450419351516295,0.298484006463462
24764,0.558200279750411,0.036515592696066,0.042026255063932,0.363257872489591
24765,0.192285208734376,0.327329949276839,0.223042454052887,0.257342387935898
24766,0.034668032533136,0.297021113750202,0.166897049432746,0.501413804283916
24767,0.170284232301048,0.0911439952674872,0.0851475630111648,0.6534242094203
24768,0.101630991351843,0.397835425485825,0.113553536024161,0.386980047138172
24769,0.176397279174057,0.0839201261678138,0.593689947056684,0.145992647601445
24770,0.147436073944099,0.17220666943694,0.0558655697465146,0.624491686872447
24771,0.0790894532849829,0.0524155803121493,0.452193921068835,0.416301045334033
24772,0.138986715954845,0.376114842884319,0.0934651305186255,0.391433310642211
24773,0.147578376181421,0.422010965359769,0.30529052001691,0.1251201384419
24774,0.323454280924025,0.167126568307839,0.147914568670652,0.361504582097484
24775,0.146132020127329,0.441962949558,0.0445812016150117,0.36732382869966
24776,0.475832624231696,0.0205840277662404,0.263502077092362,0.240081270909701
24777,0.251395482647283,0.300439113791877,0.271967328208205,0.176198075352635
24778,0.37705691881468,0.25328418262646,0.190572639815546,0.179086258743315
24779,0.0738617734374712,0.408641177505715,0.185570339306149,0.331926709750665
24780,0.389349842566416,0.0942848473014689,0.288678085150618,0.227687224981497
24781,0.141021927432206,0.129730347686514,0.498757944554982,0.230489780326298
24782,0.568068329295607,0.0824262571039479,0.106728171063241,0.242777242537204
24783,0.0571312346033933,0.23470391862325,0.484410480853459,0.223754365919898
24784,0.455591607861202,0.113946865510414,0.0977866128779318,0.332674913750452
24785,0.0588294592927827,0.272500876679056,0.282546454391514,0.386123209636647
24786,0.201990794659192,0.274252300311038,0.338189616772267,0.185567288257503
24787,0.247510442587661,0.262110169728898,0.2134721840049,0.276907203678542
24788,0.135202216152642,0.248648930269082,0.360467284038079,0.255681569540197
24789,0.44366875662943,0.365398112453998,0.0490523342648906,0.141880796651682
24790,0.190251878722784,0.146212349014325,0.419113266806491,0.2444225054564
24791,0.207861524806876,0.119514635124579,0.325714463715229,0.346909376353316
24792,0.241145331286109,0.0686255684473444,0.399025152915606,0.291203947350941
24793,0.24929392612792,0.0634511990220032,0.410455506272092,0.276799368577984
24794,0.0822428953734958,0.628642977642992,0.0653109229227657,0.223803204060747
24795,0.270514468141972,0.184228650263376,0.108824269412109,0.436432612182543
24796,0.351533113710627,0.303080109622407,0.192707506363903,0.152679270303063
24797,0.0911408093733235,0.499029231998363,0.197683069456338,0.212146889171976
24798,0.0848362560111345,0.0762577852467696,0.415604024425323,0.423301934316773
24799,0.275887377283527,0.0750299686253521,0.332875264936779,0.316207389154342
24800,0.0683246229939148,0.11348142379024,0.63428270494233,0.183911248273516
24801,0.390100952120397,0.275444504448544,0.179627591235066,0.154826952195993
24802,0.267541594078946,0.229129646662568,0.149035832301162,0.354292926957324
24803,0.0590410468032404,0.0667870437358018,0.647443655406818,0.22672825405414
24804,0.456337171299677,0.0745302998790314,0.108716876475313,0.360415652345979
24805,0.131045995516043,0.254035938247334,0.0940971632385141,0.52082090299811
24806,0.302394558205204,0.351003852758433,0.0533871527613841,0.29321443627498
24807,0.533350981738473,0.287524891296001,0.0538990058246434,0.125225121140883
24808,0.358408008829248,0.19861599783321,0.255069648037705,0.187906345299837
24809,0.630763569352508,0.072461296252711,0.080604618885248,0.216170515509533
24810,0.171575241080991,0.276734141647289,0.218155042872388,0.333535574399331
24811,0.279562418152153,0.0344828171964647,0.471539892811433,0.214414871839949
24812,0.0782870308791209,0.0944109807931046,0.537923392352312,0.289378595975463
24813,0.25353929396006,0.056475834623118,0.420150325214567,0.269834546202255
24814,0.206022797937984,0.330129241168197,0.0497032566583149,0.414144704235504
24815,0.496388593546321,0.0892898463596386,0.227465619079924,0.186855941014116
24816,0.277635360263017,0.152045334423923,0.237846408059196,0.332472897253864
24817,0.177166173030236,0.194168521315617,0.187113334504405,0.441551971149741
24818,0.280509525005909,0.226271177972278,0.35794878594474,0.135270511077072
24819,0.115562046499161,0.376029826876749,0.212229397947145,0.296178728676945
24820,0.33125930903899,0.190149713967469,0.136869720895057,0.341721256098483
24821,0.519898909785106,0.175067805933569,0.0662201205003261,0.238813163780999
24822,0.165513319788482,0.382205650973282,0.141347895655352,0.310933133582884
24823,0.19785363638349,0.380049337796094,0.233524536188914,0.188572489631502
24824,0.24060308043308,0.113952511941518,0.240756693880972,0.40468771374443
24825,0.406138135141762,0.297021724305804,0.0708748945439095,0.225965246008524
24826,0.171334592785577,0.208314843571076,0.333068776527843,0.287281787115504
24827,0.29955928415485,0.442722717241584,0.0410824251761588,0.216635573427407
24828,0.173098804338762,0.54536110152406,0.0756572945762277,0.20588279956095
24829,0.183305437783553,0.172535743546134,0.173120561607099,0.471038257063214
24830,0.210665680522846,0.445484240044666,0.169845564789281,0.174004514643206
24831,0.0893587209997136,0.292756351759027,0.356005533345159,0.2618793938961
24832,0.165845413672436,0.226943012400238,0.186716973999308,0.420494599928018
24833,0.294206458121124,0.226231900836182,0.337849093207706,0.141712547834988
24834,0.198052943118417,0.0976385478921797,0.125070244253704,0.5792382647357
24835,0.241971262853959,0.331834290680694,0.203249060640992,0.222945385824355
24836,0.109358936749923,0.163678578698043,0.294740474843686,0.432222009708348
24837,0.691404548404155,0.0561706222894937,0.0847091999905109,0.167715629315841
24838,0.195166134744112,0.25090073010661,0.163230847693835,0.390702287455443
24839,0.556146015218043,0.105803525845234,0.11559789967583,0.222452559260893
24840,0.335828588692478,0.201976440069069,0.233790540012318,0.228404431226135
24841,0.0583502574465813,0.575283836290111,0.218453235110165,0.147912671153143
24842,0.157557491418791,0.263406494968708,0.202327021654523,0.376708991957978
24843,0.268240611954381,0.115297766560975,0.340487873168027,0.275973748316617
24844,0.528545693276857,0.110343974955437,0.235346546606462,0.125763785161245
24845,0.506404023206896,0.0494513398527479,0.0643853775539611,0.379759259386395
24846,0.250238585914096,0.497902926521671,0.0402516246306338,0.2116068629336
24847,0.152669891159362,0.0620509436984736,0.554133470677891,0.231145694464273
24848,0.215181862409363,0.123887711549169,0.188768035502223,0.472162390539245
24849,0.537658402777237,0.111564763315269,0.101385856707486,0.249390977200008
24850,0.166774011699707,0.352374329236203,0.118585475756639,0.362266183307451
24851,0.260940133265494,0.0962474504820331,0.199636631475136,0.443175784777337
24852,0.576595345267919,0.108076437514005,0.0891120321227479,0.226216185095329
24853,0.47501004052161,0.120868453735073,0.148332795642224,0.255788710101093
24854,0.151716070718998,0.102078511127959,0.40826529816672,0.337940119986323
24855,0.18764606755967,0.136933804910064,0.351224971411389,0.324195156118878
24856,0.26123071383994,0.274605099648028,0.0795081788491494,0.384656007662882
24857,0.177254015063634,0.0963347198142556,0.50383755384766,0.22257371127445
24858,0.0606244717703344,0.428841625526968,0.198993219731538,0.31154068297116
24859,0.232105246605975,0.199816919961578,0.161238225296559,0.406839608135887
24860,0.29571500324891,0.0699453235863743,0.511585435290442,0.122754237874273
24861,0.340454067716873,0.103450006455605,0.0764721851545429,0.47962374067298
24862,0.192538862883513,0.355617118460725,0.126171080963045,0.325672937692717
24863,0.218091387611723,0.0645207971846543,0.280266439909946,0.437121375293677
24864,0.180604752505431,0.106550996738611,0.43729975173047,0.275544499025487
24865,0.152197811735929,0.0508280228549608,0.454442050636189,0.342532114772921
24866,0.628918228497997,0.108331676155922,0.0957856445074614,0.16696445083862
24867,0.461437050688591,0.110520779963424,0.119756651000471,0.308285518347513
24868,0.402645603708117,0.0562797026326568,0.0551504918170037,0.485924201842222
24869,0.208299772517808,0.108953714520863,0.254810218017549,0.42793629494378
24870,0.623041945924558,0.047221892755467,0.0874914285558232,0.242244732764152
24871,0.251758012397896,0.0688840821940013,0.276862040387945,0.402495865020158
24872,0.180613973029786,0.120585322131916,0.258004320250481,0.440796384587816
24873,0.495945328907853,0.165083727150437,0.0580362133942994,0.28093473054741
24874,0.0711444633487735,0.391562503019302,0.244098977185886,0.293194056446039
24875,0.327904303340533,0.332034450572623,0.126253582325206,0.213807663761637
24876,0.0464885286737719,0.4876708326139,0.21816290825378,0.247677730458549
24877,0.211737067518905,0.194325045512814,0.394389716432585,0.199548170535695
24878,0.166887908267882,0.0602681156772212,0.397503244180155,0.375340731874742
24879,0.436876745308322,0.153117726019631,0.12387424863715,0.286131280034896
24880,0.375595374174807,0.23957166200341,0.216278374812745,0.168554589009039
24881,0.442261266925663,0.106745114563653,0.106211778111094,0.34478184039959
24882,0.524438794959465,0.047213892731686,0.104498237138283,0.323849075170566
24883,0.0985696085993714,0.185930967302566,0.510269216478394,0.205230207619669
24884,0.464374021629709,0.111210436058789,0.212710183804364,0.211705358507138
24885,0.227473896433833,0.294144464885972,0.295925084809769,0.182456553870426
24886,0.0888859097855613,0.100651959505769,0.627555832080289,0.18290629862838
24887,0.235424670058617,0.51498709310344,0.0654294099588708,0.184158826879072
24888,0.181905215332457,0.278869735280996,0.308271256216236,0.230953793170311
24889,0.0881282392242635,0.255158190073481,0.481608782600842,0.175104788101413
24890,0.146747868882792,0.111737162222209,0.200787630738241,0.540727338156758
24891,0.164198638402002,0.0861408555374528,0.0861243840237967,0.663536122036749
24892,0.333610154369305,0.0955377409037581,0.280384647936725,0.290467456790212
24893,0.315067716091913,0.175017698638701,0.165228611335643,0.344685973933742
24894,0.260394835672411,0.284709102069315,0.136122723891392,0.318773338366882
24895,0.0403641768439411,0.0511621520093408,0.530764743879728,0.37770892726699
24896,0.0414456814806189,0.347333925003599,0.245652968918069,0.365567424597713
24897,0.273787091768061,0.0444081087229377,0.46319525706659,0.218609542442412
24898,0.30037532315316,0.111346979971782,0.329960998566151,0.258316698308908
24899,0.0384915142662058,0.234136374978704,0.449819673499732,0.277552437255359
24900,0.185689928531113,0.143537626422699,0.266176432573045,0.404596012473143
24901,0.178871092908383,0.0380148733525523,0.399258402132611,0.383855631606454
24902,0.442624467317488,0.0540596059459095,0.196696747127788,0.306619179608814
24903,0.348675260105492,0.0732676867554002,0.115245604735566,0.462811448403541
24904,0.0692261413510369,0.39836481729234,0.0558341325044833,0.476574908852139
24905,0.089391903607059,0.0757434468453634,0.592593384298543,0.242271265249034
24906,0.26883525071049,0.0467861605380603,0.310264158829092,0.374114429922357
24907,0.137322213688964,0.119078076439228,0.0823429970848225,0.661256712786985
24908,0.0610134640795568,0.29301106150961,0.389541738507943,0.25643373590289
24909,0.102520679429758,0.38227413403245,0.1863301711482,0.328875015389592
24910,0.169798050120462,0.33828611559638,0.244605881711545,0.247309952571613
24911,0.194415714318109,0.395759347839793,0.0917020306566446,0.318122907185454
24912,0.112172356792733,0.186068374233714,0.178699176956583,0.523060092016969
24913,0.10307949314446,0.596018334847301,0.0420038326497154,0.258898339358524
24914,0.38969761501928,0.0537518928314165,0.239085791209916,0.317464700939388
24915,0.062623353214504,0.245783355840368,0.251478261462979,0.440115029482149
24916,0.41862102219029,0.139001694605397,0.117326382837462,0.325050900366851
24917,0.177025545558382,0.0931088070062577,0.262569582215178,0.467296065220183
24918,0.123518701235897,0.0704211491908052,0.186870311459458,0.61918983811384
24919,0.123815920364155,0.240711769089831,0.363838381298045,0.271633929247969
24920,0.0440407804188766,0.333193169317131,0.41645664299796,0.206309407266032
24921,0.633636599456188,0.127656274039714,0.0577061646628948,0.181000961841203
24922,0.466337083856738,0.11113318209774,0.0673850772041828,0.355144656841339
24923,0.173563943880124,0.185674968381818,0.479983951808728,0.16077713592933
24924,0.19949371342711,0.142368973693905,0.358524234142146,0.299613078736838
24925,0.309936224574657,0.469088184924778,0.043840037918767,0.177135552581798
24926,0.244989627258602,0.0337863275317266,0.469843800467469,0.251380244742203
24927,0.139132518647951,0.396232034166372,0.117221719615737,0.347413727569939
24928,0.0922049724671059,0.196876673580377,0.392916503890203,0.318001850062314
24929,0.379961556561081,0.357907369073518,0.091943265052546,0.170187809312856
24930,0.170209324453898,0.37429886802017,0.195059334912745,0.260432472613188
24931,0.171006549740646,0.1373273879791,0.251694974715167,0.439971087565087
24932,0.120383577480961,0.335816264036012,0.195543845880792,0.348256312602235
24933,0.417711445299516,0.329363144615922,0.0816586704174931,0.171266739667068
24934,0.351959605879341,0.19359694942276,0.0916441554560723,0.362799289241827
24935,0.111377854938416,0.436776079902799,0.151163213901422,0.300682851257363
24936,0.230351218538067,0.151493790295074,0.351755116195463,0.266399874971396
24937,0.102188881315492,0.564842665224964,0.211755947441902,0.121212506017642
24938,0.339776738403368,0.199342630322905,0.278492236640798,0.182388394632929
24939,0.111956127216713,0.162119189117805,0.489044529220684,0.236880154444798
24940,0.336669938507494,0.327216086616236,0.0753243322788992,0.260789642597371
24941,0.212246324167048,0.289038813983204,0.175618854043679,0.323096007806069
24942,0.526103256277249,0.178408985529239,0.134079864583471,0.161407893610041
24943,0.246579901006431,0.172910793041562,0.118581798882477,0.461927507069531
24944,0.4230497723012,0.133152231972454,0.257386255792873,0.186411739933472
24945,0.119958751708209,0.116443140479328,0.196125159083463,0.567472948729
24946,0.159444596898874,0.267398221206831,0.138548313661631,0.434608868232664
24947,0.31779317551626,0.123352324289741,0.254646495494293,0.304208004699705
24948,0.482499087404545,0.266361187695149,0.0910326214912977,0.160107103409008
24949,0.174336326089348,0.332048162872064,0.297943245913487,0.195672265125101
24950,0.0978489632233644,0.462197926471796,0.134582103356234,0.305371006948605
24951,0.130702330285873,0.418208655871006,0.1450895134824,0.305999500360722
24952,0.422982355253209,0.160997010429276,0.228226469264969,0.187794165052546
24953,0.255700284939552,0.17558748822698,0.281215098661098,0.28749712817237
24954,0.225197311488223,0.520928515920762,0.0808531862483646,0.17302098634265
24955,0.478105782552114,0.191005104485717,0.0781280120799951,0.252761100882173
24956,0.170756036252554,0.233578111707543,0.383046142874114,0.212619709165789
24957,0.091111648059953,0.524223437256496,0.117027350389097,0.267637564294455
24958,0.117463380362551,0.410290109497319,0.170741983196457,0.301504526943673
24959,0.134849116396492,0.318026759709351,0.220519871234834,0.326604252659323
24960,0.335761950770347,0.18533914261295,0.239064285031201,0.239834621585501
24961,0.418198722686732,0.282571386110946,0.138532418528363,0.160697472673958
24962,0.109760425108421,0.419061587688878,0.125146615668348,0.346031371534353
24963,0.154560741433803,0.375771219849682,0.120601067242914,0.349066971473601
24964,0.133006262524943,0.311234683327694,0.318283340165571,0.237475713981792
24965,0.139305561507964,0.682978130311278,0.0757086951283138,0.102007613052445
24966,0.183594274136968,0.212191119165509,0.380021842482238,0.224192764215286
24967,0.288711274750246,0.0419343216567906,0.460781084309808,0.208573319283155
24968,0.0953146168703259,0.360563148778663,0.343591349686265,0.200530884664746
24969,0.187448982430187,0.366220285734092,0.0860431884974587,0.360287543338262
24970,0.369952692794447,0.186919352792266,0.169853982505131,0.273273971908156
24971,0.379658128525587,0.261117591379692,0.081898468639561,0.27732581145516
24972,0.139780309893157,0.20253750938608,0.159222917406331,0.498459263314433
24973,0.0687673630577258,0.553388396640984,0.16613889853643,0.21170534176486
24974,0.212233888259712,0.287708676220506,0.322894559722137,0.177162875797645
24975,0.0821755727374563,0.608168191280167,0.0851338353535536,0.224522400628823
24976,0.197222697893942,0.0493048658955897,0.544913312775955,0.208559123434514
24977,0.319205823443648,0.22958263979527,0.121627680492747,0.329583856268335
24978,0.335382143739432,0.186239491563024,0.270544124142823,0.207834240554721
24979,0.407810665010185,0.31476421184283,0.116119543688638,0.161305579458348
24980,0.0537113023248457,0.199840725793993,0.575877617405937,0.170570354475224
24981,0.0782974763981852,0.083323989553355,0.399413232169909,0.438965301878551
24982,0.283611458468096,0.356025445172514,0.165735056401346,0.194628039958044
24983,0.53488209204249,0.162944333464004,0.054234138371391,0.247939436122115
24984,0.0992829948244766,0.262637584021457,0.241268981966269,0.396810439187798
24985,0.130450620563427,0.345267209228555,0.32287656742411,0.201405602783908
24986,0.443716585172836,0.090170119787161,0.12719069509679,0.338922599943213
24987,0.062966784622561,0.355233804373007,0.437432370381226,0.144367040623206
24988,0.186746239118208,0.287478322133117,0.144035066428372,0.381740372320303
24989,0.217877081244664,0.403398720575166,0.180957435606111,0.197766762574059
24990,0.0870063172865063,0.446081394236438,0.269810792340008,0.197101496137047
24991,0.186817136586453,0.106736424459785,0.382137602215879,0.324308836737882
24992,0.102415527091201,0.21246716975392,0.386118251942223,0.298999051212656
24993,0.581879494168642,0.120000192155719,0.091962640983885,0.206157672691755
24994,0.53383776060974,0.187610183821612,0.105588063440127,0.17296399212852
24995,0.328031044667553,0.342627427110884,0.0858475342179585,0.243493994003604
24996,0.241303364688197,0.242521429185341,0.146039455293577,0.370135750832884
24997,0.169069406161274,0.43899724669113,0.0977066751405455,0.294226672007051
24998,0.265248644383279,0.119057028687331,0.324768280252469,0.290926046676921
24999,0.163813310582326,0.433655688084486,0.0827623366938,0.319768664639388
25000,0.13686905786043,0.185460061701718,0.308341718468115,0.369329161969737
25001,0.202227127184316,0.492398286815439,0.0617226959064322,0.243651890093813
25002,0.1603403668401,0.164400384828247,0.400122609532058,0.275136638799594
25003,0.248559810994878,0.147607755555032,0.274930852127685,0.328901581322405
25004,0.0770913880005869,0.0772008228853991,0.545516231921169,0.300191557192845
25005,0.0917435202430301,0.404808986017309,0.231775156003923,0.271672337735738
25006,0.410996373782343,0.180348367619403,0.164233961042245,0.24442129755601
25007,0.387970659197868,0.301289647186574,0.0742383883467194,0.236501305268838
25008,0.0750674116819874,0.0503818148080521,0.581745696766354,0.292805076743607
25009,0.409715885426538,0.063096321131439,0.224800712081588,0.302387081360435
25010,0.264636392484235,0.0306155354514402,0.519847690921968,0.184900381142356
25011,0.0890359596492538,0.505663455469781,0.0716761832060421,0.333624401674923
25012,0.127060360742321,0.169301043126338,0.205401341091759,0.498237255039582
25013,0.305271334567876,0.079794895689433,0.304971766530091,0.3099620032126
25014,0.290995566754287,0.112202111115712,0.415889614037491,0.18091270809251
25015,0.381302580637595,0.102736678160489,0.240163771132276,0.275796970069639
25016,0.161825787510294,0.276434249763317,0.0841923515685734,0.477547611157816
25017,0.0589473766717988,0.155315184525044,0.571561132919697,0.21417630588346
25018,0.409042986242742,0.211977517966298,0.0408906094494307,0.33808888634153
25019,0.206278761305819,0.586044183445147,0.0565866427873021,0.151090412461732
25020,0.197201696544687,0.114319123224275,0.0733094774354407,0.615169702795597
25021,0.18410656863281,0.18122011849847,0.282890612634471,0.351782700234249
25022,0.0933128023945272,0.284688279991627,0.231037225228212,0.390961692385634
25023,0.0681108256612331,0.23350809253825,0.55031045727779,0.148070624522727
25024,0.618837014909261,0.0573295162123632,0.0963444820220284,0.227488986856347
25025,0.277791201558037,0.123508273275644,0.0913123048611351,0.507388220305184
25026,0.399495347061822,0.128489828366195,0.233393831587736,0.238620992984248
25027,0.060939837784669,0.165102698688514,0.44323542280518,0.330722040721638
25028,0.62756924383618,0.0694592112451349,0.157467872755967,0.145503672162718
25029,0.276245192889468,0.0968487355303866,0.408393375611946,0.2185126959682
25030,0.101824054473578,0.0995490656871753,0.333727851052266,0.464899028786981
25031,0.0693603763170784,0.0483969949923069,0.574729386590808,0.307513242099807
25032,0.0803062216520925,0.0700874566704516,0.609511414094725,0.240094907582731
25033,0.271936886654696,0.119558938655458,0.347530353744096,0.26097382094575
25034,0.189618311409245,0.46473419165406,0.110397278690085,0.23525021824661
25035,0.3319066335575,0.118555978102863,0.15899954304982,0.390537845289817
25036,0.210225255768861,0.104075395714335,0.283496636993184,0.40220271152362
25037,0.312076230794571,0.353181368245596,0.0852038414938492,0.249538559465983
25038,0.308056032138471,0.194653758629056,0.251582973053467,0.245707236179006
25039,0.0856588690659975,0.293298877570605,0.325429824759635,0.295612428603763
25040,0.130506873037506,0.251122985560188,0.420754564311365,0.197615577090941
25041,0.349759468045084,0.368261623353476,0.0555375775327717,0.226441331068667
25042,0.0752577757418436,0.268608509207684,0.325729405187285,0.330404309863187
25043,0.172717331495163,0.248907211868478,0.12208276554973,0.456292691086629
25044,0.249530385473838,0.0335661346697143,0.425195680708466,0.291707799147982
25045,0.105320679297721,0.0924915291090098,0.385587221653215,0.416600569940053
25046,0.0469871592306503,0.770297129546749,0.0182429953906349,0.164472715831966
25047,0.23932499861889,0.0806755160203464,0.384425783302633,0.29557370205813
25048,0.0342123319380843,0.357797407774509,0.155696142830318,0.452294117457088
25049,0.0524869710887805,0.308756841648435,0.48080949905801,0.157946688204775
25050,0.486564395143217,0.232269707878009,0.0364052406921451,0.24476065628663
25051,0.0541205146833003,0.210152965272972,0.496089320508856,0.239637199534871
25052,0.0717308378679571,0.36991700621095,0.0850952370270726,0.473256918894021
25053,0.141676770429892,0.120264793908494,0.111179670172946,0.626878765488669
25054,0.0297750194932691,0.492642372396832,0.240484602376406,0.237098005733493
25055,0.079237223771744,0.592566018319853,0.0609086545551177,0.267288103353285
25056,0.167919484390149,0.089155803520874,0.204568683498774,0.538356028590203
25057,0.238411678844114,0.50950055799989,0.0333699710125053,0.218717792143491
25058,0.429976557802798,0.228958694833224,0.118413778804555,0.222650968559424
25059,0.196358316383649,0.0741402518268857,0.306876323350721,0.422625108438744
25060,0.0926400759801671,0.244786964085004,0.283028594155422,0.379544365779407
25061,0.0499637145955698,0.364665353890325,0.317348632365312,0.268022299148792
25062,0.31879180829444,0.363605287330012,0.0247054506020079,0.29289745377354
25063,0.0380160603388179,0.360182687764005,0.144187910872413,0.457613341024764
25064,0.257032997091068,0.354709781645987,0.0571375917306231,0.331119629532321
25065,0.23865011408752,0.448378253961387,0.0584267857681469,0.254544846182947
25066,0.182902353759125,0.08676236441492,0.339765993598913,0.390569288227042
25067,0.0815124330571266,0.0468819687907592,0.321781295289217,0.549824302862897
25068,0.0974101829669129,0.155729613499253,0.277463003891597,0.469397199642237
25069,0.0436675463467448,0.432441567712275,0.263270811448094,0.260620074492886
25070,0.106922922806742,0.136661576441873,0.113392109171341,0.643023391580044
25071,0.274140438853624,0.428825853160278,0.0528405802289221,0.244193127757175
25072,0.137830501787835,0.572893671208883,0.0712722091360019,0.21800361786728
25073,0.158677168513909,0.378286985306003,0.0401863219288636,0.422849524251224
25074,0.240332312853676,0.369631944969079,0.0872852936499113,0.302750448527333
25075,0.227373674143439,0.076494078943066,0.311174756455219,0.384957490458276
25076,0.0595198863065962,0.110082022699577,0.279856858327404,0.550541232666423
25077,0.0450208860925618,0.239739476016575,0.396630972038798,0.318608665852065
25078,0.431900209396838,0.0417401117228985,0.288045143972624,0.238314534907639
25079,0.280060273328024,0.061094289197645,0.279617482755025,0.379227954719306
25080,0.543442589157976,0.0688081427299099,0.0870883712087762,0.300660896903338
25081,0.294409658284786,0.0892879648928101,0.216080047931803,0.400222328890601
25082,0.070905098783816,0.410747681397358,0.273812815669121,0.244534404149705
25083,0.153140677077986,0.199150303240853,0.324445946039406,0.323263073641755
25084,0.374231422707333,0.106697052881484,0.353290300177134,0.16578122423405
25085,0.259128822982761,0.398420003642773,0.211484930005147,0.130966243369318
25086,0.553968810582441,0.0911325029412322,0.096816460454155,0.258082226022172
25087,0.147695542166597,0.354514676182941,0.340405617715988,0.157384163934474
25088,0.364250974032114,0.178505916120416,0.279745585327101,0.177497524520368
25089,0.298398748472323,0.0990783572232345,0.340600918767675,0.261921975536768
25090,0.42984116230664,0.156712925510366,0.255387880377844,0.15805803180515
25091,0.409183172421962,0.148916073234337,0.193781137463489,0.248119616880212
25092,0.178251143773404,0.253435740406966,0.161836579281767,0.406476536537863
25093,0.35551619870575,0.109744863940877,0.276325718617304,0.25841321873607
25094,0.0986005621104813,0.0928913972655358,0.542186190793132,0.266321849830851
25095,0.0971028492688861,0.374216051094802,0.332050069789663,0.196631029846649
25096,0.100374711357015,0.176769899237701,0.234796736353106,0.488058653052177
25097,0.0927761376258353,0.108909968427566,0.507074867534114,0.291239026412485
25098,0.230008353903081,0.153575569096704,0.271422278707329,0.344993798292886
25099,0.0872817205346646,0.184061701042489,0.496607573437393,0.232049004985453
25100,0.137167938414564,0.184499630314455,0.461118030974768,0.217214400296213
25101,0.28477065512337,0.249556389321913,0.261476221723814,0.204196733830903
25102,0.239169906319869,0.157323869298628,0.192075522849687,0.411430701531816
25103,0.449606989023164,0.300540208325602,0.114087435774612,0.135765366876622
25104,0.188156764169812,0.183306463361173,0.431627960228643,0.196908812240372
25105,0.142455610555541,0.301029612391546,0.3159136633551,0.240601113697813
25106,0.306366715133001,0.258856915313065,0.235641490296158,0.199134879257776
25107,0.222274085478059,0.35250510398372,0.164878114885254,0.260342695652967
25108,0.13507963158516,0.44213445078644,0.26759023972384,0.15519567790456
25109,0.22302191427317,0.237823314289951,0.333713089845985,0.205441681590894
25110,0.239960842068429,0.136598970858928,0.257087283084954,0.36635290398769
25111,0.267790217871836,0.172211220981698,0.187204648642002,0.372793912504465
25112,0.155876581184997,0.252745925993868,0.389241569084298,0.202135923736837
25113,0.426330716723374,0.298195749621134,0.0948364528110885,0.180637080844403
25114,0.291869438974429,0.234868917558585,0.18968038062487,0.283581262842116
25115,0.161478946232468,0.128483161190833,0.374663992396783,0.335373900179915
25116,0.200121212485069,0.399817975795798,0.1575333493203,0.242527462398833
25117,0.462111981448615,0.13281633943516,0.287492583357747,0.117579095758478
25118,0.384361593149349,0.143829177376876,0.188731513847236,0.283077715626539
25119,0.109397956708857,0.112428552333125,0.365678440459186,0.412495050498832
25120,0.183796041861568,0.213923753668257,0.0794544414462663,0.522825763023908
25121,0.593686625730584,0.0457859538963597,0.0888332959589365,0.27169412441412
25122,0.367694150711111,0.169924788557199,0.12585232260546,0.33652873812623
25123,0.381264905565297,0.0324963355183801,0.373653251660016,0.212585507256307
25124,0.123281935896252,0.0958107713597218,0.477628646315068,0.303278646428958
25125,0.631957599384031,0.0609450950095959,0.0820690215983982,0.225028284007975
25126,0.0268163451928657,0.347843706794817,0.289492794567562,0.335847153444755
25127,0.417426528644036,0.0716915714707884,0.103979965113516,0.406901934771659
25128,0.165808238857866,0.0616618457265583,0.133897333724612,0.638632581690964
25129,0.305702249096778,0.259836870174063,0.350253898989593,0.084206981739566
25130,0.12246666765005,0.119902274768309,0.0908247593881301,0.666806298193511
25131,0.14753737369542,0.287619922188645,0.0363855894736203,0.528457114642315
25132,0.345914773161428,0.256988941753453,0.116840349843943,0.280255935241175
25133,0.580378505377776,0.0395849385887038,0.161626025432608,0.218410530600912
25134,0.247891911306372,0.233161661140604,0.0875171651253717,0.431429262427653
25135,0.0609973946259924,0.296362456179985,0.0603402459707092,0.582299903223313
25136,0.195810129007282,0.207809515975857,0.323690129119064,0.272690225897797
25137,0.16548373071461,0.375959242443484,0.120133013733793,0.338424013108113
25138,0.112867356572349,0.338684685122511,0.103240317987411,0.445207640317729
25139,0.135273955591109,0.226894118289238,0.183895197806487,0.453936728313166
25140,0.072528334005664,0.13148361716932,0.278178135351149,0.517809913473866
25141,0.359656877175717,0.164116328480052,0.137893959123959,0.338332835220272
25142,0.264079503283497,0.193684141071978,0.0542444152650403,0.487991940379485
25143,0.0427030176778603,0.123129446237377,0.138773302028561,0.695394234056202
25144,0.122771240667807,0.20636587225329,0.080090895348585,0.590771991730319
25145,0.245442388349556,0.111352256539128,0.0936314552342212,0.549573899877095
25146,0.245882298128563,0.524477532874453,0.0270182128534205,0.202621956143564
25147,0.111991543506767,0.135987977920025,0.280518124865777,0.471502353707431
25148,0.373423772732585,0.151069967561371,0.0533692351061218,0.422137024599922
25149,0.102346254340966,0.500155494638287,0.115133719502445,0.282364531518302
25150,0.132607729989908,0.113304096260784,0.37393889424977,0.380149279499538
25151,0.0425962792603207,0.409431598666581,0.151424925250179,0.39654719682292
25152,0.257584439565296,0.0746736966255451,0.0686302443454196,0.59911161946374
25153,0.382101759954407,0.408641221073822,0.0260031081896427,0.183253910782129
25154,0.214361025862807,0.102821011917726,0.435219529026554,0.247598433192913
25155,0.0776614016183955,0.542686977040826,0.0253118153220367,0.354339806018742
25156,0.0948185082640739,0.589607003425774,0.0492897314729346,0.266284756837217
25157,0.071618633451921,0.435344448516792,0.149067757061602,0.343969160969685
25158,0.512154900937744,0.229379325599725,0.0422876298441524,0.216178143618378
25159,0.101248042182565,0.321153059864991,0.115969902756163,0.461628995196281
25160,0.23539739715432,0.132864673878222,0.391309727868231,0.240428201099227
25161,0.270188627107479,0.0641353062566607,0.151868003118671,0.51380806351719
25162,0.362125718295038,0.137242705633298,0.0807688643885425,0.419862711683121
25163,0.137667925061094,0.0300032821765969,0.532299322275384,0.300029470486925
25164,0.364760341586237,0.316797767295001,0.0332829902990968,0.285158900819665
25165,0.16083894607918,0.161660822405968,0.133436653002745,0.544063578512107
25166,0.22619448667225,0.0816750746428153,0.434907691892567,0.257222746792368
25167,0.286503200202543,0.396703274339447,0.0390580799112392,0.27773544554677
25168,0.196806114224674,0.278233129636982,0.0725125806950955,0.452448175443248
25169,0.16836641988312,0.222535032568916,0.0857781671433183,0.523320380404646
25170,0.487430975484162,0.311213168347576,0.0244522000478399,0.176903656120422
25171,0.55300947367502,0.097943330636757,0.127504914627645,0.221542281060577
25172,0.132814435164815,0.50765692764378,0.175209848544034,0.18431878864737
25173,0.250189133416727,0.0743785920229054,0.306842124349647,0.36859015021072
25174,0.458147287155574,0.0379496788651743,0.268909708519088,0.234993325460164
25175,0.411595493831076,0.0346594522616528,0.0730716599402972,0.480673393966974
25176,0.0521598316994134,0.308957772471262,0.346560476507169,0.292321919322156
25177,0.273544563338639,0.0823320521349753,0.303878834523882,0.340244550002504
25178,0.269946517288938,0.106663104456869,0.486907181418064,0.136483196836129
25179,0.574000825126931,0.142204027840777,0.0660173375612355,0.217777809471057
25180,0.466934979803328,0.0414476032168534,0.229119167043906,0.262498249935913
25181,0.0782116501773522,0.0276368410363899,0.637553502570749,0.256598006215509
25182,0.132604119720098,0.159113545818507,0.278769132372726,0.429513202088668
25183,0.287568108748248,0.173098664919634,0.239716942595505,0.299616283736612
25184,0.163515283827758,0.286321927346365,0.318623052757763,0.231539736068114
25185,0.315557557896563,0.177352580835906,0.232240758168761,0.27484910309877
25186,0.121436585911614,0.560240944851395,0.0335852744442501,0.28473719479274
25187,0.167286188232939,0.187755048991599,0.146208671445531,0.49875009132993
25188,0.176732287194407,0.126882299751147,0.369959169592252,0.326426243462194
25189,0.315299330428958,0.203945150580565,0.24405255695562,0.236702962034857
25190,0.405116867704652,0.194778312604293,0.0448923861308331,0.355212433560221
25191,0.0569324080262257,0.633986694842082,0.0669793282291001,0.242101568902592
25192,0.080043113977285,0.299040374874724,0.166487750535865,0.454428760612126
25193,0.423675543640997,0.205329874667931,0.0463061136353132,0.324688468055758
25194,0.107246836566528,0.411566557834765,0.285826829365458,0.19535977623325
25195,0.0770980945450777,0.0696929907693875,0.321351670970026,0.531857243715509
25196,0.0878909830085647,0.328243748068082,0.221553598975029,0.362311669948324
25197,0.0449290037926127,0.403153128527424,0.08214015882256,0.469777708857404
25198,0.178540955365979,0.362830866977394,0.0603108396985112,0.398317337958116
25199,0.18997672975717,0.0817877437030181,0.411621406257536,0.316614120282277
25200,0.107705369373223,0.439613878723905,0.118905013475417,0.333775738427455
25201,0.198923412294051,0.0657108517842427,0.277809198595848,0.457556537325859
25202,0.406991105336096,0.0596771755683905,0.284793684078043,0.24853803501747
25203,0.409667958137431,0.262268089587333,0.105071926424424,0.222992025850812
25204,0.0426718946400346,0.0803404623283402,0.513730104976844,0.363257538054781
25205,0.182601175088135,0.28177668513504,0.179222883576607,0.356399256200218
25206,0.156102159111123,0.367656142117623,0.203296579320994,0.27294511945026
25207,0.0846363648261853,0.116460664030559,0.139915015394882,0.658987955748373
25208,0.278118593052975,0.224303099862192,0.288701428153932,0.208876878930901
25209,0.180131345454409,0.0368672892209308,0.444803018124263,0.338198347200397
25210,0.0777021094429253,0.233922991440726,0.422702127455566,0.265672771660783
25211,0.0528955559498919,0.115919738652025,0.476441844034499,0.354742861363584
25212,0.407153045502417,0.174568712088471,0.222874530594876,0.195403711814236
25213,0.263580572910029,0.0881358170097344,0.335798460497139,0.312485149583097
25214,0.190113563581555,0.268613817821465,0.1645845130824,0.376688105514579
25215,0.497527887383282,0.149205427259511,0.0809987253952114,0.272267959961996
25216,0.352026063753648,0.354728710155293,0.0814085050226991,0.211836721068361
25217,0.517095414410984,0.294325407221725,0.0326151464413329,0.155964031925959
25218,0.339265210209772,0.268406799677832,0.0693803677228816,0.322947622389514
25219,0.129618691524547,0.48811332927256,0.0677181618267403,0.314549817376153
25220,0.133127513290327,0.107709251187811,0.408981789628444,0.350181445893418
25221,0.319265926733093,0.391250884876772,0.0696797890153381,0.219803399374797
25222,0.187099398087213,0.225807234333645,0.397522302710275,0.189571064868866
25223,0.141068659604017,0.336314749304714,0.141014737412628,0.381601853678642
25224,0.0827347146565863,0.663163991720165,0.110577700433928,0.14352359318932
25225,0.509779560102128,0.0695839202845465,0.119990728636468,0.300645790976857
25226,0.426836350913998,0.170272812829975,0.152118852956336,0.250771983299691
25227,0.0408894535809808,0.745751578688572,0.0340611031063706,0.179297864624076
25228,0.0782808411172748,0.138258270607315,0.496476707557526,0.286984180717884
25229,0.0999992095712917,0.122480832053539,0.448100781871627,0.329419176503542
25230,0.294636707010534,0.0612213231652488,0.446303272851243,0.197838696972974
25231,0.0403424154755226,0.460010551600655,0.239341307260025,0.260305725663798
25232,0.14125657262051,0.429722682840543,0.048650349100146,0.380370395438801
25233,0.102299185117894,0.296294916794514,0.379894314257005,0.221511583830588
25234,0.371746181910817,0.0714553436842984,0.384458215298385,0.1723402591065
25235,0.215303896072159,0.0822131530879856,0.44482091550932,0.257662035330535
25236,0.395389910018481,0.185515668612876,0.142561719099635,0.276532702269008
25237,0.359587609433478,0.399119152645442,0.0797972617572197,0.16149597616386
25238,0.0583419914591064,0.0856990974401809,0.486720047294371,0.369238863806341
25239,0.438973892839683,0.232791642072968,0.0602220312554277,0.268012433831921
25240,0.112365407487868,0.0874407630815042,0.570216174667368,0.22997765476326
25241,0.414705667237717,0.222566495530658,0.207187650397563,0.155540186834061
25242,0.068296434968518,0.388473617413995,0.250879314220053,0.292350633397434
25243,0.158273418615216,0.32770437276696,0.301152752642111,0.212869455975714
25244,0.306094178804474,0.390004534592957,0.07513240737524,0.228768879227329
25245,0.283122516938241,0.0439116846742372,0.471813850830807,0.201151947556715
25246,0.224074302194331,0.323190243637259,0.240848934547047,0.211886519621363
25247,0.248051742163316,0.161106657709064,0.325763278934566,0.265078321193054
25248,0.322791611962278,0.204464926932439,0.0873017402604505,0.385441720844832
25249,0.138755530223312,0.592812271682138,0.11290937681657,0.15552282127798
25250,0.247707200196787,0.306245109783775,0.188736600391773,0.257311089627665
25251,0.182532729102411,0.220706002200916,0.303005759153411,0.293755509543262
25252,0.615669961599542,0.0456104222747051,0.10558366063713,0.233135955488624
25253,0.0793412286810004,0.478789773857187,0.0472141618868139,0.394654835574999
25254,0.159230093700881,0.183312615719474,0.089119971315374,0.568337319264271
25255,0.392826076756496,0.13487373186912,0.0686549989025204,0.403645192471864
25256,0.0576200209921029,0.641526404043623,0.0542450056532342,0.24660856931104
25257,0.134635337953335,0.0873152276581118,0.563558071349416,0.214491363039137
25258,0.363795771545801,0.111603629857424,0.0598822700608478,0.464718328535927
25259,0.200884930915699,0.41231785301274,0.160671566547538,0.226125649524022
25260,0.0367715047174983,0.34550017281468,0.222369497948647,0.395358824519174
25261,0.478670104961724,0.23592154484886,0.129035966324617,0.156372383864799
25262,0.183596604134018,0.300674181081503,0.0663731557305279,0.449356059053951
25263,0.459424234714899,0.096538479657616,0.17258946175122,0.271447823876265
25264,0.0566563712458445,0.141711893500288,0.282853556344656,0.518778178909211
25265,0.582641874864155,0.100761902765467,0.0343228631798924,0.282273359190486
25266,0.0489841610570213,0.634221254461535,0.0754655037223216,0.241329080759122
25267,0.190851331561264,0.120959746312826,0.361012273666855,0.327176648459055
25268,0.0751253589762816,0.410938001744817,0.330190479734484,0.183746159544418
25269,0.205326290681734,0.176966328678592,0.0637476448944786,0.553959735745195
25270,0.54926697562969,0.108467194753501,0.0910230256608422,0.251242803955966
25271,0.02702181619864,0.344334934972765,0.429783352579114,0.198859896249481
25272,0.247886660357929,0.14749704078148,0.146281570516864,0.458334728343728
25273,0.141447815048112,0.211886952617534,0.186845698439101,0.459819533895252
25274,0.220408468120367,0.138772283688887,0.224147792742321,0.416671455448425
25275,0.530344922186393,0.162930980516574,0.05252109352366,0.254203003773373
25276,0.590528669310497,0.142814831530774,0.0521247366995627,0.214531762459166
25277,0.0557832079719425,0.0454507533594348,0.521652204709698,0.377113833958925
25278,0.297026034546641,0.309095871147112,0.0635772116231028,0.330300882683145
25279,0.302383971302123,0.0794943822725698,0.0383998699102139,0.579721776515093
25280,0.108581728050179,0.16788786039483,0.542706356847142,0.180824054707848
25281,0.290989462813472,0.0235594067564781,0.365334483942489,0.32011664648756
25282,0.460337430197354,0.0215951936779387,0.0729826392920853,0.445084736832622
25283,0.160826289831708,0.0299621020794804,0.31470087417247,0.494510733916342
25284,0.296521335428131,0.367937058625699,0.0498101769832658,0.285731428962904
25285,0.522757001263667,0.172576510070992,0.121301147194821,0.18336534147052
25286,0.469811767623345,0.0581394302757744,0.0812549134310746,0.390793888669806
25287,0.0933791288612672,0.620933813149546,0.070502168361556,0.21518488962763
25288,0.110865592066728,0.0453390508807777,0.154812436453291,0.688982920599204
25289,0.0326011544185581,0.305597941547913,0.240677578528274,0.421123325505255
25290,0.181413859989624,0.399252142111874,0.0845898461048135,0.334744151793688
25291,0.426348418484269,0.137407825421115,0.0591160951415356,0.377127660953081
25292,0.144224840310284,0.0568467332183079,0.18179626193521,0.617132164536198
25293,0.0613539056728464,0.379896580169654,0.142229898445991,0.416519615711508
25294,0.17786172529588,0.399962266277151,0.086972038513855,0.335203969913114
25295,0.0756621136835709,0.106293581356844,0.344254235260371,0.473790069699213
25296,0.11157222309791,0.578747763451284,0.0463311048967587,0.263348908554047
25297,0.0654880492357228,0.533861181146357,0.0656149309743353,0.335035838643584
25298,0.678434234942816,0.0496918532481141,0.0346729469236798,0.23720096488539
25299,0.376554837209446,0.10741970924599,0.230633132710778,0.285392320833786
25300,0.317651575679848,0.471548184417986,0.0340949320012928,0.176705307900874
25301,0.546189331119014,0.0484855349582957,0.131951940833254,0.273373193089436
25302,0.416162181340099,0.074904418718689,0.207508989411388,0.301424410529825
25303,0.0462213355578435,0.427253314561713,0.251300145471198,0.275225204409246
25304,0.0441290112253677,0.157144335367143,0.5307473708541,0.267979282553389
25305,0.523108012704635,0.0377987732303602,0.106170959103525,0.33292225496148
25306,0.21368939842207,0.368702331564796,0.0575256039060837,0.36008266610705
25307,0.0901721381510646,0.346370342786912,0.151895336367783,0.411562182694241
25308,0.184802376438824,0.464212000159633,0.0680729796195976,0.282912643781945
25309,0.180849605868904,0.163028757721728,0.18070959004913,0.475412046360238
25310,0.588546875458714,0.17281803476388,0.0545917616077397,0.184043328169666
25311,0.399211463968563,0.12773989524946,0.254535458671008,0.21851318211097
25312,0.146141541983288,0.0439668745086659,0.668986504055815,0.140905079452231
25313,0.331946714159898,0.184293596059118,0.257378533960299,0.226381155820686
25314,0.4598097912012,0.0766284568467589,0.0604136657789044,0.403148086173137
25315,0.579402587806113,0.110987610998779,0.157896094431528,0.15171370676358
25316,0.169577756773427,0.231516730608961,0.119779906969609,0.479125605648003
25317,0.130231777954283,0.439962148891269,0.15503696030649,0.274769112847958
25318,0.514816727915738,0.18315216116354,0.0675900914754461,0.234441019445276
25319,0.148634663971492,0.592073891142104,0.0851405891109141,0.17415085577549
25320,0.142869011884192,0.289149731140948,0.216350862301458,0.351630394673402
25321,0.140320847813552,0.0998653485048002,0.482481000425742,0.277332803255906
25322,0.390342815357179,0.0493451255756216,0.414593073864268,0.145718985202932
25323,0.363514905623209,0.107861558253723,0.26720138387596,0.261422152247108
25324,0.315370102513535,0.319628950603961,0.0472020851033715,0.317798861779132
25325,0.241015480984597,0.421299739570032,0.0583416187720144,0.279343160673357
25326,0.133455686607318,0.143919226400688,0.294856419530189,0.427768667461806
25327,0.0576984873669163,0.467523555652693,0.109045415912373,0.365732541068017
25328,0.160608790780638,0.103554578216627,0.39033796602879,0.345498664973945
25329,0.222400078004137,0.075837110567547,0.181827179284217,0.519935632144099
25330,0.062392565105666,0.34841392160946,0.291025164995296,0.298168348289578
25331,0.15927136851068,0.297273845616978,0.089984715407741,0.453470070464601
25332,0.215460495207108,0.171015296508406,0.0745806916836656,0.538943516600821
25333,0.118176684618137,0.184462234383125,0.148880617642239,0.5484804633565
25334,0.298853487314904,0.348847354337593,0.0539751988552018,0.298323959492301
25335,0.0597729389547442,0.313802416375065,0.208136801702644,0.418287842967547
25336,0.0492507371056128,0.277152559598801,0.480658652011547,0.192938051284039
25337,0.0756822231332014,0.0498791995211699,0.399016944386437,0.475421632959192
25338,0.108740901249214,0.128764603126455,0.417199476656652,0.34529501896768
25339,0.430638421759173,0.0404904986927445,0.317556342933031,0.211314736615052
25340,0.180408371043352,0.333559343250494,0.110351693665535,0.375680592040619
25341,0.0470353038885628,0.541153962292274,0.0956854894964316,0.316125244322732
25342,0.0263179702412911,0.295624864949557,0.452180528843283,0.225876635965869
25343,0.197733410027086,0.311238876239142,0.372815078937154,0.118212634796618
25344,0.209690657462401,0.118969872641656,0.327571696385199,0.343767773510744
25345,0.0692686526457171,0.304433597235279,0.405664785792581,0.220632964326423
25346,0.267757146923779,0.0448889084745492,0.241335417572821,0.446018527028851
25347,0.520703908602125,0.218938967342689,0.0497542540966352,0.21060286995855
25348,0.370046269197712,0.104776097546298,0.120743684079044,0.404433949176946
25349,0.0875073629467251,0.11398360908483,0.482966516528362,0.315542511440083
25350,0.453270726340555,0.171473209366175,0.139110530850591,0.236145533442679
25351,0.147950724367183,0.0849904961021925,0.415316924022486,0.351741855508139
25352,0.299690801521531,0.0734025951614518,0.131256033769184,0.495650569547833
25353,0.264549168931682,0.0889339834056214,0.248229815186582,0.398287032476114
25354,0.338609785862325,0.036144010797248,0.384145149527166,0.241101053813261
25355,0.106551606554112,0.436503350850839,0.0655290670164801,0.391415975578569
25356,0.0883826996505199,0.246474147901032,0.106527396066816,0.558615756381632
25357,0.108190512491471,0.407448108625499,0.306748564309559,0.177612814573471
25358,0.28804967913848,0.0951732508308114,0.389982092314289,0.226794977716419
25359,0.378475730960167,0.0642304182691275,0.3834103310419,0.173883519728807
25360,0.145703769004212,0.133270135212878,0.335170145360307,0.385855950422603
25361,0.330781101084501,0.119154990500062,0.240608626438354,0.309455281977083
25362,0.0354502886201025,0.0370606289614872,0.513503892875491,0.413985189542919
25363,0.203922326678917,0.152577780815399,0.296595862352824,0.34690403015286
25364,0.112128515936432,0.0993774578194716,0.489690300831359,0.298803725412738
25365,0.234594833294985,0.0636240233888585,0.16280576699467,0.538975376321486
25366,0.0534005283629831,0.346981199254416,0.303528829592056,0.296089442790545
25367,0.124485015476783,0.354810227535079,0.219712696598754,0.300992060389384
25368,0.506035448141491,0.249999479532852,0.0445886562187468,0.19937641610691
25369,0.339740382949946,0.0589567425972385,0.307939316430738,0.293363558022077
25370,0.230859376449729,0.29938305889379,0.221740640140649,0.248016924515832
25371,0.113103387735871,0.515106911161413,0.102736352914076,0.26905334818864
25372,0.336335074229186,0.0526843595128522,0.399179475089154,0.211801091168808
25373,0.0682469093811302,0.492000128144303,0.186422869622739,0.253330092851828
25374,0.136806122182296,0.120746544359771,0.537010746947537,0.205436586510397
25375,0.080263151212069,0.438581107414839,0.227685972667125,0.253469768705967
25376,0.253683373083426,0.18043876771615,0.262076109533038,0.303801749667386
25377,0.26109912826617,0.376822246649875,0.176252284102029,0.185826340981926
25378,0.372005442667758,0.0977408087088493,0.239632036861208,0.290621711762184
25379,0.197773251924024,0.474928832624298,0.0551964561252701,0.272101459326407
25380,0.221586039670865,0.40608156609129,0.14094906567076,0.231383328567085
25381,0.213847965034149,0.249724221463075,0.192886789563307,0.343541023939469
25382,0.387984221086634,0.174064579311505,0.096085785815457,0.341865413786404
25383,0.101123807679575,0.516176693405603,0.207751201258674,0.174948297656148
25384,0.140364211282651,0.126226577710743,0.425929404838099,0.307479806168507
25385,0.168040982391286,0.191659561902466,0.292429623861876,0.347869831844372
25386,0.341782213325646,0.156071362799527,0.11942583330481,0.382720590570016
25387,0.157380563041573,0.157106824533699,0.156126370620136,0.529386241804592
25388,0.180770827216402,0.181700441495536,0.43454089147227,0.202987839815793
25389,0.412585830674726,0.322322729468279,0.0778651958749425,0.187226243982053
25390,0.0751501722001542,0.125559040175841,0.611312859862995,0.18797792776101
25391,0.264347457809795,0.131900470244122,0.196370924623363,0.40738114732272
25392,0.0747135058391237,0.0584170859383648,0.61104331987721,0.255826088345301
25393,0.216990197129509,0.356468596722849,0.158963620741091,0.267577585406551
25394,0.057362205101676,0.289016923592091,0.466387673214157,0.187233198092076
25395,0.0929866338530759,0.208704275424113,0.400886010556327,0.297423080166484
25396,0.168333394281535,0.486193669752938,0.184038032543959,0.161434903421568
25397,0.244195188511064,0.106218360665896,0.485736218804188,0.163850232018853
25398,0.217388535890764,0.137732399344972,0.183869214861765,0.4610098499025
25399,0.129432434536099,0.261077713128974,0.277275521252223,0.332214331082704
25400,0.182990075619464,0.358316490072877,0.213031323609486,0.245662110698173
25401,0.232307859236949,0.262396837584742,0.182672072699886,0.322623230478423
25402,0.524660395284368,0.0671539634833392,0.139659397373816,0.268526243858477
25403,0.180747120633197,0.292942960994743,0.324176294754294,0.202133623617766
25404,0.278030098391503,0.126206831962258,0.115077969361459,0.48068510028478
25405,0.504904349444654,0.160929285855482,0.0909141066033189,0.243252258096545
25406,0.0743650132956061,0.354380050259981,0.216466525432229,0.354788411012184
25407,0.219438460739933,0.119320400285622,0.223862818761042,0.437378320213403
25408,0.196731622189969,0.307953597127027,0.133388079706151,0.361926700976854
25409,0.296624652323521,0.0991942989871374,0.388547065584262,0.21563398310508
25410,0.048478636288611,0.300181172222125,0.341715812077727,0.309624379411537
25411,0.192336158209276,0.141599429326194,0.10269576688811,0.56336864557642
25412,0.665266582537126,0.0899866780357833,0.0650752054745302,0.17967153395256
25413,0.454595297628148,0.0573116945525534,0.173251100008434,0.314841907810864
25414,0.156764515818785,0.0643538647312632,0.537654166177613,0.241227453272339
25415,0.0516637322554471,0.286866665976918,0.278011103590336,0.383458498177298
25416,0.184085071952731,0.229229124081238,0.264836679327421,0.32184912463861
25417,0.0456357558740829,0.188220603107307,0.537513493825974,0.228630147192637
25418,0.0558856827963476,0.710647663043256,0.054840130147046,0.17862652401335
25419,0.163105254197025,0.270488575642941,0.446409397101704,0.11999677305833
25420,0.0906418910441268,0.385799019534124,0.100017856114679,0.42354123330707
25421,0.332045058652193,0.200355322759247,0.331792316112709,0.135807302475851
25422,0.205902587817365,0.124125039832464,0.0994491355295562,0.570523236820615
25423,0.505311938175994,0.0487787847259875,0.088800089419628,0.35710918767839
25424,0.132701756206584,0.0814458564888407,0.413997005472922,0.371855381831653
25425,0.103748275372056,0.0456216744940672,0.522297940833187,0.328332109300689
25426,0.324440101046758,0.380300495967315,0.0354133979614287,0.259846005024498
25427,0.0909190014287533,0.147932787951953,0.37727274687353,0.383875463745764
25428,0.0493755231828374,0.0542327137145584,0.39978587285373,0.496605890248874
25429,0.292740399263164,0.0369277202085372,0.391772220880918,0.278559659647381
25430,0.436736242226946,0.0820047277007977,0.199022558160502,0.282236471911755
25431,0.0492587425215276,0.320305740835855,0.32807705613821,0.302358460504407
25432,0.162956612284032,0.124236157599179,0.190518752145811,0.522288477970978
25433,0.0486791124178987,0.046773255680569,0.578291416597171,0.326256215304361
25434,0.255362145232065,0.110857167026184,0.28360090097193,0.350179786769821
25435,0.28651461333544,0.249469165606073,0.169077377683655,0.294938843374832
25436,0.151450525606578,0.370991830863486,0.042972371676558,0.434585271853378
25437,0.416767993470096,0.228772315093424,0.0737132295323095,0.28074646190417
25438,0.250846106085988,0.0890400153435407,0.36401380225565,0.296100076314821
25439,0.172290568943831,0.0688440133738459,0.309146205118747,0.449719212563575
25440,0.0522708691223047,0.0370383934890878,0.58047736648521,0.330213370903398
25441,0.371938295626491,0.212551525070244,0.0823216026274958,0.333188576675769
25442,0.12337152039578,0.0890600200262128,0.420197909015926,0.367370550562082
25443,0.309300165724012,0.405349190823245,0.0580297042298302,0.227320939222913
25444,0.0934743189833626,0.208890716563506,0.295690591522533,0.401944372930598
25445,0.257409390666,0.353074439800185,0.222425131547471,0.167091037986343
25446,0.382571330823606,0.160967778743854,0.106433656809803,0.350027233622737
25447,0.180268174158388,0.349553338807704,0.0861968050139412,0.383981682019967
25448,0.4023762800952,0.185361835809533,0.0992389373615245,0.313022946733742
25449,0.125111865158455,0.40804809086638,0.172981308979239,0.293858734995925
25450,0.412431364776173,0.143848005594054,0.184697197715224,0.259023431914549
25451,0.25359850986368,0.530089899629142,0.118349256264267,0.0979623342429114
25452,0.573982849612649,0.160843320442883,0.051455168914418,0.21371866103005
25453,0.138950183663105,0.124502945685672,0.187724968081153,0.54882190257007
25454,0.268243082620964,0.125923649491318,0.388708053975139,0.217125213912579
25455,0.311904657720448,0.189428376767582,0.131579190494996,0.367087775016975
25456,0.155548623837692,0.1365579657909,0.357056556417982,0.350836853953426
25457,0.24734438749083,0.271967202460802,0.325235610660514,0.155452799387854
25458,0.416656562704511,0.0938498081790528,0.209046856945407,0.28044677217103
25459,0.572112163135769,0.11206397534406,0.0971183812477104,0.21870548027246
25460,0.135598650230416,0.250515873250093,0.49106853580013,0.122816940719361
25461,0.0439129443378992,0.0971810057027566,0.378730369504529,0.480175680454815
25462,0.153945824867944,0.31419983491947,0.0333451849411991,0.498509155271387
25463,0.360733102993208,0.0825192337892419,0.219987786251119,0.336759876966432
25464,0.0274354183389623,0.191808315141979,0.420052059999128,0.360704206519931
25465,0.606112849452196,0.126895124313335,0.0527489215404109,0.214243104694058
25466,0.0731851645654963,0.309856848964832,0.473553436666241,0.143404549803431
25467,0.219172740072825,0.155542943346644,0.0687200370456326,0.556564279534899
25468,0.117936456601367,0.400054285938127,0.189009915219064,0.292999342241443
25469,0.140040548291875,0.561100281411393,0.0460262750197814,0.25283289527695
25470,0.202746612521514,0.147755052097848,0.450984206413684,0.198514128966954
25471,0.0758079562432564,0.335684210465331,0.0714579549152692,0.517049878376144
25472,0.198594818705111,0.146509349646559,0.113401707721309,0.54149412392702
25473,0.285830859690988,0.126269926292423,0.334226562034084,0.253672651982505
25474,0.223002795953266,0.51569496833546,0.034490048916142,0.226812186795132
25475,0.082235925837601,0.532437813122282,0.132979745437298,0.252346515602819
25476,0.336597363326405,0.30508444749004,0.0402508522798151,0.318067336903739
25477,0.29106705866283,0.141042478805743,0.24238576979831,0.325504692733117
25478,0.092599628033264,0.274196116134535,0.0571534263366641,0.576050829495537
25479,0.0611024874021017,0.036455287475184,0.568796034481973,0.333646190640741
25480,0.0692416588396878,0.0498297916387257,0.313152850435819,0.567775699085767
25481,0.0613174839982815,0.486537334034258,0.03071836499843,0.42142681696903
25482,0.394294176465473,0.105052475413094,0.208980675956329,0.291672672165104
25483,0.208211009617116,0.512056224821626,0.104877814602708,0.17485495095855
25484,0.233957942407487,0.033279032328395,0.110211690203953,0.622551335060165
25485,0.500855947057423,0.0701451133165619,0.134777274250748,0.294221665375267
25486,0.15299957034616,0.192162698872745,0.333492877547952,0.321344853233143
25487,0.211379061269481,0.0612783897179487,0.0725774878218553,0.654765061190715
25488,0.299419561722136,0.0538330115812191,0.116797550746053,0.529949875950592
25489,0.24514386254677,0.279967076599227,0.125739889993636,0.349149170860366
25490,0.109708829412069,0.200950195773745,0.455190821111575,0.234150153702611
25491,0.0446529818700417,0.226173047620344,0.109679796729951,0.619494173779663
25492,0.401574148476323,0.151941873468434,0.232229472761235,0.214254505294008
25493,0.0858132679830328,0.0478815334928175,0.114332506531158,0.751972691992991
25494,0.491631859866663,0.0913294075861931,0.0280669871057551,0.388971745441389
25495,0.202445176819706,0.0835976868135448,0.353874048035941,0.360083088330808
25496,0.0286012831334259,0.0627947200500482,0.599795041634594,0.308808955181933
25497,0.0836291976655577,0.0151224279848122,0.600287067372012,0.300961306977618
25498,0.611677470507461,0.0185246561892953,0.0310475236736834,0.33875034962956
25499,0.0993612539973833,0.171912739790482,0.42917429564961,0.299551710562524
25500,0.558023774509412,0.10363152954904,0.152552423946609,0.18579227199494
25501,0.116607626360703,0.542526417130037,0.0784636896264171,0.262402266882843
25502,0.540305052168225,0.0527190010714736,0.261655321342912,0.145320625417389
25503,0.138446767275319,0.217919054762301,0.310979832277638,0.332654345684742
25504,0.348288920055183,0.416626977645811,0.049296567403,0.185787534896006
25505,0.0672955747259567,0.310318218779333,0.316263203452698,0.306123003042013
25506,0.191047718882943,0.1749428066411,0.380185942016427,0.253823532459531
25507,0.117372327837035,0.258645422631667,0.0974696282313983,0.526512621299899
25508,0.0383680251188472,0.521287893381831,0.268320813985015,0.172023267514306
25509,0.498119161367399,0.108567411900457,0.142725638424609,0.250587788307534
25510,0.245560196717739,0.151441243809128,0.341738074332486,0.261260485140647
25511,0.656413451254901,0.0775571758008096,0.0575261162562523,0.208503256688037
25512,0.50925284343103,0.0442482286986404,0.194758905348403,0.251740022521927
25513,0.100780938918348,0.283305004238742,0.192428709424925,0.423485347417985
25514,0.188343164152126,0.235911311342053,0.392363618584106,0.183381905921715
25515,0.137287138931156,0.300887469743394,0.0685215789221886,0.493303812403262
25516,0.243301380623364,0.462246470060755,0.0404187843586338,0.254033364957247
25517,0.252671376626336,0.0831995262849208,0.31542591504024,0.348703182048503
25518,0.2914310292473,0.233752442482991,0.246654492047327,0.228162036222382
25519,0.125351210315693,0.334130152572494,0.348599682037412,0.191918955074401
25520,0.22623044338068,0.230884627968814,0.317847812865162,0.225037115785344
25521,0.263465749310344,0.304209710652887,0.146704067248918,0.285620472787851
25522,0.131136110088145,0.482582955470874,0.0989404894287584,0.287340445012223
25523,0.555643518626214,0.104399179365114,0.0998240706131605,0.240133231395511
25524,0.189001380928695,0.186729659226737,0.389661757045428,0.234607202799139
25525,0.204621584209961,0.238809419497776,0.158255597653224,0.398313398639039
25526,0.372994176812007,0.373435808009546,0.055545442435705,0.198024572742741
25527,0.418910529931047,0.131221541117767,0.198561197340939,0.251306731610247
25528,0.412533813849638,0.140494138484856,0.269886438808304,0.177085608857202
25529,0.451244188563354,0.0836847110840052,0.340831962141042,0.124239138211599
25530,0.175811594460336,0.326128375052352,0.123089094539223,0.374970935948088
25531,0.0425718290323582,0.211137375036661,0.589054137322457,0.157236658608524
25532,0.180868979915226,0.494929086569457,0.227249666401546,0.0969522671137704
25533,0.30624403846269,0.16813158270861,0.320175288158141,0.205449090670559
25534,0.123499531555087,0.447777346091397,0.12092640850117,0.307796713852346
25535,0.378123050899211,0.330526823817992,0.0491707283376903,0.242179396945107
25536,0.174867503935042,0.316246456337209,0.284394949540878,0.224491090186872
25537,0.0777010888213882,0.0879789598344467,0.425773681785563,0.408546269558602
25538,0.542339272412802,0.0847095072486366,0.146910686748846,0.226040533589715
25539,0.539873285067096,0.170543014850517,0.0692820372550823,0.220301662827305
25540,0.217879558238236,0.108782301127373,0.547827739359555,0.125510401274836
25541,0.37872376613099,0.292206010004554,0.170812984699827,0.15825723916463
25542,0.0983056433447443,0.279939151740306,0.173144908108469,0.448610296806481
25543,0.198380044688973,0.128470901520905,0.356173777693669,0.316975276096453
25544,0.317268895788653,0.344953358590996,0.0531640123222528,0.284613733298098
25545,0.269073528027611,0.257546085037158,0.318026487221309,0.155353899713921
25546,0.327906775711978,0.422045760722099,0.118623656491588,0.131423807074334
25547,0.246152147578952,0.246420169338164,0.352531193989595,0.154896489093288
25548,0.136462228403117,0.152184198539113,0.41804603870747,0.2933075343503
25549,0.13564082730109,0.163729578131792,0.346686985325511,0.353942609241607
25550,0.19193292427188,0.153557039926203,0.130411301890416,0.524098733911501
25551,0.196804279858968,0.247668383580587,0.191819253585,0.363708082975445
25552,0.08857191357594,0.382817845699216,0.252398518615526,0.276211722109317
25553,0.0945153840293689,0.708262672860697,0.0657060018372283,0.131515941272706
25554,0.0711661148270514,0.509461206327649,0.131568015013457,0.287804663831843
25555,0.397947814598948,0.142217983591361,0.132759990751378,0.327074211058313
25556,0.282935611959274,0.466164490270222,0.0983160039451996,0.152583893825304
25557,0.251486809370233,0.386956367903785,0.164165439332991,0.197391383392991
25558,0.393641819748512,0.171291925892943,0.144281343673524,0.290784910685021
25559,0.491081372195048,0.12894160356787,0.141679956512734,0.238297067724349
25560,0.28974831450326,0.213465676362837,0.159784991707869,0.337001017426034
25561,0.386537996212134,0.275409917005245,0.109676190753554,0.228375896029066
25562,0.239276835333028,0.162336648223127,0.34886985549853,0.249516660945314
25563,0.448809928478503,0.206302802693349,0.166762011347962,0.178125257480186
25564,0.255795744649375,0.0863189415829984,0.493271211730327,0.1646141020373
25565,0.256003234560531,0.0890871244975904,0.31616288814961,0.338746752792268
25566,0.0779935222772296,0.539138167177691,0.136411131141089,0.246457179403991
25567,0.0579140220611134,0.298017762788617,0.30173903717665,0.34232917797362
25568,0.337739341456557,0.324569110671463,0.190988596957244,0.146702950914735
25569,0.387090587035061,0.186883344842761,0.300162175552508,0.12586389256967
25570,0.271235837179142,0.100855720492057,0.354906415208663,0.273002027120138
25571,0.348002870188154,0.164198030405968,0.10321950493356,0.384579594472318
25572,0.530557122825334,0.059368528098317,0.0906174034627186,0.319456945613631
25573,0.156415839282229,0.510877155968862,0.157200146522152,0.175506858226757
25574,0.131381381137021,0.0909861674324297,0.414150219440961,0.363482231989589
25575,0.46912601312108,0.0525934524324014,0.177619018813658,0.30066151563286
25576,0.537848371608335,0.054867384121472,0.20425089302064,0.203033351249553
25577,0.258451631290406,0.116702505685548,0.240400247463666,0.38444561556038
25578,0.432941910850383,0.228033455431103,0.114819938065337,0.224204695653176
25579,0.390662222364634,0.195412904010455,0.0788781711945843,0.335046702430327
25580,0.410478719372995,0.236799871757616,0.0943313160565399,0.258390092812849
25581,0.335389061681942,0.185580842196476,0.0661548702130231,0.412875225908559
25582,0.130701017284956,0.124984270275322,0.0961602118967854,0.648154500542937
25583,0.496972109199714,0.0259188933115113,0.343989298585028,0.133119698903746
25584,0.231218478778525,0.203144760622901,0.146015083386286,0.419621677212288
25585,0.129064958059985,0.338254509997074,0.100721746984999,0.431958784957942
25586,0.0931981627073462,0.0943813877886558,0.622165666632342,0.190254782871656
25587,0.568260428148757,0.144788968997093,0.102581677096035,0.184368925758115
25588,0.132373065926487,0.16506778071006,0.161379088898863,0.541180064464591
25589,0.291702713492259,0.248662425448323,0.162020968536811,0.297613892522607
25590,0.167933334507972,0.203259045406397,0.134576601503699,0.494231018581932
25591,0.260278514850125,0.222532838987367,0.108672232288849,0.408516413873659
25592,0.33484038740576,0.450343711591906,0.0306275441474951,0.184188356854839
25593,0.253133452316884,0.264831656804427,0.234305666982385,0.247729223896304
25594,0.156469619707701,0.217336019052098,0.279465158815077,0.346729202425125
25595,0.522541029210268,0.16874497049828,0.0872402322510264,0.221473768040425
25596,0.0665994332458561,0.0384730712950925,0.413955856213207,0.480971639245844
25597,0.306212907165603,0.114571483178007,0.0884123353813956,0.490803274274994
25598,0.316811854009561,0.167656589299609,0.0996779171541494,0.415853639536681
25599,0.186179958347963,0.122857816794737,0.37080507432977,0.32015715052753
25600,0.0821875058670508,0.0886751208234361,0.504419273436342,0.324718099873171
25601,0.413897512088081,0.0127560661698839,0.362722483251267,0.210623938490767
25602,0.268560392113372,0.0637538533953261,0.162458745516488,0.505227008974814
25603,0.446521331074407,0.298807843609953,0.0427255819005809,0.211945243415059
25604,0.193065416664,0.453091916651958,0.249836392310033,0.104006274374009
25605,0.0596507551187379,0.0700906083253314,0.2085334046642,0.66172523189173
25606,0.027050532424519,0.64128677330249,0.0295751679938316,0.302087526279159
25607,0.295897336437324,0.325506247252535,0.0450386653481444,0.333557750961997
25608,0.0657220322062573,0.268938926226901,0.192461792463344,0.472877249103498
25609,0.51201935201152,0.147529692886116,0.0910549734032667,0.249395981699097
25610,0.243791082728469,0.151251991102961,0.151938430184331,0.453018495984238
25611,0.0491067137550811,0.224807604438258,0.461772007545702,0.264313674260958
25612,0.134175589063699,0.158644590454587,0.525940549799966,0.181239270681748
25613,0.603307553695331,0.0713159639479304,0.114147426905486,0.211229055451253
25614,0.291500209258387,0.142874536473888,0.105630196952724,0.459995057315001
25615,0.383372451750099,0.146241329108232,0.246909016994126,0.223477202147544
25616,0.073100543923992,0.193280876652763,0.437498911052108,0.296119668371137
25617,0.60734039552524,0.0778050817896375,0.180740166009444,0.134114356675679
25618,0.285489255456113,0.107681920701508,0.401980075752688,0.204848748089691
25619,0.120463033244224,0.117771605847982,0.341105137678896,0.420660223228898
25620,0.0845640605534698,0.0590055393648103,0.576581882660671,0.279848517421049
25621,0.0982480819476163,0.0836817180685293,0.59881866789227,0.219251532091585
25622,0.271281416205383,0.131483838347011,0.355246056185284,0.241988689262322
25623,0.198049829867332,0.473711823706679,0.121065881037959,0.20717246538803
25624,0.343997013163957,0.129012382965157,0.177291704493063,0.349698899377823
25625,0.239824851840465,0.115870469363942,0.293372098184478,0.350932580611116
25626,0.318862559970256,0.352172971079552,0.103250987007425,0.225713481942766
25627,0.311879436684275,0.206913590921407,0.260989399933189,0.220217572461129
25628,0.0962872085489528,0.306445226851362,0.323840090872961,0.273427473726724
25629,0.148085424292235,0.264857085724465,0.402546046976436,0.184511443006864
25630,0.36235263015013,0.363370111060587,0.0665972767245856,0.207679982064697
25631,0.0915574368242553,0.282328300760206,0.32607868738614,0.300035575029399
25632,0.253802790320164,0.313279054479196,0.221166994534203,0.211751160666436
25633,0.0972263533271168,0.217240885213945,0.294186552512343,0.391346208946595
25634,0.448951710126465,0.213191632205425,0.107667353733035,0.230189303935076
25635,0.523144041419849,0.0407672700691376,0.0650438597482946,0.371044828762719
25636,0.332745029127053,0.181000431759208,0.161048465779393,0.325206073334346
25637,0.205971301725042,0.210028820729139,0.16624222039505,0.417757657150769
25638,0.258022324416604,0.0977716293139337,0.0779321557991687,0.566273890470293
25639,0.352206216400371,0.330134014950365,0.0653438630733701,0.252315905575894
25640,0.187505598412545,0.0597051838316945,0.312478652199383,0.440310565556378
25641,0.218087909883579,0.281066618568155,0.270074900228837,0.230770571319429
25642,0.0296095276319891,0.51146723891846,0.131506445172948,0.327416788276603
25643,0.237856358522002,0.501718826532226,0.0885424594651653,0.171882355480607
25644,0.615602830321717,0.032960452883959,0.0534898170603751,0.297946899733949
25645,0.0395361801347382,0.523211267454798,0.0792977643628539,0.35795478804761
25646,0.341141256092761,0.0915066338436522,0.340815970528371,0.226536139535215
25647,0.195540374880515,0.121095951046765,0.257095626752875,0.426268047319845
25648,0.22881435839402,0.0806974390043922,0.383450837360755,0.307037365240832
25649,0.117160315077261,0.535656783377111,0.0795042725273281,0.267678629018301
25650,0.0603562060406811,0.050598750519274,0.478754891108554,0.41029015233149
25651,0.277585079545091,0.201790141768707,0.37907897451907,0.141545804167132
25652,0.437843625940986,0.0352131079451611,0.0472912316608906,0.479652034452962
25653,0.0785634220269525,0.342764391087827,0.299962274094919,0.278709912790301
25654,0.0532048622758379,0.357175479657836,0.315744768863676,0.273874889202651
25655,0.0808236384499792,0.100231345215358,0.399760622408833,0.41918439392583
25656,0.517782678615766,0.199360414908324,0.0582721344923987,0.224584771983512
25657,0.166776551522111,0.411002279911432,0.0711890714633257,0.351032097103132
25658,0.384889788109158,0.376774394829746,0.044930791981132,0.193405025079964
25659,0.535433629225531,0.0591876825616787,0.243801773074628,0.161576915138163
25660,0.356364452941935,0.430568969427718,0.0423704976517425,0.170696079978603
25661,0.160021474750265,0.0674130760560503,0.256327683712101,0.516237765481584
25662,0.334436789914582,0.310195268610742,0.0288473301575124,0.326520611317165
25663,0.12715510078847,0.0686725219266291,0.190379561686171,0.61379281559873
25664,0.0306118948356029,0.418835818892637,0.26110220692938,0.28945007934238
25665,0.0543283844369102,0.268298404087,0.279824072468797,0.397549139007292
25666,0.143849368601543,0.0541828084684822,0.361127419653463,0.440840403276512
25667,0.652629700358928,0.0306613791272204,0.0804206311958533,0.236288289317998
25668,0.219510589437271,0.0583178283374519,0.0687233050610408,0.653448277164236
25669,0.0474127201191269,0.431495800824567,0.082889771651581,0.438201707404725
25670,0.499633346888476,0.257314472736905,0.0714011773491881,0.171651003025431
25671,0.154146886881466,0.337342647370944,0.302693929920864,0.205816535826726
25672,0.0755700520343177,0.471268142320344,0.107612229460892,0.345549576184447
25673,0.103281603131045,0.407021738291308,0.12289587707224,0.366800781505407
25674,0.431770869284931,0.138148055226153,0.217337891440767,0.212743184048149
25675,0.248846273669374,0.153975287029663,0.264336867923969,0.332841571376995
25676,0.216275022855809,0.536269313006878,0.0630456834046035,0.184409980732709
25677,0.483968833104941,0.174219153018118,0.0578592434834649,0.283952770393476
25678,0.158577310880801,0.216918766961853,0.381309588803123,0.243194333354223
25679,0.0751889267246183,0.532821038313294,0.0900960407243906,0.301893994237697
25680,0.0961455753803402,0.428236447982674,0.149805851921479,0.325812124715506
25681,0.116280899033422,0.315099155022945,0.183665329140893,0.38495461680274
25682,0.327610744322664,0.168706632779887,0.225299657754446,0.278382965143003
25683,0.435322141969567,0.274406622385476,0.117083183952551,0.173188051692406
25684,0.0844584512436952,0.425717775079086,0.0997004840840571,0.390123289593162
25685,0.12250594054344,0.379793251360928,0.0923269062143306,0.405373901881301
25686,0.106868209048272,0.318882144067285,0.304224699923296,0.270024946961147
25687,0.118411014341545,0.715015392543543,0.0560074898527948,0.110566103262117
25688,0.170764581248665,0.197363059274667,0.392274157243287,0.239598202233381
25689,0.449877804590769,0.0346608792412118,0.345676434838729,0.16978488132929
25690,0.0414088448542759,0.459882132739695,0.235787091760465,0.262921930645564
25691,0.186559026923007,0.128092355333523,0.486470315455499,0.198878302287971
25692,0.194791277722289,0.313011617916803,0.094482725525483,0.397714378835425
25693,0.071420010832328,0.313184313679716,0.384679276057017,0.230716399430938
25694,0.469975102297519,0.106707045645409,0.179066180068189,0.244251671988883
25695,0.361566203687213,0.29787824832758,0.0604704286953997,0.280085119289807
25696,0.259026329631509,0.385722102420891,0.200960780586618,0.154290787360982
25697,0.189088447418438,0.111337459845982,0.450760261183236,0.248813831552343
25698,0.179712904474565,0.342695632450749,0.160885207239228,0.316706255835458
25699,0.229061033172937,0.216122243322646,0.334034836084028,0.220781887420389
25700,0.15594658285156,0.162323833867317,0.432626000964471,0.249103582316651
25701,0.201903108101386,0.460122285563602,0.0700704824234884,0.267904123911524
25702,0.0868877789219907,0.286685931520966,0.33218169455437,0.294244595002673
25703,0.27410783571544,0.365069185604601,0.108246006375118,0.25257697230484
25704,0.584447629980445,0.100324494972458,0.0582319445254501,0.256995930521647
25705,0.0432414560299182,0.237393698558843,0.498796499936925,0.220568345474314
25706,0.473567663756437,0.162581347107699,0.209854965441047,0.153996023694817
25707,0.370167384910631,0.321160777960909,0.067927573024837,0.240744264103623
25708,0.347478219508251,0.0439647435236229,0.380360328188221,0.228196708779905
25709,0.280877476059746,0.209042050999908,0.380021350104317,0.130059122836029
25710,0.163974854726767,0.0980784930194489,0.458963605195167,0.278983047058617
25711,0.359458885528604,0.12977886995019,0.275248391017592,0.235513853503614
25712,0.272277862840109,0.186789912636139,0.141562199816948,0.399370024706804
25713,0.359235385063155,0.226888819317046,0.270589224370509,0.143286571249291
25714,0.318253810655644,0.110102162039517,0.167021664338977,0.404622362965863
25715,0.326970632462543,0.28550459182997,0.283502916196796,0.104021859510691
25716,0.162293975016277,0.238561957916651,0.40853323905327,0.190610828013802
25717,0.0997375333822454,0.317704250783011,0.138436006990513,0.444122208844231
25718,0.357670120218965,0.106173409890256,0.188333176769682,0.347823293121098
25719,0.407957441514581,0.35418872066629,0.128616581455918,0.10923725636321
25720,0.267487413296981,0.24723130434922,0.1893653882886,0.295915894065199
25721,0.359613585227503,0.0816277700590813,0.354965417895477,0.203793226817939
25722,0.205012867025245,0.243808260586479,0.12274686928249,0.428432003105785
25723,0.22089711593094,0.0751335861905767,0.482054075018507,0.221915222859976
25724,0.195506489476156,0.151934603347464,0.235656557088036,0.416902350088344
25725,0.399083575326534,0.177916660480586,0.285311530278069,0.137688233914811
25726,0.155380173559146,0.332197556971347,0.238732910563842,0.273689358905665
25727,0.0637570963258364,0.30682669700328,0.35220465226447,0.277211554406413
25728,0.292616212356854,0.0943855143440607,0.303322508717269,0.309675764581816
25729,0.271901851591136,0.120575435361603,0.479246091574862,0.128276621472399
25730,0.561552115352878,0.152572968018755,0.077680470730503,0.208194445897865
25731,0.465502933531926,0.0508585252815368,0.233748843460452,0.249889697726085
25732,0.092406846232384,0.03499348608121,0.626286489471323,0.246313178215083
25733,0.141121284560539,0.173286485897075,0.296674478434801,0.388917751107584
25734,0.281816715509299,0.18604066884996,0.251762398509205,0.280380217131536
25735,0.180156740371506,0.287646189711925,0.320096710474017,0.212100359442552
25736,0.323918357300769,0.186301574018959,0.238394052057435,0.251386016622837
25737,0.136569132599051,0.54858714769289,0.0423898701617608,0.272453849546298
25738,0.177875461403606,0.204300587397948,0.166607748163253,0.451216203035193
25739,0.18951377683351,0.142485281116687,0.370179679599748,0.297821262450055
25740,0.313871862224906,0.222654186196044,0.248619239871725,0.214854711707325
25741,0.399848410204653,0.210835526487717,0.0545363497295514,0.334779713578079
25742,0.0691090901729011,0.625255379726909,0.0776376420122314,0.227997888087958
25743,0.0915114293428329,0.30462883428782,0.18175634267706,0.422103393692288
25744,0.419164261495783,0.217705350780276,0.056388106801035,0.306742280922906
25745,0.118257761028368,0.404366396078703,0.294091209620847,0.183284633272082
25746,0.491012621466024,0.235997203159162,0.116495054036,0.156495121338814
25747,0.404276937876665,0.300123888994518,0.0570273574789264,0.23857181564989
25748,0.0647360674168805,0.609110574377544,0.0587968842032152,0.26735647400236
25749,0.500862052679231,0.0497282559582392,0.145629499691471,0.303780191671059
25750,0.091504302542079,0.183341565126306,0.529426003733383,0.195728128598232
25751,0.0853873016413914,0.205779097261667,0.561841404860021,0.14699219623692
25752,0.327214681600543,0.0953224543817397,0.239827221035538,0.33763564298218
25753,0.518811457425515,0.0774967320391125,0.182466164644867,0.221225645890505
25754,0.587957585731676,0.0355754590617637,0.0518030647740057,0.324663890432555
25755,0.370196636013972,0.0710112248984361,0.142191977456165,0.416600161631427
25756,0.203586257760097,0.477673443925356,0.0384676920649245,0.280272606249622
25757,0.172429503152502,0.155952359189084,0.105795927271046,0.565822210387368
25758,0.181742784863876,0.11638923228396,0.288882662405983,0.412985320446181
25759,0.331491864744375,0.378205822360552,0.0830655281372883,0.207236784757784
25760,0.470156000358255,0.168306880132543,0.191733545610783,0.169803573898418
25761,0.19321686462302,0.283384427305987,0.117093818985147,0.406304889085846
25762,0.165789255209195,0.515784877594274,0.0366526560058487,0.281773211190682
25763,0.344003430092473,0.114636962396724,0.238110444377634,0.303249163133169
25764,0.343545491646971,0.107071233441311,0.240806600453686,0.308576674458032
25765,0.173330718408237,0.208553960444799,0.313305600409863,0.304809720737102
25766,0.117690947005125,0.384907948078412,0.327130772098075,0.170270332818388
25767,0.491547276590381,0.189087498606453,0.0647879494658222,0.254577275337343
25768,0.311052712388953,0.165230107832124,0.112754139224387,0.410963040554536
25769,0.433378400062198,0.273138648394885,0.122336353068331,0.171146598474586
25770,0.296058793562757,0.119956538584794,0.144065962994942,0.439918704857506
25771,0.0502683708832876,0.492257445337038,0.206896610546035,0.250577573233639
25772,0.149842646358416,0.253098692424201,0.219222227800508,0.377836433416875
25773,0.422577920471328,0.147741671220949,0.0845120992847219,0.345168309023001
25774,0.261985037929472,0.129106782362131,0.487593828057013,0.121314351651384
25775,0.369506328013612,0.0737166573585957,0.422055401809112,0.13472161281868
25776,0.18649066618121,0.0966291364160607,0.176200663935822,0.540679533466907
25777,0.0687041253679656,0.0794630596859104,0.644024613464446,0.207808201481678
25778,0.301582963247392,0.416601539372985,0.0896948209892837,0.192120676390339
25779,0.357583522141747,0.258036557993503,0.092970121159153,0.291409798705597
25780,0.0808242472319552,0.316452456660029,0.282642901907801,0.320080394200214
25781,0.330921796447695,0.273417512203146,0.0540995866082203,0.341561104740939
25782,0.0699359801098821,0.291514678000675,0.0518903344045289,0.586659007484914
25783,0.263713285122514,0.0866581084015601,0.422851859046631,0.226776747429294
25784,0.113593564297665,0.128636192873753,0.308886741254991,0.448883501573591
25785,0.103622531191381,0.240488062496426,0.226394144160251,0.429495262151942
25786,0.214873530488469,0.384071979025146,0.13347977748975,0.267574712996636
25787,0.0863174194610363,0.485001991282015,0.215890283105476,0.212790306151473
25788,0.435210437007559,0.150598907302252,0.15063757318307,0.263553082507119
25789,0.442855385394298,0.0759790485415541,0.297939381894072,0.183226184170076
25790,0.32088910132966,0.158493624136059,0.0811951884201154,0.439422086114165
25791,0.0485265037636197,0.583757537330535,0.045715833173589,0.322000125732256
25792,0.236118158942618,0.109426052989046,0.424159814930724,0.230295973137612
25793,0.106609381018398,0.430667455121072,0.102911649189532,0.359811514670998
25794,0.262805721055218,0.327645777574467,0.0673713770916593,0.342177124278656
25795,0.101078872063107,0.219629616283357,0.450260391627573,0.229031120025963
25796,0.126932493704018,0.051922233818848,0.612880747381201,0.208264525095932
25797,0.247544993416625,0.432712778276865,0.0847658331515865,0.234976395154923
25798,0.144562397215708,0.146968116110306,0.14870519141665,0.559764295257336
25799,0.137664915782352,0.0673717511706,0.511535521597139,0.283427811449909
25800,0.204809607339183,0.112099995041645,0.0784239993040836,0.604666398315088
25801,0.157046923289034,0.248070243078655,0.142117412635965,0.452765420996347
25802,0.157501223447929,0.194665138287356,0.135870842402245,0.51196279586247
25803,0.392355486337723,0.153574931817829,0.0706400634766308,0.383429518367818
25804,0.276748325281459,0.0464228413927022,0.3914260105208,0.285402822805039
25805,0.212714503919247,0.512539056281576,0.094171274795269,0.180575165003908
25806,0.553030120064667,0.0613228652927297,0.12807496924812,0.257572045394484
25807,0.303836647912402,0.306121574383598,0.0621100088139241,0.327931768890076
25808,0.320298518402839,0.197513588269109,0.138843355797128,0.343344537530924
25809,0.104416223970793,0.158717948975152,0.273061263062125,0.46380456399193
25810,0.207139752086832,0.0615779219110952,0.407612535212817,0.323669790789256
25811,0.13767325575349,0.550227808114467,0.0356400968463655,0.276458839285677
25812,0.41966149477746,0.250642811113083,0.118342964096508,0.211352730012949
25813,0.667236216324083,0.125237436103693,0.0632283335065305,0.144298014065693
25814,0.277988602692215,0.135805467755924,0.136358135471193,0.449847794080669
25815,0.0678464729764748,0.425990034460976,0.315118126891745,0.191045365670804
25816,0.0876518685547194,0.231747411995344,0.207829601185462,0.472771118264475
25817,0.10200950058962,0.163184702739818,0.134819731097687,0.599986065572875
25818,0.104201302726644,0.189291252321648,0.365783259038274,0.340724185913433
25819,0.288982732233944,0.080315302558747,0.335941160243903,0.294760804963406
25820,0.156385754840424,0.0912865415703538,0.251696789672912,0.50063091391631
25821,0.196317347330784,0.075204933829855,0.377437545506664,0.351040173332697
25822,0.203955020817165,0.213339295522179,0.408380814481959,0.174324869178697
25823,0.283287520036392,0.166497232986546,0.253519098983043,0.296696147994018
25824,0.355030798006671,0.0976877898377248,0.273356182390873,0.273925229764732
25825,0.0396573519598986,0.327583583734217,0.333279383437883,0.299479680868001
25826,0.139500377045968,0.5116696496721,0.128878937029428,0.219951036252504
25827,0.286744625509488,0.207574824005296,0.250496166347231,0.255184384137985
25828,0.349203269015034,0.315171150480023,0.135990279175607,0.199635301329336
25829,0.160628726164338,0.446559662397314,0.144646634651494,0.248164976786854
25830,0.153162381509055,0.18635790659988,0.499372298602063,0.161107413289001
25831,0.177079321149111,0.104692893875922,0.255150039807306,0.463077745167661
25832,0.054011037274376,0.439930053034424,0.191561804945922,0.314497104745278
25833,0.114448140021764,0.389551739620939,0.310440742536069,0.185559377821227
25834,0.38478020822166,0.191476034985174,0.273276401132159,0.150467355661007
25835,0.126015778399673,0.0513383996469406,0.530064708934805,0.292581113018581
25836,0.262692661616681,0.145258968321416,0.328275112084012,0.263773257977892
25837,0.129791784026085,0.318164395953266,0.226744307910776,0.325299512109873
25838,0.205280276050341,0.55208111640569,0.0635580844971547,0.179080523046814
25839,0.549137971649387,0.1474988805478,0.0841568063634638,0.219206341439349
25840,0.0921628993603176,0.388281812043816,0.243559796118617,0.27599549247725
25841,0.138302331551471,0.0976518878546218,0.469147273451432,0.294898507142475
25842,0.139237789591955,0.510638465898322,0.068943982334723,0.281179762175
25843,0.213231871701932,0.565797509950841,0.0603830825367963,0.16058753581043
25844,0.540573117404075,0.040311818762429,0.158942514602747,0.260172549230749
25845,0.223110427978201,0.273552709650309,0.347242420292448,0.156094442079042
25846,0.28309393035191,0.140713160342108,0.214800064008201,0.36139284529778
25847,0.448559853882811,0.0714720011474895,0.0609721340364999,0.418996010933199
25848,0.163631178171099,0.393712887362407,0.0974383619376102,0.345217572528883
25849,0.370423009516805,0.150043694200287,0.365752062248219,0.113781234034689
25850,0.18045079046703,0.363597928398751,0.264554218201613,0.191397062932606
25851,0.638326192631969,0.0822976634361345,0.0547669179915871,0.22460922594031
25852,0.348575130413947,0.273211322651656,0.17317528214695,0.205038264787447
25853,0.0670153513113883,0.366314273492553,0.368476926372362,0.198193448823697
25854,0.316270370514773,0.141603265036095,0.064400140406376,0.477726224042755
25855,0.53270989580122,0.0804503067901847,0.107719916576306,0.279119880832289
25856,0.478983092970072,0.144365224674651,0.0673470931478607,0.309304589207417
25857,0.0659380275413845,0.222165724549657,0.246776563510545,0.465119684398413
25858,0.160942750165294,0.325563876418485,0.164391281366581,0.34910209204964
25859,0.240938748310206,0.082900476154896,0.259794455104924,0.416366320429974
25860,0.261405724611638,0.167859377513488,0.143074657242122,0.427660240632751
25861,0.278548793247044,0.0814528937960764,0.399223945220249,0.240774367736631
25862,0.152663630963009,0.0330034510404507,0.47390425329987,0.34042866469667
25863,0.0883797558926677,0.0821126310851597,0.519957665286874,0.309549947735299
25864,0.486329575689677,0.113731768293462,0.0678142703842717,0.332124385632589
25865,0.0852770546881222,0.360546424025545,0.41028872308515,0.143887798201183
25866,0.184545420470142,0.136236057660038,0.450379523932108,0.228838997937711
25867,0.164916238946654,0.359757666222681,0.294336690641602,0.180989404189062
25868,0.331903824866734,0.161068023916011,0.0611256357236239,0.445902515493631
25869,0.0290586661215824,0.224153923413724,0.382410310491421,0.364377099973273
25870,0.100276385236065,0.0910046943778464,0.259727293104137,0.548991627281952
25871,0.0291204146155799,0.152472200498227,0.56036409260047,0.258043292285723
25872,0.0589947236047052,0.150010473518622,0.611553408469446,0.179441394407227
25873,0.122167260943521,0.127612841186235,0.159128341468168,0.591091556402076
25874,0.467893301052863,0.0348478244542411,0.147084560513413,0.350174313979483
25875,0.142080147208939,0.11145208655232,0.412629733345725,0.333838032893017
25876,0.459156935771287,0.0307488951177398,0.186980279092023,0.323113890018951
25877,0.566937791247716,0.0414287752814321,0.0590408489113075,0.332592584559544
25878,0.325171181466102,0.212436407025156,0.155884216867628,0.306508194641114
25879,0.0551098135293621,0.448634905185357,0.0546143347637164,0.441640946521564
25880,0.153926705668833,0.575176556868447,0.0457445741865243,0.225152163276196
25881,0.3846412592259,0.295506289660931,0.183796491186189,0.136055959926981
25882,0.390146741314893,0.163025642246825,0.160727473794461,0.286100142643822
25883,0.487985745992341,0.0554706199132839,0.0711862597679313,0.385357374326443
25884,0.244298610000711,0.102039760434708,0.454313251369845,0.199348378194736
25885,0.155581928716348,0.151102808100578,0.13039341584119,0.562921847341884
25886,0.039988055468335,0.645287288775813,0.123150029970478,0.191574625785374
25887,0.271273791759427,0.154664574197905,0.17248685443496,0.401574779607708
25888,0.361489532074553,0.142187498252506,0.111100346844923,0.385222622828018
25889,0.212782532433115,0.0678416332743108,0.434527585047466,0.284848249245108
25890,0.477164697880797,0.0875291565868834,0.086748873005863,0.348557272526457
25891,0.112822286431725,0.244623707312049,0.512263457391694,0.130290548864531
25892,0.264409066799655,0.103019382339493,0.174467150450105,0.458104400410747
25893,0.458237888914546,0.197325810130204,0.0679986541784382,0.276437646776811
25894,0.54212683963001,0.216613024067053,0.0322207098023194,0.209039426500617
25895,0.252270174452373,0.0844361202273147,0.155042166745305,0.508251538575007
25896,0.0612755762210857,0.329651365024447,0.375438090179733,0.233634968574735
25897,0.120658355986974,0.369320862307959,0.226705724199179,0.283315057505887
25898,0.326623736985025,0.470248456749937,0.0718960908693376,0.131231715395701
25899,0.140845322833154,0.311029624318408,0.0867681382135265,0.461356914634912
25900,0.0904352071465466,0.0701908935991113,0.456860924120033,0.382512975134309
25901,0.372105576007796,0.13956045608201,0.33790380886732,0.150430159042874
25902,0.13792533575838,0.182044206755099,0.401624004544784,0.278406452941737
25903,0.0715332373573857,0.269024060048699,0.357862078017988,0.301580624575927
25904,0.0869248010674277,0.158558157558725,0.464431858431951,0.290085182941896
25905,0.0985810820427409,0.244537069090798,0.451778726615681,0.20510312225078
25906,0.35267322542391,0.459991663417212,0.0586871389031207,0.128647972255758
25907,0.269619010740137,0.387490549204903,0.165166669492713,0.177723770562247
25908,0.249140747306898,0.126897880120599,0.266917296707041,0.357044075865462
25909,0.374319880082986,0.3544079212188,0.0486642232147632,0.222607975483451
25910,0.0630694744385121,0.36770720906884,0.366507747513623,0.202715568979024
25911,0.30159680657341,0.0949140780255928,0.220387413611052,0.383101701789946
25912,0.266304407527875,0.312358252680377,0.162406715220291,0.258930624571458
25913,0.130953677647942,0.121619148656054,0.398871011776791,0.348556161919213
25914,0.132940782995976,0.107196814843793,0.527371132501261,0.23249126965897
25915,0.41387211779205,0.16023379002419,0.174792219118946,0.251101873064815
25916,0.166409990286129,0.37277396005097,0.147389792941747,0.313426256721154
25917,0.24131601819688,0.389372259667662,0.0387067295747196,0.330604992560739
25918,0.143534692122279,0.218706333698582,0.395152426091347,0.242606548087792
25919,0.251914408484381,0.0235580472212834,0.321755717139899,0.402771827154436
25920,0.204366746677689,0.437998717131193,0.0352931626158759,0.322341373575242
25921,0.0506609388770074,0.0686043018816407,0.571889674514187,0.308845084727165
25922,0.0874902141803227,0.105343272507256,0.26850673016513,0.538659783147291
25923,0.112830141393501,0.193888094346292,0.0449151970918636,0.648366567168343
25924,0.675392242167468,0.0824807292163952,0.0438037982306612,0.198323230385476
25925,0.143065179744174,0.0600593329153399,0.544135496168797,0.252739991171689
25926,0.431704367880268,0.297882329688152,0.0821088460800004,0.18830445635158
25927,0.2762812865412,0.315757875058343,0.173844658851456,0.234116179549001
25928,0.101926076194062,0.276324924458973,0.400360761674497,0.221388237672469
25929,0.0649604823311507,0.377828441085659,0.103066771752851,0.454144304830339
25930,0.285501618748331,0.274319926082077,0.319819163635449,0.120359291534143
25931,0.0606838970014427,0.0496294666963418,0.575540244647904,0.314146391654311
25932,0.049329982056539,0.485198895230832,0.0775563944999825,0.387914728212646
25933,0.0689261525420665,0.0275721757395709,0.52721091635408,0.376290755364283
25934,0.0375258101083187,0.0609272477482226,0.560028796441668,0.341518145701791
25935,0.193993808709332,0.282717450900939,0.090408191806616,0.432880548583113
25936,0.136128691487725,0.109126969626653,0.548204255670224,0.206540083215398
25937,0.766476361545767,0.0238083272521704,0.0226874080388892,0.187027903163174
25938,0.0305558124586752,0.661111826729888,0.0344357111886541,0.273896649622782
25939,0.127902954446355,0.0778409009504446,0.409829006461503,0.384427138141697
25940,0.0515323665368304,0.236823685915145,0.0973229913942748,0.61432095615375
25941,0.211873961599431,0.241626089158836,0.316737780564514,0.22976216867722
25942,0.105071875417569,0.415985349624277,0.169416263678585,0.30952651127957
25943,0.033829561050428,0.288733318764399,0.34032410933122,0.337113010853953
25944,0.205353895688566,0.0793913255078692,0.153916166199611,0.561338612603953
25945,0.15499416970855,0.103175030694158,0.188149028236821,0.553681771360471
25946,0.589137344134163,0.0764751806137208,0.114745000291881,0.219642474960235
25947,0.347596905355716,0.167629949605864,0.217900693833207,0.266872451205213
25948,0.0499976529629494,0.103371213747975,0.0626623915394919,0.783968741749583
25949,0.0174375681447899,0.292501261509563,0.436066702369403,0.253994467976243
25950,0.758735217778964,0.0276252170567132,0.0876149205408709,0.126024644623452
25951,0.024356822617189,0.271425731634791,0.329028109561376,0.375189336186644
25952,0.0273075166560257,0.04031653459786,0.525582392379464,0.40679355636665
25953,0.300803291183491,0.0985400976636566,0.161641341436003,0.43901526971685
25954,0.492631980774892,0.0236533179501034,0.0210003990240994,0.462714302250905
25955,0.22982003182351,0.32441720990846,0.129517671644583,0.316245086623447
25956,0.221676028607446,0.216462118856664,0.439828297116485,0.122033555419406
25957,0.366374475726934,0.423941605863407,0.0370220429059996,0.17266187550366
25958,0.261957107325461,0.279767075125748,0.0988400559866669,0.359435761562124
25959,0.155545332468702,0.103135038110626,0.384988588133528,0.356331041287145
25960,0.448004743626007,0.278670529829402,0.121894848385504,0.151429878159087
25961,0.401989707845208,0.0515065667926215,0.388184786711859,0.158318938650312
25962,0.353981868981229,0.33972361678075,0.082958076549746,0.223336437688275
25963,0.0673372789550569,0.274448960784073,0.386069721490716,0.272144038770154
25964,0.533936919134498,0.202547698563121,0.06511556764947,0.198399814652911
25965,0.100323828419802,0.106928622053572,0.580998536044531,0.211749013482095
25966,0.151694522458708,0.210421683662122,0.34378551515541,0.29409827872376
25967,0.261648510618726,0.153596364214857,0.176903602754342,0.407851522412074
25968,0.16526475756703,0.311460577364446,0.212673240971863,0.310601424096661
25969,0.05775211986231,0.426934704546149,0.376645279597766,0.138667895993775
25970,0.248460197395708,0.316159506663276,0.200564318256562,0.234815977684454
25971,0.489992999604321,0.243312737446919,0.0664570921607275,0.200237170788032
25972,0.358981308026705,0.429062798456662,0.04887356197724,0.163082331539393
25973,0.127945518084996,0.212225643421053,0.463312589358665,0.196516249135285
25974,0.222638134919994,0.0464666329514477,0.148828931533548,0.58206630059501
25975,0.032009683881152,0.391541215062777,0.237728543319686,0.338720557736385
25976,0.0761334238444583,0.173426158355357,0.25733637463379,0.493104043166395
25977,0.411136238494783,0.0669189468684689,0.321979046593207,0.199965768043541
25978,0.214343349267307,0.436174068372378,0.192065128721296,0.15741745363902
25979,0.607624090567578,0.0357684488536103,0.0458063430036322,0.310801117575179
25980,0.109495717331632,0.381911896628547,0.30421181385366,0.20438057218616
25981,0.417524779588037,0.116811422926957,0.24228155840843,0.223382239076576
25982,0.260350757140084,0.049350528868275,0.358226140509964,0.332072573481677
25983,0.464466235787145,0.0966723177609858,0.251345795472146,0.187515650979723
25984,0.399662078759703,0.0911680625584052,0.157013526324359,0.352156332357533
25985,0.103471082900934,0.133992263644648,0.103142621396854,0.659394032057564
25986,0.347556510519231,0.0612493388821868,0.224097871446933,0.367096279151649
25987,0.0389271861461947,0.0402646494303474,0.598197969905694,0.322610194517764
25988,0.0551174142844852,0.40851020742323,0.300700718463541,0.235671659828744
25989,0.0490645439560348,0.104160098687377,0.11477188462894,0.732003472727648
25990,0.036601661758982,0.0517942749951626,0.559061341742369,0.352542721503487
25991,0.157801507525692,0.0959654415056107,0.246454894242991,0.499778156725706
25992,0.0374474063766423,0.114752220682008,0.542325267911646,0.305475105029704
25993,0.208589859995666,0.186332662730528,0.070466702945427,0.534610774328379
25994,0.066484986166497,0.0617954733072828,0.100874649698061,0.770844890828159
25995,0.171693406107815,0.136233053882963,0.135901112483104,0.556172427526118
25996,0.221578832328262,0.124782264927019,0.446874476378568,0.206764426366151
25997,0.36328530703978,0.0583185748897052,0.204328183309202,0.374067934761313
25998,0.230613960492467,0.216828494240151,0.14587548995586,0.406682055311522
25999,0.233263842505727,0.119963268033183,0.494794572925966,0.151978316535124
26000,0.0681909819060987,0.415081269391698,0.245814599615393,0.27091314908681
26001,0.144083610227389,0.444218495909912,0.134825349498729,0.27687254436397
26002,0.31352820574637,0.146366765841199,0.291669864148266,0.248435164264166
26003,0.150101938924792,0.205835226147316,0.14552414414303,0.498538690784862
26004,0.0270714455425089,0.433655287740602,0.0783023935913659,0.460970873125523
26005,0.0893521797549267,0.224615400006698,0.189437418585528,0.496595001652848
26006,0.127798687763814,0.369276612045927,0.165895887345988,0.337028812844272
26007,0.233043554631345,0.48389621004948,0.0335609869869326,0.249499248332242
26008,0.0394471729446537,0.0302165735742806,0.627998313885427,0.302337939595639
26009,0.238739436342354,0.458802678453273,0.163145804866493,0.13931208033788
26010,0.205683073537945,0.111599511768341,0.262685697100152,0.420031717593561
26011,0.568525322525378,0.050001120715396,0.0389722680841564,0.34250128867507
26012,0.114723292917247,0.129638476020831,0.30996719191159,0.445671039150332
26013,0.104635472424736,0.24180428321689,0.228119701060383,0.425440543297991
26014,0.215539297751813,0.384440407382207,0.134466250426115,0.265554044439865
26015,0.0876327744127694,0.48405479623438,0.216390593780379,0.211921835572472
26016,0.434818737834316,0.151753712206792,0.151792674580789,0.261634875378102
26017,0.442974832186659,0.0766513002599836,0.29865663862024,0.181717228933118
26018,0.322191765766318,0.159817945346232,0.0823996668903145,0.435590621997135
26019,0.0496025223515341,0.582852599430306,0.0467295284213734,0.320815349796786
26020,0.237461122459603,0.11051930350664,0.423849069177327,0.22817050485643
26021,0.10779288063783,0.430825120611715,0.10449932159737,0.356882677153085
26022,0.26391023095943,0.328321141199262,0.068526676063634,0.339241951777675
26023,0.102056552684296,0.220338300345841,0.449788720360286,0.227816426609577
26024,0.128019175033545,0.0530418192213632,0.611564825674459,0.207374180070633
26025,0.248873504659406,0.432257782898372,0.0861352747753221,0.232733437666901
26026,0.145758970292235,0.148501286456902,0.150899394050925,0.554840349199938
26027,0.139074663020834,0.0686453513918191,0.510196775429974,0.282083210157374
26028,0.206322960697841,0.113896763498198,0.0796809999679454,0.600099275836016
26029,0.158532257796428,0.249349560849202,0.143768136296563,0.448350045057807
26030,0.158453930600051,0.19626118019341,0.137864962410663,0.507419926795876
26031,0.10822967704519,0.389152773496367,0.251928588647164,0.250688960811278
26032,0.397352667571804,0.205386143356176,0.179531928630912,0.217729260441107
26033,0.380719966247116,0.320886443712446,0.0931357632215271,0.20525782681891
26034,0.100172149080905,0.0700405506912266,0.559483349299584,0.270303950928285
26035,0.410555174490007,0.0877272122041739,0.244481949974512,0.257235663331307
26036,0.268957433089514,0.0431735147464927,0.528335877145895,0.159533175018098
26037,0.114028483119393,0.486237112520511,0.0917957921604898,0.307938612199607
26038,0.15403274388073,0.189104651300288,0.239015489940271,0.417847114878711
26039,0.330119488906274,0.101643832422167,0.316566226026524,0.251670452645035
26040,0.294214682294532,0.133628710890469,0.403622946577948,0.168533660237051
26041,0.384538013385379,0.117148205169693,0.25232322305284,0.245990558392088
26042,0.19217212196405,0.302464295945136,0.113046177664063,0.392317404426751
26043,0.0840217584921651,0.180401533256409,0.540988482232726,0.194588226018699
26044,0.39622242411876,0.232166999776356,0.0572552667114115,0.314355309393472
26045,0.211614630497691,0.577087065137649,0.0742140745728842,0.137084229791776
26046,0.224067270647913,0.153005641319475,0.0981179989265639,0.524809089106049
26047,0.211073386947455,0.199429963600882,0.298828724263938,0.290667925187725
26048,0.112368257117221,0.315872349070787,0.246061567498698,0.325697826313294
26049,0.0883794615658461,0.237004160815327,0.536144190530836,0.138472187087991
26050,0.240472440371457,0.0741093642589094,0.454434229538886,0.230983965830747
26051,0.130806337860078,0.388594667760236,0.102676262169994,0.377922732209692
26052,0.1714064609749,0.222831952732329,0.158149936769534,0.447611649523237
26053,0.108398552612323,0.187989937636548,0.492537445851963,0.211074063899166
26054,0.219729565841558,0.26575184986527,0.164122855161898,0.350395729131273
26055,0.506699186787491,0.126158249021013,0.122212945014166,0.24492961917733
26056,0.220048896431099,0.144061055692794,0.266606137113719,0.369283910762389
26057,0.38281739094724,0.210187410544418,0.260702222860287,0.146292975648055
26058,0.157917723713731,0.253016517958718,0.184600543495136,0.404465214832415
26059,0.31713938447826,0.375522019148302,0.15543719599109,0.151901400382348
26060,0.479981245004391,0.332464523290125,0.0877032859272534,0.0998509457782307
26061,0.501159359384995,0.169584672284772,0.0551243193097912,0.274131649020442
26062,0.218095075838767,0.258412333964855,0.30685555370171,0.216637036494668
26063,0.246497648968683,0.0576519135377807,0.397547089477964,0.298303348015572
26064,0.127216346705123,0.123553162714237,0.445928428262217,0.303302062318423
26065,0.454867625714646,0.267910065066119,0.0723997379732041,0.204822571246031
26066,0.275294694426151,0.268170380534743,0.162908183409734,0.293626741629372
26067,0.60013486506924,0.148887744701905,0.0923941433892376,0.158583246839617
26068,0.230730589404468,0.458833029239931,0.119233060555891,0.19120332079971
26069,0.161103658286751,0.190285336428223,0.28780612801686,0.360804877268166
26070,0.336836536669788,0.148527994576223,0.113653646659972,0.400981822094017
26071,0.150118332100758,0.151172866001341,0.147625961641803,0.551082840256098
26072,0.174454505468632,0.17535163805269,0.441938112864483,0.208255743614195
26073,0.412703190283255,0.322414413831963,0.0726269181774142,0.192255477707367
26074,0.069703057504365,0.119552404794584,0.618795266039815,0.191949271661237
26075,0.259976524485242,0.126362106930498,0.191443233154095,0.422218135430166
26076,0.0704239074810244,0.0541088833222669,0.612302629788503,0.263164579408206
26077,0.213967685649616,0.357702249845622,0.152692371567016,0.275637692937746
26078,0.0528609355605161,0.288136132761621,0.46904841483763,0.189954516840234
26079,0.0876465874911254,0.205507005984863,0.3982101701934,0.308636236330612
26080,0.166480598907797,0.489322255983462,0.178858098914296,0.165339046194446
26081,0.241243216559594,0.101328814445118,0.488327088277456,0.169100880717832
26082,0.212309332772963,0.131032817788372,0.178010372619911,0.478647476818754
26083,0.125528362368406,0.257668223588837,0.27127291467313,0.345530499369627
26084,0.180207690464963,0.359091313747171,0.207966359630061,0.252734636157805
26085,0.226836160812164,0.253986610254351,0.178369478307568,0.340807750625916
26086,0.527051429033781,0.0629038289431748,0.133127542655259,0.276917199367786
26087,0.176396557900565,0.290933750870549,0.324779383762688,0.207890307466198
26088,0.206374351332386,0.215366785214996,0.315573057471918,0.2626858059807
26089,0.26843586836123,0.107992146108563,0.191458780760667,0.43211320476954
26090,0.388535973725898,0.0698617803121085,0.351370606784798,0.190231639177196
26091,0.0819031618515861,0.119458134574904,0.442567764670172,0.356070938903339
26092,0.176767072057691,0.325352085324074,0.0601977777817414,0.437683064836494
26093,0.356457144868934,0.331914086312768,0.0500098542414037,0.261618914576895
26094,0.258046937662866,0.102325902844982,0.18583436582965,0.453792793662502
26095,0.121324108411597,0.271653606805204,0.164595378485391,0.442426906297808
26096,0.450583745837742,0.146451820563306,0.203025449810012,0.199938983788941
26097,0.0627581118064225,0.406089141875241,0.142285071503336,0.388867674815001
26098,0.518638937152584,0.125919263689434,0.110410210918221,0.245031588239761
26099,0.0778978865176721,0.309474583778317,0.18327329175307,0.429354237950941
26100,0.460587085118075,0.111073148140169,0.229049384754723,0.199290381987033
26101,0.510313422134033,0.294657407269746,0.0412249557158709,0.15380421488035
26102,0.137446725791671,0.227463521558567,0.183192358494329,0.451897394155433
26103,0.0287725473328493,0.558151821739537,0.192188902376858,0.220886728550755
26104,0.112947193064776,0.223534616757458,0.26098214637719,0.402536043800576
26105,0.283955089222484,0.0962345828817216,0.0617050672944881,0.558105260601306
26106,0.0538167636535081,0.595153905982894,0.140680745176966,0.210348585186632
26107,0.249258221541612,0.285760270494122,0.314619205348267,0.150362302615999
26108,0.238312929998709,0.111142842535444,0.284930595302094,0.365613632163753
26109,0.29513544081901,0.210668548077082,0.0894155904132383,0.404780420690669
26110,0.353911145374529,0.221424195644231,0.229851288725902,0.194813370255338
26111,0.252842349535916,0.0690445377337633,0.466513354372224,0.211599758358096
26112,0.0775350839100736,0.608955178703545,0.0835134463755413,0.22999629101084
26113,0.474901542489161,0.1020616482956,0.0742399697627473,0.348796839452492
26114,0.470421636994053,0.140222339861205,0.133216121287001,0.256139901857742
26115,0.415354399598302,0.129427983427553,0.325525921087279,0.129691695886866
26116,0.109224265705973,0.182799111429374,0.474676678282491,0.233299944582162
26117,0.266021833602325,0.229942778495473,0.250262656386546,0.253772731515656
26118,0.27949078610004,0.148557281466188,0.137571106907663,0.434380825526109
26119,0.251076156465685,0.452413622296967,0.0736067820424274,0.222903439194921
26120,0.285683547887917,0.30942567592324,0.13011959330642,0.274771182882423
26121,0.311562590447199,0.0602050116100086,0.324782452817423,0.303449945125369
26122,0.143710070316151,0.130892359455477,0.2381472351014,0.487250335126972
26123,0.0748733093463466,0.120067797152988,0.394677977813066,0.410380915687599
26124,0.165137918466588,0.12135794256583,0.303273924035739,0.410230214931843
26125,0.347086262801725,0.111193925452755,0.349396668562397,0.192323143183123
26126,0.676478040188907,0.0556255037788953,0.0635837496497571,0.20431270638244
26127,0.386296394439195,0.362844103178849,0.0452754303788446,0.205584072003112
26128,0.192327551950285,0.170610860755454,0.0559092400037097,0.581152347290552
26129,0.0772941251390114,0.322504478322138,0.42444090136215,0.1757604951767
26130,0.545859391024887,0.0842091333012569,0.073019156506298,0.296912319167558
26131,0.445717956044506,0.0329475645465062,0.134435940358567,0.386898539050421
26132,0.220912375648736,0.0676911594573544,0.419133567286911,0.292262897606999
26133,0.0562314211401001,0.329749398453043,0.242435319949897,0.37158386045696
26134,0.129967744626847,0.458678805278529,0.214006144959011,0.197347305135613
26135,0.195285122106065,0.303827343850631,0.189018779577052,0.311868754466252
26136,0.505068546669139,0.198189090211526,0.0491848572086511,0.247557505910684
26137,0.293672121986304,0.302920943679092,0.121351911982003,0.282055022352602
26138,0.105244244728055,0.25410408657593,0.123991027340699,0.516660641355316
26139,0.216159105907914,0.511350663243017,0.0292271482187447,0.243263082630324
26140,0.403172780527991,0.0262473742915482,0.225738667356039,0.344841177824422
26141,0.24707150930782,0.152899172646836,0.153354885622006,0.446674432423337
26142,0.0407670181169726,0.537057694110683,0.0606250780112632,0.361550209761081
26143,0.0628306152101962,0.219076831544258,0.468945684200201,0.249146869045344
26144,0.0334222152460318,0.146294814315353,0.47344630283162,0.346836667606996
26145,0.532853354367977,0.0738197767496476,0.153038421996358,0.240288446886017
26146,0.18409013752026,0.0873405219132101,0.547319459621041,0.181249880945489
26147,0.103369128371899,0.453164876554602,0.1953625382706,0.248103456802899
26148,0.472396669747461,0.259394869598834,0.116698055398177,0.151510405255528
26149,0.0409473925483037,0.650810835253881,0.145764631739948,0.162477140457867
26150,0.258769888380271,0.157328293083697,0.0971701229970376,0.486731695538994
26151,0.333711277436859,0.135754368948873,0.215940775010397,0.314593578603872
26152,0.148622712552054,0.399495012574884,0.0907638907303756,0.361118384142687
26153,0.11829018287164,0.147669691965261,0.502739154147523,0.231300971015575
26154,0.183955699766227,0.148862775031652,0.356196162538407,0.310985362663714
26155,0.0855739362638631,0.509599271317232,0.18194095549006,0.222885836928845
26156,0.278078682486721,0.198678440194027,0.249055946380724,0.274186930938527
26157,0.07340830501031,0.136124098343508,0.48949663603065,0.300970960615533
26158,0.469771478191929,0.249438377223563,0.069732397403418,0.21105774718109
26159,0.0741474700567769,0.167951377355173,0.526671410745417,0.231229741842633
26160,0.224122606758902,0.143795344824363,0.314414264440865,0.31766778397587
26161,0.175097717653468,0.280295313640732,0.222196940687647,0.322410028018153
26162,0.224005191123015,0.0726537623012941,0.478188382110895,0.225152664464796
26163,0.642244228721308,0.0672317222329457,0.100955506069884,0.189568542975863
26164,0.0462851817581864,0.465127654929772,0.206408170488766,0.282178992823276
26165,0.359424084669151,0.126438565137332,0.223365914496055,0.290771435697461
26166,0.324905877632041,0.103027611357351,0.420891298980493,0.151175212030114
26167,0.0800200945218589,0.342923644836663,0.19409449039167,0.382961770249808
26168,0.0872375092591012,0.357980034943964,0.339090434039861,0.215692021757074
26169,0.531201029478909,0.0621823542294836,0.171503884042667,0.235112732248941
26170,0.0808549429459883,0.486335976954482,0.127639281197149,0.305169798902381
26171,0.0828190724975212,0.171642998579945,0.61784778967045,0.127690139252084
26172,0.12595731971661,0.389400653069581,0.180856052338749,0.30378597487506
26173,0.0649664563427306,0.341714731869675,0.391437270212253,0.201881541575341
26174,0.201056699028709,0.174110880393691,0.371859900343829,0.252972520233771
26175,0.0797625411401521,0.66248680107572,0.0535278031395757,0.204222854644552
26176,0.31758760011245,0.101969363560389,0.409218040526733,0.171224995800427
26177,0.0564065933866749,0.0832009433736274,0.454630120743057,0.405762342496641
26178,0.0893486297160064,0.184278392115017,0.109855970587543,0.616517007581433
26179,0.362461038581218,0.274498094206215,0.0625724478646127,0.300468419347954
26180,0.323679460154783,0.271181455057691,0.0763736536909057,0.328765431096621
26181,0.309835809174759,0.171665438082566,0.159506038954662,0.358992713788013
26182,0.0404853375935042,0.522860254276382,0.153231177220029,0.283423230910085
26183,0.127803552296843,0.325068420461488,0.441040109737556,0.106087917504114
26184,0.083396941829056,0.0842746106894304,0.240395066828465,0.591933380653049
26185,0.261876843402288,0.516971283036207,0.0412582060834605,0.179893667478044
26186,0.159617074080776,0.078873568573776,0.426486361329897,0.335022996015551
26187,0.485409989423065,0.110341464607184,0.105339218827982,0.298909327141769
26188,0.0917850278412163,0.324219651047525,0.37076194357526,0.213233377535998
26189,0.214835432309658,0.0803808806090379,0.322196560942155,0.382587126139149
26190,0.341381946678941,0.376124378372049,0.039727040864567,0.242766634084443
26191,0.564487273512277,0.16122311616507,0.0808548999217234,0.19343471040093
26192,0.0903446556610105,0.103190255809216,0.592826086430463,0.21363900209931
26193,0.227016058673386,0.170409141963751,0.153687882959052,0.448886916403811
26194,0.0728232888313948,0.566959513654316,0.064595649727709,0.29562154778658
26195,0.13237465069173,0.393850846812894,0.266231009413052,0.207543493082324
26196,0.274850075028896,0.0668992166289275,0.390767232344591,0.267483475997586
26197,0.218567696908661,0.146728788209373,0.149377203963806,0.485326310918159
26198,0.0808428898855881,0.597820958915529,0.0886782659110914,0.232657885287792
26199,0.25429010111942,0.107830020852364,0.161895689648461,0.475984188379754
26200,0.201618120694222,0.308156658361855,0.109781862181995,0.380443358761928
26201,0.293491094284914,0.404421227234998,0.0444221713503396,0.257665507129748
26202,0.504254636395278,0.115297003261893,0.0996314466513353,0.280816913691493
26203,0.451135124860653,0.136040787536139,0.256513764310622,0.156310323292586
26204,0.324015528146993,0.100535223824005,0.249076997593984,0.326372250435018
26205,0.161790056201153,0.312549057942809,0.229963002146474,0.295697883709564
26206,0.227397412760973,0.139365515180412,0.098012625379954,0.535224446678661
26207,0.123482720332538,0.19914497054484,0.345843963687893,0.33152834543473
26208,0.492311326806628,0.0698210820035863,0.194231356433478,0.243636234756308
26209,0.373329089113796,0.37753920048967,0.0250365336276604,0.224095176768874
26210,0.631055631383889,0.12792854255398,0.0583434421168544,0.182672383945277
26211,0.350137916932301,0.37962251649828,0.0725259536299726,0.197713612939447
26212,0.152911220101124,0.336007822035428,0.169998992602874,0.341081965260574
26213,0.245807622080137,0.339898443585606,0.171421673595905,0.242872260738353
26214,0.0817056456150531,0.109183314896298,0.571137445060074,0.237973594428575
26215,0.209176971397457,0.373060416533059,0.120759552095059,0.297003059974425
26216,0.120604010737934,0.207490947873162,0.290282922011394,0.38162211937751
26217,0.154857653354087,0.110769006511355,0.273593159725307,0.46078018040925
26218,0.0606375536699552,0.411647974645271,0.341005587331388,0.186708884353386
26219,0.523588361056915,0.087341702134353,0.10352230390868,0.285547632900052
26220,0.104894962521726,0.132436749988398,0.532662768571945,0.230005518917931
26221,0.0885425841439157,0.165380614707994,0.428973978455278,0.317102822692812
26222,0.57074580906536,0.0927063467905503,0.13910637223517,0.19744147190892
26223,0.110194490333322,0.542981301200687,0.0686847371606737,0.278139471305317
26224,0.548732118280651,0.0450708086383399,0.255758583790776,0.150438489290233
26225,0.127588669082127,0.20470801496138,0.303523674419587,0.364179641536905
26226,0.345421969613868,0.421180289242373,0.0419511774739561,0.191446563669803
26227,0.0562307271318252,0.308026188409787,0.313927263043093,0.321815821415294
26228,0.184975050254284,0.1693820509309,0.37521285082382,0.270430047990997
26229,0.10551405637513,0.246252391342213,0.0859614154747456,0.562272136807911
26230,0.0317926733418305,0.523044655422116,0.269225066369564,0.175937604866489
26231,0.507929969076107,0.096827251700805,0.129750926411919,0.265491852811169
26232,0.237513915563784,0.140979040043584,0.343435480366269,0.278071564026363
26233,0.659840430645772,0.0695058438053911,0.0486780676838934,0.221975657864943
26234,0.515561309335842,0.0369946751116168,0.182642889447336,0.264801126105205
26235,0.0884797101932379,0.273697796606,0.17892301874299,0.458899474457772
26236,0.172473842113212,0.228798513651159,0.403017796001713,0.195709848233916
26237,0.122521941716076,0.284393179732134,0.0599930615611677,0.533091816990623
26238,0.236359718406667,0.457733656533322,0.0343431137663275,0.271563511293684
26239,0.249141419390574,0.0745519448502452,0.305124377678442,0.371182258080739
26240,0.121152921854746,0.0648877907916708,0.554367862803264,0.259591424550319
26241,0.0602165112951082,0.169216210280692,0.47331090257257,0.297256375851629
26242,0.0349159705615031,0.414993503087525,0.335095310487213,0.214995215863759
26243,0.103974542939187,0.536508137120763,0.108808661370334,0.250708658569716
26244,0.161324837735101,0.126294985323842,0.388427127530919,0.323953049410138
26245,0.271404783557022,0.0590437879611175,0.502369214454169,0.167182214027692
26246,0.372592097227258,0.200353708405629,0.302907447933634,0.124146746433478
26247,0.388690800646001,0.0889055168563398,0.344154501844369,0.17824918065329
26248,0.0629844525229436,0.463269009292743,0.0732905088623608,0.400456029321953
26249,0.257880650305888,0.433740015726272,0.0784140661267865,0.229965267841053
26250,0.361815395262288,0.16945249591203,0.0795975510711915,0.38913455775449
26251,0.101273510854737,0.189945739114404,0.138999377828004,0.569781372202855
26252,0.0881324287531614,0.45833162692655,0.11290521717869,0.340630727141599
26253,0.166282575685703,0.344857366215284,0.124517786277368,0.364342271821646
26254,0.169061462363218,0.060929225844456,0.515813960843848,0.254195350948478
26255,0.11017563079079,0.199554165549152,0.254000125613628,0.436270078046431
26256,0.433280053574607,0.104485927375498,0.175929970137631,0.286304048912264
26257,0.268002102371323,0.0654848821826946,0.345375126996989,0.321137888448993
26258,0.0967850913216273,0.175429708479192,0.488143489108544,0.239641711090636
26259,0.4006212212437,0.0568228997431936,0.315926321828693,0.226629557184413
26260,0.388829535865639,0.103857554395209,0.0617543498266923,0.44555855991246
26261,0.224258884516022,0.212941187310603,0.0779369579215822,0.484862970251793
26262,0.523252521508956,0.0494743982198273,0.107704047633517,0.3195690326377
26263,0.102838270986689,0.483042946947547,0.09737269164867,0.316746090417094
26264,0.0993806673849364,0.10931634758787,0.407076394365624,0.384226590661569
26265,0.278310464379263,0.187660929714798,0.0987590953055185,0.43526951060042
26266,0.162126019165379,0.240774274954517,0.166089081523314,0.43101062435679
26267,0.272550482905344,0.0439897731350371,0.380149712493335,0.303310031466284
26268,0.126373544807183,0.0307348327781838,0.568877609256058,0.274014013158576
26269,0.241294893076157,0.139459091953223,0.269617634201576,0.349628380769044
26270,0.36186380229365,0.26817884253537,0.131830478676301,0.238126876494679
26271,0.258510697998047,0.107991129304179,0.473103553793023,0.16039461890475
26272,0.154803332168477,0.446853630958457,0.0993178628696706,0.299025174003396
26273,0.342538707694201,0.159573292389489,0.193934566656859,0.303953433259451
26274,0.535691329176679,0.0578134183575195,0.18508718586287,0.221408066602931
26275,0.0670405762456658,0.59755870287377,0.0401508895022161,0.295249831378348
26276,0.143290154825641,0.095828866539808,0.39025083933482,0.370630139299731
26277,0.0528260540494154,0.0646555519896472,0.3762483806209,0.506270013340038
26278,0.102815023571336,0.296402945842692,0.379779629948431,0.221002400637542
26279,0.371689524330427,0.0718263915507713,0.384399620285712,0.17208446383309
26280,0.215758950756809,0.082661911713804,0.444574313368682,0.257004824160706
26281,0.394953071497189,0.186301366770395,0.143070115371307,0.275675446361109
26282,0.359588817445458,0.399120493461158,0.0802241232699974,0.161066565823387
26283,0.0587111918281342,0.0861265423575954,0.486546627982041,0.36861563783223
26284,0.438999435390476,0.232960395413622,0.0605474979674507,0.267492671228451
26285,0.112824036539172,0.08791476598277,0.569878725562365,0.229382471915694
26286,0.414506727096598,0.222904956151893,0.207226322363451,0.155361994388057
26287,0.0686313764072874,0.388820858864958,0.251103565477233,0.291444199250521
26288,0.158642021472257,0.327593082652123,0.301251185666724,0.212513710208897
26289,0.306173086457054,0.390105073395885,0.0755031962413266,0.228218643905734
26290,0.283115243566636,0.0442041818470518,0.471801730009394,0.200878844576918
26291,0.224133170814031,0.323275151917045,0.241072822926896,0.211518854342028
26292,0.248109952117076,0.161574625201367,0.326056958053557,0.264258464628
26293,0.323189092934819,0.204989756532699,0.0877010036313697,0.384120146901113
26294,0.139244402613979,0.592132011003578,0.113382726669283,0.15524085971316
26295,0.247896406049154,0.306274839490546,0.189006686928187,0.256822067532114
26296,0.182772578575049,0.22084877492561,0.303606186225552,0.292772460273789
26297,0.163238260939278,0.133813826661221,0.424134606254741,0.27881330614476
26298,0.0614606540613988,0.330564041577988,0.435167970584858,0.172807333775755
26299,0.0796428144384823,0.588853491081936,0.15590584069368,0.175597853785902
26300,0.122921771070945,0.084783283027372,0.43823427980224,0.354060666099443
26301,0.217576398325862,0.351945537852595,0.201673059296843,0.2288050045247
26302,0.208673485947266,0.49230488876442,0.091823132577483,0.207198492710831
26303,0.353790785625476,0.331910471236805,0.128556428772909,0.18574231436481
26304,0.205170025150151,0.202708500002819,0.300482811580412,0.291638663266618
26305,0.578345253659587,0.15106440636723,0.0804368320400666,0.190153507933117
26306,0.243911620675521,0.145637143712273,0.163682493957997,0.446768741654209
26307,0.0674946820216542,0.42552279314437,0.339756823278986,0.16722570155499
26308,0.246894641241321,0.0928517155573048,0.161415988944431,0.498837654256943
26309,0.107004633183485,0.461654177054141,0.160227629408408,0.271113560353965
26310,0.0972387589914035,0.253786112936926,0.4691629422815,0.17981218579017
26311,0.297251627457553,0.360127458004737,0.108287060151049,0.234333854386661
26312,0.274469708061248,0.462976086710422,0.162795475585821,0.0997587296425086
26313,0.175719599696809,0.433520269942642,0.186064379160816,0.204695751199733
26314,0.0901980213641732,0.378477237939919,0.281591240844992,0.249733499850916
26315,0.440821221257388,0.147972748361501,0.144175185702716,0.267030844678394
26316,0.173725935388723,0.0815035762438379,0.109707762127421,0.635062726240018
26317,0.233462136331139,0.336435589955417,0.186617860682382,0.243484413031061
26318,0.0942256844899235,0.148195450681376,0.280421178571224,0.477157686257477
26319,0.704037250500664,0.0457611173236463,0.0707427547108183,0.179458877464871
26320,0.173213272654471,0.233995031543014,0.148505638924212,0.444286056878303
26321,0.570520410790927,0.098293882021302,0.0972568682284943,0.233928838959276
26322,0.341061358249155,0.195203482533291,0.225950747414585,0.237784411802969
26323,0.0481822009799429,0.579212664544652,0.219945133870839,0.152660000604566
26324,0.145534344656386,0.243306054687125,0.186887530625267,0.424272070031222
26325,0.26352872428125,0.102581327173845,0.33450689735403,0.299383051190876
26326,0.539931081775548,0.0995828160213636,0.228789250551088,0.131696851652001
26327,0.508162850364851,0.0397015814665108,0.0516912447634844,0.400444323405153
26328,0.228725734776845,0.515140203320197,0.0317073651392862,0.224426696763672
26329,0.134153953481112,0.053190548430381,0.56500003817488,0.247655459913626
26330,0.189955030353512,0.109363743506319,0.166637826776414,0.534043399363756
26331,0.538207997846489,0.0986621888376655,0.0874655578976503,0.275664255418196
26332,0.154305287670385,0.342597902520902,0.104413325588633,0.398683484220079
26333,0.247452559759178,0.0847321639644494,0.180162043570898,0.487653232705475
26334,0.588238947860813,0.0904277335159204,0.0727349207816905,0.248598397841577
26335,0.159420463037776,0.235576498325304,0.305758000149805,0.299245038487115
26336,0.226566490293318,0.164420753919352,0.312396183090438,0.296616572696892
26337,0.393209075048572,0.0309688281609382,0.389527558699267,0.186294538091223
26338,0.0761436356616044,0.231900231603897,0.0630860051046628,0.628870127629835
26339,0.113847077234117,0.505535585368769,0.056554997152664,0.324062340244451
26340,0.0733622542656763,0.0621002657178667,0.310486879188694,0.554050600827763
26341,0.0490672899696708,0.0478705749407019,0.648868212069863,0.254193923019765
26342,0.261968679680554,0.280186791206262,0.259203135504614,0.19864139360857
26343,0.287388599053682,0.267384335865302,0.264052031133478,0.181175033947538
26344,0.139238907477251,0.29546826969008,0.360513749839245,0.204779072993424
26345,0.317675725128294,0.233599536534482,0.338458033484392,0.110266704852832
26346,0.0559435384760737,0.0676467106672097,0.0613341433064653,0.815075607550251
26347,0.141628768504789,0.642943002672982,0.0225878552441504,0.192840373578078
26348,0.047610101460783,0.178613728126995,0.436302569913244,0.337473600498978
26349,0.0325515439698753,0.09959506639287,0.594843569852978,0.273009819784276
26350,0.168012193527303,0.0362892685016067,0.4455255379649,0.35017300000619
26351,0.0218009880287595,0.526141801681658,0.150782559545998,0.301274650743585
26352,0.0537131725929473,0.303178926761291,0.0570915879720002,0.586016312673761
26353,0.0552779087770722,0.441787617287358,0.205561392107217,0.297373081828353
26354,0.237428413654472,0.474134120297846,0.121913778985486,0.166523687062196
26355,0.103607590032924,0.11221869070748,0.141013237828581,0.643160481431015
26356,0.373623520174668,0.123889471394358,0.360189512065398,0.142297496365576
26357,0.070569252749866,0.276406094225759,0.24990256652259,0.403122086501785
26358,0.234152614875568,0.218602139252082,0.3473959523476,0.19984929352475
26359,0.198935750144967,0.208798758979845,0.120834538586747,0.471430952288441
26360,0.254028165940443,0.427680194073171,0.10479616704296,0.213495472943426
26361,0.153974669044039,0.171764641848046,0.44603143907253,0.228229250035385
26362,0.239269808293871,0.196726162390601,0.172326007061609,0.39167802225392
26363,0.0801746619710878,0.442210335252957,0.145445295344888,0.332169707431067
26364,0.494859727965755,0.177465560601559,0.0575931822221304,0.270081529210556
26365,0.0653592751908347,0.299179664514785,0.201004327701585,0.434456732592795
26366,0.40311836293715,0.0609681473195825,0.307263148107322,0.228650341635946
26367,0.263266324409212,0.0993659886947294,0.143412383594276,0.493955303301782
26368,0.164350679997435,0.216582724516982,0.406229493944901,0.212837101540682
26369,0.123549809097654,0.453485149383603,0.128605431579209,0.294359609939533
26370,0.629833039075266,0.124419964580958,0.0397576909320839,0.205989305411692
26371,0.0774693757629503,0.149520769768038,0.317317522950635,0.455692331518377
26372,0.384228831261817,0.309865857064804,0.130318708757252,0.175586602916126
26373,0.10423703189397,0.488628105563728,0.155058498299351,0.252076364242951
26374,0.0750216312309883,0.0413974791035545,0.055695004424503,0.827885885240954
26375,0.0355746427768757,0.0504448465678477,0.516350553789472,0.397629956865804
26376,0.326444209344213,0.13596816208549,0.075393174300659,0.462194454269638
26377,0.13738488101794,0.162206452865294,0.0601345355993755,0.64027413051739
26378,0.136065003685144,0.0562069389313791,0.298483643443604,0.509244413939873
26379,0.0258064905340748,0.0759246065701669,0.51362256782675,0.384646335069008
26380,0.0284423542911466,0.140417325420551,0.291657795481236,0.539482524807067
26381,0.510774271713906,0.0133742278430941,0.190139851846358,0.285711648596642
26382,0.111047331275877,0.163150533084234,0.327698442393218,0.398103693246671
26383,0.126401464952319,0.661563134321454,0.0145179826865562,0.197517418039671
26384,0.0983961972042337,0.0327136939980943,0.272700492831943,0.596189615965729
26385,0.0346574884239262,0.138529610063247,0.0473860852454561,0.779426816267371
26386,0.0569644471199286,0.0681320852881476,0.429389151035643,0.445514316556281
26387,0.0631065338719305,0.0426896598926131,0.148232645009086,0.74597116122637
26388,0.0823492173243881,0.0535000320658531,0.440980693198871,0.423170057410887
26389,0.118004762192866,0.318569886411083,0.205743961487501,0.35768138990855
26390,0.334495297442185,0.281956431488634,0.0915128082191255,0.292035462850056
26391,0.338348182838385,0.0402541468104738,0.456062365485798,0.165335304865343
26392,0.253991407719074,0.313195787529789,0.221331358145735,0.211481446605402
26393,0.0979394962029185,0.217733389447144,0.294853499354877,0.38947361499506
26394,0.448583865199263,0.213878186243966,0.108232212542306,0.229305736014464
26395,0.523065061133092,0.0411328477137768,0.0655609702397772,0.370241120913354
26396,0.33266610476566,0.181689113946667,0.161498245355689,0.324146535931984
26397,0.206291879856506,0.210568010327972,0.166837206812659,0.416302903002863
26398,0.258508681173807,0.098451219612897,0.0785530438081822,0.564487055405114
26399,0.352678110008412,0.330243046181035,0.0656959524312289,0.251382891379324
26400,0.187664182350568,0.0601791086218027,0.313690772772254,0.438465936255376
26401,0.218178155118299,0.281466701378564,0.270186657789246,0.230168485713891
26402,0.0298891460657622,0.511631329833738,0.131947324218729,0.326532199881771
26403,0.238359858512614,0.501261687121692,0.0889988047420553,0.171379649623639
26404,0.615533455365222,0.0332908607049699,0.0538627752259122,0.297312908703896
26405,0.0399484392899444,0.522833395304097,0.0798825305229572,0.357335634883001
26406,0.341678387879679,0.0920212576039176,0.340321167957898,0.225979186558505
26407,0.196047503815749,0.121655193992835,0.257502519655495,0.424794782535921
26408,0.229342392743224,0.0811288009865214,0.383948235762411,0.305580570507843
26409,0.117953471860753,0.534948738580945,0.0800425038647065,0.267055285693595
26410,0.060833437508517,0.0510502999011236,0.479145143141561,0.408971119448798
26411,0.242857301587651,0.417898985693756,0.211936896753193,0.1273068159654
26412,0.297970109830109,0.362993040547927,0.0909785344214002,0.248058315200564
26413,0.239307194629553,0.0729705349674722,0.477943852467061,0.209778417935914
26414,0.130975467933449,0.149802566289367,0.277807550187571,0.441414415589613
26415,0.289652058066987,0.328614595613718,0.246402001027797,0.135331345291498
26416,0.124051339173945,0.236596021405569,0.392796096327396,0.246556543093091
26417,0.0988714581026748,0.498531466409497,0.095449273998674,0.307147801489154
26418,0.28275107146275,0.140028434163979,0.220242887010426,0.356977607362845
26419,0.245883062636805,0.200429763172678,0.18902925963609,0.364657914554426
26420,0.371271014699673,0.078394195667949,0.128130932526542,0.422203857105837
26421,0.659133889119189,0.104833893375839,0.084100423238266,0.151931794266706
26422,0.38811335960331,0.0530267618467633,0.226333744398191,0.332526134151735
26423,0.0641765892554264,0.339689190503632,0.378230433557589,0.217903786683353
26424,0.568646929224966,0.0631057841682962,0.0834732705787659,0.284774016027972
26425,0.330025588580293,0.0835041817668639,0.418934240128762,0.167535989524081
26426,0.226319855731153,0.168344242544032,0.341504324219129,0.263831577505686
26427,0.136187906089865,0.476951732595569,0.11350616664846,0.273354194666106
26428,0.375254648591277,0.308378578414917,0.10757107228159,0.208795700712217
26429,0.0370055182324674,0.473637028857602,0.215623384366084,0.273734068543846
26430,0.249862396722546,0.244757502727946,0.26231845810865,0.243061642440858
26431,0.401463476194383,0.331438429353426,0.0557949477769554,0.211303146675236
26432,0.147898647387655,0.332848981500469,0.189912108764603,0.329340262347273
26433,0.173930071956061,0.497569108572676,0.0868630167803719,0.241637802690891
26434,0.155920634304942,0.361200409104662,0.150116825541454,0.332762131048941
26435,0.179950917377143,0.184049863682524,0.143538861247566,0.492460357692767
26436,0.469838259533219,0.151312372403922,0.176029663949426,0.202819704113434
26437,0.0672525917032993,0.126819387579469,0.483515936103826,0.322412084613405
26438,0.196473034734098,0.142738232063487,0.359312722751193,0.301476010451223
26439,0.0763219712897666,0.129951642063808,0.519599855094291,0.274126531552135
26440,0.0850503153931279,0.499947871116983,0.179539874494546,0.235461938995343
26441,0.128102533804117,0.510207185829674,0.077716574064811,0.283973706301398
26442,0.306976563924152,0.233696821499492,0.107581256364733,0.351745358211623
26443,0.51468594369578,0.0846125557763989,0.216445468295341,0.184256032232481
26444,0.53000694489592,0.15770338406585,0.103213912566539,0.209075758471692
26445,0.327872813615449,0.322391065835916,0.0677267363984322,0.282009384150203
26446,0.335236421432108,0.275266008623441,0.0643755153211091,0.325122054623342
26447,0.268620345106754,0.282167300407558,0.278067349924378,0.171145004561309
26448,0.341302322993401,0.183952090789794,0.235003487312921,0.239742098903884
26449,0.472891555618461,0.17240683681788,0.0951887126651823,0.259512894898477
26450,0.260497608018809,0.15262079462749,0.0493315846193173,0.537550012734384
26451,0.300884520481499,0.24199334176734,0.271599819385995,0.185522318365167
26452,0.0565227260820952,0.498384916272657,0.152627037790165,0.292465319855083
26453,0.016876510302865,0.229015141935337,0.506420160537281,0.247688187224517
26454,0.21779949135874,0.0395557622503874,0.41566874214728,0.326976004243592
26455,0.0929042626062054,0.324065101080039,0.064159144095725,0.518871492218031
26456,0.200674070678084,0.149026578547729,0.28256147840978,0.367737872364407
26457,0.11372326610629,0.273013567568198,0.288870200040754,0.324392966284758
26458,0.132865037165674,0.311680830849374,0.14809182037321,0.407362311611742
26459,0.0391039132588662,0.0377437862168114,0.631990306816889,0.291161993707434
26460,0.072240936084313,0.238477445209219,0.0517185467123099,0.637563071994158
26461,0.164514053593132,0.208326332691098,0.409261278408702,0.217898335307068
26462,0.353236892215435,0.368820842187199,0.0380915873261609,0.239850678271205
26463,0.0613070542025274,0.117551688317591,0.524199192451035,0.296942065028847
26464,0.0413969061852711,0.21308805071238,0.434399475983775,0.311115567118574
26465,0.0305441487052404,0.396706061982455,0.189927902563764,0.382821886748541
26466,0.100414220477719,0.610410221243375,0.0180889915151047,0.271086566763802
26467,0.505821528589829,0.0273076763605326,0.0258726919736698,0.440998103075969
26468,0.244232544239995,0.312858741931184,0.283209982467684,0.159698731361138
26469,0.369802363684439,0.257183863927705,0.214740932513373,0.158272839874482
26470,0.0943955256752894,0.409603493158238,0.206418550395014,0.289582430771458
26471,0.376252163761905,0.112206542247961,0.299018856834333,0.2125224371558
26472,0.165499071027214,0.147054262397014,0.475293052471144,0.212153614104629
26473,0.556630431022305,0.102977442406695,0.133338507351808,0.207053619219193
26474,0.0755272429647932,0.260847072802042,0.468584200891178,0.195041483341987
26475,0.446186880047941,0.142283197647415,0.117939086106514,0.29359083619813
26476,0.0760933718253961,0.286208548593888,0.2967594512255,0.340938628355216
26477,0.219003058548333,0.287207649154826,0.330415364970623,0.163373927326219
26478,0.246205465112071,0.269936065149266,0.2356481815546,0.248210288184063
26479,0.16153511354326,0.277155797734858,0.337783811247284,0.223525277474598
26480,0.435358589340095,0.371216651841366,0.0635376257921398,0.129887133026399
26481,0.220538587554367,0.16370683418249,0.408434714704708,0.207319863558436
26482,0.228126336315116,0.140594446109525,0.322121508351178,0.309157709224181
26483,0.261634441458954,0.0916936551289116,0.390119528842949,0.256552374569185
26484,0.263572341695392,0.0855338704794,0.404863351223101,0.246030436602107
26485,0.101227256333897,0.606866255496921,0.0832257609268089,0.208680727242373
26486,0.289222453224972,0.211127320650615,0.133677644503572,0.365972581620841
26487,0.0607592349488415,0.342929744374307,0.428029456981894,0.168281563694958
26488,0.280070325777161,0.180785925341046,0.194508369320223,0.34463537956157
26489,0.180502279108312,0.249243184994431,0.238434749934954,0.331819785962302
26490,0.25908478776353,0.176963517576186,0.263480272811449,0.300471421848835
26491,0.47825543963007,0.203504797239344,0.106932311652469,0.211307451478117
26492,0.543721954251388,0.182128818888019,0.0920701202624652,0.182079106598128
26493,0.105825813780493,0.0862242086116293,0.515858064303765,0.292091913304113
26494,0.309286698652825,0.321854754921484,0.0994729616401685,0.269385584785522
26495,0.345363168020407,0.136423924304987,0.077556569445409,0.440656338229197
26496,0.160797476393601,0.194733050049177,0.493041155622594,0.151428317934628
26497,0.307941368225033,0.0478293056932996,0.356380612806926,0.287848713274741
26498,0.448107783021357,0.0474610119469067,0.136290227607015,0.368140977424722
26499,0.233994213446129,0.0603795442721605,0.330579978346748,0.375046263934963
26500,0.312930506709333,0.3579300152528,0.0929568985829333,0.236182579454934
26501,0.524670246017524,0.187903828803699,0.143280215074266,0.14414571010451
26502,0.442984590520686,0.0969409084014097,0.146978332033801,0.313096169044103
26503,0.130578441702631,0.577869971629638,0.106952639492988,0.184598947174743
26504,0.173774386992473,0.0836365572262767,0.223680158056691,0.518908897724559
26505,0.0590396936993515,0.339513717551916,0.290074734909311,0.311371853839422
26506,0.0933112054155712,0.277348700054387,0.258354605077758,0.370985489452284
26507,0.40319825882292,0.130029176697944,0.0416923534805207,0.425080210998615
26508,0.32773068337065,0.267612352633795,0.0357886597517371,0.368868304243818
26509,0.126960098184154,0.548207901145962,0.0503461595434759,0.274485841126409
26510,0.185544977826851,0.240290140367913,0.146949981121518,0.427214900683718
26511,0.194228222846932,0.188186659948997,0.421329185892762,0.196255931311308
26512,0.09459400680926,0.146932882160608,0.080999966358175,0.677473144671957
26513,0.128261828084804,0.372757885013844,0.358920198016325,0.140060088885027
26514,0.105052339299478,0.450123909002023,0.110194957578765,0.334628794119734
26515,0.199051758672928,0.16176246071876,0.445785684033841,0.193400096574472
26516,0.153646962800704,0.0841947306824532,0.1494517099576,0.612706596559243
26517,0.23801134070193,0.246642104837889,0.104905352875049,0.410441201585133
26518,0.131541341625112,0.0683725725238707,0.314092075773772,0.485994010077246
26519,0.364182761247858,0.279245330157933,0.082868870989101,0.273703037605108
26520,0.573428329227689,0.0299854130188911,0.0365135839203446,0.360072673833075
26521,0.190305706268695,0.355116157028485,0.053450849396716,0.401127287306104
26522,0.707729802329008,0.0576729303067573,0.0419756177773955,0.192621649586839
26523,0.102813614566197,0.319398499623386,0.184826564341755,0.392961321468662
26524,0.319541325357239,0.0718708087888568,0.125926362470147,0.482661503383757
26525,0.293062837190902,0.069662235348262,0.136652119682086,0.50062280777875
26526,0.123444103476315,0.44762318648202,0.257375666605736,0.171557043435929
26527,0.186529826797457,0.120425014902293,0.358243790501539,0.334801367798711
26528,0.0625431614020882,0.553340569155492,0.127445928075366,0.256670341367054
26529,0.223526501257692,0.0740507550280853,0.531222849053653,0.17119989466057
26530,0.462519706570448,0.139824498250822,0.130635952797563,0.267019842381168
26531,0.306099341632551,0.147033983765319,0.347603369090181,0.199263305511949
26532,0.20690348889319,0.471711149719867,0.12288676458319,0.198498596803754
26533,0.0908957114559913,0.530384564284372,0.111733620289831,0.266986103969805
26534,0.447808973777304,0.137490620475569,0.177480051295747,0.23722035445138
26535,0.0532551889115604,0.267667844110954,0.483612870012767,0.195464096964719
26536,0.100551415389456,0.164663352354975,0.200885548848992,0.533899683406578
26537,0.176068608663022,0.515030525115944,0.0797744530266556,0.229126413194378
26538,0.0754399424941647,0.0417686624210341,0.655496075735996,0.227295319348805
26539,0.0874565827382257,0.449280520434808,0.313739809490952,0.149523087336014
26540,0.339738431343261,0.270534368589697,0.198142881355594,0.191584318711448
26541,0.225554620326161,0.126408252104493,0.0764212118312004,0.571615915738146
26542,0.24201062028733,0.20485126485432,0.335694710765867,0.217443404092483
26543,0.333942553536754,0.184817919418144,0.0590428860979004,0.422196640947201
26544,0.0530543744399719,0.637284270806258,0.044338234766477,0.265323119987294
26545,0.172116765130474,0.105130097156743,0.197032638420078,0.525720499292704
26546,0.26153240469889,0.19562891553255,0.31765588411454,0.225182795654021
26547,0.398605574003034,0.106866318892214,0.0582622903161688,0.436265816788582
26548,0.409044655326156,0.0596700738503215,0.319665194314577,0.211620076508945
26549,0.0513729972375668,0.103638448158772,0.626664603940044,0.218323950663617
26550,0.102219953884957,0.24946214310791,0.500825483776167,0.147492419230967
26551,0.048276532565244,0.315940473587289,0.415983311268432,0.219799682579035
26552,0.417748707000511,0.068947229523996,0.178478942846293,0.334825120629199
26553,0.0512271772436355,0.569610742729625,0.109088987161151,0.270073092865589
26554,0.295286806786392,0.328025190280626,0.262221205015992,0.11446679791699
26555,0.0898107164832243,0.0773507921169545,0.569535939803103,0.263302551596719
26556,0.150310465628213,0.126916997813474,0.367040651984942,0.355731884573371
26557,0.255242982479447,0.128788097718806,0.106504935481163,0.509463984320583
26558,0.111588984019547,0.228292833456533,0.445846278374546,0.214271904149373
26559,0.343831234869921,0.249884032021493,0.0708078449671882,0.335476888141397
26560,0.179022203687724,0.154428759912162,0.372748799173677,0.293800237226437
26561,0.0422474694258181,0.439765788872995,0.167223155006158,0.350763586695029
26562,0.111209433484127,0.364755090306025,0.312372364292752,0.211663111917096
