No,Ch1,Ch2,Ch3,Ch4
21566,1.1740336608654546e-12,1.172009833275894e-10,0.9999938187103621,6.181171262776297e-6
21567,9.152098118083754e-13,2.899714944888035e-10,0.9999927514789094,7.248230203727108e-6
21568,3.0410635535195303e-12,2.554628945536113e-10,0.9999942674693428,5.732272153088047e-6
21569,4.844375599229908e-12,3.31639062515741e-10,0.9999902715860962,9.728077420486082e-6
21570,1.8323059117012864e-12,4.238304459405742e-10,0.9999936700264358,6.3295479013180974e-6
21571,2.1638772729876953e-12,5.056136527768647e-10,0.9999900650122256,9.934479996941081e-6
21572,2.1262512295942916e-12,9.845886107518897e-11,0.9999946195751469,5.380324267972476e-6
21573,2.435465920982653e-12,3.763437268888743e-10,0.9999809995537524,1.9000067468344938e-5
21574,1.2791841756336757e-12,2.4212179779180516e-10,0.9999928831119734,7.116644625636947e-6
21575,6.51583085048388e-13,1.3240190587937955e-10,0.9999944754296092,5.524437337250208e-6
21576,2.701230534407736e-12,3.1195817371519884e-10,0.9999927139702205,7.285715120189843e-6
21577,1.8098548795431273e-12,2.361851124064618e-10,0.9999950779658232,4.921796181972739e-6
21578,1.9087466582596363e-12,3.366591655969232e-10,0.9999931865502748,6.8131111571268506e-6
21579,1.4688090803324216e-12,4.0724787149848973e-10,0.9999821157447134,1.788384656991591e-5
21580,9.929050981324952e-13,3.500260342883836e-10,0.9999910863713913,8.913277589750305e-6
21581,3.876480345659981e-12,1.5206051603231255e-10,0.9999888936205864,1.1106223476498427e-5
21582,1.6788873985442595e-12,2.9137645114465143e-10,0.999992692687277,7.307019667576183e-6
21583,2.4882182545233122e-12,3.0773018477965897e-10,0.9999905428002719,9.456889509619903e-6
21584,5.211812028494229e-12,5.479547511684512e-10,0.9999786997604839,2.1299686349404872e-5
21585,3.790338906666698e-12,6.283041523833512e-10,0.9999700311785716,2.9968189333843866e-5
21586,2.4098190641568203e-12,4.867834657576287e-10,0.9999824272578021,1.7572253004708954e-5
21587,8.125904903373165e-13,2.8986672339977443e-10,0.9999844326709415,1.5567038379053772e-5
21588,1.5138711792643983e-12,2.3724706210294237e-10,0.999977297514214,2.2702247024964432e-5
21589,2.535692838994922e-12,1.9117551819609094e-10,0.9999849759178633,1.5023888425574847e-5
21590,1.660325260724908e-12,2.8977439080134883e-10,0.9999817691394179,1.8230569147324762e-5
21591,1.5159832676905547e-12,3.2607193314639343e-10,0.999971024587125,2.8975085286922767e-5
21592,3.2534620794286916e-12,4.4755779078184127e-10,0.9999626222506464,3.737729854239065e-5
21593,1.7422724911608767e-12,1.8762198551990237e-10,0.9999847238745099,1.5275936125759584e-5
21594,1.84223045832772e-12,3.7274596119407593e-10,0.9999666227030389,3.3376922372847866e-5
21595,4.976806714121315e-12,6.911749558497705e-10,0.9999366044115002,6.339489234785825e-5
21596,4.56975998726311e-12,6.221110692883958e-10,0.9999809341233821,1.9065249937249118e-5
21597,9.453249446147731e-12,1.3998238041232507e-9,0.9999313236519807,6.867493874212109e-5
21598,2.022990723425941e-12,5.288124568627284e-10,0.9999739123144524,2.608715471209813e-5
21599,2.361700472176407e-12,5.158628090370658e-10,0.9999813128426837,1.868663909174377e-5
21600,2.9980199954008295e-12,4.942653198578264e-10,0.9999543955013273,4.560400140951556e-5
21601,2.377289527245581e-12,5.013330855574077e-10,0.9999613358286454,3.866366764401313e-5
21602,1.409022438607787e-12,4.037957991670996e-10,0.9999774304677994,2.256912699587119e-5
21603,5.850825489980772e-12,2.9695152608237257e-10,0.9999735279743968,2.647172280080595e-5
21604,1.6317136494652956e-12,2.8757960078537e-10,0.9999819580261071,1.8041684681757524e-5
21605,3.2527164737777856e-12,2.3351071373037147e-10,0.9999839112217086,1.6088541527874354e-5
21606,5.10133065211594e-12,2.1209632993779205e-10,0.9999802881828994,1.9711599902904044e-05
21607,6.925300262016801e-12,2.648616553406624e-10,0.9999708127245162,2.918700369691137e-5
21608,1.5999358514266356e-11,8.164315408875191e-10,0.999967542088389,3.2457079180094425e-5
21609,3.393026541756866e-12,2.0403972834257419e-10,0.999981010920417,1.898887215029753e-5
21610,7.26056537202692e-12,7.061526850303576e-10,0.9999595092517687,4.049003481802696e-5
21611,2.630319012298664e-12,1.7805891639164153e-10,0.9999817973806577,1.820243865298613e-5
21612,3.1183175668262202e-12,1.8061631542879163e-10,0.9999916654684137,8.33434785166223e-6
21613,2.234536161154061e-12,1.1632895444708999e-10,0.9999867842129778,1.3215668458652288e-5
21614,2.2112835695813986e-12,2.6965699004218126e-10,0.9999866489230929,1.3350805038875102e-5
21615,8.002439777651337e-12,5.180889256841576e-10,0.9999737970819308,2.620239197774635e-5
21616,3.3841004763854814e-12,7.987985172432768e-11,0.9999906714741094,9.328442626536944e-6
21617,7.898521265471913e-12,5.76433182613725e-10,0.9999803605324821,1.9638883186211113e-5
21618,3.3220426904189073e-12,1.6712560926082293e-10,0.9999862477533488,1.3752076203496534e-5
21619,1.1610271139426225e-12,1.2640265532573927e-10,0.9999858490455461,1.415082689017302e-5
21620,3.764227495488874e-12,3.201553973330109e-10,0.9999828028515845,1.7196824496058672e-5
21621,3.637816850908088e-12,2.099131601543521e-10,0.9999868114056893,1.3188380759712601e-5
21622,4.845132131188772e-12,4.3192408935207663e-10,0.9999730548615444,2.6944701686451973e-5
21623,3.729943630602928e-12,7.748518527945598e-10,0.9999934514548292,6.547766588898289e-6
21624,4.3669822397779885e-12,7.431929778679144e-10,0.9999907713495664,9.227902873596094e-6
21625,1.9030227714607576e-12,2.5807394932337085e-10,0.9999958259681568,4.1737718663064e-6
21626,3.824818937754958e-12,4.104585973085041e-10,0.9999920742623613,7.925323355415877e-6
21627,2.126448439410986e-12,3.6984453166017315e-10,0.9999938632755689,6.136352460126158e-6
21628,8.555196672595973e-13,4.531848389374009e-10,0.9999964647348377,3.5348111219422814e-6
21629,4.4645461572321005e-12,5.533105992269459e-10,0.9999925917762577,7.407665967150961e-6
21630,2.7232937870069987e-12,3.9423079958022366e-10,0.9999936293312875,6.370271758301914e-6
21631,8.853530811877019e-13,1.1859750347009126e-10,0.9999985194949933,1.4803855237662736e-6
21632,1.6586446334931946e-12,6.228360291675157e-10,0.9999908581006617,9.141274843537953e-6
21633,1.6061077984269313e-12,5.145297820410191e-10,0.9999944879740779,5.511509786197223e-6
21634,3.1799051022458066e-12,1.3113850775009999e-9,0.9999913353883261,8.663297108911551e-6
21635,8.695134256814729e-13,5.145841952879128e-10,0.9999958157075307,4.1837770155625025e-6
21636,4.807376962690817e-12,4.762254795365611e-10,0.9999907678778971,9.231641070200832e-6
21637,2.8448135176269013e-12,1.2194112384667018e-9,0.9999924173536364,7.581424107458063e-6
21638,2.558554995268143e-12,6.349208985972114e-10,0.9999933488668392,6.650495681427036e-6
21639,2.9842502293853663e-12,1.0133109510746854e-9,0.9999941007846455,5.898199059192188e-6
21640,5.083385854789045e-12,1.3186674297126894e-9,0.9999828891134771,1.7109562771957953e-5
21641,1.9095058301732506e-12,1.9483978596112356e-10,0.9999969143769203,3.0854263303722377e-6
21642,4.23580329196227e-12,4.4812969305166723e-10,0.999989401073652,1.0598473982398009e-5
21643,2.0596961143638536e-12,2.363669716767985e-10,0.9999921521025738,7.84765899941532e-6
21644,5.49339020696687e-12,5.859875969715865e-10,0.99998258088239,1.7418526129080622e-5
21645,1.8936075187242124e-12,7.533642941256795e-10,0.9999849999927908,1.4999251951289855e-5
21646,2.634365578910587e-12,2.111633164208756e-10,0.9999917782627852,8.221523417154562e-6
21647,3.6081308176386083e-12,3.4099696286371946e-10,0.9999933471428248,6.652512570105625e-6
21648,3.002337153865881e-12,1.8572890167109946e-10,0.9999907816147304,9.2181965381496e-6
21649,4.438717870230268e-12,1.944181550123012e-10,0.9999909651887516,9.034612391559079e-6
21650,3.818194679991994e-12,4.93407744452326e-10,0.9999876625548734,1.2336947900869491e-5
21651,4.6396504327681135e-12,2.1139372167744167e-10,0.9999892110336389,1.0788750327837594e-5
21652,2.49610700618239e-12,5.802752711828356e-10,0.9999786059268668,2.1393490361910433e-5
21653,5.990959117989365e-12,2.5440275675818505e-10,0.9999870350698945,1.2964669711811146e-5
21654,4.903618304539662e-12,4.3320919699423493e-10,0.9999892225245671,1.0777037319935298e-5
21655,4.599563821801658e-12,1.6532579201807776e-10,0.9999906446012109,9.355228863735864e-6
21656,5.1896664901851135e-12,2.5478973008814736e-10,0.99999082455148,9.175188540619963e-6
21657,3.1931281261714726e-12,1.6363025571696056e-10,0.9999898264978688,1.0173335307879263e-5
21658,2.4285166315252105e-12,1.4553899584765053e-10,0.999993088335506,6.911516526484583e-6
21659,1.1001035886630562e-11,4.6214655421070287e-10,0.9999817994381833,1.8200088669116376e-5
21660,3.735502513296368e-12,2.4912893762901254e-10,0.999985807904066,1.4191843069607099e-5
21661,2.8035947275093583e-12,9.327589821772525e-10,0.9999534468592751,4.6552205162339744e-5
21662,3.301673217917464e-12,9.35900965846031e-10,0.9999510013878292,4.899767296818606e-5
21663,3.877727733486683e-12,4.062819612750086e-10,0.999956379045182,4.362054465820962e-5
21664,2.571944451451863e-12,4.981038638392275e-10,0.9999651685558163,3.4830943507995227e-5
21665,5.014367852274711e-12,4.342834655860609e-10,0.9999729327540173,2.706680668481316e-5
21666,2.688953123510935e-12,4.516218325499435e-10,0.999970571881466,2.942766422331856e-5
21667,2.058231168135365e-12,3.899014546041319e-10,0.9999798142352835,2.0185372756714642e-5
21668,5.170642301166904e-12,4.638086284639317e-10,0.9999534973949381,4.650213608270577e-5
21669,4.417936442258633e-12,3.669822724744464e-10,0.9999545581695265,4.544145907332681e-5
21670,3.5095002805271244e-12,7.474658158059753e-10,0.9999573488696204,4.265037940429736e-5
21671,2.199037553372859e-12,2.5316013292845356e-10,0.9999819977497003,1.8001994940529218e-5
21672,1.9173144777994742e-12,2.111389332322085e-10,0.9999840315324524,1.596825449149218e-5
21673,7.044955784751586e-12,6.785903532345466e-10,0.9999409349242941,5.906439007068573e-5
21674,6.851144371393652e-12,5.045841706569385e-10,0.999966544845524,3.345464304063469e-5
21675,5.109424895086628e-12,3.8709427323330426e-10,0.9999672139447463,3.278566305008277e-5
21676,3.79592164744107e-12,4.2697023752698904e-10,0.9999614035734465,3.859599578732396e-5
21677,6.022565562985517e-12,2.6871689142155877e-10,0.9999670931225804,3.290660268021121e-5
21678,4.073953375769773e-12,6.351987191537187e-10,0.9999727027596588,2.7296601068548487e-5
21679,4.34068722962578e-12,4.3141477218053336e-10,0.999956409278482,4.359028576249458e-5
21680,2.3814975958643144e-12,1.4261628045758312e-10,0.9999952121417706,4.7877132317047316e-6
21681,4.460329692268444e-12,2.165796840138513e-10,0.9999836226907427,1.6377088217416146e-5
21682,5.263651318436509e-12,3.3638602049249875e-10,0.9999837264347118,1.6273223638630125e-5
21683,2.6006991577603063e-12,7.429360150727393e-11,0.99999047152379,9.528399315814206e-6
21684,2.58220809099941e-12,1.249103193362636e-10,0.9999904918283952,9.508044112237324e-6
21685,7.918838679997778e-12,3.583752511401701e-10,0.9999817234525602,1.8276181145612856e-5
21686,1.7813680738485765e-12,2.0207309103876126e-10,0.9999925951342316,7.404661913962947e-6
21687,2.2044518173109e-12,1.5760541076029803e-10,0.9999901930135293,9.806826660810779e-6
21688,5.227720390588329e-12,4.3597284513538796e-10,0.9999781022501919,2.1897308607566037e-5
21689,2.8683734137409537e-12,2.6621465399056664e-10,0.9999921338119835,7.865918933491016e-6
21690,1.517705686886204e-11,8.207967869339665e-10,0.9999764582940204,2.354087000590022e-5
21691,5.793807491538052e-12,7.986619030624874e-10,0.9999730276242396,2.6971571304718336e-5
21692,1.623462165472397e-12,3.1485443107669e-10,0.9999930306349837,6.969048538421638e-6
21693,3.256969299845072e-12,7.529396661512091e-10,0.9999799210776473,2.00781661560641e-5
21694,1.7474412798834362e-12,2.1127695138506258e-10,0.9999919330119422,8.066775033463099e-6
21695,2.2841726442292062e-12,2.533570614963009e-10,0.9999941771102072,5.8226341516593955e-6
21696,7.594607204770483e-12,5.046175840238216e-10,0.9999819261564803,1.8073331307493272e-5
21697,3.7163651643110484e-12,2.039510291596578e-10,0.9999920138675716,7.985924761135353e-6
21698,1.4321239533584401e-12,6.950779555193765e-11,0.999996330042681,3.6698863792114025e-6
21699,7.24381091111616e-12,1.02088546803176e-9,0.9998541106663481,1.4588830552272886e-4
21700,4.307805511736781e-12,3.595791331188282e-10,0.9999353751347583,6.462450135477269e-5
21701,5.042506879775818e-12,3.409737034732445e-10,0.9999207179153707,7.928173861308054e-5
21702,2.1360431674619132e-12,4.060128437084464e-10,0.9999277620130275,7.223757882375289e-5
21703,5.578696509001053e-12,1.192280089376777e-9,0.9998415320165956,1.5846678554573372e-4
21704,3.94186011461887e-12,5.840781881671367e-10,0.9998736125455983,1.2638686638169076e-4
21705,3.90161031723101e-12,2.4808777835042443e-10,0.9999246156631826,7.538408482811266e-5
21706,4.395695138873865e-12,7.243420174941986e-10,0.9998455557770082,1.5444349425399985e-4
21707,3.4038531523630903e-12,7.206282529695103e-10,0.9999333917385332,6.660753743467812e-5
21708,3.653698435707061e-12,5.952891627205364e-10,0.9998901219129497,1.0987748810751525e-4
21709,9.709380293907486e-12,7.348458132928043e-10,0.999810813196354,1.8918605909077713e-4
21710,5.244084422544885e-12,3.9460342790802806e-10,0.9998532116421232,1.4678795802931045e-4
21711,6.372794874087045e-12,1.1309676857119209e-9,0.9999073628673649,9.263599529460274e-5
21712,4.62482387763881e-12,6.742952690660159e-10,0.9998111973200018,1.8880200107814515e-4
21713,5.866610193165067e-12,2.888843539739883e-10,0.9998854549226348,1.145447826142809e-4
21714,3.6899347515960774e-12,6.619096349929774e-10,0.9998739336142816,1.2606572011881283e-4
21715,5.470718766082871e-12,3.528939779166045e-10,0.9999278818641428,7.211777749248023e-5
21716,5.58104986058589e-12,4.6522070397651207e-10,0.9998781166745042,1.2188285469410683e-4
21717,2.448657207103106e-12,1.8358833643743144e-10,0.9999475783293078,5.242148465520862e-5
21718,1.0963669517032478e-11,1.1123531505565395e-9,0.999908732934426,9.126594225724707e-5
21719,3.627918552952123e-12,4.239360409019225e-10,0.9999434009707623,5.659860167384221e-5
21720,5.174021831913701e-12,4.888999601012786e-10,0.9999333866983502,6.661280757571217e-5
21721,3.0916365055367366e-12,3.9749608836072606e-10,0.9999383615794885,6.163801992384802e-5
21722,7.331533720408115e-12,5.26081118569788e-10,0.9999247432484552,7.525621813219452e-5
21723,1.154949683447433e-12,2.995059208992544e-10,0.9999642779282819,3.572177105721136e-5
21724,3.530977384522785e-12,4.409600261584867e-10,0.9999606386600003,3.936089550884249e-5
21725,1.3466849927191772e-12,1.8380585614393873e-10,0.9999719752834567,2.8024531390854254e-5
21726,8.575088204296049e-13,4.1832297074289815e-10,0.9999659625423619,3.403703845768983e-5
21727,1.8336257595975304e-12,1.3327332370000057e-10,0.999966613444505,3.338642038814484e-5
21728,2.6340425287719353e-12,2.3229461313291035e-10,0.9999535590865208,4.644067855036711e-5
21729,5.3362232391263145e-12,5.762621313288927e-10,0.9999276183352217,7.2381083179765e-5
21730,6.743832237265131e-12,2.9496646187742874e-10,0.9999211724015572,7.882729673259297e-5
21731,3.15357407557597e-12,2.945688500514056e-10,0.9999545458465765,4.545385570103404e-5
21732,7.10539354589073e-12,6.736953483922604e-10,0.9999064930114823,9.350630771702589e-5
21733,5.876479476449529e-12,1.1330464999074476e-9,0.9999347621143118,6.52367467650556e-5
21734,2.7398540016034454e-12,3.913631488995499e-10,0.9999689899552427,3.1009650654249704e-5
21735,6.021126861395362e-12,7.902619866379634e-10,0.9999344619053493,6.553729836775348e-5
21736,8.407800848973298e-12,3.8557490448969426e-10,0.9999257528230477,7.424678296942312e-5
21737,3.768689236218044e-12,3.550621030062844e-10,0.9999952636588593,4.735982309883378e-6
21738,4.138013056442306e-12,4.1037931378335906e-10,0.9999953554852823,4.64410020038185e-6
21739,5.836097880950201e-12,7.296934051816851e-10,0.999991732257897,8.26700657338053e-6
21740,1.9383650894186312e-12,5.072262026693123e-10,0.999996473218024,3.526272811692287e-6
21741,2.326817819064871e-12,4.824237089489489e-10,0.9999952196069378,4.77990831165518e-6
21742,3.149570038113329e-12,2.6142920648414144e-10,0.9999954530393568,4.546696064407824e-6
21743,1.229960974155985e-11,1.5094729746554485e-9,0.999981961960578,1.8036517649376043e-5
21744,1.389166897318997e-12,2.0145157242140095e-10,0.9999973044632777,2.69533388158391e-6
21745,2.1090196388725786e-12,2.9782759366823144e-10,0.9999951845930316,4.81510703167441e-6
21746,3.897173427480619e-12,4.405702642382653e-10,0.9999947632727503,5.236282782403062e-6
21747,2.9651514223068233e-12,2.9562355478322876e-10,0.9999957758907533,4.2238106579801985e-6
21748,3.835382050258387e-12,6.779631573317087e-10,0.9999940548602516,5.944457949928719e-6
21749,2.201268466966735e-12,3.8369904987155486e-10,0.9999957228782395,4.2767358602647725e-6
21750,1.3796336211693998e-12,2.611377990510049e-10,0.999995784759632,4.214977850699407e-6
21751,3.604681471048286e-12,1.259990705486024e-10,0.9999971679730867,2.8318973094946586e-6
21752,2.3750044233716477e-12,3.324570966411847e-10,0.9999935098703909,6.489794776787451e-6
21753,2.525353463016388e-12,3.1059852020286167e-10,0.9999958332713881,4.1664154880694905e-6
21754,2.4296689223558657e-12,4.84364993208036e-10,0.9999938485715304,6.150941674884616e-6
21755,3.5930656427251324e-12,6.608757243137587e-10,0.9999925427682025,7.456567328672268e-6
21756,2.586128509649206e-12,2.733912327594619e-10,0.9999363911370929,6.360858692966194e-5
21757,5.428101478229352e-12,8.600790544499886e-10,0.9998950989289367,1.0490020555600631e-4
21758,3.2749674954273164e-12,2.1036029089627817e-10,0.9999175861542802,8.24136320847026e-5
21759,3.249987867478169e-12,2.913467529471147e-10,0.9999579216389771,4.207806642606713e-5
21760,1.959325725725367e-12,1.0971797286535159e-10,0.9999653498510628,3.46500372600806e-5
21761,1.8429997660091154e-12,1.0315501408358899e-10,0.9999641277193329,3.587217566924569e-5
21762,5.774840122627108e-12,1.6490080999227369e-9,0.9998484490123813,1.5154933283594263e-4
21763,1.18522283193719e-11,3.112484810389302e-10,0.9998636794309644,1.363202459347718e-4
21764,1.617313841214605e-12,1.3113354634236554e-10,0.9999704030572761,2.9596809972978082e-5
21765,7.949827402177349e-12,2.9049987811727604e-10,0.9999088063026919,9.119339885839929e-5
21766,8.852635666250808e-12,5.502779368642769e-10,0.9997885255637614,2.1147387710791847e-4
21767,3.15823396016655e-12,2.1860579647753495e-10,0.9999278624288843,7.213734935171529e-5
21768,5.10648727487912e-12,5.234822071754206e-10,0.9999428472391454,5.715223226581506e-5
21769,4.677172126114383e-12,5.044378813756856e-10,0.999881752007761,1.1824748312394318e-4
21770,1.3908613804337965e-12,1.5424552213657956e-10,0.9999726245944985,2.7375249865027053e-5
21771,2.002421999209282e-12,2.699877778874705e-10,0.9999387814739545,6.121825405529264e-5
21772,6.020159186352411e-12,7.094152842129771e-10,0.9999202528271062,7.974645745836992e-5
21773,9.635145521799978e-12,5.06875158214462e-10,0.9998617159203093,1.3828356318050397e-4
21774,1.0222634372482997e-12,1.0089839308301046e-10,0.9999749353772873,2.5064520792100267e-5
21775,3.680445619336289e-12,4.716297604484323e-10,0.999969413860673,3.0585664016888837e-5
21776,3.744418611080337e-12,3.695288933855123e-10,0.9999682172320205,3.178239470634027e-5
21777,1.0316698255599594e-12,8.277017468533083e-11,0.9999838531761329,1.6146740065152343e-5
21778,3.287323797463859e-12,2.487107044951629e-10,0.9999694220987542,3.0577649247730524e-5
21779,4.1463039779943596e-12,4.774018738195057e-10,0.9999572512379433,4.274828050847724e-5
21780,1.58175416450275e-12,1.225838716820239e-10,0.9999828114347946,1.718844103966503e-5
21781,1.4794291091589613e-12,1.2258032985923033e-10,0.9999749484950796,2.5051380860713702e-5
21782,2.8446103456625825e-12,8.48309039872998e-11,0.9999803389024315,1.9661009892948155e-5
21783,3.4948733056872007e-12,3.032630999147367e-10,0.9999700808779188,2.9918815323205635e-5
21784,6.3442534914564616e-12,4.257943568292325e-10,0.9999650784728938,3.4921094967665886e-5
21785,3.97296854354991e-12,7.183049068226421e-10,0.9999740049823806,2.5994295341505174e-5
21786,1.86841875540667e-12,1.4463994604767886e-10,0.9999750453500496,2.4954503442163824e-5
21787,3.6540445464912835e-12,2.922567391973789e-10,0.9999628039723294,3.71957317598342e-5
21788,4.463388175750711e-12,3.024674010434503e-10,0.9999624208488835,3.7578844185670985e-5
21789,2.124211158297162e-12,2.2921233778832484e-10,0.9999717586953352,2.824107332804512e-5
21790,5.136142658995474e-12,2.481386709976693e-10,0.9999734885058376,2.6511240887534835e-5
21791,3.0576242533175586e-12,2.0543864202901441e-10,0.9999711621167352,2.8837674768514483e-5
21792,1.4799023123556831e-12,3.2486820331298975e-10,0.9999795629856045,2.0436688047512583e-5
21793,1.5219512528831432e-12,2.8949424531441946e-10,0.9999848576393968,1.514206958715487e-5
21794,2.4662997240220713e-12,6.933445565414884e-10,0.9999596023021852,4.0397002003937645e-5
21795,2.460099664544159e-12,1.512545700069968e-10,0.9999728700771809,2.7129769104369534e-5
21796,3.6465102658405856e-12,4.002567442245881e-10,0.9999666069906069,3.3392605489888976e-5
21797,3.499319272670659e-12,3.948927932020406e-10,0.9999648501340206,3.5149467587288724e-5
21798,2.7782824134297045e-12,2.167778261923098e-10,0.9999737446209849,2.6255159459026453e-5
21799,2.1824329613000615e-12,3.3412888440729413e-10,0.9999533931065655,4.660655712321316e-5
21800,1.957087902387599e-12,5.543166891114862e-10,0.9999310506909028,6.894875282352837e-5
21801,4.045147443623964e-12,6.137581229865122e-10,0.9999662105583236,3.3788823872935066e-5
21802,1.1127195677595297e-12,2.9891025309064283e-10,0.9999705306024406,2.9469097536449046e-5
21803,2.0144177551381545e-12,2.8900870554230973e-10,0.9999643128281712,3.5686880805815197e-5
21804,4.300851069439267e-12,1.0527005136812049e-9,0.9999603372696294,3.966167336916667e-5
21805,3.1846595548315684e-12,2.5293745760989353e-10,0.9999569366769705,4.306306690731631e-5
21806,2.0274030360720934e-12,5.130054302011518e-10,0.9999639321483901,3.6067336577090836e-5
21807,2.178323011507849e-12,5.048992001378936e-10,0.9999669868222417,3.301267068049846e-5
21808,3.734399410486739e-12,5.169828842138188e-10,0.9999494002631728,5.059921610985096e-5
21809,8.852979426296469e-12,5.760248959910796e-10,0.9999278979814469,7.210143367524467e-5
21810,3.9786025420145e-12,2.463899019791116e-10,0.9999795532386068,2.0446511024632316e-5
21811,2.6299929512028e-12,4.688547854082155e-10,0.9999800607413367,1.9938787178407162e-5
21812,1.9712821590203538e-12,2.2967517156901156e-10,0.9999614432886511,3.855647970251465e-5
21813,2.675364590245237e-12,4.295801354800995e-10,0.9999733639879782,2.6635579766112212e-5
21814,2.6239373110290664e-12,4.0785836577729225e-10,0.9999563617648322,4.36378246854091e-5
21815,3.433238769588773e-12,3.034920646858254e-10,0.9999581995893285,4.180010374631515e-5
21816,4.714113069379499e-12,5.295981744143923e-10,0.9999713398861844,2.8659579503216733e-5
21817,5.909112740740516e-13,1.0216636685608957e-10,0.9999827912646772,1.720863256551368e-5
21818,1.0497079286540926e-12,1.4261631235862706e-10,0.9999790788057757,2.0921050558199342e-5
21819,3.1156625076097703e-12,3.68361301877019e-10,0.999960165029771,3.9834598752019385e-5
21820,3.0825532207389805e-12,2.9477793909893015e-10,0.9999661314698125,3.386823232693489e-5
21821,1.8160218989187888e-12,3.1024174051344786e-10,0.9999719491390696,2.8050548872478762e-5
21822,5.4945899958245234e-12,1.1917846297054074e-9,0.9999612877555653,3.871104715550313e-5
21823,2.192556034352393e-12,5.314541889117424e-10,0.9999730234786655,2.6975987687755085e-5
21824,3.2244613150799304e-12,7.305390892528353e-10,0.9999752597594027,2.473950683358446e-5
21825,1.506064308412265e-12,6.243622417964006e-10,0.9999598812532431,4.011812088874972e-5
21826,2.2351988332373813e-12,3.4294573965113656e-10,0.9999840031074336,1.5996547385356047e-5
21827,6.675709376109082e-13,1.3254793207764816e-10,0.9999857723511013,1.422751568320988e-5
21828,2.468688515119143e-12,3.75192540120969e-10,0.9999729645948909,2.703502744778806e-5
21829,1.624192098321009e-12,5.161971993104598e-10,0.9999591685190379,4.083096314078025e-5
21830,9.08638053630404e-13,1.6221188020488222e-10,0.9999794312032789,2.056863360057978e-5
21831,4.570762355619263e-12,6.551695860191172e-10,0.99995010529498,4.989404527970403e-5
21832,2.8789874128931985e-12,4.3402455080116983e-10,0.9999837364118191,1.6263151277294636e-5
21833,3.596460246987415e-12,1.696814202964398e-10,0.999990700195376,9.299631346169616e-6
21834,3.9765812443065566e-12,3.7504161945586494e-10,0.9999819102039518,1.80894170300522e-5
21835,2.2570192747866153e-12,2.501822315089762e-10,0.9999882964959202,1.1703251640493653e-5
21836,6.035338171097342e-13,7.439097907043558e-11,0.9999927385241876,7.261400817869198e-6
21837,1.8095107010897895e-12,1.1417796535227152e-10,0.9999906000431855,9.399840827018914e-6
21838,3.153426995824682e-12,1.7979838970357166e-10,0.9999880000174162,1.1999799631859474e-5
21839,2.4419357996680094e-12,3.1640247957288e-10,0.999990129914525,9.869766630509381e-6
21840,2.6743798802988234e-12,9.529994576182009e-11,0.9999930569950704,6.942906955323141e-6
21841,3.158327099463653e-12,2.1397833648959137e-10,0.9999877438795706,1.2255903292652857e-5
21842,1.2488947902209814e-12,3.592130479018575e-10,0.9999889422357382,1.1057403799982746e-5
21843,6.107082105647836e-12,2.4675514198787894e-10,0.9999815416062838,1.8458140853941095e-5
21844,1.7405663534431076e-12,4.2016773833468863e-10,0.999986770945305,1.32286327867308e-5
21845,2.480044111955752e-12,2.0604579997387263e-10,0.9999898337366486,1.016605482574082e-5
21846,1.3353462077256591e-12,3.453006523307255e-10,0.9999821492993209,1.785035404287716e-5
21847,1.0296755931105928e-12,9.389619394940093e-11,0.999996175426439,3.824478635060346e-6
21848,2.064736235048964e-12,3.1125260251474573e-10,0.9999704060237081,2.9593662974316382e-5
21849,5.7128917375417885e-12,2.9314959732055344e-10,0.9999861609609322,1.3838740205342589e-5
21850,2.536710913524567e-12,2.1358847147954515e-10,0.9999844536818732,1.554610200185959e-5
21851,5.73487732339035e-12,6.344746679263231e-10,0.9999855938056966,1.4405554093914662e-5
21852,3.8411263815672e-12,2.5793464225034315e-10,0.9999911546115059,8.845126718409697e-6
21853,4.419347446258626e-12,3.6722152228578624e-10,0.9999779689112418,2.20307171172484e-5
21854,4.767864212066104e-12,4.0378027598667475e-10,0.9999804113927133,1.9588198738640084e-5
21855,4.074864487298908e-12,7.2074169086069e-10,0.9999798436385744,2.0155636609162852e-5
21856,6.0760968475957686e-12,3.7201319899198217e-10,0.9999889608311597,1.1038790750969866e-5
21857,3.068044552243261e-12,5.38702969516843e-10,0.9999888144600937,1.1184998135233833e-5
21858,6.9109577193347205e-12,5.815466729956814e-10,0.9999750006635609,2.499874798132405e-5
21859,4.181351044770995e-12,3.054967814619994e-10,0.9999853427256868,1.4656964635014899e-5
21860,6.384087141342021e-12,4.4442178197722835e-10,0.9999890228893069,1.0976659887304948e-5
21861,3.174315033720771e-12,1.564662668146692e-10,0.999992799891524,7.199948835476665e-6
21862,1.0255635372731974e-12,1.5974397749839997e-10,0.999992762013307,7.237825923427017e-6
21863,2.376722949398098e-12,4.954578432122936e-10,0.999984747693238,1.525180892743411e-5
21864,7.386601550420643e-12,1.1667195320582206e-9,0.9999813027317483,1.869609414543754e-5
21865,1.9791112904283575e-12,3.2294677766522465e-10,0.9999933824763219,6.617198752207135e-6
21866,4.023537729309272e-12,2.441841262741073e-10,0.9999888276363275,1.1172115465015706e-5
21867,1.8258281216421647e-12,3.0647969443293884e-10,0.9999887068338909,1.1292857803697479e-5
21868,2.0555420621330375e-12,1.3109620075121792e-10,0.9999926934025071,7.306464341026015e-6
21869,4.15251031735526e-12,2.5758290991292196e-10,0.999984668326715,1.533141154952763e-5
21870,2.3374320720497873e-12,1.759137302993852e-10,0.9999974103908839,2.589430865040722e-6
21871,1.6137358158690602e-11,5.546462880908251e-10,0.9999926845540862,7.3148751301368045e-6
21872,1.2345212817550087e-12,2.2614206608102208e-10,0.9999980773621786,1.922410444841359e-6
21873,3.781297390038932e-12,2.559876260335936e-10,0.9999968789644891,3.120775741886507e-6
21874,3.647358035839434e-12,8.437528799482784e-10,0.9999933267856037,6.672366995899333e-6
21875,5.382308908306544e-12,6.02478023388982e-10,0.9999961963824497,3.8030096898516507e-6
21876,1.797920786630488e-12,1.5414104846752836e-10,0.9999979042306177,2.095613443389003e-6
21877,2.3115231639858446e-12,2.6951841529606473e-10,0.9999966278386031,3.3718895669314875e-6
21878,5.096171833012888e-12,5.124586275873862e-10,0.9999953006740935,4.698808351628084e-6
21879,4.147092938764605e-12,2.86551174091156e-10,0.9999962750022432,3.724707058592676e-6
21880,1.921599692768161e-12,1.3647553864291918e-10,0.9999977627316265,2.237129976148277e-6
21881,2.6416912233147327e-12,3.0806958149657993e-10,0.9999975407754527,2.4589138358977823e-6
21882,2.6283198059445267e-12,2.2332166605983802e-10,0.9999971359974147,2.8637766352730166e-6
21883,1.1419825287533563e-12,2.3556652327344527e-10,0.9999974858659874,2.51389730404107e-6
21884,5.566483153130288e-12,7.633667878927075e-10,0.9999926803732193,7.31885784744748e-6
21885,2.041170475570355e-12,3.1396245393691735e-10,0.9999938120221966,6.187661799637914e-6
21886,3.119987918516529e-12,3.252342821802581e-10,0.999996966521286,3.0331503595059235e-6
21887,2.9225656925883778e-12,1.936569717122723e-10,0.9999967115927685,3.2882106520107165e-6
21888,2.178705581114233e-12,8.872648714830503e-10,0.9999951237154654,4.875395091157983e-6
21889,9.917533110032062e-13,1.7336254978664421e-10,0.9999895090845992,1.0490741046443582e-5
21890,1.990592310849816e-12,2.7666850461812845e-10,0.9999768078950917,2.3191826249200984e-5
21891,1.6411713530399069e-12,4.91126842158976e-11,0.9999919472026456,8.052746600398585e-6
21892,1.518459948310282e-12,3.4461608724640404e-10,0.9999710192865741,2.898036729125609e-5
21893,2.1227213493794643e-12,2.793217973120594e-10,0.9999811983293756,1.880138917991883e-5
21894,2.8096904341457646e-12,1.9050491427022938e-10,0.9999683140723642,3.168573432119893e-5
21895,6.034880801849231e-13,7.229854965929887e-11,0.9999929642406865,7.035686411412247e-6
21896,1.975028039019234e-12,1.1332724031193475e-10,0.9999868511383461,1.3148746351753682e-5
21897,1.7922787749028764e-12,1.877504187424644e-10,0.9999884704739362,1.1529336521263425e-5
21898,3.0706420274062016e-12,3.263697571528748e-10,0.9999783167280712,2.168294248818748e-5
21899,1.2550841223591192e-12,1.0681626720735295e-10,0.9999932325965213,6.767295407474973e-6
21900,1.1106517633779974e-12,1.3324150279248013e-10,0.9999630464518867,3.695341376106898e-5
21901,6.03142344186926e-12,7.053264156206627e-10,0.999965636384914,3.436290372815797e-5
21902,9.48651382933191e-13,1.2136089525526056e-10,0.9999893421467042,1.065773098614482e-5
21903,9.889242188568463e-13,1.1554476325037898e-10,0.9999890734736758,1.0926409790506096e-5
21904,4.1086275911702e-12,2.371817872785535e-10,0.9999772022695105,2.2797489199134268e-5
21905,4.758880720927028e-13,1.4898786589763192e-10,0.9999837505866598,1.6249263876386057e-5
21906,3.1839158565633696e-12,3.068163766903675e-10,0.9999517265489298,4.827314106983234e-5
21907,1.2567135492483516e-12,2.672880136149258e-10,0.9999840917004936,1.5908030961557686e-5
21908,2.683042330653008e-12,3.5264437517575006e-10,0.9999870946997064,1.2904944966266132e-5
21909,2.3942852226949897e-12,2.5068518432577924e-10,0.9999873418580495,1.2657888870982685e-5
21910,8.83433882158239e-12,3.735055743967033e-10,0.9999714677002359,2.85319174241812e-5
21911,5.195223524066361e-12,4.89574469723513e-10,0.9999794099927757,2.0589512454593197e-5
21912,4.754887255126811e-12,1.0906932578975541e-9,0.9999496200135689,5.037889098303669e-5
21913,2.5973319774524953e-12,2.5440799173478003e-10,0.999985741171988,1.4258571006589427e-5
21914,5.335406816168775e-12,4.6377541112137345e-10,0.9999697835663038,3.0215964585261865e-5
21915,4.643328603112359e-12,3.3688110743289084e-10,0.9999766987647517,2.3300893723994964e-5
21916,1.6499568639487763e-12,2.040641527370531e-10,0.9999793580658656,2.0641728420384965e-5
21917,2.4985191633893735e-12,2.894998744603441e-10,0.9999817624895477,1.823721845382691e-5
21918,2.2434092319465784e-12,2.024951116206773e-10,0.9999845530176854,1.544677757591437e-5
21919,1.738146445258523e-12,1.5903377171478988e-10,0.9999888648745612,1.1134964666915815e-5
21920,4.485807534016354e-12,2.651310870084391e-10,0.9999756946156857,2.430511469740329e-5
21921,5.398298766904928e-12,7.669803553462771e-10,0.9999802156400825,1.978358753878621e-5
21922,7.715138857430758e-12,5.247747690972811e-10,0.9999699961666948,3.0003300815342715e-5
21923,4.622253049940579e-12,3.5460656704691134e-10,0.9999695404909071,3.04591498641439e-5
21924,7.1230924956421584e-12,6.242397656736118e-10,0.999966252615729,3.374675290827576e-5
21925,5.565844775729311e-12,2.188914900370338e-10,0.9999815467937493,1.8452981793273042e-5
21926,7.655824537958434e-12,4.068798347196956e-10,0.9999734742556012,2.652532986317995e-5
21927,2.0345075659296433e-12,1.5033369990347485e-10,0.999894694577198,1.0530527043365596e-4
21928,2.236928844398333e-12,4.0019712260111727e-10,0.9998602554636227,1.3974413394321687e-4
21929,3.142497367781402e-12,4.154306763538684e-10,0.9996511801073983,3.4881947402861025e-4
21930,1.313954114045503e-12,2.785659308323661e-10,0.9998910967075328,1.0890301258720515e-4
21931,6.7702777597697244e-12,9.516729296685737e-10,0.9996933397823523,3.0665925920447926e-4
21932,1.4262436372527975e-12,1.3488365329342165e-10,0.9999077886176139,9.22112460762462e-5
21933,4.551866704632773e-12,9.456810582153845e-10,0.999619903963146,3.800950866209232e-4
21934,1.8175998029000968e-12,2.689318254112817e-10,0.9998498418052577,1.5015792399278492e-4
21935,2.2556946625124335e-12,4.2539758818753883e-10,0.999823903025327,1.7609654701972332e-4
21936,1.698481788426336e-12,2.218291081105897e-10,0.9998900938992699,1.0990587720259055e-4
21937,1.0399321827957587e-12,2.2988388744263896e-10,0.9998727577311518,1.2724203792424094e-4
21938,1.0380915165736688e-12,3.509506258531206e-10,0.9998780985758907,1.2190107212030986e-4
21939,2.1761852607063387e-12,3.472426889642239e-10,0.9998080549439774,1.919447066037702e-4
21940,4.548034184703927e-12,3.274457091170166e-10,0.9998411647525597,1.5883491544667355e-4
21941,2.0155669997416284e-12,1.800820191376677e-10,0.9998253469378899,1.7465288001253818e-4
21942,2.6719084067068248e-12,4.5932663778442623e-10,0.9998905340674794,1.0946547052218726e-4
21943,1.5763700980136244e-12,2.945131399727912e-10,0.9998401451924613,0.00015985451144900879
21944,2.0579813012810096e-12,1.7423374554317253e-10,0.999887008870251,1.1299095345737654e-4
21945,2.819647073536468e-12,5.36067551371453e-10,0.9997140730494668,2.8592641164617406e-4
21946,2.450045306826946e-12,3.116302915829173e-10,0.9999763156046776,2.3684081241857472e-5
21947,1.0324365153321312e-11,1.1029895744677213e-9,0.9999322644129376,6.773447374847467e-5
21948,1.6919025005163957e-12,5.923809963264741e-10,0.9999774143927361,2.2585013191026008e-5
21949,2.7824143621860847e-12,3.926874991329645e-10,0.9999716358986075,2.8363705922471105e-5
21950,1.983615439170614e-12,2.5329098042010067e-10,0.9999747276915005,2.5272053224729967e-5
21951,5.97341004782847e-12,5.767351380488417e-10,0.9999427011499143,5.729826737717459e-5
21952,5.94730149659979e-12,6.547572896921795e-10,0.9999251677301745,7.483160912085958e-5
21953,6.055996904419581e-12,9.569770131241694e-10,0.9999516025411554,4.839649581141411e-5
21954,4.1711501523557136e-12,4.739544571157963e-10,0.9999437573091992,5.6242212675247504e-5
21955,3.943107962451754e-12,3.033877866084745e-10,0.9999707211665998,2.927852606923584e-5
21956,2.2127624033307394e-12,4.222745395446695e-10,0.999949249790187,5.074978532563874e-5
21957,2.639855487603355e-12,3.1601646226182675e-10,0.9999805768025508,1.9422878792914887e-5
21958,2.5796019627089176e-12,8.096983671266705e-10,0.9999613090049594,3.869018276277536e-5
21959,3.054751899740628e-12,4.841449122763606e-10,0.9999411698159744,5.882969682607779e-5
21960,4.5125914188608415e-12,8.728325909690646e-10,0.9999609379468479,3.906117580691477e-5
21961,3.5049023052722633e-12,4.6079601034590466e-10,0.9999661753562217,3.382417947752642e-5
21962,1.5300694674704773e-11,1.1268435248755704e-9,0.9999161249954178,8.387386243801643e-5
21963,1.758847455386507e-12,4.64153691813157e-10,0.9999762684253213,2.373110876620094e-5
21964,3.0359715349897998e-12,1.930028870803615e-10,0.9999736427377688,2.6357066192447247e-5
21965,2.699842972726932e-12,1.3229953636011785e-10,0.9999756989039337,2.4300961067017162e-5
21966,2.4203093176571535e-12,2.1122319961470716e-10,0.9999785543163229,2.1445470033808854e-5
21967,6.051937722857016e-12,1.1792624361721147e-10,0.9999699714711567,3.0028404865059594e-5
21968,6.407233891132324e-12,7.90218862699456e-10,0.9999585128629195,4.148634045442926e-5
21969,1.5684424192655083e-12,3.425219301135398e-10,0.9999700962360164,2.9903419893118557e-5
21970,2.7491368153613384e-12,3.5404131696005044e-10,0.9999625832025516,3.741644065811688e-5
21971,6.220905404093479e-12,4.444002553853173e-10,0.9999682340508439,3.1765498534808e-5
21972,8.623239820149043e-12,2.917608175876929e-10,0.9999597408072189,4.025889239710099e-5
21973,5.466230986305976e-12,4.240410826423983e-10,0.9999400428399784,5.995673051429603e-5
21974,1.12351280115521e-11,1.0015392302853251e-9,0.9999526060156656,4.7392971560165506e-5
21975,1.5369623513065107e-12,1.9404116406848346e-10,0.9999713216652323,2.8678139189524566e-5
21976,6.431103620951718e-12,3.853899871149855e-10,0.9999775278147167,2.2471793462251515e-5
21977,3.917471781905152e-12,5.138468937151071e-10,0.9999716025899339,2.839689230162962e-5
21978,2.0895780208869593e-12,1.3524044625132136e-10,0.9999829165939785,1.708326869148408e-5
21979,5.1148514136922275e-12,6.844855554485075e-10,0.9999420790790825,5.792023131701263e-5
21980,3.953684347735104e-12,9.553477097138813e-10,0.9999553164740852,4.468256661350664e-5
21981,2.505988972125067e-12,2.3946106218308286e-10,0.9999823604707279,1.7639287305019082e-5
21982,2.888849757713748e-12,3.3840424009265763e-10,0.9999718951276936,2.8104531013192995e-5
21983,2.193697724429728e-12,3.0073575137832126e-10,0.9999616219737076,3.837772336296847e-5
21984,3.2092002192707744e-12,1.1116726154760277e-9,0.9998884360373301,1.1156284778783229e-4
21985,3.779324494963619e-12,1.1154134573980623e-9,0.9998825758448138,1.1742303599346005e-4
21986,4.43874983886823e-12,4.842133802930258e-10,0.9998954619906806,1.0453752066716033e-4
21987,2.944084511386287e-12,5.936554889266328e-10,0.9999165253156221,8.347408777826718e-5
21988,5.739969539263049e-12,5.175979899555297e-10,0.9999351318253983,6.486765126372258e-5
21989,3.078046642276274e-12,5.382608377325214e-10,0.9999294740661187,7.052539254226946e-5
21990,2.3560891625289338e-12,4.6470603823070733e-10,0.9999516232940991,4.837623883866838e-5
21991,5.918696952044099e-12,5.527723635330067e-10,0.9998885565767929,1.114428645161564e-4
21992,5.057102032341141e-12,4.373742664139407e-10,0.9998910984554861,1.0890110208257429e-4
21993,4.0172533970765196e-12,8.908429962144535e-10,0.9998977864667129,1.0221263842680993e-4
21994,2.5172800932375024e-12,3.0173111633387274e-10,0.9999568560058658,4.314368988568646e-5
21995,2.1947925668671223e-12,2.516484971102812e-10,0.999961730022223,3.826972393386133e-5
21996,8.064032353393399e-12,8.087374610930684e-10,0.9998584532264803,1.4154595671827153e-4
21997,7.842465955263648e-12,6.013800736312686e-10,0.9999198235213848,8.01758693928534e-5
21998,5.848735051729222e-12,4.61352165958191e-10,0.9999214268368823,7.857269591682356e-5
21999,4.345138698074898e-12,5.088735717553869e-10,0.9999075027504027,9.249673637850046e-5
22000,6.894001787692271e-12,3.2026590813278375e-10,0.9999211371515776,7.886252126253443e-5
22001,4.663471341647773e-12,7.570573157422211e-10,0.9999345808883762,6.541834990302997e-5
22002,4.968689624290396e-12,5.141670905522491e-10,0.9998955344718409,1.0446500902347229e-4
22003,1.3504049659297091e-12,1.916965709306367e-10,0.9999752614573685,2.4738349584622774e-5
22004,4.857287968507653e-12,3.4923924245173485e-10,0.9999608976227031,3.910202320033147e-5
22005,3.788881182954244e-12,3.58968604350155e-10,0.9999738977878193,2.610184942330071e-5
22006,1.6255070761194956e-12,4.4942190619332683e-10,0.9999732945201572,2.670502879539113e-5
22007,2.619170710415356e-12,3.1739246708392516e-10,0.9999862873619553,1.3712318033000714e-5
22008,2.497252355498209e-12,2.8182150281023444e-10,0.9999702266313154,2.9773084365899054e-5
22009,3.897803239404039e-12,2.8072664241907543e-10,0.9999720426966953,2.7957018680339573e-5
22010,3.92908885519971e-12,8.243303346508932e-10,0.9999697909106731,3.020826106747658e-5
22011,3.799998274201878e-12,4.403203725850437e-10,0.9999681491483522,3.1850407527413015e-5
22012,6.394865476967162e-12,3.4474844329093854e-10,0.9999578283243603,4.2171324496199496e-5
22013,4.2090387221563575e-12,2.5479802900355745e-10,0.9999846517512984,1.5347989694478237e-5
22014,1.8381711454464288e-12,2.105707922457071e-10,0.9999784316631635,2.1568124427571796e-5
22015,1.6385538609414971e-12,2.161434891355634e-10,0.9999820535175618,1.7946264656237972e-5
22016,5.494425636644313e-12,7.082878455002805e-10,0.9999398032167194,6.0196069498390134e-5
22017,3.985894586205063e-12,5.769296669611598e-10,0.9999660508376821,3.394858140243957e-5
22018,3.683896093764322e-12,2.09055673753161e-10,0.9999747379285453,2.5261858715062068e-5
22019,3.7266320104451616e-12,2.0769718913511185e-10,0.9999735429524284,2.6456836147868126e-5
22020,2.7134649975098674e-12,2.50771116677356e-10,0.999972629456624,2.7370289891528046e-5
22021,2.3526272320108564e-12,3.386741866715268e-10,0.9999742371121434,2.5762546829663024e-5
22022,5.7146642966471816e-12,2.4936448574481067e-10,0.9999366385626927,6.336118222823751e-5
22023,2.7801891526011837e-12,1.069204696371379e-10,0.999970065012066,2.993487823312996e-5
22024,9.672237729575366e-12,4.834456804637545e-10,0.9998860904049685,1.1390910191356611e-4
22025,7.349356368330577e-12,6.95103936623138e-10,0.9999082365048255,9.176279272112119e-5
22026,1.1706130001824117e-11,4.984591250466962e-10,0.9999162666509289,8.373283890589396e-5
22027,3.6346117164084177e-12,3.3127990534050684e-10,0.9999402298662313,5.9769798854262895e-5
22028,7.659850351876144e-12,4.0661529367788436e-10,0.9999114319073762,8.856767834850896e-5
22029,1.9648635075864084e-12,2.8741956639791233e-10,0.999934774262143,6.522544847258791e-5
22030,5.2063076402421366e-12,2.489049922643364e-10,0.9999579498707414,4.204987514725061e-5
22031,3.895795118207443e-12,4.998847781513766e-10,0.9999358534217779,6.414607444144633e-5
22032,4.121567306247883e-12,3.49398136374168e-10,0.999933132358389,6.686728809123648e-5
22033,1.4172870899561152e-12,2.3177925019753442e-10,0.9999721215440763,2.787822272719468e-5
22034,1.0659713733450581e-11,3.34245288206558e-10,0.9999281737857073,7.182586938750419e-5
22035,7.980507036378965e-12,2.0567987218822307e-10,0.999930436522576,6.956326376366159e-5
22036,1.3719451843018281e-11,1.0119703055334597e-9,0.9999012162574797,9.878271683059326e-5
22037,9.318937197038878e-12,8.845964289443156e-10,0.9998480329533371,1.5196615274756513e-4
22038,3.178858847592298e-12,6.425647039929287e-10,0.9999268222958991,7.317705835746466e-5
22039,1.593318556228397e-11,1.4231235291203548e-9,0.9998667416590591,1.332569018841358e-4
22040,5.542291385893089e-12,5.861471827120088e-10,0.9999374545345758,6.254487373479512e-5
22041,1.6365411856490978e-12,1.4419315155744052e-10,0.9999873282656033,1.267158856694491e-5
22042,1.8633623049736524e-12,3.4355894340055566e-10,0.999988192721411,1.1806933166692827e-5
22043,2.4610199092351358e-12,3.728159467897719e-10,0.9999868764285248,1.3123196198372039e-5
22044,1.3619628875997728e-12,1.9015725611898728e-10,0.9999855350986637,1.4464709817044427e-5
22045,2.8889453028439837e-12,3.0708161294484293e-10,0.9999783538080308,2.1645881998524712e-5
22046,2.313962625127051e-12,2.8406151650091237e-10,0.9999847976827223,1.520203090231291e-5
22047,4.973235761216269e-12,5.387109916189447e-10,0.9999715005135583,2.8498942757417926e-5
22048,4.272091389947608e-12,1.1868695366965505e-9,0.9999700995541504,2.9899254707961644e-5
22049,3.560309177287177e-12,5.860978367684564e-10,0.9999815969175893,1.8402492752606284e-5
22050,2.723617651968904e-12,2.538171013991972e-10,0.9999915832546227,8.416488836803014e-6
22051,1.267659356433894e-12,2.340616001157674e-10,0.9999869331436146,1.3066621056088686e-5
22052,3.1799350129682026e-12,2.6666044072028084e-10,0.9999860132489768,1.3986481182791159e-5
22053,2.1476368043543103e-12,6.65891552015852e-10,0.9999816944251929,1.83049067679773e-5
22054,1.6251991073091087e-12,2.132611587998834e-10,0.9999855824337104,1.441735140314653e-5
22055,1.743811957932625e-12,9.886004336788691e-11,0.999994011713323,5.988186073059965e-6
22056,4.82865133290787e-12,3.0366825533908023e-10,0.9999644402783915,3.555941311165587e-5
22057,1.954355471380046e-12,2.4852861699720055e-10,0.9999884332077688,1.1566541748311587e-5
22058,3.389150119492346e-12,5.675629254570099e-10,0.9999876862766564,1.2313152391525669e-5
22059,3.628471446933795e-12,5.145103351045695e-10,0.9999751117221956,2.4887759665534207e-5
22060,9.323688462425377e-12,1.1436939035944784e-9,0.9998780304532252,1.2196839375733194e-4
22061,2.8461802640396816e-12,3.731872938542102e-10,0.9999618925317922,3.8107092174307445e-5
22062,2.2984259522115122e-12,4.507194306142126e-10,0.9999654515976893,3.4547949292719166e-5
22063,1.924785646554491e-12,4.541112973918924e-10,0.9999559149822018,4.408456176215964e-5
22064,4.247095203306995e-12,4.5468576195277515e-10,0.9999512722078838,4.872733318322029e-5
22065,4.333045689493313e-12,4.020963781426418e-10,0.9999548378203316,4.5161773239151755e-5
22066,9.264564218867352e-12,5.927869071062217e-10,0.999923466412236,7.653298571260395e-5
22067,6.546055664104753e-12,7.027045834817212e-10,0.9999187031418998,8.129614884946021e-5
22068,8.062703038840489e-12,1.4117268460966622e-9,0.9999029829109376,9.701566927294757e-5
22069,7.147697168025279e-12,7.378617006118571e-10,0.9999110071961707,8.899205881984342e-5
22070,6.596183068097532e-12,3.637400751968008e-10,0.9999175788642314,8.242076543219598e-5
22071,6.723891881223917e-12,1.2277926534147428e-9,0.9999131316184645,8.686714701906162e-5
22072,5.286094120753014e-12,1.386002898843144e-9,0.9999154698629104,8.452874580072908e-5
22073,4.463100431941808e-12,2.9486351786488235e-10,0.9999588303081245,4.116939254888236e-5
22074,4.927119385644478e-12,7.514012671744266e-10,0.9999084216157403,9.157762793128598e-5
22075,2.2638152385094023e-12,2.6524066586015304e-10,0.9999553000221163,4.469971037923947e-5
22076,7.068780680976199e-12,6.561616470212792e-10,0.9999156997978201,8.429953894945471e-5
22077,7.89481219259935e-12,4.930840844738636e-10,0.9998879157058641,1.1208379315708999e-4
22078,8.305085875926635e-12,4.478295076627193e-10,0.9999408826944844,5.911684938105569e-5
22079,5.764269197206657e-12,2.357771566600601e-10,0.9998647552095543,1.3524454890423293e-4
22080,3.3434283473513845e-12,2.0092976180398736e-10,0.999943110927037,5.68888686896242e-5
22081,3.945132812847774e-12,3.6922323255509754e-10,0.999863699998146,1.3629962868565976e-4
22082,5.255655093893942e-12,3.21289593876524e-10,0.9999033766260217,9.662304743313487e-5
22083,1.2919861381879495e-12,2.624938167073461e-10,0.9999404279034283,5.957183278601461e-5
22084,3.62386022458562e-12,2.505837412530184e-10,0.9998482762664707,1.5172347932180527e-4
22085,5.840241709391005e-12,4.490101711888173e-10,0.9998655659082233,1.3443363692621204e-4
22086,2.9899054408448085e-12,5.339023248709617e-10,0.9998753394862837,1.2465997682416206e-4
22087,1.8254454754058148e-12,1.2493860791269135e-10,0.9999344441454909,6.555572774510668e-5
22088,4.232265601751752e-12,3.826521113043922e-10,0.999847010540871,1.5298907224463182e-4
22089,1.5174341064386437e-12,4.718115225572668e-10,0.9999300785548796,6.992097179152625e-5
22090,2.291331931858589e-12,2.446545209244873e-10,0.9999203829269743,7.961682607986963e-5
22091,2.637346264039979e-12,2.475242978076694e-10,0.9999314594114921,6.854033834640491e-5
22092,6.8226694999349696e-12,3.5274388534008513e-10,0.9999027970918216,9.720254861194128e-5
22093,3.1906456293343984e-12,1.9014310575423665e-10,0.99992271139452,7.728841214619168e-5
22094,3.0920455497662393e-12,2.1025969763792345e-10,0.9999071889043818,9.28108822665048e-5
22095,2.292265544374578e-12,3.7840052850998885e-10,0.9999232019988642,7.679762044294452e-5
22096,2.9468107803031156e-12,1.5551447035799976e-10,0.9999052438379485,9.475600359010549e-5
22097,4.995934480243983e-12,1.5243836414413625e-10,0.999918221640548,8.177820201776619e-5
22098,1.0320194313811376e-12,1.52907550754441e-10,0.999984423317658,1.5576528402285077e-5
22099,3.1947451048067404e-12,6.219531857072579e-10,0.9999540439742493,4.595540060284428e-5
22100,9.23834880439739e-13,2.6076342342552296e-10,0.9999745228850614,2.5476853251338726e-5
22101,3.6738632196814986e-12,2.8603228361974615e-10,0.999980373104015,1.9626606278839962e-5
22102,3.428420275304173e-12,4.872003282430271e-10,0.9999519632078904,4.8036301480864245e-5
22103,3.182871965579577e-12,7.144772720237398e-10,0.9999681460076035,3.18532747363126e-5
22104,5.437352751627513e-12,7.048984748655249e-10,0.9999461944028927,5.380488677165129e-5
22105,1.5308398497811967e-12,3.721350187488174e-10,0.999960321550896,3.967807543810554e-5
22106,5.787561704586658e-12,4.3394675148354505e-10,0.9999556431813671,4.435637889853755e-5
22107,1.8565766759129496e-12,1.484066870512409e-10,0.9999839674620816,1.603238765515318e-5
22108,5.9408866289789575e-12,3.871432660903495e-10,0.9999493054093594,5.0694197556569715e-5
22109,4.0079059748932046e-12,7.292309058850099e-10,0.9999593981059066,4.060116085450417e-5
22110,2.342302747027231e-12,2.555181443868293e-10,0.9999581625526611,4.1837189478386404e-5
22111,3.7157458275878776e-12,6.262941809773225e-10,0.9999615504688043,3.844890118558017e-5
22112,8.967178813440254e-13,2.386845401273488e-10,0.999981277767439,1.8721992979858694e-5
22113,1.7287824764522822e-12,8.03152481406822e-10,0.9999610884120436,3.891078307509621e-5
22114,5.003510911649026e-12,5.173735832287892e-10,0.9999548960066122,4.51034710107882e-5
22115,5.839549729745718e-12,1.027867194203388e-9,0.9999308380801025,6.916088619084489e-5
22116,8.441325724622445e-13,2.0919281465184377e-10,0.9999816368211554,1.836296880763108e-5
22117,5.8578984078255436e-12,2.7705402220011024e-10,0.9999637146370993,3.628507998878604e-5
22118,5.483670820450614e-12,3.490343677363632e-10,0.9999704915925366,2.9508052945364712e-5
22119,2.1519116487377285e-12,5.385128827792499e-10,0.9999660414744047,3.3957984930585496e-5
22120,2.54654397796382e-12,1.727312274963759e-10,0.9999794546611258,2.05451635964767e-5
22121,2.60829295648676e-12,3.6339147049610235e-10,0.9999703963080944,2.9603325905857735e-5
22122,3.0211689242555568e-12,5.36877581435388e-10,0.9999710252626928,2.8974197408607297e-5
22123,1.664765929354876e-12,2.375489231370423e-10,0.999979157442409,2.084231837741178e-5
22124,2.0647315544890695e-12,7.467193250525538e-10,0.9999611147093954,3.8884541820419764e-5
22125,6.179441272619959e-12,4.0462526376812383e-10,0.9999629703427323,3.7029246463132354e-5
22126,2.516279018111424e-12,3.8730786298319034e-10,0.9999616326705838,3.836693959199244e-5
22127,4.030978683739096e-12,3.645017498086753e-10,0.9999738123369091,2.6187294558314065e-5
22128,3.42278714727032e-12,4.731219644419989e-10,0.9999732049630916,2.6794560363782057e-5
22129,2.1417353057015284e-12,2.359665610749282e-10,0.9999654726012542,3.452716063763178e-5
22130,3.154093617299033e-12,5.497631748216419e-10,0.9999627183691103,3.7281077972332e-5
22131,6.537922236329422e-12,4.627666746027386e-10,0.9999696138889871,3.0385641708374136e-5
22132,3.683953459043215e-12,4.4358654036469003e-10,0.999971445951256,2.855360147347202e-5
22133,1.8245525734803575e-12,2.945778561944173e-10,0.9999743758363311,2.5623867266464975e-5
22134,3.424307369699935e-12,2.308667218871175e-10,0.9999828209282692,1.7178837439778744e-5
22135,1.19189954186387e-11,4.1726630531276875e-10,0.9999152119459024,8.478762491226305e-5
22136,9.513395541358399e-12,1.1740188441942107e-9,0.9996360256434764,3.639731729913001e-4
22137,7.50508069512371e-12,4.243273118742558e-10,0.9998664739281193,1.33525640048157e-4
22138,4.3962926314491116e-12,5.366897589703689e-10,0.9999054450656928,9.455439322131668e-5
22139,2.4379441247916926e-12,7.369758452157491e-10,0.999880780497917,1.1921876266912841e-4
22140,4.130776080259234e-12,2.5324660603629384e-10,0.9999123941289193,8.760561370345618e-5
22141,3.2213287652327617e-12,4.368854052424313e-10,0.9998964269409886,1.0357261890470356e-4
22142,1.8556321410932858e-12,1.9170031349600705e-10,0.9999522870430282,4.771276341594178e-5
22143,5.356693329797389e-12,2.586492289153686e-10,0.999916523511279,8.34762247150921e-5
22144,7.216393472789105e-13,2.729420748033716e-10,0.9999514458366199,4.855388971629032e-5
22145,1.075542008502591e-12,2.918610990082867e-10,0.9999339713385577,6.602836850569765e-5
22146,6.482388001261037e-12,3.8293973157888235e-10,0.999903343426276,9.665618430183455e-5
22147,3.776432203375488e-12,3.174528842822557e-10,0.999911886383827,8.811329494354526e-5
22148,3.1825282940256072e-12,2.454412604987756e-10,0.9999202724481162,7.972730326003548e-5
22149,1.0495723424380101e-11,1.3290774197649558e-9,0.9997184242568391,2.81574403587855e-4
22150,1.555593853019427e-12,1.7727945520750235e-10,0.9999150826320626,8.491718910227528e-5
22151,3.4810174570313173e-12,1.325053024917725e-10,0.9999422151358048,5.7784728208856166e-5
22152,6.5902964419943294e-12,4.887493528354158e-10,0.9998297969030098,1.7020260165073896e-4
22153,1.926269803876604e-12,6.698724370331286e-10,0.9998669237611175,1.330755670837424e-4
22154,4.516413692106474e-12,6.807693590885274e-10,0.9998930341315273,1.069651831869406e-4
22155,1.7645789227155484e-12,2.9106419365339334e-10,0.9999229953109561,7.700439621517585e-5
22156,3.1342011635547094e-12,5.063918413707864e-10,0.9998864898277856,1.1350966268835168e-4
22157,2.243346908308105e-12,2.3468994934725123e-10,0.999940719769585,5.9279993481580226e-5
22158,3.3734084455098893e-12,8.104220060849894e-10,0.9997847643451463,2.1523484105816142e-4
22159,1.3514870363442044e-12,1.996668974995002e-10,0.9999603134245445,3.968637443721968e-5
22160,1.7045986322094233e-12,2.2898940748964341e-10,0.999866159791207,1.338399780988557e-4
22161,1.8878219617029705e-12,2.8988895690832885e-10,0.9998720916606989,1.279080475241672e-4
22162,1.7508011188021112e-12,2.550438780243917e-10,0.9999236049993379,7.639474386749981e-5
22163,8.130270820295807e-12,3.4444309102646353e-10,0.9997964740375254,2.035256099015007e-4
22164,1.2523662506628246e-12,9.123273960742565e-11,0.999924353939496,7.564596801910239e-5
22165,2.3341443196865993e-12,4.789006600863441e-10,0.9998965163806808,1.0348313808449201e-4
22166,5.14384482243078e-12,4.307969407346602e-10,0.9999310500168019,6.89495472573091e-5
22167,5.049088174149723e-12,4.0220089056491106e-10,0.9998697032508241,1.3029634192576414e-4
22168,2.5659638480116152e-12,2.6123742716437507e-10,0.9999320453787551,6.795435744141915e-5
22169,4.584197168009663e-12,2.2790562431426623e-10,0.9998607591689903,1.392405985199679e-4
22170,1.3486615666977053e-12,2.9564127944478473e-10,0.9999008793255536,9.912037745639651e-5
22171,1.907324008011249e-12,3.0967919384257057e-10,0.9999168094769957,8.31902114176527e-5
22172,3.017481280498037e-12,3.85391220555747e-10,0.999806922709159,1.9307690243226285e-4
22173,4.061580439087343e-12,4.752428844345021e-10,0.9998742694719746,1.2573004872105443e-4
22174,9.859683060661316e-12,5.446402373978571e-10,0.9997819332586756,2.1806618682464486e-4
22175,6.713199566088383e-12,7.249917852012411e-10,0.9997949075552665,2.050917130286979e-4
22176,3.8033684661146174e-12,1.9474995226740358e-10,0.9999014295033593,9.857029808751448e-5
22177,3.1405405790555064e-12,3.6019473172561467e-10,0.9998811597026221,1.1883993404260913e-4
22178,5.637056057829051e-12,8.77925160358582e-10,0.9998250999821896,1.7489913424803072e-4
22179,4.282588784511954e-12,8.791276676064184e-10,0.9996596830373307,3.403160792590714e-4
22180,3.7064315382193665e-12,1.8049985304042355e-10,0.9999011240817028,9.887573409098214e-5
22181,5.922149995711027e-12,7.601358312922095e-10,0.9998239486239133,1.7605061002868357e-4
22182,2.167627740227034e-12,2.0876685123516312e-10,0.9999294453998466,7.055438921893803e-5
22183,3.35983646690355e-12,3.1065359451185554e-10,0.9998915138239336,1.0848586205311933e-4
22184,5.9303458204949814e-12,2.5539672142293613e-10,0.9998306802256912,1.6931951298155396e-4
22185,3.420860131011208e-12,3.728378743145522e-10,0.9998277884846897,1.7221113905144502e-4
22186,1.6974389406263124e-12,2.4973918171818377e-10,0.9999295031371391,7.049661142416737e-5
22187,5.073027371015316e-12,3.861670434167483e-10,0.9998141535547838,1.858460539761158e-4
22188,1.3108660930739628e-12,1.425274106234013e-10,0.9999540170907153,4.5982765446332763e-5
22189,3.145819073480846e-12,1.8448079603627323e-10,0.9999382045381576,6.179527421582854e-5
22190,2.2111075013879077e-12,4.530765719246431e-10,0.9998478706694925,1.5212887521990465e-4
22191,2.7197355802095974e-12,1.460492476706406e-10,0.999934582566224,6.541728500684655e-5
22192,5.840976325194587e-12,6.387666329207053e-10,0.999833181158614,1.6681819677857236e-4
22193,3.258223403550255e-12,3.5837757640292904e-10,0.9999122109202639,8.778871810024356e-5
22194,1.1940990427217471e-11,1.1771745061985068e-9,0.9998312318419286,1.6876696895595108e-4
22195,3.45628875972854e-12,7.393364085355492e-10,0.999953513934326,4.648532288153363e-5
22196,3.883782428420307e-12,2.1252368986708384e-10,0.9999130742412942,8.69255422984367e-5
22197,4.365337240989478e-12,3.96990848009967e-10,0.9999281818683299,7.18177303139455e-5
22198,2.3726281167056733e-12,1.5096583770824894e-10,0.9999221630438243,7.783680283711082e-5
22199,6.382893671007589e-12,2.313737669098726e-10,0.9999412364537791,5.876330846427659e-5
22200,5.237545683087261e-12,4.039392442647605e-10,0.9998875373047832,1.1246228604001972e-4
22201,7.603598982535614e-12,4.38484528162937e-10,0.9999365153833536,6.348417055834722e-5
22202,4.089356295261671e-12,2.547119457323968e-10,0.999945753882705,5.42458584936625e-5
22203,3.966792492186533e-12,3.9955784391096356e-10,0.999920501237325,7.949835915040786e-5
22204,3.644838398823727e-12,4.2830253761859324e-10,0.9998326537448409,1.6734582321159202e-4
22205,6.281855451858208e-12,4.4997153888813467e-10,0.9999213299350462,7.866960870038033e-5
22206,1.4286498890773742e-12,2.0215227194753009e-10,0.999960752926969,3.9246869449955645e-5
22207,1.7968817294983327e-12,1.424499423699326e-10,0.9999480533348857,5.194652086739191e-5
22208,6.607726253628839e-12,5.453471225705399e-10,0.9999268017034464,7.319774459862492e-5
22209,6.04263523001221e-12,9.99783418574061e-10,0.9998128173792946,1.8718161487930917e-4
22210,3.5613425013473036e-12,3.1230426608686034e-10,0.9999051639986077,9.483568552677818e-5
22211,6.157544379674786e-12,6.635686095928704e-10,0.9998713813249825,1.286180052913561e-4
22212,2.4661242193619713e-12,6.210785518639085e-10,0.9998369071389748,1.6309223748058017e-4
22213,3.773656158826716e-12,5.126226979737797e-10,0.9998371661883525,1.6283329525108785e-4
22214,3.2820750568899262e-12,5.013373434158453e-10,0.9998743028068571,1.2569668852340047e-4
22215,2.1729282107287457e-12,2.5345356005905865e-10,0.9998994704783398,1.0052926603355983e-4
22216,7.488956070225238e-12,9.17067331036983e-10,0.999644518760036,3.55480315407678e-4
22217,4.28385523309188e-12,2.459711748842309e-10,0.9998747651717744,1.2523457797057627e-4
22218,9.045087987942756e-12,1.8149810542355882e-9,0.9996173180020815,3.8268017389252065e-4
22219,7.299537698639444e-12,3.1232840757556443e-10,0.9997773495277736,2.2265015259849609e-4
22220,1.3000588413684473e-11,3.31673712211046e-10,0.9998608575316814,0.00013914212364419629
22221,7.57772695512002e-12,1.024810768193914e-9,0.9994864080159741,5.135909516372106e-4
22222,1.0899909745190698e-11,3.9184001834942483e-10,0.9997848565643837,2.1514303287630172e-4
22223,1.1648943406920543e-11,1.2428029664108146e-9,0.9997013423504366,2.986563951114885e-4
22224,9.418121447838321e-12,5.486955296446138e-10,0.9996653721779175,3.3462726396881067e-4
22225,7.843861012590495e-12,5.64367335508314e-10,0.999861730081778,1.3826934601055837e-4
22226,4.416361155923941e-12,3.451074138946124e-10,0.9998703769265688,1.2962272390749393e-4
22227,8.732371297065915e-12,9.10185211769257e-10,0.999769397311903,2.306017691796023e-4
22228,3.567985456920856e-12,8.139210272823484e-10,0.9997992181030588,2.007810794520245e-4
22229,5.232824535351787e-12,6.143862095675184e-10,0.9998799964889987,1.2000289138222035e-4
22230,3.628695344906667e-12,2.1750489252656483e-10,0.9998984883351617,1.0151144370473064e-4
22231,6.748877116270833e-12,6.338192835107613e-10,0.9999514520032108,4.8547356220991846e-5
22232,4.989759107813239e-12,8.007434422662257e-10,0.9999477973312205,5.2201863046229437e-5
22233,2.7061673568357992e-12,2.777240723572833e-10,0.999968991524462,3.100819510767321e-5
22234,4.495692869838343e-12,4.4887164466903626e-10,0.9999529236321929,4.7075914439688236e-5
22235,4.6237232134749804e-12,4.561945173822821e-10,0.9999310334606976,6.896607848427167e-5
22236,1.0906217961408023e-11,6.519336125321854e-10,0.9999166386472896,8.336068987067361e-5
22237,1.9462136272408215e-12,2.135711630927543e-10,0.9999749285428424,2.5071241640351196e-5
22238,9.876060806481246e-13,2.9977030019436483e-10,0.9999769899112397,2.3009788002435618e-5
22239,9.521642866040777e-12,1.4747767726817897e-9,0.999935272935915,6.472557978676397e-5
22240,4.8920726908192255e-12,5.995478798827946e-10,0.9999351721410867,6.482725447333361e-5
22241,5.1689836867241944e-12,3.041407479007576e-10,0.9999593569282756,4.064276241452247e-5
22242,5.100531319036467e-12,3.712149557150819e-10,0.9999566640394789,4.333558420555018e-5
22243,2.9503431754787546e-12,1.0354108024477375e-9,0.9999512231438307,4.8775817808249275e-5
22244,5.777917102718749e-12,5.244132497330911e-10,0.9999567339745684,4.3265495240472444e-5
22245,6.283130235524348e-12,4.341843247992941e-10,0.999954598331865,4.540122766755536e-5
22246,5.138178450136434e-12,8.755167287014716e-10,0.9999597207951925,4.027832415253016e-5
22247,1.465268521244663e-12,1.9960354803539213e-10,0.999971111102648,2.8888696283002235e-5
22248,2.7079858559607678e-12,2.380510237062137e-10,0.9999826932820158,1.7306477225089602e-5
22249,2.902516696103125e-12,6.248230190211291e-10,0.9999186026203932,8.139675188120582e-5
22250,5.369535344465828e-12,1.8094018860533623e-10,0.9999672525259522,3.274728773793263e-5
22251,3.515091906778047e-12,4.5107095680499044e-10,0.9999709097222911,2.9089823122846967e-5
22252,5.184508795635939e-12,3.9827896253646184e-10,0.9999623879799671,3.761161656953693e-5
22253,5.23976883643158e-12,7.137236999380767e-10,0.9999573812108948,4.261807014149317e-5
22254,2.4444557421631356e-12,4.213218628638321e-10,0.9999636608099107,3.633876632305014e-5
22255,7.240256569768542e-12,4.873895998231445e-10,0.9999528629191824,4.7136586187630775e-5
22256,4.970223420304185e-12,3.150087489971174e-10,0.9999752774961879,2.4722183833010312e-5
22257,4.436057150010526e-12,2.0655625408130098e-10,0.9999735911079762,2.6408681031468912e-5
22258,5.2789674487551136e-12,7.627855465906726e-10,0.9999509470226285,4.905220930694703e-5
22259,6.1220090935016396e-12,5.148787491431523e-10,0.9999307420883978,6.925739060146655e-5
22260,2.7368657356777803e-12,3.3329393047862027e-10,0.9999746273533431,2.537231062613045e-5
22261,3.583915904330173e-12,2.1613547937313277e-10,0.9999775577202484,2.2442060032289425e-5
22262,6.711069151032706e-12,6.33770984905694e-10,0.9999664259151898,3.35734443281603e-5
22263,3.1260185359724115e-12,5.94074153297194e-10,0.9999715824122237,2.8416990576060892e-5
22264,5.7525764139490856e-12,5.43630120784981e-10,0.99997200105799,2.7998392627306357e-5
22265,4.242704675167655e-12,5.302793913637216e-10,0.9999623004838598,3.769898161818083e-5
22266,2.3662099599631908e-12,2.2087399475248732e-10,0.9999793211188243,2.0678657935670434e-5
22267,1.9994283269885607e-12,2.3842203036162717e-10,0.9999646993136824,3.5300445896202595e-5
22268,5.703028091194821e-12,3.709667755362474e-10,0.9999761055513513,2.3894071978702667e-5
22269,1.9065549875852784e-11,2.4709957017329146e-9,0.9998818751923451,1.1812231759360287e-4
22270,1.900487775705797e-12,4.954147840373789e-10,0.99997081577604785,2.9183726636893764e-5
22271,3.458134105229814e-12,5.008078909524402e-10,0.999978138457047,2.1861038687013885e-5
22272,4.31748508731979e-12,5.609101087762351e-10,0.9999668388946416,3.316054013094622e-5
22273,6.011614907595734e-12,4.371394132120067e-10,0.9999598777529086,4.0121803940323775e-5
22274,8.04977160722674e-12,1.1746852841990737e-9,0.9999336201292113,6.637868805365201e-5
22275,3.4841584045582558e-12,5.202720120857495e-10,0.9999762749898171,2.372448642687334e-5
22276,1.920595478570307e-12,1.3424247270794524e-10,0.9999827153600758,1.7284503761030702e-5
22277,2.2654568661144373e-12,2.3997099164359264e-10,0.9999848212970354,1.5178460727966598e-5
22278,3.3581335985684e-12,5.075444351856709e-10,0.9999662094402569,3.379004884048577e-5
22279,5.998138358198855e-12,4.674009981848284e-10,0.9999693748003567,3.062472624415403e-5
22280,4.4195897607660675e-12,3.5849340868618325e-10,0.9999707231941309,2.9276442955908402e-5
22281,7.1660365869646e-12,3.5942058950172855e-10,0.9999585871855691,4.141244784426458e-5
22282,2.3825329368854097e-12,2.9993332035447276e-10,0.9999805567596529,1.9442938031318285e-5
22283,3.3144145547271866e-12,4.3559794877718577e-10,0.9999667170748002,3.328248628737046e-5
22284,3.75523421547894e-12,2.913446153795125e-10,0.9999683778221727,3.162188272725759e-5
22285,3.972615226626537e-12,6.909712078715388e-10,0.9999602817864108,3.971751864542941e-5
22286,1.7244597410516033e-12,1.0359542394815491e-10,0.999986221026186,1.3778868494055306e-5
22287,5.789684970850605e-12,7.304122601768789e-10,0.999955017777558,4.498148624002313e-5
22288,2.1219170445935215e-12,2.6562654050687434e-10,0.9999898040714253,1.0195660826174888e-5
22289,2.5777180871901217e-12,4.323092943640222e-10,0.999988620872087,1.1378693025966689e-5
22290,1.5168497206038697e-12,9.36242043688992e-11,0.9999952595651129,4.740339746123437e-6
22291,3.5816585070000267e-12,2.318122854290132e-10,0.9999859009961531,1.4098768452932168e-5
22292,2.6826530851440764e-12,4.834778136929893e-10,0.9999832706652062,1.672884863333191e-5
22293,3.138821483093226e-12,4.897131983431665e-10,0.9999867085746817,1.329093246623548e-5
22294,3.263171916567127e-12,7.195384668222487e-10,0.9999780740128903,2.1925264307989016e-5
22295,1.3718415579061542e-12,1.947184896140884e-10,0.9999939230550913,6.076748818293119e-6
22296,2.1398942273633557e-12,1.3937557167218454e-10,0.9999835860299197,1.6413828564990737e-5
22297,1.3766668539701879e-12,3.0800335237211825e-10,0.9999885793548772,1.1420335742796463e-5
22298,8.012989174055917e-13,1.2870961093235333e-10,0.9999939598983021,6.03997218688365e-6
22299,1.0380406491458601e-12,4.957567957426784e-10,0.9999869437192895,1.3055783915696118e-5
22300,4.211874788469224e-12,4.4406398092045067e-10,0.9999849308302126,1.5068721511820347e-5
22301,1.4519173404215125e-12,3.0962580525509456e-10,0.9999917272311125,8.27245780977937e-6
22302,1.573170131161167e-12,3.044234601649507e-10,0.9999924574640573,7.542229945897349e-6
22303,2.741388660941027e-12,1.9243624621875425e-10,0.9999902453714817,9.75443334074357e-6
22304,3.1402030512900266e-12,5.000811673513922e-10,0.9999854824780513,1.4517018727503982e-5
22305,1.936768107181704e-12,2.1565953552241404e-10,0.9999939309713465,6.068811057115227e-6
22306,1.4597816971439754e-12,2.4492312515233806e-10,0.9999916913776358,8.308375981380325e-6
22307,3.70350866436636e-12,4.359884750714123e-10,0.9999660177640484,3.3981796259644793e-05
22308,3.0874375562520623e-12,3.4036548960996796e-10,0.9999574081507098,4.259150583742085e-5
22309,1.9636570653468584e-11,8.03153603068241e-10,0.9999274576616493,7.254151556070041e-5
22310,3.8944567713895534e-12,2.0267031644493948e-10,0.9999715947313906,2.840506204470221e-5
22311,4.021634912982308e-12,4.5089552121805583e-10,0.9999690139891451,3.0985555937719724e-5
22312,5.638639440379263e-12,4.4820331934090886e-10,0.9999662574407888,3.3742105369323696e-5
22313,7.101619887888749e-12,4.630577693114289e-10,0.9999753427651629,2.465676467763591e-5
22314,4.156442627329035e-12,3.537298858358348e-10,0.999981286811162,1.8712830951526276e-5
22315,1.7220120972163794e-12,4.877967639392345e-10,0.9999829811829118,1.7018327569488897e-5
22316,1.8527786639214737e-12,2.332023504971362e-10,0.9999815127898879,1.848697505701864e-5
22317,3.993814843661348e-12,6.662970539311639e-10,0.9999588327182473,4.1166611461802956e-5
22318,3.3106490936508744e-12,1.4890981133305846e-10,0.9999848716130406,1.5128234738956654e-5
22319,5.098066467241101e-12,5.028946680114623e-10,0.9999482323965656,5.1767095441851926e-5
22320,2.757798221969685e-12,3.4260552151254263e-10,0.9999829403934397,1.705926119689502e-5
22321,3.856624017067948e-12,3.450829083463872e-10,0.9999733996128345,2.6600038225986673e-5
22322,1.4072624178084827e-12,2.19171144573384e-10,0.9999857869505168,1.4212828904758978e-5
22323,1.705805095256063e-12,3.498258804043029e-10,0.9999738393442509,2.6160304217512936e-5
22324,3.223432082939994e-12,3.7627764930194455e-10,0.9999824485398521,1.7551080646799923e-5
22325,4.4687686739282754e-12,3.651334727923324e-10,0.9999627874377756,3.721219262225303e-5
22326,1.5113299663110696e-11,3.2614588080376407e-10,0.9996622329114518,3.3776674728910595e-4
22327,5.4023190436390536e-12,2.2316844437510834e-10,0.999905828946604,9.41708248252428e-5
22328,1.1524951964605735e-11,2.6047910040325555e-10,0.9998418229619417,1.5817676605438117e-4
22329,8.050530512938672e-12,1.8824411977451125e-10,0.9998285900556387,1.7140974806674044e-4
22330,5.6951074295561634e-12,3.968923548350848e-10,0.999759307408092,2.406921893205183e-4
22331,1.466821607757925e-11,5.590888181580394e-10,0.999528581487738,4.7141793850495514e-4
22332,4.864568875679056e-12,2.911025958893757e-10,0.9997971672011472,2.028325028856654e-4
22333,1.1382608037019468e-11,5.900754852348275e-11,0.9998764154621064,1.2358446750349288e-4
22334,9.796916877706205e-12,2.7539489840377e-10,0.9997921332383389,2.0786647646925654e-4
22335,1.2633978148986364e-11,7.836374554165827e-10,0.999515311272532,4.846879311965333e-4
22336,1.745401990673732e-11,3.730607639128021e-10,0.9997970581178668,2.0294149161862728e-4
22337,9.35189482919057e-12,5.206246013602937e-10,0.9997711419688996,2.288575011240951e-4
22338,6.353563391760515e-12,2.344846518642179e-10,0.9997432387773412,2.567609818207833e-4
22339,5.473327083550464e-12,1.5512497158290672e-10,0.9998567875961982,1.43212243203476e-4
22340,4.260286185039123e-12,5.78884275648249e-10,0.9997991102831844,2.0088913367123282e-4
22341,3.995690094197193e-12,2.5105206687568464e-10,0.9998225332164008,1.7746652855145468e-4
22342,5.4286282719941305e-12,1.0828539740691512e-10,0.9998617448507127,1.382550355733893e-4
22343,8.573249787755222e-12,4.458571275162058e-10,0.9998156047267935,1.8439481877614416e-4
22344,3.4642609987047695e-12,3.2727101219003775e-10,0.9998807183368671,1.1928133239773066e-4
22345,6.31649664647778e-12,2.440426541897456e-10,0.9998781974602133,1.2180228942757846e-4
22346,5.131558245886847e-12,4.224260389675055e-10,0.9997216518767618,2.7834769568078194e-4
22347,2.9813188976391177e-12,2.8488798307663173e-10,0.9998913549441539,1.0864476797676508e-4
22348,1.6343667085248218e-12,3.0341704176040885e-10,0.9998944138659412,1.0558582900750354e-4
22349,2.527249401962646e-12,2.2372326798461667e-10,0.999951500269136,4.849950461339088e-5
22350,2.3801022867995566e-12,3.4138779632968694e-10,0.999877946144716,1.2205351151613146e-4
22351,3.785327386144236e-12,3.6200228842016724e-10,0.9999261390158123,7.386061840011199e-5
22352,4.323586063875548e-12,2.401021415996794e-10,0.9998902972742207,1.0970248135351929e-4
22353,3.2996343902493067e-12,1.5782498827708505e-10,0.9998754321799145,1.245676589610577e-4
22354,3.8145868895837564e-12,3.155481781263167e-10,0.9998628511039508,1.371485766864792e-4
22355,2.8287762860775885e-12,2.432035231898493e-10,0.999920021485299,7.997826866860897e-5
22356,1.9732000146659176e-12,1.7346161506354613e-10,0.9999108891616576,8.911066290758102e-5
22357,4.336093335931758e-12,4.149740904480374e-10,0.9997349480642627,2.65051516427162e-4
22358,7.770655758290899e-12,2.870455051077669e-10,0.9998499724114299,1.5002729375385168e-4
22359,2.173103756393634e-12,2.9154184762687293e-10,0.9999228421844764,7.715752180869426e-5
22360,1.1049918204473425e-11,1.0805320488276053e-9,0.9995826770256689,4.1732188274899327e-4
22361,3.846840647169903e-12,3.256595084085679e-10,0.9999002320623472,9.97676081463619e-5
22362,2.0813637007027114e-12,2.5605498398702344e-10,0.9999255489681831,7.445077368073422e-5
22363,2.854125221972029e-12,4.645568806973706e-10,0.9998264437693812,1.7355576320773417e-4
22364,4.971064102615356e-12,4.416757972741916e-10,0.9999781753567587,2.182419659421316e-5
22365,2.3127950512024887e-12,3.642932045183424e-10,0.9999843635873781,1.5636046016025023e-5
22366,2.7290149563397403e-12,5.052196466099873e-10,0.9999864986389332,1.3500853118206527e-5
22367,4.555780740631044e-12,2.1158129361331397e-10,0.9999879369006398,1.2062883222995953e-5
22368,5.214834697843045e-12,9.635227698202784e-10,0.9999609155210956,3.9083510166717185e-5
22369,2.739468211519903e-12,4.337736309083192e-10,0.9999898130897821,1.0186473704845032e-5
22370,1.7733960729848742e-12,5.44406013644197e-10,0.9999846989751389,1.5300478681832832e-5
22371,4.60251880791275e-12,1.6698166825083348e-10,0.99998818265438,1.1817174035707743e-5
22372,5.560087651849687e-12,6.700718092540803e-10,0.9999757941190859,2.4205205282224097e-5
22373,1.5439620180865757e-12,1.8383158100547524e-10,0.9999838166843241,1.6183130300378283e-5
22374,7.562959915916414e-12,2.094745760158999e-9,0.9999731668251132,2.6831072577992015e-5
22375,2.4993398673416885e-12,5.739731904131717e-10,0.999975941848632,2.4057574895456276e-5
22376,3.6780510633814396e-12,3.2367220964908145e-10,0.9999828248049353,1.7174867714396038e-5
22377,7.250726863231551e-12,5.674763108494e-10,0.9999869414211155,1.3058004157454967e-5
22378,1.7034892908347203e-12,1.8820931510290043e-10,0.9999910270508321,8.972759255025674e-6
22379,1.09582263441795e-11,1.4886882006742852e-9,0.9999595694248671,4.042907548641204e-5
22380,2.503903368956989e-12,4.71501607507967e-10,0.9999773544497156,2.2645076278979566e-5
22381,1.8022262848740018e-12,3.626157847261504e-10,0.9999834966527821,1.650298280004917e-5
22382,3.0186336982019623e-12,1.1198714259674204e-9,0.9999673495348849,3.264934222505723e-5
22383,2.274856549565235e-12,3.023463139032043e-10,0.9999893644835934,1.0635211785391347e-5
22384,3.853968736777079e-12,5.908504423229051e-10,0.9999860998231288,1.3899582166647275e-5
22385,3.1367904248485042e-12,3.8540416785926335e-10,0.9999865365884182,1.34630230410363e-5
22386,2.7604932353871424e-12,2.9867294512202393e-10,0.9999932311373219,6.768561244562172e-6
22387,2.1109031145706593e-12,1.9640305939450392e-10,0.9999895992110818,1.040059040421871e-5
22388,4.124151848447809e-12,5.513512184984568e-10,0.9999885161299299,1.1483314594817422e-5
22389,3.4716164988227448e-12,3.7462798513112275e-10,0.9999880673742452,1.1932247655103404e-5
22390,3.5456141445524848e-12,2.426479166548276e-10,0.999988310377931,1.1689375875544132e-5
22391,2.940562376072942e-12,3.223950187431591e-10,0.9999891481608475,1.085151381695595e-5
22392,2.521975485564893e-12,3.3429647567972154e-10,0.9999871232761867,1.2876386994939299e-5
22393,9.339210828377531e-13,7.646556171650187e-11,0.9999971770595556,2.8228630451083078e-6
22394,3.0084692824910587e-12,3.007368276262768e-10,0.9999861583094914,1.3841386763304334e-5
22395,5.598078255621261e-12,4.740857446494737e-10,0.9999820013294332,1.7998190883066927e-5
22396,1.3780735160381173e-12,3.1250199520861366e-10,0.9999905641072279,9.435578892072216e-6
22397,5.095270565037709e-12,4.675233208399819e-10,0.9999849290749708,1.5070452410622177e-5
22398,3.313682489434875e-12,3.0171665056043946e-10,0.9999906545590982,9.345135871609114e-6
22399,1.6930609341120031e-12,3.6650775658901177e-10,0.9999882494319584,1.1750199840561203e-5
22400,7.667804502545535e-13,1.8569470752479623e-10,0.9999934297211108,6.570092427835943e-6
22401,5.4648990724830014e-12,3.9288075118512883e-10,0.9999830566965093,1.694290514492868e-5
22402,1.587833517705846e-12,2.8100317328076676e-10,0.9999965400234524,3.4596939565357083e-6
22403,3.187038613381956e-12,4.484555034868536e-10,0.9999923511559533,7.648392404152188e-6
22404,2.627571388880783e-12,7.96065677425323e-11,0.9999973442432903,2.655674475480995e-6
22405,2.431140337835573e-12,5.585947728437808e-10,0.9999904420165181,9.557422455936842e-6
22406,3.3985738626118462e-12,4.527549271403133e-10,0.9999937990843614,6.200459485221998e-6
22407,4.4984815998571746e-12,3.0879360022570593e-10,0.9999895500435124,1.0449643195491447e-5
22408,9.662043693128889e-13,1.1718837118616967e-10,0.9999976796200749,2.3202617704042715e-6
22409,3.1620981455350913e-12,1.8369233100332446e-10,0.9999956635399376,4.336273207871025e-6
22410,2.8695062181519686e-12,3.04324666662286e-10,0.9999961974825068,3.802210298979018e-6
22411,4.916247671000965e-12,5.290163618332579e-10,0.9999928486930698,7.150772997627173e-6
22412,2.0094308148467194e-12,1.7313794228582492e-10,0.999997768074732,2.2317501207432747e-6
22413,1.7782258502543805e-12,2.1597484121762504e-10,0.9999878128672114,1.2186915035318829e-5
22414,9.656685206247467e-12,1.1432811315270373e-9,0.9999886662794256,1.1332567636630773e-5
22415,1.5188259160434345e-12,1.967137685664483e-10,0.9999964850365619,3.5147652056113643e-6
22416,1.5833044995269305e-12,1.87286439032356e-10,0.9999963964389004,3.603372229935197e-6
22417,6.5781181054611385e-12,3.844508787485408e-10,0.9999924812662898,7.518342681220429e-6
22418,7.619172424554732e-13,2.414952060398858e-10,0.9999946409659516,5.358791791227831e-6
22419,5.09769544537704e-12,4.973309335818485e-10,0.999984079313963,1.5920183608320947e-5
22420,2.0120519069389887e-12,4.3324843109735157e-10,0.9999947533082397,5.246256499815182e-6
22421,1.6733895862607685e-12,1.7137135653159375e-10,0.9999775262081254,2.247361882975936e-5
22422,5.180116879894421e-12,6.970455473500133e-10,0.9999336963169572,6.630298081711363e-5
22423,1.4979649067353214e-12,2.9224969914943903e-10,0.9999632421846668,3.6757521585614e-5
22424,5.957052009836004e-12,3.205705166759347e-10,0.9999716827041182,2.8316969354245254e-5
22425,5.559004175127668e-12,5.460226177330715e-10,0.999930694274287,6.930517413135598e-5
22426,5.1608974137582836e-12,8.007456548023568e-10,0.9999540420220567,4.595717203685583e-5
22427,8.816360601787895e-12,7.900026027314932e-10,0.999922371502814,7.762769836701001e-5
22428,2.4821859421872957e-12,4.1706640435067826e-10,0.999942753164306,5.724641614548043e-5
22429,9.384243914094445e-12,4.863402455861508e-10,0.9999360034954713,6.399600880403269e-5
22430,3.0103846439221154e-12,1.6632697351582467e-10,0.9999768685085183,2.313132214438916e-5
22431,9.632825632740359e-12,4.338846231340891e-10,0.9999268597445902,7.313981189244241e-5
22432,6.498631325311713e-12,8.172775261970372e-10,0.999941420982234,5.8578193989864456e-5
22433,3.797931830378271e-12,2.8636899640093416e-10,0.9999396382421182,6.036146771484555e-5
22434,6.0249131082260525e-12,7.019129915842316e-10,0.9999445262639176,5.547302814451845e-5
22435,1.4540000205867294e-12,2.675056676545813e-10,0.9999729879131902,2.7011817850135904e-5
22436,2.8031416992815717e-12,9.001249935560607e-10,0.9999438596897912,5.613940728083506e-5
22437,8.112941802671301e-12,5.798396034258321e-10,0.9999349255434248,6.50738686227676e-5
22438,9.468435921376128e-12,1.1519562977953466e-9,0.9999002167513081,9.9782087267234e-5
22439,1.3687348032160674e-12,2.3445285739299986e-10,0.9999735059369449,2.6493827233485402e-5
22440,1.5498241925905635e-12,2.5128135623363475e-10,0.9999931085541213,6.8911930476837005e-6
22441,3.3504310399679346e-12,1.7596358434108005e-10,0.9999901096814324,9.890139253543784e-6
22442,1.8044492502330664e-12,2.1348132544534265e-10,0.9999943932590809,5.606525633356512e-6
22443,4.453344385954154e-12,5.781400363817335e-10,0.9999876283642072,1.2371053199264922e-5
22444,4.021153935148891e-12,1.6972074776945306e-10,0.9999949014704227,5.098355835347404e-6
22445,1.7845386997251535e-12,2.2332815365853462e-10,0.9999917419069085,8.257867978716519e-6
22446,1.7961877513946665e-12,1.7560023954746552e-10,0.9999967899378909,3.2098847127350243e-6
22447,2.9243000465470363e-12,2.6794995024062976e-10,0.9999880915627064,1.1908166419277364e-5
22448,2.00850865372451e-12,3.4375351731336994e-10,0.9999930635199519,6.93613428601757e-6
22449,6.754169930304678e-12,8.657180772273178e-10,0.9999736329407902,2.6366186737647326e-5
22450,2.1576331075117594e-12,1.6962438987940373e-10,0.9999932111908516,6.788637366281975e-6
22451,1.4859125222523818e-12,3.18632053593924e-10,0.9999937106508332,6.2890290488722675e-6
22452,5.0700409431126214e-12,5.3866076770064e-10,0.9999876114573012,1.2387998967956142e-5
22453,3.0240698580779837e-12,1.975613245688749e-10,0.9999865199698276,1.347982958722861e-5
22454,2.897648313314246e-12,2.915072669016591e-10,0.9999905222394434,9.477466151779978e-6
22455,4.5090396881214786e-12,2.385962228773319e-10,0.9999942881487343,5.71160816060787e-6
22456,8.678110124800877e-12,2.1516230533044652e-10,0.9999878529763739,1.2146799785710826e-5
22457,2.055103648000075e-12,2.668359372955767e-10,0.9999934723244257,6.527406683298287e-6
22458,2.0432907347672924e-12,2.5548660916056523e-10,0.9999943866256251,5.613116845019192e-6
22459,3.0122920606342306e-12,4.263769646175848e-10,0.9999844323976582,1.5567172952529267e-5
22460,1.7751983232921756e-12,2.2726896310831306e-10,0.9999819496911043,1.8050079851333328e-5
22461,6.0058359891786575e-12,2.442387965551442e-10,0.9999795524614217,2.0447288333610134e-5
22462,3.4206560125677555e-12,3.6086623180424467e-10,0.9999754552315173,2.4544404195761243e-5
22463,6.541367928909874e-12,8.107326250190654e-10,0.9999156561339521,8.43430487740213e-5
22464,3.32556376363535e-12,3.6292498235058817e-10,0.9999813811681022,1.861846564714362e-5
22465,4.494382084737427e-12,4.0685138653478365e-10,0.9999834602736989,1.653931495538345e-5
22466,5.703699053891658e-12,6.949583457023197e-10,0.999942743509382,5.725578995614079e-5
22467,5.438846229475425e-12,9.62616055136522e-10,0.9999524894268601,4.7509605084908585e-5
22468,3.5006992467629957e-12,3.2521892718741426e-10,0.9999709415399153,2.905813136496702e-5
22469,2.509807013038511e-12,1.1365289105874538e-10,0.999985029795922,1.497008791546621e-5
22470,4.497770495112836e-12,7.867098432729321e-10,0.999972405465098,2.7593743694297315e-5
22471,7.172439103802714e-12,4.754661273364928e-10,0.9999753969761184,2.4602541243218507e-5
22472,2.088391224134097e-12,4.942380001334297e-10,0.9999801839505985,1.9815553074916834e-5
22473,6.070092931671348e-12,2.7649730910470276e-10,0.999977399771373,2.2599946059562106e-5
22474,1.1266823587175706e-11,2.8567672069132427e-10,0.999970519495284,2.9480207772379494e-5
22475,5.384918764635704e-12,5.732427916191203e-10,0.9999732617328563,2.6737688516035677e-5
22476,2.024345820156894e-12,1.6428279463763036e-10,0.9999859454216136,1.4054412079471951e-5
22477,2.6605074097823935e-12,4.0896191977664797e-10,0.9999754743226285,2.4525265749237276e-5
22478,1.54894809146418e-12,1.6474473303995758e-10,0.9999734364091037,2.6563424602607746e-5
22479,3.9319041537047265e-12,4.924292012560992e-10,0.9999104783550506,8.952114858817681e-5
22480,1.3628849464628739e-12,1.6773882587359493e-10,0.9999700593150668,2.9940515831551428e-5
22481,6.697647113118969e-12,1.114833987835241e-9,0.999859081664341,1.4091721412738456e-4
22482,3.07833974851462e-12,3.839784150057147e-10,0.9999495135478251,5.048606511797185e-5
22483,3.4000021190836966e-12,6.098377602799029e-10,0.9999347695272365,6.522985952557885e-5
22484,5.75641495681676e-12,7.658079538167318e-10,0.9999179004092,8.209881923576186e-5
22485,2.0131254637695653e-12,3.8878579121411106e-10,0.9999505454098647,4.945419933650349e-5
22486,1.545932136783036e-12,3.350899815883078e-10,0.9999506170511951,4.9382612169004144e-5
22487,2.5645286741227865e-12,2.4167211607411813e-10,0.9999296444692866,7.035528647691679e-5
22488,2.0308652349681753e-12,2.7465577237297427e-10,0.999969972647335,3.0027075978360612e-5
22489,1.930013263541218e-12,1.5715064700424965e-10,0.9999723749562711,2.7624884648259925e-5
22490,2.78178070071067e-12,7.832486105692014e-10,0.9999175343443292,8.246486964044478e-5
22491,2.659211906058317e-12,9.544644557355628e-10,0.9998820973214162,1.1790172146010552e-4
22492,1.4197419742436335e-12,2.157618981592945e-10,0.9999800932448628,1.990653795554075e-5
22493,3.6353446459845398e-12,5.148242001522457e-10,0.9999494527489418,5.054673259884582e-5
22494,1.763516264277623e-12,2.3269603346824429e-10,0.9999708471785095,2.915258703092355e-5
22495,2.688630184303254e-12,3.30755660780694e-10,0.9999564761479522,4.3523518603407705e-5
22496,5.093345788130458e-12,4.939354145709863e-10,0.9999212773993752,7.872210159604508e-5
22497,3.90072236327135e-12,4.734035555578879e-10,0.9999424850933188,5.7514429376844476e-5
22498,3.242419300348553e-12,3.4433920369334564e-10,0.9999009235713829,9.907608103543961e-5
22499,5.7715622112765245e-12,3.098880909643568e-10,0.9999106487084164,8.935097592399636e-5
22500,2.134280502039198e-11,1.8248127657415242e-9,0.9997690601540701,2.309379997742997e-4
22501,7.3723312715061e-12,3.9699188289221575e-10,0.9998910049452431,1.0899465039284695e-4
22502,3.7115121583533366e-12,3.4995397200623333e-10,0.9999343648813594,6.563476497504517e-5
22503,8.724164919981815e-12,1.1878728780945946e-9,0.9997800556378124,2.1994316559047715e-4
22504,3.6893900133571315e-12,7.127262612571155e-10,0.9998953284011453,1.046708824390148e-4
22505,1.2113181384541555e-11,8.587396455518853e-10,0.9998349517315066,1.6504739764057008e-4
22506,4.310119580330821e-12,5.553388576306752e-10,0.9999399050648562,6.009437549489969e-5
22507,3.842259447817485e-12,8.007629803255083e-10,0.9998434787469714,1.5652044842331841e-4
22508,6.827741945777814e-12,7.224079638470408e-10,0.9998926644089574,1.0733486180695928e-4
22509,5.110029910858311e-12,3.49891975594093e-10,0.9998968888711749,1.0311077382295268e-4
22510,7.531069797712413e-12,2.92427934051528e-9,0.9997134808730087,2.865161951809673e-4
22511,3.5428429919614035e-12,1.7107572309916527e-10,0.9999487371900876,5.126263529394749e-5
22512,4.534667162471727e-12,5.568372477553209e-10,0.9998915781633946,1.0842127523354361e-4
22513,5.095907518518079e-12,4.5877659038869393e-10,0.9998904917714567,1.0950776467084895e-4
22514,7.34388717134442e-12,7.423618164144336e-10,0.9998695637194022,1.3043553089214219e-4
22515,1.6639282349288399e-12,2.4543534439630087e-10,0.9999295579543834,7.044179851722596e-5
22516,2.788124392982488e-12,8.04417819054186e-10,0.9999197806497664,8.02185430277968e-5
22517,2.2967170823949016e-12,2.33105421409049e-10,0.999971689957511,2.8309807086880458e-5
22518,2.1828460056046263e-12,3.311934997202989e-10,0.99997025231569725,2.974735092632709e-5
22519,4.563479860399941e-12,8.8755361472838e-10,0.9998857488377434,1.1425027013946437e-4
22520,6.029707447302925e-12,4.634337825491065e-10,0.9999562339288042,4.3765601732397645e-5
22521,2.3954009477182342e-12,2.5051271126226843e-10,0.9999705430024443,2.9456744647663552e-5
22522,1.0682002233724464e-12,2.91723863576027e-10,0.9999631931403946,3.68065668132664e-5
22523,2.3797006724794317e-12,5.011393731856501e-10,0.9999443990905182,5.5600405962740186e-5
22524,2.0370721858253906e-12,2.3341869910504466e-10,0.9999576403376444,4.2359426900018474e-5
22525,3.197018149948544e-12,2.0027683639017467e-10,0.9999767647173542,2.3235079171964347e-5
22526,1.1345330379577325e-11,9.832001967560772e-10,0.9999053286716406,9.467033381394102e-5
22527,2.854649289454562e-12,4.0865943508894816e-10,0.9999489014348353,5.109815365075805e-5
22528,2.9773882596862207e-12,1.802415734285723e-10,0.9999614642653594,3.853555142155956e-5
22529,9.577066334276368e-12,9.256107162875679e-10,0.9999209348653771,7.906419943511998e-5
22530,6.805717526201333e-12,3.4190417135386997e-10,0.9999404574097743,5.954224151596952e-5
22531,3.714838987921563e-12,2.46320901061235e-10,0.9999597282012627,4.027154870153776e-5
22532,6.714377291485295e-12,4.816045227391123e-10,0.9999179472240368,8.205228764433947e-5
22533,5.063760927307215e-12,1.0763577939321005e-9,0.9999057506794264,9.42482391518561e-5
22534,3.747306149243198e-12,5.526486364516191e-10,0.999948278360408,5.172108319612735e-5
22535,1.5826931522733258e-12,2.4270896832119455e-10,0.9999903988017428,9.600953965667526e-6
22536,2.811230021499115e-12,4.222771876532096e-10,0.9999858466703142,1.4152904597391042e-5
22537,2.012080421047713e-12,1.9569728238937263e-10,0.9999926088520862,7.390950204494017e-6
22538,3.026057101350065e-12,6.75866346643793e-10,0.9999731604653406,2.683885576694543e-5
22539,1.2121415351020963e-12,1.6649029561090655e-10,0.9999950518731436,4.947959154085655e-6
22540,1.5289714624100614e-12,1.909563229186728e-10,0.9999833117290782,1.668807843649914e-5
22541,1.693308243908162e-12,2.4173974862376963e-10,0.9999840513943847,1.594836218217483e-5
22542,1.5703346714687214e-12,2.1267268467119635e-10,0.9999904748486923,9.524937064653961e-6
22543,7.293042612331835e-12,2.872517100097055e-10,0.9999746212004444,2.537850501072995e-5
22544,1.123275987520408e-12,7.607592502958807e-11,0.999990568349687,9.431573113553173e-6
22545,2.0935985434863055e-12,3.993489475204697e-10,0.9999870969602185,1.2902638338876833e-5
22546,4.613605245215563e-12,3.5922503034508744e-10,0.9999914030261746,8.596609986614962e-6
22547,4.5288595421422045e-12,3.3539789339456385e-10,0.9999837534766863,1.6246183386997807e-5
22548,2.3014562770360886e-12,2.1783567168454074e-10,0.9999915272572414,8.472522621521519e-6
22549,4.111900393317378e-12,1.9005344494528614e-10,0.9999826382592427,1.7361546592070286e-5
22550,1.2096703207825651e-12,2.4653042419598174e-10,0.9999876411253227,1.2358626937357439e-5
22551,1.7107339060518623e-12,2.5823281011464057e-10,0.9999896274788028,1.0372261253547577e-5
22552,2.70672634892447e-12,3.213978661052678e-10,0.9999759242864886,2.4075389406840963e-5
22553,3.6430842883381015e-12,3.9630649473151635e-10,0.9999843228340468,1.5676766003571693e-5
22554,2.5318513978470108e-12,2.8015817351338995e-10,0.9999905698987058,9.429818604004685e-6
22555,3.970600078190874e-12,6.845486058816835e-10,0.9999886057673198,1.139354416097046e-5
22556,4.568346607759607e-12,4.218314017416749e-10,0.9999932776184943,6.721955105914363e-6
22557,3.5962681630723538e-12,7.324002238547919e-10,0.9999851773876953,1.4821876308203994e-5
22558,1.4179757758223441e-12,1.3765724569214423e-10,0.999995943203788,4.0566571366570096e-6
22559,4.2125416527922494e-12,5.077240719942089e-10,0.9999852935915365,1.4705896526957774e-5
22560,2.078922982158347e-12,3.3513331344507885e-10,0.9999935822618607,6.417400926893112e-6
22561,1.1007416666788352e-12,3.4983471220377186e-10,0.9999961369284471,3.862720617363083e-6
22562,2.7136417789777576e-12,4.2007876098162146e-10,0.9999949099147034,5.08966250423782e-6
22563,2.2562304498083726e-12,1.5412776389425855e-10,0.9999958039874037,4.195856212339925e-6
22564,7.583916066919949e-12,3.7316998069443733e-10,0.9999894750165054,1.0524602740666137e-5
22565,1.5992664314084e-12,2.9306911134415885e-10,0.9999915277643464,8.4719409851626e-6
22566,1.1700104651094037e-12,3.003832832791012e-10,0.9999945701785622,5.429519884309088e-6
22567,1.6778922963740212e-12,1.815288929503299e-10,0.9999944783542358,5.521462557237674e-6
22568,3.755941618067579e-12,5.436336392967879e-10,0.9999851268083072,1.4872644303390589e-5
22569,2.401290503423241e-12,2.1962850327935052e-10,0.9999946009455284,5.398832441806083e-6
22570,5.7042876296590055e-12,6.176703077905528e-10,0.9999854587803583,1.4540596267236222e-5
22571,5.4313095491963706e-12,9.181617914665399e-10,0.9999762288737034,2.3770202703655857e-5
22572,4.948268747243302e-12,4.408742512300736e-10,0.999989084125825,1.0915428352415775e-5
22573,4.222665167561766e-12,3.344346262078248e-10,0.9999944698674436,5.529793899137592e-6
22574,3.6132519848040222e-12,3.384489434432644e-10,0.9999854443509041,1.4555307033565888e-5
22575,2.6528591934195165e-12,5.094943857784608e-10,0.9999917766230432,8.222864809575358e-6
22576,3.6323867338853263e-12,6.03829182693736e-10,0.9999930993041533,6.900088385071874e-6
22577,2.665399966244638e-12,3.92139773809388e-10,0.9999951753413124,4.824263882436483e-6
22578,1.1148465972933817e-12,4.3898505150281644e-10,0.9999962821389397,3.7174209605016e-6
22579,4.832663400778564e-12,6.996729121961926e-10,0.9999847527089224,1.524658657216158e-5
22580,4.080435559745077e-12,8.66838788201279e-10,0.9999924369521055,7.562176975396332e-6
22581,9.396504215863878e-13,3.6179207819848005e-10,0.9999923913255351,7.608311733194541e-6
22582,3.951096185528876e-12,3.9974422814062675e-10,0.9999949378457749,5.061750529818668e-6
22583,3.3730117723568524e-12,3.8390201765181073e-10,0.9999943634520674,5.6361606574082625e-6
22584,2.420822573461473e-12,5.015488191671676e-10,0.9999934049558307,6.594540199841891e-6
22585,3.2284472552824025e-12,9.160022651076432e-10,0.9999943246015298,5.674479239358113e-6
22586,2.159171498615665e-12,6.429495282450628e-10,0.9999929862337402,7.013121151040517e-6
22587,7.633428024867851e-12,7.06548822728385e-10,0.9999755841866516,2.4415099166278256e-5
22588,2.2172491290257176e-12,2.7786864760678014e-10,0.9999943949927147,5.6047271994919804e-6
22589,6.020285513949605e-12,5.014815451637902e-10,0.9999936593452202,6.340147277838831e-6
22590,1.482690979907433e-12,2.0722488853334912e-10,0.9999953573018727,4.642489419554041e-6
22591,3.35165208230361e-12,2.3648337712177543e-10,0.9999946273644995,5.372395665297669e-6
22592,2.2121129659880377e-12,3.5152150985672554e-10,0.9999905985337805,9.401112485899617e-6
22593,3.286493163002439e-12,5.861800768851786e-10,0.9999823975256936,1.760188483995883e-5
22594,1.1450269766379793e-12,1.017894548430303e-10,0.9999927604250711,7.2394719945416875e-6
22595,2.387944484372689e-12,2.1860794171381934e-10,0.9999811171761858,1.888260281826024e-5
22596,2.336172313185142e-12,4.3696997949276313e-10,0.9999894132714969,1.0586289196949848e-5
22597,9.349009776895928e-13,2.2109919418052602e-10,0.9999928016791576,7.1980988083697405e-6
22598,2.551533970289336e-12,4.2881629071784563e-10,0.9999824957425679,1.7503826064235128e-5
22599,3.827946305803181e-12,5.85263269005293e-10,0.9999745423247396,2.545708616907649e-5
22600,1.5033137205176954e-12,2.598945357323999e-10,0.9999875044790851,1.2495259517043912e-5
22601,2.104627031480349e-12,8.479573145208292e-11,0.9999915522304537,8.44768264587038e-6
22602,5.935832683361445e-12,3.3470784724036e-10,0.9999792329290688,2.0766730287498057e-5
22603,2.826231078463414e-12,3.5877428927227806e-10,0.9999850730930874,1.4926545312165995e-5
22604,1.1852680648498763e-12,2.811126504431045e-10,0.999987325128785,1.267458891708412e-5
22605,4.612471819379911e-12,3.0410345066695085e-10,0.999981320429244,1.8679262039962298e-5
22606,1.3658073709378458e-12,1.7718147592431478e-10,0.9999902498778436,9.749943609250042e-6
22607,1.6906227516530614e-12,1.318622900100741e-10,0.9999908415335621,9.158332885038537e-6
22608,1.7162473859427984e-12,2.1956601283436708e-10,0.9999861978865296,1.3801892188184785e-5
22609,2.82833743809156e-12,2.77820166104058e-10,0.9999891999699827,1.0799749368867866e-5
22610,1.5142464164214132e-12,7.22035605602072e-10,0.9999787560342743,2.124324217586065e-5
22611,4.030009012585806e-12,2.9758356019495355e-10,0.9999922879023346,7.711796051752497e-6
22612,1.472386864722984e-12,1.4281197938509795e-10,0.9999896254906516,1.037436506402688e-5
22613,1.1895886082838257e-11,6.293365543865385e-10,0.9999819098485654,1.8089510202421983e-5
22614,2.910603927114449e-12,2.0693617318477694e-10,0.9999924298584504,7.569931702817931e-6
22615,1.211097463943139e-12,2.2564866609231962e-10,0.9999951265181811,4.873254959046578e-6
22616,3.585678996467122e-12,9.231569724567105e-11,0.9999966862335142,3.3136705844533263e-6
22617,2.156938348449262e-12,1.9478422163737055e-10,0.9999945649543889,5.434848670013522e-6
22618,3.985199807340706e-12,1.8316137751057605e-10,0.9999922807057983,7.719107055123315e-6
22619,1.0679549802334937e-12,2.028118812637154e-10,0.9999947711657193,5.228630400761791e-6
22620,3.4636031181783014e-12,9.282280234973875e-10,0.9999852693316218,1.4729736686486359e-5
22621,8.667669240400573e-13,6.48614025273992e-11,0.9999963984556128,3.601478659144419e-6
22622,1.5636274209897727e-12,1.1519416816693265e-10,0.9999916853747006,8.314508541591725e-6
22623,3.40062508152982e-12,2.6779066074690693e-10,0.9999912909454699,8.708783338739035e-6
22624,3.940240273317676e-12,2.9546614458299256e-10,0.9999906519291248,9.347771468711934e-6
22625,5.1656497953595065e-12,2.962366783661893e-10,0.9999893595109028,1.0640187694802453e-5
22626,8.006680203960935e-12,2.857144483045554e-10,0.9999853809733839,1.4618732894893674e-5
22627,3.0753297846104524e-12,2.630671274246323e-10,0.9999894135220818,1.058621177572194e-5
22628,1.2899833189572043e-12,2.0979742510866e-10,0.9999951265663533,4.873222559348708e-6
22629,3.503819156851076e-12,2.4752092381687005e-10,0.9999927744058188,7.225343156456031e-6
22630,7.072572029245984e-12,6.17472737614246e-10,0.9999460372344424,5.3962141012125705e-5
22631,1.223721316319643e-11,6.371417154552137e-10,0.9999254304905515,7.456886006958769e-5
22632,4.874775789720722e-12,3.198036705754321e-10,0.9999522204562693,4.777921905219707e-5
22633,3.1297554937808874e-12,2.5737706399917484e-10,0.9999033810173714,9.661872212182366e-5
22634,1.5978560362218468e-12,3.536491809398184e-10,0.9999642029465541,3.5796698198889994e-5
22635,3.261768606750844e-12,5.732831050936839e-10,0.9999191358998328,8.086352362235654e-5
22636,1.5026086592115667e-12,3.5066655359300093e-10,0.9999576330826712,4.236656515957874e-5
22637,1.2795556221977752e-11,5.439028130500984e-10,0.9998587322438988,1.4126719940289747e-4
22638,2.6906063370755807e-12,3.4168810637912993e-10,0.9999383299563173,6.166969930403952e-5
22639,2.9334799218074783e-12,2.69345060997914e-10,0.9999233992736015,7.660045412012158e-5
22640,1.0443424996888622e-12,1.32169492594339e-10,0.9999805934944642,1.940637232198712e-5
22641,4.0276987472305395e-12,6.709372520092528e-10,0.9999293530172234,7.064630781147688e-5
22642,2.275904101101118e-12,2.1447065677845758e-10,0.999957293792436,4.2705990817384666e-5
22643,4.683228647068884e-12,2.8527727318965503e-10,0.9999379925822814,6.200712775817104e-5
22644,5.54573441917795e-13,8.125831951111008e-11,0.9999859366211484,1.4063297038701777e-5
22645,3.69747320295419e-12,1.3916976324696503e-10,0.9999416093451752,5.839051195771718e-5
22646,3.6399180724480745e-12,4.479009192894656e-10,0.999946775661438,5.322388702120572e-5
22647,7.498227616857007e-12,7.771180919109367e-10,0.9999179663640835,8.203285130017727e-5
22648,9.823884769604978e-12,8.071901093141247e-10,0.99992608598906485,7.391319392118759e-5
22649,3.725092435670018e-12,3.380880922356842e-10,0.9997986084765473,2.0139118163951922e-4
22650,4.290960593927075e-12,6.359753259085561e-10,0.9998603325089734,1.3966685076034866e-4
22651,2.1547310962361415e-12,1.7541329444982753e-10,0.9998809692257749,1.1903059665708331e-4
22652,4.785355426699299e-12,8.673449252138343e-10,0.9997597189072722,2.4028022059746117e-4
22653,1.2556701282844989e-12,2.284604046810037e-10,0.999953271041467,4.6728728816845644e-5
22654,1.24830198422457e-12,2.0488736974838078e-10,0.9998450603937538,1.5493940011070356e-4
22655,2.844640256036781e-12,3.5244355521052723e-10,0.9998858278500443,1.1417179466759926e-4
22656,1.7791824831179452e-12,1.1224482375331743e-10,0.9999590513646185,4.094852135752497e-5
22657,5.077337618128452e-12,4.6276711077160575e-10,0.9998799872635121,1.20012268643418e-4
22658,2.9358476318181607e-12,2.1597092051628185e-10,0.9998195973742918,1.804024068015265e-4
22659,1.7197189662950863e-12,1.2614630111151297e-10,0.9999450423765605,5.495749557345162e-5
22660,9.544569922314182e-12,9.066678094583405e-10,0.9996396192458153,3.603798379724536e-4
22661,2.477469548354465e-12,1.4455732845354835e-10,0.9999412803024893,5.871955047590147e-5
22662,2.896922670706166e-12,2.579730647980254e-10,0.9998899727671587,1.1002697197130672e-4
22663,8.186195068668753e-12,6.37620751943938e-10,0.9998419863613782,1.58012992814687e-4
22664,5.118327501521364e-12,7.192966154757551e-10,0.9998311847109804,1.688145646045053e-4
22665,1.9812907395902312e-12,2.5204559149974067e-10,0.9999341556345953,6.584411137770685e-5
22666,5.988824942915194e-12,3.490129690374892e-10,0.9998498101856053,1.5018945939306873e-4
22667,1.4011437532456877e-12,1.2023218394347524e-10,0.999949625697565,5.037418080176723e-5
22668,2.066257554970564e-12,6.18219529147017e-10,0.999945318712526,5.468066718807246e-5
22669,2.5462777996297978e-12,1.9197205032359253e-10,0.9999452596204704,5.4740185011250814e-5
22670,3.720852798148728e-12,7.914904848703374e-10,0.9999457433212057,5.425588358292921e-5
22671,2.487150225044095e-12,2.374101941382363e-10,0.9999711853573474,2.8814402755244525e-5
22672,4.334299524121236e-12,3.9464417786273673e-10,0.9999566424315999,4.335716942183804e-5
22673,4.915524893878259e-12,4.466385299298724e-10,0.9999625341602638,3.746538818225418e-5
22674,2.0980568092647922e-12,5.763647727896991e-10,0.9999684360626292,3.156335890810509e-5
22675,1.9775922312903838e-12,4.587286880113337e-10,0.9999472531213925,5.2746417901315474e-5
22676,4.174750596695986e-12,9.134466935890611e-10,0.9999390365705499,6.096251182848696e-5
22677,6.195312378208149e-12,4.960418199029168e-10,0.9999498319489407,5.016754882230716e-5
22678,3.549468763164483e-12,3.112432901832839e-10,0.9999560287618566,4.397092335044857e-5
22679,1.9174450137782526e-12,6.286809218110981e-10,0.9999199406671414,8.005870226018609e-5
22680,1.0331240525277475e-12,1.962945517400833e-10,0.9999742771700394,2.5722632632901166e-5
22681,1.9982351169739657e-12,3.238794128855675e-10,0.999968902542844,3.109713127840234e-5
22682,5.795848066038941e-12,6.588135226954339e-10,0.9999300736510003,6.992568439037691e-5
22683,2.2920406091683434e-12,1.0777830706272026e-10,0.9999742160645223,2.5783825407274817e-5
22684,3.162448670833918e-12,6.228716423178e-10,0.9999707542460987,2.924512786732156e-5
22685,4.807692689298185e-12,5.955442384028317e-10,0.9999422961523176,5.770324733049402e-5
22686,6.695552676144584e-12,3.417751059941155e-10,0.9999308958110413,6.910384048788355e-5
22687,2.9885719597528564e-12,4.727233167536641e-10,0.999983467226375,1.6532297913275744e-5
22688,6.1449804296871416e-12,3.0283529333198584e-10,0.9999865895637509,1.3410127268986305e-5
22689,3.319900513905787e-12,3.431198740024592e-10,0.9999867378958469,1.3261757713300687e-5
22690,2.026475302942854e-12,2.8904859539074383e-10,0.9999884193111653,1.1580397759468638e-5
22691,2.287118761752754e-12,3.074252200878366e-10,0.9999888391339153,1.1160556372292902e-5
22692,5.409022523754905e-12,3.2573654710413434e-10,0.999978021367061,2.1978301793299764e-5
22693,4.6680793437399234e-12,4.947620663245654e-10,0.9999770421441985,2.2957356371440303e-5
22694,4.159837822582946e-12,1.5822953550393743e-10,0.9999910094418285,8.990395782195139e-6
22695,3.4275591793660878e-12,2.877537051810005e-10,0.9999879311866818,1.206852213685204e-5
22696,7.1416655043714355e-12,6.591059410452907e-10,0.9999712609905926,2.873834315961504e-5
22697,2.560682752741918e-12,4.0851447540190416e-10,0.9999847447266721,1.5254862252738604e-5
22698,8.161035564527244e-12,7.491825335435034e-10,0.999972256514964,2.7742727692352275e-5
22699,1.0017327540733793e-11,3.272423450072501e-10,0.9999839928694774,1.600679326287988e-5
22700,4.5125054518988435e-12,4.203623921181776e-10,0.9999782244460268,2.1775129098173528e-5
22701,5.2476571824332165e-12,6.755928906255037e-10,0.9999572335181088,4.2765801050819184e-5
22702,7.619186072761319e-13,1.3983176661033596e-10,0.9999917379454437,8.261913962581316e-6
22703,3.87467178259726e-12,1.2530747533987355e-10,0.999991536040835,8.463829982795191e-6
22704,6.236280201462896e-12,6.342572598301176e-10,0.9999718200124779,2.817934702866452e-5
22705,1.0579145659630632e-12,1.965877731130304e-10,0.9999915446383376,8.455164016558826e-6
22706,1.465776333106651e-12,1.7979824637544474e-10,0.9999923739599114,7.625858824557846e-6
22707,1.7352032357874988e-12,8.747215435495104e-10,0.9999662190784596,3.3780045083701826e-5
22708,3.2661229197033367e-12,3.4017331501297697e-10,0.999977552492698,2.2447163862690805e-5
22709,3.3851825928596948e-12,1.0711923487173552e-9,0.9999777628570832,2.2236068339268088e-5
22710,4.373156902763582e-12,1.0491802808733165e-9,0.9999723725668263,2.762637962037002e-5
22711,2.0206126594379924e-12,1.7589399176847127e-10,0.999989754069673,1.0245752412481267e-5
22712,2.4668823680507247e-12,8.763088975145599e-10,0.9999815649864828,1.843413474145849e-5
22713,1.402148369406751e-12,1.9954754641858207e-10,0.9999873876032601,1.261219579023459e-5
22714,1.3170837646201954e-12,1.9678101490265913e-10,0.9999910410600681,8.958741833670999e-6
22715,1.8052148568382726e-12,3.668829868741309e-10,0.9999853207519233,1.4678879388646475e-5
22716,7.874829091706122e-13,2.466341532362185e-10,0.9999854353862215,1.4564366356898245e-5
22717,1.2723400212389148e-12,1.2932608535366468e-10,0.9999928727462405,7.12712316110197e-6
22718,3.1935523784141815e-12,3.281583873165897e-10,0.999984456403421,1.5543265226885383e-5
22719,2.7946724465084113e-12,2.9375234545899916e-10,0.9999884573810808,1.154232237218631e-5
22720,1.8340143514435807e-12,7.060828965535857e-10,0.9999858419334497,1.4157358633458961e-5
22721,4.129250345143512e-12,5.779811238438384e-10,0.9999806991294257,1.930028846380298e-5
22722,1.294515618606697e-12,4.6078557500153463e-10,0.9999805549878905,1.94445500294394e-5
22723,5.6677554237450005e-12,1.0781366107802416e-9,0.9999607575701324,3.92413460633873e-5
22724,1.4202506536489083e-12,2.1985426045289371e-10,0.9999931743910152,6.825387710287894e-6
22725,1.6751352231963316e-12,9.448236962057213e-10,0.9999882518144537,1.1747239047425703e-5
22726,1.9727384850838675e-12,9.480080530557869e-10,0.999987634685591,1.2364364428118568e-5
22727,2.316919778112818e-12,4.1153608839178083e-10,0.9999889921625355,1.1007423611536719e-5
22728,1.536711759008961e-12,5.045421360783302e-10,0.9999912101394243,8.789354496865912e-6
22729,2.9960185595861355e-12,4.3989426969363274e-10,0.9999931694700073,6.830087102585317e-6
22730,1.6066168102675088e-12,4.5745745032456376e-10,0.9999925736976512,7.425843284653956e-6
22731,1.2297596096312447e-12,3.949368252706552e-10,0.9999949060164592,5.093587374072573e-6
22732,3.0894353723995974e-12,4.698077152282365e-10,0.9999882649232013,1.1734603901748678e-5
22733,2.6396949350551102e-12,3.717286735263059e-10,0.9999885326878739,1.1466937757607706e-5
22734,2.096904494546563e-12,7.571316578837499e-10,0.9999892366412573,1.0762599514231632e-5
22735,1.3138869872579084e-12,2.5642914327973934e-10,0.9999954571169828,4.542625274010885e-6
22736,1.1455605696572424e-12,2.138650063437224e-10,0.9999959703601188,4.029424870725034e-6
22737,4.209368732791032e-12,6.873739692141037e-10,0.9999850945364931,1.4904771923452484e-5
22738,4.093487819435812e-12,5.111056785564559e-10,0.999991557439164,8.44204563683161e-6
22739,3.0528269405871716e-12,3.920970845544985e-10,0.999991726375782,8.273229067984907e-6
22740,2.268032596738892e-12,4.3249028517698486e-10,0.9999902600976899,9.739467552033856e-6
22741,3.5984190867309512e-12,2.721898165644716e-10,0.9999916959761367,8.303748075024974e-6
22742,2.434133749521604e-12,6.434053949127481e-10,0.9999931112791428,6.888075017698317e-6
22743,2.5935353270265222e-12,4.36993912414055e-10,0.9999889997727289,1.0999787683528538e-5
22744,2.9159222158456782e-12,3.910001806816226e-10,0.9999925223043369,7.477301746872132e-6
22745,9.20697269088417e-12,5.599494852192868e-10,0.9999842934058641,1.5706024979508728e-5
22746,7.644807800205912e-12,5.758260895579098e-10,0.9999887374524502,1.1261964078958732e-5
22747,2.0509198153393085e-11,4.5133470384263836e-10,0.9999817208522566,1.8278675899592246e-5
22748,9.277475548643522e-12,3.814674260700155e-10,0.9999932082039041,6.791405350810513e-6
22749,3.463533642594669e-12,2.1533727024824245e-10,0.999994062722683,5.937058516155277e-6
22750,3.5302638473150195e-12,1.521981378654887e-10,0.9999950678498809,4.931994390712314e-6
22751,3.2983848502177895e-12,3.3086980624851356e-10,0.9999953551049832,4.644560848656488e-6
22752,4.952131290524071e-12,2.8603039352093597e-10,0.9999921119411861,7.887767831544405e-6
22753,5.5685064337986576e-12,4.105712944528451e-10,0.9999903347931339,9.664790726374183e-6
22754,6.006941517575063e-12,3.6913567727216267e-10,0.9999919029824107,8.096642446629051e-6
22755,3.86250160193907e-12,1.627750592419186e-10,0.9999944498299321,5.5500034302273845e-6
22756,5.800239151391528e-12,2.744389906393945e-10,0.999991357754399,8.641965361873673e-6
22757,6.988828526187718e-12,3.235153650440264e-10,0.9999872503000858,1.2749369409802306e-5
22758,3.2904509056648835e-12,2.319153443192063e-10,0.9999949336524444,5.066112349744087e-6
22759,1.4742774028746262e-11,1.0394226837889184e-9,0.9999810871799845,1.8911765850069955e-5
22760,1.9664623336709367e-12,2.3283508409333826e-10,0.9999965599963736,3.4397688247697734e-6
22761,8.080089203964093e-12,8.993461879648272e-10,0.9999825959969866,1.7403095587103194e-5
22762,3.1851668972880598e-12,3.1400109061995527e-10,0.9999942708082014,5.728874612520703e-6
22763,3.0602088266953714e-12,3.2101810510089197e-10,0.9999643457600391,3.565391588270425e-5
22764,6.4232792206282326e-12,1.009929821981908e-9,0.9999411992026478,5.879978099895993e-5
22765,3.875355471374364e-12,2.47008726007377e-10,0.9999538048384364,4.619491067945905e-5
22766,3.845728241499744e-12,3.420983788958024e-10,0.9999764142591145,2.3585394941534902e-5
22767,2.3184731716202092e-12,1.2883005469822833e-10,0.9999805780604133,1.9421808438092094e-5
22768,2.1808256543740826e-12,1.211239407541096e-10,0.9999798930325642,2.0106844131179517e-5
22769,6.833728375940704e-12,1.9363529364106806e-9,0.9999150482681994,8.494978861392135e-5
22770,1.4025386875266246e-11,3.6548205936003987e-10,0.9999235868884233,7.641273206922512e-5
22771,1.913765727669328e-12,1.539757250984675e-10,0.9999834104738674,1.6589370243172062e-5
22772,9.407276880202375e-12,3.411113446637263e-10,0.9999488832617659,5.1116387715642194e-5
22773,1.0476151668015527e-11,6.461826137750099e-10,0.9998814561996923,1.1854314364888613e-4
22774,3.737204718988528e-12,2.566895832603983e-10,0.9999595651260887,4.0434613484478915e-5
22775,6.042574075469065e-12,6.146751219694857e-10,0.9999679644733396,3.203490594251438e-5
22776,5.534708386234648e-12,5.923290954915939e-10,0.9999337176740557,6.628172808028015e-5
22777,1.645803167615657e-12,1.8111340375908293e-10,0.9999846556733106,1.5344143930145753e-5
22778,2.36949672693676e-12,3.170214089506145e-10,0.9999656856313135,3.431404929565017e-5
22779,7.12380489973781e-12,8.330068350161659e-10,0.99995529931996,4.469983990937313e-5
22780,1.1401801965757518e-11,5.951962750064645e-10,0.9999224860797467,7.751331365519715e-5
22781,1.209640815549463e-12,1.1847366843220174e-10,0.999985950941005,1.4048939311748393e-5
22782,2.271981715713257e-12,1.5114586032412424e-10,0.9999738153842342,2.61844623477902e-5
22783,1.7444621539956324e-12,1.2573053971261157e-10,0.9999754041731737,2.459569935159112e-5
22784,4.236742387508307e-12,4.881678294602626e-10,0.9999104028003682,8.959670722715705e-5
22785,4.72971297346742e-12,5.579100098639948e-10,0.9999387664519889,6.123298537151565e-5
22786,4.326289409829233e-12,1.7328897174727472e-10,0.9999640295357844,3.597028660036333e-5
22787,7.333657707838777e-12,2.842093506641507e-10,0.9999536779049488,4.632180350806372e-5
22788,3.827438607204462e-12,1.3199346678534368e-10,0.9999596590947736,4.034076940540177e-5
22789,8.100213158165423e-12,3.997126913040431e-10,0.9999387246793631,6.127491282388589e-5
22790,1.543900708466761e-12,1.181403337421507e-10,0.9999798756363462,2.0124243969542674e-5
22791,5.249536195041246e-12,4.830510614126129e-10,0.9999312817349545,6.871777674488919e-5
22792,2.1156142117511185e-12,1.432417942160879e-10,0.9999697217369606,3.02781176820812e-5
22793,9.43997451046843e-12,4.1364699764033623e-10,0.9999300905239794,6.990905293356043e-5
22794,2.6706228893494464e-12,2.1756272326395227e-10,0.9999800477778471,1.9952001919369213e-5
22795,9.449054375841404e-12,7.677268928891145e-10,0.9999032900022122,9.670922061173191e-5
22796,4.136550904838784e-12,1.3715058369046303e-10,0.9999560529209289,4.39469377839762e-5
22797,2.4250999500269486e-12,1.6482470431080516e-10,0.9999789655660907,2.1034266659589733e-5
22798,4.518967277427185e-12,3.689595260108545e-10,0.9999508772913412,4.912233518032238e-5
22799,1.353345544430375e-11,2.881383403146e-10,0.9999025774075407,9.74222907875221e-5
22800,3.1069508609123358e-12,2.0194168844078461e-10,0.9999603478494972,3.9651945453964634e-5
22801,4.955245856715624e-12,2.420967571248721e-10,0.9999592801973072,4.0719555640698716e-5
22802,3.0169866890313845e-12,4.844082802709769e-10,0.9999578271055648,4.217240700996874e-5
22803,1.5516129076489265e-11,5.943808839191844e-10,0.9999326428649196,6.735652518346827e-5
22804,2.6801596568673855e-12,1.1683215799079872e-10,0.9999849185940337,1.5081286454051682e-5
22805,3.771036043516824e-12,2.0855664243223047e-10,0.9999670162622474,3.298352542513101e-5
22806,5.231241815289948e-12,3.7067604534219564e-10,0.9999607219535579,3.927767053500203e-5
22807,2.446902299881591e-12,3.975340805231218e-11,0.9999879685430201,1.2031414779371308e-5
22808,1.5056241095264226e-12,1.760661273137995e-10,0.9999804897598364,1.9510062591724407e-5
22809,1.7369561777844837e-12,8.248889408382007e-11,0.9999859907853851,1.4009130389161706e-5
22810,2.7227851113425687e-12,2.940226355261799e-10,0.9999673071908691,3.2692512385485276e-5
22811,4.312583523672658e-12,1.7428666043578347e-10,0.9999657017791586,3.429804224217277e-5
22812,4.262014583513299e-12,2.953246335502835e-10,0.9999514910893886,4.850861102466211e-5
22813,5.566122762717636e-12,1.220290103670463e-10,0.9999794479416714,2.055193073362137e-5
22814,6.075931794654432e-12,5.110999465192225e-10,0.9999433503548214,5.6649128002759745e-5
22815,2.6399188587632407e-12,2.127233475200323e-10,0.9999778627120649,2.2137072571783396e-5
22816,4.9679384513601384e-12,1.782480198410263e-10,0.9999668022001745,3.3197616609453025e-5
22817,5.952310886530549e-12,1.9478364410616334e-10,0.9999688557632578,3.1144036006165895e-5
22818,1.3026600686899786e-12,1.5966619209264108e-10,0.9999817604842233,1.8239354807994647e-5
22819,2.7763429374133705e-12,1.1616832454037168e-10,0.9999703836355114,2.9616245543887627e-5
22820,2.326165364571495e-12,1.5488770147504704e-10,0.999983345246082,1.665459670417476e-5
22821,1.7845782302256946e-12,1.419661823726031e-10,0.9999802816862223,1.9718170026881656e-5
22822,3.724425982388393e-12,1.2222001543356567e-10,0.9999820671470394,1.7932727016075336e-5
22823,7.638184773246172e-12,7.835921503218311e-10,0.9999220467044349,7.795250433482877e-5
22824,1.6661461020080148e-12,2.649764339322575e-10,0.9999733961890722,2.660354428530338e-5
22825,3.4534166725074283e-12,1.2341092548114853e-10,0.9999814870045338,1.8512868601733113e-5
22826,3.0977636258826954e-12,2.0679210488691088e-10,0.9999701027040225,2.9897086087626487e-5
22827,9.158781081688263e-12,1.8919337859394824e-10,0.9999652522048537,3.474759679425741e-5
22828,1.7357164556276845e-12,2.0121186560588571e-10,0.9999896519962577,1.0347800794921997e-5
22829,4.068589876446769e-12,2.857104925020322e-10,0.9999706439382471,2.9355771973943567e-5
22830,1.8935955241490313e-12,5.5414411820607104e-11,0.9999876887407442,1.2311201948008957e-5
22831,5.055918797601599e-12,8.368741619109555e-10,0.9999544016498662,4.5597508203874054e-5
22832,1.5158959719880003e-12,5.7516765978293204e-11,0.9999921620698736,7.83787109366413e-6
22833,4.4930166977186305e-12,4.279923083545557e-10,0.9999504632718788,4.953629563604888e-5
22834,1.8815136829628003e-12,1.4288810796589475e-10,0.9999794934297659,2.050642546435944e-5
22835,6.691324285286046e-12,3.72578561307269e-10,0.9999614552558332,3.8544364896693545e-5
22836,4.837325089905811e-12,4.81604730332792e-10,0.9999479418062837,5.2057707274382026e-5
22837,2.269639364454439e-12,2.1028758665235198e-10,0.9999776594040581,2.234038338464881e-5
22838,8.492387603031647e-12,4.207707865299168e-10,0.9999451483874728,5.485118326384342e-5
22839,4.1094595111618135e-12,2.710795406334101e-10,0.9999405578209274,5.944190388342043e-5
22840,4.605715686601346e-12,3.3837017042133765e-10,0.9999261914050479,7.380825197623859e-5
22841,8.588090843430316e-12,7.334368836550718e-10,0.9998176129511657,1.8238630680925545e-4
22842,7.849945696308188e-12,3.7979601190436967e-10,0.9999170472732603,8.295233909384895e-5
22843,2.5260391409701753e-12,3.811429948260259e-10,0.9999443006281605,5.5698988170533025e-5
22844,1.4419638348517272e-11,4.10903776506428e-10,0.9998400174750258,1.5998209965076515e-4
22845,6.1597984422309545e-12,6.416641594242391e-10,0.9999480206295025,5.1978722673652734e-5
22846,1.2118770498627934e-11,1.7666475770730523e-9,0.9997893592968939,2.1063892433974187e-4
22847,7.431224491007209e-12,7.698833328887182e-10,0.9998774455870548,1.2255363563060223e-4
22848,1.0728117060104473e-11,1.4482891812146666e-9,0.9998032688946276,1.9672964635494356e-4
22849,3.9756867242296575e-12,1.4020669976235078e-10,0.9999659724412548,3.402741456278654e-5
22850,8.351473900098543e-12,4.0398112792845303e-10,0.9999045769729565,9.542261471097685e-5
22851,5.2221693385733676e-12,4.6559511900556657e-10,0.9999219163887041,7.808314047877287e-5
22852,1.426213518606998e-11,4.294173052696629e-10,0.9998449252283197,1.5507432800108387e-4
22853,5.821870565041514e-12,2.796010573092579e-10,0.9999464154417604,5.358427281678422e-5
22854,1.3076437583343148e-11,1.1720156044951496e-9,0.9997535275545589,2.464712603490304e-4
22855,6.5665167994646004e-12,5.938308800731541e-10,0.9998581631568808,1.4183624272188984e-4
22856,1.9796814669246524e-12,1.9375987380535195e-10,0.999935399205009,6.46005992513249e-5
22857,3.25754381214562e-12,2.279914337070751e-10,0.9998987557813226,1.012439874285123e-4
22858,2.318345043804239e-12,3.8609912345414737e-10,0.9999868432009881,1.3156410594522977e-5
22859,4.192759990343966e-12,1.5710480468556343e-9,0.9999819809748987,1.8017449860431527e-5
22860,2.56046788185154e-12,3.5657578858260336e-10,0.999989750585754,1.024905510983969e-5
22861,1.970986790040895e-12,2.96220249866981e-10,0.9999940835211261,5.916180682673827e-6
22862,2.326640869964612e-12,3.3827069462564934e-10,0.9999895449955,1.0454663902709508e-5
22863,3.983802258813756e-12,9.811016654312274e-10,0.9999854009217803,1.4598093134336092e-5
22864,3.3684587676986905e-12,1.1822063741620326e-9,0.9999853267755026,1.467203892243818e-5
22865,3.0622103604590158e-12,3.993902013947623e-10,0.9999890552344822,1.094436306535415e-5
22866,2.867604985415974e-12,1.2187411942347857e-10,0.9999960694196425,3.930455615835254e-6
22867,2.404146154975349e-12,1.6478513013155483e-10,0.9999928288934206,7.170939390021437e-6
22868,2.1892197076560708e-12,3.0911114030158384e-10,0.9999899927898712,1.0006898828548344e-5
22869,3.6823220657205e-12,3.565318409062819e-10,0.9999917486359133,8.251003872461894e-6
22870,2.7615097093150055e-12,3.210395975781017e-10,0.99999357309196,6.42658423880603e-6
22871,4.069471352005961e-12,5.492706580578159e-10,0.999982301981605,1.7697465054903807e-5
22872,3.496634015691241e-12,8.811888513432302e-10,0.9999890670511061,1.0932064208441408e-5
22873,1.6836387849127406e-12,3.3098709278701553e-10,0.9999908057228708,9.193944458343213e-6
22874,7.6939554231862e-12,7.482410750561217e-10,0.9999843285801314,1.5670663933418024e-5
22875,3.411873168897676e-12,1.2333226577895018e-9,0.9999773276450409,2.267111822477604e-5
22876,2.6496567748819e-12,2.839346983592849e-10,0.9999946500473736,5.3496660420157845e-6
22877,6.770216063835478e-12,7.80199372163706e-10,0.9998440513588767,1.5594785415369637e-4
22878,2.7207468748646064e-12,2.3291876528863246e-10,0.9999191207603966,8.087900396398572e-5
22879,4.0856531999192145e-12,2.6180055860853185e-10,0.9999550562901626,4.494344395105673e-5
22880,1.6611779604706962e-12,2.812207651705008e-10,0.9999561861423468,4.3813574771315804e-5
22881,3.1377792117638387e-12,2.4773156472785295e-10,0.999942628023582,5.737172554858548e-5
22882,5.669527989528553e-12,1.995686450244979e-9,0.9997610317607756,2.3896623786845604e-4
22883,2.7707294136584486e-12,2.1579704621159886e-10,0.9999352006015733,6.479917985890866e-5
22884,2.2692078992105847e-12,4.2663520044542317e-10,0.9999027151950073,9.728437608833322e-5
22885,5.859633656757892e-12,6.980592331240463e-10,0.9998570719689223,1.4292732715883767e-4
22886,3.2742437380076842e-12,2.4084016493798904e-10,0.9999005305791867,9.946917669873963e-5
22887,3.578662921286557e-12,4.38978493480814e-10,0.9999177952078421,8.220434960086558e-5
22888,9.136538752713097e-12,9.694661819105772e-10,0.9998660963851697,1.33902636227749e-4
22889,1.6033574490284276e-12,2.446725873380011e-10,0.9999246792051336,7.532054859037617e-5
22890,4.138121291781977e-12,6.595536786408038e-10,0.9998915064185261,1.0849291778206303e-4
22891,1.697173479347164e-12,1.8929137223772056e-10,0.9999633216357356,3.667817327595212e-5
22892,2.812361704401068e-12,2.100544075785471e-10,0.9999595076325897,4.0492154543549397e-5
22893,4.6844588189050535e-12,7.210019491932121e-10,0.9998710067120522,1.289925622613537e-4
22894,4.0806309770430565e-12,5.060228506663173e-10,0.9998387371667465,1.6126232315001544e-4
22895,2.158104971292128e-12,1.9429090403687123e-10,0.9999503416337387,4.9658169812246206e-5
22896,1.4120631542778275e-11,1.2779829579389866e-9,0.9999542775729482,4.5721134948278136e-5
22897,1.5291585614521145e-12,2.4518349669316353e-10,0.9999881386262428,1.1861127044526485e-5
22898,2.350079184838869e-12,3.4336370672146626e-10,0.9999784682562857,2.1531398000418356e-5
22899,7.205450607954592e-12,2.7527375862049447e-10,0.9999718816078969,2.8118109623916692e-5
22900,2.7172715761969008e-12,2.2164960422719124e-10,0.9999816966216954,1.8303153937712042e-5
22901,4.2827771476232e-12,4.058419291565589e-10,0.9999776568066184,2.2342783256700994e-5
22902,4.032665560086761e-12,4.501087178634431e-10,0.9999712752200064,2.872432585224953e-5
22903,3.5016736717691893e-12,2.64892995004857e-10,0.9999861850881886,1.3814643416756906e-5
22904,5.77276997579717e-12,2.8555733728886553e-10,0.9999758804639477,2.4119244722169955e-5
22905,4.734868032003747e-12,5.516809436979473e-10,0.9999737565510408,2.62428925433934e-5
22906,1.322369639847956e-11,7.245756107986901e-10,0.9999553391245777,4.4660137622973696e-5
22907,1.4055261391118157e-12,1.5430309951302666e-10,0.9999870940459955,1.2905798295805432e-5
22908,4.335227233888847e-12,4.6383628747167695e-10,0.9999877584694031,1.2241062425262518e-5
22909,3.340673422386626e-12,6.304873949939923e-10,0.9999722299282124,2.776943795943352e-5
22910,5.036871162857423e-12,4.639585294336577e-10,0.9999693705768821,3.0628954122485343e-5
22911,2.326889108370707e-12,2.3145890225836795e-10,0.9999795680395122,2.043172670212413e-5
22912,4.599046712480577e-12,8.057324321419552e-10,0.9999780777364145,2.1921453254029526e-5
22913,1.4553292885183258e-12,2.0289121858947615e-10,0.9999898996369578,1.0100158695689473e-5
22914,2.8782524235903105e-12,6.104341304852779e-10,0.9999783895851143,2.160980157322005e-5
22915,1.267848372729472e-11,4.2887498129039746e-10,0.9999446420645984,5.5357493848153484e-5
22916,4.29327239150065e-12,3.535938585714981e-10,0.9999339567653865,6.604287672621031e-5
22917,1.6195697838415735e-11,7.362574380341722e-10,0.9998761037744893,1.2389547305737155e-4
22918,9.736874464957395e-12,9.521549384474057e-10,0.9998993249192022,1.0067411890609099e-4
22919,3.5090530050781716e-12,1.334523526464669e-9,0.9998985875380487,1.0141112391886768e-4
22920,2.8631012139764363e-12,2.8671819551039804e-10,0.9999595001332426,4.049957717620129e-5
22921,6.546550594393186e-12,3.618970477346598e-10,0.9999499088315644,5.0090799991945094e-5
22922,4.702397754511776e-12,4.588044136861185e-10,0.9999488071989113,5.119233758198816e-5
22923,3.3298050050911216e-12,5.549847989281502e-10,0.9999321630669725,6.783637471275764e-5
22924,5.772704425545514e-12,2.7305369954080613e-10,0.9999659942551011,3.400546607245713e-5
22925,7.194596844517655e-12,4.528751115786011e-10,0.999923089896196,7.690964373419685e-5
22926,3.662221115931594e-12,2.893701530009922e-10,0.9999590780188741,4.092168809358712e-5
22927,2.532494232265079e-12,2.3051274607908225e-10,0.9999581506505587,4.184911639603022e-5
22928,8.604846706603734e-12,3.096513016949233e-10,0.9999558544057147,4.4145276029177215e-5
22929,2.776479305205063e-12,3.203422456813459e-10,0.9999597203310259,4.027934585551466e-5
22930,1.0784610415520884e-12,1.8837018279659626e-10,0.9999683516212253,3.1648189325877166e-5
22931,1.80753361604625e-12,1.9338072630414136e-10,0.9999790541717911,2.09456330207417e-5
22932,4.356526816632101e-12,3.974088651869623e-10,0.9999176547479108,8.234485032384349e-5
22933,3.984407653839279e-12,3.065239315286267e-10,0.9999674684986593,3.2531190832407586e-5
22934,2.467722156042862e-12,1.753746114505844e-10,0.9998235343500678,1.7646547208981104e-4
22935,2.417098857157674e-12,2.0420966835201837e-10,0.99991914545722,8.085433615321882e-5
22936,7.623982800127743e-12,3.181541692003315e-10,0.9997944699714004,2.055297028213397e-4
22937,8.028600210434066e-12,3.0484735772256344e-10,0.9998593015053114,1.4069818181279624e-4
22938,7.054004891779588e-12,3.2517108258963716e-10,0.9998411298423152,1.588698254595377e-4
22939,2.9989248432376744e-12,1.424404338312426e-10,0.9998948007928079,1.0519906175261898e-4
22940,2.3938535062044523e-12,8.647859722358126e-11,0.9999462457726338,5.3754138493898404e-5
22941,2.131839403790777e-12,1.5843235974662086e-10,0.9999096362660177,9.036357341808862e-5
22942,1.455034093145843e-12,2.1729554417157044e-10,0.99991887547145,8.112430979951339e-5
22943,2.4419300742338247e-12,3.4355908808649713e-10,0.9998291515804629,1.7084807353598695e-4
22944,4.4276147251280634e-12,2.5277296917762576e-10,0.9998160814905156,1.8391825228367313e-4
22945,4.58173473989934e-12,8.201402424732042e-10,0.9997434511833614,2.5654799191646166e-4
22946,3.3368349489048016e-12,1.9132215821062183e-10,0.9998874999524194,1.1249985292156327e-4
22947,1.0906261490556954e-11,1.268187143048484e-9,0.9996396474717469,3.6035124915980403e-4
22948,5.681697747417697e-12,2.1667854800738583e-10,0.9998651530895367,1.3484668810297934e-4
22949,1.902643951888226e-12,2.028576580187917e-10,0.9999156315533021,8.436824193754011e-5
22950,4.832102730467825e-12,2.5432383470194013e-10,0.9998558147332339,1.4418500761015753e-4
22951,4.962838680856794e-12,5.342665028273764e-10,0.9998572585589421,1.4274090182853894e-4
22952,5.611442856996716e-12,3.221450366758169e-10,0.9997400357408937,2.599639313497541e-4
22953,4.717637733244417e-12,4.825259031465345e-10,0.9999807395967221,1.9259916034344583e-5
22954,1.7974165561546687e-12,3.6140348987744275e-10,0.9999887700262963,1.1229610502635554e-5
22955,5.820534159821675e-12,1.1230675784866482e-9,0.9999819546895665,1.804418154534326e-5
22956,6.4548247737649516e-12,4.066425354480777e-10,0.9999794506057357,2.0548981167020176e-5
22957,3.5504274013144857e-12,1.99725798948938e-10,0.9999893664136928,1.063338303095173e-5
22958,6.92075465652585e-12,4.0768221908375266e-10,0.9999843725200199,1.562706537713999e-5
22959,1.1894198573941702e-12,1.9725145627594735e-10,0.9999902408113941,9.75899016501825e-6
22960,6.881910658524694e-12,5.489513478376044e-10,0.999986681409986,1.3318034180711792e-5
22961,1.8017335962295384e-12,3.2833937330626734e-10,0.9999897736959908,1.0225973867850453e-5
22962,1.8018155645958535e-12,1.8249672371024472e-10,0.9999953828276077,4.61698809369812e-6
22963,3.0391658764282343e-12,3.5636711665439705e-10,0.9999799448348506,2.0054805743159545e-5
22964,1.4084027748969479e-12,1.2569789408444718e-10,0.9999934872421266,6.512630767110488e-6
22965,4.772453773030365e-12,3.4608975183624657e-10,0.9999909431077029,9.05654143487438e-6
22966,2.089995801333095e-12,1.6719996780645334e-10,0.9999940862299104,5.913600799564835e-6
22967,1.4429225158512004e-12,5.345323229726273e-10,0.9999911357886013,8.863675423468494e-6
22968,3.915076020969687e-12,3.2497092060044863e-10,0.999988642737493,1.1356933620995891e-5
22969,5.774787779511521e-12,2.0293406992376667e-10,0.9999909221939464,9.07759734464956e-6
22970,4.081254062607917e-12,4.816429179486207e-10,0.9999885407367671,1.1458777508827196e-5
22971,1.934374095985023e-12,1.7293058539540323e-10,0.9999940154441718,5.984380963454206e-6
22972,6.610620875724384e-12,6.003767328286975e-10,0.9999638342063495,3.616518666320131e-5
22973,2.918000401899233e-12,7.198159734731153e-10,0.9999206898386787,7.930943858726458e-5
22974,2.453449612217293e-12,2.205082509555182e-10,0.9999645018853649,3.5497891673401676e-5
22975,4.236268741070228e-12,3.12701705921385e-10,0.999977489428557,2.2510254505000838e-5
22976,1.1654386259319758e-12,1.8256001393214995e-10,0.9999804956209511,1.9504195323497707e-5
22977,3.983146133313055e-12,4.147720047374464e-10,0.9999574021912057,4.25973900391283e-5
22978,1.3497642191964965e-12,3.988511200335156e-10,0.9999788340244214,2.1165575377503436e-5
22979,2.728516821270477e-12,5.075022396919897e-10,0.9999695040805908,3.0495409178569593e-5
22980,1.1842484862760385e-11,9.700149071622713e-10,0.9999432622156883,5.673680245428453e-5
22981,4.345760129055752e-12,3.101463931506501e-10,0.9999765537397862,2.344594572167964e-5
22982,5.156466570999628e-12,2.0178202222517605e-10,0.9999381894373128,6.181035574855672e-5
22983,1.614121848312267e-11,8.767938267990174e-10,0.9999245644770886,7.543462997651285e-5
22984,1.3850989524321249e-12,3.53203971500553e-10,0.9999762895806471,2.3710064763839438e-5
22985,1.175519619706519e-11,5.389742226015339e-10,0.9999306108733407,6.93885759299197e-5
22986,1.128961007088445e-11,7.840314486940866e-10,0.999944470410787,5.552879389175326e-5
22987,2.4511822034344516e-12,2.9562574301257384e-10,0.9999487988341776,5.1200867745339896e-5
22988,2.764039547018594e-12,2.0270764594706402e-10,0.9999824020039263,1.7597790602173895e-5
22989,9.149856310672282e-12,4.013061638666572e-10,0.9999512266320336,4.8772957510293886e-5
22990,5.7266142411825556e-12,7.89141849582106e-10,0.9999374752083701,6.252399676138637e-5
22991,1.4045865459443191e-11,7.027936816644114e-10,0.9999590339844547,4.0965298705609196e-5
22992,4.910004115611886e-12,6.147743339055925e-10,0.9999798027631361,2.0196617179316366e-5
22993,2.5813554520156098e-12,1.2832015544403768e-10,0.9999891900295717,1.0809839526977085e-5
22994,8.974607451887467e-12,5.680554424902077e-10,0.9999804162831782,1.958313979177911e-5
22995,3.0466245873660166e-12,5.147817227878804e-10,0.9999862014286294,1.37980535422932e-5
22996,4.844823043960107e-12,2.528795440727682e-10,0.9999862492145215,1.3750527754272074e-5
22997,4.466081801554788e-12,4.5938490500349127e-10,0.9999848372878334,1.5162248315596016e-5
22998,6.206826680228261e-12,5.638368276791916e-10,0.9999615201789714,3.847925098505652e-5
22999,4.927448119282761e-12,2.086861592126689e-10,0.9999892195939966,1.078019238974848e-5
23000,2.6794118480209353e-12,2.565855886623521e-10,0.9999905078033552,9.491937379767279e-6
23001,2.682353997746274e-12,3.871086557640243e-10,0.999987455434084,1.2544176124974325e-5
23002,2.2414188251833357e-12,2.9271212735879927e-10,0.9999891687546943,1.08309503520309e-5
23003,7.52892571941749e-12,1.929503464411801e-10,0.9999867171199731,1.3282679547655044e-5
23004,2.1077495347220083e-12,3.193789155531597e-10,0.9999898613539574,1.0138324555961611e-5
23005,1.0454384357901044e-11,8.153690330575551e-10,0.9999713493145569,2.8649859619485457e-5
23006,1.2310354941149407e-12,8.716853581160485e-11,0.9999947464331402,5.253478460382382e-6
23007,9.171508337828776e-13,3.256549426947609e-10,0.9999941456455379,5.854027889864565e-6
23008,1.949048347607506e-12,2.7991947833553757e-10,0.999990838772026,9.160946105459712e-6
23009,4.655952539035039e-12,2.4114757958531085e-10,0.9999777548678029,2.2244886393516528e-5
23010,7.138503684581766e-12,4.2813641572737216e-10,0.9999710575443254,2.894202039974387e-5
23011,2.4856061007832856e-12,1.4874490193330186e-10,0.9999797032681178,2.029658065174809e-5
23012,4.835371734846215e-12,1.562570154779004e-10,0.9999728194553772,2.7180383530468835e-5
23013,2.2704586828020516e-12,2.1297034622223928e-10,0.9999793604397199,2.0639345039414094e-5
23014,2.878474612698158e-12,1.9315118281954237e-10,0.9999746865099863,2.5313293983994456e-5
23015,3.118893648395642e-12,1.734021254744075e-10,0.999981958667748,1.8041155731135997e-5
23016,4.875570010042265e-12,4.96533565368575e-10,0.9999750629626399,2.493653595088975e-5
23017,1.6601291049953881e-12,1.3658108511386873e-10,0.999988049226759,1.1950634999598098e-5
23018,5.45826318699974e-12,2.5101556526809856e-10,0.9999807669021696,1.92328413564535e-5
23019,1.73416479583895e-12,2.09569255181483e-10,0.9999793557169058,2.0644071790684784e-5
23020,4.723145663234347e-12,2.3057109254052608e-10,0.99996875433716,3.1245427545788625e-5
23021,1.0531901561749237e-11,6.640122905597215e-10,0.9999601976411322,3.98016843236363e-5
23022,3.4829120776839185e-12,3.119353549047037e-10,0.999937422833886,6.257685069589087e-5
23023,4.71274161737951e-12,2.713936466264385e-10,0.9999737666838066,2.6233040087008492e-5
23024,7.676458656329359e-12,5.759491626230969e-10,0.9999644210511914,3.557836518283574e-5
23025,1.8294535254774036e-12,3.0089206261987736e-10,0.9999801001220809,1.9899575197486965e-5
23026,7.001588785319525e-12,3.0084768122873653e-10,0.9999681581892941,3.184150285661198e-5
23027,4.618987274725632e-12,4.5027374529521344e-10,0.9999630724599404,3.692708516688388e-5
23028,5.7763498658712594e-12,7.128899002884586e-10,0.9999448528445927,5.5146436740973414e-5
23029,1.0482165910381399e-12,1.498093019160177e-10,0.9999915450342796,8.454814862899047e-6
23030,4.81370653067667e-12,4.1708959382346334e-10,0.9999655153756724,3.448420242435543e-5
23031,2.383807574830252e-12,3.346257556519387e-10,0.9999770924981343,2.2907164856211855e-5
23032,4.729572374668471e-12,1.2122787416288103e-9,0.9999703593929086,2.9639390083160243e-5
23033,4.816830774150721e-12,4.6472526705039716e-10,0.9999753730514511,2.462647900670951e-5
23034,3.2797684189944367e-12,4.886119241424633e-10,0.9999719630769363,2.8036431172086794e-5
23035,4.493416565470521e-12,7.069500317028849e-10,0.9999697153915253,3.0283897031291947e-5
23036,3.6574551393200664e-12,7.941223444815029e-10,0.9999745332912612,2.546591095913153e-5
23037,5.4036659368341614e-12,5.055338056396706e-10,0.9999767661741569,2.3233314905649713e-5
23038,4.414474717438962e-12,3.848152094317724e-10,0.9999853597539935,1.4639856776946016e-5
23039,8.691853896227276e-12,6.75451719719862e-10,0.999961407957239,3.859135861738618e-5
23040,3.966306768562738e-12,5.431094101561284e-10,0.9999610362208787,3.896323204543406e-5
23041,4.3513916926959446e-12,3.9550424301848436e-10,0.9999854576824879,1.4541917656359865e-5
23042,3.3373816435592795e-12,2.895624954855633e-10,0.999980161536224,1.983817087618782e-5
23043,4.212369988655273e-12,4.960882433790435e-10,0.9999727062224247,2.7293277274783464e-5
23044,1.5259014480222334e-12,2.456964297638011e-10,0.9999872255182451,1.2774234532464164e-5
23045,3.4563102101128015e-12,5.933444283046083e-10,0.9999710568917489,2.8942511450350887e-5
23046,4.658432502472595e-12,2.5120475656133433e-10,0.9999859889289838,1.4010815152759803e-5
23047,2.6782418812900704e-12,4.171370234256676e-10,0.999982204641906,1.7794938278618026e-5
23048,5.028109575448249e-12,2.6863535016064316e-10,0.9999801460845208,1.985364181570891e-5
23049,4.9054130795393725e-12,7.737864605952325e-10,0.9999232203075754,7.677891373264383e-5
23050,3.284472458236887e-12,4.504838676908268e-10,0.9999732032931179,2.679625311365741e-5
23051,7.1251017919264145e-12,5.131679927362138e-10,0.9999564313902171,4.3568089489908356e-5
23052,3.8020825177313274e-12,8.473541193468232e-10,0.9999675865203405,3.24126285032961e-5
23053,5.865989004796121e-12,3.2458847470261057e-10,0.9999605624734742,3.9437196071367715e-5
23054,4.711295930778918e-12,1.8831670610678297e-10,0.9999799944280321,2.000537893997819e-5
23055,2.017948199348308e-11,7.267309119912793e-10,0.9999402843884874,5.971486460239587e-5
23056,3.3526124044745462e-12,5.101872493527529e-10,0.9999661441205764,3.3855365883908654e-5
23057,7.7850392822677e-12,1.2243071940018626e-9,0.9999400460308255,5.995273708225332e-5
23058,2.456995553428743e-12,3.057620020764716e-10,0.9999793148020292,2.0684889751837424e-5
23059,5.416463121075861e-12,5.271516129734162e-10,0.9999655633703328,3.443609709911686e-5
23060,4.6635791762927215e-12,4.014819153528489e-10,0.9999541727896678,4.5826804186680516e-5
23061,3.92397054076921e-12,2.6760610792449446e-10,0.9999816382944849,1.836143398499197e-5
23062,6.598328981098579e-12,5.774765376038824e-10,0.9999409204170544,5.907899887061768e-5
23063,1.6359559779624572e-12,1.36658020617089e-10,0.9999817409403995,1.825892130642118e-5
23064,2.9517158771590596e-12,2.6009961206052245e-10,0.9999718101536499,2.8189583298896814e-5
23065,3.906607236359295e-12,6.381118000863766e-10,0.9999708282274103,2.917113057138314e-5
23066,4.3321499798748054e-12,9.556982136979101e-10,0.9999501954312238,4.98036087457655e-5
23067,4.019660509497809e-12,3.592926568652588e-10,0.9998923273857793,1.0767225090846543e-4
23068,3.273757621325376e-11,1.11238840349114e-9,0.9997869329161113,2.130659387627522e-4
23069,2.958290734275337e-12,4.2892716927758517e-10,0.9999122046068993,8.779496121530277e-5
23070,3.720003123958603e-12,6.021472168984549e-10,0.9999163954794409,8.360391469163146e-5
23071,2.7098387139414254e-12,4.091030798488752e-10,0.9999250801099261,7.491947826120426e-5
23072,5.3052800620260564e-12,3.0049923964710404e-10,0.999948503119198,5.149657499752357e-5
23073,2.490362505614674e-12,2.088598511173046e-10,0.9999245813137028,7.541847494702191e-5
23074,8.649795417395329e-12,3.854559021753259e-10,0.9998763667415186,1.2363286437565255e-4
23075,3.82630329137842e-12,3.3281436037090866e-10,0.9999177298780955,8.226978526368044e-5
23076,7.878106766721288e-12,3.410885090404599e-10,0.9998950566777604,1.0494297327288786e-4
23077,1.9486264742491426e-11,6.898858166926364e-10,0.999806519476296,1.9347981433194203e-4
23078,2.960535653033388e-12,2.532148990066748e-10,0.9999389681260346,6.103161779002176e-5
23079,5.146605496745382e-12,2.877327077061046e-10,0.9999211323560291,7.886735109156068e-5
23080,7.315597894192236e-12,5.983203589146546e-10,0.9999282841464807,7.171524788330755e-5
23081,2.737212195012402e-12,2.8791371647265916e-10,0.9999146624705697,8.533723877938079e-5
23082,1.0297886780102108e-11,1.3425569533896507e-9,0.99987296234565,1.2703630149502534e-4
23083,5.543930376382453e-12,6.493433568480984e-10,0.9999084206054422,9.157873967053884e-5
23084,3.3834935362650183e-12,4.873366894497859e-10,0.9999410446487972,5.8954860482446796e-5
23085,5.8762356949421645e-12,4.938310695926732e-10,0.9997898799335154,2.1011956677713614e-4
23086,4.417407019232255e-12,4.870201792750755e-10,0.9999733060843886,2.6693424173781765e-5
23087,1.1264738203369492e-12,3.573525089730806e-10,0.9999772528346661,2.2746806854835835e-5
23088,4.162315790005601e-12,1.2017714023063773e-10,0.9999804607964851,1.9539079175568974e-5
23089,6.219749054390231e-12,5.474815958750986e-10,0.9999751498830446,2.4849563254213397e-5
23090,8.328008915188449e-13,1.738309124282977e-10,0.999979923385765,2.00764395712938e-5
23091,3.2927569861429715e-12,3.736105095257525e-10,0.9999756993443613,2.4300278735275564e-5
23092,2.7886515725030834e-12,2.1904410185447293e-10,0.9999839225457147,1.6077232452494823e-5
23093,3.367348565290406e-12,2.4627074329512335e-10,0.9999680665764895,3.193317387234217e-5
23094,8.539731959974065e-12,5.794637459044803e-10,0.9999720942183465,2.7905193649958504e-5
23095,2.8606392050468278e-12,3.268033909675546e-10,0.9999590767436828,4.0922926652967425e-5
23096,3.7844934212267015e-12,1.4408086592262504e-10,0.999982200786246,1.779906588876847e-5
23097,4.152989662169213e-12,2.3664366999344173e-10,0.9999833799629586,1.661979624472159e-5
23098,4.047717483263273e-12,2.8405166711644064e-10,0.9999660020456044,3.399766629620084e-5
23099,3.4719947927720207e-12,3.105807662778335e-10,0.9999706151819331,2.93845040143108e-5
23100,2.026699133253378e-12,1.7232628897094263e-10,0.9999845747761691,1.542504947804865e-5
23101,4.1668894152849094e-12,7.043917382605817e-10,0.9999589379610934,4.106133034816775e-5
23102,1.6661155078993424e-12,1.0897037145030014e-10,0.999983550164778,1.644972458542248e-5
23103,2.066813338220953e-12,1.8775589914577181e-10,0.9999837224831456,1.6277327031794352e-5
23104,1.6512932543589357e-12,3.4471893789888944e-10,0.9999797848366712,2.0214816958641924e-5
23105,7.833741345964825e-13,1.4480366251228977e-10,0.9999943836606775,5.616193735634669e-6
23106,4.03903873042927e-12,5.820724323765904e-10,0.9999833572509976,1.664216289085003e-5
23107,1.366326456127031e-12,9.085517913860944e-11,0.9999953422854448,4.6576223336284134e-6
23108,3.272650757204734e-12,3.5685028246171904e-10,0.9999829003857573,1.709925411973152e-5
23109,1.0667804730498992e-12,2.662217077889872e-10,0.9999922057388932,7.793993818282207e-6
23110,3.0941830497196724e-12,1.2605337871030104e-10,0.9999929846632472,7.015207605347971e-6
23111,1.5194554240438986e-12,3.3217935795247655e-10,0.9999891996974217,1.0799968879489861e-5
23112,1.4772911870427201e-12,1.471620379485679e-10,0.9999958541389424,4.145712418166416e-6
23113,2.1480006730207863e-12,3.061305163119292e-10,0.9999909683695928,9.03132212856914e-6
23114,9.779269622082705e-13,2.136666942455381e-10,0.9999944428046728,5.5569806826943395e-6
23115,1.7919511339218932e-12,4.420875752430215e-10,0.9999905960796336,9.403476487125123e-6
23116,6.253123158809622e-12,1.3165356770223316e-9,0.9999751763465738,2.4822330637455637e-5
23117,1.6441007427590896e-12,1.9869340460848284e-10,0.999992101398497,7.898401165592519e-6
23118,7.807648446974591e-13,9.962507081836744e-11,0.999993135034283,6.864865311146587e-6
23119,1.1945455959051075e-12,2.6696621551856646e-10,0.9999902155895042,9.784142334944974e-6
23120,5.845059426430632e-12,4.2859161786940396e-10,0.9999826086038163,1.739096174704512e-5
23121,4.513605028700482e-12,4.6140206041911717e-10,0.9999851039330351,1.4895601049309879e-5
23122,1.9107974134214182e-12,2.318471000408744e-10,0.9999918955193062,8.104246935641227e-6
23123,1.3387599939631705e-12,3.4446116048403633e-10,0.9999843831430251,1.561651117498714e-5
23124,2.6005422981104948e-12,5.521966886437076e-10,0.9999866452256224,1.3354219580302318e-5
23125,2.656022800812606e-12,5.39884565887308e-10,0.9999908660013351,9.133456124286696e-6
23126,2.3954672198350286e-12,3.033383262213597e-10,0.9999937025283422,6.297165924090384e-6
23127,1.770385117369077e-12,1.341438474146328e-10,0.999994891596432,5.108267653930852e-6
23128,4.607465850141949e-12,3.4708996090049587e-10,0.9999886442927384,1.1355355564285304e-5
23129,3.892345927489174e-12,6.608255454582015e-10,0.9999834914593504,1.6507875931623868e-5
23130,3.8828273644387074e-12,8.190588441552166e-10,0.9999833877811959,1.661139586241879e-5
23131,9.836668677729084e-13,2.243056007010008e-10,0.9999958496763729,4.150098337809759e-6
23132,4.598485989340613e-12,4.0856834508712873e-10,0.9999923966721047,7.602914728452574e-6
23133,1.0334148652048108e-12,1.8429316310000705e-10,0.9999952511712307,4.7486434426390774e-6
23134,7.297409642093159e-13,1.7508437551516103e-10,0.9999949677055998,5.0321185860837435e-6
23135,1.4343922672860981e-12,3.0690870635149437e-10,0.9999944883260233,5.511365633453788e-6
23136,1.9222516336596956e-12,1.6274859330516682e-10,0.9999913914114341,8.608423894915252e-6
23137,1.5207583809275696e-12,3.3500876914958297e-10,0.9999887357074503,1.1263956020309603e-5
23138,1.2393586638171627e-12,2.980452057414188e-10,0.9999927749997256,7.224700989655442e-6
23139,2.3205248936449817e-12,3.787848403745811e-10,0.9999909346595672,9.064959327326951e-6
23140,2.827635929927449e-12,8.074122482198476e-10,0.9999898233715884,1.0175818171797629e-5
23141,1.775176524102322e-12,5.582269266601879e-10,0.9999898526698044,1.0146770193296092e-5
23142,1.2969906704827452e-12,1.2107751174974004e-10,0.999993118947927,6.880929698462952e-6
23143,3.393696998584246e-12,5.758593488835616e-10,0.9999962827403988,3.716680348235652e-6
23144,1.0190339365258567e-12,4.774780295766348e-10,0.9999958650314232,4.134490079665571e-6
23145,1.1521476616722553e-12,4.103908093304744e-10,0.9999958052069631,4.194381494137073e-6
23146,1.0920150210890692e-12,5.423372510918195e-10,0.9999974731880209,2.5262685497423257e-6
23147,3.0807043194955364e-12,3.539677164157351e-10,0.9999937543728563,6.245270095274779e-6
23148,1.993834531929106e-12,8.055664693908501e-10,0.9999957654733088,4.233719130927779e-6
23149,5.873731166085408e-12,9.003452447036418e-10,0.9999864780486228,1.3521045158064689e-5
23150,2.856032382146263e-12,7.591135856237966e-10,0.9999934062167818,6.593021248532481e-6
23151,1.465286877849602e-12,1.2596503612553108e-10,0.9999981064255776,1.893446991974758e-6
23152,1.5039180021921399e-12,1.8033481873559902e-10,0.999995526606676,4.473211485083987e-6
23153,3.1351189842152467e-12,4.94841788082094e-10,0.999993130512712,6.868989311146687e-6
23154,1.5579366665721762e-12,3.5492473604595613e-10,0.9999959887599111,4.0108836061848e-6
23155,8.568472157127858e-12,1.1634577667820243e-9,0.9999920866218027,7.912206170957415e-6
23156,3.246075248379937e-12,2.446264913854327e-10,0.9999944290008184,5.570751309066357e-6
23157,2.304730577067716e-12,1.0430131165746541e-9,0.9999943397568017,5.659197880342363e-6
23158,2.7986059606396005e-12,3.2989167692757226e-10,0.9999958179078543,4.181759455471372e-6
23159,2.160829988526386e-12,2.880103063599331e-10,0.99999678945843,3.210251399002513e-6
23160,1.4838314132982842e-12,2.9669556119053654e-10,0.9999950142775856,4.985424235108419e-6
23161,2.1736132640770682e-12,4.024192310203272e-10,0.9999964035384454,3.5960569615759564e-6
23162,8.941305219663068e-12,7.761119393034618e-10,0.99994004762802835,5.995158691847158e-5
23163,5.873803911044377e-12,7.473408564446944e-10,0.999944216224954,5.578302183131669e-5
23164,2.941686419278159e-12,2.758425083698129e-10,0.9999845484069971,1.5451314218691764e-5
23165,1.4057934097808525e-12,2.987343537606263e-10,0.9999611535486167,3.8846151243057114e-5
23166,6.823092377975792e-12,3.7031282538353434e-10,0.9999665550898484,3.3444533015720564e-5
23167,5.830821918303625e-12,4.339848606591556e-10,0.9999510806343135,4.8918925870752084e-5
23168,5.200015080733695e-12,1.6359406526520707e-10,0.9999723647072406,2.7635123965268107e-5
23169,3.0032653680787417e-12,2.7098653202673737e-10,0.9999805994324835,1.9400293526813523e-5
23170,3.179504596014428e-12,3.113711783702886e-10,0.9999721885617742,2.7811123675043424e-5
23171,4.592660145792696e-12,3.626075837012176e-10,0.9999740544500404,2.594518275928758e-5
23172,4.1441700937721925e-12,3.0066154462737145e-10,0.9999776694339508,2.2330261243444725e-5
23173,1.8278563024036093e-12,2.4234204761805324e-10,0.9999673361507444,3.2663605085639785e-5
23174,7.2392117918956184e-12,4.5544102000511293e-10,0.9999659645349518,3.4035002368122004e-5
23175,4.387395946543665e-12,3.403626707027428e-10,0.999960527583146,3.947207210373244e-5
23176,3.4732380466073724e-12,8.908833022051738e-10,0.9999405451204635,5.945398518005255e-5
23177,2.26719260509296e-12,2.484400915565478e-10,0.9999868989194761,1.310082981665309e-5
23178,5.0069437863805074e-12,9.032629405380914e-10,0.9999594169064436,4.0582185286352584e-5
23179,3.464593781319354e-12,5.798586144997357e-10,0.9999640983169171,3.5901099759598166e-5
23180,1.938293957194194e-12,2.708811902037369e-10,0.9999832334797185,1.6766247462150755e-5
23181,7.124882692433086e-12,6.801476887829727e-10,0.9998494676592562,1.5053165347121144e-4
23182,2.919539626056769e-11,1.2008113167078857e-9,0.9998198907611127,1.8010800888054658e-4
23183,9.17717592694266e-12,4.929520097928579e-10,0.9998618474177833,1.3815208008755044e-4
23184,6.022179561971122e-12,2.982373108254164e-10,0.9999229186941162,7.708100162416268e-5
23185,6.5498255713743685e-12,1.6915738559598345e-10,0.9998933346700428,1.0666515425012408e-4
23186,1.0980407495513603e-11,2.4101815250376796e-10,0.9998832852222271,1.1671452577425945e-4
23187,4.6797075892128696e-12,3.3821628123190873e-10,0.9999037541571341,9.62454999698671e-5
23188,1.880909478244932e-11,7.867084392864565e-10,0.9998450773723319,1.549218221504156e-4
23189,9.026515432601993e-12,3.313050498368634e-10,0.9998680553492979,1.3194431037049585e-4
23190,5.509430578095322e-12,1.8148859709264828e-10,0.9999380953833721,6.190442962994784e-5
23191,1.9047197573341057e-11,6.007477624888934e-10,0.9998262453795564,1.7375400064868936e-4
23192,1.6785354295733077e-11,7.969366612182569e-10,0.9996926216111076,3.073775751703626e-4
23193,1.1364339942982698e-11,5.242883226268281e-10,0.9998529417746244,1.4705768972309453e-4
23194,1.4667951521062525e-11,6.622433911594723e-10,0.9998664878374481,1.335114856405987e-4
23195,8.839792135561514e-12,4.023007793206055e-10,0.9999161450109578,8.385457790165661e-5
23196,9.408927233139758e-12,5.61162193190993e-10,0.9998982636700936,1.0173575933538624e-4
23197,1.446813993776803e-11,3.4582422118396375e-10,0.9998454468903092,1.5455274939848694e-4
23198,7.372933597559252e-12,2.9996740302415526e-10,0.999903395910615,9.660378204464636e-5
23199,2.8097128527843825e-11,2.971576449070465e-10,0.9998563861681093,1.4361350663572104e-4
23200,4.133139263822529e-12,3.6282180676457634e-10,0.9999859004687476,1.4099164297478176e-5
23201,4.538179264090834e-12,4.1934802354914205e-10,0.9999861739451572,1.3825630956597864e-5
23202,6.400431396007563e-12,7.456352824395965e-10,0.9999753882881639,2.4610959800268665e-5
23203,2.125819221829525e-12,5.183126159448336e-10,0.9999895016323604,1.0497847201142407e-5
23204,2.5518318571115495e-12,4.929667937634583e-10,0.9999857695723678,1.422993211344435e-5
23205,3.4541496112618693e-12,2.6714271033411484e-10,0.9999864640709868,1.3535658416373997e-5
23206,1.3488685331263319e-11,1.5424211885787497e-9,0.999946304590897,5.369385319325661e-5
23207,1.5235120360919255e-12,2.0585502577069254e-10,0.9999919756687833,8.024123838301165e-6
23208,2.312971425246251e-12,3.04336418391105e-10,0.999985664974577,1.4334718773734063e-5
23209,4.274044254967952e-12,4.501982605738886e-10,0.999984410986829,1.5588558698686863e-5
23210,3.2518988455113226e-12,3.0208456483843345e-10,0.999987425268318,1.2574426345673331e-5
23211,4.206271537924876e-12,6.92778046104505e-10,0.9999823025120296,1.769679098604789e-5
23212,2.4141437039313057e-12,3.920849556995257e-10,0.9999872676203806,1.2731985120135327e-5
23213,1.5130522591554034e-12,2.6684510922910933e-10,0.9999874516006413,1.2548131000550877e-5
23214,3.953286056044627e-12,1.2875320157694178e-10,0.9999915691905863,8.430676707201087e-6
23215,2.6046695236691708e-12,3.397216014137648e-10,0.999980679406971,1.9320250702686368e-5
23216,2.7695701747195656e-12,3.1738685210831283e-10,0.999987596119441,1.2403560402517155e-5
23217,2.664621914794809e-12,4.949491620387438e-10,0.9999816880119747,1.831149041157887e-5
23218,3.9405108454769334e-12,6.753151986958926e-10,0.9999778010109712,2.219830977291782e-5
23219,6.028426917590516e-12,3.0049917806632833e-10,0.9998893598119055,1.1063988156695386e-4
23220,6.558415944022698e-12,2.5253273217387203e-10,0.9999645668626893,3.543287821962392e-5
23221,1.446264545501953e-11,2.863029157269545e-10,0.9999263170014037,7.368269783079517e-5
23222,1.7156028553827679e-12,1.6778638723693682e-10,0.9999638827158582,3.611711463972437e-5
23223,3.703135513386807e-12,4.380852110557162e-10,0.9999415694262941,5.843013191772608e-5
23224,1.973264784275974e-12,2.3717265571009905e-10,0.999949365308054,5.0634452800224375e-5
23225,7.1552337246445726e-12,6.941172939973431e-10,0.9999273587169701,7.264058175743028e-5
23226,4.83971024542921e-12,3.517758718402978e-10,0.9999465765244775,5.342311890672124e-5
23227,5.892185494906967e-12,2.8704570538369735e-10,0.999941235589435,5.876411762688359e-5
23228,4.327004591601403e-12,3.0665467645777137e-10,0.9999255794139283,7.44202750900023e-5
23229,2.6789923800152024e-12,2.000776442921728e-10,0.9999656444603183,3.435533692516066e-5
23230,5.822780085756151e-12,5.591317772599755e-10,0.9999278221543443,7.217728070100733e-5
23231,4.210597822030602e-12,4.880192908202687e-10,0.9999303535747942,6.964593297585972e-5
23232,3.869379049971283e-12,2.7945778766038004e-10,0.9999728226668206,2.717704985216898e-5
23233,3.432590858314245e-12,3.56481659257062e-10,0.9999302995575889,6.970008249676285e-5
23234,5.945353921043413e-12,2.595389377936307e-10,0.9999277739611301,7.222577338562534e-5
23235,2.6174477854448276e-12,1.693890989998852e-10,0.9999404991603377,5.950066765586017e-5
23236,5.032203605965844e-12,1.1256270963435988e-10,0.9999665563945048,3.344348790032832e-5
23237,4.9281624121032704e-12,6.875056867287051e-10,0.9999063365444432,9.366276312292725e-5
23238,3.1823994983152847e-12,7.860407407249596e-10,0.9999796459309729,2.0353279803998516e-5
23239,6.556693641744674e-12,1.3912626369427311e-9,0.999973348598291,2.665000388975535e-5
23240,4.254102425983796e-12,1.1130608481549916e-9,0.9999730065198659,2.6992362819326983e-5
23241,4.480381429327833e-12,2.7922638845838104e-10,0.9999865773730655,1.34223432276668e-5
23242,8.396805353582599e-12,5.360851193529601e-10,0.9999766632777464,2.3336177771645303e-5
23243,3.1652981684446995e-12,2.390113652059779e-10,0.9999870467318488,1.2953025974502356e-5
23244,5.842099341612625e-12,7.066872539662958e-10,0.9999716482555162,2.8351031954314788e-5
23245,5.480998775815084e-12,3.527189086586589e-10,0.9999831597298566,1.6839911943486186e-5
23246,3.6202603381135753e-12,6.163020042333832e-10,0.9999810710621965,1.8928317881110227e-5
23247,5.681513497710358e-12,3.353578957326115e-10,0.9999784078324625,2.159182649817312e-5
23248,3.6050881549519928e-12,7.995244494722427e-10,0.9999796419924805,2.0357204389914673e-5
23249,2.217349858430283e-12,5.371404456283234e-10,0.9999896782745762,1.0321186065943186e-5
23250,3.778490143192137e-12,2.8853799804501306e-10,0.9999879415123226,1.2058195361079905e-5
23251,3.3301445272533276e-12,5.224297408199562e-10,0.9999816034717571,1.8396002482876058e-5
23252,5.74422963747316e-12,9.194536257354734e-10,0.9999734769970765,2.652207772577737e-5
23253,2.1325513664185075e-12,3.6818719518692174e-10,0.9999903247168882,9.67491279194995e-6
23254,3.0079610599474497e-12,1.9869801829305396e-10,0.999988190582878,1.1809215415997275e-5
23255,5.79068177163244e-12,5.20823484683672e-10,0.9999832441490014,1.6755324384587992e-5
23256,4.205414396730751e-12,3.0132274713649857e-10,0.9999735914341426,2.640826032925386e-5
23257,1.4826041784762663e-11,1.5917976537133239e-9,0.999948711515202,5.1286878174272324e-5
23258,5.61156989477808e-12,1.7629080012732917e-10,0.9999852883798902,1.4711438207497803e-5
23259,2.092510381941177e-12,2.9684754606675077e-10,0.9999822708069506,1.7728894109448237e-5
23260,3.004063152017692e-12,1.082535567637085e-10,0.9999918163517676,8.18353697472027e-6
23261,3.3807397867203813e-12,5.130925797643982e-10,0.9999832167484186,1.678273510814833e-5
23262,1.156856790318553e-11,5.357930201799469e-10,0.9999720123218425,2.7987130795896095e-5
23263,5.014186605080767e-12,4.149819296619856e-10,0.9999820401844407,1.7959395563183373e-5
23264,1.7701370493377259e-12,5.986625148384918e-10,0.9999797805336413,2.0218865925933834e-5
23265,5.450023667875572e-12,2.2782352047159447e-10,0.9999855064063345,1.4493360391982087e-5
23266,6.9398370738374384e-12,2.8644627555704476e-10,0.9999744102151008,2.558949151312722e-5
23267,6.7600991133061406e-12,4.007227106504673e-10,0.9999850051443213,1.4994448195756491e-5
23268,5.957317433734665e-12,4.682940934805159e-10,0.9999723400238089,2.7659501939563055e-5
23269,1.4429125544541765e-11,9.70254090742573e-10,0.9999654693318418,3.4529683474976554e-5
23270,5.908295393195191e-12,4.042125474420638e-10,0.999986592401639,1.3407188240018132e-5
23271,9.53291872865918e-12,3.256911545176157e-10,0.9999773616251415,2.2638039634536317e-5
23272,2.5452743259775815e-12,2.1457724826053882e-10,0.9999916866933802,8.313089497227535e-6
23273,3.688640166968558e-12,6.029166825462546e-10,0.9999757565787907,2.4242814603926474e-5
23274,9.010840598245297e-12,4.5916199886661327e-10,0.9999789931731823,2.100635864482349e-5
23275,2.2392961956131124e-12,1.7979768520454e-10,0.9999878495983675,1.2150219595305985e-5
23276,4.828587703157733e-12,5.547179052215963e-10,0.9999897175681477,1.0281872305939055e-5
23277,1.4219218079473734e-11,4.779479111460628e-10,0.9999838010321895,1.6198475643199933e-5
23278,2.4826545795740494e-12,1.5546649848619083e-10,0.999985961876942,1.4037965108878089e-5
23279,8.299848284488772e-12,3.1279328180913524e-10,0.9999865211182326,1.3478560674391917e-5
23280,5.120560369882448e-12,1.6802787765103118e-10,0.9999895982744011,1.0401552450557203e-5
23281,3.571661029190078e-12,2.938491675944351e-10,0.9999931180705262,6.881632052907769e-6
23282,1.3696547791939052e-11,4.548497082354384e-10,0.9999879765098011,1.2023021652568906e-5
23283,3.1596700230755457e-12,3.1397994180657505e-10,0.9999902570358346,9.742647025792615e-6
23284,2.3979177355925557e-12,1.401228502582431e-10,0.9999927294169619,7.270440517268913e-6
23285,6.8845658126327334e-12,1.9250387175906257e-10,0.9999905857932941,9.414007317352243e-6
23286,2.9902103726288664e-12,1.189978616745901e-10,0.9999930500514983,6.9498265138046735e-6
23287,3.2572874415349974e-12,2.175592287579021e-10,0.9999878885492152,1.2111229968298556e-5
23288,9.513473185803e-12,1.4375360543578586e-10,0.9999900338007508,9.96604598212614e-6
23289,3.667961265197715e-12,3.654370213972014e-10,0.9999922460145207,7.75361637422545e-6
23290,6.234479569061797e-12,2.0327997843407858e-10,0.999990774600684,9.225189801592268e-6
23291,6.7877629063164935e-12,1.4525438967228798e-10,0.9999899345361457,1.0065311812130848e-5
23292,2.0308858900409806e-12,8.60236690547113e-11,0.9999962094346443,3.7904773009917115e-6
23293,1.3051908536856894e-11,2.7486822206906397e-10,0.9999817419052072,1.8257806872620593e-5
23294,7.41145123885086e-12,4.300926481878166e-10,0.9999840303758979,1.5969186597923754e-5
23295,2.748156953044463e-12,5.031728509413117e-11,0.9999793064827205,2.0693464214260104e-5
23296,2.1472154953421e-12,2.6523699458439754e-10,0.9999721564929418,2.78432396741219e-5
23297,1.7009078416249565e-12,1.8853435366652249e-10,0.9999707333788477,2.92664309169931e-5
23298,2.6273920884298376e-12,9.598483790776615e-11,0.9999766533935602,2.3346507827565833e-5
23299,8.360215660812935e-12,3.5573693774846775e-10,0.9999224653341323,7.753430177049984e-5
23300,1.65545198243147e-12,1.1582502323170263e-10,0.9999859756907452,1.4024191774403522e-5
23301,3.4810682376281722e-12,1.9122447100523563e-10,0.999973403379752,2.6596425542416064e-5
23302,2.268025382839726e-12,1.6287742777938974e-10,0.9999803638631596,1.9635971694956124e-5
23303,3.445529160282683e-12,3.173956793079277e-10,0.9999564904581743,4.35092209845393e-5
23304,2.3906203668312606e-12,4.2515973043029304e-10,0.9999218829275792,7.811664487041501e-5
23305,6.945536813892743e-12,3.536367394104769e-10,0.9999321155166256,6.788412279222528e-5
23306,6.047000121676503e-12,2.6290013731812985e-10,0.9999708024154554,2.9197315597263467e-5
23307,2.110872027134464e-12,2.5231758171829467e-10,0.99995325738455,4.6742361021605705e-5
23308,3.7391159996062984e-12,8.887471768839584e-11,0.999976160342756,2.3839564629946032e-5
23309,2.6512459205692972e-12,2.475126681018108e-10,0.9999506565834924,4.9343166343718305e-5
23310,2.037944149592425e-12,1.4724615546888882e-10,0.9999792887126443,2.0711138071483167e-5
23311,2.752551250020337e-12,1.661473572470233e-10,0.9999582472465673,4.175258453277139e-5
23312,9.776293093325998e-13,1.1685304637047996e-10,0.9999855768668764,1.4423015292994839e-5
23313,2.9315889907987574e-12,2.398892674890502e-10,0.9999606218760176,3.937788116145669e-5
23314,5.908125992599042e-12,2.8447241104698135e-10,0.9999606631576808,3.9336551938632355e-5
23315,2.111432441573028e-12,1.9461107370978947e-10,0.9999890349637899,1.0964839487739415e-5
23316,4.504645811420916e-12,2.2716018294165384e-10,0.9999815813149162,1.8418453418974762e-5
23317,3.146669309296384e-12,1.6416698566850173e-10,0.9999800402680898,1.9959564596526557e-5
23318,2.226153543347043e-12,3.461495163565215e-10,0.9999719708755087,2.802877611553954e-5
23319,5.734810320142439e-12,4.87708547199889e-10,0.9999450913572081,5.4908149348542556e-5
23320,1.9014417285525317e-12,2.538765238710331e-10,0.9999763805457113,2.361919851081755e-5
23321,4.448873227464096e-12,5.1458085333078267e-11,0.9999856099345211,1.4390009571894886e-5
23322,3.829393705834171e-12,2.4017858831541625e-10,0.9999757942596185,2.420549637345189e-5
23323,4.939545325380703e-12,6.835965155755298e-10,0.9999435448846891,5.645442677491824e-5
23324,6.822352777186822e-12,3.253539487324634e-10,0.9999763677756459,2.3631892177990853e-5
23325,3.655512442360867e-12,4.5405779911197803e-10,0.9999733492027402,2.6650339546674276e-5
23326,2.4835718542364765e-12,2.0450860418391164e-10,0.9999700993699965,2.9900423011144957e-5
23327,2.1392777996194142e-12,1.35280530685402e-10,0.9999833241319099,1.667573067022288e-5
23328,1.6652394534614855e-12,5.048559418762694e-10,0.9999766066342938,2.339285918506149e-5
23329,1.5617831229565137e-12,2.1894273092253283e-10,0.9999793348310922,2.0664948403064383e-5
23330,2.121797746408658e-12,9.443251918884429e-11,0.999983901463913,1.6098439532546285e-5
23331,3.351020347364004e-12,3.888347783530541e-10,0.9999785277687162,2.1471839098024484e-5
23332,1.3539954424733058e-12,2.853986660458979e-10,0.9999861108077661,1.3888905481177185e-5
23333,5.735282328054935e-12,2.3036581753394264e-10,0.9999882029841737,1.179677972535867e-5
23334,5.991941571033283e-12,4.5019872271188113e-10,0.9999781103771854,2.1889166623792404e-5
23335,7.571700678084461e-12,8.253073392239818e-10,0.9999811462455863,1.885292153470315e-5
23336,3.7875758284258205e-12,6.084807854904137e-10,0.9999838963181575,1.6103069574064867e-5
23337,1.0106343662511429e-11,3.1173781554251115e-10,0.9999898422000628,1.0157478092921353e-5
23338,1.9107069401694955e-12,2.379822522362854e-10,0.9999916268479504,8.372912156568376e-6
23339,2.086581340695428e-12,1.1653314744500357e-10,0.9999910205376734,8.979343706688548e-6
23340,3.996608085506687e-12,2.3480123359629485e-10,0.9999830229481896,1.6976813012664923e-5
23341,1.7963231934570963e-12,9.403988607008125e-11,0.9999937494282716,6.250475892116437e-6
23342,5.52788022715062e-12,2.922979916522943e-10,0.9999866159529742,1.3383749199986423e-5
23343,7.729614258715302e-12,4.914241083420635e-10,0.9999822842012905,1.7715299555876278e-5
23344,3.4165827497176333e-12,3.347173418483117e-10,0.9999781824972825,2.181716458354265e-5
23345,3.7561553508281126e-12,7.338511526292636e-10,0.9999734446180977,2.6554644294975207e-5
23346,6.787659464288094e-12,5.695078330987774e-10,0.9999796257408881,2.0373682816594695e-5
23347,8.127359596374166e-12,5.408256111616851e-10,0.9999840137841735,1.5985666873719996e-5
23348,3.641939527134105e-12,6.272423726711891e-10,0.9999812173694,1.878199971544473e-5
23349,3.5749893012632477e-12,3.6070991258645967e-10,0.9999900394157832,9.96021993179109e-6
23350,6.550241448173603e-12,9.986738239411081e-10,0.9999696271638134,3.037183096258408e-5
23351,4.347726181240673e-12,3.7316058055243767e-10,0.9999843639047634,1.5635717728286883e-5
23352,2.9452388870319586e-12,4.0622187739267643e-10,0.9999821631208361,1.7836469996700613e-5
23353,1.3403788620607787e-12,3.0451645885504063e-10,0.9999889997786707,1.0999915472489305e-5
23354,3.263518894899451e-12,7.260928863268504e-10,0.9999809281752488,1.9071095394960032e-5
23355,3.622039128791132e-12,4.3014791390692396e-10,0.9999809264035309,1.907316269913334e-5
23356,3.316768142152175e-12,1.3683989445480558e-10,0.9999921538521637,7.846007679857539e-6
23357,3.3869117487910072e-12,5.828206824188386e-10,0.9999762414859831,2.375792780936177e-5
23358,2.1994812309480406e-12,2.171332026363318e-10,0.9999848296778602,1.5170102807058997e-5
23359,2.157904075522644e-12,1.3694682379572013e-10,0.9999917484405668,8.251420328533169e-6
23360,2.977084437014231e-12,6.59677152779034e-10,0.9999831963330458,1.680300429985835e-5
23361,1.810385568677682e-12,1.94321403834506e-10,0.9999861988988736,1.3800904994479873e-5
23362,1.66582393925605e-12,2.089833373356169e-10,0.9999913579823343,8.64180701659848e-6
23363,2.5590477984234116e-12,2.999580692042656e-10,0.9999893435567206,1.0656140762294911e-5
23364,2.3169121603345006e-12,1.9674678110395816e-10,0.9999880473678583,1.1952433078121311e-5
23365,3.3665515148334544e-12,3.463397878437625e-10,0.9999888282569491,1.1171393344637876e-5
23366,1.9234103944315437e-12,1.442944367680401e-10,0.9999885168839012,1.1482969881042459e-5
23367,2.031291220219842e-12,2.3454455633218986e-10,0.9999874954507023,1.2504312721890939e-5
23368,1.802360837973576e-12,4.4901110080874935e-10,0.9999896890282592,1.0310520927307507e-5
23369,4.784683060487418e-12,4.832767347902108e-10,0.9999830187095062,1.6980802432321416e-5
23370,2.0335972648894144e-12,3.375938211953221e-10,0.9999887401950596,1.1259465312923035e-5
23371,4.845205069404713e-12,2.0761262080655288e-10,0.9999875276926075,1.2472094934657275e-5
23372,3.93682575050234e-12,3.594179220117098e-10,0.9999714938766855,2.850575995967871e-5
23373,2.286857988849002e-12,2.423578058112192e-10,0.9999888750723813,1.112468297409995e-5
23374,1.2536580047439256e-12,2.5812000128493444e-10,0.9999891883074513,1.0811433174883974e-5
23375,1.9384536348090584e-12,1.903139345334468e-10,0.9999950339682175,4.965839530149643e-6
23376,1.8257092360000896e-12,2.904264065152785e-10,0.9999875018858004,1.2497821947528516e-5
23377,2.9034921028806595e-12,3.079503034519243e-10,0.9999924369659466,7.562723199466101e-6
23378,3.3164639739331855e-12,2.0425811869150993e-10,0.9999887667942052,1.1232998220160763e-5
23379,2.531062052013263e-12,1.3426563031175601e-10,0.9999872445731959,1.2755290007390082e-5
23380,2.926101508154731e-12,2.684476900539797e-10,0.9999859560382968,1.4043690329579122e-5
23381,2.169792431272459e-12,2.0689098511012161e-10,0.999991810625418,8.18916552110275e-6
23382,1.5135412360325082e-12,1.475633993955812e-10,0.9999908755229922,9.124327930972395e-6
23383,3.326521750674175e-12,3.530732744267286e-10,0.999972855877633,2.7143765967163222e-5
23384,5.960800232960928e-12,2.4420230897631606e-10,0.9999846371316813,1.5362618155462706e-5
23385,1.6668593295344367e-12,2.480113221009864e-10,0.9999920994277983,7.90032252357915e-6
23386,8.478327459691626e-12,9.194770502556498e-10,0.9999572555460974,4.274352594736016e-5
23387,2.9507437692251046e-12,2.770404496760246e-10,0.9999897840953841,1.0215624624607589e-5
23388,1.5964870810749878e-12,2.1782252298838423e-10,0.9999923766262694,7.623154311546763e-6
23389,2.189420066603166e-12,3.952274367485756e-10,0.9999822273214781,1.7772281104942948e-5
23390,5.187929445981214e-12,6.465676864142322e-10,0.9999867097558348,1.3289592409751027e-5
23391,1.5835663157263495e-12,2.10959255197831e-10,0.9999958479751464,4.151812310866996e-6
23392,1.2788010724235678e-12,2.547866323406847e-10,0.9999962357163453,3.764027589168475e-6
23393,1.0709237178847644e-12,2.5670619799778494e-10,0.999995196652018,4.803090204751198e-6
23394,2.363033935995452e-12,2.57032002493635e-10,0.9999946907903596,5.308950245232746e-6
23395,2.4108481180763267e-12,2.2730271660890636e-10,0.999995079311282,4.9204590045712785e-6
23396,5.1548225448959635e-12,3.3510831842119827e-10,0.9999916610158117,8.338643925042592e-6
23397,3.6422542656575756e-12,3.972475572890421e-10,0.9999911419476176,8.857651492646298e-6
23398,4.486186402994731e-12,7.98077756082645e-10,0.9999894286717987,1.0570525637346218e-5
23399,3.977037528485202e-12,4.1712516931756455e-10,0.9999903033502362,9.696228661528744e-6
23400,3.6701490520547465e-12,2.0562695127257333e-10,0.9999910195972028,8.980193500132394e-6
23401,3.741221695646771e-12,6.940897574106977e-10,0.9999905346135541,9.464688615032634e-6
23402,2.941214574893923e-12,7.835267694311588e-10,0.9999907893267286,9.209886803191242e-6
23403,2.483199986553642e-12,1.6668401866054662e-10,0.999995514365071,4.485465761858757e-6
23404,2.741496092019883e-12,4.247802842956089e-10,0.9999900216072711,9.97796520717623e-6
23405,1.2595557146292468e-12,1.4993892597670785e-10,0.9999951297344084,4.870114392988811e-6
23406,3.933111298733028e-12,3.70937254728832e-10,0.9999908147135932,9.184911536392736e-6
23407,4.3928288700950905e-12,2.7875415470092917e-10,0.9999877872513142,1.2212465538724852e-5
23408,4.620895110328312e-12,2.5315853371466583e-10,0.999993558771678,6.440970542673488e-6
23409,1.9736698805253915e-12,3.3254144660241816e-10,0.9999938896418344,6.1100236504132555e-6
23410,2.6542314589230106e-12,5.142667275179458e-10,0.9999932179611977,6.78152188120171e-6
23411,2.090918157841239e-12,2.3303535008181413e-10,0.999995339999797,4.6597650767678995e-6
23412,1.7802388199853848e-12,5.336050100134935e-10,0.9999913835778135,8.615886801096053e-6
23413,2.1450693896225967e-12,3.924165876203606e-10,0.9999940288279973,5.9707774411797144e-6
23414,4.038812635036423e-12,3.1081499496317196e-10,0.9999911264092204,8.87327592576772e-6
23415,2.429953760955042e-12,3.382171815435871e-10,0.9999937068708814,6.292788471539304e-6
23416,2.4009561638273023e-12,5.195881254223298e-10,0.9999946035858648,5.395892146128873e-6
23417,1.6982728927229184e-12,1.5724641541532473e-10,0.9999963910818527,3.6087592025497465e-6
23418,1.7608528050600463e-12,2.778591812992848e-10,0.9999924895305679,7.510189812146318e-6
23419,5.175258851128677e-12,7.322832710708871e-10,0.9999884750219035,1.1524240637979507e-5
23420,1.2329553207585425e-12,1.6357806361413556e-10,0.9999967132401381,3.28659505101179e-6
23421,5.451777272525645e-12,5.866811618165769e-10,0.9999835567982737,1.6442609593425335e-5
23422,2.258248457844922e-12,1.7946860293665728e-10,0.9999954144820947,4.5853361783517445e-6
23423,2.63433763034316e-12,2.48236925304317e-10,0.9999954608413345,4.538907794277696e-6
23424,3.593368662468568e-12,3.7247342220479775e-10,0.9999851466902753,1.4852933657907434e-5
23425,4.02824191448381e-12,3.1348542839478243e-10,0.9999936986822353,6.301000251226795e-6
23426,3.0986029703293807e-12,7.561603103950182e-10,0.9999879379304347,1.2061310306398817e-5
23427,4.381049776186811e-12,1.0898702680295981e-10,0.9999954066904807,4.593196151196333e-6
23428,2.0733775466187603e-12,4.695302598814927e-10,0.9999985735865947,1.4259418017969937e-6
23429,3.5126411958155475e-12,9.1756682033547e-10,0.9999981354534788,1.8636254417403001e-6
23430,2.8589788494548126e-12,5.985168460088631e-10,0.9999981943067531,1.8050918710524878e-6
23431,2.5159940432832946e-12,4.6382412997946715e-10,0.9999990920254413,9.075082185097472e-7
23432,1.9239447132323334e-12,3.0500507712008484e-10,0.999998605208983,1.394484088121508e-6
23433,3.7588876193851725e-12,8.562243331114491e-10,0.9999984594856444,1.539654372434066e-6
23434,3.1641466731566326e-12,5.817811055808865e-10,0.9999983995682279,1.5998468270729438e-6
23435,3.2315899077460096e-12,3.7682167147795554e-10,0.9999984323371085,1.5672828383892978e-6
23436,2.6801237854076893e-12,5.00665092727366e-10,0.9999985445533612,1.4549432935330519e-6
23437,2.298614167025114e-12,5.191484350920743e-10,0.9999982730424014,1.7264361515024177e-6
23438,8.512000041037678e-13,1.1874678320259673e-10,0.9999996214007564,3.7847964554896435e-7
23439,2.7420234384191386e-12,4.670320965426272e-10,0.9999981437075892,1.8558226366824725e-6
23440,5.102301402218405e-12,7.362385843301251e-10,0.9999975860921998,2.4131664592356285e-6
23441,1.2560192941163341e-12,4.853010731521972e-10,0.9999987344166436,1.2650967993087476e-6
23442,4.6440115789219325e-12,7.260455289232692e-10,0.9999979786541098,2.0206152006703464e-6
23443,3.0201936013805523e-12,4.685518975343464e-10,0.9999987465580812,1.2529703465652038e-6
23444,1.5431117692474172e-12,5.69170651106658e-10,0.999998423991237,1.5754380492610732e-6
23445,6.988659451076459e-13,2.883745339820504e-10,0.999999118812958,8.808979685441948e-7
23446,4.9809122788653675e-12,6.101295114170683e-10,0.9999977277114019,2.2716734878033865e-6
23447,2.7096992001095473e-12,4.338810061451198e-10,0.9999644194507028,3.558011270632582e-5
23448,3.5533246560391474e-12,3.771224075976939e-10,0.9999585693530287,4.1430266295582124e-5
23449,4.964663394678288e-12,5.543258423238277e-10,0.999940848797567,5.9150643142364914e-5
23450,2.5532860802501893e-12,3.318879760905411e-10,0.9999742727826109,2.5726882947882157e-5
23451,4.420258515688328e-12,5.373062536044116e-10,0.9999584293113231,4.157014695035991e-5
23452,1.914954073943069e-12,8.912632655948174e-10,0.9999365819227825,6.34171840393224e-5
23453,4.796752571700127e-12,6.039587541923783e-10,0.9999539100969348,4.608929430973079e-5
23454,4.268375358462996e-12,1.0123227081610364e-9,0.9999048879816366,9.511100177230225e-5
23455,7.905737328234765e-12,1.0935133654250845e-9,0.9998797117109873,1.2028718759362669e-4
23456,9.473150351208366e-12,8.799688193340287e-10,0.9998833049228142,1.1669418774393706e-4
23457,3.468173606988995e-12,4.4597038341052165e-10,0.9999494261837135,5.05733668479101e-5
23458,2.4105648904640593e-12,7.699719342295244e-10,0.9999594066734451,4.0592554172258254e-5
23459,7.93011026016323e-12,9.030266153214444e-10,0.9999403743356897,5.9624753353594036e-5
23460,3.4181362042926276e-12,6.615173209424018e-10,0.9999713413082236,2.8658026840868824e-5
23461,1.9664009205729014e-12,5.737951900678174e-10,0.9999437088604706,5.6290563767733836e-5
23462,7.354031681760832e-12,8.550512559285679e-10,0.9999319874298501,6.801170774476423e-5
23463,4.091011659833931e-12,4.730648298710229e-10,0.9999335509823438,6.644854050042103e-5
23464,3.1702119792712263e-12,2.528063820689845e-10,0.9999720413868075,2.795835721601845e-5
23465,3.373740298639562e-12,9.190559600267248e-10,0.9999299625986225,7.003647894777165e-5
23466,2.3338035192201522e-12,2.7563347294649237e-10,0.9999897197781743,1.0279943858447545e-5
23467,2.8254857767095447e-12,1.1191006473148154e-9,0.9999791537820665,2.0845096007501263e-5
23468,4.141435445913353e-12,3.28368581840258e-10,0.9999862085773895,1.3791090100351607e-5
23469,2.67117369455788e-12,1.3944110735868778e-10,0.999994726562202,5.273295685717585e-6
23470,2.805497377032024e-12,2.8307541102436154e-10,0.9999928734974703,7.126216648744077e-6
23471,1.7104351312887508e-12,4.762700228920183e-10,0.9999911794575982,8.820064421160775e-6
23472,3.4594199152706348e-12,4.3511036927804524e-10,0.9999883038174816,1.1695743948557303e-5
23473,2.8698065120963293e-12,1.5569399314530397e-10,0.9999943383984813,5.661442954912777e-6
23474,1.3250642119557158e-12,1.690892651161959e-10,0.9999935993009947,6.400528591011765e-6
23475,4.569314426138965e-12,1.334355788089085e-9,0.9999794822656997,2.0516395375360925e-5
23476,3.5601311365236033e-12,5.061798612148495e-10,0.9999921303036744,7.8691865854529e-6
23477,3.1135386737911253e-12,2.2755305253856084e-10,0.9999894193660087,1.058040332464914e-5
23478,3.7297841095932145e-12,5.001605899695373e-10,0.9999864598125061,1.353968360359625e-5
23479,1.9644034646510848e-12,2.9879654502150024e-10,0.9999907119034913,9.287795747820831e-6
23480,2.392010616083163e-12,3.760298211624137e-10,0.9999927047139493,7.294907628846248e-6
23481,3.708441786028191e-12,5.81325070713597e-10,0.9999906965492951,9.302865671493947e-6
23482,5.5295428395663165e-12,2.583873432880806e-10,0.9999890804947003,1.0919241382887023e-5
23483,2.3413676072595164e-12,3.5678587270376274e-10,0.9999894103751271,1.0589265745720381e-5
23484,1.3662953143348783e-12,3.977877199556896e-10,0.9999946002402202,5.399360625581759e-6
23485,3.3806092181437814e-12,7.78006774770499e-10,0.9999472385377662,5.276068084622142e-5
23486,1.4160891331779051e-12,4.838667761871336e-10,0.999960753443422,3.9246071295127364e-5
23487,9.580216450811661e-12,9.091278034427983e-10,0.9999103280238154,8.967105747654043e-5
23488,4.269483431550151e-12,1.1885174169721784e-9,0.9999138602510729,8.613855614031789e-5
23489,3.4668645763083427e-12,3.089063401401724e-10,0.9999592262831206,4.0773404506102155e-5
23490,3.740926891386058e-12,2.95034528419959e-10,0.9999435570379703,5.6442663254247774e-5
23491,2.4263731775097364e-12,4.108859177519203e-10,0.9999410271576692,5.8972429018563944e-5
23492,3.3657804458870553e-12,3.971828982017089e-10,0.9999579209408916,4.207865855955356e-5
23493,1.8466880387270988e-12,3.0230008077397555e-10,0.9999532340647667,4.676563108672891e-5
23494,5.256603688971564e-12,8.462485366450874e-10,0.999938042545117,6.195660337785986e-5
23495,4.2221425570189355e-12,1.1506492601716966e-9,0.9999337279713619,6.627087376673369e-5
23496,8.455117841831335e-12,1.4199637517071849e-9,0.9998965749169927,1.034236545885237e-4
23497,2.8164843706769698e-12,7.300536846437686e-10,0.9999494108940434,5.058837308640723e-5
23498,2.8012395458557064e-12,2.302261554670784e-10,0.9999575912248809,4.240854209151756e-5
23499,2.7318288171610547e-12,3.3861603289428135e-10,0.9999629539565267,3.704570212537851e-5
23500,1.256470161481476e-12,3.0033063464062587e-10,0.9999740303753815,2.5969323031385906e-5
23501,3.630368858673591e-12,2.4259150991510965e-10,0.9999609284547906,3.907129898752242e-5
23502,1.1264584163100374e-12,1.6373609316378965e-10,0.9999799461312476,2.0053703889904225e-5
23503,1.1551396181944665e-11,6.567625883896271e-10,0.9998861888713798,1.138104603063993e-4
23504,5.593249678356609e-12,5.290268701528873e-10,0.999918709113519,8.129035186084595e-5
23505,1.4263345368543282e-12,3.881781771990572e-10,0.9999307274612844,6.927214911107383e-5
23506,5.270334392200894e-12,1.3054462510661497e-10,0.9999404960008338,5.9503863351171935e-5
23507,7.875375859378104e-12,5.947054758353375e-10,0.999924323929718,7.567546770127864e-5
23508,1.054493358417881e-12,1.8882681272957204e-10,0.9999388595489503,6.114026116822913e-5
23509,4.169256313639659e-12,4.058373233944402e-10,0.999925996799448,7.400279054535104e-5
23510,3.5310224167791012e-12,2.37942362281676e-10,0.999951038177053,4.89615814735847e-5
23511,4.263636867925958e-12,2.675093349399589e-10,0.9999027536385936,9.724608963346124e-5
23512,1.0812844377548922e-11,6.294423621582054e-10,0.9999150189775577,8.498038218715118e-5
23513,3.621989907734651e-12,3.5498065729847423e-10,0.999875379350396,1.2462029100136546e-4
23514,4.791951843323813e-12,1.5651104305836925e-10,0.9999457947789622,5.4205059734807765e-5
23515,5.258557026002262e-12,2.570600664051908e-10,0.9999493858893557,5.061384832580059e-5
23516,5.12507816874132e-12,3.0854721384973436e-10,0.999896467035405,1.0353265092254213e-4
23517,4.3961597340315816e-12,3.373672659284671e-10,0.9999105145660603,8.948509217646113e-5
23518,2.566232973918473e-12,1.8719417063901227e-10,0.9999530243232291,4.697548701056627e-5
23519,5.2758932721424435e-12,7.651247764344024e-10,0.9998749575009964,1.2504172860292165e-4
23520,2.109652845495901e-12,1.1837181474922616e-10,0.9999499039491867,5.00959303320336e-5
23521,2.6170215431822297e-12,2.0395465348013013e-10,0.9999504288644879,4.957092894038848e-5
23522,2.0908686510533575e-12,3.744567579901316e-10,0.9999384379688526,6.156165459979951e-5
23523,3.492851848946052e-12,6.399795567689714e-10,0.9999393126207898,6.06867357377099e-5
23524,3.840977226993816e-12,8.24497426201949e-10,0.9999020867726494,9.791239901218972e-5
23525,4.054330150845322e-12,3.017910007477789e-10,0.9999179026871858,8.209700696876195e-5
23526,2.3524513363635275e-12,3.5893204868823047e-10,0.9999329427012461,6.705693746949428e-5
23527,3.7447422535568546e-12,2.125817834287822e-10,0.999927288263968,7.271151970527728e-5
23528,3.759878541427615e-12,5.857204879294539e-10,0.9999247148920395,7.528451848014142e-5
23529,4.6238477740531616e-12,8.499348632230198e-10,0.999924108337861,7.589080758036656e-5
23530,2.6075980144078844e-12,2.0810704200139422e-10,0.9999348863666891,6.511342259618774e-5
23531,9.477877900466092e-12,2.2896999437865908e-10,0.9999034970280548,9.650273349743811e-5
23532,5.695022105309421e-12,4.561665143650491e-10,0.9999165428341118,8.345670402662215e-5
23533,8.067264173123723e-12,4.1273566983575394e-10,0.9998787666222732,1.212329569238513e-4
23534,3.657765226566154e-12,3.4564808641072173e-10,0.9999149679298628,8.503172083141208e-5
23535,4.158864210022949e-12,2.271365104737355e-10,0.9999295530819168,7.044668678797954e-5
23536,2.4864912840230196e-12,1.4619630927265561e-10,0.9999515541768805,4.8445674436634214e-5
23537,8.036949777449566e-12,7.630176314609863e-10,0.9998380277452633,1.6197148368195865e-4
23538,1.136666533711509e-11,8.461509058382646e-10,0.9997786725285379,2.2132661394451682e-4
23539,4.172068489535281e-12,4.107723683201627e-10,0.9999014909813082,9.850860374724264e-5
23540,2.3928898855217506e-12,2.338025800062057e-10,0.9999171110978349,8.288866596964768e-5
23541,4.3891835399981506e-12,3.9608786244186504e-10,0.9998939620876716,1.0603751185128534e-4
23542,1.1398236601295685e-12,1.2351970920616462e-10,0.9999886845452939,1.131533004663441e-5
23543,5.4851611161689675e-12,6.850903216559957e-10,0.9999720544815293,2.7944827895455565e-5
23544,1.4843914556682793e-12,1.5042131202040814e-10,0.9999872183708819,1.278147721247286e-5
23545,9.696713172927536e-12,6.460154034093919e-10,0.9999208626208265,7.913672346120851e-5
23546,2.0259839445405903e-12,2.249069457961896e-10,0.9999833142494953,1.668552357197079e-5
23547,8.92883534596429e-12,1.4077662534360926e-9,0.9999472225897698,5.277599353520559e-5
23548,7.165456047786133e-12,6.103466998993329e-10,0.9999501436827607,4.9855699727191644e-5
23549,1.8724164752320454e-12,1.2817706862961377e-10,0.9999840277379091,1.5972132041471844e-5
23550,2.4531990905539088e-12,3.452491691674195e-10,0.9999672856417691,3.2714010528650284e-5
23551,5.343051398837144e-12,4.305179444442402e-10,0.9999828376553767,1.716190876247955e-5
23552,1.0527250322406094e-12,3.2496893278894837e-10,0.9999900539014536,9.945772524767901e-6
23553,6.617129586752018e-12,9.071118873623142e-10,0.999966270835544,3.372825072713571e-5
23554,5.830227532141265e-12,2.732794224008453e-10,0.999973510896679,2.648882421136931e-5
23555,1.584564265528936e-12,3.097683224654267e-10,0.999988098548197,1.1901140450178819e-5
23556,3.1018778342038513e-12,2.8038343018995323e-10,0.9999772728392223,2.2726877292460193e-5
23557,1.847970566439168e-12,1.8465015217768068e-10,0.9999848531491385,1.5146664363344344e-5
23558,3.997481690705351e-12,2.5091750024599263e-10,0.9999801762499604,1.9823495124654722e-5
23559,3.883144209483097e-12,2.1673288991219034e-10,0.9999785475617902,2.1452217593816182e-5
23560,1.9362683489261403e-12,2.2779648276572097e-10,0.9999789598841381,2.1039886129253348e-05
23561,1.6095712332844138e-11,1.2431681611589719e-9,0.9999602713844631,3.972735627305689e-5
23562,5.526808444403361e-12,5.891178451033566e-10,0.9999633273389218,3.667206643343772e-5
23563,3.217534298127638e-12,5.986270000093002e-10,0.999981107259534,1.8892138621406595e-5
23564,3.4839917432306525e-12,7.419770548383874e-10,0.9999732980686152,2.6701185923689825e-5
23565,2.4226900215507587e-12,1.4630602565522965e-10,0.9999870003335565,1.2999517714819276e-5
23566,6.048876972190946e-12,4.511525555686543e-10,0.9999772281046803,2.277143811840918e-5
23567,5.840927808746644e-12,6.92247907133642e-10,0.9999556875571639,4.4311744747135675e-5
23568,8.822910214739014e-12,1.0962227129700257e-9,0.9999531259756266,4.687291932796339e-5
23569,7.7644098863791145e-12,4.205800266917862e-10,0.9999762028708755,2.3796700780106145e-5
23570,6.45100505973729e-12,1.3241387296934622e-9,0.9999592810948703,4.071757454007532e-5
23571,2.6468745479611603e-12,1.8949078626330822e-10,0.9999807941346058,1.9205673256540792e-5
23572,1.4346658235980409e-11,2.2259606361736093e-9,0.999934075540286,6.592221940687648e-5
23573,3.638814586231363e-12,5.222345797472773e-10,0.9999591517673291,4.084770679749226e-5
23574,1.574600514033312e-12,5.107211874954407e-10,0.9999799119760486,2.008751165564268e-5
23575,1.7709661628198532e-12,5.632433324992328e-10,0.9999780113634327,2.1988071553004455e-5
23576,4.202687664785484e-12,4.270222024945951e-10,0.9999697484914953,3.0251077279784584e-5
23577,1.2404203030457346e-11,5.564621638458418e-10,0.9999543547864194,4.564464471432856e-5
23578,1.0099772656091577e-11,1.5499244498085132e-9,0.9999443239199581,5.5674520017464185e-5
23579,2.019409748648451e-12,7.498637325878685e-10,0.9999683855496969,3.161369841981482e-5
23580,6.285727771584961e-12,7.900623750457346e-10,0.9999140524722046,8.594673144749692e-5
23581,2.2294005318590544e-12,2.974083022597377e-10,0.9999595689469962,4.043075336609693e-5
23582,2.3826964616235023e-12,2.2680686475504133e-10,0.9999600207843282,3.997898648242068e-5
23583,7.16753913540548e-12,3.252188318096904e-10,0.9999109618716783,8.90377959354017e-5
23584,3.8814508799227e-12,3.2038025121492795e-10,0.9999448851514086,5.511452432993884e-5
23585,4.608221216824094e-12,3.877799755662693e-10,0.9999368777284362,6.312187917559427e-5
23586,3.0231833559176787e-12,2.2681574812401766e-10,0.9999677030985946,3.229667156630969e-5
23587,2.3639907150790554e-12,3.3768927338253814e-10,0.9999507850489457,4.921461100101668e-5
23588,6.6182571813560826e-12,2.4494319875028433e-10,0.9999399787416627,6.0021006775793915e-5
23589,9.747882942477944e-12,5.40257790126156e-10,0.9998848960956573,1.1510335433707184e-4
23590,4.020154532499574e-12,4.842161760404846e-10,0.9999283150087462,7.168450301722973e-5
23591,6.673060909791232e-12,3.2341252721821535e-10,0.99994176679365665,5.823287625783481e-5
23592,5.276921782134028e-12,3.483501216774479e-10,0.9999074189805964,9.258066577657155e-5
23593,3.1896106392872935e-12,5.388252348810632e-10,0.9999127389004777,8.726055750735497e-5
23594,5.498116344048865e-12,1.8343871441439527e-10,0.9999617722013731,3.8227609690254776e-5
23595,2.108535201656504e-12,1.2798632765586062e-10,0.9999681620067867,3.183786311846859e-5
23596,2.4311741784166304e-12,3.9449688444013517e-10,0.9999269245488361,7.30750542357839e-5
23597,2.496437412988646e-12,1.5373541933281788e-10,0.9999510839371247,4.891590664347825e-5
23598,7.704076999535518e-12,3.808632418380563e-10,0.9999060792498997,9.392036153301431e-5
23599,4.93321394718207e-12,5.103068184434181e-10,0.9999770551223721,2.2944362387982357e-5
23600,3.351875777072104e-12,5.056863893106169e-10,0.9999815600210693,1.8439469892404322e-5
23601,3.700036850013811e-12,5.931843956561518e-10,0.9999839036095132,1.6095793602412014e-5
23602,5.669549584448392e-12,8.50996591218455e-10,0.9999612797341156,3.871940921807789e-5
23603,2.1624394338467967e-12,2.369917724175469e-10,0.9999903461450613,9.653615784394547e-6
23604,7.732334214257392e-12,6.483925905723164e-10,0.9999775755275897,2.242381628534651e-5
23605,3.955276296369455e-12,2.3539741030175246e-10,0.9999799579436043,2.0041817043116503e-5
23606,5.099822058446498e-12,5.162031638547226e-10,0.9999796381055608,2.0361373136121414e-5
23607,3.486225538605687e-12,2.5815124713383667e-10,0.9999832236763722,1.6776061990438204e-5
23608,1.1055883107119243e-11,3.5564070572660177e-10,0.9999694635107172,3.053612258622902e-5
23609,3.0234974996309772e-12,2.405649876041409e-10,0.9999807012928038,1.9298463607698876e-5
23610,5.690397119795503e-12,3.629127067645549e-10,0.9999851937191525,1.4805912244413123e-5
23611,2.1349952220884355e-12,2.736665785117667e-10,0.9999880362998573,1.1963424341000498e-5
23612,1.934514595207665e-12,3.2612975804741587e-10,0.999980846889838,1.9152782097782376e-5
23613,4.196368396456754e-12,3.213444096960442e-10,0.9999864159245878,1.358374987143424e-5
23614,4.74459128010095e-12,5.104590068902109e-10,0.9999845121244738,1.5487360322619614e-5
23615,5.758556904575111e-12,5.047536588864043e-10,0.99996895256248,3.104692700788181e-5
23616,6.861162587275733e-12,3.9493305434939976e-10,0.9999841400459988,1.585955220708984e-5
23617,4.524406889534776e-12,5.84167350555622e-10,0.9999816658169374,1.8333594370763587e-5
23618,5.741162705052066e-12,2.909577844083421e-10,0.9998870462482401,1.1295345506105573e-4
23619,5.024391004070851e-12,4.851097315799799e-10,0.9998620654175338,1.379340923322441e-4
23620,6.265119561643153e-12,6.697401928346798e-10,0.9997898187377943,0.00021018058620041376
23621,1.138630606024438e-11,6.961442066064978e-10,0.9997384341802396,2.615651122298961e-4
23622,4.529978898767849e-12,1.1647864153876771e-9,0.9998087456291552,1.9125320152827343e-4
23623,4.812679934257528e-12,1.1949022444496257e-9,0.999735194377583,2.6480442270205933e-4
23624,8.08074522412848e-12,1.0380614227743182e-9,0.9998412865741376,1.58712379720339e-4
23625,4.141801254048148e-12,4.3143384304340253e-10,0.9998982642569924,1.0173530743188031e-4
23626,2.290826370033957e-12,2.453594271784924e-10,0.9999136138447025,8.638590764728885e-5
23627,5.8512034782034035e-12,3.437021678748516e-10,0.9998147269010874,1.8527274935923558e-4
23628,6.161013990836788e-12,4.0833651693565133e-10,0.9998707994533301,1.2920013217235774e-4
23629,5.004618000683708e-12,5.41238948477806e-10,0.9998500374436219,1.4996201013466108e-4
23630,3.4301869973179745e-12,4.02054603218852e-10,0.9999243223904433,7.567720407202106e-5
23631,3.8528629608004156e-12,4.931673722396277e-10,0.9998956894341897,1.0431006879002482e-4
23632,4.745129092184041e-12,3.2283230062602716e-10,0.9998215181515299,1.7848152089276648e-4
23633,4.616905191093039e-12,6.647503266305474e-10,0.9998835916824875,1.1640764814527272e-4
23634,2.006953748366919e-11,1.222566154329296e-9,0.9997123391196919,2.876596376724032e-4
23635,2.325325113239889e-12,4.658206474628854e-10,0.9998716983917585,1.2830114009553962e-4
23636,2.3236674904124925e-12,5.000247983244867e-10,0.9998968271824401,1.0317231521129016e-4
23637,3.806644697740795e-12,1.0364833448978329e-9,0.9999882302174525,1.1768742257343366e-5
23638,6.784315142384782e-12,5.131417130951517e-10,0.9999891813574807,1.0818122593230496e-5
23639,1.2055318245379411e-12,2.0177336745872103e-10,0.9999953203954409,4.67940158026551e-6
23640,2.195043276892161e-12,1.1715795533494024e-10,0.9999955050480804,4.494832566602398e-6
23641,1.2719789812213942e-12,2.4342740746557847e-10,0.9999946736549908,5.326100309792868e-6
23642,1.936436197929115e-12,1.8825459227601832e-10,0.9999936390708499,6.360738958945802e-6
23643,3.1446486025197448e-12,4.704744130595688e-10,0.9999921092750502,7.890251330905642e-6
23644,6.450169488194703e-12,6.112210492006787e-10,0.9999879800984444,1.2019283884584649e-5
23645,1.9688729176711446e-12,4.813054103298679e-10,0.9999932719612835,6.727555442158007e-6
23646,2.8950528649725276e-12,5.29214763660264e-10,0.9999912651133118,8.73435457833647e-6
23647,3.5403962815083197e-12,1.4010494234123474e-9,0.9999891490508529,1.0849544557156652e-5
23648,7.2560949414269075e-12,1.4249288656424306e-9,0.9999871412952097,1.2857272605128447e-5
23649,1.213054171461478e-12,2.9661461779564905e-10,0.9999955519606593,4.4477415130913965e-6
23650,3.0759189163180887e-12,5.430886159094979e-10,0.9999879874883526,1.2011965482709303e-5
23651,3.244857176705532e-12,9.105413798195138e-10,0.9999867837932243,1.3215292989479203e-5
23652,8.654878774746482e-13,1.332986182387932e-10,0.9999977182447429,2.281621092867288e-6
23653,1.2214799214000653e-12,1.585893723816088e-10,0.9999950419980439,4.95784214511017e-6
23654,2.5624986416887667e-12,2.5131246519680095e-10,0.9999938837428338,6.1160032913069425e-6
23655,2.004846905559897e-12,3.150113082018905e-10,0.9999931895117427,6.810171241178085e-6
23656,1.6723085042342359e-12,1.6779565347570164e-10,0.9999919639810406,8.035849491406165e-6
23657,2.5936263000978347e-12,3.022623402107932e-10,0.9999906771467314,9.32254841254425e-6
23658,1.8740420939783783e-12,2.023065362487533e-10,0.9999896719695611,1.0327826258386536e-5
23659,9.338865810084653e-12,5.786621790372755e-10,0.9999863242579542,1.367515404466514e-5
23660,3.793834899096646e-12,3.4566890646081724e-10,0.9999849983552601,1.500129527724616e-5
23661,3.53353143089507e-12,3.2102456056212903e-10,0.9999845827765054,1.5416898936492182e-5
23662,3.642053730403223e-12,5.228638344278349e-10,0.999976801082134,2.3198391359972533e-5
23663,1.4950833479059208e-12,1.409711376686273e-10,0.9999929990917285,7.0007658052603435e-6
23664,2.4413163459766123e-12,3.740190957661547e-10,0.9999886645789795,1.133504456001313e-5
23665,8.91367911526832e-12,9.833193283858908e-10,0.9999608670089772,3.913199878987116e-5
23666,1.7505716926819384e-12,1.6932437880595022e-10,0.9999939675092331,6.0323196918201864e-6
23667,1.9631588026643964e-12,8.638390437982505e-11,0.9999957478716204,4.252040032670524e-6
23668,4.353220313713396e-12,2.7048014057145264e-10,0.9999899320268393,1.006769832743024e-5
23669,3.5372899982562768e-12,5.661210832585325e-10,0.9999874654027792,1.2534027562459814e-5
23670,3.3698030485349745e-12,2.2186477907038136e-10,0.9999915550108772,8.444763888149646e-6
23671,7.723521565714124e-13,1.1108610361554437e-10,0.9999950712780251,4.928610116592974e-6
23672,1.728832971292748e-12,1.7751840567784897e-10,0.9999931495195367,6.8503012160377265e-6
23673,6.1270165366384796e-12,7.922905174562085e-10,0.9999822640072591,1.7735194323382457e-5
23674,7.666107184518192e-13,4.214701545260343e-10,0.9999938062653863,6.193312376995905e-6
23675,1.8463479235723264e-12,4.5912921815483994e-10,0.9999638819283152,3.611761070936244e-5
23676,5.829627086402447e-12,6.574960298869743e-10,0.9999241369151327,7.58624215415432e-5
23677,4.8405853613344656e-12,6.761499427295322e-10,0.9999456014423767,5.4397876632756974e-5
23678,1.298578837750262e-11,5.299546828353226e-10,0.9999117116213792,8.828783568043442e-5
23679,5.874468332853795e-12,4.479366247770821e-10,0.999967194934664,3.2804611524683945e-5
23680,2.1931057839676424e-12,2.5285977015669293e-10,0.9999713218019416,2.8677943005613328e-5
23681,2.2353678835826984e-12,1.787193376804943e-10,0.9999761765742237,2.3823244821653888e-5
23682,2.0885440856967683e-12,3.8852576360365384e-10,0.999977564743642,2.243486574376004e-5
23683,3.1356607870598826e-12,3.358686541986394e-10,0.9999618994358543,3.810022514141511e-5
23684,3.5259219503370215e-12,4.821064216767731e-10,0.9999533160667681,4.668344759941349e-5
23685,3.803557456755905e-12,4.33453950198447e-10,0.9999608904434217,3.910911932061748e-5
23686,2.4457354934489108e-12,1.9113888200185042e-10,0.9999731914268803,2.6808379534998896e-5
23687,3.67266715180481e-12,3.2225662117141184e-10,0.9999582565749061,4.174309916466292e-5
23688,4.425203250115886e-12,3.7987797583934287e-10,0.9999384175800694,6.158203562751169e-5
23689,2.0835169314372934e-12,2.723274806302654e-10,0.9999755286570439,2.447106854500391e-5
23690,9.334644775295614e-12,1.2204813373712846e-9,0.9999086532681302,9.134550205369988e-5
23691,1.2451737491455919e-12,2.7340919177900783e-10,0.9999833843529953,1.6615372350234924e-5
23692,5.1160791155735354e-12,1.0560108010505188e-9,0.9999159399619192,8.405897695399782e-5
23693,2.016845867933204e-12,3.6871604633887077e-10,0.9999723272608401,2.7672368426884102e-5
23694,4.156225293295949e-12,3.916976013858227e-10,0.999954937009641,4.5062594505351676e-5
23695,2.53050500501071e-12,7.837425593611473e-10,0.9999533288178515,4.667039587553627e-5
23696,1.301415646203992e-11,9.616688293932746e-10,0.9999254586451573,7.454038015971006e-5
23697,2.2479969997203362e-12,1.8902773313105772e-10,0.9999833099469633,1.6689861760904883e-5
23698,3.1629688560659076e-12,3.37432045650386e-10,0.9999634981692817,3.6501490123266843e-5
23699,4.387718292662166e-12,5.997310409865804e-10,0.999956532467408,4.3466928473356745e-5
23700,2.0523519202650446e-12,6.431875591836817e-11,0.9999866852395941,1.3314694034845384e-5
23701,1.2628489774046329e-12,2.8486476477796716e-10,0.9999784087113565,2.1591002515966995e-5
23702,1.4568806425072998e-12,1.334623164442618e-10,0.9999844965141539,1.5503350927060574e-5
23703,2.2837450176603083e-12,4.757108730289242e-10,0.9999638200827388,3.617943926672834e-5
23704,3.617193075037026e-12,2.819852459751971e-10,0.9999620435087311,3.7956205666585014e-5
23705,3.5747727978472497e-12,4.778166211614461e-10,0.9999463171535116,5.36823650972038e-5
23706,4.6686099230448615e-12,1.9743582711132413e-10,0.9999772558042874,2.274399360817571e-5
23707,5.096194865952829e-12,8.269267433229117e-10,0.9999373081020663,6.269106591079111e-5
23708,2.2142431672749723e-12,3.4417392088834064e-10,0.9999755014515476,2.4498202064190695e-5
23709,4.166874583178457e-12,2.8839451908275984e-10,0.9999632612923807,3.673841505779716e-5
23710,4.992521268038571e-12,3.1514822841290895e-10,0.9999655338690924,3.446581076703777e-5
23711,1.0926121255792832e-12,2.583306574210401e-10,0.9999798149765824,2.0184763994298193e-5
23712,2.328667585756368e-12,1.8795339727955016e-10,0.9999672247358409,3.2775073877085795e-5
23713,7.099616959255637e-13,2.755974321563815e-10,0.9999915401734399,8.459550252890795e-6
23714,1.4152616234337795e-12,2.237811240798841e-10,0.9999924560400157,7.543734787835497e-6
23715,2.2196005865751477e-12,2.0325939525843384e-10,0.9999907572309367,9.242563584324575e-6
23716,3.0132290828323874e-12,2.538275454429171e-10,0.9999863141926993,1.3685550459883477e-5
23717,6.961404457668513e-12,7.824204440256069e-10,0.9999847803217247,1.5218888893385746e-5
23718,1.4763130102800002e-12,1.955383946722419e-10,0.9999910961223233,8.903680662102512e-6
23719,3.15912339524109e-12,6.767384979417622e-10,0.999981013755602,1.8985564500272504e-5
23720,1.1444568762672217e-12,1.7064000431767692e-10,0.9999914649014404,8.534926775010625e-6
23721,1.356778877641217e-12,1.7308994088033657e-10,0.9999960919603946,3.907865158665919e-6
23722,9.722484191731129e-13,1.114817562425674e-10,0.9999938032198367,6.196667709351865e-6
23723,9.621312675824705e-13,2.584209334099906e-10,0.9999937397085439,6.260032072950581e-6
23724,3.4818917787657624e-12,4.965046061440235e-10,0.9999877134293751,1.2286070638396225e-5
23725,1.4724217056073688e-12,7.655125772939e-11,0.9999956259366543,4.373985322035372e-6
23726,3.436664461231691e-12,5.524162328325e-10,0.9999907909770284,9.208467118880381e-6
23727,1.4454237664693452e-12,1.6016186021913098e-10,0.9999935516537177,6.448184675004425e-6
23728,5.051640498944528e-13,1.211357660303315e-10,0.999993364722833,6.63515552605007e-6
23729,1.6378217699155146e-12,3.0681580182558093e-10,0.9999919362906888,8.063400857629775e-6
23730,1.5828169142122252e-12,2.01166489672439e-10,0.9999938159245044,6.1838727465049166e-6
23731,2.108136125292692e-12,4.139296823088756e-10,0.9999873654458634,1.2634138098784674e-5
23732,4.517930062541534e-12,2.7942881494380397e-10,0.9999728356908191,2.7164025234187975e-5
23733,5.289504562292562e-12,2.6800965872057015e-10,0.9999617172271923,3.828249950863541e-5
23734,2.305071846717232e-12,9.306790269588305e-11,0.9999826844902496,1.731541437730256e-5
23735,4.632828594470651e-12,1.4801985891644372e-10,0.9999671210409824,3.287880636491571e-5
23736,2.5756844405140995e-12,1.3337433816254418e-10,0.9999745425960348,2.5457268015269853e-5
23737,1.036266247882613e-12,1.634300845299621e-10,0.99998533520018,1.4664635353706286e-5
23738,5.407709789412606e-12,1.9953557038241773e-10,0.999969268479624,3.073131543284724e-5
23739,3.2986176095449487e-12,1.4216847553634943e-10,0.9999735721685262,2.6427686006612647e-5
23740,1.0724095367876644e-12,4.276958037110444e-11,0.9999938583396568,6.1416165012385366e-6
23741,2.0090328438937063e-12,2.2460669315295318e-10,0.9999620766450285,3.7923128355831046e-5
23742,1.9454198506214125e-12,1.8555149066441247e-10,0.9999771347214312,2.2865091071930584e-5
23743,3.851664955322948e-12,4.729114812287726e-10,0.9999640592601496,3.594026308710161e-5
23744,1.0532143309726733e-12,1.8557188914504383e-10,0.9999826428919291,1.7356921445861525e-5
23745,5.822932331061446e-12,1.7173605042225572e-10,0.9999617018152605,3.829800718049058e-5
23746,3.4457964945623967e-12,4.39745387716699e-10,0.9999685474085422,3.1452148266770575e-5
23747,3.0990733197649213e-12,2.2896652597098598e-10,0.9999724095703293,2.7590197605233668e-5
23748,3.6147091586512683e-12,3.654232178153133e-10,0.9999755303476399,2.4469283322124068e-5
23749,6.1570952092089094e-12,4.755249959002153e-10,0.9999290212490882,7.09782692297154e-5
23750,2.3129324984496436e-12,7.026432705644727e-11,0.9999871996066986,1.280032072414149e-5
23751,2.1756487067383207e-12,2.0115096705593793e-10,0.9999883999324274,1.159986424616377e-5
23752,6.608429223596661e-12,5.639261733257517e-10,0.9999705205007093,2.9478928756148392e-5
23753,3.835044156541391e-12,4.2886001415010994e-10,0.999976651851718,2.334771558674736e-5
23754,1.3147366597813193e-12,1.9553852097119935e-10,0.9999868487342052,1.3151068941665058e-5
23755,5.727936922065177e-12,2.5373843121933007e-10,0.9999835299206671,1.6469819866600098e-5
23756,1.7846485899985587e-12,2.7138119054158283e-10,0.9999837964076979,1.6203319136202356e-5
23757,5.463953171345058e-12,4.553551385515411e-10,0.9999680211506796,3.197838850125057e-5
23758,8.589640689630351e-12,7.454113754337721e-10,0.9999613074184256,3.86918275734256e-5
23759,1.4729040392727042e-12,3.15025375547788e-10,0.9999859441064168,1.4055577084743587e-5
23760,3.3860030577369854e-12,2.2987288542930333e-10,0.9999850540356315,1.4945731109588543e-5
23761,3.113415988832321e-12,3.8319966615603385e-10,0.9999804478290217,1.955178466518832e-5
23762,1.8832864436493424e-12,3.658857084188865e-10,0.999985222769809,1.4776862421946224e-5
23763,4.780477389147769e-12,3.3769597234072165e-10,0.9999797354643725,2.0264193151109034e-5
23764,2.301633986070393e-12,1.9285535542770587e-10,0.9999852086769955,1.4791127847439459e-5
23765,1.870963916833101e-12,2.0310563383824171e-10,0.9999818523568732,1.8147438150253727e-5
23766,1.617052255296373e-12,1.0556161124524035e-10,0.9999918543592319,8.145533589456935e-6
23767,3.4079609489885537e-12,3.8640496109704374e-10,0.9999805530278428,1.944658234421826e-5
23768,2.665226733620836e-12,2.1299053769461791e-10,0.9999591137602397,4.088602410445037e-5
23769,3.8884949639353964e-12,2.7039340972694895e-10,0.999981133907129,1.8865818589133045e-5
23770,1.542643976997868e-12,2.0034615678386092e-10,0.9999808666705675,1.913312754351626e-5
23771,2.1917411289042476e-12,6.35085798297483e-10,0.9999608549512113,3.914441151119219e-5
23772,3.0725699448193473e-12,4.0873477167463635e-10,0.9999618436574866,3.815593070603323e-5
23773,1.3199526243286514e-12,3.9980913778781855e-10,0.9999837559376026,1.6243661268389174e-5
23774,3.317685752187641e-12,6.193071216067213e-10,0.9999552745745255,4.472480284965578e-5
23775,6.687635543243282e-12,9.92590685967608e-10,0.9999513922013233,4.860679939839256e-5
23776,3.6224780788245877e-12,2.7121550805822606e-10,0.9999683364624568,3.1663262705225884e-5
23777,1.745642896696258e-12,2.0415028139433506e-10,0.9999902025916625,9.797202441597e-6
23778,4.511926923656756e-12,8.780461429456026e-10,0.999964266466991,3.573265045109157e-5
23779,3.604473270900916e-12,3.8683628958463926e-10,0.9999827944896172,1.7205119941964013e-5
23780,4.65319282989594e-12,5.270441783403542e-10,0.9999695817890705,3.0417679232165254e-5
23781,2.547989286375702e-12,2.0635548117007645e-10,0.9999836948900326,1.6304901064089653e-5
23782,1.2411851816790478e-12,2.1554034852558333e-10,0.999984911858725,1.5087924493573678e-5
23783,2.7790101426048126e-12,2.056352009183365e-10,0.9999839686852207,1.6031106365202683e-5
23784,1.964906892565659e-12,1.3864466849847155e-10,0.9999851247156945,1.4875143695929722e-5
23785,9.961066670552973e-12,7.791201059369977e-10,0.9999588121425657,4.1187068353171e-5
23786,2.764037780689184e-12,4.723747974243582e-10,0.9999770495077723,2.2950017088916242e-5
23787,2.382933166877258e-12,3.453443239627359e-10,0.9999811939765951,1.8805675677664197e-5
23788,1.9310327953793627e-12,3.2658681760907617e-10,0.9999760667233831,2.3932948099116032e-5
23789,7.379317153093771e-12,5.45369701877059e-10,0.9999361022022643,6.38972449868551e-5
23790,1.1724733842665624e-12,2.455542272016083e-10,0.9999653379225876,3.4661830685747035e-5
23791,3.089992149698171e-12,3.390198569796575e-10,0.9999722263010264,2.7773356863756438e-5
23792,5.814035778924554e-12,1.1569945195681638e-9,0.9999044487681056,9.555006908584243e-5
23793,4.913057528091381e-12,4.443747791541148e-10,0.9999375796542765,6.241989643547999e-5
23794,4.5970806831849235e-12,4.4869394940158833e-10,0.9999590800462587,4.09195004503277e-5
23795,6.47479875844074e-12,1.1702448859172815e-9,0.9999411938793044,5.8804943975921344e-5
23796,3.718607462269092e-12,4.1802180444601765e-10,0.9999635268830256,3.647269523406946e-5
23797,3.996156906902729e-12,2.7292099745202086e-10,0.9999797225750079,2.027714807503303e-5
23798,1.6552453432292458e-12,1.1090500271360346e-10,0.9999750992676416,2.490061979820348e-5
23799,4.7134112028893626e-12,1.94248972346324e-10,0.9999638168697336,3.618293130403491e-5
23800,5.4841127122008705e-12,8.302492207631134e-10,0.9999456763304041,5.432283386243469e-5
23801,1.229539016904472e-12,2.2362989439940526e-10,0.999978634904928,2.1364870212782575e-5
23802,3.5034698248543642e-12,6.474160332088449e-10,0.9999565348655581,4.346448352237996e-5
23803,4.320682895050143e-12,5.276816860755809e-10,0.9999531346194133,4.6864848584288284e-5
23804,4.426522769182272e-12,3.1375158912529127e-10,0.9999517479995914,4.825168223057242e-5
23805,3.710265539736408e-12,1.4275107831764181e-10,0.9999804442547465,1.9555598792124884e-5
23806,2.9473848692314786e-12,3.702830679705329e-10,0.9999611722983627,3.8827328406901716e-5
23807,4.9909111929686236e-12,3.7526342063876044e-10,0.9999577643038798,4.2235315865609816e-5
23808,2.15288473983277e-12,3.924690334735589e-10,0.9999867627290344,1.3236876343591503e-5
23809,4.09794250783882e-12,3.901204645698013e-10,0.999985159818743,1.483978703853775e-5
23810,2.2476754169358156e-12,4.3919052119022476e-10,0.9999850566926793,1.4942865882329962e-5
23811,3.3080154926404704e-12,2.0435631182816848e-10,0.9999919072164113,8.092575924289666e-6
23812,1.5850059373036644e-12,1.9447465762595796e-10,0.9999925820185831,7.417785357226997e-6
23813,7.0450040367524e-12,4.474094879635981e-10,0.999984225795695,1.5773749850542183e-5
23814,1.6538298992475467e-12,2.3898899263331683e-10,0.9999932018573006,6.797902056763645e-6
23815,1.7348833326910489e-12,1.3774119793594534e-10,0.9999847700414348,1.5229819089135833e-5
23816,2.015585610122831e-12,3.266933964410456e-10,0.9999870285726358,1.2971098655143449e-5
23817,2.761898673015155e-12,1.8945359273085241e-10,0.9999904221895359,9.577618248468938e-6
23818,2.7851991769688282e-12,2.1291004701721864e-10,0.9999894679532456,1.0531831059279841e-5
23819,1.7444541713007416e-12,2.8754010984181747e-10,0.9999913221350909,8.677575624601902e-6
23820,3.4300310717580323e-12,3.6461563630336546e-10,0.9999848852951355,1.5114336819021268e-5
23821,2.0889862795616788e-12,5.147116323389491e-10,0.9999735603738826,2.643910931676532e-5
23822,1.9743389803575003e-12,2.894421827585771e-10,0.9999877237768521,1.2275931731514703e-5
23823,1.7075599069111398e-12,2.1893869194250595e-10,0.9999864448568332,1.3554922520399775e-5
23824,3.366596264681645e-12,5.056170454189768e-10,0.999984175857084,1.5823633932434244e-5
23825,2.41954871653305e-12,1.4432074300255355e-10,0.9999939903624846,6.009490775219012e-6
23826,2.31262535760617e-12,5.926198627262045e-10,0.9999766878718119,2.3311533255638147e-5
23827,2.935535945749766e-12,3.9333248870965015e-10,0.9999891692731913,1.0830330540810393e-5
23828,1.427429917769665e-12,2.0746408071661317e-10,0.9999919804530237,8.019338084791817e-6
23829,3.807080003327001e-12,5.143330804871749e-10,0.9999821999035733,1.7799578286642134e-5
23830,1.3123254363449476e-12,6.612430035112371e-10,0.9999846719571883,1.5327380256219593e-5
23831,1.8256927246155214e-12,1.853423202620548e-10,0.999991598431564,8.401381267926078e-6
23832,2.5005407230392453e-12,2.992999520044016e-10,0.9999932016519525,6.798046246980451e-6
23833,2.0807077890046087e-12,1.6301801566787014e-10,0.9999905799770352,9.419857865907511e-6
23834,3.0761618064767433e-12,1.7064474985898936e-10,0.9999907675686902,9.232257588756371e-6
23835,2.6461208257798723e-12,4.330739330672576e-10,0.9999873927287326,1.2606835547478585e-5
23836,3.2154138483867314e-12,1.8554454120246775e-10,0.9999889750418367,1.102476940331835e-5
23837,1.729874974287245e-12,5.093192131483009e-10,0.9999781379909927,2.1861497958284947e-5
23838,4.151910208619919e-12,2.2329442975928907e-10,0.9999867514831023,1.3248289451195177e-5
23839,3.3983513276627504e-12,3.802364662769716e-10,0.999988986816205,1.1012800160028712e-5
23840,3.187632751043399e-12,1.4510979298410294e-10,0.99999043996376,9.55988794232836e-6
23841,3.5965912372028277e-12,2.2363410259397072e-10,0.9999906238637539,9.375909015387405e-6
23842,2.212931487729478e-12,1.4362158389327173e-10,0.9999896039627106,1.0395891454816593e-5
23843,1.6830334059577176e-12,1.2774252843274344e-10,0.9999929371543117,7.06271626266215e-6
23844,7.624039335509255e-12,4.0563530358802563e-10,0.9999814013485692,1.8598238171575724e-5
23845,2.5888126253966255e-12,2.1866548648986238e-10,0.999985497470244,1.450230850177004e-5
23846,1.0048455691658071e-11,7.972602757272281e-10,0.9999865647223574,1.3434470333934948e-5
23847,5.345867421626091e-12,7.624183059762957e-10,0.9999846750399811,1.5324192254852017e-5
23848,1.0863239497801483e-12,1.3896000020166214e-10,0.9999920491914436,7.950668510041137e-6
23849,5.691619442794058e-12,5.533466921596093e-10,0.9999849401159709,1.5059324990795986e-5
23850,2.2378612882639314e-12,6.124137467583801e-10,0.9999904133766744,9.586008674061331e-6
23851,5.088285012770655e-12,3.24272583617469e-10,0.9999920030572776,7.9966133615303e-6
23852,3.4060008689411863e-12,6.786808885384122e-10,0.9999846374543184,1.5361863594807232e-5
23853,2.8951190058376314e-12,5.438501541497234e-10,0.9999860904309625,1.390902229210495e-5
23854,5.716951927616573e-12,4.507361783035058e-10,0.9999858260469872,1.4173496559683784e-5
23855,5.600347906347512e-12,9.474136372325236e-10,0.9999672835000306,3.2715546955377e-5
23856,5.1497589943291255e-12,9.767176513070696e-10,0.9999818623521982,1.8136665934443823e-5
23857,1.1654576679507555e-11,1.8792105360969984e-9,0.9999760170464906,2.3981062644285565e-5
23858,6.099179376246377e-12,3.1302121834950737e-10,0.999992233898748,7.765782131545653e-6
23859,1.1125179304774101e-11,4.639189696875131e-10,0.9999850635376869,1.4935987268912327e-5
23860,1.6105319841277112e-12,2.493278436122759e-10,0.9999911069414564,8.892807605290593e-6
23861,1.8976806193447576e-12,1.448838096071705e-10,0.9999934903725708,6.509480647752698e-6
23862,1.934308570585342e-12,1.4131590961416842e-10,0.9999942491501941,5.750706555668945e-6
23863,2.8885779250022067e-12,1.9598401162110206e-10,0.9999921986005961,7.801200531202202e-6
23864,6.651066819058378e-12,1.0734910361270408e-9,0.9999776557927477,2.234312711034619e-5
23865,1.7458781917371357e-12,2.7379636540501163e-10,0.9999787433053889,2.1256419068805883e-5
23866,7.136840820328854e-12,4.913998333109285e-10,0.9999744934441511,2.550605731222625e-5
23867,2.0318936369270125e-12,6.885104192358946e-10,0.9999484623626098,5.153694684798173e-5
23868,1.7466513205038773e-12,3.5186718311743574e-10,0.9999731276221475,2.6872024238741713e-5
23869,4.656360225602247e-12,3.8886759987514115e-10,0.9999645721183874,3.542748808859151e-5
23870,3.136712364138772e-12,1.5783279491327847e-10,0.9999842642081007,1.5735630929701846e-5
23871,9.653772245683891e-13,2.3258907273401369e-10,0.9999864255963596,1.3574170085962605e-5
23872,7.310334652043109e-13,2.0391802402868236e-10,0.9999825512115061,1.7448583844804598e-5
23873,3.943228410964935e-12,4.203822903493794e-10,0.9999756482763639,2.435129931049462e-5
23874,8.524486211786954e-12,6.521537233603442e-10,0.9999691347652071,3.0864574114673006e-5
23875,1.690220781420578e-12,4.3154591143036754e-10,0.9999823338569682,1.766570979561452e-5
23876,3.902671875374271e-12,6.687588147426726e-10,0.9999615628989249,3.84364284136518e-5
23877,5.008959868212944e-12,6.240978734964286e-10,0.9999502869620411,4.9712408852022734e-5
23878,7.214759710050336e-12,6.682667167965564e-10,0.9999530022422256,4.6997082292888227e-05
23879,1.9441454231870093e-12,3.552935995381924e-10,0.9999844646333351,1.5535009427062846e-5
23880,7.372818730748306e-12,6.021320247438242e-10,0.9999609714913791,3.902789911603285e-5
23881,5.066736978467621e-12,3.995362900021668e-10,0.9999776669724927,2.233262290423356e-5
23882,4.158005155405282e-12,1.0611662661547272e-9,0.9999608831091839,3.911582549175343e-5
23883,5.110924694386281e-12,3.0770446502795386e-10,0.9999671858656821,3.281382150239234e-5
23884,5.024214376561948e-12,9.165144738492647e-10,0.9999875918024099,1.240727605141656e-5
23885,7.773306674054529e-12,9.911815193140336e-10,0.9999568656604304,4.313334061478988e-5
23886,2.9547253520437238e-12,3.586339956304988e-10,0.9999862320721368,1.376756627452118e-5
23887,2.3610871583450217e-12,3.222345899074206e-10,0.9999808075066803,1.919216872401217e-5
23888,2.327303862914159e-12,4.575042081828127e-10,0.9999873067949213,1.2692745247283601e-5
23889,7.092915795914669e-12,4.3083296346777574e-10,0.9999840147474942,1.598481457995173e-5
23890,4.483671808830167e-12,1.1600781734079609e-9,0.999967647912906,3.2350922532169966e-5
23891,3.5760134420180304e-12,3.596703672604651e-10,0.9999809260993541,1.9073537399566957e-5
23892,2.3480420832153783e-12,6.447292032165168e-10,0.9999831664526455,1.683290027724694e-5
23893,5.796723983749023e-12,1.1143038326583203e-9,0.9999653640843197,3.4634795579791066e-5
23894,3.745629885702054e-12,4.0367159108608687e-10,0.999982983696359,1.701589622376437e-5
23895,1.071847706839257e-12,2.0987872859974774e-10,0.9999908735570215,9.126232027812928e-6
23896,9.281919605847372e-13,1.943446460288549e-10,0.9999864528584635,1.3546946263592603e-5
23897,2.3701847951377458e-12,3.888996849513163e-10,0.999980387735179,1.961187355100659e-5
23898,3.022160667299508e-12,8.977630492288199e-10,0.9999816327614857,1.836633772936123e-5
23899,3.2115319743918923e-12,5.203697280520197e-10,0.9999793463557274,2.0653120691487536e-5
23900,1.5511016137328911e-12,3.1394075230377585e-10,0.9999900021391663,9.997545341926369e-6
23901,1.9979710527775586e-12,3.6233030733681547e-10,0.9999888027973886,1.119683828306257e-5
23902,1.5151813210776523e-12,5.333807807593734e-10,0.9999872800589963,1.271940610765101e-5
23903,5.211648548476155e-12,3.3243935042900646e-10,0.9999703986643886,2.9600997960479416e-5
23904,6.331128972157359e-12,5.410464523583361e-10,0.9999669638391028,3.303561351949041e-5
23905,3.725579069192499e-12,1.171746347342733e-10,0.999986237137623,1.376274147663617e-5
23906,8.796859772928401e-12,2.901176703008938e-10,0.9999590671393783,4.093256170724335e-5
23907,6.5887925468778004e-12,6.050790385899131e-10,0.9999514312312288,4.856815710330817e-5
23908,7.709226001844694e-12,6.128867173465404e-10,0.999961412126086,3.8587253318023596e-5
23909,8.014510067758698e-12,9.005032400885549e-10,0.9999363450305866,6.365406089559777e-5
23910,3.3694116988709127e-12,2.436977704029124e-10,0.999982357027991,1.7642724941948175e-5
23911,5.2557401735112216e-12,1.7443052213213012e-10,0.999952346219045,4.7653601268595845e-5
23912,3.381228830635433e-12,3.8547426596050376e-10,0.9999668430994861,3.315651165829852e-5
23913,1.9680888948684123e-12,1.6108510019734952e-10,0.9999824638849768,1.7535951969969963e-5
23914,2.549521719559073e-12,6.204506886090571e-10,0.9999620948080031,3.79045689965868e-5
23915,1.0344705789300923e-11,5.557538485428843e-10,0.9999562509152647,4.37485186366462e-5
23916,3.566072772389252e-12,3.8750712995949945e-10,0.9999759821462749,2.401746265183979e-5
23917,3.863888674690397e-12,3.8099674928679725e-10,0.9999781021957789,2.1897419360617965e-5
23918,6.733140803280844e-12,2.408397681026664e-10,0.999971679743667,2.8320008760188684e-5
23919,7.712601258531432e-12,6.258609955103387e-10,0.9999578525439021,4.214682252440516e-5
23920,4.7569409012882294e-12,2.699063086962134e-10,0.9999823800459614,1.761967937526121e-5
23921,3.585388274590226e-12,3.06529524318799e-10,0.9999758779474985,2.4121742386630274e-5
23922,1.6725606487585456e-12,1.802022327587348e-10,0.9999918445203411,8.155297784132331e-6
23923,4.733866579591874e-12,2.9207904630244005e-10,0.9999853783329868,1.4621370200354217e-5
23924,5.837862782108381e-12,7.103753071759394e-10,0.9999869744577776,1.3024826009377138e-5
23925,2.4023811274408403e-12,3.867713524312262e-10,0.9999792856250104,2.071398581598534e-5
23926,1.7758753763965612e-12,2.0152003712678594e-10,0.9999929510641843,7.048732519716927e-6
23927,2.2126985616668413e-12,1.5304877106048833e-10,0.999988958953554,1.1040891184487525e-5
23928,2.1969477913656082e-12,2.281993028800938e-10,0.9999923336924321,7.66607717174501e-6
23929,2.9686887452347955e-12,5.181236039002261e-10,0.9999769231003948,2.307637851286047e-5
23930,2.331217975480947e-12,3.347715284475226e-10,0.9999758318858634,2.4167777034065544e-5
23931,3.5331596686582527e-12,4.734060409433647e-10,0.9999888028336443,1.1196689416485765e-5
23932,7.066094915284754e-12,8.984093918615876e-10,0.9999734501857785,2.6548908746021874e-5
23933,1.5174729394076983e-12,2.645379025700393e-10,0.9999920942673666,7.90546657806532e-6
23934,8.292725963370274e-13,2.333269116884114e-10,0.9999908962725996,9.103493244289387e-6
23935,1.9734869889209927e-12,1.3077323031301587e-10,0.999989283824188,1.0716043065394379e-5
23936,4.81342056275895e-12,1.4954713679077905e-10,0.9999851220395274,1.4877806112239595e-5
23937,1.1114131389020473e-12,1.726033971857417e-10,0.9999898853231743,1.0114503110856168e-5
23938,6.164929639283566e-12,3.205896434947404e-10,0.9999761696574415,2.383001580394828e-5
23939,2.353339690126208e-12,1.5797897432249218e-10,0.9999921923146574,7.80752501036323e-6
23940,1.9504782487795497e-12,1.1281417564640207e-10,0.9999882759758546,1.1723909380902603e-5
23941,1.354800984706682e-12,3.110043874892065e-10,0.9999893951924879,1.0604495152809526e-5
23942,5.776257311273797e-12,1.9024506369751609e-10,0.9999886050858676,1.1394718110908346e-5
23943,2.3739366184618876e-12,3.239840831100581e-10,0.9999883454437326,1.1654229909268314e-5
23944,2.3323555996256162e-12,1.835129968702613e-10,0.99999044935986,9.550454294710904e-6
23945,2.0875802945445282e-12,2.678577183704115e-10,0.9999902735478858,9.726182168938356e-6
23946,5.204614514924166e-12,1.1942736933401304e-9,0.9999684394196924,3.155938082915752e-5
23947,1.9506641694478083e-12,7.858292985324209e-10,0.9999805047826391,1.9494429580904875e-5
23948,4.304591540589956e-12,3.6064710349804894e-10,0.9999897965432338,1.020309181449335e-5
23949,5.457425438797636e-12,6.124754414947911e-10,0.9999742030254252,2.5796356642016566e-5
23950,1.2982540040910882e-12,3.7363946861315207e-10,0.9999899041408533,1.0095484209118186e-5
23951,3.5854436380789188e-12,2.593572146601938e-10,0.9999866103863406,1.3389350716878087e-5
23952,3.1879125194263097e-12,3.639371746875533e-10,0.9999880373999146,1.1962232960454668e-5
23953,6.3909698975138304e-12,4.273960759512205e-10,0.9999756374862916,2.436207992130304e-5
23954,2.8179708926583925e-12,1.829246316081803e-10,0.99999235798195385,7.641832303442541e-6
23955,2.8052690689893835e-12,3.174589442577004e-10,0.9999805051345151,1.9494545220759745e-5
23956,1.6144910170121362e-12,4.798866001800457e-10,0.9999881100204889,1.188949800992267e-5
23957,3.719194405630591e-12,6.078703051521184e-10,0.9999824651248183,1.7534263592201318e-5
23958,4.9714201918468886e-12,7.804675131269697e-10,0.9999806377244156,1.9361490145502463e-5
23959,4.621464021520651e-12,4.2735795389793414e-10,0.999972495942721,2.7503625299513585e-5
23960,5.1942414464192275e-12,4.1886227978570026e-10,0.9999429634365329,5.703613941048105e-5
23961,4.2305887380241626e-11,1.2968832825937362e-9,0.9998871277873166,1.1287087349422515e-4
23962,3.82269414332187e-12,5.000373064407778e-10,0.9999534931884232,4.650630771685624e-5
23963,4.806967063526533e-12,7.019734362128194e-10,0.9999557131330006,4.4286160219004204e-5
23964,3.5016240058675504e-12,4.76923771618998e-10,0.9999603137886106,3.9685730963893835e-5
23965,6.8553494635771955e-12,3.50311838289145e-10,0.9999727216003964,2.7278042436514296e-5
23966,3.218020000588367e-12,2.43484481593906e-10,0.9999600496885285,3.9950064768933566e-5
23967,1.1177427304780543e-11,4.4936668438570925e-10,0.9999345082530439,6.549128641205576e-5
23968,4.944324438330678e-12,3.8798932724365846e-10,0.9999564201811648,4.357942590155902e-5
23969,1.0180147318902012e-11,3.976394295296707e-10,0.999944409276943,5.559031523761276e-5
23970,2.518134274375476e-11,8.042992335622167e-10,0.9998975049164186,1.0249425410086021e-4
23971,3.825546866426841e-12,2.9519067886575787e-10,0.9999676707446197,3.2328956364185896e-5
23972,6.650399791580508e-12,3.354333656699127e-10,0.9999582226145957,4.177704332051534e-5
23973,9.453121496253944e-12,6.975082472427712e-10,0.9999620109379356,3.798835510300514e-5
23974,3.5370130497357762e-12,3.356454036280871e-10,0.9999547952977884,4.52043630291964e-5
23975,1.3307143066161609e-11,1.5651630419442052e-9,0.9999327041453311,6.729427619872064e-5
23976,7.1638624457546404e-12,7.56996768196243e-10,0.9999514885175969,4.8510718242608165e-5
23977,4.372080585762096e-12,5.681226035372692e-10,0.9999687705772912,3.1228850214319046e-5
23978,7.593690486433644e-12,5.75734490843595e-10,0.9998886895268148,1.1130988985704938e-4
23979,9.317863807341189e-12,7.267790715365624e-10,0.9999509442319319,4.9055031971113376e-5
23980,2.608186327070115e-12,4.2096746458804593e-10,0.9999781863084033,2.1813268020972962e-5
23981,3.7490998991847e-12,5.087357665691341e-10,0.9999751455678737,2.485391964141998e-5
23982,1.4060783886379427e-12,6.354532890877457e-11,0.9999915582785424,8.441656506097514e-6
23983,2.9276204064770587e-12,2.2408614266375067e-10,0.9999834947813502,1.6504991636112796e-5
23984,5.038089093349939e-12,4.873522237247327e-10,0.9999717628850858,2.8236622523991183e-5
23985,2.3069191018004567e-12,1.5904911362016872e-10,0.9999835370425809,1.6462796062966173e-5
23986,6.466594038392254e-12,3.6752648351407056e-10,0.9999799105728373,2.0089053169638787e-5
23987,7.370645182460236e-12,4.913033824109741e-10,0.9999770613517515,2.2938149574396376e-5
23988,2.497333774940767e-12,3.8463095389294687e-10,0.9999867101775174,1.3289435354246554e-5
23989,1.2711791529474004e-12,1.7095192792950215e-10,0.9999877535072521,1.224632052500924e-5
23990,2.310530096377202e-12,3.386168864655514e-10,0.99998718690915,1.2812749922701176e-5
23991,1.4141225580506447e-12,2.1328895845408548e-10,0.9999825058898874,1.7493895409514594e-5
23992,3.276575371087127e-12,5.062646541856557e-10,0.9999807461946078,1.9253295850881208e-5
23993,3.4126268178877084e-12,3.186693750000749e-10,0.9999890471782309,1.0952499687236807e-5
23994,8.40240576446759e-12,8.121708211926197e-10,0.9999475804095185,5.2418769908369465e-5
23995,1.0193552869581661e-12,1.3259422714882155e-10,0.9999890886707244,1.0911195661956324e-5
23996,1.0986740857687232e-12,1.7614735808306793e-10,0.999989021225916,1.097859683795245e-5
23997,5.468949226877871e-12,3.136403741067463e-10,0.999987282607896,1.2717072994643477e-5
23998,9.754709759244741e-13,1.3490535070860866e-10,0.9999943023403802,5.697523739034799e-6
23999,2.3228659214416853e-12,2.0559346741386418e-10,0.9999904155670997,9.58422498395208e-6
24000,5.376866341754618e-12,4.4866374418315135e-10,0.9999886093115974,1.1390234361946707e-5
24001,3.856256728559738e-12,5.972190238919061e-10,0.9999887595478989,1.1239851025718216e-5
24002,4.8042493665278105e-12,6.96064785848021e-10,0.9999849479692298,1.5051329901208875e-5
24003,5.768695323569377e-12,1.1471139998193469e-9,0.9999784528460257,2.1546001091621134e-5
24004,1.6417181763974628e-12,9.536270042368168e-11,0.9999940007293797,5.9991736158424325e-6
24005,1.9116905745698384e-12,4.949948642285248e-10,0.9999931934148717,6.806088221956809e-6
24006,1.8613815855044926e-12,2.3242214408211278e-10,0.9999957807734567,4.218992259642967e-6
24007,2.0594314844873806e-12,3.076441283559213e-10,0.9999914591250203,8.540565276118097e-6
24008,2.490327856788038e-12,5.301226170942159e-10,0.9999886315594008,1.1367907986213013e-5
24009,1.902705129924158e-12,1.5683885450001173e-10,0.9999922505730025,7.7492682559332e-6
24010,5.640537416281512e-12,4.159056725483635e-10,0.9999890212122862,1.097836616764989e-5
24011,2.060835872217639e-12,3.4354003317065077e-10,0.999993595196187,6.40445821209549e-6
24012,1.6396391171201498e-12,1.3244219553563475e-10,0.9999944960967271,5.5037691910959064e-06
24013,6.626191584046695e-13,6.638617109280412e-11,0.9999967942213418,3.205711609433424e-6
24014,1.3489217021896152e-12,1.3476165451114385e-10,0.9999944035291791,5.596334710339436e-6
24015,1.4451862962953671e-12,3.308774173156544e-10,0.999993938868355,6.060799322500811e-6
24016,4.680914371515272e-12,5.394260650836391e-10,0.9999848085469286,1.519090896443512e-5
24017,1.3672391269208189e-11,9.054909561223702e-10,0.999915927285287,8.40717955495552e-5
24018,4.6947251330417475e-12,4.29099390342724e-10,0.9999223931691237,7.760639708208878e-5
24019,2.733175772917351e-12,4.360342860625122e-10,0.9999600187242174,3.998083701514679e-5
24020,2.9594956685766832e-12,5.404444089118373e-10,0.999943493071683,5.650638491301039e-5
24021,2.0579986456697143e-12,1.0656863634412239e-10,0.9999724892411431,2.7510650230400074e-5
24022,5.1382738669512175e-12,3.2861386237794304e-10,0.9999518093987654,4.819026748272484e-5
24023,4.961510248404539e-12,5.042125684268063e-10,0.9999062266040875,9.377288673852261e-5
24024,7.49450014451607e-12,7.984533919553137e-10,0.999900806611709,9.9192582343016e-5
24025,6.5955414425910345e-12,3.0634486522545553e-10,0.9999496397555802,5.035993147944812e-5
24026,5.479755474144723e-12,9.644667202494553e-10,0.999913831810802,8.616721925158481e-5
24027,2.24842074250696e-12,1.3802326118784105e-10,0.9999593555134851,4.064434624322849e-5
24028,1.2186313061609544e-11,1.621283711611079e-9,0.9998604965767733,1.3950178975672678e-4
24029,3.0909619606263894e-12,3.803814417325381e-10,0.9999135570217698,8.644259475792787e-5
24030,1.3375628153083287e-12,3.72004021205057e-10,0.9999574891161251,4.251051053335647e-5
24031,1.5043647197848382e-12,4.10259737035076e-10,0.9999534670868331,4.653250140279686e-5
24032,3.5699816673066135e-12,3.1103501892138387e-10,0.9999359810965628,6.401858883205898e-5
24033,1.0536594682172927e-11,4.0530971131527225e-10,0.9999034061470207,9.659343713307231e-5
24034,8.579029156687592e-12,1.1289040641220513e-9,0.999882181469574,1.1781739294300062e-4
24035,1.7153891488997465e-12,5.461859457178047e-10,0.9999330973294523,6.690212264648024e-5
24036,2.0849168091205853e-12,1.1634369632748602e-10,0.9999944866195326,5.5132620388876625e-6
24037,2.5966577333173433e-12,5.504998190626676e-10,0.9999938533224954,6.146124408195913e-6
24038,1.9297697556692976e-12,1.3462549803401109e-10,0.9999957930838462,4.206779598535287e-6
24039,1.7196337378235956e-11,3.0759474690337703e-9,0.9999640501390162,3.594676783996448e-5
24040,1.3915291283610195e-12,1.593237713770104e-10,0.9999952519039746,4.747935309942709e-6
24041,3.08409242141388e-12,4.758685794917948e-10,0.9999920205076185,7.979013428940634e-6
24042,1.2773851202430017e-12,3.202937424147793e-10,0.9999941355529985,5.864125430415098e-6
24043,8.523007541725542e-12,6.667869791069998e-10,0.9999790253683932,2.0973956296721516e-5
24044,4.558470484022221e-12,5.528723099593298e-10,0.9999913919624126,8.607480156529141e-6
24045,2.830068659209795e-12,2.0846839493290525e-10,0.9999905004289955,9.499359706053096e-6
24046,1.31528294096431e-12,1.6558190874872204e-10,0.9999956232429913,4.376590111700054e-6
24047,2.9185560509612652e-12,1.4227376366514472e-10,0.9999947367456329,5.263109174627443e-6
24048,2.12319591916335e-12,2.965091193505615e-10,0.9999949648618828,5.034839484924896e-6
24049,1.4860743701868742e-12,1.268816902906083e-10,0.9999958448277362,4.1550438961044925e-6
24050,1.5112767825068448e-12,1.3661896700991804e-10,0.9999954370577283,4.56280414157868e-6
24051,1.5431777059598654e-12,4.9174307208515e-10,0.9999908912659744,9.108240739327297e-6
24052,7.486829772272576e-12,3.727318579923814e-10,0.9999940955422622,5.904077518991498e-6
24053,2.154257124510235e-12,1.8027514196217706e-10,0.9999947621462223,5.237671348334074e-6
24054,6.6026317880820665e-12,4.74385120419402e-10,0.9999855334314862,1.446608752579285e-5
24055,3.74248496698524e-12,3.8180050792017006e-10,0.9999233751727973,7.662444165970476e-5
24056,6.113232843239815e-12,3.546987419526936e-10,0.9999180375246928,8.19621144952614e-5
24057,5.542629156331866e-12,3.3002452151264486e-10,0.9998847217858141,1.1527787861874428e-4
24058,2.253954915147581e-12,3.1026009032377737e-10,0.9998813118532162,1.1868783426982026e-4
24059,7.645669647084824e-12,9.709964474995068e-10,0.9998337707763396,1.662282450183328e-4
24060,8.168374140128647e-12,4.5533551591325375e-10,0.9998473371977192,1.5266233877682942e-4
24061,2.445481869036551e-12,2.6890205483094954e-10,0.9999224254258201,7.757430283247737e-5
24062,6.6560797125247075e-12,2.582196117646249e-10,0.999911630436143,8.836929898147198e-5
24063,2.9187896846056883e-12,3.62307536016054e-10,0.9999326038578455,6.739577692814109e-5
24064,3.4850202146751354e-12,1.6406797586951622e-10,0.999942650498069,5.734933437795788e-5
24065,3.303988553363738e-12,3.221880740843976e-10,0.9998952316665266,1.04768007981103e-4
24066,4.317406923872977e-12,4.683387984800158e-10,0.9999069515559532,9.304797139072886e-5
24067,3.868812118486053e-12,4.437535378028623e-10,0.9999131648911797,8.683466119807629e-5
24068,6.117304320832995e-12,3.1171505868473113e-10,0.9998924259171192,1.0757376504838742e-4
24069,3.887310161435261e-12,2.1971338784318773e-10,0.9998886873260889,1.11312450310476e-4
24070,8.028178338003634e-12,5.328198708956422e-10,0.9999125852458501,8.741421330190508e-5
24071,2.6319741023960774e-12,1.7071745594556377e-10,0.9998821532501034,1.178465765473552e-4
24072,2.3013572347358086e-12,3.6974767863771733e-10,0.9998912648157449,1.0873481220622805e-4
24073,5.353459337453264e-12,4.050381802694425e-10,0.9998772766321931,1.2272295741538715e-4
24074,6.1800481659955415e-12,3.006127495638578e-10,0.9999645841947383,3.5415498468724283e-5
24075,3.967652470572261e-12,2.2831538320246646e-10,0.999944702173098,5.529759461883934e-5
24076,1.653687112422638e-12,4.793398451155453e-10,0.9999653616235551,3.463789545150026e-5
24077,6.611919230183397e-12,3.615639500854883e-10,0.9999631231323405,3.687649948355124e-5
24078,6.445185395107992e-12,3.3142831653500713e-10,0.9999610974284112,3.8902233715296615e-5
24079,7.790353463398491e-12,6.683576215754632e-10,0.9999166616482521,8.33376755998433e-5
24080,1.2766468590202931e-11,6.086953025254077e-10,0.9998932573619851,1.0674201655315932e-4
24081,5.688555615438089e-12,3.348762552681011e-10,0.9999290184005153,7.098125891992968e-5
24082,2.6109411355568853e-12,2.6038266407224143e-10,0.9999779955010764,2.200423593016247e-5
24083,1.09472151521588e-11,7.821735078325314e-10,0.9998986333780714,1.0136582880810158e-4
24084,5.655953642530202e-12,4.833294353604069e-10,0.9999493305364688,5.0668974545802615e-5
24085,1.0082587153629533e-11,2.740829862307175e-10,0.9999208253618332,7.917435400130082e-5
24086,4.663652736701443e-12,3.809956166106571e-10,0.9999502116411574,4.978797318338088e-5
24087,4.467105166164015e-12,3.1464824713262354e-10,0.9999666607108113,3.3338970073316893e-5
24088,2.341779225478739e-12,1.4151142170467751e-10,0.9999671568806817,3.2842975464926304e-5
24089,6.128914542015535e-12,6.098754174964493e-10,0.9999561938813176,4.3805502678108365e-5
24090,4.1061251332919105e-12,2.7803502046768595e-10,0.9999205423578403,7.945736001856719e-5
24091,5.820585998828051e-12,3.9940007919113914e-10,0.9999455312243908,5.4468370388417264e-5
24092,6.410359232577474e-12,1.9036084200815888e-10,0.9999560615394454,4.3938263783368085e-5
24093,4.535749550465372e-12,4.1389666825464936e-10,0.9999942857250347,5.713856532862188e-6
24094,3.513088572671899e-12,4.672087163152243e-10,0.9999953485883776,4.650940900598941e-6
24095,2.957998527665006e-12,8.880966096703113e-11,0.9999954881654028,4.5117428294722e-6
24096,4.358970779033498e-12,3.5817097374093445e-10,0.9999948725636052,5.127073864829844e-6
24097,1.3375857012033989e-12,9.914915017129013e-11,0.9999978485817319,2.151317781354043e-6
24098,4.206371689313178e-12,1.5582667071412526e-10,0.9999960946896157,3.9051503511847e-6
24099,3.3496958401310315e-12,3.71489370780242e-10,0.9999955661118031,4.43351335776818e-6
24100,8.54420010067034e-12,5.833771285510252e-10,0.9999913492834892,8.650124589516696e-6
24101,3.6323385995265165e-12,2.751074487855836e-10,0.9999952092200683,4.790501191815129e-6
24102,3.066926132008712e-12,2.0482905182439178e-10,0.9999967357206384,3.2640714657728925e-6
24103,4.404690752270066e-12,4.768433992289233e-10,0.9999949031496135,5.096369138339928e-6
24104,7.1387575642231525e-12,1.9055741633757972e-10,0.9999963192505624,3.680551741267446e-6
24105,3.0497353071961575e-12,2.408216895064335e-10,0.9999948485800045,5.151176124054405e-6
24106,2.970565331585335e-12,8.059574454460744e-10,0.9999934539142796,6.545276792205267e-6
24107,1.7659112588558936e-12,1.0474336897761068e-10,0.9999975978658406,2.40202765011524e-6
24108,2.3431225831754615e-12,1.1512115752634458e-10,0.9999975910102795,2.408872256264549e-6
24109,8.763035670559784e-12,4.608943516372302e-10,0.9999907359659697,9.2635643730598e-6
24110,4.872905495173857e-12,4.198721196835981e-10,0.999994216612721,5.782962533870998e-6
24111,4.886955869778156e-12,3.237538709660502e-10,0.9999898087633542,1.0190908004857198e-5
24112,3.875348806652716e-12,6.247465005393941e-10,0.9999564872246772,4.351214670091624e-5
24113,2.0240548548005e-12,3.9493100301162307e-10,0.9999839802363211,1.601936672395034e-5
24114,2.3811194339657177e-12,1.7940149091221397e-10,0.999978288980247,2.1710837970425387e-5
24115,1.5032631782530845e-12,4.534373089886678e-10,0.9999820451198435,1.7954425216123618e-5
24116,4.5653339391954134e-12,4.055912960881215e-10,0.9999764012125864,2.3598377257007416e-5
24117,9.361219017535015e-12,6.867293431644973e-10,0.9999653976454314,3.4601658477987004e-5
24118,1.926318158653806e-12,3.0028019670195023e-10,0.9999839821784611,1.6017519332458842e-5
24119,7.866610333584992e-12,1.1308685808583382e-9,0.9999627962434068,3.720261785810024e-5
24120,2.8502766752176975e-12,5.09407440725971e-10,0.999969188716353,3.081077138916669e-5
24121,7.743049773277139e-12,4.994177638234242e-10,0.9999725778506874,2.7421642151837405e-5
24122,2.535068783500067e-12,5.687995419909092e-10,0.9999739833965815,2.6016032083935927e-5
24123,5.774452124550877e-12,4.0022321275843607e-10,0.999960557949466,3.944164453633944e-5
24124,3.268017528677957e-12,2.7818655576785507e-10,0.9999787469034364,2.125281510886833e-5
24125,1.460054888051675e-12,2.0292250287636414e-10,0.9999854833054891,1.4516490128118002e-5
24126,1.3991283857081683e-12,2.811047052850892e-10,0.999981469406273,1.8530311223080653e-5
24127,4.910976379401006e-12,6.799353115953693e-10,0.9999707784859722,2.9220829181485024e-5
24128,1.0245954552213641e-11,9.751592578995452e-10,0.99990975003333,9.024898126465274e-5
24129,8.425182266941025e-12,4.64591944881709e-10,0.9999713652608037,2.8634266179253823e-5
24130,4.654446059871055e-12,1.1150144418564398e-9,0.9999367604253195,6.323845501166209e-5
24131,3.2381816612389228e-12,5.085994116397597e-10,0.9999940917879637,5.907700198648547e-6
24132,6.796969692734877e-12,1.6000955222364009e-9,0.9999902553346662,9.743058441164002e-6
24133,4.100770926473652e-12,3.913473900768887e-10,0.9999923452396271,7.654364924596568e-6
24134,4.069343622911214e-12,5.419921167481384e-10,0.9999960914949961,3.907958942258272e-6
24135,2.4532755958390037e-12,2.0410687628761206e-10,0.9999967817270687,3.2180663711522803e-6
24136,2.3076261912409067e-12,1.9189810466789323e-10,0.9999966682315942,3.331574200041967e-6
24137,7.231455536948027e-12,3.0679530359306724e-9,0.9999859205320253,1.4076392790119058e-5
24138,1.4841567245240825e-11,5.790647906417608e-10,0.9999873377151385,1.2661690955329803e-5
24139,2.025032559449855e-12,2.439448627017767e-10,0.9999972510106002,2.748743429762711e-6
24140,9.954505132760415e-12,5.404407559216381e-10,0.9999915295751957,8.469874409014205e-6
24141,1.1086180832508713e-11,1.0238389108950272e-9,0.9999803555185917,1.964344648325866e-5
24142,3.954565437047852e-12,4.066832670373276e-10,0.9999932997214509,6.699867911168301e-6
24143,6.393973281266212e-12,9.73846821752612e-10,0.9999946909899385,5.308029820645198e-6
24144,5.856740571036429e-12,9.384702081491409e-10,0.999989016178342,1.098287733123893e-5
24145,1.7414887779212568e-12,2.869389865408874e-10,0.9999974572958826,2.5424154368660273e-6
24146,2.5072969541045404e-12,5.022667546220163e-10,0.9999943138115021,5.685683723809498e-6
24147,7.53816154005563e-12,1.3197697478624067e-9,0.9999925920459708,7.406626721253016e-6
24148,1.2065318943903825e-11,9.430217270530923e-10,0.9999871549743377,1.2844070575243501e-5
24149,1.2799669308747606e-12,1.8769829792952762e-10,0.999997672004287,2.327806734873814e-6
24150,4.630064430581815e-12,5.662059362641558e-10,0.999976838720215,2.31607089490549e-5
24151,2.943690891226803e-12,4.3867116080773116e-10,0.9999864190017873,1.358055659789731e-5
24152,9.926115079128433e-13,2.612169949363646e-10,0.9999879688986368,1.2030839153559635e-5
24153,1.8492566766854393e-12,2.1379848070232354e-10,0.9999824545378879,1.7545246464342552e-5
24154,3.09744897567909e-12,1.722801693854414e-10,0.999988388755233,1.1611069389340071e-5
24155,2.028154374728905e-12,2.61133946269955e-10,0.9999859104044645,1.4089332373632987e-5
24156,1.8518393194472908e-12,2.938446639899593e-10,0.9999776065140372,2.2393190266332438e-5
24157,3.974252639249815e-12,4.033242554679125e-10,0.999971112756056,2.8886836645443854e-5
24158,2.1282547984894716e-12,1.6907786939201553e-10,0.9999881939660589,1.180586273503152e-5
24159,2.2503666644894032e-12,3.35906007570012e-10,0.9999742045170437,2.579514480014957e-5
24160,6.0794328123422194e-12,6.228676560078918e-10,0.999951004692618,4.899467843486937e-5
24161,5.582147478264585e-12,5.606235557953497e-10,0.9999852650230405,1.4734410753841405e-5
24162,1.1547658388995711e-11,1.261483811271641e-9,0.9999469233063535,5.307542061521067e-5
24163,2.4711692976896646e-12,4.76547046733503e-10,0.9999798382607139,2.016126026773378e-5
24164,2.8849128264799603e-12,4.648765014893206e-10,0.9999855577287893,1.444180344917094e-5
24165,3.662225301889507e-12,4.4541636586120967e-10,0.999964754686997,3.524486392456988e-5
24166,2.903968667272272e-12,4.517849018066785e-10,0.9999701185367503,2.988100856070295e-5
24167,1.7211795224937593e-12,3.638861741909548e-10,0.9999825572691843,1.7442365208353132e-5
24168,7.147033059663951e-12,2.6760221568181285e-10,0.9999795412526566,2.045847259403849e-5
24169,3.019960677021721e-12,2.346854566454119e-10,0.9999906887146242,9.311047670514579e-6
24170,1.7875430788278468e-12,3.2830730868796513e-10,0.9999932892834507,6.710386454363695e-6
24171,1.5197814426763279e-12,2.2990460505126012e-10,0.9999940129844979,5.986784077752642e-6
24172,3.1351165319860085e-12,2.6115740334554306e-10,0.9999912592800699,8.740455637711239e-6
24173,5.696921520643198e-12,7.496346344220858e-10,0.9999851570488021,1.4842195866503366e-5
24174,5.170091881135335e-12,1.2281455706360635e-9,0.9999821464786658,1.7852288018525074e-5
24175,4.0563760030238874e-12,5.562884067614338e-10,0.9999893077589661,1.0691680689013765e-5
24176,1.8201584789752435e-12,1.4377421363790383e-10,0.9999946459146074,5.3539397983178434e-6
24177,1.1394349627174214e-11,5.508792774646057e-10,0.999985159510328,1.4839927398375877e-5
24178,3.1977070919522714e-12,1.8795766178657745e-10,0.9999929745754623,7.02523338239274e-6
24179,1.8296755547417666e-12,6.264840209193286e-10,0.9999929665478218,7.032823864619596e-6
24180,4.952152739356494e-12,4.107225343094145e-10,0.9999860481446137,1.3951439711723008e-5
24181,1.916053213276882e-12,5.11393463641565e-10,0.9999901130195907,9.886467099800296e-6
24182,2.477228898608601e-12,2.906765234006679e-10,0.9999927987881816,7.200918664616474e-6
24183,5.520076502699584e-12,3.3544671393538656e-10,0.9999917742686424,8.225390390794048e-6
24184,2.612100778092148e-12,4.2258712620556104e-10,0.9999944437364441,5.55583835659041e-6
24185,2.8631313881333256e-12,2.9765729447060087e-10,0.9999931006941508,6.899005328624481e-6
24186,1.81552863443469e-12,4.769955610197123e-10,0.999989200449618,1.0799071570887025e-5
24187,7.12128017461523e-12,6.601581318134369e-10,0.9999817678747042,1.8231458016322892e-5
24188,1.392948553980576e-12,3.746234169783188e-10,0.9999880616128906,1.1938011093074747e-5
24189,2.131485343057303e-12,3.0920472145776346e-10,0.9999880806344625,1.1919054201386291e-5
24190,1.8537603250982775e-12,3.0238719076124317e-10,0.9999907992796555,9.200416103625977e-6
24191,1.2272705743169364e-12,1.5286976554805454e-10,0.9999926417403487,7.3581055543500875e-6
24192,4.230764663083366e-12,5.5325719245914055e-10,0.9999739743848272,2.602505768494077e-5
24193,2.419578263619579e-12,1.4836018439781972e-10,0.9999908332613987,9.166587821626947e-6
24194,5.110005096438415e-12,1.0949868255316896e-9,0.9999719818077422,2.8017092161167904e-5
24195,4.1232480400887885e-12,1.8840128165526645e-10,0.9999837013816171,1.629842585839259e-5
24196,7.342999457132048e-12,2.000551791317857e-10,0.9999898151059187,1.0184686683042906e-5
24197,4.2815419593198975e-12,6.18348330685084e-10,0.9999623933745295,3.760600284057793e-5
24198,6.156926724482153e-12,2.363622588630163e-10,0.9999842509770398,1.574878044095707e-5
24199,6.580535579008572e-12,7.497306192823808e-10,0.9999781354720003,2.186377168863014e-5
24200,5.3205125920947886e-12,3.3101591241036604e-10,0.9999755017516697,2.449791199372341e-5
24201,4.430370282714994e-12,3.404083981160777e-10,0.9999898788607464,1.0120794414845809e-5
24202,2.494429512706783e-12,2.0815612985693967e-10,0.9999905119710915,9.487818257945527e-6
24203,4.932640906569923e-12,5.490417148837117e-10,0.9999831188218752,1.688062415056891e-5
24204,2.0153866467375185e-12,4.909596834093144e-10,0.9999853022379674,1.4697269057429499e-5
24205,2.9555543820860754e-12,3.7057191510380346e-10,0.9999912160163359,8.78361013659173e-6
24206,2.0494902004573664e-12,1.311875524178134e-10,0.9999925698652598,7.430001503113003e-6
24207,3.882061133418348e-12,2.796031841462165e-10,0.99996955415274,3.0445563774680634e-5
24208,2.7644317567569876e-12,4.931387324460999e-10,0.9999777103501811,2.2289153915668794e-5
24209,3.232209412091153e-12,5.255544034405687e-10,0.9999789802894669,2.1019181746634154e-5
24210,1.2570003613110454e-12,2.9583407170992815e-10,0.999967394667019,3.260503588978618e-5
24211,2.0605781718697978e-12,4.910101640880684e-10,0.9999722677542722,2.7731752657039483e-5
24212,2.99283102294747e-12,2.4925309134572143e-10,0.9999761348132491,2.3864934504953798e-5
24213,1.3737303655416147e-12,1.995039263995715e-10,0.9999837312231337,1.626857598862497e-5
24214,1.663144697847125e-12,1.71916828732144e-10,0.9999757434281991,2.4256398220857036e-5
24215,1.3158152308544708e-12,1.7027362986307608e-10,0.999983423948125,1.6575880285483094e-5
24216,1.4476856003815485e-12,2.51739225297258e-10,0.9999832296173538,1.67701294592798e-5
24217,2.604867461631175e-12,3.3353870608479685e-10,0.9999745520165965,2.5447647259922372e-5
24218,1.190150530069539e-12,2.4341009291451234e-10,0.9999804284950945,1.9571260305276608e-5
24219,3.0378080773307135e-12,2.865344667423149e-10,0.9999816309999092,1.8368710518319488e-5
24220,2.2168275055037602e-12,3.2811454659277204e-10,0.9999725527134233,2.7446956245259182e-5
24221,3.280820358141935e-12,4.1276422120115275e-10,0.9999816712300287,1.832835392620287e-5
24222,3.9789233076192956e-12,3.550867891945017e-10,0.9999799629290974,2.0036711836869152e-5
24223,2.704715087164596e-12,2.0983446228058638e-10,0.9999702927663833,2.9707021077400335e-5
24224,3.22094420903764e-12,7.299090606421157e-10,0.9999485594216397,5.1439845230265945e-5
24225,2.92867988576786e-12,3.9494713255385283e-10,0.9999801462045302,1.985339759393401e-5
24226,3.9157499993544665e-12,9.949520852217973e-11,0.9999966459818153,3.3539147738086254e-6
24227,2.428976829733817e-12,2.2603161786549703e-10,0.9999970920158403,2.9077556990464884e-6
24228,4.975707871690803e-12,3.4544172977857063e-10,0.9999937844967702,6.215152812217764e-6
24229,3.0024857730883832e-12,3.7264465525952437e-10,0.9999950157673448,4.9838570080390285e-6
24230,2.9838823723470837e-12,4.845547954805251e-10,0.9999949917683616,5.007744099817016e-6
24231,2.5044994012980012e-12,2.090351732979661e-10,0.999995469708399,4.5300800613965025e-6
24232,1.4134483451892303e-12,2.348050463488138e-10,0.9999960803496013,3.919414180182843e-6
24233,4.2303520169820155e-12,4.027237335234696e-10,0.999993524146257,6.4754467888738235e-6
24234,1.2635444268165238e-12,1.31246495716194e-10,0.9999981876875472,1.8121799427088781e-6
24235,7.706873355764373e-12,4.573903998398176e-10,0.9999931220372708,6.877497632108417e-6
24236,9.776355567519901e-13,1.0363153609950033e-10,0.9999988942300119,1.105665379024683e-6
24237,4.658952762942949e-12,1.4618416645029763e-10,0.9999942818541565,5.717995000401477e-6
24238,1.0077449662386043e-12,1.8401005538138104e-10,0.9999971904578425,2.8093571398487742e-6
24239,3.0816876167130116e-12,1.8413886813822034e-10,0.9999975811308784,2.4186819010825994e-6
24240,3.2736306380991623e-12,3.827090101386284e-10,0.9999938000700211,6.199543996154451e-6
24241,1.054293280738045e-12,1.2462761405865322e-10,0.999996844085024,3.155789293991696e-6
24242,2.384367419524399e-12,2.0650282996324534e-10,0.9999965249817832,3.474809329560067e-6
24243,2.568544785310634e-12,3.457276770017909e-10,0.9999957593616328,4.240290071120867e-6
24244,1.536385151461105e-12,9.824263690359013e-11,0.9999972778078116,2.722092409528074e-6
24245,1.5109712398153953e-12,1.5215038127647454e-10,0.9999979117215876,2.08812475105599e-6
24246,2.3923165088812388e-12,1.9767435593747306e-10,0.9999961380507023,3.861749231074514e-6
24247,1.8369375423842134e-12,8.343686806406679e-11,0.9999977902740859,2.2096406403477477e-6
24248,2.6735059758696557e-12,8.771314631344559e-11,0.9999967859497971,3.2139598160672192e-6
24249,8.639893328735306e-12,6.566207693079149e-10,0.9999894962062119,1.0503128527569144e-5
24250,3.725283917669617e-12,3.3571772392969483e-10,0.9999924217977576,7.577862799411023e-6
24251,2.2652835958581446e-12,2.0940592939236573e-10,0.9999956820163145,4.317772014241056e-6
24252,2.28862517593629e-12,2.538510800466338e-10,0.9999959219658794,4.07777798103669e-6
24253,1.210435719360082e-12,1.308008843017205e-10,0.9999966499268651,3.34994112350425e-6
24254,1.7823890841657667e-12,9.475604890373336e-11,0.9999971352585408,2.8646449207511196e-6
24255,1.4327773736262075e-12,2.8366978139761803e-10,0.9999968054466863,3.1942682111395386e-6
24256,2.540752580873047e-12,1.313201310281861e-10,0.9999970756453878,2.9242207513157738e-6
24257,1.9734597548165546e-12,1.7622883842104003e-10,0.9999974719443396,2.5278774580309876e-6
24258,6.446903185206408e-12,4.465671187452652e-10,0.9999908944793718,9.105067614292061e-6
24259,1.4066576051008422e-12,2.0396278142719578e-10,0.9999957746866667,4.225107963749912e-6
24260,2.6151545924774447e-12,2.489174079790765e-10,0.9999963271342592,3.6726142081246177e-6
24261,6.553573584030765e-12,1.548265927240462e-10,0.9999937895128203,6.210325799511365e-6
24262,2.7062421765378067e-12,1.2649644642598194e-10,0.9999964375467366,3.562324060599995e-6
24263,1.984362799407568e-12,1.2820558180335232e-10,0.9999974369306402,2.562939169673887e-6
24264,2.5572092850188974e-12,8.072772517728756e-10,0.999990627124553,9.372065612549462e-6
24265,7.53047014411345e-12,6.955547578086919e-10,0.9999852341596401,1.4765137274723632e-5
24266,1.3148087689209625e-12,2.2624942911621786e-10,0.9999872039731976,1.2795799238104603e-5
24267,4.395582395557367e-12,4.5520609663063556e-10,0.9999877136466437,1.228589375463812e-5
24268,2.7118373877269657e-12,2.4452984746827806e-10,0.999990518596974,9.4811557844613e-6
24269,1.891543151183539e-12,4.2763659667877987e-10,0.999993726871706,6.272698765813799e-6
24270,7.253662299924655e-12,6.61939835669087e-10,0.999989040182336,1.0959148470473886e-5
24271,1.67335412188302e-12,4.5693288441009126e-10,0.999991118987337,8.880554056878339e-6
24272,1.2699315498191333e-12,2.039197910875558e-10,0.9999933726917509,6.627103059444367e-6
24273,3.646050429776023e-12,2.801495736445117e-10,0.9999914187219195,8.58099428480419e-6
24274,1.5836082817765002e-12,1.7317673997947291e-10,0.9999936649662807,6.334858958909787e-6
24275,1.7250524482848915e-12,3.166125396230014e-10,0.9999889601300198,1.1039551642490446e-5
24276,5.0383140545060855e-12,2.0920365327142838e-10,0.9999909156003617,9.084185396429877e-6
24277,1.9425436760106867e-12,5.318179304812192e-10,0.99999293194167,7.0675245695250556e-6
24278,3.301766175375399e-12,2.9583196336047893e-10,0.9999915908164272,8.408884439121639e-6
24279,3.5947840375387443e-12,2.1138773631377098e-10,0.9999908251173969,9.174667620561337e-6
24280,1.0755520230915675e-12,1.251895974752736e-10,0.9999965448044135,3.4550693212979855e-6
24281,6.9122665487326955e-12,4.00014164783207e-10,0.9999833573435253,1.6642249548439016e-5
24282,3.9250900320566154e-12,6.259112650251519e-10,0.9999854432333579,1.4556136805592143e-5
24283,4.761244981482763e-12,4.909320321403066e-10,0.9999744641776311,2.5535326675469992e-5
24284,1.6253562443390838e-12,2.849489696689128e-10,0.9999910808075544,8.918905871178742e-6
24285,1.572859549037611e-12,6.896355737713221e-10,0.9999780739774493,2.192533134228672e-5
24286,3.144791887780896e-12,1.2430752185816966e-10,0.9999911808600842,8.819012463434271e-6
24287,1.3439089893402216e-11,1.2287990031071987e-9,0.9999516876974522,4.831106030988425e-5
24288,1.5944871975084736e-12,3.6636867291268307e-10,0.9999860017247447,1.3997907292238608e-5
24289,1.1500845494197561e-12,1.9428868216904641e-10,0.9999896653807077,1.0334423853598159e-5
24290,5.192172463397544e-12,4.947243105460996e-10,0.9999764471697858,2.3552330297601648e-5
24291,4.7884476143381986e-12,4.108689528558887e-10,0.9999739122615494,2.608732279313719e-5
24292,2.2718727585587607e-12,1.465481816579441e-10,0.999986419624511,1.3580226669000354e-5
24293,2.7975268747946455e-12,4.115686904801808e-10,0.9999907830586415,9.216526992174448e-6
24294,7.461947539436702e-12,6.605310916505271e-10,0.9999751330661479,2.4866265858941164e-5
24295,1.8904003198134878e-12,3.543876646787241e-10,0.9999896443035672,1.0355340154731635e-5
24296,6.094570872355389e-12,5.792054517310779e-10,0.9999640629641781,3.5936450521915214e-5
24297,8.879605985099708e-12,3.3707775713475807e-10,0.9999819386208928,1.806103314982502e-5
24298,3.0640909819948197e-12,3.961992295706587e-10,0.9999862624161228,1.3737184613961251e-5
24299,4.1910346795313286e-12,4.2927385760067153e-10,0.9999792100310365,2.0789535498609858e-5
24300,3.4708837684042444e-12,2.0358527628363424e-10,0.9999834882461903,1.651154675360922e-5
24301,1.9746216797147357e-12,1.6289632115086515e-10,0.9999884571052783,1.154272985085982e-5
24302,8.609649701228875e-12,5.542408100003889e-10,0.9999717071131804,2.8292323969056022e-5
24303,6.36552463155948e-12,7.002080598062098e-10,0.9999695771574316,3.0422135994845967e-5
24304,3.4522754035943167e-12,2.428529588523724e-10,0.9999819289966058,1.807075708899032e-5
24305,5.735223258957616e-12,3.9251382476757316e-10,0.9999725648183067,2.7434783444550643e-5
24306,5.8986073759520454e-12,3.989209219741032e-10,0.999959807349695,4.019224548540226e-5
24307,1.3913437531942915e-11,5.700890955230453e-10,0.9999514179465552,4.858146944242691e-5
24308,2.4827913081476536e-12,1.8675464450191972e-10,0.9999853889895347,1.4610821228018076e-5
24309,1.2598913344303309e-12,2.621301812595324e-10,0.9999865902846705,1.340945193941066e-5
24310,1.2146992992777683e-11,1.2896215245742466e-9,0.999962277809258,3.772088897370454e-5
24311,6.240937204437911e-12,5.242758754743359e-10,0.9999622193247554,3.7780144727765566e-5
24312,6.594132817771544e-12,2.659538182161183e-10,0.9999763141038003,2.368562365189045e-5
24313,6.506814644209893e-12,3.246067699180135e-10,0.9999747447051361,2.5254963750258098e-5
24314,3.76379999581153e-12,9.054110398564462e-10,0.9999715736217919,2.8425469033185337e-5
24315,7.370964349919144e-12,4.5857011820884225e-10,0.9999747854172532,2.5214116805697635e-5
24316,8.015478487859263e-12,3.79670297559428e-10,0.999973540817118,2.6458795196122725e-5
24317,6.5548332216718575e-12,7.655895605167106e-10,0.9999765259936182,2.347323423731529e-5
24318,1.8692509867497966e-12,1.7454111542536158e-10,0.9999831642693218,1.6835554267830262e-5
24319,3.454575525360712e-12,2.0816007944169657e-10,0.9999899140882338,1.0085700151681618e-5
24320,3.7028373893562306e-12,5.46381550262382e-10,0.9999525625755333,4.7436874382281306e-5
24321,8.772343041714165e-12,6.528284613678548e-10,0.9998089541253505,1.9104521304877872e-4
24322,6.6591907630226526e-12,4.726823698688954e-10,0.9998970857704563,1.0291375020208922e-4
24323,3.3232335064309304e-12,1.4197226308950642e-10,0.9999381120495258,6.18878051788792e-5
24324,3.800568468557663e-12,3.172639142396702e-10,0.9998862080798833,1.1379159905226365e-4
24325,1.1777574887839435e-11,9.820642885770834e-10,0.9996721677138782,3.278312922798846e-4
24326,1.417718910059423e-12,1.9445171847361287e-10,0.9999460080722428,5.3991731887915025e-5
24327,3.850973611564756e-12,4.2075122877731846e-10,0.999913913417962,8.60861574357425e-5
24328,3.5919506730565535e-12,4.723269117826848e-10,0.9998862884708148,1.1371105326629564e-4
24329,6.9120956584349375e-12,9.594283531429256e-10,0.9998671336482443,1.3286538541512646e-4
24330,5.0022701498677625e-12,2.009551384654137e-10,0.9998812967704716,1.1870302357101525e-4
24331,2.215019427629312e-12,3.0005349205424117e-10,0.9998950747522731,1.0492494545828599e-4
24332,7.523710807122848e-12,3.528768881629812e-10,0.9999212673608829,7.873227871627015e-5
24333,8.338841178575833e-12,6.860923992130606e-10,0.9998537834638754,1.4621584169324624e-4
24334,8.225951199755847e-12,7.719030563227436e-10,0.9998813514014097,1.1864781846122614e-4
24335,8.432518134867724e-12,1.5021876021744506e-9,0.9996475107606233,3.524877287565767e-4
24336,2.9994501363080895e-12,4.5033897656034445e-10,0.9998971299948654,1.02869551796258e-4
24337,4.249618354197472e-12,1.5276835132485915e-10,0.999942170377272,5.782946571015251e-5
24338,9.695085778318218e-12,2.946503992263234e-10,0.9998796620691145,1.2033762654014568e-4
24339,1.1998398456282503e-11,9.042912781131148e-10,0.9996529992537305,3.4699982997973556e-4
24340,5.1089471374128204e-12,7.46061419867419e-10,0.99992173266935,7.826657947960862e-5
24341,6.382317974376689e-12,2.9167963455599405e-10,0.9999552439441043,4.475575783364957e-5
24342,7.05664839624023e-12,6.446689119725896e-10,0.9999129444525875,8.705489568674435e-5
24343,4.0052945636571506e-12,4.300552941643255e-10,0.9999436765702531,5.632299568640291e-5
24344,1.071046083907332e-12,1.278778912537477e-10,0.9999650531070331,3.494676401794347e-5
24345,3.211176397713028e-12,1.9627001251759288e-10,0.9999547617880264,4.5238012492355054e-5
24346,5.596048675654368e-12,3.0906736057081157e-10,0.9999422495899317,5.775009540476549e-5
24347,4.333476751148287e-12,5.438895951811013e-10,0.9999524999425491,4.749950922774725e-5
24348,4.746026642938544e-12,1.6382054721374763e-10,0.9999665858343711,3.341399706226227e-5
24349,5.604738891262297e-12,3.6782117576649956e-10,0.9999410170672796,5.898255929453295e-5
24350,2.2162875996194063e-12,6.17477318165371e-10,0.9999467844568685,5.3214923437903403e-5
24351,1.0837316760355032e-11,4.2415331271791716e-10,0.999911170319424,8.882924558532077e-5
24352,3.0887819551067122e-12,7.222507702777085e-10,0.9999363356094633,6.366366519718396e-5
24353,4.401099063597575e-12,3.54188248782337e-10,0.9999510742627635,4.892537864715967e-5
24354,2.3696428376612716e-12,5.935469216996501e-10,0.9999140949151234,8.59044889600291e-5
24355,1.8273117960399056e-12,1.6140941782807493e-10,0.9999815936218868,1.840621487650872e-5
24356,3.6638201820244066e-12,5.349968264399947e-10,0.9998575868978232,1.4241256351612704e-4
24357,1.01379851626879e-11,5.039107258206666e-10,0.9999333997935934,6.659969235771165e-5
24358,4.50156792421919e-12,3.671464060347822e-10,0.9999251836511954,7.481597715656527e-5
24359,7.613366812131531e-12,1.1568492077888153e-9,0.9999626618860544,3.733694948287786e-5
24360,2.2736604862958376e-12,3.973000305272182e-10,0.9999778448649745,2.2154735451655307e-5
24361,7.140972384866395e-12,7.809230421497828e-10,0.9999578952688414,4.2103943094699814e-5
24362,1.1128895954162729e-11,3.1826688064174495e-10,0.9999608990558551,3.910061474907014e-5
24363,2.1410985997206676e-12,1.8887542755983194e-10,0.9999840764890413,1.592331994223423e-5
24364,3.371305359268256e-12,6.952095249843227e-10,0.9999844443152226,1.555498619667441e-5
24365,1.1198669232529025e-11,1.0325356132323188e-9,0.9999521185179504,4.7880438315335276e-5
24366,4.447222922596523e-12,4.00152103603153e-10,0.9999737020173654,2.629757803539352e-5
24367,4.973445268039894e-12,6.126097261628268e-10,0.9999579224006193,4.207698179751688e-5
24368,1.6772144274432458e-12,3.608672867339933e-10,0.9999845828867043,1.5416750751360943e-5
24369,7.1116053898540825e-12,6.261866034258893e-10,0.999961667377171,3.8331989530848865e-5
24370,2.3866624692495184e-12,3.511002566103587e-10,0.9999850183778095,1.4981268703550381e-5
24371,3.6066674133191783e-12,2.5698190880558124e-10,0.9999830874019567,1.6912337454760184e-5
24372,2.6174016816184263e-12,2.3245508702340157e-10,0.9999790994404378,2.0900324489797665e-5
24373,5.2959025952512785e-12,4.987719281110042e-10,0.9999818470620344,1.8152433897801106e-5
24374,7.5889972342612e-12,4.424262864669814e-10,0.9999725488487464,2.745070123838126e-5
24375,2.3432977112866216e-12,2.879321368234297e-10,0.9999719612881676,2.8038421557129406e-5
24376,2.3990358285654423e-12,3.020833899120417e-10,0.9999853205749623,1.4679120555278594e-5
24377,3.257494741634092e-12,3.9107035544124937e-10,0.9999838571027504,1.6142502921781916e-5
24378,2.103874527691519e-12,1.0030759944430815e-9,0.999942547587055,5.745140776513278e-5
24379,3.9151767581002466e-12,4.4942702942404755e-10,0.999971799792244,2.819975441385082e-5
24380,3.5984871776643556e-12,3.576580851642276e-10,0.9999664684375748,3.353120116854098e-5
24381,1.0868914506066472e-11,5.296415867198274e-10,0.999952973411699,4.70260477905994e-5
24382,6.657813281541361e-12,6.719150632074336e-10,0.9999692073846673,3.0791936759740175e-5
24383,3.0250076142454768e-12,2.5587896434714573e-10,0.9999742493374238,2.5750403672204898e-5
24384,2.535646571407729e-12,3.3458253496723e-10,0.9999782052762024,2.1794386679612363e-5
24385,4.591745655011775e-12,2.622159527242326e-10,0.9999824790355574,1.7520697634856766e-5
24386,3.1673981717695343e-12,2.8879869223336225e-10,0.9999775854160015,2.2414292032542248e-5
24387,5.455123332355049e-12,3.0357837053571145e-10,0.9999783259994974,2.1673691469182846e-5
24388,5.346177322862814e-12,2.919579491902088e-10,0.9999719601453245,2.8039557371392493e-5
24389,6.044535750333131e-12,4.0557521543775416e-10,0.9999616041442355,3.8395444144783215e-5
24390,6.0712402744258196e-12,3.6071944853412243e-10,0.9999772222032712,2.2777429938201007e-5
24391,6.162936623920304e-12,5.282018579051103e-10,0.9999330013031786,6.699816245677417e-5
24392,3.41999226147753e-12,6.356181376025347e-10,0.9999662643360709,3.373502489088096e-5
24393,1.8998747776904477e-12,2.145831355045383e-10,0.9999856467919813,1.4352991535529352e-5
24394,3.772164247132073e-12,7.165663743746986e-10,0.9999674454333637,3.2553846297694546e-5
24395,3.1918492562326035e-12,2.5977601695984894e-10,0.9999859124783581,1.4087258673977025e-5
24396,9.45481162465735e-12,4.8067472504755e-10,0.9999536792164553,4.632029341538002e-5
24397,1.3601161125611688e-12,2.4072216546383486e-10,0.9999942695135837,5.730244333893217e-6
24398,5.5599310250239554e-12,4.3204079425609814e-10,0.9999931236914632,6.875870936123762e-6
24399,1.5829697712511298e-12,6.053527582376918e-10,0.9999861059038199,1.3893489244598487e-5
24400,1.360723995472512e-12,3.093634117047934e-10,0.9999927555765324,7.244112743388979e-6
24401,3.627547531620358e-12,3.4189650234975713e-10,0.999990449115243,9.550539232768624e-6
24402,2.4436274208031767e-12,1.3876626485813802e-10,0.9999957579097547,4.241949035176634e-6
24403,7.520672153200698e-13,2.0449150590898745e-10,0.9999963405295482,3.6592652082476913e-6
24404,5.695057272850931e-13,1.7928452672098361e-10,0.9999952960941662,4.703725979959541e-6
24405,3.0719557910935555e-12,3.696015608985537e-10,0.9999934350592358,6.564568090834174e-6
24406,6.640997335668361e-12,5.733785328094779e-10,0.9999916789784411,8.320441539415412e-6
24407,1.3167530816344128e-12,3.7941480224906404e-10,0.9999952373605062,4.762258762085302e-6
24408,3.0403916703962272e-12,5.879811079471742e-10,0.9999896376970941,1.0361711884305514e-5
24409,3.902281765784547e-12,5.487191697686679e-10,0.9999865978405809,1.3401606797653885e-5
24410,5.6207216988760575e-12,5.875521233105517e-10,0.9999873298303,1.2669576527202037e-5
24411,1.5145687007749943e-12,3.1237334762583464e-10,0.9999958118204403,4.187865671842271e-6
24412,5.743825526885181e-12,5.294022302089482e-10,0.999989478299452,1.0521165401988312e-5
24413,3.947214675426666e-12,3.512731674688852e-10,0.9999939792757774,6.020369002145816e-6
24414,3.23931166083507e-12,9.329911065193756e-10,0.9999894541944426,1.0544869327060344e-5
24415,3.981669365191422e-12,2.705365001763094e-10,0.9999911537951538,8.845930328015606e-6
24416,3.679780820613373e-12,5.961463379975287e-10,0.9999173320450268,8.266735514707763e-5
24417,1.9647990681515707e-12,3.835064636156372e-10,0.9999188208992402,8.117871528847869e-5
24418,2.8736421823200984e-12,6.833964385156706e-10,0.9998580383653315,1.419609483982335e-4
24419,2.6674103029021555e-12,6.32929983713672e-10,0.9999286483820156,7.135098238707254e-5
24420,2.0666079569184836e-12,5.960075247610727e-10,0.9999461448578278,5.385454409788118e-5
24421,5.378609834433851e-12,4.1163291027921346e-10,0.9998977819523649,1.0221763062360513e-4
24422,5.628664479249752e-12,5.045206118881085e-10,0.9999020284719785,9.797101787228667e-5
24423,2.3014127912581412e-12,1.1220221931615083e-9,0.9998903946815844,1.0960419409222245e-4
24424,1.329614823465109e-12,2.5651794393393434e-10,0.9999571817171109,4.2818025041412915e-5
24425,1.4586851093103505e-12,2.931077542555405e-10,0.9999265328459441,7.346685948950742e-5
24426,6.881604630641136e-12,6.700254185292503e-10,0.9998894370001088,1.1056232298428803e-4
24427,6.39101492167997e-13,1.1442754456959027e-10,0.9999716530143952,2.834687053814828e-5
24428,4.794049723819375e-12,1.02639265318557e-9,0.9998982833519909,1.0171561682240935e-4
24429,2.954409143367787e-12,8.83809367115358e-10,0.9999277082164156,7.229089682055776e-5
24430,1.983045964109368e-12,5.555634998573334e-10,0.999842840721068,1.571587213853992e-4
24431,2.24848788191325e-12,4.2061093992335097e-10,0.9999392472660826,6.0752311058096405e-5
24432,2.1743695278526134e-12,6.98147702927095e-10,0.9999411777211955,5.882157848241155e-5
24433,3.5743137744043388e-12,7.419446738321152e-10,0.9998797237793229,1.2027547515810176e-4
24434,2.8999467433531128e-12,4.737474083507835e-10,0.999926295189922,7.370433343059585e-5
24435,5.852549877864918e-12,5.502873573165128e-10,0.9999879266581787,1.2072785681233205e-5
24436,3.832710593970577e-12,2.959211240928442e-10,0.9999806718236239,1.932787662228901e-5
24437,4.212211122714052e-12,5.460367638712299e-10,0.9999786769429609,2.132250679008227e-5
24438,6.449349553840472e-12,2.988510224877289e-10,0.9999849442757558,1.5055418943832009e-5
24439,1.8920410756692395e-12,1.364147486795272e-10,0.9999924946189584,7.5052427348272776e-6
24440,2.4050993061131534e-12,5.742217500555603e-10,0.9999842166524028,1.5782770970347136e-5
24441,8.454308936766779e-12,8.497573444090866e-10,0.9999674384138231,3.256072796507516e-5
24442,5.3935853485206775e-12,4.789971667618169e-10,0.9999815538533693,1.8445662239926658e-5
24443,1.3256411629674825e-12,1.609310873866221e-10,0.9999942951190576,5.704718685589993e-6
24444,1.904017056753454e-12,3.8083481741731774e-10,0.999985376859372,1.462275788904829e-5
24445,4.649227874170632e-12,3.4334891709620837e-10,0.9999832506514135,1.6749000588244194e-5
24446,3.3043365561018323e-12,2.6130238215288625e-10,0.9999833468775153,1.6652857877812932e-5
24447,4.032747714136739e-12,6.872669370132207e-10,0.9999797192281044,2.028008059597305e-5
24448,3.1183219719787813e-12,6.102364343823909e-10,0.999981016526845,1.898285980011506e-5
24449,3.313939507100706e-12,1.58359237794424e-10,0.9999851294031122,1.4870435214576876e-5
24450,1.5066506063422837e-12,2.0550888698705287e-10,0.9999884324986802,1.1567294304235116e-5
24451,2.414224813918423e-12,3.3828968739267014e-10,0.9999797032564782,2.0296402817851022e-5
24452,2.2905680410303e-12,1.185986064785235e-10,0.9999838478222969,1.615205681395464e-5
24453,2.568283249542328e-12,1.2841753959621117e-10,0.9999953730941292,4.626774884962877e-6
24454,5.768432215496325e-12,6.698789890475195e-10,0.9999469496137298,5.304971062269882e-5
24455,3.544095635085352e-12,2.1363485070927603e-10,0.999985025693621,1.4974089199985518e-5
24456,2.8698672553296622e-12,6.747162937094271e-10,0.9999483018421613,5.1697480252342685e-5
24457,2.2860822328642783e-12,1.441326213088888e-10,0.9999732964472406,2.6703406340629857e-5
24458,4.651349718204205e-12,5.905800344527628e-10,0.9999604922224651,3.9507182303561596e-5
24459,3.38946923453018e-12,4.351917680410333e-10,0.9999765963223877,2.3403239031075877e-5
24460,2.7079846632200185e-12,2.988720126340515e-10,0.9999724515636293,2.7548134790603563e-5
24461,1.5640365739237036e-12,2.6953166707850235e-10,0.9999778743685679,2.2125360336331295e-5
24462,3.5741862097528027e-12,5.110030916715358e-10,0.9999700106452467,2.998884017588574e-5
24463,5.65434895290785e-12,6.365099285599329e-10,0.999973272448036,2.672690979978274e-5
24464,3.6151077359566194e-12,2.9084666589026034e-10,0.9999759428906837,2.405681485453542e-5
24465,5.778997491064295e-12,8.473715647875227e-10,0.9999481291837861,5.1869963063371795e-5
24466,7.62511150244241e-12,7.695010532877807e-10,0.9999685880019212,3.1411220952657505e-5
24467,8.798567765659715e-12,1.3225138866575865e-9,0.999938481343001,6.15173256866605e-5
24468,3.832519158385736e-12,6.647030355264979e-10,0.9999607186667302,3.928066473412489e-5
24469,1.7530740720755355e-11,2.2604581101160285e-9,0.9998834094510036,1.165882710075041e-4
24470,5.574386395130595e-12,3.6899189176409307e-10,0.9999555920369053,4.440758852847787e-5
24471,3.439488400486763e-12,8.034523380182202e-10,0.999969645434738,3.0353758370225517e-5
24472,4.1920384672717334e-12,3.2986622857700567e-10,0.9999802198824264,1.977978351539741e-5
24473,2.1654026754485593e-12,2.2284304670619711e-10,0.9999811916527181,1.8808122273360958e-5
24474,1.763736077796027e-11,6.89993470999887e-10,0.9999627778277929,3.7221464576176826e-5
24475,1.5936135792260903e-12,2.6602789450467194e-10,0.9999846640144006,1.5335717977854055e-5
24476,2.0039365696738152e-12,3.73460609738959e-10,0.9999853960344809,1.4603590054417494e-5
24477,1.4597584439046064e-12,2.537299620245722e-10,0.9999869132104169,1.3086534393592672e-5
24478,2.857837113267176e-12,1.8636913382091108e-10,0.9999910048379435,8.994972829656317e-6
24479,1.3415297280392747e-12,1.2953709352273733e-10,0.9999868261672266,1.3173701894824764e-5
24480,4.659731052350408e-12,2.3907335033429317e-10,0.9999784033593809,2.1596396886119392e-5
24481,2.061197367982074e-12,2.064161613375465e-10,0.9999856292575691,1.4370533953690786e-5
24482,4.243949208937057e-12,2.1155186410662565e-10,0.9999816684517586,1.8331332445609406e-5
24483,1.0498050391978888e-11,4.2791619507731783e-10,0.9999662002332533,3.379932833238347e-5
24484,1.5947876740426158e-12,1.570446995145416e-10,0.9999893392864743,1.0660554886388233e-5
24485,2.7724252639277624e-12,1.7845538321800374e-10,0.9999862236461446,1.3776172627372193e-5
24486,3.940816662293612e-12,3.7108349444103656e-10,0.9999874728215629,1.2526803412637525e-5
24487,1.474516897069289e-12,1.7856860068148356e-10,0.9999850934386121,1.4906381344803011e-5
24488,5.54758989188451e-12,8.327035306985595e-10,0.9999778081843886,2.21909773602968e-5
24489,2.9864915645101816e-12,4.0273500472798184e-10,0.9999840028891006,1.5996705177956163e-5
24490,1.8226244066854206e-12,3.022472732738282e-10,0.9999897019114129,1.0297784517355367e-5
24491,3.165812771053221e-12,3.0631331997380723e-10,0.9999632930304458,3.670666007502236e-5
24492,2.874454328822052e-12,1.4512880132257528e-10,0.9999852698266697,1.4730025327212093e-5
24493,9.066666000210164e-13,1.2068744711977615e-10,0.9999931761859158,6.8236924901055344e-6
24494,1.0094604412568878e-12,3.23431450342251e-10,0.9999892077050091,1.0791970549950041e-5
24495,3.869979828273833e-12,2.7291335325101365e-10,0.999987302087368,1.2697635848779613e-5
24496,2.5536028269216173e-12,3.3811379003489333e-10,0.9999801976608119,1.9801998520734957e-5
24497,1.1223013009308352e-12,6.78858020184197e-11,0.9999947093317866,5.290599205164109e-6
24498,3.020447432224016e-12,4.301104170638964e-10,0.9999874817968922,1.2517769977044504e-5
24499,2.519314864158556e-12,1.3159542480387652e-10,0.9999926274273272,7.372438557888306e-6
24500,2.711118261876305e-12,4.1009891331601365e-10,0.9999879372086089,1.206237858091775e-5
24501,4.2857978350765435e-12,3.414691077761996e-10,0.9999804652006685,1.953445357663414e-5
24502,5.0751701722577595e-12,1.5639972812169357e-10,0.9999852067571097,1.4793081415345542e-5
24503,1.8749253993414008e-12,8.559843254130191e-11,0.9999846366875018,1.536322502479252e-5
24504,4.691987199684166e-12,4.6253213574439126e-10,0.9999791425032403,2.0857029535678825e-5
24505,2.026358604782623e-12,1.7239986121977466e-10,0.9999869294235892,1.3070401984550454e-5
24506,1.4528596299099384e-12,9.51696587541606e-11,0.9999916156929088,8.38421046854571e-6
24507,3.568071621117183e-12,3.5772675261382835e-10,0.9999804760959626,1.952354274254814e-5
24508,2.0775047535281805e-12,1.6848212440115854e-10,0.9999893896704738,1.0610158966750047e-5
24509,2.2639931298156796e-12,9.141767633327189e-11,0.9999908391670759,9.160739242444825e-6
24510,1.3955450727016228e-12,1.1998616675086303e-10,0.9999931840761122,6.815802506188783e-6
24511,8.691983556017345e-12,4.559722216893631e-10,0.9999669395011037,3.306003423211417e-5
24512,3.3482012573740217e-12,2.1862544973858347e-10,0.9999783690595956,2.163071843079481e-5
24513,7.868723522862803e-12,6.335094010665315e-10,0.9999628581160286,3.714124259313326e-5
24514,5.508669727166903e-12,7.162385262322531e-10,0.9999765936022013,2.3405676051675985e-05
24515,3.644151319434795e-12,3.0949117172855123e-10,0.9999805830774275,1.9416609436929736e-5
24516,4.5061039474656606e-12,3.868703132627851e-10,0.9999757360953895,2.42635132342655e-5
24517,9.392970807132149e-12,7.348109431799388e-10,0.9999719469567891,2.8052299007016058e-5
24518,3.0182160250701974e-12,4.634208513564552e-10,0.9999481565350755,5.184299848542193e-5
24519,2.799889316701384e-12,3.5674512451652604e-10,0.9999833987553702,1.6600885084734172e-5
24520,1.554961391686447e-12,2.8759082561995914e-10,0.9999862514733502,1.3748237503962314e-5
24521,4.660429613352386e-12,4.4860893649685774e-10,0.9999707496879111,2.9249858819552516e-5
24522,2.6098599414262773e-12,2.274370075741119e-10,0.999977080876586,2.2918893367132915e-5
24523,1.4841927473156157e-12,4.457843635233907e-10,0.9999806557229575,1.934382977412115e-5
24524,4.438317644489599e-12,2.030560334554481e-10,0.999982691126959,1.7308665546533566e-5
24525,5.785160084671865e-12,6.547521297573017e-10,0.9999635234179308,3.647592153186121e-5
24526,4.804659359334051e-12,3.618415233315061e-10,0.9999835992207158,1.640041263784229e-5
24527,2.9507070029627137e-12,4.0304485891999233e-10,0.9999685796854856,3.1419908518920155e-5
24528,1.6192710903489076e-11,1.0057572837521377e-9,0.9999412954901454,5.8703487904524023e-5
24529,4.1791643487782545e-12,3.3088105196453604e-10,0.9999801905357205,1.9809129219158824e-5
24530,5.142591295662381e-12,4.1991171807492615e-10,0.999958422722318,4.157685262772957e-5
24531,3.1847713928291668e-12,6.751847491525094e-10,0.999950558561099,4.944076053140532e-5
24532,3.4024273858045186e-12,2.9004349129881294e-10,0.9999783752038287,2.162450272532403e-5
24533,6.358210933912166e-12,6.325660185310857e-10,0.9999369460838445,6.305327723136164e-5
24534,2.590966401122374e-12,3.3059456236400386e-10,0.9999632252622088,3.6774404605721686e-5
24535,5.012734563775019e-12,1.212024107088963e-10,0.9999761681085781,2.3831765206641286e-5
24536,2.7232885214636257e-12,2.690331093986842e-10,0.9999654100695436,3.458965869999534e-5
24537,8.035799141660904e-12,2.981997715949387e-10,0.9999596430540393,4.0356639725061544e-5
24538,4.299893288390208e-12,8.061990343163096e-10,0.9999573215146221,4.267767487906095e-5
24539,7.661700701507348e-12,9.58709191026817e-10,0.9999045596746192,9.543935900993279e-5
24540,4.435503953522143e-12,1.9645982971810476e-10,0.999977453472783,2.2546326321652338e-5
24541,5.511079208260155e-12,4.1169232933332064e-10,0.9999712178835433,2.8781699253466298e-5
24542,2.7911420878978268e-12,5.377771749550881e-10,0.9999603078589276,3.969160050412171e-5
24543,9.560581021974245e-13,1.5046230426949974e-10,0.9999874888545918,1.2510993989788855e-5
24544,2.7410954141161145e-12,2.795439593781761e-10,0.9999814815927089,1.8518125006087704e-5
24545,2.5349713697694644e-12,1.218282880108405e-10,0.9999838671653004,1.613271033638937e-5
24546,2.032079580800994e-12,4.0169199060840195e-10,0.9999659515670043,3.40480292718017e-5
24547,5.096178911780713e-12,4.781001572559104e-10,0.9999562160419864,4.3783474817272344e-5
24548,1.1188539948247517e-12,2.810498643448728e-10,0.9999708190265858,2.9180691245527626e-5
24549,4.812008483708552e-12,3.26374085945446e-10,0.9999664920351968,3.3507633616838816e-5
24550,2.517825630023959e-12,4.981969667034017e-10,0.9999764669550528,2.3532544232311365e-5
24551,2.7313143566981375e-12,3.504032054306885e-10,0.99995998352275,4.001612411557568e-5
24552,2.4879974004632777e-12,4.1109348255902257e-10,0.9999443344778002,5.56651086183482e-5
24553,3.769209915343497e-12,2.8335031734088284e-10,0.99996531373555,3.4685977330481814e-5
24554,3.41379640387979e-12,1.899217783186801e-10,0.9999681451864909,3.185462017348317e-5
24555,3.3671245153026233e-12,8.294538467050303e-10,0.9999494803941075,5.051877307148348e-5
24556,9.344781151366088e-12,5.753788136458173e-10,0.9999345332082001,6.546620707640468e-5
24557,2.5961955193726524e-12,3.395857898438339e-10,0.9999715430204389,2.845663737899162e-5
24558,3.751996220060049e-12,5.421725943609046e-10,0.9999690619666951,3.0937487380247704e-5
24559,2.644736575397052e-12,7.956672036622899e-10,0.9999667861033852,3.3213098302708166e-5
24560,1.4021107677264315e-12,2.8427966546692234e-10,0.999973578909108,2.6420805210329522e-5
24561,3.293623726794066e-12,4.918691783394721e-10,0.9999437527530807,5.6246751756561905e-5
24562,3.3180998637625354e-12,2.2622960714071507e-10,0.9999783878317172,2.1611938735169263e-5
24563,9.955508105808208e-13,4.181949627688172e-10,0.9999633970543029,3.660252650656683e-5
24564,3.596693116393311e-12,5.41298819861521e-10,0.9999411753710052,5.8824084099136486e-5
24565,1.6857583207706905e-12,2.3384130368470116e-10,0.9999756025390479,2.4397225425092235e-5
24566,3.7596787990137686e-12,4.2903224711883466e-10,0.9999676422844049,3.235728280314047e-5
24567,2.3898558463047327e-12,4.791150096370321e-10,0.9999695438181108,3.045570038441137e-5
24568,8.29805241822725e-12,1.2806425743716521e-9,0.9999326115524407,6.738715861866503e-5
24569,6.4415853321987234e-12,3.197230351095876e-10,0.9999667655155499,3.323415828548285e-5
24570,2.429928539174354e-12,7.141647146491077e-10,0.9999647426618093,3.5256621596076155e-5
24571,4.542649068192169e-12,1.0656341608136042e-9,0.9999460875038646,5.391142595867297e-5
24572,3.106493351576707e-12,2.5034433624774396e-10,0.9999786210412968,2.1378705252571235e-5
24573,2.915216367310016e-12,3.8117280481512324e-10,0.9999745704272083,2.5429188703657585e-5
24574,1.3469405723027232e-12,2.479222834876216e-10,0.999986578261193,1.3421489537765089e-5
24575,2.7912946965806734e-12,4.991597793324296e-10,0.9999551689786589,4.483051938997739e-5
24576,1.463978709535435e-12,2.836950199953891e-10,0.9999779784164885,2.2021298352512717e-5
24577,1.9750930274181663e-12,4.99029659381578e-10,0.9999783704316009,2.1629067394330238e-5
24578,2.7092895027087033e-12,4.043829422217753e-10,0.9999728851016201,2.711449128767145e-5
24579,2.8283667682438866e-12,5.225427760675081e-10,0.9999708373119959,2.9162162632995503e-5
24580,2.7790970128211287e-12,3.106769338533085e-10,0.9999743556260783,2.5644060465570316e-5
24581,2.5130547831911193e-12,2.708738426635106e-10,0.9999720565079652,2.7943218647891547e-5
24582,1.0039142530213523e-12,1.4232006756808906e-10,0.9999895595068256,1.0440349850392813e-5
24583,1.2235432971959126e-12,3.3229656157158796e-10,0.999974429371152,2.557029532785253e-5
24584,2.5736242077593808e-12,2.455814955143188e-10,0.9999829529574844,1.7046794360565477e-5
24585,5.968837743703681e-12,1.0213706555674553e-9,0.9999027052804902,9.729369217037224e-5
24586,2.484373994570764e-12,3.682135751864065e-10,0.999975102521419,2.4897107883065676e-5
24587,3.1675028278713547e-12,2.3039695550580748e-10,0.999996445105419,3.5546610165553843e-6
24588,2.033604736492798e-12,1.7498961770075266e-10,0.999994449492516,5.550330460803256e-6
24589,8.475750997549072e-13,3.6737751100515566e-10,0.9999965230213685,3.4766104064356965e-6
24590,3.3888571456147776e-12,2.7711180891987075e-10,0.9999962984126393,3.7013068602166574e-6
24591,3.3034058080218647e-12,2.5401555570321976e-10,0.9999960951050673,3.904637613686869e-6
24592,3.9930158930727064e-12,5.122676955769849e-10,0.9999916345030967,8.364980642517683e-6
24593,6.543706348105602e-12,4.665488891823989e-10,0.9999892851207549,1.0714406152609208e-5
24594,2.9156880454932193e-12,2.566655559343197e-10,0.999992875108591,7.12463182781323e-6
24595,1.3381875714862305e-12,1.9956122729994202e-10,0.9999977912559679,2.208543132534569e-6
24596,5.6111848221036734e-12,5.995124565370355e-10,0.9999898246816606,1.0174713215810148e-5
24597,2.8989248190840607e-12,3.7044057099301866e-10,0.9999949139012564,5.085725404238246e-6
24598,5.167901576027731e-12,2.100721668959609e-10,0.9999920527253656,7.947059394347735e-6
24599,2.3903250988875305e-12,2.9200812441298097e-10,0.9999950024116637,4.99729393799291e-6
24600,2.289552028141351e-12,2.4115365322620267e-10,0.9999966535233827,3.346233174220771e-6
24601,1.2002455243375454e-12,1.0845755982743575e-10,0.999996703441629,3.296448713149431e-6
24602,3.1413186693502306e-12,4.674269480242141e-10,0.9999956027287433,4.396800688571948e-6
24603,2.104624103652729e-12,2.131012759945992e-10,0.9999920243168774,7.975467916722495e-6
24604,2.9833163347904768e-12,3.061152255659487e-10,0.9999945325954179,5.467095483523959e-6
24605,3.2855709440395177e-12,1.4589831868873067e-10,0.9999955897242407,4.410126575480408e-6
24606,3.873668434285358e-12,5.350528100530238e-10,0.9999117497010176,8.824976005592673e-5
24607,9.03701104079387e-12,3.70316294193613e-10,0.9999045949447531,9.5404675893592e-5
24608,1.0743766051013958e-11,8.069317264081885e-10,0.9998004884541424,1.995107281821761e-4
24609,1.3317182377491279e-11,7.137706195670169e-10,0.9998250287548645,1.7497051804792334e-4
24610,4.784780918571521e-12,4.1008283077035355e-10,0.9997946191667569,2.0538041837558143e-4
24611,7.512425571791622e-12,3.862767514945889e-10,0.999846574407733,1.534251984778618e-4
24612,9.36805758381743e-12,1.3190569271017347e-9,0.9998274295893372,1.7256908223770275e-4
24613,2.481474658087957e-12,2.6905489426193906e-10,0.9999360155239168,6.398420454687514e-5
24614,4.306703867326093e-12,2.2906387702870148e-10,0.9998605848274159,1.39414939213492e-4
24615,3.328233795192487e-11,1.1188809273645002e-9,0.9996711361275564,3.288627202803582e-4
24616,4.012392297883066e-12,2.9070474248164985e-10,0.9998964394130883,1.0356029219479344e-4
24617,6.5994351283459185e-12,3.407972047037489e-10,0.9999270589176679,7.294073493527467e-5
24618,5.8210158998035945e-12,1.7410590566114847e-10,0.9999517054643393,4.829435573362979e-5
24619,6.7423703585356e-12,4.481455162602663e-10,0.9999002073745512,9.979217056099974e-5
24620,1.2757209473535909e-11,1.1442920142049473e-9,0.9996255889067658,3.744099361850726e-4
24621,2.0675851613936973e-12,2.0791314441244912e-10,0.9999347428563483,6.525693367088735e-5
24622,3.7469633853977136e-12,4.3203057132414464e-10,0.9998990729570246,1.0092660719783967e-4
24623,6.571816002338857e-12,2.9888210735198935e-10,0.999891381737845,1.086179567009998e-4
24624,1.0368977101417757e-11,3.7678103813000473e-10,0.9998863052538676,1.1369435898237334e-4
24625,3.5204583768114823e-12,2.1191289473720135e-10,0.9999669149748812,3.308480968529244e-5
24626,5.11702115426685e-12,4.3741467589963774e-10,0.999953651391152,4.634816631617969e-5
24627,2.5900551275118228e-12,3.659299739018714e-10,0.9999533140831066,4.66855483734116e-5
24628,1.616911085221065e-11,8.347542829102878e-10,0.9998822193932939,1.1777975578248325e-4
24629,3.543734440325264e-12,6.789360380189536e-10,0.9999525143428883,4.748497463187039e-5
24630,4.074416725662573e-12,4.024500840956294e-10,0.9999510368442368,4.8962749238689126e-5
24631,2.9959995298375843e-12,3.390080237694852e-10,0.9999512261528639,4.877350513217198e-5
24632,5.833147074134974e-12,4.0864082962953793e-10,0.9999487011002813,5.1298485244592706e-5
24633,2.6074153681938723e-12,1.6821061463574813e-10,0.9999740132316898,2.5986597492302096e-5
24634,5.214357159421716e-12,2.5099531599550554e-10,0.9999617304634408,3.826928034935968e-5
24635,9.547551771385017e-12,6.110248965919176e-10,0.99992311338788,7.688599154751238e-5
24636,4.208078903976532e-12,8.640401519607592e-10,0.9999585030812154,4.149605053621364e-5
24637,4.181889183162806e-12,2.7261268607994185e-10,0.9999690290285886,3.097069461672819e-5
24638,5.363376625733319e-12,7.497248946941392e-10,0.9999130904866448,8.690875826699852e-5
24639,4.7943638480656494e-12,5.20366247157775e-10,0.9999525204136468,4.7479061192649334e-5
24640,5.575461921254282e-12,4.4174850528232844e-10,0.9999604214271144,3.95781255616763e-5
24641,6.07039104730634e-12,2.36862569843111e-9,0.9998785299800463,1.2146764525747802e-4
24642,3.739915084862712e-12,3.146305842311876e-10,0.9999724670304498,2.75326511795201e-5
24643,1.529679149925098e-12,1.9729162656548336e-10,0.9999530715086343,4.692829254417214e-5
24644,3.640085165224938e-12,3.648235659940177e-10,0.9999440927447011,5.5906886835112226e-5
24645,7.640320417442643e-12,1.147727647704035e-9,0.9999077994494615,9.219939517040724e-5
24646,4.609665644080006e-12,2.807133405363102e-10,0.9999275645244512,7.243519022574768e-5
24647,4.574483339542963e-12,3.887830753461763e-10,0.9999630164306523,3.698317599020191e-5
24648,2.75782408843562e-12,1.4641128523195566e-10,0.999969545331829,3.0454519001891516e-5
24649,2.5940913423005272e-12,1.3765347673431822e-10,0.99996847117743,3.1528682322323026e-5
24650,8.128418064852647e-12,2.2005219962391278e-9,0.9998667965676173,1.3320122373233564e-4
24651,1.668265910745639e-11,4.1534536194346584e-10,0.9998801838633318,1.1981570464033952e-4
24652,2.2764282028889404e-12,1.7498882642234972e-10,0.999973986688797,2.6013133937618585e-5
24653,1.118975539803021e-11,3.876552820709546e-10,0.999919847591725,8.015200943005872e-5
24654,1.2460681908526942e-11,7.343247684312249e-10,0.9998141272134038,1.8587203981078906e-4
24655,4.445352354489635e-12,2.9171611604679734e-10,0.9999365966479543,6.340305588426411e-5
24656,7.1875910160582804e-12,6.985538428161615e-10,0.9999497670687418,5.0232225516502034e-5
24657,6.583360976862445e-12,6.731453763304499e-10,0.9998960685034698,1.0393081680149072e-4
24658,1.9576875806708923e-12,2.0583013570168683e-10,0.99997593923128,2.4060560932046055e-5
24659,2.8184927689943166e-12,3.602817632465572e-10,0.9999461936780456,5.380595885412586e-5
24660,8.473645019325042e-12,9.466723451545372e-10,0.9999299081168951,7.009092795895814e-5
24661,1.3561997125156494e-11,6.763994329621382e-10,0.9998784579616725,1.2154134836602546e-4
24662,1.438872272615411e-12,1.3464199052407766e-10,0.99997797024724,2.202961667922655e-5
24663,2.262014151230776e-12,2.5416096763250337e-10,0.999994186945479,5.8127980979333226e-6
24664,1.7353664201950618e-12,2.3295803282387364e-10,0.9999931177031438,6.882062162949839e-6
24665,3.6217164160581267e-12,2.0055551821055532e-10,0.99999374089865,6.258897172711973e-6
24666,7.427834574856066e-12,1.2858767015370524e-9,0.9999727905875767,2.7208119118955244e-5
24667,1.6202074571377972e-12,4.348124633956914e-10,0.9999907143172225,9.285246344945955e-6
24668,3.3581820761197838e-12,2.0250980473560463e-10,0.9999935384129597,6.461381172341474e-6
24669,3.012359169723027e-12,3.393357514570855e-10,0.9999895648674015,1.0434790250275207e-5
24670,8.906304232970308e-12,3.104580808562313e-10,0.999987871909116,1.2127771519661318e-5
24671,1.6878417696297597e-12,3.3017464917776644e-10,0.9999963880868492,3.6115812884501893e-6
24672,3.95641862412791e-12,4.688368086167055e-10,0.999989753671998,1.0245855208905467e-5
24673,1.8413685573267384e-12,9.093130424732997e-11,0.9999957030557213,4.29685150588293e-6
24674,4.916578813970232e-12,1.3732836910027312e-9,0.9999840838501854,1.5914771614149366e-5
24675,1.4740819857489156e-12,9.438085047324422e-11,0.999997264341015,2.7355631302661987e-6
24676,4.3692013736902916e-12,7.023234686220699e-10,0.9999827097333204,1.7289559987006686e-5
24677,1.82962970450637e-12,2.344709780206228e-10,0.9999928425798932,7.157183806199859e-6
24678,6.506883019498606e-12,6.113866767356187e-10,0.9999865464112732,1.3452970833111804e-5
24679,4.704029284000781e-12,7.903012584722307e-10,0.9999818295716275,1.816963336712373e-5
24680,2.207055199707172e-12,3.4506996890255177e-10,0.9999922023688251,7.797283897796219e-6
24681,8.258389065008675e-12,6.904755413133238e-10,0.9999808546298176,1.91446714485061e-5
24682,2.6760398053044993e-11,1.7008972254508746e-9,0.9999472602834788,5.273798886343342e-5
24683,2.8979656000627497e-12,3.263221109740603e-10,0.9999863181373344,1.3681533445410618e-5
24684,4.4537163762044764e-12,4.569924355388074e-10,0.9999751636099324,2.4835928621373464e-5
24685,1.365528495246063e-11,3.663692340232879e-10,0.9999675661171613,3.2433502814084415e-5
24686,5.149597933619964e-12,2.9499985199368976e-10,0.9999788874594853,2.1112240365396783e-5
24687,8.11643814613204e-12,5.4014639555121e-10,0.9999742276137432,2.5771837994024633e-5
24688,7.642435596412843e-12,5.990617182878769e-10,0.9999668666390287,3.31327542673131e-5
24689,6.6361507934092085e-12,3.5255397104839233e-10,0.9999840647765629,1.593486424717947e-5
24690,1.0940171774631213e-11,3.8005615815070936e-10,0.9999721786750168,2.7820933986733807e-5
24691,8.973205745170464e-12,7.342471869949707e-10,0.9999697287590318,3.0270497747854638e-5
24692,2.5060595623729524e-11,9.643546803934872e-10,0.9999484848426352,5.151416794948122e-5
24693,2.663664744041162e-12,2.0536661631112e-10,0.999985113256984,1.4886534985741269e-5
24694,8.21585084466439e-12,6.173336691829793e-10,0.999985879595228,1.4119779222621098e-5
24695,6.331019728510168e-12,8.391326418386585e-10,0.9999679678336422,3.203132089404211e-5
24696,9.545535488448565e-12,6.174946220274228e-10,0.9999646696904124,3.5329682547407537e-5
24697,4.409768804335288e-12,3.080552290640185e-10,0.9999764321982509,2.3567489284160405e-5
24698,8.715812029256058e-12,1.0723719404498926e-9,0.9999747130728373,2.5285846074926983e-5
24699,2.7580497282178337e-12,2.700341154122127e-10,0.9999883494265382,1.16503006695555e-5
24700,5.454675689696423e-12,8.124439804907706e-10,0.9999750728172235,2.4926364877848782e-5
24701,9.746660362043392e-13,1.1614981382660956e-10,0.9999964178101928,3.582072682803222e-6
24702,5.394942959762704e-12,6.905780407770292e-10,0.9999889806029383,1.101870108875627e-5
24703,3.2463471843186575e-12,3.2317881295176955e-10,0.9999944791344059,5.520539169119093e-6
24704,9.646938730746285e-13,2.2901113387040196e-10,0.9999942444428325,5.755327191788598e-6
24705,5.372612540089759e-12,5.837219733811357e-10,0.9999876923358116,1.2307075093689594e-5
24706,1.935360488693392e-12,1.9054300522874394e-10,0.9999964176578745,3.5821496470483086e-6
24707,4.94645219340908e-12,3.9519525120843413e-10,0.999983943233773,1.605636608530668e-5
24708,3.658254358843862e-12,1.5084153296005231e-10,0.9999936951979046,6.304647595603817e-6
24709,8.915813474323073e-13,1.2815485054322756e-10,0.9999949769678604,5.0229030931479156e-6
24710,3.8282832656566135e-12,2.9517140954712337e-10,0.9999934410618784,6.558639121868393e-6
24711,3.389520568847862e-12,1.4204439186701682e-10,0.9999948867533043,5.113101261996833e-6
24712,6.11899606105807e-12,7.275212845157239e-10,0.999987133355865,1.2865910494585994e-5
24713,3.2276480793650062e-12,4.50735978925906e-10,0.9999905422146037,9.457331432660248e-6
24714,2.7453973740187623e-12,2.8962064079934866e-10,0.9999923168106073,7.682897026635375e-6
24715,4.121693776458368e-12,3.528629495734019e-10,0.999990415663771,9.583979244341005e-6
24716,7.174710562092781e-12,4.797656578087546e-10,0.9999883978997246,1.1601613334948775e-5
24717,2.767562298300893e-12,2.585868278099235e-10,0.9999934888789443,6.510859701232663e-6
24718,4.3509599254714564e-12,7.581981972260003e-10,0.9999882457735643,1.1753463886702843e-5
24719,1.4738370117859592e-12,1.3097681457156798e-10,0.9999936728231903,6.327044359226387e-6
24720,2.370967516327901e-12,5.287912032565222e-10,0.9999946692430947,5.330225743026148e-6
24721,4.513059939025082e-12,5.256273738762072e-10,0.9999940237782707,5.975691588827033e-6
24722,2.4753628156346107e-12,5.917417707095451e-10,0.9999939822059921,6.017199790712387e-6
24723,3.6430994336051395e-12,2.7533761586311316e-10,0.9999967410123287,3.258708690412552e-6
24724,1.7455576970117684e-12,2.6202355344370813e-10,0.9999970127525942,2.986983636641512e-6
24725,7.758660148281138e-12,6.028158652427446e-10,0.9999936476057613,6.351783664076649e-6
24726,1.8213524462399624e-12,3.219993939594353e-10,0.9999972623073138,2.737368865558951e-6
24727,1.9106257048477585e-12,1.8558513996316421e-10,0.9999938670612184,6.13275128577823e-6
24728,2.2197599160745517e-12,4.4016865547184005e-10,0.9999947763560648,5.2232015467750814e-6
24729,3.04166665458792e-12,2.5525879942202294e-10,0.9999961430345402,3.856707159436225e-6
24730,3.0673291436497416e-12,2.868628310464395e-10,0.9999957587588911,4.240951178639054e-6
24731,1.921158542973167e-12,3.8741468400640227e-10,0.9999965053337808,3.4942768834764965e-6
24732,3.777490369555852e-12,4.912636178356536e-10,0.9999939132565526,6.086248406281703e-6
24733,2.300614416729157e-12,6.934996307347934e-10,0.9999893527189478,1.0646585251843242e-5
24734,2.17433419228809e-12,3.899782637419825e-10,0.9999950563381453,4.943269702012259e-6
24735,1.880532555201947e-12,2.949860154017765e-10,0.9999945414055096,5.458297623846193e-6
24736,3.707631239906461e-12,6.812416678487568e-10,0.999993627443843,6.371871207769995e-6
24737,2.6646324996604464e-12,1.9444899694762486e-10,0.9999975799114167,2.41989146976595e-6
24738,2.546904855447181e-12,7.984682341299497e-10,0.9999906120536197,9.38714536529722e-6
24739,2.6912395350682876e-12,1.510108817071328e-10,0.9999676394457164,3.236040058162124e-5
24740,4.040936266483308e-12,2.672356376357238e-10,0.9999788416995977,2.115802912575892e-5
24741,1.184731364087995e-12,1.2040482382090398e-10,0.9999896737675692,1.0326110841259093e-5
24742,2.3314656401416185e-12,3.0723193761462235e-10,0.9999580321194103,4.196757102630282e-5
24743,1.5700042155701521e-12,2.497930128767606e-10,0.9999640409626197,3.595878601722932e-5
24744,3.869229617109116e-12,2.2172363869983753e-10,0.9999703211896435,2.967858476365985e-5
24745,2.5291351473051064e-12,2.1899979212578341e-10,0.9999712762778653,2.872350060576681e-5
24746,3.330831285132157e-12,6.694449921768138e-10,0.9999279309946756,7.206833254866705e-5
24747,7.703992916847728e-13,2.327314603776882e-10,0.9999819927289103,1.800703758767444e-5
24748,8.691695419181051e-13,1.268620192181804e-10,0.999976688043924,2.3311828344636303e-5
24749,3.062230612060134e-12,3.9892826998380094e-10,0.999964849376546,3.5150221463506646e-5
24750,1.860151457196447e-12,1.8178680173237748e-10,0.9999834934832483,1.6506333104778465e-5
24751,2.6672312238753603e-12,1.3715272611791154e-10,0.9999763568454876,2.364301469245433e-5
24752,1.6635955943943739e-12,2.538346942605672e-10,0.9999617714403907,3.822830411094432e-5
24753,2.299565677525398e-12,1.1290853658969447e-10,0.9999741668336597,2.5833051132196064e-5
24754,1.2678825764684685e-12,2.0146012856889542e-10,0.9999713749155982,2.8624881673653386e-5
24755,1.0785110527404437e-12,2.6599947842622987e-10,0.999981663978453,1.8335754469062224e-5
24756,1.3054447288695976e-12,2.07094900157932e-10,0.9999827806713868,1.7219120212825062e-5
24757,3.1188346188590598e-12,2.7699530299463714e-10,0.9999489476417933,5.105207809258069e-5
24758,1.3464918707059083e-12,1.0029282784837168e-10,0.9999947662075619,5.233690798901471e-6
24759,2.5619520993224514e-12,3.0607445134034323e-10,0.9999928684001017,7.131291261892927e-6
24760,4.2273570549626376e-12,2.630153079823216e-10,0.9999901406711216,9.85906163583767e-6
24761,3.155632893912464e-12,1.4322803972965487e-10,0.9999958272186303,4.172634986118926e-6
24762,4.852644462745342e-12,1.082768024970158e-9,0.9999812704350914,1.8728477287727625e-5
24763,3.3058375569921413e-12,6.910445687756433e-10,0.9999869811237843,1.3018181865220772e-5
24764,5.403078768694136e-12,2.1044471021697032e-10,0.9999929256942832,7.074089869020801e-6
24765,3.3673676232743476e-12,2.3606560568801767e-10,0.9999949320544818,5.067706085186372e-6
24766,1.1214431733709669e-12,2.839477293722565e-10,0.9999923454086702,7.654306260701012e-6
24767,2.9689701610137512e-12,4.009418365605693e-10,0.9999907677556357,9.23184045352246e-6
24768,2.0411898154330742e-12,3.170108725610924e-10,0.9999925713855309,7.428295417064283e-6
24769,2.735736697564305e-12,2.6752638318877e-10,0.999994342236255,5.65749348291283e-6
24770,4.2646732460198e-12,2.4462420313785896e-10,0.9999911852205571,8.814530553968201e-6
24771,2.0495464038474212e-12,2.2855277884113607e-10,0.9999912583753989,8.741393998704196e-6
24772,9.769137088459173e-12,6.780640725313504e-10,0.9999861957461229,1.3803566043813531e-5
24773,1.3713443205523451e-12,2.401283186351827e-10,0.9999941432271261,5.856531374374553e-6
24774,4.1705846416492684e-12,3.182432241521031e-10,0.9999937210008348,6.278676751453526e-6
24775,2.7449791055480552e-12,6.435830297911725e-10,0.9999911536177173,8.845735954690235e-6
24776,6.153326104454969e-12,1.5682207581280935e-10,0.9999910341328495,8.965704174967742e-6
24777,2.5155779410036476e-12,3.2109480412380054e-10,0.9999832252273951,1.677444899451585e-5
24778,7.953432303239475e-12,9.368442211324347e-10,0.9999288651852168,7.11338699855646e-5
24779,2.7626671439418333e-12,4.5522708729129477e-10,0.9999697900241611,3.020951784903947e-5
24780,3.429365478531692e-12,3.1563477523077656e-10,0.9999709621010305,2.9037579905189078e-5
24781,7.926515391372204e-13,1.4645458133481575e-10,0.9999914882674318,8.511585321015006e-6
24782,9.029606616542027e-12,5.970156643612656e-10,0.999938806811559,6.119258239586816e-5
24783,1.2551844073899636e-12,2.4002060996418995e-10,0.9999770926132469,2.2907145477377773e-5
24784,2.7198767173314513e-12,2.213373672157536e-10,0.9999711060205938,2.889375534911195e-5
24785,4.565026952003186e-12,8.635993643912422e-10,0.9999491690138863,5.083011794934796e-5
24786,1.2503544876903985e-12,1.6631100139641744e-10,0.9999860864763729,1.3913356065792779e-5
24787,3.0548934348707843e-12,3.9822056911480037e-10,0.9999712301700131,2.8769428711406732e-5
24788,1.4722058893559983e-12,2.7237580756067497e-10,0.9999779930742851,2.2006651866907982e-5
24789,3.24043007837496e-12,4.1448947016342804e-10,0.9999788622238388,2.1137358431386135e-5
24790,1.4411594190331556e-12,4.77408420684093e-10,0.9999709165437183,2.9082977431995e-5
24791,1.4774230174788804e-12,2.1447885785122644e-10,0.9999796609448202,2.033883922350851e-5
24792,4.827009373549143e-12,4.320780194495851e-10,0.9999724527331232,2.7546829971709026e-5
24793,1.4167626503665454e-12,1.8968425949330826e-10,0.9999831579595937,1.6841849305248525e-5
24794,2.383969414863814e-12,5.456929320905322e-10,0.999974301531373,2.5697920550227078e-5
24795,2.1330602668468296e-12,3.3320305836979863e-10,0.9999635705700853,3.642909457838268e-5
24796,8.172689268515193e-12,5.713330130524468e-10,0.9999802522325447,1.974718794973257e-5
24797,4.347939210981565e-12,5.463640600454078e-10,0.9999774745987803,2.252485050771875e-5
24798,8.835398428152756e-13,9.958183367639087e-11,0.9999883132646297,1.1686634904945439e-05
24799,4.629149299086942e-12,3.965392496233546e-10,0.9999778640708559,2.2135527975727138e-5
24800,1.8201182917388014e-12,4.3886900494334383e-10,0.9999859091595721,1.409039973882881e-5
24801,4.138454688836315e-12,2.3238095671639154e-10,0.9999882455947964,1.1754168684251512e-5
24802,2.7701929921226775e-12,4.863561594175521e-10,0.9999774192881054,2.258022276834407e-5
24803,2.354680507956104e-12,3.897340521900499e-10,0.9999795548855438,2.044472236750573e-5
24804,4.6497548351017635e-12,3.230066481784507e-10,0.9999791662046826,2.0833467661121056e-5
24805,4.554877880188082e-12,6.789298305517258e-10,0.9999519115106367,4.808780587855343e-5
24806,4.188433364122743e-12,6.999342907824106e-10,0.9999733404585163,2.6658837361114033e-5
24807,9.47894529028487e-12,1.346674015966437e-9,0.9999647493044392,3.5249339407906356e-5
24808,4.9606459076265054e-12,2.2431800206730712e-10,0.9999885848980854,1.1414872635843921e-5
24809,9.048412228191711e-12,3.324535836026394e-10,0.9999780454219441,2.1954236553847145e-5
24810,1.3098933761679644e-12,1.7867381135899597e-10,0.9999869283468911,1.3071473125262827e-5
24811,1.5434415967121764e-12,1.0382703785582603e-10,0.999990431645724,9.568248905512021e-6
24812,1.5732327888829973e-12,1.0127023556530933e-10,0.9999915469629972,8.45293415916411e-6
24813,2.3493672082122113e-12,1.404465212378594e-10,0.9999885329234842,1.1466933719857705e-5
24814,5.409475499811085e-12,7.692824030476232e-10,0.9999671574330733,3.284179223474509e-5
24815,3.5331702323230357e-12,4.097153333797564e-10,0.9999876173205355,1.2382266216031395e-5
24816,1.886514749415443e-12,2.6357333708144514e-10,0.9999878404584922,1.2159276047984776e-5
24817,2.7592890501499385e-12,4.697036600451177e-10,0.9999787349439684,2.126458356868128e-5
24818,2.5611101467303888e-12,4.3499155753197097e-10,0.9999893124132557,1.0687149191667796e-5
24819,1.984221123710219e-12,4.0960989569159283e-10,0.9999919332245536,8.066363852380913e-6
24820,5.1643999985338725e-12,2.829089233879395e-10,0.999984688868217,1.5310843709573388e-5
24821,5.404476390825107e-12,3.4674794989091213e-10,0.9999853249433253,1.4674704522208768e-5
24822,2.2097700399638344e-12,7.711533178096924e-10,0.9999835818706889,1.641735594799416e-5
24823,1.276596779270461e-12,1.7629190554763529e-10,0.9999935865747823,6.413247649097853e-6
24824,1.4005569188217245e-12,2.01443494854104e-10,0.9999889957061932,1.1004090962897281e-5
24825,6.607583039547694e-12,4.605013595476125e-10,0.9999834386475667,1.6560885324217888e-5
24826,6.136099368975892e-13,7.863933946960898e-11,0.9999957542026452,4.245718101961385e-6
24827,4.603118758400946e-12,7.054234715938776e-10,0.9999847636477656,1.5235642207850354e-5
24828,2.8366739358214402e-12,6.074130319837806e-10,0.9999891714488983,1.082794085203456e-5
24829,1.9041576441507875e-12,3.8184802683142417e-10,0.9999764582269396,2.3541389308102276e-5
24830,2.158862934329732e-12,2.890691921083128e-10,0.9999909001401437,9.099568628378059e-6
24831,2.0876955180616413e-12,4.798083977727247e-10,0.9999911891518436,8.810366260379674e-6
24832,3.432014973940659e-12,5.099349121204338e-10,0.9999819835409748,1.8015945658266174e-5
24833,2.7843852453329562e-12,3.2559136189989234e-10,0.9999889600088583,1.103966276601403e-5
24834,2.7190320912306043e-12,3.049673509560065e-10,0.9999566488034961,4.335088881756504e-5
24835,2.924658785319651e-12,1.9071686503390244e-10,0.99998116005035,1.883975600862897e-5
24836,3.967346013205035e-12,3.499267351117575e-10,0.9999697810534286,3.0218592677473692e-5
24837,6.233805953686095e-12,1.754666526337339e-10,0.9999675060833446,3.249373495494584e-5
24838,2.3697925334443217e-12,2.6055002176421467e-10,0.9999628932019401,3.7106535140076194e-5
24839,5.0954989128768095e-12,2.7857493031086196e-10,0.9999764278812225,2.357183510707953e-5
24840,3.894123790004306e-12,2.9880931970213603e-10,0.9999806465942657,1.935310303109104e-5
24841,3.885004441103662e-12,4.688446882425712e-10,0.999975895649819,2.4103877451080818e-5
24842,3.2028714265607203e-12,2.1217552718982181e-10,0.9999741262074355,2.587357718613578e-5
24843,3.718195494762499e-12,1.3342493906314294e-10,0.9999771795113109,2.2820351545969535e-5
24844,3.668422453351639e-12,2.3020734747955734e-10,0.9999864911828239,1.3508583300215283e-5
24845,6.2228704547886705e-12,3.166821661289401e-10,0.999939845100516,6.0154576578968306e-5
24846,3.436589909121587e-12,1.9370837961546022e-10,0.9999795383993969,2.046140345824718e-5
24847,2.4071688820695446e-12,3.035276381199134e-10,0.9999747182696357,2.5281424429452623e-5
24848,2.074219243513797e-12,2.7219054126377393e-10,0.9999701094472021,2.9890278533116588e-5
24849,2.694373947518662e-12,1.146855862617758e-10,0.9999820412120034,1.795867061655732e-5
24850,5.14452375454775e-12,3.1700193699274523e-10,0.9999685068660303,3.149281182323319e-5
24851,2.9190061548391252e-12,1.8332905314630438e-10,0.9999735316134517,2.646820030020576e-5
24852,4.677599725301075e-12,1.9340187434548122e-10,0.9999665498410871,3.3449960833459804e-5
24853,3.3170099602716596e-12,1.1195583226134431e-10,0.9999894468817984,1.0553002928816009e-5
24854,4.5938157888915414e-12,2.1068859389026738e-10,0.999982271224797,1.7728559920670247e-5
24855,2.2014973114946746e-12,1.9306156593233313e-10,0.9999796828747161,2.0316930020912007e-5
24856,4.452345424063133e-12,3.0252065559074125e-10,0.9999823170195349,1.7682673492025907e-5
24857,4.1297765246016695e-12,3.589574967064998e-10,0.9999840137883206,1.598584859211323e-5
24858,1.562833278471336e-12,3.04009505478198e-10,0.9999893659169328,1.0633777494968758e-5
24859,3.818590367437737e-12,4.4972843457686637e-10,0.9999613053365326,3.869420992048342e-5
24860,2.336024605786426e-12,9.551381434563187e-11,0.9999919743914594,8.025510690811109e-6
24861,5.293214864548398e-12,3.210161757493213e-10,0.9999757131264082,2.4286547282311206e-5
24862,4.2975560397189845e-12,9.83190896625704e-10,0.9999726711784641,2.7327834047364096e-5
24863,4.382205922020136e-12,2.7769725737842065e-10,0.9999780246314789,2.19750864415628e-5
24864,2.051719855694613e-12,1.7375596551632293e-10,0.9999899450247054,1.0054799486979822e-5
24865,2.0050990467255174e-12,8.71342281441886e-11,0.9999886133546856,1.1386556175174779e-5
24866,3.1120071500088427e-12,1.6487064581762003e-10,0.999990801268001,9.198564016245106e-6
24867,5.440394068389398e-12,2.9609831657296214e-10,0.9999817185232119,1.828117524950053e-5
24868,5.693746585396872e-12,2.213595211197042e-10,0.9999794689188561,2.053085409049067e-5
24869,3.4166031445992013e-12,1.7436521242716991e-10,0.9999818008683883,1.819895382982728e-5
24870,6.960949740289672e-12,2.2619861714625598e-10,0.9999723469052905,2.7652861550038833e-5
24871,1.7992984946319989e-12,1.4933708796606657e-10,0.9999883643810181,1.163546784547258e-5
24872,2.0789329798055773e-12,2.622215307988835e-10,0.9999903827046622,9.617031037238354e-6
24873,1.693321124745445e-11,8.119291804750796e-10,0.9999809667980001,1.90323731376991e-5
24874,1.5299741902788345e-12,3.1303702040140283e-10,0.9999921581889052,7.841496527891085e-6
24875,1.9239106478026347e-12,4.3945374562492146e-10,0.9999925324181924,7.4671404298678e-6
24876,1.4014628875659142e-12,2.9856562277217093e-10,0.9999933082688677,6.6914311652186695e-6
24877,2.743703700777552e-12,2.1930127921665375e-10,0.9999954004608734,4.599317081666133e-6
24878,1.2879556986930583e-12,1.524271092756666e-10,0.9999932638441833,6.736002101551447e-6
24879,4.47366296872234e-12,2.8132026664271127e-10,0.9999889569583621,1.1042755843899925e-5
24880,1.9788845475306348e-12,2.4289133194607495e-10,0.9999926517823047,7.347972824930403e-6
24881,4.074477241298168e-12,2.489350309292468e-10,0.9999906265118825,9.373235107955467e-6
24882,1.007891202835254e-11,5.035367422421338e-10,0.9999827169758712,1.7282510513233766e-5
24883,1.5310979007321366e-12,1.8479525457951696e-10,0.9999945488453353,5.45096833825579e-6
24884,2.6617091626897437e-12,2.0998962897212712e-10,0.999992955726702,7.044060646757367e-6
24885,3.783438836173489e-12,4.366561340512824e-10,0.9999935943328363,6.405226724284778e-6
24886,1.4156332198486985e-12,2.1012296876393847e-10,0.9999923778229816,7.6219654798628e-6
24887,5.326070194776992e-12,9.798517777271934e-10,0.9999886522324216,1.1346782400611702e-5
24888,2.867229890969761e-12,4.739014562584244e-10,0.9999918200464825,8.179476748797118e-6
24889,1.7498353878251261e-12,3.55655759666207e-10,0.9999947341673914,5.265475203103753e-6
24890,3.03942089828918e-12,3.60444947315425e-10,0.9999812305020006,1.8769134515011898e-5
24891,1.1179625912990617e-11,1.1425288149816171e-9,0.9997707337722174,2.2926507407419533e-4
24892,8.818810919156947e-12,4.129105956907559e-10,0.9999158995501726,8.410002809816603e-5
24893,5.1657691225095026e-12,5.222423462479612e-10,0.9999404460235463,5.9553449045685304e-5
24894,2.8646799772489113e-12,7.171433819995539e-10,0.999924910718854,7.508856113778753e-5
24895,4.853767122341818e-12,2.464287035149858e-10,0.9999448230101969,5.51767385206306e-5
24896,3.785165733942258e-12,4.25126093784327e-10,0.9999347659307994,6.523364028923087e-5
24897,2.1803828357083006e-12,1.8653660478403238e-10,0.999969949273645,3.0050537638063256e-5
24898,6.294241497716041e-12,2.516854922835306e-10,0.9999474239014096,5.2575840610641476e-5
24899,8.479323576486337e-13,2.655900914387272e-10,0.9999694194267369,3.0580306824932786e-5
24900,1.2637791635446756e-12,2.8400134892349523e-10,0.9999584133281056,4.1586386629330356e-5
24901,7.616996555874727e-12,3.7263148058189717e-10,0.9999391223465812,6.0877273170276635e-5
24902,4.437404874384769e-12,3.0890647905657503e-10,0.99994450318428,5.549650237604077e-5
24903,3.739540911104658e-12,2.3883279683922636e-10,0.9999497851701564,5.021458727107991e-5
24904,1.2333628040784415e-11,1.2933888862173114e-9,0.999822641647261,0.00017735704701647785
24905,1.8278605855428747e-12,1.725065678500678e-10,0.9999465163937521,5.3483431913660994e-5
24906,4.090239032840265e-12,1.289365726762086e-10,0.9999636056508303,3.639421614298622e-5
24907,7.744002994011845e-12,4.756057906352281e-10,0.9998927973498147,1.0720216683556124e-4
24908,2.2634541904907446e-12,6.518491107860909e-10,0.9999161828065156,8.381653937185223e-5
24909,5.306939174624031e-12,6.624464411302368e-10,0.9999326288522788,6.737047996794594e-5
24910,1.4180989911770186e-12,2.52148885412343e-10,0.9999943491736549,5.65057277810821e-6
24911,6.922452891418139e-12,1.2772889069965398e-9,0.9999845995355546,1.53991802339692e-5
24912,1.4837746240838788e-12,2.8751734206660953e-10,0.9999909298294182,9.069881580761519e-6
24913,3.168512689358425e-12,4.1637018178910797e-10,0.9999895403982916,1.0459182169652675e-5
24914,3.524220308402548e-12,2.586578015868253e-10,0.9999903284372531,9.671300564995274e-6
24915,9.181613615276564e-13,2.0756769970092e-10,0.9999942153378502,5.784453664097049e-6
24916,9.760151835840008e-12,3.464146823310591e-10,0.9999863032526985,1.3696391126617497e-5
24917,2.351541847938747e-12,1.6743162353980408e-10,0.9999928758639522,7.123966264471575e-6
24918,7.26305080373618e-12,4.680466367563776e-10,0.9999792692834428,2.073024124758287e-5
24919,2.255170608358246e-12,2.746656436498562e-10,0.9999942030244444,5.7966986346018515e-6
24920,6.226094277981767e-13,3.109991978858065e-10,0.9999960905779904,3.90911038782458e-6
24921,9.887202246665612e-12,7.58276575521728e-10,0.9999800344526418,1.9964779194410055e-5
24922,6.747541405687244e-12,2.9171888911230835e-10,0.9999911415815946,8.85811993896225e-6
24923,2.9529923573767443e-12,1.9052503093432325e-10,0.9999951925419595,4.807264562441073e-6
24924,1.8373469880455352e-12,2.909373430078381e-10,0.9999941469408534,5.852766371722314e-6
24925,5.960618794134175e-12,6.468004356569343e-10,0.9999894721403529,1.0527206886193394e-5
24926,3.2180709419401823e-12,1.9594289030788572e-10,0.9999931755777299,6.824223109269074e-6
24927,3.0469922032544987e-12,4.009669104782319e-10,0.9999909785424824,9.021053503689235e-6
24928,3.4717769539789736e-12,4.702325000620424e-10,0.99998860013306,1.1399393235653757e-5
24929,2.416994993392767e-12,3.833079389503609e-10,0.9999938201586897,6.179455585456697e-6
24930,3.948105555285237e-12,3.5610091694230133e-10,0.999993389689903,6.609950048005585e-6
24931,3.5797025648779052e-12,3.3133930518327476e-10,0.9999907026335767,9.297031504400562e-6
24932,1.4557195259801104e-12,3.1149711117715955e-10,0.999990427616436,9.572070611163036e-6
24933,4.9381809049573495e-12,9.749104685578868e-10,0.99998659227073,1.3406749421378919e-5
24934,5.275719186792653e-12,4.5716523999441935e-10,0.9999876870680876,1.2312469471435016e-5
24935,1.5793577390480695e-12,2.6996397410258084e-10,0.9999937436648929,6.256063563878885e-6
24936,4.298717351682135e-12,2.5924191809936136e-10,0.9999928730280202,7.126708439198398e-6
24937,1.885014972042801e-12,3.637349182620744e-10,0.9999945644799122,5.4351544679183906e-6
24938,2.2506776140333437e-12,1.6471283270250105e-10,0.9999953749199327,4.624913103701799e-6
24939,2.1338577189101867e-12,3.234685123584612e-10,0.9999915503338114,8.449340586267029e-6
24940,2.7883367833629813e-12,4.701950014449308e-10,0.9999924954659547,7.5040610619788626e-6
24941,2.4986038383260235e-12,4.4550975503624027e-10,0.9999929966171862,7.0029348056189315e-6
24942,3.950828069721212e-12,3.129546824966811e-10,0.999991324041156,8.67564193847944e-6
24943,2.5106069749366664e-12,2.2058789905691728e-10,0.99999102258547,8.977191431553395e-6
24944,5.18485966352177e-12,5.349288657507299e-10,0.99999294978232,7.049677566372707e-6
24945,1.6998623634292107e-12,1.7139798149933248e-10,0.9999904956103461,9.504216555955345e-6
24946,1.4863207698705512e-12,3.712184819946953e-10,0.9999912303395087,8.769287786556584e-6
24947,3.4575510585368712e-12,4.066545943488962e-10,0.9999901020533832,9.897536504707253e-6
24948,5.007057980552023e-12,3.6167633941430165e-10,0.9999851538245371,1.484580877952575e-5
24949,2.6198683806708446e-12,5.520813750836906e-10,0.9999895732327284,1.0426212570467823e-5
24950,2.8420354968571754e-12,3.8830597624172805e-10,0.9999822701001969,1.7729508655046816e-5
24951,2.5888776007564316e-12,4.555650317395101e-10,0.9999753363929584,2.466314888747698e-5
24952,3.9219932876163564e-12,3.13999110894124e-10,0.9999846317891796,1.5367892899333343e-5
24953,3.5521676341966014e-12,2.1046447397569154e-10,0.9999858863702207,1.4113415762686913e-5
24954,3.503640417206628e-12,9.191804319747624e-10,0.9999776161433483,2.2382933967549343e-5
24955,9.7237347060303e-12,6.376260133634531e-10,0.9999709935415367,2.900581111348647e-5
24956,2.7014218633853295e-12,3.7631602862756296e-10,0.9999873917294974,1.2607891485183744e-5
24957,3.904073691384538e-12,6.008158337335675e-10,0.9999862923287188,1.370706656115796e-5
24958,2.7519376260712093e-12,8.817304031862126e-10,0.9999852838052362,1.4715310281369236e-5
24959,1.4589380344483448e-12,3.1502753244510955e-10,0.999988293793499,1.170589001443735e-5
24960,3.427170563870043e-12,5.450791120228417e-10,0.9999750785899914,2.492086150245179e-5
24961,3.45257253509846e-12,2.5069807193544294e-10,0.9999904244774864,9.575268362815518e-6
24962,1.0359061586128933e-12,4.6342982033513067e-10,0.9999837824832577,1.6217052276551707e-5
24963,3.742533905748074e-12,5.998568656145062e-10,0.9999739365765681,2.606281983248088e-5
24964,1.7540797887007641e-12,2.5913343375159355e-10,0.9999891904199665,1.0809319145881776e-5
24965,3.912070757418876e-12,4.75438216117644e-10,0.9999856633926248,1.4336128024884449e-5
24966,2.4867218101972176e-12,5.309375828326655e-10,0.9999865058626775,1.3493603898357878e-5
24967,4.131081336419907e-12,2.3810773465707373e-10,0.9999947663173964,5.233440364807803e-6
24968,3.6154109397701277e-12,3.9700306229341854e-10,0.9999936085859702,6.391013411178576e-6
24969,4.508515109245297e-12,5.481383148490503e-10,0.9999902603067865,9.739140566730943e-6
24970,8.194232954458971e-12,5.697761910657953e-10,0.9999878786819255,1.2120740104075045e-5
24971,3.2598116267124902e-12,9.532838898805653e-10,0.9999911371013542,8.861942102118335e-6
24972,3.4634887003871333e-12,9.77999884085806e-10,0.9999877281331854,1.227088535131393e-5
24973,5.814793010930866e-12,8.49543318652707e-10,0.9999926452480596,7.353896582062379e-6
24974,2.980221197330437e-12,3.5306371369356286e-10,0.9999952860212741,4.713622681934783e-6
24975,1.648333404241826e-12,2.0078685008020487e-10,0.99999599740525,4.0023923147506125e-6
24976,4.210552134396033e-12,2.8129094411884646e-10,0.9999914149326564,8.584781842285501e-6
24977,4.43325605207397e-12,3.3417077966552053e-10,0.9999940133755915,5.986285804489117e-6
24978,3.6012241547462527e-12,4.429430520409545e-10,0.999993051160952,6.948392503488499e-6
24979,2.4681198616742453e-12,3.290130474170431e-10,0.9999964934627646,3.506205754192355e-6
24980,2.77232328631022e-12,4.0358431382741266e-10,0.9999951666646826,4.832928960903408e-6
24981,3.4145939513649156e-12,2.642090242165164e-10,0.9999917296818711,8.270050505158487e-6
24982,3.3221273606255916e-12,5.440057779693905e-10,0.9999946059523904,5.393500281677087e-6
24983,1.4443539305081679e-11,1.0006639716443205e-9,0.9999866687113383,1.3330273554050083e-5
24984,1.6732234024309028e-12,3.8121380042863335e-10,0.9999940549897958,5.944627317216007e-6
24985,1.6719905608799905e-12,4.091956554757738e-10,0.9999952193801376,4.780208994679911e-6
24986,2.999873575485254e-12,2.1743160325622736e-10,0.9999850733558924,1.4926423676001475e-5
24987,2.2429965527947723e-12,3.3619020719712523e-10,0.999991738361975,8.261299591841157e-6
24988,4.568063992367499e-12,4.069134002299246e-10,0.9999766402916611,2.335929685753996e-5
24989,4.8450096743615494e-12,4.0333580081854333e-10,0.9999869094713031,1.3090120516026154e-5
24990,2.415052215796899e-12,5.100506163292812e-10,0.999985255147475,1.4744340059229055e-5
24991,3.870712030737874e-12,1.3216369195208176e-10,0.9999899608671887,1.0038996776671261e-5
24992,2.4308738239973467e-12,2.0341316649445923e-10,0.9999844849584788,1.5514835677035137e-5
24993,5.1929929529493514e-12,2.2416071562064192e-10,0.9999872916587739,1.270811187254399e-5
24994,3.222786559390064e-12,2.5774620094308707e-10,0.9999900744641366,9.925274894273057e-6
24995,5.62920412026384e-12,2.2709881111849054e-10,0.9999873844912398,1.261527603206515e-5
24996,3.3794637884173425e-12,2.519327614439182e-10,0.9999809318703035,1.906787438430453e-5
24997,5.305277154264577e-12,5.418814064842391e-10,0.9999823553470825,1.7644105730880515e-5
24998,3.3805131194464567e-12,1.6238985774249193e-10,0.99998869898752,1.1300846709476868e-5
24999,7.554484413087595e-12,6.810796169324376e-10,0.9999669045609564,3.3094750409506125e-5
25000,2.9220385947814697e-12,2.401744174797464e-10,0.9999857150850628,1.4284671840670217e-5
25001,3.70306120818038e-12,4.5897764302908364e-10,0.9999780983940086,2.1901143310669968e-5
25002,1.939698531743242e-12,1.3262072600318454e-10,0.9999910814165222,8.918448917223458e-6
25003,2.377282982277406e-12,2.1990286106014733e-10,0.9999917597469181,8.24003080172696e-6
25004,1.0128149025171346e-12,1.0241940055860504e-10,0.9999924979736087,7.501922959195277e-6
25005,6.001296613994456e-12,7.241274523308746e-10,0.9999240358434829,7.596342638840735e-5
25006,3.1326713577009313e-12,1.7001923195463353e-10,0.9999812347761378,1.876505071034117e-5
25007,5.8979905148065365e-12,5.158574147720884e-10,0.9999610596319136,3.893984633087536e-5
25008,1.2428431766239072e-12,1.5716942553111185e-10,0.9999697953495081,3.0204492079603496e-5
25009,3.0235411869167546e-12,8.751495395128994e-11,0.9999807872419686,1.9212667492922634e-5
25010,5.179748791284799e-12,1.7314862117771949e-10,0.9999612841545114,3.8715667160215675e-5
25011,4.356596800449612e-12,7.127792891307421e-10,0.9999593018641741,4.069741869007671e-5
25012,2.0360017535680735e-12,5.349207941846101e-10,0.999964209449339,3.5790013704202e-5
25013,2.4262279891967125e-12,1.709500304777597e-10,0.9999771034499649,2.289637665868892e-5
25014,1.13685896313326e-12,1.2317652241132128e-10,0.9999894084099452,1.0591465741283995e-5
25015,4.255189129972927e-12,4.3041802132077274e-10,0.9999746726666782,2.532689864852299e-5
25016,3.858171291582301e-12,5.388486356947446e-10,0.9999360946130398,6.390484425337107e-5
25017,1.3170918461972716e-12,1.8048039524415348e-10,0.9999818301940427,1.816962415966293e-5
25018,8.09316767242764e-12,3.704029411011234e-10,0.9999353808346113,6.461878689266477e-5
25019,6.77149992564359e-12,3.9465571878790673e-10,0.9999605590476421,3.944055093051367e-5
25020,1.7297161285317878e-12,1.8529392605712304e-10,0.9999680862817701,3.191353120636978e-5
25021,3.309163871123003e-12,1.8578986525745824e-10,0.9999700084265003,2.9991384400634338e-5
25022,3.664672742686413e-12,2.0470785761786786e-10,0.9999708699042158,2.912988741157062e-5
25023,1.086580789952023e-12,2.055852333079688e-10,0.9999825732237128,1.742656961542515e-5
25024,3.951607359448267e-12,1.7956879076034444e-10,0.9999861694596532,1.3830356826356216e-5
25025,4.1284382985887244e-12,3.5092662818438175e-10,0.9999743371789663,2.5662465978655614e-5
25026,5.216892564485595e-12,6.433214018005315e-10,0.9999778965131461,2.2102838315792275e-5
25027,2.6096363792639728e-12,4.743068173851956e-10,0.9999811205545783,1.8878968505304165e-5
25028,6.963268937089087e-12,2.4299785007455557e-10,0.9999880912809944,1.1908469044379873e-5
25029,1.3164771376686393e-12,1.8550586600424144e-10,0.9999901835384107,9.816274766983633e-6
25030,1.4376544544442205e-12,9.083694255079532e-11,0.9999894726629406,1.0527244784952957e-5
25031,2.7536590036120288e-12,1.830260078827369e-10,0.9999800964865715,1.990332764888326e-5
25032,1.2376671856346747e-12,7.330360446053409e-11,0.9999926719599812,7.327965477381483e-6
25033,3.808706348300076e-12,2.2784449145347807e-10,0.9999843088780543,1.569089029239566e-5
25034,5.325695873641038e-12,3.830617919018383e-10,0.9999792304975079,2.0769114104587575e-5
25035,2.35402015886212e-12,2.6090973540966326e-10,0.9999744216843401,2.557805239610878e-5
25036,2.5879830354160358e-12,5.720311730923161e-10,0.9999688672621754,3.113216320562655e-5
25037,4.676687894815571e-12,4.4392732748599043e-10,0.9999761138051851,2.3885746210958367e-5
25038,5.5997436512933714e-12,4.215700572563265e-10,0.9999812582449014,1.874132792887324e-5
25039,2.5092919383143735e-12,4.889311268577963e-10,0.9999779798174867,2.2019691072832152e-5
25040,2.46316705921726e-12,2.811713301059775e-10,0.9999883225093185,1.1677207047088249e-5
25041,4.513099435087907e-12,7.784578400121427e-10,0.9999643918797309,3.56073372981918e-5
25042,2.995579715657131e-12,2.908762705514699e-10,0.9999816686516074,1.833105452093192e-5
25043,3.982343384807637e-12,6.578091185872024e-10,0.9999659177122309,3.408162597766196e-5
25044,8.608982279062402e-12,4.606353706991087e-10,0.9999510866594863,4.891287126940556e-5
25045,4.6366374939801645e-12,5.588583111426625e-10,0.9999722712221115,2.7728214393538065e-5
25046,1.1442822469860032e-11,1.5134332705282012e-9,0.999938816544972,6.118193015179097e-5
25047,1.0332610068156998e-11,4.4430134793531017e-10,0.9999747845376465,2.5215007719479232e-5
25048,4.585428203867633e-12,5.846295400878049e-10,0.9999591588700797,4.0840540705222534e-5
25049,4.615452737572055e-12,4.596963277159227e-10,0.9999841242469627,1.5875288725318434e-5
25050,7.513972536773548e-12,7.014305961478375e-10,0.999941106493056,5.889279799926863e-5
25051,5.1609529449730164e-12,8.99884342766271e-10,0.9999656952101447,3.430388481021352e-5
25052,1.735381169966963e-11,2.2661191285463174e-9,0.999869609050575,1.303886659520358e-4
25053,5.5441381362589035e-12,4.440461371114039e-10,0.9999664251182804,3.3574432129395303e-5
25054,3.81812852749651e-12,8.341230382056589e-10,0.9999688955717855,3.110359027320035e-5
25055,1.3027417042925657e-11,1.4100858297453263e-9,0.9999387328443139,6.126573257277991e-5
25056,7.77028232268196e-12,5.171663522621064e-10,0.9999333343034323,6.666517163110967e-5
25057,7.445562465411685e-12,7.631054861169263e-10,0.9999531272062461,4.687202320301059e-5
25058,1.1586235416507585e-11,6.246046420742551e-10,0.9999717514540886,2.824790972047194e-5
25059,2.22983342063709e-11,5.632442994345277e-10,0.9999399264924445,6.007292201277379e-5
25060,5.280689386633049e-12,6.985291996870503e-10,0.9999677167943122,3.2282501877975295e-5
25061,5.250354468911712e-12,6.688210825659385e-10,0.9999722385140792,2.7760811849363762e-5
25062,3.684718043175673e-12,6.362501108639414e-10,0.9999446817351211,5.531762494392178e-5
25063,1.5434770067981298e-12,3.957041270155464e-10,0.9999588515197579,4.114808299442367e-5
25064,1.0442003493628105e-11,7.434789127213988e-10,0.999905982622851,9.401662322816188e-5
25065,4.653545018743671e-12,9.719621211702781e-10,0.9999096860752283,9.031294815598423e-5
25066,3.778734853317345e-12,2.526222311971233e-10,0.9999572503102678,4.274943333104024e-5
25067,4.0774480173285725e-12,2.4127774203116886e-10,0.99994082171772,5.917803692472594e-5
25068,2.644641174872844e-12,3.3602037987109003e-10,0.9999381692665062,6.183039482870782e-5
25069,3.6685572208505384e-12,3.248143872534605e-10,0.9999558817295209,4.4117941996147865e-5
25070,2.0128107905482335e-12,2.4721958986976453e-10,0.9999509676998035,4.903205096405034e-5
25071,5.729468440873119e-12,6.920575793900728e-10,0.9999350401211328,6.495918108015755e-5
25072,4.6019500247462165e-12,9.409946851052517e-10,0.9999305165367254,6.948251767790502e-5
25073,9.215690653591633e-12,1.161236515551255e-9,0.9998915632143127,1.0843561523493642e-4
25074,3.0698466465100143e-12,5.970343726472967e-10,0.9999469593538116,5.3040046084204805e-5
25075,3.053231654258892e-12,1.882779111549623e-10,0.9999555359965082,4.4463812160664294e-5
25076,2.9775776937720467e-12,2.7691873583754887e-10,0.9999611586402744,3.884107982935329e-5
25077,1.369499988643793e-12,2.4560923359918643e-10,0.99997277184175,2.7227911271263237e-5
25078,3.956947889430991e-12,1.9839027431818147e-10,0.9999590349567419,4.0964840910972063e-05
25079,1.2277929694580232e-12,1.339027832823546e-10,0.9999789742637767,2.1025601092781133e-5
25080,1.2590485693673566e-11,5.370956228567836e-10,0.9998806737397851,1.1932571052864392e-4
25081,3.1015692121660226e-12,2.7514250323232417e-10,0.9999915647492282,8.434972527923594e-6
25082,1.3488781242487424e-12,2.950827573315107e-10,0.9999933477536743,6.651949894187418e-6
25083,1.766968222187287e-12,6.038154066015875e-10,0.9999872956901221,1.2703704295541445e-5
25084,2.1345921020362663e-12,1.4108669511891777e-10,0.9999958131074848,4.186749293975917e-6
25085,1.8395986880725984e-12,2.2729826787953194e-10,0.9999950577722964,4.941998565895534e-6
25086,5.448201641381766e-12,2.354304996516408e-10,0.9999892682349144,1.073152420686048e-5
25087,1.795571896138288e-12,2.3513596608587395e-10,0.9999952651549963,4.734608072042514e-6
25088,5.232250678045273e-12,1.8611300770835333e-10,0.9999941057434312,5.8940652234010106e-06
25089,7.97123934174346e-13,5.868312002454779e-11,0.9999958749942104,4.124946309463558e-6
25090,3.617901033626555e-12,1.8486512523314005e-10,0.999990066758167,9.933053349906733e-6
25091,2.0749302170672124e-12,1.422942431215018e-10,0.9999941117639758,5.888091654851091e-6
25092,6.596909067581847e-12,7.063018106724341e-10,0.9999734904058917,2.650888120942369e-5
25093,5.096330102315413e-12,2.0627765074005276e-10,0.9999919176661423,8.082122483768424e-6
25094,8.835886305169288e-13,1.4249060157230902e-10,0.9999959350235637,4.064833062036805e-6
25095,1.4702941009657624e-12,2.2903970900247412e-10,0.9999957913686462,4.2084008436782295e-06
25096,3.361449073288632e-12,4.314521469286368e-10,0.9999858071116882,1.4192453498348346e-5
25097,8.424863569075006e-13,2.011332791919627e-10,0.9999922240186278,7.775779396543169e-6
25098,4.1894055104149695e-12,2.4605263005873026e-10,0.9999882035584399,1.1796191318197528e-5
25099,9.861614325276151e-13,2.0552410879528044e-10,0.9999959957896826,4.0040038071489025e-6
25100,7.533105719689984e-13,1.007671306587574e-10,0.9999972845483562,2.7153501232197363e-6
25101,1.8792861080396316e-12,1.4225796162623049e-10,0.9999957577529643,4.242102898338882e-6
25102,3.473834385392401e-12,4.279715894469116e-10,0.9999921077336804,7.891834874102527e-6
25103,2.8551616110462703e-12,4.669500151721757e-10,0.9999934516589724,6.54787122246718e-6
25104,1.7282747256906249e-12,1.9748425507969028e-10,0.9999961772763472,3.8225244402637304e-06
25105,8.211270216145549e-13,2.1721489965859865e-10,0.9999955285430406,4.471238923452675e-6
25106,2.2068987799366574e-12,3.032225130768364e-10,0.9999953932175163,4.606477054280377e-6
25107,2.3739712058305777e-12,4.494284402956942e-10,0.9999882646732051,1.1734874992481683e-5
25108,8.215814226304987e-13,2.2623667950670894e-10,0.9999956971928573,4.302580084388778e-6
25109,1.6031939309439198e-12,7.8652667877826e-10,0.9999920940625088,7.905149361360302e-6
25110,2.0968957900535906e-12,2.879576942463096e-10,0.9999919651979676,8.034511977828669e-6
25111,2.771970072875625e-12,2.5990753170624757e-10,0.9999905612962344,9.438441086090738e-6
25112,1.6803431214489381e-12,2.922681330177112e-10,0.9999945069264363,5.492779615092993e-6
25113,3.0094753130094188e-12,4.143329771777909e-10,0.999992331585719,7.667996938502432e-6
25114,2.6149195990339998e-12,2.2126182339767183e-10,0.999996435511534,3.564264589120794e-6
25115,1.1254977644711075e-12,1.28409352725488e-10,0.9999959094181955,4.0904522697796435e-6
25116,6.131802278096243e-12,7.074502328340805e-10,0.9999834199340415,1.65793523763983e-5
25117,4.806423574666401e-12,3.24511225100306e-10,0.9999947272870152,5.272383666998133e-6
25118,3.886541669235412e-12,2.0525313976630748e-10,0.9999921985758724,7.801214987878083e-6
25119,2.3755206479937917e-12,1.9619259275391314e-10,0.9999948800458834,5.119755548310148e-6
25120,1.569067011683858e-11,4.3446932133345167e-10,0.999985547618539,1.4451931300870863e-5
25121,6.003018352433699e-12,1.9456052256109486e-10,0.9999918602473652,8.139552071217794e-6
25122,1.2899003585290186e-11,2.812767415522717e-10,0.9999909295499728,9.07015585151554e-6
25123,7.641370884833133e-12,1.2934482539885427e-10,0.9999926507747581,7.349088255674524e-6
25124,4.307248718175968e-12,1.3161420650600792e-10,0.9999931030406743,6.896823404266555e-6
25125,2.0010260971354612e-11,4.886777107023418e-10,0.9999850040090154,1.4995482296641348e-5
25126,2.903013479200698e-12,2.671882452283477e-10,0.9999937719315369,6.227798371886508e-6
25127,4.062853071363246e-12,2.6816026171647634e-10,0.9999923776865277,7.622041249188841e-6
25128,8.779509949532812e-12,4.627492357176824e-10,0.9999763395137004,2.366001477093988e-5
25129,4.2454169953641816e-12,1.0862442430901851e-10,0.9999982204489781,1.7794381520430286e-6
25130,6.99667634886784e-12,1.9669702764189955e-10,0.9999861922331399,1.3807563166253623e-5
25131,1.4106751753417199e-11,6.233282581983119e-10,0.999978919189526,2.1080173038938377e-5
25132,7.178007089015079e-12,2.2598365054171537e-10,0.9999915861392645,8.413627573746436e-6
25133,1.713336064556876e-11,1.3987106744660867e-10,0.9999903363547172,9.6634882784458425e-06
25134,9.248050450689062e-12,3.6271928930284014e-10,0.9999887627343998,1.1236893632643679e-5
25135,4.3265554953596225e-12,5.090435951480247e-10,0.9999895890521565,1.041043447331998e-5
25136,4.485018767705697e-12,2.468146843164252e-10,0.9999943688447451,5.630903955147406e-6
25137,8.993220928830565e-12,6.150583335982768e-10,0.9999871370951224,1.286228082600869e-5
25138,3.3331322670094624e-12,2.2767395871504852e-10,0.9999825074240553,1.7492344937601033e-5
25139,5.893125767742184e-12,5.57176487336628e-10,0.9999764060940202,2.3593342910283565e-5
25140,2.4160221407833816e-12,1.0899539508974771e-10,0.999986786164977,1.3213723611607754e-5
25141,5.08382980651602e-12,4.751240338073435e-10,0.9999830911824884,1.6908337303663043e-5
25142,4.268192771394084e-12,4.952956016624846e-10,0.99997462412037,2.5375380066293982e-5
25143,5.7188030432547625e-12,4.588448104855924e-10,0.9999723098894434,2.7689645993089945e-5
25144,4.694896279669665e-12,4.4460598868077193e-10,0.9999748165349058,2.5183015793422864e-5
25145,8.075929601041435e-12,7.37387996376994e-10,0.9999584116064779,4.158764805809883e-5
25146,9.563023723568144e-12,5.377523873493667e-10,0.9999690989002716,3.090055241296042e-5
25147,2.308730144906343e-12,1.9749888943636547e-10,0.9999793885239121,2.0611276280342672e-5
25148,1.4175051446926154e-11,1.210363336857751e-9,0.9999371562374231,6.284253803843513e-5
25149,3.3490576344783328e-12,4.477033026527306e-10,0.9999841853291277,1.5814219820012248e-5
25150,2.2288639763494573e-12,1.373537273036513e-10,0.9999866318476833,1.3368012734094711e-5
25151,2.9912636469320424e-12,6.224530298401467e-10,0.9999751715524228,2.4827822132801044e-5
25152,1.0889804332394188e-11,4.039378300460844e-10,0.9999703192496752,2.9680335497224356e-5
25153,9.531015218122677e-12,5.851945428920059e-10,0.9999797549657141,2.0244439560360327e-5
25154,3.861928974079991e-12,2.183367833469535e-10,0.9999843401089739,1.5659668827392687e-5
25155,5.1811524400642835e-12,7.809670054232395e-10,0.9999587192419869,4.127997186486838e-5
25156,6.770078447518468e-12,6.629501798199305e-10,0.9999602935515289,3.9705778750824765e-5
25157,3.9651454141655125e-12,1.0012138956316618e-9,0.9999561071862513,4.389180856977065e-5
25158,1.6248185764054186e-11,1.7676957383717866e-9,0.9999474814747117,5.251674134434991e-5
25159,5.1072444897796e-12,7.25645446186809e-10,0.999959717432656,4.028183659135486e-5
25160,3.351293779188763e-12,4.3899847918250173e-10,0.9999775255567995,2.2474000850684966e-5
25161,3.645000877146261e-12,2.490010097836994e-10,0.9999688994377643,3.110030958953489e-5
25162,6.110678748126554e-12,3.547831532140251e-10,0.9999659689966202,3.4030642485793515e-5
25163,2.604254442470483e-12,4.978533661802226e-10,0.9999719374508893,2.8062048652954986e-5
25164,1.0467685030894154e-11,1.158080640806575e-9,0.9999548268031425,4.517202830919881e-5
25165,5.023377432255944e-12,4.876923890254184e-10,0.9999615278768198,3.8471630464364314e-5
25166,3.0659201881708928e-12,2.671441786476305e-10,0.9999819508563216,1.804887346846089e-5
25167,1.0600336041677945e-11,8.843474942203688e-10,0.9999493353234272,5.066378162490669e-5
25168,9.342437018946816e-12,1.1732639145770982e-9,0.9999103641336985,8.963468369505935e-5
25169,6.324475987182662e-12,7.717786454045709e-10,0.9999571204523472,4.2878769549773716e-5
25170,8.16292167254308e-12,9.748460528416648e-10,0.9999610703945561,3.8928622434968954e-5
25171,4.9192957893955105e-12,5.921803591727937e-10,0.9999755503576191,2.4449045281207785e-5
25172,5.236082680490623e-12,8.260323025980666e-10,0.9999703362241361,2.9662944595365033e-5
25173,8.051843750635314e-12,5.090732614900658e-10,0.9999549350803913,4.5064402483645134e-5
25174,4.10303412849024e-12,4.415512426182645e-10,0.999971833035175,2.8166519170670726e-5
25175,1.563655979641126e-11,4.3742985515994554e-10,0.9999581251271712,4.187441976237519e-5
25176,1.1317420908272867e-12,1.819178380326383e-10,0.9999961744401253,3.825376825071381e-6
25177,2.2790789498330293e-12,3.2734779855363777e-10,0.9999943054755227,5.694194850439954e-6
25178,3.731088648729647e-12,1.9844805873764147e-10,0.9999928387374593,7.161060361642609e-6
25179,6.572556446446178e-12,2.476651443762401e-10,0.999993719224394,6.280521368476128e-6
25180,2.5467866317799366e-12,9.813967140545798e-11,0.9999935245222896,6.47537702398957e-6
25181,1.4207543087861033e-12,7.665427934024941e-11,0.9999975838200698,2.4161018550971497e-6
25182,8.547399674405782e-12,4.761100682013847e-10,0.9999859238925431,1.407562279932226e-5
25183,4.785440322081908e-12,2.708025097394059e-10,0.9999914464228553,8.553301556818766e-6
25184,1.831840806103484e-12,1.9673621550253334e-10,0.9999931041321655,6.895669266392703e-6
25185,3.7826762123890855e-12,3.9223638436763563e-10,0.9999910665315782,8.933072402790971e-6
25186,1.3035252624891492e-11,1.419351642524379e-9,0.9999824538446368,1.7544722976344563e-5
25187,5.6538880635427706e-12,4.5523170752273257e-10,0.9999861270060152,1.3872533099288384e-5
25188,2.9839103023553662e-12,1.6542333744346858e-10,0.9999935506108172,6.449220775482333e-6
25189,6.7947920377612234e-12,3.176544796364423e-10,0.9999941232078505,5.876467700183877e-6
25190,1.0265167240307362e-11,1.2849390826492677e-9,0.9999774159804332,2.2582724362557866e-5
25191,3.3434717381360945e-12,6.178087213818553e-10,0.9999906651408647,9.334237983084754e-6
25192,1.9618258284275856e-12,2.6442168490519395e-10,0.9999910846917223,8.91504189423584e-6
25193,6.6084337822913226e-12,7.021605274519134e-10,0.9999841497198935,1.5849571337576994e-5
25194,3.883350389892085e-12,2.7062191458254014e-10,0.9999935406499587,6.459075536057003e-6
25195,5.738119227904568e-12,5.09826520669809e-10,0.9999122943075605,8.770517687495644e-5
25196,2.6114892535034207e-12,3.8219193290636026e-10,0.9999459095755473,5.409003964935933e-5
25197,6.358183723328891e-12,9.112744541248906e-10,0.9999062234807151,9.377560165219396e-5
25198,7.056674341664674e-12,5.398521451939719e-10,0.9999062136869289,9.37857661623494e-5
25199,6.4622112610504945e-12,1.7174687411547627e-10,0.9999614180607785,3.858176101246833e-5
25200,6.598463956313073e-12,7.314489076553267e-10,0.9998831799064921,1.1681935546046943e-4
25201,4.285227056903832e-12,2.725146715282477e-10,0.9999254047810856,7.459494211438998e-5
25202,4.204336653271689e-12,1.718808074705968e-10,0.999959424561371,4.057526254376087e-5
25203,5.800186423881153e-12,8.279275140287665e-10,0.9999173753942792,8.26237719930478e-5
25204,3.527174828040322e-12,2.4388585865650145e-10,0.999932137112236,6.786264035078357e-5
25205,3.2455909483220894e-12,2.6229282899870156e-10,0.9999575048622642,4.249487219716388e-5
25206,4.985855129302792e-12,3.7647130495913223e-10,0.9999475999565632,5.2399661979532996e-5
25207,4.514073447923214e-12,2.469316511491194e-10,0.999941226099939,5.8773648615556645e-5
25208,6.559121040586647e-12,4.3468318440783077e-10,0.9999450663454481,5.49332133094623e-5
25209,3.747415161927916e-12,1.8110044215372734e-10,0.9999435345520865,5.646526306553328e-5
25210,3.95758548631858e-12,2.943699969482592e-10,0.999938512430549,6.148727112337374e-5
25211,3.511588255917315e-12,5.635455127814797e-10,0.9999492992259041,5.070020703881026e-5
25212,9.321883537246405e-12,6.065358263194138e-10,0.9999165014009084,8.349798323400214e-5
25213,3.962097697762777e-12,4.2370617456024695e-10,0.9999446333008819,5.536627144991202e-5
25214,1.4436087283083878e-12,1.961398812975434e-10,0.9999788242054637,2.1175596952793373e-5
25215,3.4375949618175935e-12,2.989106977685249e-10,0.9999643790400202,3.562065763152801e-5
25216,7.957152322114288e-12,6.523054284499284e-10,0.9999576666890957,4.233265064176051e-5
25217,5.706824898684213e-12,8.682880563330098e-10,0.999958225369121,4.177375688422249e-5
25218,7.109673435236099e-12,1.0119879941390903e-9,0.9999440601535624,5.593882733973632e-5
25219,8.536779246852317e-12,1.6677256743516813e-9,0.9999199232221845,8.007510155301142e-5
25220,2.4295922741417388e-12,1.3864841769116988e-10,0.9999777031587666,2.2296700155514053e-5
25221,2.8291204513573426e-12,7.196745051166522e-10,0.9999747036309042,2.5295646592205726e-5
25222,2.7546872874263768e-12,3.3792162148043687e-10,0.9999843191562537,1.568050306988425e-5
25223,3.0477486029716195e-12,4.4728260555388376e-10,0.9999682576597712,3.174188989843993e-5
25224,3.68540298942398e-12,7.707372978520123e-10,0.9999577495500055,4.2249675571769264e-5
25225,2.8158156323697458e-12,2.2802789272844416e-10,0.9999711987541643,2.8801014991869516e-5
25226,8.34736494573424e-12,6.046796403728654e-10,0.9999591974293639,4.080195760906027e-5
25227,3.049844651823003e-12,4.99474420848226e-10,0.9999761965312143,2.3802966261489306e-5
25228,2.426518722824111e-12,1.9255878323693395e-10,0.9999795443115764,2.0455493438098063e-5
25229,9.806230012287873e-13,9.651999564440579e-11,0.9999880853726741,1.1914529825100354e-5
25230,1.9962825408997094e-12,1.9593101419992166e-10,0.9999792002817471,2.0799520325608218e-5
25231,2.138742765018496e-12,4.810646350361653e-10,0.9999774737805515,2.252573624498292e-5
25232,6.927150820912516e-12,7.842552959693332e-10,0.9999435416521019,5.645755671577584e-5
25233,8.092517613353933e-13,3.055543203497051e-10,0.9999973380968973,2.6615967390713543e-6
25234,1.6131887807591503e-12,2.4810552776773124e-10,0.9999976262946354,2.3734556458434425e-6
25235,2.530019096000716e-12,2.2535340484756126e-10,0.9999970918172533,2.9079548632437924e-6
25236,3.434649630653828e-12,2.814190985934281e-10,0.999995693866034,4.305849112113105e-6
25237,7.935012479392993e-12,8.6747199592778e-10,0.9999952108401696,4.788284423377691e-6
25238,1.6827798941620023e-12,2.1679309203436145e-10,0.9999971984488384,2.8013326857081903e-6
25239,3.6009613337615176e-12,7.503040284355399e-10,0.9999940258456652,5.973400429844723e-6
25240,1.304512336459602e-12,1.89188240362073e-10,0.9999973144971955,2.68531231180368e-6
25241,1.5465232526176603e-12,1.9190387167280356e-10,0.999998770293348,1.2295132015918545e-6
25242,1.1082182742223718e-12,1.2359940788878568e-10,0.9999980502438705,1.9496314220044264e-6
25243,1.0966862770846312e-12,2.865103387201021e-10,0.9999980301448231,1.969567569937797e-6
25244,3.968854180008111e-12,5.504751048162662e-10,0.9999961339148447,3.865530711461182e-6
25245,1.6783391681596316e-12,8.487198827542722e-11,0.9999986237466176,1.376166831959914e-6
25246,3.91729330156567e-12,6.124630838818334e-10,0.9999971021564737,2.8972271459394426e-6
25247,1.647567922489841e-12,1.7757088844902288e-10,0.9999979710552879,2.02876549365074e-6
25248,5.758118900262404e-13,1.3430281294225577e-10,0.9999979122734998,2.0875916214821376e-6
25249,1.866875071984593e-12,3.4016597183616933e-10,0.9999974627009233,2.536957043787202e-6
25250,1.8041753312084623e-12,2.230325358186086e-10,0.9999980541693838,1.9456057797359445e-6
25251,2.4029715455235044e-12,4.589243217395386e-10,0.999996024495559,3.9750431136359744e-6
25252,1.008926543772384e-11,4.163094733319996e-10,0.9999941148231654,5.8847504358854855e-6
25253,3.4165267201951824e-12,3.432372725708067e-10,0.9999929789316301,7.020721716058491e-6
25254,1.2888978515115713e-11,7.14729784351642e-10,0.9999868278198437,1.3171452537521262e-5
25255,7.74870970928596e-12,9.242954085508372e-10,0.9999892965231025,1.0702544853578743e-5
25256,2.7925440653502714e-12,1.2954769553232195e-9,0.9999892177996562,1.0780902074394586e-5
25257,2.278364286981605e-12,2.7831401024696704e-10,0.9999956944894725,4.305229935217149e-6
25258,5.2095800387548695e-12,3.512922570535848e-10,0.9999946747913582,5.324852139902303e-6
25259,3.742053351698427e-12,4.4536035238159863e-10,0.9999945575955541,5.441955343661847e-6
25260,2.649816962753809e-12,5.387304372900708e-10,0.9999927880666255,7.211391994355882e-6
25261,4.593706713053427e-12,2.650485049476513e-10,0.9999963848654382,3.614864919463723e-6
25262,5.725416151725145e-12,4.396148973228461e-10,0.9999918235563237,8.175998335863062e-6
25263,2.9142794214205193e-12,2.8088834043696343e-10,0.999995649612929,4.350103268421164e-6
25264,2.01528026564432e-12,2.2375630552199482e-10,0.9999955510787472,4.448695481308523e-6
25265,6.847483845262762e-12,3.0057588846168353e-10,0.9999953068983214,4.692794255340288e-6
25266,2.2094329102122623e-12,3.1095242260480795e-10,0.9999957178690141,4.281817823962162e-6
25267,8.581979820819123e-13,1.8284729423575229e-10,0.9999966355427952,3.3642734992345403e-6
25268,1.4383522487494628e-12,1.877091364712659e-10,0.9999977732643873,2.226546465301771e-6
25269,3.466914228588846e-12,3.857745804289559e-10,0.9999912457718763,8.753838882212085e-6
25270,3.17064147433503e-12,2.9753708839092025e-10,0.9999965415580236,3.4581412686343258e-6
25271,1.0605549535457022e-12,1.8139614592437667e-10,0.9999893473218842,1.0652495659117676e-5
25272,4.442340142581215e-12,5.729917029702948e-10,0.999971160780288,2.8838642277944992e-5
25273,7.169508588301063e-12,5.068245765269401e-10,0.99996270449507485,3.729499093099373e-5
25274,3.991192406222248e-12,4.617258516323573e-10,0.9999729774929795,2.7022041303432662e-5
25275,1.2542658110303209e-11,9.120397394420227e-10,0.9999504029329036,4.959614251408671e-5
25276,4.3884794133370425e-12,6.66075607036689e-10,0.9999723296592337,2.7669670302324976e-5
25277,3.950105041399327e-12,2.2517864584505832e-10,0.9999693615535191,3.0638217352115595e-5
25278,8.139723345099983e-12,8.002935804762206e-10,0.9999620451493549,3.795404221180957e-5
25279,2.611510468467171e-11,9.885149431724672e-10,0.999926910002186,7.308898318377302e-5
25280,2.4901098628645408e-12,1.7161722732944397e-10,0.999989644994315,1.03548315775644e-5
25281,5.347449278654311e-12,2.1901967319698298e-10,0.9999746773587466,2.5322416886419783e-5
25282,9.787857359537989e-12,3.691243843539529e-10,0.9999653621488933,3.463747219443566e-5
25283,5.099511808497995e-12,3.944570211811117e-10,0.9999703352078382,2.9664392605365203e-5
25284,7.897185235999057e-12,1.0573643065773346e-9,0.9999632013652123,3.6797569526139086e-5
25285,6.030614670143362e-12,4.3983578764643553e-10,0.9999672799131569,3.2719640976780126e-5
25286,1.0827900138858899e-11,4.599595835068076e-10,0.9999597369437851,4.026258542732386e-5
25287,4.385934424868028e-12,6.429910827247285e-10,0.9999691670774482,3.083227517473677e-5
25288,3.245881418849706e-12,3.083020933522615e-10,0.9999617772360327,3.8222452419300314e-5
25289,4.652933647478392e-12,8.722135170011047e-10,0.9999607693674094,3.9229755724271e-5
25290,4.837463352934629e-12,4.460462493769778e-10,0.9999576265140475,4.237303506868869e-5
25291,1.2458658845075431e-11,5.34797243991905e-10,0.9999341430429611,6.585640978292592e-5
25292,3.126097746334091e-12,2.466880636627461e-10,0.9999581601361542,4.183961403152231e-5
25293,2.0246253320478112e-12,2.3810595405865656e-10,0.9999667110363237,3.328872354571047e-5
25294,5.903013656420156e-12,6.591420143269405e-10,0.9999232326987654,7.676663618981162e-5
25295,3.3160491624631845e-12,2.020374650999721e-10,0.999969846807524,3.0152987122449856e-5
25296,4.412221498938442e-12,4.558801776661111e-10,0.9999666108758503,3.3388663857275595e-5
25297,2.7612953707710493e-12,3.6404705545393295e-10,0.9999563866776857,4.3612955505981386e-5
25298,2.050471412568668e-11,7.395461021756555e-10,0.999865373032033,1.3462620791629732e-4
25299,3.905271942182617e-12,1.8969113218523766e-10,0.9999760690125363,2.3930793867291633e-5
25300,8.147247948068816e-12,8.362648725441914e-10,0.9999411415944208,5.8857561167110206e-5
25301,3.785722639983147e-12,1.6788775682933686e-10,0.9999599187140055,4.008111432087886e-5
25302,1.3581085748654156e-11,4.1537159650117865e-10,0.9999550515192801,4.494805176711295e-5
25303,3.954856645054976e-12,3.308966750167828e-10,0.9999584519819242,4.154768322431813e-5
25304,1.9453146539063933e-12,1.5729281463229047e-10,0.9999812848001676,1.8715040594323804e-5
25305,1.2441939792214692e-11,2.947955972142387e-10,0.9999576117104855,4.238798227680275e-5
25306,5.217190616850162e-12,4.893476010655373e-10,0.9999258792342839,7.412027115128505e-5
25307,5.5229604586587356e-12,5.072997907180159e-10,0.9999344485009871,6.555098619001757e-5
25308,5.4055238285111934e-12,6.881991102504667e-10,0.9999557961836927,4.420312270271859e-5
25309,1.892645616556142e-12,2.289268674031907e-10,0.9999846196511122,1.5380118068299456e-5
25310,9.916698622468345e-12,1.288827274868516e-9,0.9999669938421222,3.30048591337363e-5
25311,2.415169159393381e-12,3.630511033923847e-10,0.9999861738737816,1.382576075206658e-5
25312,2.4982468782702682e-12,1.8299195092755865e-10,0.9999842167586871,1.5783055822746e-5
25313,3.059043322817359e-12,2.5761523305972727e-10,0.9999852611014172,1.4738637908504569e-5
25314,5.865633192003049e-12,5.507542530970278e-10,0.9999729705308383,2.702891254160425e-5
25315,4.9188531350464046e-12,2.8845013983758e-10,0.9999887176627336,1.1282043897689479e-5
25316,7.314186626613565e-12,5.761089086130563e-10,0.9999625847551342,3.741466144266701e-5
25317,2.2255056402934e-12,2.3385187269396076e-10,0.9999870898334381,1.2909930484443422e-5
25318,4.823031839627867e-12,3.149142943945728e-10,0.9999788981180128,2.110156224998881e-5
25319,6.120215047616349e-12,8.112976920383779e-10,0.9999748245018314,2.5174680750651657e-5
25320,1.1667418899097512e-12,7.448271969673085e-11,0.9999942680709019,5.731853448657974e-6
25321,8.422933729869204e-13,1.1659460491966737e-10,0.9999940429975971,5.956884965883163e-6
25322,3.28838363396026e-12,1.5499805148532563e-10,0.9999926415842988,7.3582574147076725e-6
25323,1.6336159470265672e-12,1.3540311797506903e-10,0.9999926101671791,7.389695784032606e-6
25324,3.2055535227358086e-12,6.204602502770441e-10,0.9999822893141563,1.7710062177753714e-5
25325,6.480191132843648e-12,7.900164542490119e-10,0.9999759022463397,2.4096957163723736e-5
25326,2.087881342255051e-12,1.4800173440918248e-10,0.9999896223063194,1.0377543590996122e-5
25327,2.277743005428859e-12,2.930453012555106e-10,0.9999852477449563,1.4751959720691519e-5
25328,1.893074909219676e-12,1.4312808301284168e-10,0.999987440602683,1.2559252296034324e-5
25329,4.805607243803601e-12,4.2783029093059345e-10,0.9999576723438421,4.232722352207734e-5
25330,1.6656774388667172e-12,1.4572957141797642e-10,0.9999858438780898,1.4155974514920033e-5
25331,8.186144020409641e-12,9.686116764468373e-10,0.9999333690017372,6.663002146516334e-5
25332,3.762296019897386e-12,3.3359966417021183e-10,0.9999761294261796,2.3870236458464266e-5
25333,4.1554587601597835e-12,5.298299213905508e-10,0.9999691579997444,3.0841466270000954e-5
25334,7.035512586735629e-12,6.653434782757327e-10,0.9999611816680064,3.881765961459085e-5
25335,2.460407368347314e-12,3.3777611906350657e-10,0.9999766173108507,2.338234891280478e-5
25336,1.8894116363720086e-12,2.9112532351521655e-10,0.9999766512059506,2.3348501034593244e-5
25337,3.1343574409911187e-12,2.0996644124890168e-10,0.9999667348669075,3.326491999168433e-5
25338,2.4820631899017684e-12,2.386178012995678e-10,0.9999858028578144,1.4196901085558074e-5
25339,2.358801917534651e-12,1.365305161633708e-10,0.9999869387405927,1.306112051790616e-5
25340,3.3999037695082755e-12,6.804962691868755e-10,0.9999610085743676,3.8990741736074306e-5
25341,3.2501604102054937e-12,8.29266247825338e-10,0.9999442522599599,5.574690752362765e-5
25342,1.7351572278166579e-12,1.8745047516764729e-10,0.999990587983882,9.411826932440362e-6
25343,4.4430583521011e-12,4.4727822987427176e-10,0.99997610062696,2.3898921318789364e-5
25344,2.155316222324478e-12,2.0216356567998389e-10,0.9999862163622243,1.3783433456792222e-5
25345,3.2859873621239457e-12,2.8735878896734154e-10,0.9999794214990212,2.057821033409952e-5
25346,6.2250958058039025e-12,4.2913646960031736e-10,0.9999627785384165,3.7221026221850634e-5
25347,6.2968135094529345e-12,8.297157439860099e-10,0.9999698369781458,3.0162185841691306e-5
25348,3.712832555550062e-12,3.9838673932935945e-10,0.9999661720855163,3.38275123840268e-5
25349,2.0928923506232274e-12,3.4645333641073554e-10,0.9999821606674024,1.783898405115868e-5
25350,6.88863979914301e-12,5.233655132047225e-10,0.9999707553485632,2.924412118282026e-5
25351,2.5712337230837693e-12,3.8261015510328136e-10,0.9999736893586912,2.6310256127424195e-5
25352,4.07429106671756e-12,4.037382346292459e-10,0.9999811579185371,1.8841673650344283e-5
25353,2.4616706484908166e-12,3.1606351417081227e-10,0.9999724548131173,2.7544868357659052e-5
25354,5.763844560931336e-12,2.5050285369278225e-10,0.9999849147938287,1.50849499046351e-5
25355,3.2575464022223354e-12,4.114412948613519e-10,0.9999726387687987,2.7360816502486112e-5
25356,5.581510891343906e-12,5.129367562387578e-10,0.9999456172704553,5.438221102640878e-5
25357,1.7153039063992205e-12,2.365612215091409e-10,0.9999903360959594,9.663665764085927e-6
25358,4.930362689963538e-12,3.6733086953409885e-10,0.9999831385800305,1.6861047708207925e-5
25359,4.685334267998045e-12,2.9671896745160434e-10,0.9999862227482266,1.3776950369168428e-5
25360,1.3613350156752207e-12,2.304094044679075e-10,0.9999859073828334,1.4092385395978395e-5
25361,3.082629110276781e-12,1.5010559292843393e-10,0.9999865866080567,1.341323875498551e-5
25362,2.7679837669112256e-12,3.5011994155402336e-10,0.9999774933102764,2.2506336835557874e-5
25363,2.275385224495384e-12,4.6449497164737866e-10,0.999973384420845,2.6615112384612987e-5
25364,1.901069188246399e-12,3.0256036736845276e-10,0.9999864760415578,1.3523653980852075e-5
25365,7.927034247710378e-12,2.790506589524414e-10,0.9999704876646361,2.951204838597127e-5
25366,3.650922539319733e-12,3.293242598656373e-10,0.9999876612955825,1.2338371442458964e-5
25367,2.222855570774499e-12,6.589413332162764e-10,0.9999872207281412,1.2778610694756978e-5
25368,1.1432174866249318e-11,8.085514292885595e-10,0.9999795892014705,2.040997854592018e-5
25369,1.9746508496328953e-12,1.5892396434750237e-10,0.9999954301627887,4.569676312664765e-6
25370,2.7784062887019536e-12,2.836981064043019e-10,0.9999900054788768,9.994234646671379e-6
25371,3.854266772766027e-12,5.042301806959681e-10,0.9999880980358768,1.190145603879171e-5
25372,1.8027908978829622e-12,5.407548642977902e-11,0.9999963543960833,3.6455480385943538e-6
25373,1.109296267864708e-12,2.394992422937409e-10,0.9999940881320003,5.911627391019201e-6
25374,1.279729519224345e-12,1.1220756760249077e-10,0.9999957550799666,4.2448065459232235e-6
25375,2.0060804654514327e-12,3.999568033111346e-10,0.9999900935443489,9.906053688098134e-6
25376,3.1774080181399185e-12,2.3708111266299223e-10,0.9999896072079525,1.0392551789024957e-5
25377,3.1401811402925738e-12,4.0173233026200476e-10,0.9999853009939029,1.4698601224758598e-5
25378,4.100946346488508e-12,1.6599375013726666e-10,0.9999937725077568,6.227322148431494e-6
25379,4.476670437495463e-12,6.952570636516585e-10,0.9999828339424203,1.7165357845894443e-5
25380,1.9450123580515864e-12,2.8936385784561456e-10,0.9999932920744344,6.707634256855652e-6
25381,3.660254989812214e-12,2.42469540438255e-10,0.9999899406466238,1.0059107246511401e-5
25382,4.385510136880431e-12,2.64962455742938e-10,0.9999905628860274,9.436844624585329e-6
25383,9.597579259649702e-13,2.171905450574178e-10,0.9999944731889199,5.526592929765444e-6
25384,2.045536155980066e-12,1.5802256865155763e-10,0.9999910259352688,8.973904663267863e-6
25385,6.063129048600482e-13,1.0600871494434286e-10,0.9999949112343057,5.088659079070624e-6
25386,3.814308491913996e-12,3.550821913152069e-10,0.9999634930385851,3.650660251832595e-5
25387,3.2731899704479347e-12,2.549124880613616e-10,0.9999744060644288,2.559367738541809e-5
25388,7.345658230819542e-13,1.4875892472274313e-10,0.9999895868597704,1.0412990736068825e-5
25389,2.9423492883521627e-12,6.146088776502188e-10,0.9999813694228755,1.8629959573361617e-5
25390,1.3408175423288958e-12,2.2732145267893396e-10,0.9999868476138968,1.3152157440969078e-5
25391,9.948331402590794e-13,2.2562989936847495e-10,0.9999893396258298,1.0660147545503469e-5
25392,3.121809279973185e-12,1.779357724962286e-10,0.9999860351912034,1.3964627738952088e-5
25393,1.4704179338715584e-12,5.138405242472831e-10,0.9999861439837457,1.3855500943509842e-5
25394,5.005433839365589e-13,1.3173923613561887e-10,0.9999959980621206,4.001805639671494e-6
25395,1.7011216595691225e-12,3.436665416810358e-10,0.9999803911287376,1.9608525894729375e-5
25396,2.8161767267767746e-12,5.459493420717689e-10,0.9999843449378782,1.5654513356351433e-5
25397,1.283995053581604e-12,1.4848502135148968e-10,0.9999916426067146,8.357243516432698e-6
25398,1.4732858363039381e-12,1.1318978175655584e-10,0.9999886934094702,1.1306475866853058e-5
25399,2.4270786573165335e-12,5.784247306700705e-10,0.9999738148610368,2.6184558111589562e-5
25400,1.5273483343467756e-12,3.082215443672113e-10,0.9999820614525043,1.7938237746867193e-5
25401,2.316444096251197e-12,2.3128650721261056e-10,0.9999841373240108,1.5862442386260418e-5
25402,2.9779368313558477e-12,4.794345899028169e-10,0.9999752910097025,2.4708507884925405e-5
25403,8.013557136676091e-13,2.374044565224364e-10,0.9999909779143611,9.021847433284335e-6
25404,7.034838509227362e-12,4.344978664317444e-10,0.9999234490366072,7.65505218600779e-5
25405,3.1395547718289484e-12,1.7259814455078715e-10,0.9999544953938889,4.55044303735431e-5
25406,5.576980238797971e-12,6.463894058463673e-10,0.9998982864469965,1.0171290103714277e-4
25407,1.602247033775634e-12,1.0305582022694342e-10,0.9999759143585093,2.4085536832645842e-5
25408,6.9424470471644916e-12,7.886151795419913e-10,0.9998780150921911,1.219841122512351e-4
25409,3.326817114978234e-12,2.2335777227092354e-10,0.999943847318085,5.6152455230234734e-5
25410,8.024610766692295e-13,1.8071024555444784e-10,0.9999683400040922,3.1659814395293535e-5
25411,3.0375242770005555e-12,3.6180388010156594e-10,0.9998904254543864,1.0957418077213822e-4
25412,4.069939685731106e-12,2.8279691008850655e-10,0.9999393813182951,6.061839483807727e-5
25413,7.276850329952686e-12,5.3343368242878e-10,0.9999415635380053,5.843592128408522e-5
25414,1.0426755130222573e-12,1.213860853635159e-10,0.9999651340427251,3.4865834846169726e-5
25415,1.7878302700614527e-12,2.5355818151717256e-10,0.9999553751104264,4.462463422737913e-5
25416,2.842240881329843e-12,3.47909078400335e-10,0.9999479486841488,5.205096509972935e-5
25417,1.8670442906378116e-12,3.003681331770811e-10,0.9999514588690568,4.854082870812615e-5
25418,2.17704813215211e-12,4.552312954329634e-10,0.999929678970887,7.032057170464638e-5
25419,3.0476288037026686e-12,3.47356317734967e-10,0.9999676727030605,3.23269465356204e-5
25420,1.7914493820473656e-12,2.1623332904795741e-10,0.9999376459307248,6.235385125023681e-5
25421,3.904919236705248e-12,4.5309197529943503e-10,0.9999655101196756,3.448942332760491e-5
25422,8.179799803814586e-12,4.2896742444600563e-10,0.9998530116118359,1.4698795101668633e-4
25423,4.8396258522795895e-12,1.263137026693819e-10,0.9999875090130101,1.2490855836625018e-5
25424,3.168186833099966e-12,3.1489031959962407e-10,0.9999889039243998,1.1095757541738028e-5
25425,4.672873291723392e-12,2.7803796504671935e-10,0.9999856534087402,1.4346308548900322e-5
25426,4.722694597744611e-12,4.98251020987972e-10,0.9999837435119519,1.6255985074474132e-5
25427,2.2032218300375665e-12,2.9412394870063154e-10,0.9999861389130175,1.3860790655407627e-5
25428,6.525787153716647e-12,3.402479762274272e-10,0.999982020101813,1.7979551413336353e-5
25429,4.47969904379231e-12,2.1990539659410642e-10,0.9999905699961549,9.429779460012843e-6
25430,3.9982552138048544e-12,1.4419562155955354e-10,0.999989926781424,1.0073070381946461e-5
25431,4.758043924995849e-12,5.325032503518649e-10,0.9999812892031364,1.8710259602266833e-5
25432,5.517963983806627e-12,3.594431430463228e-10,0.9999735820695059,2.6417565532918887e-5
25433,2.4667582748269578e-12,2.3267024701231696e-10,0.9999903220037304,9.67776113273012e-6
25434,3.230205293995115e-12,1.508824482549956e-10,0.9999914397858346,8.560060052602012e-6
25435,6.048769265697974e-12,4.424334985363655e-10,0.9999871935667666,1.28059847511771e-5
25436,2.817510013039821e-12,4.1471994444498684e-10,0.9999891604685585,1.0839113904095653e-5
25437,5.184850077967875e-12,3.795051406578912e-10,0.9999893201702991,1.0679445010894839e-5
25438,3.8240117270467536e-12,3.7018729263500764e-10,0.9999856199927569,1.4379633231773314e-5
25439,2.1326771626254396e-12,1.5419019972289126e-10,0.9999921124055189,7.887438158388845e-6
25440,1.80211129699216e-12,1.664418350032213e-10,0.999986535099025,1.3464732730978508e-5
25441,5.140178667991255e-12,2.589691694909662e-10,0.9999908858276991,9.11390819139733e-6
25442,1.0014717730556071e-12,1.4233140226322545e-10,0.9999930363694494,6.963487217890434e-6
25443,4.599062244744536e-12,3.9627191745731394e-10,0.9999715978648253,2.840173430358275e-5
25444,2.2775083936696404e-12,3.1792334549068234e-10,0.9999811330151941,1.8866664605043032e-5
25445,4.518675788803056e-12,1.1517707898710875e-9,0.9999755873943069,2.4411449403552228e-5
25446,4.602039175435734e-12,4.415292425863667e-10,0.9999797168316878,2.028272218090975e-5
25447,3.1335192239103577e-12,4.642239143060528e-10,0.9999769083109423,2.309122170039049e-5
25448,4.2930509024287605e-12,6.716644126468535e-10,0.9999750570461455,2.4942277896846264e-5
25449,3.4943628114124353e-12,7.544850991804601e-10,0.9999790251485086,2.0974093511909095e-5
25450,5.162704979121494e-12,4.803007696824741e-10,0.999980864227042,1.913528749457672e-5
25451,4.217617507119603e-12,3.656071246913283e-10,0.9999879420548868,1.2057575288332825e-5
25452,8.304288139857137e-12,6.417391994479005e-10,0.9999682148738521,3.178447610438025e-5
25453,3.789451227638023e-12,5.160022704368672e-10,0.9999679087209428,3.209075926561369e-5
25454,4.157347508167013e-12,3.7576260774304514e-10,0.9999880227089244,1.197691115567619e-5
25455,3.1885587879029913e-12,2.751092105234546e-10,0.9999836607327426,1.633898895976718e-5
25456,4.024534333270189e-12,4.71327007417114e-10,0.9999775203784976,2.2479146150942293e-5
25457,1.457855567282399e-12,2.3343239422496874e-10,0.9999894787438809,1.0521021228913694e-5
25458,3.302189311743881e-12,5.637290116213798e-10,0.9999761619462653,2.383748670365694e-5
25459,4.450695848455576e-12,2.3866582274565446e-10,0.9999884602696888,1.1539487194685966e-5
25460,2.5588109245724104e-12,3.963158130805356e-10,0.9999853434517706,1.465614935480812e-5
25461,2.27611016636466e-12,3.2194525745723205e-10,0.999933956428505,6.604324727349156e-5
25462,2.2603427899361786e-12,5.375579862945476e-10,0.9999577161744284,4.228328575338633e-5
25463,4.109341393742653e-12,3.3303321370734794e-10,0.9999512746585932,4.8725004264278565e-5
25464,2.341958081456369e-12,8.249504872177218e-10,0.9999291597003087,7.083947239875026e-5
25465,6.327393783634304e-12,6.724119365356792e-10,0.9999436244955975,5.637482566314085e-5
25466,1.6547800627411552e-12,1.853085622712753e-10,0.9999825216910084,1.747812202813853e-5
25467,2.7038565682360858e-12,3.676260670251178e-10,0.9999621652420261,3.783438764394545e-5
25468,2.837324781403798e-12,4.065165363818637e-10,0.9999668605648315,3.313902581465522e-5
25469,4.755103804409229e-12,6.982213796651232e-10,0.9999298631586641,7.013613835944901e-5
25470,2.7012011260779356e-12,4.066895737618835e-10,0.9999682291448951,3.1770445713942936e-5
25471,2.1705510219018464e-12,5.817723528488766e-10,0.9999305056937687,6.949372228833093e-5
25472,2.7435348875213986e-12,5.591840853495197e-10,0.9999637467128234,3.625272524893143e-5
25473,3.4713162330054835e-12,4.643885600057494e-10,0.9999673937489139,3.260578322640365e-5
25474,1.713752851714837e-12,5.583481801085718e-10,0.9999591091560018,4.089028393633543e-5
25475,3.188900641674482e-12,4.682297612896973e-10,0.9999563773864929,4.362214208836261e-5
25476,4.378699403719067e-12,1.041906877764887e-9,0.9999086079312067,9.139102250762668e-5
25477,1.7778862751255338e-12,4.017338620061723e-10,0.9999628463030393,3.7153293448845154e-5
25478,3.3755818581779146e-12,6.448852349698871e-10,0.9999449689769103,5.50303748288364e-5
25479,6.565346978651179e-13,1.155423559055351e-10,0.9999814679619128,1.853192188824829e-5
25480,3.3371092409229207e-12,3.618019738792499e-10,0.9999775976479471,2.2401986913747595e-5
25481,5.653573293107587e-12,7.070371768317103e-10,0.9999707213434884,2.927794382085187e-5
25482,4.601511934763951e-12,4.611915078551714e-10,0.9999716411405565,2.8358393650474087e-5
25483,4.049533100180838e-12,3.574077751762455e-10,0.9999857422949022,1.425734364044939e-5
25484,3.096597946114731e-12,2.3502529961425607e-10,0.9999780919752426,2.1907786635500098e-5
25485,6.049934151725653e-12,6.597724622028397e-10,0.9999758109280538,2.4188406123787055e-5
25486,5.092693372646279e-12,4.4829701487216005e-10,0.9999748655222379,2.5134024372383594e-5
25487,5.201245735130584e-12,2.903636947903484e-10,0.9999753772572983,2.4622447136746356e-5
25488,4.313667836378077e-12,3.8579311495123697e-10,0.9999771420103221,2.2857599571023057e-5
25489,3.699612105563082e-12,4.000340645398372e-10,0.9999728768700336,2.712272623281119e-5
25490,1.3700308336338166e-12,9.150311753148454e-11,0.9999940537831675,5.946123959245738e-6
25491,4.4132695012393536e-12,3.598747094803991e-10,0.9999708442722403,2.915536347181375e-5
25492,8.212054731507077e-12,5.673089202528252e-10,0.999962088383292,3.7911041186953706e-5
25493,2.0215727316157205e-12,3.739552413126913e-10,0.99998012451484,1.987510918307311e-5
25494,7.474489348063557e-12,5.594578881193872e-10,0.9999682552207485,3.174421231926599e-5
25495,4.861025739378529e-12,3.610490041307876e-10,0.9999803150321709,1.9684601918934857e-5
25496,2.483638944067709e-12,4.38580065617053e-10,0.9999752489941478,2.4750564788398465e-5
25497,1.1248364806659471e-12,2.2221211508358e-10,0.9999861604860547,1.3839290608462868e-5
25498,8.016697987263438e-12,4.701365048318425e-10,0.9999643112724601,3.568824938666415e-5
25499,1.0412187898458355e-12,2.5849041152579375e-10,0.9999863928078884,1.3606932580050664e-5
25500,4.439283975745893e-12,1.5812160786336214e-10,0.9999853789503362,1.4620887102760462e-5
25501,1.8244647784479037e-12,2.6927836856768347e-10,0.9999850458559185,1.4953872978539069e-5
25502,1.7925091781266461e-12,1.5252635057603794e-10,0.9999877453795699,1.2254466111176276e-5
25503,1.6043894218020409e-12,2.2262923564701252e-10,0.9999875198287217,1.2479947044814845e-5
25504,3.999930866070305e-12,9.926112922426356e-10,0.9999595044948508,4.0494508537961005e-5
25505,1.4991597266067007e-12,6.531381410500745e-10,0.9999749855453155,2.5013800047117188e-5
25506,3.308251289075227e-12,2.9975084772001115e-10,0.9999869078150354,1.3091881905448973e-5
25507,4.194231871704311e-12,5.090550304879216e-10,0.9999668995823413,3.309990440939661e-5
25508,9.977603154547032e-13,3.105494256978035e-10,0.9999870458805803,1.2953807872566708e-5
25509,2.7555547895463655e-12,2.1556384084993216e-10,0.999982819534416,1.7180247264650624e-5
25510,2.450037442477344e-12,3.024852306778888e-10,0.999984650615973,1.5349079091863485e-5
25511,4.911697066739023e-12,3.552276484551938e-10,0.9999687400765341,3.125956332658177e-5
25512,2.1657252518627283e-12,1.5203741447680174e-10,0.9999901943828622,9.805462934631943e-6
25513,2.155956148641109e-12,2.6385443387803893e-10,0.9999749857855649,2.5013948424773622e-5
25514,1.240800523745255e-12,3.9885623685305925e-10,0.9999847438487669,1.5255751136249805e-5
25515,2.858344173185828e-12,5.052286828423361e-10,0.9999775008183791,2.2498673533932627e-5
25516,3.82072595217056e-12,6.48681744002611e-10,0.9999751561244973,2.484322300032755e-5
25517,3.55176310518173e-12,3.551956476072921e-10,0.9999647091178318,3.5290523420709854e-5
25518,4.719965454753224e-12,5.264258834853287e-10,0.9999884010592374,1.1598409616647341e-5
25519,2.9230586932290997e-12,8.464558816421881e-10,0.999986206922308,1.3792228313204149e-5
25520,3.122765889511028e-12,3.636102493087734e-10,0.9999939672807395,6.032352527374411e-6
25521,5.83577402588421e-12,7.930340300104939e-10,0.9999824093881439,1.75898129862375e-5
25522,2.3780286739655357e-12,4.144512392115914e-10,0.9999897409150881,1.0258668082769022e-5
25523,4.60072167553164e-12,1.5194448501543363e-10,0.9999933517443186,6.648099136153095e-6
25524,2.4994720065936978e-12,3.372739379968013e-10,0.9999903504688255,9.649191401190475e-6
25525,7.3753986655371e-12,3.738403415411918e-10,0.999988741613503,1.1258005281266054e-5
25526,3.94652476179354e-12,1.0106990528556429e-9,0.99998809347745,1.1905507904271679e-5
25527,7.0323238072450765e-12,1.2019405823158009e-9,0.9999733736930954,2.6625097931682017e-5
25528,4.070931745253333e-12,2.462901505790932e-10,0.9999937102418198,6.289507819098941e-6
25529,5.058123812747598e-12,5.1611681536685e-10,0.9999919705195259,8.028959299254174e-6
25530,2.5617583758127656e-12,6.741879957291631e-10,0.9999889268445494,1.107247870075168e-5
25531,8.774694277222925e-13,1.8862438943174362e-10,0.9999965097773985,3.4900330996706713e-6
25532,2.5157862654190836e-12,3.504468265631368e-10,0.9999948338585153,5.165788521982785e-6
25533,2.3266009469886166e-12,1.5272826349362304e-10,0.9999954994958807,4.500349064362037e-6
25534,1.8650701178128307e-12,5.035818339269001e-10,0.9999905014007497,9.498093803295287e-6
25535,4.677374752171158e-12,5.993752669945069e-10,0.9999877854006285,1.2213995318815807e-5
25536,1.0268957219994265e-12,3.5233739456943235e-10,0.9999918593819598,8.140264675952921e-6
25537,2.3210912504461735e-12,2.814074580848402e-10,0.9999662901041042,3.37096121672567e-5
25538,7.059728948716451e-12,3.524366023815787e-10,0.9999681824361678,3.181720433594952e-5
25539,6.538625610391289e-12,4.998302233983976e-10,0.9999729312787157,2.706821491559713e-5
25540,1.3845914614162703e-12,7.55138021189063e-11,0.9999907748342632,9.225088838415554e-6
25541,4.395153310854443e-12,4.575994049979887e-10,0.9999702892109128,2.9710327092649927e-5
25542,6.683429893787121e-12,3.5974846515784096e-10,0.9999784111728193,2.158846074886131e-5
25543,2.640227932483662e-12,2.170995228955027e-10,0.9999841866608731,1.5813119387059845e-5
25544,1.1017913613358948e-11,6.432162018032518e-10,0.9999433137725655,5.668557320022298e-5
25545,3.163262514125125e-12,2.5666454839137656e-10,0.9999808314625109,1.916827766131806e-5
25546,6.9983081998275386e-12,8.975620270091917e-10,0.9999660231166563,3.39759787833082e-5
25547,1.0298540396136016e-12,1.3217115097330134e-10,0.9999903180200942,9.681846704829877e-6
25548,4.240972214444219e-12,3.4891159113508866e-10,0.9999622703801432,3.77292667041841e-5
25549,2.24291030676921e-12,1.2858255035791567e-10,0.999981838922492,1.8160946682505e-5
25550,4.661886022409559e-12,3.6947520469963355e-10,0.999959927086536,4.007253932690671e-5
25551,3.028331038642255e-12,2.4094378405179025e-10,0.9999793197490534,2.0680006974541257e-5
25552,3.475508691709133e-12,3.758951581353747e-10,0.999969610812653,3.0388807976324624e-5
25553,2.548393292916714e-12,3.4540887354324607e-10,0.9999799169280835,2.0082723959240062e-5
25554,2.924830842261648e-12,8.142801706805934e-10,0.9999497786172928,5.022056550207129e-5
25555,7.2639041867421715e-12,5.075681399779798e-10,0.9999507134800336,4.928600513421712e-5
25556,4.324658532518854e-12,3.009530550758093e-10,0.9999862029001116,1.3796794610529485e-5
25557,7.589748774359934e-12,3.017007643308254e-10,0.9999844518730705,1.5547817638944847e-5
25558,9.13636035169217e-12,5.075296852466264e-10,0.9999727709024352,2.7228580898774515e-5
25559,3.045585279355077e-12,2.3090500466898094e-10,0.99999059396695,9.405799099421717e-6
25560,4.094995016953057e-12,3.718741959598361e-10,0.9999820712725299,1.792835150090096e-5
25561,2.571562002034518e-12,3.5647113319421406e-10,0.9999849324057993,1.5067235157951217e-5
25562,2.4901687998613287e-12,2.887899712376408e-10,0.9999792392960317,2.0760412688150354e-5
25563,3.802964294359306e-12,1.3956905565636812e-10,0.9999924874389979,7.512417629988706e-6
25564,8.458903267084553e-13,1.3257474586169522e-10,0.9999934937804013,6.506086178114474e-6
25565,5.1127900480300085e-12,1.6260932693909172e-10,0.9999796216017955,2.037823048226628e-5
25566,4.115124093204654e-12,3.0615867358809285e-10,0.9999784321173147,2.1567572411463076e-5
25567,1.114954181842773e-12,2.455679203462657e-10,0.9999906429447736,9.356808543582008e-6
25568,6.724672180802906e-12,4.134800274999714e-10,0.9999862115557351,1.378802406019096e-5
25569,2.2885402015725002e-12,2.3363305482983335e-10,0.9999928633644652,7.13639961316084e-6
25570,5.1004462428854006e-12,2.4085585722918793e-10,0.9999851769673331,1.4822786710637945e-5
25571,5.897518615589562e-12,3.0502566603575664e-10,0.9999731238708334,2.6875818243443527e-5
25572,2.8947537503399944e-12,1.9665265782243465e-10,0.9999893024788316,1.0697321621215387e-5
25573,3.388200377531266e-12,8.746199379888739e-10,0.999978150023352,2.1849098639621814e-5
25574,1.2634798032445076e-12,9.083656232495786e-11,0.9999905581092884,9.44179861141687e-6
25575,5.9510686312092135e-12,2.4671642619432013e-10,0.9999795253223404,2.047442499195716e-5
25576,2.895134560529028e-12,1.0578266278561102e-10,0.9999903270043894,9.672886932792282e-6
25577,1.0072703681353307e-11,4.783282247259998e-10,0.999963189858064,3.6809653535130126e-5
25578,7.653531814239105e-12,6.877356878780301e-10,0.9999703466612835,2.9652643327283935e-5
25579,1.2190557500321498e-11,4.931726721964496e-10,0.9999729418339314,2.70576607054373e-5
25580,3.7849591974045524e-12,3.2776117007651835e-10,0.9999806858039484,1.931386450548315e-5
25581,7.976859282188233e-12,4.0230421544782184e-10,0.9999713794919827,2.862009773629576e-5
25582,2.0461485983157316e-12,2.8436774993549214e-10,0.9999789228461633,2.1076867422714606e-5
25583,5.4216040570239114e-12,2.462582597290678e-10,0.9999864120189762,1.358772934380626e-5
25584,4.056958595612362e-12,4.945766480387857e-10,0.9999792714366227,2.0728064743712648e-5
25585,4.292078562484553e-12,3.4568861661294156e-10,0.9999783922166426,2.1607433376608507e-5
25586,1.4758819989881314e-12,2.2931242460052422e-10,0.9999909914639558,9.008305255924693e-6
25587,1.1100748566240719e-11,3.3069775447364557e-10,0.9999767898355661,2.3209822635461467e-5
25588,8.310679683851996e-12,2.034965640458354e-10,0.9999775211387193,2.2478649473500375e-5
25589,1.428734093926166e-11,1.001247964103071e-9,0.9999680777394653,3.192124499960988e-5
25590,9.705025236675643e-12,8.752551887282878e-10,0.9999508900846921,4.910903034778432e-5
25591,3.3103839326715413e-12,6.357453839062206e-10,0.9999763528932666,2.3646467677822115e-5
25592,1.659309493171369e-11,1.4080776689426793e-9,0.9999569361285983,4.306244673109734e-5
25593,5.77156180567771e-12,5.799224288250033e-10,0.999979788781024,2.0210633281919063e-5
25594,5.808089080987921e-12,8.156850226156865e-10,0.9999732444191125,2.675475939431114e-5
25595,5.909045360424058e-12,6.391013762066548e-10,0.9999721977532198,2.780160176999818e-5
25596,1.6280689985896148e-12,1.4315099552231702e-10,0.9999858755463934,1.412430882757366e-5
25597,5.18770589554494e-12,4.301458759883713e-10,0.9999732518162007,2.6747748465649525e-5
25598,6.54326732121027e-12,8.25669167085644e-10,0.9999626051226143,3.739404517335306e-5
25599,2.496152539066979e-12,2.120088017464832e-10,0.9999849642501362,1.503553535877502e-5
25600,2.3346765553709467e-12,2.1200288496035351e-10,0.9999780861465596,2.191363910271754e-5
25601,4.4890563246730215e-12,1.4671509089317857e-10,0.9999828014361932,1.719841260255592e-5
25602,5.515238069701298e-12,5.244943568573044e-10,0.9999738280375791,2.6171432411312788e-5
25603,1.0011833688872795e-11,7.364129605923029e-10,0.9999694520664838,3.054718709137386e-5
25604,6.2697141403257095e-12,1.2423096806920706e-9,0.9999772602973193,2.2738454101119637e-5
25605,2.9485383137687227e-12,2.501550249150148e-10,0.9999781708513631,2.1828895533344456e-5
25606,5.766430481881326e-12,5.05459286751456e-10,0.9999674625565288,3.2536932245556665e-5
25607,7.043652187740264e-12,5.231186954050403e-10,0.9999671274087719,3.287206106588402e-5
25608,3.352203860416606e-12,3.9642327889059394e-10,0.9999752957749373,2.470382528729373e-5
25609,8.105311682931257e-12,4.291563238288443e-10,0.99997680891012,2.3190652618376264e-5
25610,4.825217376225713e-12,3.55306642552611e-10,0.9999747739367177,2.5225703150371624e-5
25611,2.3354219637163853e-12,5.618597746764031e-10,0.9999821224992043,1.787693660052185e-5
25612,2.4017774665961855e-12,5.006801586565966e-10,0.9999867540220216,1.3245474896399494e-5
25613,4.810066097316519e-12,2.2584824055855854e-10,0.9999696637950145,3.0335974327182506e-5
25614,5.0252413449195226e-12,4.413631235036936e-10,0.9999437114241131,5.628812949851606e-5
25615,6.3501628655538936e-12,8.091137198369653e-10,0.9999515185470306,4.8480637505516404e-5
25616,3.176542277510696e-12,5.965441672725035e-10,0.9999585898791565,4.140952112269201e-5
25617,8.476009283731908e-12,3.056252845738296e-10,0.9999738791855862,2.612050031249371e-5
25618,1.6024801574882988e-12,2.3331656899853316e-10,0.999978468311508,2.153145357291962e-5
25619,1.7499816106927856e-12,1.1424838603843381e-10,0.9999769089767692,2.3090907232606196e-5
25620,3.3518476441855346e-12,2.3019480216195395e-10,0.9999563434481041,4.3656318349114516e-5
25621,1.5065533154899814e-12,9.21965253574561e-11,0.9999839263732334,1.607353306362464e-5
25622,4.636110558311944e-12,2.8656518227186883e-10,0.999965582853607,3.441685519184793e-5
25623,6.482611935116182e-12,4.817825800061811e-10,0.9999544442088094,4.5555302925353875e-5
25624,2.8653742082424828e-12,3.2814821711444483e-10,0.9999438966868387,5.6102982147773014e-5
25625,3.1501389906246957e-12,7.194433164675388e-10,0.9999317143434283,6.828493397830447e-5
25626,5.692596933413392e-12,5.583320032846425e-10,0.9999476082578314,5.239117814410118e-5
25627,6.8162083863735395e-12,5.302162879572065e-10,0.999958891838787,4.110762418041991e-5
25628,3.0543880040439995e-12,6.149351179063596e-10,0.9999517011158959,4.8298266114442654e-5
25629,2.9982803783736087e-12,3.5363725015706643e-10,0.9999743863950646,2.5613248299780822e-5
25630,5.493395580543955e-12,9.790608018174545e-10,0.9999218987024481,7.810031299779564e-5
25631,3.646328626771079e-12,3.6584052707937987e-10,0.9999597918889951,4.020774151799656e-5
25632,2.256825845343119e-12,3.0189437818210093e-10,0.9999957177265741,4.281969274636836e-6
25633,1.8760261591425856e-12,2.19597144510401e-10,0.9999926232460563,7.376532470455419e-6
25634,3.339328820838451e-12,1.976246868845675e-10,0.9999933473917633,6.652407272788895e-6
25635,1.2350206600777725e-11,1.1638889369239515e-9,0.9999828026489795,1.7196174781411223e-5
25636,4.265584435313974e-12,2.531779226288829e-10,0.9999918846662338,8.115076322822024e-6
25637,2.147371369150783e-12,2.2317097033331842e-10,0.9999951132068685,4.886567812973808e-6
25638,5.048265323166272e-12,7.576328129514299e-10,0.9999836219298867,1.6377307432277324e-5
25639,2.1346492789991133e-12,4.5453279986137797e-10,0.9999922064195671,7.793123765522868e-6
25640,7.0089741102681356e-12,5.476817286833005e-10,0.9999877103859733,1.2289059335901618e-5
25641,2.4936951642414347e-12,3.541462194365656e-10,0.9999955255855151,4.47405784481997e-6
25642,2.223204917883197e-12,5.107016939107139e-10,0.999988345417258,1.1654069817183787e-5
25643,3.950482412849941e-12,4.6070832800587755e-10,0.9999920080490214,7.991486319701406e-6
25644,2.9566150153596946e-12,2.2313917456653046e-10,0.9999923228169251,7.676956979021534e-6
25645,4.3581456911291535e-12,1.865238760124328e-9,0.9999786623775562,2.1335752846883878e-5
25646,2.0497571006531264e-12,1.090961391678746e-10,0.9999961833899089,3.816498945083401e-6
25647,2.6237284639211755e-12,3.5511764569712245e-10,0.999991927260234,8.072382024661347e-6
25648,2.948461391520661e-12,2.9258069064182356e-10,0.9999918464209184,8.153283552394567e-6
25649,4.249211191424636e-12,4.734438181060985e-10,0.9999902878961608,9.711626146202372e-6
25650,9.627040402005624e-13,1.5651854831552213e-10,0.9999947553633616,5.244479157134229e-6
25651,1.2069562281594557e-11,9.386680990452686e-10,0.9999404823052142,5.951674404817308e-5
25652,4.144349679857435e-12,4.448207302968278e-10,0.9999450599447296,5.493960630521819e-5
25653,2.412731593486537e-12,4.5200473900543863e-10,0.9999716963722916,2.8303173291066457e-5
25654,2.612529804448953e-12,5.602417538401126e-10,0.9999599973300476,4.000210709794727e-5
25655,1.816707258580895e-12,1.1047148066648888e-10,0.999980524661008,1.9475226703928263e-5
25656,4.535861010260197e-12,3.4065068739301444e-10,0.9999658847921952,3.411486261817471e-5
25657,4.37987952983746e-12,5.226883726090722e-10,0.9999336148706149,6.638460231671829e-5
25658,6.615941132898678e-12,8.277123397198525e-10,0.9999297776892413,7.022147643045243e-5
25659,5.822281763315467e-12,3.1756619851303113e-10,0.9999643488424823,3.5650834129304635e-5
25660,4.8373608655349976e-12,9.998053441374894e-10,0.9999389988057108,6.1000189646498184e-5
25661,1.9848108072955423e-12,1.4307861155823317e-10,0.999971226965626,2.877288931067075e-5
25662,1.0757872784444234e-11,1.6807146772559024e-9,0.9999012395429837,9.875876554356337e-5
25663,2.728607088171897e-12,3.9431887163005103e-10,0.9999388044623431,6.119514060941016e-5
25664,1.1807445680290405e-12,3.856295482562938e-10,0.9999699056150351,3.0093998154583294e-5
25665,1.3279918801931832e-12,4.25286969777116e-10,0.9999670582927723,3.294128061273228e-5
25666,3.1514504554372396e-12,3.2242943769594153e-10,0.9999546794142403,4.532026017883828e-5
25667,9.301412488022774e-12,4.2016177544101287e-10,0.9999316181607658,6.838140977096458e-5
25668,7.573375083809939e-12,1.170278587454041e-9,0.9999165918163473,8.340700580075163e-5
25669,1.5142846578955562e-12,5.661953316158597e-10,0.999952637811019,4.7361621271513675e-5
25670,6.2983944154722355e-12,3.598531103473741e-10,0.9999326962529759,6.730338087255618e-5
25671,3.2955923696656417e-12,5.493068828614978e-10,0.9999527315400085,4.72679073889505e-5
25672,3.574969208531244e-12,3.863445690732848e-10,0.9999196238129355,8.037579714490004e-5
25673,3.2564445345502893e-12,4.53252781586113e-10,0.9998881931914553,1.118063520355652e-4
25674,4.933478930209552e-12,3.124156488463545e-10,0.9999303295652279,6.967011742308363e-5
25675,4.468294710595888e-12,2.0940405364153903e-10,0.9999360165388125,6.39832473151055e-5
25676,4.407123229888411e-12,9.145224397728413e-10,0.9998985288929227,1.0147018814759348e-4
25677,1.2230905338120005e-11,6.343799665527899e-10,0.9998685082700176,1.3149108337165763e-4
25678,3.398154164239336e-12,3.744219609810975e-10,0.9999428413733122,5.7158248867567264e-5
25679,4.9109666742663535e-12,5.977894955362825e-10,0.9999378582470794,6.214115022025492e-5
25680,3.4616728297723674e-12,8.772859593205133e-10,0.9999332873217393,6.671179751319507e-5
25681,1.8352232303979106e-12,3.1344294008294726e-10,0.9999469305170476,5.306916767423698e-5
25682,4.310895457435991e-12,5.423120334592581e-10,0.9998870249062237,1.1297454715339115e-4
25683,4.343083034139082e-12,2.494389355097853e-10,0.9999565895187675,4.341022745055068e-5
25684,1.3030633909462477e-12,4.610914125771542e-10,0.9999264799891784,7.351954842712793e-5
25685,4.707558907125025e-12,5.96809301210708e-10,0.9998818484514536,1.1815094702973958e-4
25686,2.206494106512284e-12,2.578308062293928e-10,0.9999509950605361,4.900467942673567e-5
25687,4.921015311386269e-12,4.730423595076986e-10,0.9999350066586133,6.499286342304133e-5
25688,3.128070347767815e-12,5.282636232001352e-10,0.9999388260077813,6.117346082710542e-5
25689,9.089995980535828e-12,2.705713125212089e-10,0.9999832231258827,1.677659445596178e-5
25690,3.377462924393424e-12,7.813882855895605e-10,0.9999863534402401,1.364577499409509e-5
25691,2.246843519318975e-12,1.3321338980257089e-10,0.999993077438139,6.922426400841144e-6
25692,4.025570670260132e-12,3.4843001270834096e-10,0.9999862344846582,1.3765162886107645e-5
25693,1.434059441764692e-12,3.474567827011351e-10,0.9999910639165908,8.935734518323417e-6
25694,2.8090794254663684e-12,2.51749694701363e-10,0.9999834213096729,1.6578435768418633e-5
25695,3.954768568630721e-12,3.0053542277918096e-10,0.9999868149850908,1.3184710419082686e-5
25696,2.2349391175495067e-12,2.508476513254151e-10,0.9999918102618319,8.189485085506937e-6
25697,9.97935804968265e-13,2.570716601281854e-10,0.9999946916402715,5.308101658954974e-6
25698,2.0490209240010015e-12,2.8481663117901417e-10,0.9999902145025047,9.785210629516516e-6
25699,2.2833665463955712e-12,1.8257561696937873e-10,0.9999896651879576,1.033462718349823e-5
25700,1.921258471271481e-12,2.5612563708417535e-10,0.9999916792119704,8.32052998267782e-6
25701,6.066169530395411e-12,5.105193133617436e-10,0.9999832304040807,1.6769079333956174e-5
25702,3.985773155781129e-12,3.957552141736879e-10,0.9999838017864489,1.6197813810019828e-5
25703,4.257605194542302e-12,4.752987777372677e-10,0.999987038402552,1.2961117891623086e-5
25704,4.066647873024092e-12,4.34673215382338e-10,0.9999889746643799,1.1024896880342095e-5
25705,9.872222500320803e-13,2.503855380429617e-10,0.9999905259763773,9.473772249941719e-6
25706,4.246222393315157e-12,2.1315345953489215e-10,0.9999922885987271,7.711183873110102e-6
25707,3.859806822380255e-12,6.782916679533766e-10,0.999980957758328,1.9041559520409737e-5
25708,2.9547456824564856e-12,7.0643140942572e-11,0.9999938381472576,6.1617791445786164e-6
25709,2.308640910016098e-12,3.7238234204100327e-10,0.9999917088551815,8.290770127459922e-6
25710,1.828782141604944e-12,2.6469510579927995e-10,0.9999912851766739,8.714556802199277e-6
25711,2.8249077566148158e-12,1.3475852389389675e-10,0.9999930480881,6.951774316622316e-6
25712,8.98904160711318e-12,4.994581432175536e-10,0.9999769116069213,2.308788463169738e-5
25713,1.7798898578632616e-12,1.6261221375477796e-10,0.9999958239486332,4.175886974767596e-6
25714,3.742768029104309e-12,2.684714254639317e-10,0.9999920802234501,7.919504335782963e-6
25715,2.438519103966318e-12,2.2867220519110772e-10,0.9999941528778243,5.84689106489679e-6
25716,3.704601194140844e-12,4.4561599299382144e-10,0.9999870438414165,1.29557092629296e-5
25717,2.570435453339056e-12,5.969286678905421e-10,0.9999767380983295,2.3261302171310885e-5
25718,7.46790499427802e-12,4.965060793150219e-10,0.9999797853438653,2.0214152160617212e-5
25719,6.501613447296492e-12,3.691018370342377e-10,0.9999913056482297,8.69397616703965e-6
25720,2.269595299912746e-12,3.542486944515686e-10,0.9999860811728462,1.391847063566085e-5
25721,4.020207525946999e-12,1.2477626857715485e-10,0.9999929012793404,7.0985918631374395e-6
25722,2.8506068549531776e-12,3.475033292709355e-10,0.9999853067104965,1.4692939149628072e-5
25723,2.19114368447054e-12,2.0672679424729727e-10,0.9999938327492138,6.1670418682407465e-6
25724,2.959514081788316e-12,2.332666544627083e-10,0.9999875671422129,1.2432621560895735e-5
25725,1.0511165520012101e-12,1.6405554988008839e-10,0.999995705191784,4.294643109291765e-6
25726,3.1520083163700593e-12,3.3679785507972685e-10,0.9999882741708768,1.1725489173393558e-5
25727,1.2427406878530474e-12,2.0416888197410288e-10,0.9999948844928365,5.1153017519019555e-6
25728,2.502604064879365e-12,3.673866875945238e-10,0.9999923853458532,7.614284257533681e-6
25729,4.097020421770028e-12,2.2272072462463914e-10,0.9999904239993211,9.575773861180444e-6
25730,7.217171317751595e-12,2.779577545301099e-10,0.9999916013956973,8.39831912793901e-6
25731,2.7965669635113345e-12,1.1014339935086827e-10,0.9999913410073334,8.658879726439264e-6
25732,1.560099284415632e-12,8.60301887827864e-11,0.9999967690945084,3.2308179012596496e-6
25733,9.385676049159304e-12,5.343430055164596e-10,0.9999811775695948,1.882188667665711e-5
25734,5.254776653142968e-12,3.0392488224523877e-10,0.9999885622166355,1.143747418483635e-5
25735,2.011501352623023e-12,2.2079952142949808e-10,0.9999907788836213,9.220893567574963e-6
25736,4.153665026348334e-12,4.4021150977563825e-10,0.9999880542534336,1.1945302201012639e-5
25737,1.4313653261260238e-11,1.5929504245479597e-9,0.9999765376616542,2.346073108176552e-5
25738,6.208387046147128e-12,5.109110512659779e-10,0.9999814491659591,1.8550316921501846e-5
25739,3.276562293460387e-12,1.856567137183999e-10,0.9999913759074224,8.623903644427625e-6
25740,7.461204066586546e-12,3.5650772791528515e-10,0.9999921416167808,7.858019250223718e-6
25741,1.127187935409609e-11,1.4420956151485552e-09,0.9999698010722101,3.019747442234305e-5
25742,3.671384746273297e-12,6.933739041904658e-10,0.9999875175639281,1.2481739026665205e-5
25743,2.1542333849009797e-12,2.967635703320855e-10,0.9999880785092001,1.192119188211409e-5
25744,7.256543970338453e-12,7.880411846093973e-10,0.9999788052112722,2.1193993430087496e-5
25745,4.264216456950389e-12,3.0372241263198634e-10,0.9999913626106033,8.637081410047617e-6
25746,8.726353687763888e-12,1.8504803133803005e-10,0.9999916698492742,8.329956951331007e-6
25747,1.018090292892473e-11,6.370371939886761e-10,0.9999752037562489,2.4795596533017406e-5
25748,4.240140999292157e-12,1.0607610622995746e-9,0.9999790620475189,2.093688748009059e-5
25749,9.316757965336183e-12,6.366918433276108e-10,0.9999790553918328,2.094396215857306e-5
25750,2.754570123486242e-12,2.844007272670013e-10,0.9999877161261318,1.2283586712902448e-5
25751,3.650494640002886e-12,3.499583216691089e-10,0.9999846709250687,1.5328721322550348e-5
25752,2.49748020936519e-12,3.228994822951168e-10,0.9999860131110593,1.398656354377697e-5
25753,2.0777687256045285e-12,1.5508635360321478e-10,0.9999943512853279,5.648557507969298e-6
25754,7.323504190300224e-12,3.124973667905887e-10,0.9999751864643431,2.4813215836023483e-5
25755,2.7625576788769315e-12,1.60886750206533e-10,0.9999886856354554,1.1314200895382473e-5
25756,4.822909660762197e-12,7.572959546414812e-10,0.999983203792702,1.67954451790287e-5
25757,7.0870177877681125e-12,3.5286170731677894e-10,0.9999753730229951,2.4626617056173282e-5
25758,3.1666495851306367e-12,2.0625719094578338e-10,0.9999879036743441,1.2096116231849892e-5
25759,1.0494477142537248e-11,9.914703867774844e-10,0.9999792452981279,2.075369990727639e-5
25760,5.194129871029762e-12,5.139079479094082e-10,0.9999781748287855,2.1824652112408967e-5
25761,2.8365127339428737e-12,4.711023864067091e-10,0.9999802131944436,1.9786331617559876e-5
25762,4.59745265629324e-12,7.812980239450858e-10,0.9999746602299394,2.5338984165156817e-5
25763,4.448433391234311e-12,4.77678275290176e-10,0.999986173796685,1.3825721188246711e-5
25764,2.7734585808087056e-12,2.2757388640288825e-10,0.9999922160906152,7.783679037616693e-6
25765,4.129243990008397e-12,3.2586620974198035e-10,0.9999380935458723,6.190612413243557e-5
25766,3.3871908884853142e-12,8.543230872887841e-10,0.9999368620200751,6.313712221459207e-5
25767,7.987615836275e-12,4.701122544774225e-10,0.999938321213476,6.167830842422339e-5
25768,5.4160881364732135e-12,4.129835109525772e-10,0.9999336336753913,6.63659062091647e-5
25769,9.016219507599835e-12,4.766193392513938e-10,0.9999344720029834,6.552751138107012e-5
25770,2.9648026199387383e-12,1.8125677859525221e-10,0.9999639277572284,3.607205855016075e-5
25771,4.479244557574286e-12,9.4774449392429e-10,0.9998820637491606,1.1793529861583418e-4
25772,4.964027488227593e-12,6.521153562865235e-10,0.9999326656936265,6.733364929410867e-5
25773,8.000908722196973e-12,3.733670664841833e-10,0.9999166934565134,8.330616211865278e-5
25774,3.567825096996751e-12,3.120603142324889e-10,0.9999725627133345,2.7436971037318116e-5
25775,2.6548148075030613e-12,2.0586202534020132e-10,0.9999630767618246,3.692302965858154e-5
25776,5.69940716115441e-12,1.8910784218355543e-10,0.999944438660221,5.556114497180852e-5
25777,2.9007354027020414e-12,1.940427314678368e-10,0.9999666004575932,3.33993454631821e-5
25778,1.2030968397782331e-11,1.04670273882435e-9,0.9998975505656427,1.0244837562356093e-4
25779,8.961443989383347e-12,1.0347519621572252e-9,0.9999170314474565,8.296750883027038e-5
25780,3.5282248731997392e-12,3.54277758064842e-10,0.9999600084550443,3.9991187149713306e-5
25781,7.079457845602298e-12,4.2068689711818186e-10,0.9999043529206053,9.564665162821088e-5
25782,1.319532111410605e-11,1.7090066397153314e-9,0.9997575030679237,2.4249520987441127e-4
25783,4.037660687366526e-12,2.5149250043379404e-10,0.9999608649302926,3.9134814177231976e-5
25784,3.2884916389327406e-12,3.7551697774860664e-10,0.9999941710541977,5.828566996846012e-6
25785,2.6793470957425105e-12,2.415940302248962e-10,0.9999960821914688,3.917564257635751e-6
25786,3.943322117504266e-12,2.504600069203943e-10,0.9999957788433178,4.2209022787052215e-6
25787,2.7101117210542304e-12,3.2244063919182607e-10,0.9999962626073766,3.737067472593353e-6
25788,3.739536302045665e-12,4.346305992049872e-10,0.9999950769547624,4.9226068675330104e-6
25789,4.777903779379741e-12,2.7152877534816887e-10,0.999996349104951,3.6506187424059696e-6
25790,5.600919583855122e-12,5.976800181000538e-10,0.9999913255363764,8.67386034263236e-6
25791,1.8890848676724527e-12,3.1638349283354667e-10,0.9999957552260857,4.244455641809722e-6
25792,3.602708131701398e-12,2.615187936893922e-10,0.9999963180073446,3.68172753411999e-6
25793,4.964238046546462e-12,6.104749209638274e-10,0.9999928101647876,7.189219773330213e-6
25794,5.098554236627775e-12,4.677748286636253e-10,0.9999915783549601,8.421172166666497e-6
25795,2.7230272573594574e-12,4.443448060719928e-10,0.9999969182772153,3.08127571687662e-6
25796,3.878569555983723e-12,3.0848633950833777e-10,0.9999950710319935,4.92865564184001e-6
25797,3.7386783648335095e-12,5.30893557450068e-10,0.9999944768040898,5.522661277917865e-6
25798,2.3155902925780662e-12,3.8639467715500897e-10,0.999994547229744,5.45238154570648e-6
25799,2.645980482246536e-12,2.0125310133379928e-10,0.9999967685066371,3.231289463829066e-6
25800,5.941430372253952e-12,4.0694273600124565e-10,0.9999931281211561,6.871465959656337e-6
25801,4.210860646498034e-12,3.2609375296242914e-10,0.9999933313820836,6.668287611692914e-6
25802,7.901527054558674e-12,6.023079472619023e-10,0.9999904080957769,9.591294013651836e-6
25803,5.405613252714813e-12,4.1332712175551197e-10,0.9999835405243553,1.6459056911960966e-5
25804,2.186205593607994e-12,2.826168003200204e-10,0.999984066951185,1.593276401199938e-5
25805,6.543921685021233e-12,7.559964556516806e-10,0.9999790496678644,2.0949569594975365e-5
25806,5.323043994198734e-12,4.717286109143425e-10,0.9999811495202118,1.8850002736589087e-5
25807,4.508911155453405e-12,8.610857588859199e-10,0.9999748872733201,2.5111861085119824e-5
25808,6.126145289075177e-12,6.075085446611781e-10,0.9999749068178838,2.509256848168283e-5
25809,1.1536607081817942e-12,1.363385361795761e-10,0.9999906667110642,9.333151443580209e-6
25810,2.9294632500581427e-12,2.98863391807146e-10,0.9999840485174624,1.5951180744843456e-5
25811,2.8632562107225455e-12,8.56401963198534e-10,0.9999815852932072,1.8413847527455292e-5
25812,1.3729647377299774e-12,1.817660802537252e-10,0.999992912336009,7.087480852054049e-6
25813,5.244186494026685e-12,2.573869962582089e-10,0.999990474393853,9.525343515813255e-6
25814,1.897722170730552e-12,6.106287513903903e-10,0.9999838828388252,1.6116548648361053e-5
25815,3.1518440810683468e-12,5.555940535418765e-10,0.9999885545797235,1.1444861530566145e-5
25816,1.9192299437796297e-12,3.6136086478485943e-10,0.9999912313180779,8.768318642174092e-6
25817,2.7058257279282266e-12,1.6971822778837046e-10,0.9999837716978922,1.622812968362947e-5
25818,4.396509145539889e-12,8.516769417803599e-10,0.9999872387688737,1.276037505285511e-5
25819,7.632823542869236e-12,4.948721751996099e-10,0.9999774054385643,2.2594058930722424e-5
25820,2.680775415228332e-12,3.465808458628052e-10,0.9999856329293063,1.4366721432045487e-5
25821,2.349535835606429e-12,1.8057113126398602e-10,0.9999891577706538,1.0842046425508712e-5
25822,1.0091711953432322e-12,1.6802581372298025e-10,0.9999945194110756,5.480419889371097e-6
25823,2.333722737380624e-12,2.41023237049334e-10,0.9999901269931167,9.872763526261747e-6
25824,3.29623816954052e-12,2.747804613614601e-10,0.9999865097661151,1.348995580821883e-5
25825,9.159039306412478e-13,1.8427763181738823e-10,0.9999937315229094,6.2682918971042904e-06
25826,4.748917337570285e-12,6.651625546123668e-10,0.9999738476889758,2.615164111269945e-5
25827,1.6550676631642006e-12,1.9127242297339077e-10,0.9999912872850659,8.712522006501988e-6
25828,2.746264005470952e-12,3.487074396762305e-10,0.9999920963721112,7.903276435173826e-6
25829,5.884024688634808e-12,1.070423944392841e-9,0.9999739379946292,2.6060929062702663e-5
25830,1.9967909087294266e-12,2.0996531226457678e-10,0.9999946102510103,5.389537027496739e-6
25831,2.8710056072953103e-12,5.803302166202656e-10,0.9999792169568882,2.078245991068331e-5
25832,1.0094833740520645e-12,3.06981128344105e-10,0.9999893928351482,1.0606856861211238e-5
25833,1.5348763577924145e-12,1.861053581615634e-10,0.9999940696070609,5.930205298739773e-6
25834,3.934106322233737e-12,1.9280851148213528e-10,0.9999897463525462,1.0253450711041432e-5
25835,2.425198853082873e-12,1.5032595534236932e-10,0.9999902927185274,9.707128721362618e-6
25836,8.366436298361207e-13,1.0940478155631253e-10,0.9999948229767495,5.1769130090060466e-6
25837,1.4206809541200413e-12,1.7866789833773997e-10,0.9999931883853415,6.811434570067179e-6
25838,4.064240169101792e-12,6.260277801749575e-10,0.9999788993498008,2.110002010723484e-5
25839,7.569687669286136e-12,5.191447534607925e-10,0.9999865441540898,1.3455319195751588e-5
25840,6.560910436997804e-13,2.1154133006156491e-10,0.9999939400052498,6.059782552896418e-6
25841,2.292590091465399e-12,1.9602683157979626e-10,0.9999889035685441,1.1096233136453587e-5
25842,7.244646060952481e-12,5.178660874191628e-10,0.9999813689190304,1.863055585870674e-5
25843,9.881301243981667e-12,6.293896699159091e-10,0.999979240222162,2.0759138567166973e-5
25844,6.99521812594785e-12,2.08476493430221e-10,0.9999870458317344,1.2953952793933921e-5
25845,2.456330141281663e-12,1.3232474512577639e-10,0.9999951247164938,4.875148725088426e-6
25846,5.3437122364098435e-12,2.446025033907768e-10,0.9999786661057086,2.1333644345235893e-5
25847,6.822651801062517e-12,2.9146500497912497e-10,0.9999816089453025,1.8390756409746672e-5
25848,7.0261469873122395e-12,1.2274012721855235e-9,0.9999686614995213,3.133726605118809e-5
25849,3.749724174810291e-12,2.7310679419418365e-10,0.9999930179018747,6.9818212686863104e-6
25850,2.590918393952812e-12,2.362419857247314e-10,0.9999884685582003,1.1531202966680755e-5
25851,5.86923028382422e-12,3.9213767197353663e-10,0.9999831087766222,1.6890825370945563e-5
25852,3.4350001506664288e-12,4.677694163569556e-10,0.9999819625204066,1.803700838899285e-5
25853,1.7379076377116676e-12,2.1067391306392246e-10,0.9999926481425726,7.351645015469101e-6
25854,7.271057735069946e-12,7.74401248629284e-10,0.999967001632119,3.29975862086822e-5
25855,8.414395395247559e-12,3.4204061870453296e-10,0.9999780624872221,2.193716232271414e-5
25856,1.546060501679908e-11,1.1168868871603713e-9,0.9999590648710815,4.093399657096787e-5
25857,5.5318518188405445e-12,3.1607530305769067e-10,0.999981804857885,1.8194820507785056e-5
25858,4.5735792579646684e-12,3.9861934334619055e-10,0.9999878229747773,1.2176622029787179e-5
25859,3.871191313536224e-12,2.8810062762131485e-10,0.9999838826045298,1.6117103498617352e-5
25860,8.999593766517688e-12,4.750024945475097e-10,0.9999813044342506,1.8695081747343266e-5
25861,1.9852043198796928e-12,2.797059832491126e-10,0.9999930308719022,6.968846406709245e-6
25862,2.4916010069177944e-12,1.953387737364347e-10,0.9999899712806763,1.0028521493217971e-5
25863,1.0657651159220173e-12,6.881639832743103e-11,0.99999611282928,3.887100837682431e-6
25864,6.010173678239042e-12,2.473719530404383e-10,0.9999845260017769,1.5473744841037046e-5
25865,2.267545835607681e-12,3.580590546836875e-10,0.9999919630801237,8.0365595496217645e-06
25866,2.451391287636543e-12,1.905752879364001e-10,0.9999909702610507,9.029545922528776e-6
25867,3.750789003503558e-12,4.1090572200264003e-10,0.999990679534756,9.320050587513976e-6
25868,2.6629811593657334e-12,4.091837973780789e-10,0.9999895952613574,1.0404326795971835e-5
25869,3.797624814488721e-12,5.106814944888042e-10,0.9999863865630059,1.3612922514843083e-5
25870,3.702057391617543e-12,2.3243532438936897e-10,0.9999860116871006,1.3988076761983038e-5
25871,1.3969482950842646e-12,2.8037662776409187e-10,0.9999906806226615,9.31909556498318e-6
25872,2.176139133907247e-12,1.5975386291875153e-10,0.9999952946018164,4.70523625365498e-6
25873,1.3244938339934517e-12,1.760474538223898e-10,0.999992962406601,7.037416026982022e-6
25874,3.149986715745356e-12,1.3331159434527403e-10,0.9999911712233026,8.828640235641544e-6
25875,4.060567340695748e-12,7.322490747520609e-10,0.9999847488388096,1.5250424880774826e-5
25876,4.948486227251732e-12,2.3080297037068819e-10,0.9999899371639427,1.006260030585413e-5
25877,4.128030337837336e-12,3.020409365358497e-10,0.9999814251977169,1.8574496114188202e-5
25878,1.6744312042866297e-12,1.234272911110499e-10,0.9999947930138472,5.206861051130997e-6
25879,3.783061841418372e-12,9.972184573044098e-10,0.9999879021347563,1.2096864242118333e-5
25880,5.078785907003916e-12,9.88709987190193e-10,0.9999915780365546,8.420969656634555e-6
25881,4.187028101160516e-12,4.851262632686835e-10,0.999994434957131,5.564553555864989e-6
25882,2.3931609796982033e-12,4.1280447753632683e-10,0.9999943339633773,5.665621424968138e-6
25883,6.655325945531705e-12,6.542379981393458e-10,0.9999862896014151,1.3709737691470718e-5
25884,3.11422366788634e-12,3.2652068414505396e-10,0.9999965579074475,3.4417629177157656e-6
25885,5.839330612609952e-12,3.8756144744276044e-10,0.9999898282280945,1.0171378504633428e-5
25886,1.6037118472476467e-12,4.676943743353572e-10,0.9999955791313615,4.420399340339317e-6
25887,3.907125524207766e-12,3.3697259313764365e-10,0.9999944533391514,5.546319969022031e-6
25888,8.649005120743802e-12,5.133541426569512e-10,0.9999899347454421,1.00647325548847e-5
25889,2.7995995454327494e-12,3.423872272218281e-10,0.9999921604354067,7.839219406514367e-6
25890,6.850497660397797e-12,5.405411869118914e-10,0.9999912186079866,8.780844621732367e-6
25891,1.4496333004752844e-12,1.4197422243214308e-10,0.9999978559663244,2.1438902517755855e-6
25892,2.2118293791510604e-12,4.118682411343316e-10,0.9999928654539337,7.134131986097686e-6
25893,5.070322588740443e-12,1.0309778376749882e-9,0.9999897483034605,1.0250660491380266e-5
25894,8.954546786738634e-12,9.215872375260996e-10,0.9999908017144461,9.197355012211975e-6
25895,3.819677714678006e-12,1.877548675098983e-10,0.9999944491255076,5.550682917848218e-6
25896,1.992405995148897e-12,2.4559893003326135e-10,0.9999964451186723,3.554633736369865e-6
25897,1.4721133496637616e-12,5.606166589951641e-10,0.9999958918739669,4.107563944289905e-6
25898,6.583402254127392e-12,3.885371609194218e-10,0.999978982117643,2.1017487236332937e-5
25899,2.906038321087e-12,4.658413520778796e-10,0.9999539078228781,4.609170837440935e-5
25900,2.443347076525282e-12,1.4270310813620575e-10,0.9999793701735117,2.0629681341851078e-5
25901,4.218802165300578e-12,2.0236550065790868e-10,0.9999869179784329,1.3081814982798956e-5
25902,1.16063194007087e-12,1.181439096800083e-10,0.9999886650486847,1.1334832010800112e-5
25903,3.966756583587245e-12,2.684227461055937e-10,0.9999752440828564,2.47556447539877e-5
25904,1.3441982441515425e-12,2.581171116339286e-10,0.9999876993915983,1.2300348940514001e-5
25905,2.7172759517422928e-12,3.2843213319239707e-10,0.9999822772288424,1.7722440008249394e-5
25906,1.1793826149050438e-11,6.277559823044771e-10,0.9999670263439453,3.297301650492914e-5
25907,4.327843805109078e-12,2.0071190382696546e-10,0.999986374198494,1.3625596466203178e-5
25908,5.135290457163757e-12,1.3058576708003182e-10,0.9999640782380548,3.592162622426321e-5
25909,1.607502291677292e-11,5.67431362902635e-10,0.9999561596745264,4.3839741967311584e-5
25910,1.3793887389051051e-12,2.285767333379961e-10,0.9999862206794394,1.3779090604395305e-5
25911,1.170695817541497e-11,3.4880503694126067e-10,0.9999596737366365,4.032590285149935e-5
25912,1.1243217333941696e-11,5.07394452936656e-10,0.9999677285243869,3.227095697534944e-5
25913,2.4411050603824446e-12,1.9131705807615041e-10,0.9999702441085451,2.975569769668063e-5
25914,2.7526374610093188e-12,1.3118236669229585e-10,0.9999897729462843,1.022691978067297e-5
25915,9.112230741792643e-12,2.5970890017875325e-10,0.9999716550572014,2.834467397751023e-5
25916,5.703098402053828e-12,5.107032006696825e-10,0.9999636631078143,3.6336375779441526e-5
25917,5.578433955984818e-12,4.84666365122399e-10,0.9999601800266319,3.981948312330945e-5
25918,5.471156290812902e-12,4.6015528117484137e-10,0.9999347626964579,6.523683791554295e-5
25919,7.158632525201829e-12,3.4240710774652314e-10,0.999937510076466,6.248957396818768e-5
25920,9.829442375070469e-12,5.975093907087765e-10,0.9999571541267038,4.284526595743286e-5
25921,1.2321217489455951e-12,1.1526797593843636e-10,0.9999742733155953,2.5726567904662963e-5
25922,2.1887644541200212e-12,1.6090484528953824e-10,0.9999687233344461,3.12765024602307e-5
25923,6.4964618427327036e-12,4.1559455869614483e-10,0.9999404483016235,5.955127628543688e-5
25924,6.427444714915051e-12,3.3257692566637624e-10,0.99994936773598,5.0631925015653556e-5
25925,3.786605820940662e-12,3.5002463790604014e-10,0.9999580648512661,4.1934794922682036e-5
25926,1.145676529788237e-11,1.344602378483735e-9,0.9999421270042484,5.787163969246922e-5
25927,4.57172342639873e-12,5.996039045814566e-10,0.9999596710187102,4.032837711404297e-5
25928,6.723368260335487e-12,8.242188779565954e-10,0.9999630142298143,3.698493924335561e-5
25929,3.1402913232785326e-12,7.044212098293833e-10,0.9999400241692895,5.9975123148992036e-5
25930,4.660663738752005e-12,3.869246426063206e-10,0.9999760850697157,2.391453869901479e-5
25931,1.3919685086756073e-12,1.49545832555763e-10,0.9999787299609953,2.1269888066850186e-5
25932,5.147490239984936e-12,4.2330441673075564e-10,0.9999595829327587,4.041663878936083e-5
25933,3.386598119093173e-12,5.823864785706311e-10,0.9999389586395252,6.104077470187043e-5
25934,1.894617508435898e-12,1.830133005813226e-10,0.999969250162734,3.074965235814758e-5
25935,9.530440254530036e-12,7.391752548506925e-10,0.9999254098397313,7.458941156315049e-5
25936,7.876083532424209e-12,3.1050761451275275e-10,0.9999642570661899,3.5742615426438487e-5
25937,7.37292490632698e-12,3.9117937024086664e-10,0.999970932698967,2.9066902480678966e-5
25938,2.893296218150785e-12,6.035369689481089e-10,0.9999665490841275,3.345030944236523e-5
25939,3.4238880522619924e-12,1.9358805317197618e-10,0.999979761795831,2.023800715704005e-5
25940,3.5069114757103495e-12,4.0727005682521287e-10,0.9999708388380875,2.916075113554742e-5
25941,4.0620329262875445e-12,6.017041642161466e-10,0.9999714583662864,2.854102794755636e-5
25942,2.2383168128785606e-12,2.6623231035697147e-10,0.9999794690120547,2.0530719474751303e-5
25943,2.7760807194200775e-12,8.36883880946904e-10,0.9999616959437374,3.830321660271948e-5
25944,8.308405642982725e-12,4.534827750285028e-10,0.9999635238812453,3.6475656963584444e-5
25945,3.383197005886211e-12,4.340743491238075e-10,0.9999622062102882,3.7793352254315874e-5
25946,5.419745756402896e-12,4.0851437864811664e-10,0.999974203797344,2.5795788721705487e-5
25947,4.602017956458893e-12,5.302502036890536e-10,0.9999736054891392,2.6393976008568788e-5
25948,2.8796139083397047e-12,2.644589364814383e-10,0.9999659887564587,3.401097620268417e-5
25949,4.240753840125915e-12,6.161457362781292e-10,0.9999632756558995,3.672372371397884e-5
25950,8.790390944669576e-12,5.186445675426321e-10,0.9999700681010321,2.993137153309488e-5
25951,4.9531623456965965e-12,4.971484675121865e-10,0.9999718727780778,2.812671982072282e-5
25952,2.4531538765357716e-12,3.301473557735773e-10,0.9999747588828196,2.5240784579906383e-5
25953,4.604061269580697e-12,2.5874323728518717e-10,0.999983077728905,1.692200774762486e-5
25954,1.6025384032851193e-11,4.67650525340194e-10,0.9999164794119559,8.352010436821187e-5
25955,1.644934961782937e-12,3.602870139742904e-10,0.9999972613671589,2.7382709090354804e-6
25956,1.5588700651417744e-12,1.5611510672177364e-10,0.9999990579694965,9.418728296118272e-7
25957,1.2465811677327029e-11,7.201628703954438e-10,0.9999954184226318,4.5808447395527415e-6
25958,3.8720526911069976e-12,3.336040602004324e-10,0.999996953015893,3.046646630819701e-6
25959,7.330817704994846e-13,1.4747967566560956e-10,0.9999987550688689,1.2447829183575813e-6
25960,5.34229172201385e-12,6.996771427668713e-10,0.9999973111597785,2.6881352019771137e-6
25961,1.5733484455075272e-12,6.294728950726189e-11,0.9999992324106298,7.675248495667565e-7
25962,6.033540193901395e-12,4.1643423113696006e-10,0.999996852498606,3.1470789260046882e-6
25963,1.2974501778100145e-12,2.621289017272539e-10,0.9999981400078995,1.8597286740455198e-6
25964,5.298230427398536e-12,4.985543316457808e-10,0.9999959314788385,4.068017309181533e-6
25965,1.9679461733996084e-12,2.3282813667584554e-10,0.9999986164766806,1.3832885231862345e-6
25966,1.8802566108318012e-12,1.265497433259861e-10,0.999998429009874,1.5708616960779338e-6
25967,3.3172020623093393e-12,2.1189883302900344e-10,0.9999973554091114,2.644375672722619e-6
25968,3.5420701911492238e-12,4.517194353154675e-10,0.9999975036499774,2.4958947611073827e-6
25969,1.029030386906605e-12,1.5043583951897131e-10,0.9999989915474796,1.0083010554930753e-6
25970,2.602346509665517e-12,3.698829505480267e-10,0.9999978688440415,2.1307834732846167e-6
25971,2.8753073465248885e-12,2.6301732900383795e-10,0.9999983386068256,1.6611272816340074e-6
25972,2.727224759949758e-12,3.4951587263477436e-10,0.9999976973559834,2.3022917733919887e-6
25973,1.2130069113300396e-12,2.29894984381941e-10,0.9999990275425232,9.722263686949127e-7
25974,3.5962932830225454e-12,3.0692546818955535e-10,0.9999955517377855,4.447951692825035e-6
25975,1.5640332095183893e-12,3.2916883452514833e-10,0.9999964919486718,3.507720595178606e-6
25976,2.0488173359122573e-12,6.735662361504778e-10,0.9999933003604167,6.698963968340068e-6
25977,2.4750709394147054e-12,1.5738394647055965e-10,0.9999977920770269,2.207763114029312e-6
25978,2.1330252623334862e-12,2.535541084508016e-10,0.9999973937210543,2.606023258668004e-6
25979,6.317238435303539e-12,2.6262643511518443e-10,0.999994340749605,5.658981451452427e-6
25980,2.081975739695456e-12,2.622971347616291e-10,0.999997503074122,2.4966614988559493e-6
25981,6.06682749343092e-12,2.0761152039348885e-10,0.9999968917162224,3.108070099159521e-6
25982,9.24269430720939e-13,6.54617414006951e-11,0.9999978247606088,2.1751730051131684e-6
25983,4.194986959595469e-12,2.062198847014098e-10,0.9999947618623006,5.237927284600692e-6
25984,2.405894600042905e-12,1.5873110879353114e-10,0.9999968949187664,3.104920096459662e-6
25985,7.649231994693819e-12,7.878966840603044e-10,0.999986020352716,1.3978851738202253e-5
25986,5.90923284460034e-12,2.3010568424591215e-10,0.9999957378788079,4.2618851773146115e-6
25987,1.0245256757371102e-12,1.5895001225435172e-10,0.999997856366091,2.143473934492609e-6
25988,1.7048138777560906e-12,2.5549661957457257e-10,0.9999977805623331,2.2191804653996967e-6
25989,3.897636581811017e-12,4.812924612709334e-10,0.9999925154928819,7.484021927971875e-6
25990,9.768690862896822e-13,2.243670313548945e-10,0.9999958994316807,4.100342975512863e-6
25991,4.857655529697455e-12,2.7447572722527394e-10,0.9999937793124397,6.220408226710919e-6
25992,1.1434593475896735e-12,2.2926465543385543e-10,0.999997888372293,2.111397298835077e-6
25993,2.6556167528653004e-12,6.416206572890935e-10,0.999991783255009,8.216100714701335e-6
25994,3.272553466527268e-12,1.99238674183409e-10,0.9999917747534453,8.225044043472628e-6
25995,4.782150915794549e-12,8.214500478824812e-10,0.9999918469022999,8.152271467953762e-6
25996,3.1964904906718864e-12,2.4639133740186394e-10,0.9999956703074195,4.32944299254193e-6
25997,5.570519339779121e-12,4.095784884278665e-10,0.9999934849707982,6.5146140528253514e-6
25998,6.317488959937689e-12,4.635381144052512e-10,0.9999943702114966,5.629318647903639e-6
25999,2.6964331459439456e-12,5.9816984460040305e-10,0.9999952569068661,4.742492267566594e-6
26000,2.5416572173519877e-12,4.760919133953206e-10,0.9999920740663241,7.925455042405926e-6
26001,5.365544474289388e-12,9.48027956078114e-10,0.9999908390118708,9.160034735525873e-6
26002,7.962372456084274e-12,5.148162471358215e-10,0.9999924615287263,7.537948495079731e-6
26003,4.56184317526137e-12,3.2302167361188676e-10,0.999993392835568,6.606836848376842e-6
26004,2.4644115180675658e-12,6.524921110210528e-10,0.9999879697817541,1.202956328941998e-5
26005,1.3277696296949173e-12,2.0371976963283632e-10,0.9999961349090492,3.8648859030987685e-6
26006,2.568140788349232e-12,3.3613230798920283e-10,0.9999953272230262,4.672438273542439e-6
26007,7.449095871601176e-12,6.83760091390476e-10,0.9999894924159888,1.0506892802083795e-5
26008,2.9457276323159537e-12,1.1185523405208706e-10,0.9999961258047364,3.874080462480652e-6
26009,4.0643869041772436e-12,6.464348917621571e-10,0.9999956051872713,4.394162229501183e-6
26010,6.1790080387129404e-12,6.180886386746969e-10,0.9999913290918138,8.67028391859684e-6
26011,8.605432440049883e-12,3.5471648114429165e-10,0.9999896162397409,1.0383396937325326e-5
26012,2.6097707192030667e-12,2.986288942101722e-10,0.999983404187469,1.6595511292312856e-5
26013,2.1263567158712226e-12,1.9212769876793542e-10,0.9999888453982527,1.1154407493296278e-5
26014,3.1294582110076354e-12,1.991782568219391e-10,0.9999879817082553,1.2018089437093927e-5
26015,2.1507725481036214e-12,2.5642106552237626e-10,0.9999893592555097,1.0640485918676429e-5
26016,2.9677279887064857e-12,3.456394254872519e-10,0.9999859836308819,1.4016020511035122e-5
26017,3.791794208075704e-12,2.1593341703921862e-10,0.9999896054366321,1.0394343642654176e-5
26018,4.444906877716163e-12,4.753009726876514e-10,0.9999753028168007,2.4696703453498938e-5
26019,1.4991957839408657e-12,2.5160388128883446e-10,0.9999879145949725,1.2085151924416036e-5
26020,2.8591465364073288e-12,2.0797296133196384e-10,0.999989516870603,1.0482918565126645e-5
26021,3.939645270959427e-12,4.854773636786998e-10,0.9999795299031962,2.0469607386957787e-5
26022,4.046230093368436e-12,3.7199492722770135e-10,0.9999760223773134,2.397724664562247e-5
26023,2.1610250686123026e-12,3.5336583797648385e-10,0.9999912263721581,8.773272314936655e-6
26024,3.078065933529671e-12,2.453233623201036e-10,0.9999859665087149,1.4033242883929151e-5
26025,2.9670438335728e-12,4.221919513476043e-10,0.9999842750512239,1.57245236171283e-5
26026,1.837670459984464e-12,3.0727956974281755e-10,0.9999844752708253,1.5524420057433477e-5
26027,2.099879298997099e-12,1.600467702452054e-10,0.9999907994360906,9.20040176276094e-6
26028,4.715152977728209e-12,3.236195227914925e-10,0.9999804347818221,1.956488984316774e-5
26029,3.3417642425944023e-12,2.593248017216525e-10,0.9999810133431205,1.8986394212807347e-5
26030,6.270665361526403e-12,4.789804901517702e-10,0.9999726906887828,2.7308825966011827e-5
26031,5.368218419217421e-12,6.33448350391748e-10,0.9999862645134028,1.3734847780582202e-5
26032,2.802073812270432e-12,1.4872154778108496e-10,0.9999966071231816,3.392725294820232e-6
26033,5.275650085221522e-12,4.512453107601323e-10,0.9999929590943383,7.040449140721086e-6
26034,1.1116936814481106e-12,1.3748267777056016e-10,0.9999945388314183,5.461029987177475e-6
26035,2.7044613747849956e-12,7.655230545698684e-11,0.999996526264962,3.473655781275207e-6
26036,4.633194486115704e-12,1.5146140538242213e-10,0.9999929999283638,6.999915541606234e-6
26037,3.8969057881501084e-12,6.235032505832208e-10,0.9999926411381431,7.358234456747228e-6
26038,1.821163509981205e-12,4.679197588859883e-10,0.9999935285976601,6.470932598948307e-6
26039,2.170190276594955e-12,1.4953625469216628e-10,0.9999958601643482,4.139683945282414e-6
26040,1.0168769829127327e-12,1.077459308029154e-10,0.9999980849647244,1.914926512847265e-6
26041,3.806150330307304e-12,3.765031619937068e-10,0.9999954204862301,4.5791334605591465e-6
26042,3.4511377983700124e-12,4.71366478759287e-10,0.9999884450880144,1.1554437167945326e-5
26043,1.1780957365069696e-12,1.5787220259484686e-10,0.9999967147705086,3.2850704411286663e-6
26044,7.2393502226564054e-12,3.2401609769353325e-10,0.9999883161389836,1.1683529761006496e-5
26045,6.056991567431851e-12,3.452244950154204e-10,0.999992868667655,7.1309810636220165e-6
26046,1.5471921310807259e-12,1.6208458298891944e-10,0.9999942298007569,5.770035611392738e-6
26047,2.959967913377777e-12,1.625181464694165e-10,0.9999945773357578,5.422498764223112e-6
26048,3.277959780261699e-12,1.790663772865069e-10,0.9999947330828861,5.266734769638631e-6
26049,9.719105167126226e-13,1.7983212970437376e-10,0.9999968490950322,3.150724163762295e-6
26050,1.783960244264204e-12,3.292684768352117e-10,0.9999971206751684,2.878993779123438e-6
26051,2.5346389507453895e-12,1.0437798850615618e-9,0.999994108728323,5.890225362660648e-6
26052,3.5532704202306613e-12,6.717655723584996e-10,0.9999942578450318,5.741479649343134e-6
26053,1.5264294682884919e-12,6.570838431318004e-10,0.9999975551364456,2.444204944191706e-6
26054,3.836755759991764e-12,1.0178520485865202e-9,0.999993269015927,6.729962384275186e-6
26055,7.733978057225727e-12,1.6313615000444212e-9,0.9999926842311709,7.314129733428567e-6
26056,4.189188021561852e-12,4.4574684781213165e-10,0.9999952350751226,4.764474941488023e-6
26057,2.0186983359358145e-12,3.355178863442087e-10,0.9999985254726786,1.4741897846673756e-6
26058,5.217802606174244e-12,1.4430872931707249e-9,0.9999946217240521,5.376827642823863e-6
26059,4.16831529481592e-12,6.357635667086927e-10,0.9999974104810659,2.5888790022061926e-6
26060,5.381144788252288e-12,8.662042749609906e-10,0.9999954220853456,4.577043068743125e-6
26061,2.9465649469155416e-12,3.391439736469653e-10,0.9999975462380051,2.453419904247332e-6
26062,1.4353392250860233e-12,3.542388808383754e-10,0.9999977293468336,2.270297492130455e-6
26063,3.2137230766454827e-12,3.3796011884057475e-10,0.9999975874377314,2.412221094780419e-6
26064,2.2722696568526964e-12,2.2786138958885002e-10,0.9999977614901522,2.2382797143071317e-6
26065,1.1519495187044641e-11,1.2805062055786353e-9,0.9999938011046321,6.19760334206952e-6
26066,3.196427416979575e-12,7.763494786483505e-10,0.9999965458817085,3.4533387454796378e-6
26067,2.7556953612480995e-12,5.675724941121022e-10,0.9999971697089115,2.829720760428989e-6
26068,2.233113949523539e-12,5.367469194227948e-10,0.9999963982155103,3.6012455096325754e-6
26069,1.0107103670405911e-12,2.0384783188415983e-10,0.9999985812945958,1.418500545754556e-6
26070,6.358513012520719e-12,6.828153241664462e-10,0.999989822600567,1.0176710258980375e-5
26071,5.456416870565953e-12,4.901873071277486e-10,0.9999928649760467,7.134528309610827e-6
26072,1.2245098821947026e-12,2.8605479033392247e-10,0.9999970970050457,2.902707674940899e-6
26073,4.904879887613289e-12,1.1818642534368567e-9,0.9999948055264533,5.193286777544491e-6
26074,2.2351265506246215e-12,4.371268417591687e-10,0.9999963332802452,3.6662803928282152e-6
26075,1.6583717757786796e-12,4.3387329653043873e-10,0.9999970279592499,2.9716052183697457e-6
26076,5.204021185989533e-12,3.421610540187479e-10,0.9999961068866682,3.892765966834523e-6
26077,2.4511700713342352e-12,9.880879994791397e-10,0.9999961366638779,3.8623455829064835e-6
26078,8.343942321834597e-13,2.5332574423383607e-10,0.9999988842144305,1.1155314093053544e-6
26079,2.8357623408400715e-12,6.608552239606008e-10,0.999994533260564,5.466075745026769e-6
26080,4.694540855272844e-12,1.0498329106132527e-9,0.9999956351033269,4.363842145624107e-6
26081,2.1403967502873986e-12,2.855276666725187e-10,0.999997670064727,2.329647604899686e-6
26082,2.4559463179478218e-12,2.1765753023045292e-10,0.9999968480037775,3.1517761090764368e-6
26083,4.045948659112481e-12,1.1122898843121781e-9,0.9999926996375313,7.299246132898302e-6
26084,2.5460799031442786e-12,5.926953824407499e-10,0.9999949989448227,5.000459935809546e-6
26085,3.861491709462671e-12,4.4475229627737565e-10,0.9999955777464126,4.421804973630041e-6
26086,4.9642258883825995e-12,9.219344343103084e-10,0.9999931113002443,6.887772857202061e-6
26087,1.3358462578299585e-12,4.5651455209841014e-10,0.9999974846297509,2.514912398616703e-6
26088,3.1935806128624297e-12,4.5215079931046217e-10,0.9999787282601568,2.1271284498959666e-5
26089,1.6022760051547218e-12,1.0724674263564783e-10,0.9999916511247317,8.348766419507813e-6
26090,2.6384670265432614e-12,1.6259034058079765e-10,0.9999884761633567,1.1523671414440096e-5
26091,1.1103478625013597e-12,1.0969534386157857e-10,0.9999887977829595,1.120210623475937e-5
26092,7.397116429801684e-12,5.551037848493003e-10,0.9999658916224896,3.410781500961371e-5
26093,7.515129152383348e-12,5.123225814769953e-10,0.99996546880042525,3.453067973703956e-5
26094,3.2306612175279497e-12,2.535802439223538e-10,0.9999750972373127,2.4902505876558715e-5
26095,1.234627818028173e-12,1.9838341417055984e-10,0.9999859129563674,1.4086844014694494e-5
26096,6.606509514243848e-12,6.402442299633445e-10,0.9999818554853542,1.814386779496089e-5
26097,3.8002695004721655e-12,7.121290898773305e-10,0.9999769366652179,2.3062618852652233e-5
26098,7.030929330291686e-12,4.84658262290159e-10,0.9999717143652218,2.8285143088920373e-5
26099,4.6504944414670585e-12,5.416652706218242e-10,0.9999674204723437,3.257898134057174e-5
26100,9.001773437685036e-12,5.187017377695024e-10,0.9999770029030922,2.2996569204144106e-5
26101,6.666640602455058e-12,5.966557982166981e-10,0.9999789010904289,2.1098306248765297e-5
26102,3.246959244934091e-12,2.586338180163369e-10,0.9999735770402649,2.6422697854533748e-5
26103,2.3688270311669825e-12,3.1575347559706366e-10,0.9999820888335351,1.7910848342507936e-5
26104,2.4854626144142128e-12,3.8802475292247944e-10,0.999969526394745,3.0473214744759224e-5
26105,3.504280240428414e-12,3.408527423594236e-10,0.999976382047843,2.3617607799817482e-5
26106,2.0274715278620757e-12,4.161369506632571e-10,0.9999808156515362,1.9183930299523417e-5
26107,5.926054501020983e-12,5.117132853958531e-10,0.9999713823050934,2.8617177267293937e-5
26108,3.880808625638548e-12,2.751748937721005e-10,0.9999541856241059,4.581409683840575e-5
26109,4.2650599817028125e-12,5.077542140540736e-10,0.9999494575303808,5.0541957599984744e-5
26110,6.5303229416473415e-12,2.779010120003336e-10,0.9999643126883082,3.5687027260253746e-5
26111,1.915816003102332e-12,1.2685313451823568e-10,0.9999822094281773,1.7790443053653407e-5
26112,2.435293573349611e-12,5.339672090389449e-10,0.9999625883747029,3.741108889480468e-5
26113,8.560249796909246e-12,7.901688243295915e-10,0.9999228198337515,7.717936751918827e-5
26114,5.461277948450356e-12,4.4541650833382784e-10,0.9999562765683567,4.372298076544273e-5
26115,1.3423021590992481e-12,1.496514375933752e-10,0.999986477338553,1.3522510453153103e-5
26116,1.927923666647544e-12,3.5413780095510146e-10,0.9999653381661789,3.466147775538913e-5
26117,4.707589304977505e-12,3.192787807290683e-10,0.9999602983129651,3.970136304860444e-5
26118,3.345816101501215e-12,2.42984069011906e-10,0.9999605262794157,3.947347425444502e-5
26119,4.083350753682805e-12,6.390836753941926e-10,0.9999519282530017,4.807110383135782e-5
26120,3.157456382805097e-12,5.674546753640332e-10,0.9999550031266197,4.4996302768270464e-5
26121,3.355547795265765e-12,1.4725799909279902e-10,0.9999647512944724,3.52485549141896e-5
26122,1.525574318597389e-12,1.9110324666890138e-10,0.9999725808214264,2.7418985944800318e-5
26123,2.4445185247196764e-12,3.145726940762274e-10,0.9999518898906772,4.810979230557314e-5
26124,2.319323277976033e-12,1.102844586450213e-10,0.9999617134718727,3.8286415523431444e-5
26125,2.6005659298827657e-12,1.1941693872882092e-10,0.9999890325178692,1.096736011333938e-5
26126,5.65100407076658e-12,1.738751359293418e-10,0.9999755827463972,2.4417074076693805e-5
26127,6.240974286133911e-12,4.0985958466277127e-10,0.9999723685837901,2.763100010933652e-5
26128,4.635222766523231e-12,3.294139115001978e-10,0.9999368845611595,6.311510479130527e-5
26129,2.934514970747464e-12,3.6788910637377246e-10,0.9999769030080464,2.3096621129813555e-5
26130,5.073273595759439e-12,3.026356062932155e-10,0.9999641484317102,3.585126058087453e-5
26131,3.963456229153741e-12,1.663605974070982e-10,0.9999790958666163,2.0903963059714048e-5
26132,2.2011541877371356e-12,1.4696281473319463e-10,0.9999760849374187,2.391491341723718e-5
26133,2.4423552180063266e-12,3.6528874763325305e-10,0.9999790300833463,2.0969548922701407e-5
26134,6.430543181331003e-12,9.849835008514879e-10,0.999962950908191,3.7048100395025655e-5
26135,1.8710699616630427e-12,1.7236238127086245e-10,0.9999840113399312,1.5988485835373976e-5
26136,2.547322352619866e-12,2.9802733941233015e-10,0.9999831731148681,1.6826584557318652e-5
26137,3.0012809867388202e-12,4.749376094740573e-10,0.999968769327614,3.123019444696012e-5
26138,7.48049710112683e-12,5.57829167257356e-10,0.9999419835233182,5.801591137217126e-5
26139,2.980456369450747e-12,4.755266866834939e-10,0.9999712074788395,2.8792042653294045e-5
26140,2.4473014903593702e-12,1.1730418620804267e-10,0.9999842427047598,1.5757175488636943e-5
26141,2.983324435337659e-12,2.946017787193151e-10,0.9999703072995186,2.9692402896174383e-5
26142,1.7609958903101873e-12,2.697479718164344e-10,0.9999749186150391,2.508111345206272e-5
26143,4.3770331455437545e-12,6.702580483245695e-10,0.9999680453252189,3.1954000146054555e-05
26144,1.7050585096664366e-12,1.667161481452788e-10,0.9999818009987278,1.8198832851057885e-5
26145,4.995119988933539e-12,3.714311747989488e-10,0.9999943622937497,5.637329823915658e-6
26146,2.8970839258752038e-12,3.165106159713968e-10,0.9999976285888482,2.3710917440193083e-6
26147,3.4187216149415875e-12,5.816558297907916e-10,0.9999943181010023,5.681313923158588e-6
26148,4.554203692821746e-12,5.061243238968783e-10,0.9999959721490015,4.027340319996671e-6
26149,1.1195101281468715e-12,4.134892337211766e-10,0.9999975166630316,2.482922359670049e-6
26150,3.1403638397585754e-12,3.947629396229086e-10,0.99999367528950045,6.3243125960468105e-6
26151,5.060951254645776e-12,7.073469207202689e-10,0.9999943957629561,5.6035246360643286e-6
26152,2.59092426279383e-12,8.410736594031055e-10,0.9999948030705661,5.196085769265864e-6
26153,1.5817634242729538e-12,1.9680869502986667e-10,0.9999972674580154,2.732343594041989e-6
26154,3.66760005999907e-12,6.02820657000002e-10,0.9999936223192805,6.377074231150451e-6
26155,1.3148745562225454e-12,7.432210111964714e-10,0.9999970849575811,2.9142978831108133e-6
26156,1.985484602692371e-12,3.85395568860069e-10,0.9999966811618324,3.3184507865770163e-6
26157,2.2852886301774057e-12,3.899120871823776e-10,0.9999971428583387,2.8567494638215466e-6
26158,5.912078196374265e-12,5.55674267181286e-10,0.9999959479416843,4.0514967292537935e-6
26159,2.7647516036711035e-12,2.9952500613762835e-10,0.9999967783030331,3.2213946771846763e-6
26160,2.679352727873437e-12,3.312188148526996e-10,0.9999961312345775,3.8684315242560366e-6
26161,1.9862882295342517e-12,5.960792890725932e-10,0.9999967984650481,3.2009368862799417e-6
26162,2.5535070861552293e-12,2.449799708151021e-10,0.9999960502393728,3.949513093775734e-6
26163,4.3290853659038485e-12,2.401312329844674e-10,0.9999965912109602,3.408544579496425e-6
26164,7.855852921664081e-13,1.0290039449128098e-10,0.9999953174847642,4.682411549769845e-6
26165,4.050446776744151e-12,4.1363313390225254e-10,0.9999861244201926,1.387516212379391e-5
26166,1.3701828407899632e-12,6.456350704501241e-11,0.9999961167166846,3.8832173817036555e-6
26167,3.2818944313713837e-12,2.535854709252289e-10,0.9999857434867386,1.4256256394018201e-5
26168,1.0697919628316525e-12,1.8918256761391383e-10,0.9999935016899165,6.4981198312079035e-6
26169,3.102917435210386e-12,8.957608660102878e-11,0.9999941510890105,5.848818310433945e-6
26170,1.5237455634370992e-12,2.3605353514287545e-10,0.9999909954536349,9.004308787659507e-6
26171,1.4814606377623457e-12,1.0457627793369825e-10,0.9999965434734776,3.456420464917687e-6
26172,2.154064858681023e-12,2.1754262451813557e-10,0.9999924700558941,7.52972440934148e-6
26173,9.806872563788653e-13,1.5183584814110571e-10,0.9999953668036135,4.633043570015262e-6
26174,1.7970102400490433e-12,3.1415651892053213e-10,0.9999921596812413,7.840002805106065e-6
26175,6.270793296975212e-12,9.35559714674657e-10,0.9999793037715861,2.0695286583426282e-5
26176,1.6487420192076016e-12,1.4119558249312407e-10,0.9999934146892258,6.585167930021954e-6
26177,7.829687998107265e-13,7.07955934178283e-11,0.9999942764557623,5.723472659015759e-6
26178,1.1979181592434274e-12,1.8971169274461427e-10,0.9999918424315176,8.15737757282243e-6
26179,5.861569209974892e-12,3.045664186556806e-10,0.9999855002254492,1.4499464122733208e-5
26180,4.526352147250039e-12,3.2788208854316766e-10,0.999987580679698,1.2418987893588765e-5
26181,1.9161916369360465e-12,1.6475527974783877e-10,0.9999932430444891,6.756788839378361e-6
26182,1.3425410200780116e-12,2.4478143455367995e-10,0.9999869797162273,1.3020037648712809e-5
26183,9.823361895437602e-13,1.2434248406183063e-10,0.9999981990579019,1.8008167733459136e-6
26184,7.48784079627928e-13,1.614594004726024e-10,0.9999957247149543,4.275122837379584e-6
26185,7.482091011378042e-12,8.21957820270689e-10,0.9999866683123702,1.3330858189924694e-5
26186,2.489620297917379e-12,1.892974488024797e-10,0.9999953940737744,4.605734438652188e-6
26187,6.3761381766444e-12,4.3940663314553426e-10,0.9999908654272286,9.134126988730808e-6
26188,3.124036781304065e-12,3.9159630040529475e-10,0.9999952213330618,4.77827221766389e-6
26189,3.4927756534746496e-12,1.8383882164233402e-10,0.9999955727914326,4.427021235774957e-6
26190,5.172388505779159e-12,3.619804555420736e-10,0.9999930777312596,6.921901587493269e-6
26191,5.2124314035375544e-12,9.750368303596783e-10,0.9999928542980165,7.144721734193471e-6
26192,1.5012128871280865e-12,8.830057840586159e-11,0.9999968901288674,3.109781330785196e-6
26193,2.360065549551674e-12,1.5628930062808819e-10,0.9999964077311055,3.592110244963823e-6
26194,4.2403313898457565e-12,6.136849685218091e-10,0.9999914691097247,8.530272350033715e-6
26195,2.560714340679242e-12,2.4593280703825304e-10,0.9999964744073149,3.525344191681369e-6
26196,2.686724813740891e-12,1.3229588773099265e-10,0.9999966713255918,3.328539425532802e-6
26197,2.2459359554401033e-12,2.426017785115591e-10,0.9999929631405311,7.036614621123804e-6
26198,3.98719619780339e-12,9.021423452512104e-10,0.9999927062434475,7.2928504229166066e-6
26199,4.787499944892903e-12,2.6116420045621554e-10,0.9999913682888253,8.631445223084402e-6
26200,1.747760663307911e-12,2.4775209298492736e-10,0.9999941617756779,5.837974822156175e-6
26201,7.554574384718271e-12,3.315032185779917e-10,0.99999222848205,7.771178892228895e-6
26202,2.5670985568171547e-12,1.7699965722698147e-10,0.9999941868120911,5.813008342274839e-6
26203,3.7265429074989044e-12,4.212873345413961e-10,0.999991356492943,8.643082043075699e-6
26204,2.625160433645367e-12,2.854755562486306e-10,0.9999916565287512,8.343183148129068e-6
26205,2.3501327310122227e-12,4.80777910571134e-10,0.999990382901024,9.616615847979423e-6
26206,2.3695071623939198e-12,3.6135004662786895e-10,0.9999814082895879,1.859134669248076e-5
26207,3.594656863903486e-12,4.22512399776081e-10,0.9999909864785483,9.013095344630237e-6
26208,3.9618103935769166e-12,2.150464463176959e-10,0.9999902294859004,9.770295091301729e-6
26209,8.172334163733611e-12,1.8133873380973225e-9,0.9999719112386665,2.8086939773827715e-5
26210,7.855920696511419e-12,4.63237601684243e-10,0.9999834246800374,1.657484886894283e-5
26211,5.128368692866845e-12,4.930627080016676e-10,0.9999890929852785,1.0906516530383277e-5
26212,2.153250627907447e-12,3.572163516546171e-10,0.9999941443872986,5.855253331714624e-6
26213,4.4651376482109816e-12,3.9623661374921217e-10,0.9999899578858842,1.0041713414257951e-5
26214,8.098812614077303e-13,2.3078002085448038e-10,0.9999941813321196,5.818436290680856e-6
26215,3.195672970343786e-12,7.264576318154783e-10,0.9999884847947245,1.1514475622253562e-5
26216,1.648523639738679e-12,2.153181305225945e-10,0.9999936478437135,6.351939319840591e-6
26217,2.2128929291034442e-12,1.9002052533189063e-10,0.9999895560078462,1.0443799920438078e-5
26218,1.8672336121588195e-12,7.282865161411313e-10,0.9999913446510765,8.65461876960029e-6
26219,2.6547639186181927e-12,1.750564427953781e-10,0.9999923107373389,7.68908494999985e-6
26220,1.1528945714110743e-12,1.657660256636908e-10,0.9999939570856085,6.042747472508855e-6
26221,1.2607931600398513e-12,3.081670090803756e-10,0.9999963126950442,3.686995527952658e-6
26222,5.375453328548604e-12,1.885095029254482e-10,0.9999960380619897,3.961744125330969e-6
26223,2.209213850781451e-12,3.2102850720473457e-10,0.9999959477042392,4.051972523152136e-6
26224,2.170515077919591e-12,1.818386323907498e-10,0.9999966792941222,3.3205218688679737e-6
26225,1.9427247825405667e-12,2.6541382680158924e-10,0.999996618112953,3.381619690343331e-6
26226,4.843539497052874e-12,1.1833941828484115e-9,0.9999890260228752,1.0972788887005245e-5
26227,1.8153207242248684e-12,7.78664477678195e-10,0.9999932213116173,6.777907903093422e-6
26228,4.00590065354406e-12,3.5735672739044587e-10,0.9999964522048842,3.5474337532320337e-6
26229,5.078792332444288e-12,6.068936742289813e-10,0.9999910303618956,8.969026131706367e-6
26230,1.2081694974663312e-12,3.7023053023240384e-10,0.999996489608307,3.510020254240138e-6
26231,3.3366605706080772e-12,2.5699149444638735e-10,0.9999953444906303,4.655249041534794e-6
26232,2.96671016961888e-12,3.606171953229159e-10,0.9999958405757672,4.1590606489932835e-6
26233,5.9475624371810515e-12,4.235006248841065e-10,0.9999915292299517,8.470340600086214e-6
26234,2.6224306008144503e-12,1.8125540967707014e-10,0.9999973428912362,2.6569248860926406e-6
26235,2.610630347389666e-12,3.145645033774466e-10,0.9999932217347153,6.777948109742887e-6
26236,1.502464908459075e-12,4.755088615714613e-10,0.9999958657512149,4.133771773770525e-6
26237,3.4611401361219325e-12,6.023272602732344e-10,0.9999939030131239,6.096381087670947e-6
26238,4.626486435653581e-12,7.73351511437773e-10,0.9999932675356626,6.731686359323354e-6
26239,4.300834237799244e-12,4.2346371810480367e-10,0.9999904369424354,9.5626298000352e-6
26240,2.4086458589495105e-12,1.6313158347678272e-10,0.999994071015578,5.928818881828157e-6
26241,7.597366961258102e-13,1.3565771347577944e-10,0.9999972533478868,2.7465156957098604e-6
26242,8.458742815843886e-13,3.6355127313588495e-10,0.9999956558896288,4.343745974026332e-6
26243,3.2428414236134288e-12,3.067670441470298e-10,0.9999948889118291,5.110778161004314e-6
26244,2.1397951787953323e-12,3.800569192100627e-10,0.9999920293111736,7.970306629654662e-6
26245,9.404258427009333e-13,7.630639692167654e-11,0.9999978704744424,2.129448310755748e-6
26246,2.530977274518285e-12,4.83463654471328e-10,0.9999949611321124,5.038381893153696e-6
26247,2.1110478525591683e-12,1.4791878287324542e-10,0.9999970324646603,2.9673853098326043e-6
26248,2.271774959252204e-12,4.609696894384246e-10,0.9999951444504769,4.855086281757143e-6
26249,3.591289914805751e-12,3.8382840388438584e-10,0.9999921369940775,7.862618502662293e-6
26250,4.252733451652915e-12,1.7580064075886887e-10,0.9999940456208348,5.954199111800084e-6
26251,1.571092280828167e-12,9.62166916528796e-11,0.9999938162188138,6.1836833984826825e-6
26252,3.931659932367252e-12,5.199097302179645e-10,0.9999916045141348,8.394962023720488e-6
26253,1.6979832913749557e-12,1.9378534244620208e-10,0.9999947389874092,5.2608171074500515e-6
26254,1.2174175207717046e-12,1.0697475706909068e-10,0.9999966252691745,3.3746226332253e-6
26255,2.989870273343795e-12,4.0210280947892904e-10,0.999992141368067,7.858226840171404e-6
26256,1.740838549177361e-12,1.8938134837850942e-10,0.9999957292421564,4.270566721478237e-6
26257,1.8971042523604828e-12,1.027574164188095e-10,0.999996312720215,3.6871751304652255e-6
26258,1.1693899365061428e-12,1.3486944451860844e-10,0.9999972565239732,2.743339987990716e-6
26259,3.6367374963346632e-12,1.5054312206412719e-10,0.999985190278094,1.4809567726144143e-5
26260,5.286072736612928e-12,3.1074207867735735e-10,0.9999792529623311,2.0746721640597503e-5
26261,2.675623558012353e-12,2.5995895472966264e-10,0.9999791019902868,2.089774707863066e-5
26262,1.6703950636960963e-11,5.930379822497082e-10,0.99994727583234,5.272355791816976e-5
26263,3.660811478162033e-12,4.823206441562009e-10,0.9999787439121725,2.1255601846186287e-5
26264,4.209029751543798e-12,2.8590343032693196e-10,0.999978082596934,2.1917112953497325e-5
26265,3.094982837368665e-12,2.408337098198448e-10,0.9999781673564212,2.183239965019886e-5
26266,6.0258738640726455e-12,2.9030175498361224e-10,0.9999770370195177,2.296268415459117e-5
26267,2.69352653609106e-12,1.1949651214733579e-10,0.999988367688591,1.1632189219000745e-5
26268,5.386600402522068e-12,1.7830782196678244e-10,0.9999828695040062,1.713031229948939e-5
26269,9.863141655956749e-12,4.340831708629483e-10,0.9999655826783139,3.4416877739802774e-5
26270,4.347090011745587e-12,6.138177982271379e-10,0.9999814246512533,1.857473058180244e-5
26271,4.320010012789804e-12,1.9366408542985336e-10,0.9999861365799455,1.386322207038223e-5
26272,5.540691223426375e-12,5.32621114565836e-10,0.9999610958253156,3.8903636522443996e-5
26273,4.952758860151385e-12,3.696716165299269e-10,0.9999787466706205,2.125295475510975e-5
26274,5.7596375212603985e-12,3.138196841429681e-10,0.9999822834825948,1.7716197825831398e-5
26275,6.271199446341841e-12,1.6827561068007883e-9,0.9999456237757457,5.4374535227172334e-5
26276,3.86343090948038e-12,2.2351318091681397e-10,0.9999876755242548,1.2324248368592382e-5
26277,1.5802158320419553e-12,1.4015723103178273e-10,0.9999789934493407,2.100640892190163e-5
26278,8.552178873972344e-13,3.0682290098460645e-10,0.9999941101266264,5.88956569543126e-6
26279,1.7048197471920115e-12,2.4913568328904136e-10,0.9999947477785545,5.251970605131249e-6
26280,2.6737253389547133e-12,2.2628894490538572e-10,0.9999935650674483,6.434703588973728e-6
26281,3.6297331484242806e-12,2.8258691265871973e-10,0.9999904717750551,9.527938728490837e-6
26282,8.385705697779172e-12,8.710712632645265e-10,0.9999894036601079,1.059546043510632e-5
26283,1.778362792528017e-12,2.1769312265837759e-10,0.9999938010089982,6.1987715302631694e-6
26284,3.805483438227455e-12,7.534160659673143e-10,0.9999867813903383,1.321785244010809e-5
26285,1.3786096066591498e-12,1.8997369437973922e-10,0.9999940577654426,5.942043205147679e-6
26286,1.6343698083386691e-12,1.9270094042492223e-10,0.9999972791413189,2.7206643458734995e-6
26287,1.171166940757602e-12,1.241126670719033e-10,0.9999956857379846,4.314136731536103e-6
26288,1.1589798787152025e-12,2.8770009524981574e-10,0.9999956414598851,4.358251255780874e-6
26289,4.1942820434506115e-12,5.527597245987398e-10,0.9999914458317883,8.553611257847928e-6
26290,1.7736728963318352e-12,8.522448716090681e-11,0.9999969547343386,3.0451786633216975e-6
26291,4.139797408375948e-12,6.150056926888419e-10,0.9999935884154052,6.41096544936543e-6
26292,1.7411523913352464e-12,1.7830825261247464e-10,0.9999955105760878,4.4892438627367935e-6
26293,6.085188744361803e-13,1.3486049654503317e-10,0.9999953804507863,4.619413744641401e-6
26294,1.972915318474441e-12,3.4157830251756343e-10,0.9999943858918934,5.613764555366531e-6
26295,1.906655541337015e-12,2.2395870232889568e-10,0.9999956945453073,4.305228827197768e-6
26296,2.5394581429738256e-12,4.608289199364982e-10,0.9999912035984929,8.795938138727885e-6
26297,5.360900864799998e-12,1.752307856444197e-10,0.9998938253931857,1.0617442622257196e-4
26298,3.1732534075352543e-12,2.4514132646659505e-10,0.9999234787485448,7.652100314056094e-5
26299,2.6979422222865206e-12,1.716670406724355e-10,0.9999317298124232,6.827001321182391e-5
26300,5.565353490226702e-12,1.9499754806838522e-10,0.9999003312762182,9.966852321900277e-5
26301,1.0112341691569184e-11,5.596917238979731e-10,0.9998307627326823,1.6923669751353905e-4
26302,9.176903432320687e-12,9.169285369660486e-10,0.9997964464665803,2.0355260731446368e-4
26303,7.200596173388611e-12,4.1535362224829713e-10,0.9998780834624779,1.2191611496788295e-4
26304,3.2311979899650946e-12,1.07355206182507e-10,0.9999389460844831,6.105380493052329e-5
26305,2.0225583076472328e-11,4.1129713805233397e-10,0.9998307887329677,1.692108355096861e-4
26306,5.676563440018547e-12,1.403442396416618e-10,0.9999198887980022,8.011105597689213e-5
26307,3.2480362470582935e-12,4.677830943131856e-10,0.9999198019225407,8.01976064281254e-5
26308,8.79041855436257e-12,3.0665623331418573e-10,0.9998409182735644,1.5908141098907306e-4
26309,3.4012727114823244e-12,3.81835940177737e-10,0.9998872643216662,1.1273529309646889e-4
26310,4.397563908362535e-12,2.1704196950622494e-10,0.9999178854753795,8.211430318083453e-5
26311,9.799106774172926e-12,2.5046824782938194e-10,0.9999062040682024,9.379567153013265e-5
26312,4.637067130951698e-12,3.1554220765688627e-10,0.9999366436520052,6.335602781543943e-5
26313,5.082631972879515e-12,2.2225506068095525e-10,0.9999213280335487,7.867173911357136e-5
26314,3.2227963884374403e-12,3.5614909517273424e-10,0.9998768590962568,1.2314054437153376e-4
26315,1.264020915129046e-11,4.928694585241543e-10,0.999792124393393,2.0787510109716284e-4
26316,3.046711991647802e-12,5.15662814392115e-10,0.9999026380806675,9.736140062311413e-5
26317,3.2772195502508403e-12,3.224889438029796e-10,0.9999576863306809,4.231334355297636e-5
26318,4.4455372521096746e-12,5.916933631975338e-10,0.9999321306074351,6.786879642613688e-5
26319,6.985157821502834e-12,2.966968485426454e-10,0.9999270213000341,7.297839628396195e-5
26320,2.655405034166472e-12,4.405619237933684e-10,0.9999166616497641,8.333790701837534e-5
26321,5.709715704160821e-12,4.710480393974297e-10,0.9999470584301732,5.294109306907056e-5
26322,4.363548498722755e-12,5.052654375858255e-10,0.9999565332176044,4.346627276657599e-5
26323,4.353304070823392e-12,7.927785335892647e-10,0.9999458632067708,5.41359960973143e-5
26324,3.588938620013026e-12,3.587709035815672e-10,0.9999418891204366,5.811051720375574e-5
26325,4.166394586845827e-12,2.256111658598419e-10,0.9999487464214311,5.125334879154325e-5
26326,4.110669491272321e-12,3.892671865761642e-10,0.9999696596636481,3.0339942973976168e-5
26327,6.97266397312625e-12,5.354599358228441e-10,0.9998649016228407,1.3509783472670316e-4
26328,3.850854990879629e-12,3.2754672491006744e-10,0.9999540442621554,4.595540644689765e-5
26329,2.6973258019701546e-12,5.132399894113823e-10,0.9999432188648809,5.678061918171977e-5
26330,2.324229512101326e-12,4.602489221922702e-10,0.9999328680836068,6.713145382013673e-5
26331,3.0191777294110335e-12,1.939255565102668e-10,0.9999596652980082,4.0334505047117236e-5
26332,5.764593158801672e-12,5.360197596647386e-10,0.9999292689690759,7.073048913985501e-5
26333,3.2708544192233172e-12,3.0999372167122207e-10,0.9999405537253856,5.944596134984559e-5
26334,5.2413779994442236e-12,3.2702315450145904e-10,0.9999248737521602,7.512591557532887e-5
26335,1.3055795461075416e-12,2.0803068632818724e-10,0.9999924519824966,7.547808166974529e-6
26336,2.6204962834068283e-12,3.3199640893385965e-10,0.9999833137059744,1.6685959408762766e-5
26337,2.160495216931134e-12,5.893394178852828e-11,0.9999942062066307,5.793732274951941e-6
26338,1.9989653787275905e-12,4.135327560020489e-10,0.9999791488755885,2.0850708879733042e-5
26339,2.7944328556258745e-12,3.351798917510246e-10,0.9999864725328155,1.3527129210130613e-5
26340,3.698799017904747e-12,2.2860245048714238e-10,0.9999772025920536,2.2797175645193155e-5
26341,7.94452533119308e-13,8.675635162975624e-11,0.999994937928777,5.061983672226163e-6
26342,2.5999995209032123e-12,1.359899308712342e-10,0.9999905396823185,9.460179091493101e-6
26343,2.359420599086045e-12,2.2529583175327421e-10,0.9999917047200386,8.295052305999902e-6
26344,4.042315732115701e-12,3.916367048827785e-10,0.9999843992569751,1.5600347345794125e-5
26345,1.65223592303569e-12,1.2817669211204262e-10,0.9999951309868419,4.868883329248164e-6
26346,1.4621125774062232e-12,1.598876290058607e-10,0.9999734126464276,2.65871922227819e-5
26347,7.940034811191248e-12,8.463795734653035e-10,0.999975275788087,2.4723357593267687e-5
26348,1.2488386842131526e-12,1.4563001955953437e-10,0.9999923318997904,7.667953330630478e-6
26349,1.3018553870990335e-12,1.3865081800077843e-10,0.9999921385988868,7.861261160457055e-6
26350,5.408763051536479e-12,2.8461314394769496e-10,0.9999835974683766,1.640224160153482e-5
26351,6.264770986479992e-13,1.7878196937313086e-10,0.9999883088900673,1.169093052424122e-5
26352,4.191465187910447e-12,3.681758142898192e-10,0.999965268023004,3.4731604628696614e-5
26353,1.6543851988523552e-12,3.207393608900092e-10,0.9999885542565485,1.1445421057612763e-5
26354,4.12193548606125e-12,5.323727035432595e-10,0.9999863438606275,1.3655602877967269e-5
26355,4.414214058984048e-12,4.477188237636585e-10,0.9999645796792799,3.541986858714307e-5
26356,1.8681344029573425e-12,1.2230495010602443e-10,0.9999952992178878,4.700657939202303e-6
26357,1.5102001871406012e-12,3.49515077304319e-10,0.9999731951894456,2.6804459529000944e-5
26358,1.2869991636448872e-12,1.4843177159275584e-10,0.9999938737229621,6.126127319107259e-6
26359,3.684890668597187e-12,3.889199864445249e-10,0.9999738866263235,2.6112981071762553e-5
26360,3.043256506935276e-12,2.666925522311802e-10,0.9999888605305045,1.113919975954461e-5
26361,2.0432082525841707e-12,2.1629412797519465e-10,0.9999899871660409,1.0012615621668958e-5
26362,5.4275072634534616e-12,4.661225409963381e-10,0.9999765577171305,2.3441811319637945e-5
26363,2.3180552912774152e-12,6.031825556712622e-10,0.9999813590058477,1.8640388651680017e-5
26364,1.5264921441773217e-11,6.590356455281887e-10,0.9999645634517551,3.543587394442845e-5
26365,2.277364915893466e-12,8.763951491378008e-10,0.9999785042830799,2.1494838247807407e-5
26366,4.15548857238614e-12,3.930542836305239e-10,0.9999838368088265,1.6162793963616358e-5
26367,6.944310917151329e-12,6.79144289922103e-10,0.9999720305460482,2.7968767863065477e-5
26368,1.6635091532147843e-12,1.506763605492234e-10,0.9999925758549655,7.4239926946530475e-6
26369,2.020547300270081e-12,4.708746955271898e-10,0.9999809120988122,1.908742829257574e-5
26370,4.0200572776474725e-12,3.3512617518629227e-10,0.9999859998282846,1.3999832569106823e-5
26371,4.2111757302609626e-12,5.5655486743158e-10,0.9999664633912237,3.353604801041678e-5
26372,7.08572646389388e-12,9.95805473738149e-10,0.9999779142009336,2.2084796175225338e-5
26373,4.253649262766191e-12,8.833295524930288e-10,0.9999910015008979,8.99761151880997e-6
26374,2.719306629236238e-12,2.563327003366301e-10,0.9999846373113073,1.536242964088354e-5
26375,1.5169400488616123e-12,1.6391020868847703e-10,0.9999940127866432,5.987047929594465e-6
26376,7.998156096109096e-12,4.394972259436481e-10,0.9999925691245692,7.430427935393523e-6
26377,6.212543338493091e-12,4.2023099620488466e-10,0.9999860619478153,1.3937625741202681e-5
26378,2.8572259938014615e-12,2.1396567525809718e-10,0.9999921505867226,7.849196454651668e-6
26379,1.5325629616562554e-12,1.330021794089766e-10,0.9999960793468213,3.920518643883936e-6
26380,3.679403778713307e-12,3.555237966844527e-10,0.9999907279542883,9.271686508627398e-6
26381,5.394605160724211e-12,2.263506815052808e-10,0.9999912015126482,8.798255606459021e-6
26382,9.356868302152462e-12,4.2673472958191346e-10,0.9999877674067571,1.2232157151326763e-5
26383,5.044575005767232e-12,4.1310883609058854e-10,0.9999891021111386,1.0897470708015369e-5
26384,2.1193961185531153e-12,1.4445794510023543e-10,0.9999957956418246,4.204211598079174e-6
26385,3.648016165054954e-12,4.777645436207163e-10,0.9999825817848336,1.741773375386494e-5
26386,1.0756274801121172e-12,1.8545922979722743e-10,0.9999955917441502,4.40806931501936e-6
26387,2.3053863380630245e-12,3.12859138570745e-10,0.999989177580625,1.0822104210371048e-5
26388,4.559060140964893e-12,2.8557518478604396e-10,0.9999895989196891,1.0400790176592303e-5
26389,9.519143279252345e-12,1.2399463421004298e-9,0.9999844740742614,1.55246762729562e-5
26390,4.716246597757848e-12,5.768888075076061e-10,0.999990204267372,9.79515102304461e-6
26391,4.013010058904884e-12,1.7955641326061604e-10,0.9999943051038451,5.694712585436925e-6
26392,2.9015401747130643e-12,3.719796126930493e-10,0.9999906740626127,9.325562506139635e-6
26393,2.4119474880610972e-12,2.705759660502768e-10,0.9999839346738832,1.6065053128870074e-5
26394,4.2932730930848845e-12,2.4350287567110815e-10,0.9999855117298364,1.4488022367413852e-5
26395,1.5878086296423667e-11,1.4340656920241877e-9,0.9999625481263922,3.745042366406954e-5
26396,5.484122203586121e-12,3.119521501888963e-10,0.9999823261998829,1.7673482680790134e-5
26397,2.7608155381033452e-12,2.74980251344919e-10,0.999989357431713,1.0642290545832665e-5
26398,6.490326223612022e-12,9.335051118492133e-10,0.9999643319595455,3.566710045922762e-5
26399,2.744449705355352e-12,5.600509576012276e-10,0.9999830271149929,1.6972322211657088e-5
26400,9.01116415505882e-12,6.748205022424585e-10,0.9999732356233957,2.6763692772764e-5
26401,3.206075949674776e-12,4.363616988448873e-10,0.9999902556566413,9.743903790829143e-6
26402,2.8582898344588154e-12,6.29256397093223e-10,0.9999746185662388,2.5380801646490537e-5
26403,5.079006592533083e-12,5.676599798027114e-10,0.999982595103506,1.7404323754950188e-5
26404,3.801225052886369e-12,2.7494017051920764e-10,0.9999832803916022,1.6719329656311543e-5
26405,5.603037924907809e-12,2.298210581688176e-9,0.9999535321829306,4.646551325586604e-5
26406,2.6353189145135255e-12,1.344230458665754e-10,0.9999916880286666,8.311834275108871e-6
26407,3.3732419242025258e-12,4.3755678837750106e-10,0.9999824190576181,1.758050145203408e-5
26408,3.79074007349618e-12,3.6050209470663825e-10,0.9999822429439109,1.7756691796417055e-5
26409,5.4630613864708225e-12,5.833507826165911e-10,0.9999788489097132,2.1150501472979193e-5
26410,1.2377212393379416e-12,1.928543463696222e-10,0.999988578037182,1.1421768725911658e-5
26411,2.3553436884966137e-12,3.6190256333434353e-10,0.9999970886169457,2.9110187963991615e-6
26412,3.499308069948795e-12,6.034944305980801e-10,0.9999945490053216,5.450387684503792e-6
26413,1.2191637947130917e-12,1.0479532154355957e-10,0.9999977582223072,2.241671678177988e-6
26414,2.5425766549931824e-12,2.2506529505008122e-10,0.9999941528078321,5.84696456002932e-6
26415,2.4874377121891914e-12,4.498748458755262e-10,0.9999967215406895,3.2780069483208747e-6
26416,9.954327839754308e-13,2.2762829922829417e-10,0.9999977709107927,2.228860583573291e-6
26417,2.7167568486386025e-12,4.4148246568751326e-10,0.9999945795321827,5.4200236180202726e-6
26418,4.075844791559522e-12,6.025538100311054e-10,0.9999921166158925,7.88277747778574e-6
26419,1.6006542619574522e-12,2.6757025374925027e-10,0.9999961306128846,3.869117944532759e-6
26420,2.240896739302515e-12,8.729984229433849e-11,0.9999973841193154,2.6157911437554295e-6
26421,6.320217801753115e-12,3.445950672690768e-10,0.9999935692594226,6.430389662136369e-6
26422,3.0092364303970927e-12,3.6937093916602295e-10,0.9999953776618916,4.621965728215057e-6
26423,1.262015099408231e-12,2.8941505950191907e-10,0.999996075062106,3.924647217045736e-6
26424,4.911153337181448e-12,3.130861701791377e-10,0.9999942156823669,5.783999635762543e-6
26425,1.4542415306185976e-12,1.824140030029849e-10,0.9999969807823751,3.0190337567039723e-6
26426,1.8000875278889968e-12,1.357563944897649e-10,0.9999971640199042,2.835842539254335e-6
26427,1.8273771691370083e-12,2.2605087328270148e-10,0.9999957260556109,4.273716510772967e-6
26428,3.011470602312825e-12,2.8602496439480675e-10,0.9999966556063364,3.3441046271990488e-6
26429,1.612304594158734e-12,7.4336467454273905e-10,0.9999934213119417,6.577943081215949e-6
26430,3.677599889912367e-12,4.6311904011121305e-10,0.9999967132037887,3.286329414621276e-6
26431,7.676658746543244e-12,1.1649675276085813e-9,0.9999921042428321,7.894584523567489e-6
26432,1.9804616069390125e-12,5.842725088901386e-10,0.9999954114153107,4.587998436188231e-6
26433,3.0893257876422485e-12,4.779635929690267e-10,0.9999937670872127,6.232431734440346e-6
26434,3.992951544791961e-12,5.637107271952348e-10,0.999992563281885,7.4361504114154754e-6
26435,3.3258021870741945e-12,4.5840808918226134e-10,0.999994024526228,5.975012038085277e-6
26436,4.458811873628042e-12,3.790623618170041e-10,0.9999953829283889,4.61668809005168e-6
26437,1.2377006088977896e-12,1.760365229437388e-10,0.9999978289005961,2.1709221296661283e-6
26438,1.6150524336523717e-12,3.168533368492012e-10,0.9999978080717447,2.19160978699064e-6
26439,1.1294667794899664e-12,1.8601322098043858e-10,0.9999972288402267,2.770972630557222e-6
26440,1.8556551606331865e-12,3.879570602601145e-10,0.9999960843547172,3.91525547006133e-6
26441,2.896175208938501e-12,5.485357977966162e-10,0.9999970732630341,2.9261855339091543e-6
26442,6.538435349615093e-12,5.947719795471312e-10,0.9999927863631667,7.2130355228207e-6
26443,6.81671124517574e-12,3.9858963767732747e-10,0.9999946227424275,5.376852166110032e-6
26444,3.989816485786281e-12,2.587547835625613e-10,0.9999969909590782,3.0087781770886033e-6
26445,5.29455034314429e-12,5.002293695404e-10,0.9999960844927984,3.9150016776447274e-6
26446,7.571165825916698e-12,8.729041573851611e-10,0.999990941896559,9.057222965723285e-6
26447,1.3594401721898175e-12,2.424664813799122e-10,0.9999974155861492,2.58417002496503e-6
26448,2.2255142491191087e-12,2.4453813242567143e-10,0.9999975561978903,2.443555346123354e-6
26449,8.319741445144826e-12,4.738274961421387e-10,0.9998942861876938,1.057133301588435e-4
26450,1.5172384563602865e-11,1.692264750565005e-9,0.9996078337644041,3.9216452815891067e-4
26451,5.051543141662054e-12,8.435023448971176e-10,0.9999149196231343,8.507952831195853e-5
26452,4.995960939376161e-12,7.599364100760229e-10,0.9998509744466036,1.490247884639267e-4
26453,4.7850087576323944e-12,4.763087224804574e-10,0.9999310681384239,6.893138048233667e-5
26454,6.923152778210192e-12,4.01626272091825e-10,0.9998636458219282,1.3635376952238115e-4
26455,5.7741118485069884e-12,1.873777032053907e-9,0.9997566124763348,2.433856441139341e-4
26456,4.297399964905736e-12,5.315893200965858e-10,0.9998694861529714,1.3051331114202714e-4
26457,3.291226820337024e-12,3.055785670731273e-10,0.999938268289322,6.173140180810823e-5
26458,6.232731014256102e-12,1.3074571955718946e-9,0.9998650164546503,1.349822316597096e-4
26459,2.32326431746655e-12,3.3346818992626304e-10,0.9999206840533834,7.931561082514834e-5
26460,4.211525941396785e-12,5.285473470530411e-10,0.9998544646411306,1.4553482611044826e-4
26461,3.346624037258602e-12,6.398314572581609e-10,0.9999206789849574,7.932037186450541e-5
26462,1.8324819565132022e-11,1.1590188787654643e-9,0.9998364923541018,1.635064685544661e-4
26463,4.0411677086670394e-12,2.921577305740828e-10,0.9999307069485365,6.929275526458056e-5
26464,3.916636018221911e-12,7.070908248972301e-10,0.9999142675256056,8.573176338695193e-5
26465,2.571661425646149e-12,8.159151070896909e-10,0.9998476291646932,1.523700168201974e-4
26466,4.8020662673202026e-12,7.362346575378378e-10,0.999858912263889,1.4108699507424908e-4
26467,1.3862161210869507e-11,6.008613016096642e-10,0.9998680763329196,1.319230523568272e-4
26468,1.8635962284318723e-12,2.525175127002805e-10,0.9999980677477286,1.9319978902472037e-6
26469,5.89236340739292e-12,7.367947064167903e-10,0.9999918060166623,8.193240650675988e-6
26470,2.0466697499367102e-12,3.5800697141603595e-10,0.9999965202160552,3.4794238911687303e-6
26471,2.5405779784864577e-12,2.4822629392252076e-10,0.9999966553084185,3.3444408147976134e-6
26472,5.872096406168855e-13,1.1517494440404198e-10,0.9999990195691968,9.803150409670504e-7
26473,6.6895968354729716e-12,4.695274856585799e-10,0.9999929513884395,7.0481353434353295e-6
26474,9.298736416888994e-13,1.8875962968390134e-10,0.99999736146452,2.63834579037659e-6
26475,2.0149669249231644e-12,1.7406747192919982e-10,0.9999966719487056,3.3278752119850586e-6
26476,3.3819756644695255e-12,6.791780255796707e-10,0.999994144779981,5.854537458908626e-6
26477,9.262881385526633e-13,1.30791073378531e-10,0.9999983974009513,1.6024673312566765e-6
26478,2.2631571917466974e-12,3.1317459399191e-10,0.9999966861291941,3.3135553681402553e-6
26479,1.0906479978674277e-12,2.142045868973723e-10,0.9999974651558873,2.5346288173779678e-6
26480,2.4005921212707927e-12,3.259668258893138e-10,0.9999975651660605,2.4345055722041926e-6
26481,1.0676546590343894e-12,3.7545079635651717e-10,0.9999966499538131,3.349669668322312e-6
26482,1.0945113653575862e-12,1.6867242269280139e-10,0.9999976572961555,2.3425340775135208e-6
26483,3.5759902573749813e-12,3.398009104078915e-10,0.9999968269190448,3.1727375784394283e-6
26484,1.0495694234541921e-12,1.4917276656528667e-10,0.999998060088938,1.9397608395875575e-6
26485,1.766111642822198e-12,4.2915085569342654e-10,0.9999970397865995,2.959782483697726e-6
26486,1.5802460888355946e-12,2.620443238523777e-10,0.9999958039408581,4.1957955175345475e-6
26487,6.661877538387319e-13,1.1983348649009283e-10,0.9999963158589822,3.684020518288246e-6
26488,2.7904898281775485e-12,3.7853290678140485e-10,0.9999900260484217,9.973570254964513e-6
26489,4.503606392481789e-12,3.348230707244442e-10,0.9999871014712814,1.2898189391797437e-5
26490,2.5070949586338685e-12,3.050274901691178e-10,0.9999906543874926,9.345304972713969e-6
26491,7.8788733039927e-12,6.02524853321683e-10,0.999982846802313,1.7152587283255922e-5
26492,2.7566546925067157e-12,4.400261671501015e-10,0.9999904302721236,9.56928509344766e-6
26493,2.4812915174467823e-12,1.487589213775766e-10,0.9999894039001017,1.0595948658068478e-5
26494,5.1130597651103565e-12,5.286974666577466e-10,0.9999868733432568,1.3126122932871805e-5
26495,1.640487698913918e-11,6.530570426095142e-10,0.9999747214688431,2.5277861694749434e-5
26496,1.564162580902021e-12,1.13373338684888e-10,0.9999964188083096,3.5810767530544318e-6
26497,3.359033305413245e-12,1.446896392990818e-10,0.9999912423549636,8.757496987640565e-6
26498,6.1483405444131086e-12,2.43853890879971e-10,0.999988020664106,1.197908589200755e-5
26499,3.2032989504740105e-12,2.605884914269793e-10,0.9999897405825118,1.0259153696321122e-5
26500,4.960702941745449e-12,6.985254173981401e-10,0.9999872731406764,1.2726155837631312e-5
26501,3.788186198915611e-12,2.9056745679991756e-10,0.9999886839001584,1.131580548604257e-5
26502,6.801678852937101e-12,3.0386328182789023e-10,0.9999860751528907,1.3924536444312854e-5
26503,2.755061739762366e-12,4.247768331622459e-10,0.9999893365093229,1.0663063145236203e-5
26504,2.0389376754893893e-12,2.0367346220233482e-10,0.9999867808413638,1.3218952923704864e-5
26505,2.9227956122206782e-12,5.762103719503367e-10,0.9999864320905903,1.3567330276446456e-5
26506,1.451056932617614e-12,3.407903231336323e-10,0.9999855924036843,1.4407254074483736e-5
26507,4.978628814229131e-12,3.4164200114650406e-10,0.9999857521236463,1.42475297329371e-5
26508,8.84040390291062e-12,1.0022029954461803e-9,0.9999604625474283,3.953644152813334e-5
26509,6.273663006273821e-12,1.0522663102176738e-9,0.9999770487311437,2.2950210316182505e-5
26510,3.5617022370063736e-12,4.821293020379563e-10,0.999976429555214,2.3569959095087384e-5
26511,2.178548586009501e-12,4.3287161636136236e-10,0.9999903595310345,9.640033915133666e-6
26512,2.1518248072803425e-12,2.2820023991277927e-10,0.9999820157352696,1.7984034378426273e-5
26513,2.2045921349782046e-12,4.07529530587142e-10,0.9999911192235769,8.880366689046287e-6
26514,2.045158694818927e-12,4.4891036594712715e-10,0.9999880615291105,1.1938019934062352e-5
26515,2.7637396285534595e-12,2.361732054682302e-10,0.9999914991265809,8.500634482284447e-6
26516,2.4668792891107582e-12,2.6665816267296225e-10,0.9999852667124641,1.4733018410767781e-5
26517,4.161348289336197e-12,3.5375079182864445e-10,0.999985422843,1.4576799088003467e-5
26518,2.3426027311080173e-12,2.169857358832518e-10,0.9999833125281734,1.668725249805855e-5
26519,5.03699116481071e-12,3.7475363855555964e-10,0.9999823459445614,1.7653675648029643e-5
26520,6.8564678950273005e-12,3.6991469772963134e-10,0.9999776161240611,2.238349916772491e-5
26521,4.478095833790229e-12,7.969530349717169e-10,0.999978676659445,2.1322539123825796e-5
26522,1.1207321478333801e-11,3.3138736093596304e-10,0.9999838702509172,1.6129406488078638e-5
26523,1.368204941768981e-12,2.6539659005577554e-10,0.9999887320164402,1.1267716795044268e-5
26524,5.0241570208798204e-12,4.951811666865642e-10,0.9999770396491521,2.2959850642690813e-5
26525,3.820319584876427e-12,5.510579731378688e-10,0.9999751495599017,2.484988521983748e-5
26526,1.9952901290778285e-12,3.483449872406123e-10,0.9999908510610375,9.148588622190472e-6
26527,2.3472860378687015e-12,1.5823969792299518e-10,0.9999876008467737,1.2398992639377371e-5
26528,1.4819008799733958e-12,3.999502280309094e-10,0.9999897458981932,1.0253700374718783e-5
26529,4.500468618577429e-12,3.577489563132219e-10,0.999986522666332,1.34769714186093e-5
26530,9.228256204962673e-12,6.057276564567624e-10,0.9999802383752895,1.976100975463209e-5
26531,1.8989424101926013e-12,2.6485917896301683e-10,0.9999908521996641,9.147533577829568e-6
26532,7.754884965002297e-12,9.974805158337415e-10,0.9999787525532091,2.124644155531992e-5
26533,2.8097879769961447e-12,4.493206480925718e-10,0.999982403542627,1.7596005242689823e-5
26534,7.633047248164011e-12,4.405086560855871e-10,0.9999843390981952,1.5660453663185756e-5
26535,2.4990525313089023e-12,5.017061644921151e-10,0.9999851417926322,1.4857703162661575e-5
26536,5.69244605539962e-12,3.530164749655679e-10,0.9999774744683749,2.2525172916116452e-5
26537,3.2215815386103972e-12,2.4537225236977283e-10,0.9999878623365953,1.2137414810763166e-5
26538,1.4393044838654917e-12,1.7898567235736883e-10,0.9999917095223929,8.290297182114123e-6
26539,1.3792462478028549e-12,2.4794589355246507e-10,0.999989417161493,1.058258918192131e-5
26540,4.8412117659805e-12,5.997336161728473e-10,0.9999833114162002,1.66879792249255e-5
26541,1.0100666411331248e-11,8.601569694724151e-10,0.999948456699552,5.154243019037158e-5
26542,8.305493268024734e-12,4.0979094965431143e-10,0.9999836465921945,1.6352989708850832e-5
26543,4.588392626482217e-12,9.83507385180801e-10,0.9999638830818945,3.611593000960959e-5
26544,2.3426808786924886e-12,3.829776247426283e-10,0.999981638767382,1.836084729771637e-5
26545,7.396884738504398e-12,5.484538522722634e-10,0.9999614330625687,3.856638158052371e-5
26546,6.1418807056592435e-12,5.640081618957973e-10,0.9999723453280587,2.7654101791139164e-5
26547,1.647703450907633e-11,4.4206725178276794e-10,0.9999551161447502,4.488339670534137e-5
26548,7.453623471437648e-12,3.7364083656565444e-10,0.9999833230040924,1.6676614813227822e-5
26549,2.7826435780363603e-12,2.1091944516090215e-10,0.9999854210421342,1.4578744163661653e-5
26550,2.8362595569291034e-12,1.4907588323396638e-10,0.9999878890714412,1.2110776646585486e-5
26551,2.649966085384627e-12,3.2408234378039295e-10,0.9999885947003224,1.140497294544394e-5
26552,3.978589102541901e-12,2.801614441109696e-10,0.999980630962391,1.936875346885194e-5
26553,4.4737791489835266e-12,4.021458972523877e-10,0.999976267345079,2.3732248301037713e-5
26554,4.8260321452278365e-12,3.6156141206793123e-10,0.9999801179855791,1.9881648033434556e-5
26555,3.1031808673108184e-12,1.59435681914169e-10,0.9999863715187439,1.3628318717234291e-5
26556,4.65996186145813e-12,2.6880758574850045e-10,0.9999787790318564,2.1220694676268607e-5
26557,5.614851186682909e-12,3.168750333770666e-10,0.9999686932736144,3.130640389581449e-5
26558,2.643590227125887e-12,2.2715769407952723e-10,0.9999875596621417,1.2440108056987282e-5
26559,1.1844293997899108e-11,1.0180788269546999e-9,0.9999535610600476,4.6437910029302893e-5
26560,1.5798846609547967e-12,2.280591056321146e-10,0.9999915532152485,8.446555112508925e-6
26561,6.491530157767913e-12,8.808806435946889e-10,0.9999572656540935,4.273345853434318e-5
26562,2.5590012432642616e-12,3.0755918753040625e-10,0.9999859321474442,1.4067542437561588e-5
