No,Ch1,Ch2,Ch3,Ch4
21566,0.21345294176354057,0.19942739510900434,0.4073672910182912,0.1797523721091639
21567,0.043206668171227564,0.4182650996910444,0.39730305784960307,0.1412251742881249
21568,0.280786441113554,0.4280375073699515,0.19407290224272084,0.09710314927377377
21569,0.4452724912657067,0.15848438703035606,0.2792420288482945,0.11700109285564265
21570,0.13678900837574137,0.2624852710114628,0.5474950640727574,0.05323065654003832
21571,0.07563522089125571,0.7408158803853964,0.12892887743962825,0.05462002128371968
21572,0.19213867849023256,0.1160809721635435,0.5476275083343769,0.14415284101184714
21573,0.14964955676051214,0.2699396380272687,0.3027316032962565,0.2776792019159626
21574,0.14972854509671957,0.3417447231915545,0.4163170353228994,0.09220969638882649
21575,0.05343369420474269,0.1515051879106223,0.6777027248454828,0.11735839303915221
21576,0.2567349049390272,0.21220879861247827,0.3309430799145627,0.20011321653393177
21577,0.23253334615098162,0.14029200427366179,0.5551137995532812,0.07206085002207535
21578,0.3572255665516963,0.2427942711608937,0.2753688939194411,0.12461126836796893
21579,0.09216875345584417,0.2920192994535989,0.3098721170087964,0.3059398300817606
21580,0.06969547539048664,0.5600695865176429,0.24492822005143167,0.12530671804043883
21581,0.38294932717671976,0.1545374214249162,0.2811675991477613,0.18134565225060278
21582,0.12089997563054782,0.23760484566432066,0.4421211689914103,0.19937400971372116
21583,0.12683072071067766,0.28096250162765746,0.37546256336262207,0.21674421429904278
21584,0.24513509330015615,0.3275075987776192,0.1814896420370724,0.2458676658851522
21585,0.35949605937323464,0.19313299075706447,0.1670317585053527,0.2803391913643482
21586,0.17373785356970128,0.4180913354219338,0.23724597186605004,0.17092483914231496
21587,0.047795641349911,0.5211381573229532,0.23929753251488273,0.19176866881225307
21588,0.06166360040198584,0.0780213234141602,0.6093964117575216,0.25091866442633237
21589,0.17132971515605896,0.07689743352876983,0.5615739547503307,0.19019889656484051
21590,0.04372422074906251,0.13890632615225756,0.6012289141078171,0.2161405389908628
21591,0.056780846463681076,0.2516033479359157,0.4305847525549659,0.26103105304543733
21592,0.10946146387151447,0.29101357937037137,0.11475815275936455,0.48476680399874966
21593,0.5419211899225784,0.19353431617155584,0.1448104092382076,0.11973408466765811
21594,0.16191623300433086,0.18036506316756934,0.2566906580666254,0.4010280457614745
21595,0.35121754423969004,0.1441475247312147,0.09733094313018284,0.40730398789891237
21596,0.1682887886756511,0.5882237772764844,0.12522646018297756,0.11826097386488688
21597,0.3050318735184611,0.2448145399767493,0.10070806851043163,0.349445517994358
21598,0.1039587387061006,0.3481449705476302,0.36898589210103405,0.1789103986452351
21599,0.20312698733692577,0.41357316996273413,0.27902016796969603,0.10427967473064408
21600,0.10410737187206481,0.23893116176096493,0.10694853029341712,0.5500129360735532
21601,0.08117499189812544,0.23448241972815326,0.2190042960024548,0.46533829237126656
21602,0.04490952404823399,0.3905570910529017,0.42505868890484116,0.13947469599402312
21603,0.47888594664104855,0.05864161839252571,0.16129585212669512,0.30117658283973053
21604,0.05314202329723965,0.2754485229709231,0.3542953783167507,0.3171140754150866
21605,0.1799217104830675,0.0495861703007877,0.5812649974735922,0.1892271217425527
21606,0.213548264848611,0.0422009977611214,0.3906906055550541,0.3535601318352135
21607,0.48366675203421217,0.0641124692418059,0.06976195396546449,0.38245882475851745
21608,0.2727482645291457,0.3803654730183338,0.031552222776983496,0.315334039675537
21609,0.06940440653487469,0.07781489565759105,0.4709738518832795,0.3818068459242548
21610,0.34274805912316697,0.3028990819996671,0.037126061339346275,0.3172267975378197
21611,0.08448533977822145,0.05264425913522602,0.5099362709892011,0.3529341300973514
21612,0.5118366538073617,0.10760940869552932,0.2802862518036311,0.10026768569347783
21613,0.04232260411000522,0.22971518610706437,0.32071769271858225,0.40724451706434817
21614,0.10072921581100534,0.43815013584068335,0.27115957389151357,0.18996107445679772
21615,0.2867015050540795,0.3408082217118467,0.041663843788599324,0.3308264294454746
21616,0.22155459325318164,0.030669533660528613,0.5870596876482196,0.16071618543807015
21617,0.2178785669311165,0.32787686550844786,0.19412691812548813,0.2601176494349475
21618,0.21875012116320317,0.10921856375938888,0.27242208438356497,0.399609230693843
21619,0.16664077751640627,0.19118123014625957,0.08902794886344349,0.5531500434738905
21620,0.08323310717909065,0.7210249208915951,0.06794704810677388,0.12779492382254043
21621,0.2143350754891824,0.29037363655318177,0.17174144140762013,0.3235498465500157
21622,0.10295568803417245,0.22031358126019832,0.1805054931816578,0.49622523752397135
21623,0.3968783517417492,0.3587547522539294,0.1655950029251123,0.07877189307920911
21624,0.5448161867997517,0.22287131403112675,0.1445214633213694,0.08779103584775214
21625,0.14218229688997944,0.22985527806551687,0.4923357674156601,0.13562665762884366
21626,0.5089761809513365,0.1892249939849132,0.2191933718679786,0.08260545319577177
21627,0.14449166024450272,0.32103190963605854,0.4056970679447386,0.12877936217470018
21628,0.0976031498568353,0.6927788986060985,0.1725214328408275,0.03709651869623874
21629,0.45911661527363384,0.261868786234302,0.1756310390553192,0.10338355943674493
21630,0.2115431801617502,0.3444019163889876,0.2833080416539299,0.16074686179533226
21631,0.16986367014762455,0.1493547289018947,0.6447408819362056,0.03604071901427516
21632,0.10433850173237318,0.30702722951812855,0.4409138517238401,0.14772041702565825
21633,0.18672818947585876,0.4182257785489769,0.25232281460840233,0.14272321736676188
21634,0.09717152641629381,0.7680124396858392,0.10348060569633505,0.03133542820153197
21635,0.04877575685055126,0.710319744818873,0.21206722188471797,0.02883727644585788
21636,0.5731485997604602,0.18800629590190174,0.1522362577993637,0.0866088465382744
21637,0.4086193161522535,0.3536802185645633,0.16298428155527944,0.07471618372790374
21638,0.093375943469479,0.47667647652219003,0.3766029615884388,0.053344618419892256
21639,0.2582856278491039,0.5460701988683591,0.1255259110993788,0.07011826218315828
21640,0.5679706766228804,0.272299299834966,0.11412894858049724,0.04560107496165651
21641,0.19136748040324367,0.2926487688525349,0.4620451117047046,0.05393863903951688
21642,0.49572181270346677,0.2398482936601216,0.14576046035668858,0.118669433279723
21643,0.08185211735830555,0.28705825716119865,0.5206092170976993,0.1104804083827965
21644,0.3725805761196752,0.25937430621159263,0.1888579180657649,0.17918719960296722
21645,0.11357872895558989,0.5778493789549104,0.1975956994347365,0.1109761926547632
21646,0.19100634258593646,0.29100366739601763,0.44804599093015,0.06994399908789585
21647,0.21164268377928447,0.2255346781585541,0.4685798956400502,0.09424274242211121
21648,0.3867649842626482,0.13333663772836454,0.3685187075385244,0.11137967047046285
21649,0.5114650606295582,0.11641255621719072,0.3254118310402347,0.04671055211301639
21650,0.21177391853083483,0.34332810008457715,0.3481961542729142,0.09670182711167377
21651,0.5194428440150406,0.11590580350328337,0.18779143852462674,0.17685991395704923
21652,0.15397005015216805,0.19186227997942323,0.32334322208002886,0.3308244477883798
21653,0.6821769106501037,0.14926979074779126,0.1096302210271867,0.05892307757491844
21654,0.6655569420786545,0.13413280383361517,0.13980658094987916,0.060503673137851266
21655,0.36580899475232936,0.07320539506808658,0.5065613355755183,0.054424274604065716
21656,0.5129042418062405,0.1492692082188291,0.2112838755940389,0.12654267438089142
21657,0.6002990452999684,0.12059406778605304,0.1699516467169886,0.10915524019699002
21658,0.48382839531994987,0.14236114613033785,0.2683998163885979,0.10541064216111436
21659,0.6671459529856336,0.1316627323150838,0.09856504467743389,0.1026262700218487
21660,0.18545312463743538,0.1505643926945034,0.38372215007694804,0.2802603325911131
21661,0.1637150045368657,0.31710432657987475,0.25966965715127377,0.2595110117319858
21662,0.07272992570887635,0.6896908121205108,0.11057126800015862,0.12700799417045436
21663,0.13846448435710187,0.14259614749246466,0.6431484398691283,0.07579092828130517
21664,0.08366780165742954,0.39743301935290276,0.27973603543370035,0.23916314355596727
21665,0.38847285385003527,0.24925372774418758,0.17173272236456308,0.19054069604121407
21666,0.10599568439045959,0.411724493739026,0.3118765482979998,0.1704032735725147
21667,0.04664944998216988,0.4900869325935219,0.3198745309895489,0.14338908643475948
21668,0.3304186500004685,0.2903139655584785,0.22281535261927513,0.1564520318217778
21669,0.3293240495619787,0.27816617053577164,0.1732339295099003,0.21927585039234937
21670,0.16987711153358145,0.5491195251373345,0.1243282689109332,0.15667509441815095
21671,0.09783997503107314,0.49781144694246743,0.3668512395653932,0.037497338461066225
21672,0.06540813396326196,0.26472399256682017,0.5406348914089203,0.12923298206099756
21673,0.45625372900196354,0.23263331739754906,0.09818608680945855,0.21292686679102882
21674,0.40150007102691304,0.1716408365275923,0.27927585145845363,0.147583240987041
21675,0.34565087536207956,0.23114712677830604,0.18435172261043534,0.23885027524917907
21676,0.07281112798591999,0.7285877112526786,0.1371755836215282,0.06142557713987315
21677,0.5425936369810569,0.10603443722328522,0.2561596012069471,0.09521232458871089
21678,0.13444304958834694,0.5655912599604185,0.2504956062764287,0.04947008417480591
21679,0.21808737402495498,0.5172996058618055,0.10795028433948878,0.15666273577375073
21680,0.25379816619037004,0.14194135300454602,0.5046597364273959,0.09960074437768805
21681,0.2682667291047502,0.10561011884305789,0.19226565485447886,0.43385749719771305
21682,0.3293004809018178,0.30479516400386986,0.08537587504148267,0.28052848005282977
21683,0.27011124040652035,0.060521971275530245,0.3829219579389014,0.28644483037904794
21684,0.3597564603926207,0.08505123113575012,0.22501696407757016,0.33017534439405904
21685,0.13546674265011954,0.28554341846896736,0.12853083747099148,0.4504590014099217
21686,0.09291411565317924,0.4353074951220861,0.21763549373388572,0.254142895490849
21687,0.20539133151291464,0.10552251137308971,0.39764836446472057,0.2914377926492751
21688,0.25195833247453536,0.14705050246242649,0.11984654267651051,0.48114462238652755
21689,0.16560381699624285,0.6758858501290008,0.06876227958999026,0.08974805328476607
21690,0.6780561935500707,0.19770096769465212,0.0362136056606567,0.08802923309462046
21691,0.13067653476312632,0.5252806227776946,0.11893872346109613,0.22510411899808305
21692,0.0398606047953466,0.36688319203382763,0.5079865429118968,0.08526966025892882
21693,0.10079233745268065,0.6563259784864043,0.056550466087723315,0.18633121797319177
21694,0.13659402437014698,0.3176825535728027,0.18995654145727564,0.3557668805997746
21695,0.3789852488899054,0.3676618370897513,0.15631291315313708,0.09704000086720614
21696,0.517835180010422,0.20807335504101726,0.06569041870070254,0.20840104624785832
21697,0.3923258533105043,0.22372944664095826,0.22446844141264063,0.15947625863589687
21698,0.15190784254533432,0.07180823299541288,0.7059818604725961,0.07030206398665664
21699,0.19050565631560815,0.6059646832943854,0.025480507169429244,0.17804915322057724
21700,0.29389831265013555,0.2817330046132608,0.1539854075599701,0.27038327517663363
21701,0.4210950195315854,0.15576619755679816,0.078689868980433,0.34444891393118354
21702,0.062899117644276,0.4885097821086252,0.12675006691012153,0.32184103333697733
21703,0.10651474932133384,0.3148267033771706,0.07283200191365179,0.5058265453878438
21704,0.09166381441447422,0.23855256089972446,0.3698036498081441,0.2999799748776572
21705,0.1506222718344463,0.05454792385759479,0.2997500569466089,0.49507974736134996
21706,0.09989394381706126,0.3845156754794711,0.05746768863689227,0.45812269206657535
21707,0.1007926483809931,0.46042261239399623,0.146141262308767,0.2926434769162437
21708,0.04572731242679768,0.41946061551357344,0.14087052163875272,0.3939415504208762
21709,0.2640489702502592,0.17387418590684958,0.04024900093679817,0.5218278429060931
21710,0.3508239249930662,0.07992296239533218,0.05758080816762942,0.5116723044439723
21711,0.042685689316531106,0.44308169028415956,0.14002688832339613,0.3742057320759131
21712,0.07833144796565839,0.3087784029117917,0.0478693671243715,0.5650207819981783
21713,0.5908537324874578,0.10899499383521787,0.11697019292769657,0.18318108074962772
21714,0.0664451388612365,0.573672149453484,0.06499967227549613,0.2948830394097834
21715,0.5557973975129151,0.14627226464862325,0.11691873666242529,0.18101160117603626
21716,0.11372815401369457,0.16754253161465793,0.1517268204688574,0.5670024939027901
21717,0.227016350596513,0.03614192026907132,0.37803264500507133,0.3588090841293443
21718,0.34679255620349403,0.42287131449885595,0.0353898907804918,0.19494623851715825
21719,0.2309360082848312,0.14068698900996374,0.14648662260376769,0.48189038010143725
21720,0.429532374454234,0.21083914585897745,0.05718299652588895,0.3024454831608997
21721,0.1382250406849504,0.22954687902603482,0.43488152233859584,0.19734655795041892
21722,0.6771383669986546,0.15264112106776398,0.03853479626279774,0.13168571567078366
21723,0.06846806300720351,0.36621246788586337,0.16762067438705663,0.39769879471987646
21724,0.34202930311744195,0.22481329989030988,0.2244386147063151,0.20871878228593305
21725,0.08576764890093558,0.25834691159752377,0.19886991467723916,0.4570155248243014
21726,0.04140092116551514,0.3351883334068621,0.39496952483512854,0.22844122059249417
21727,0.2277846911076592,0.045978482577941134,0.6365684086118509,0.08966841770254866
21728,0.09578888392660354,0.09136775376735162,0.4173342436386795,0.3955091186673654
21729,0.23300532185810638,0.29416610304086543,0.11227778723217292,0.3605507878688553
21730,0.4508640303967122,0.07461270136256101,0.0924394817035243,0.3820837865372025
21731,0.25239620453880146,0.16060176948380628,0.4220686626499978,0.16493336332739453
21732,0.32400406794891645,0.23516173745502922,0.09511420702502872,0.3457199875710257
21733,0.41684976640629084,0.3777493795140773,0.10580830774270075,0.09959254633693107
21734,0.037743345329378265,0.6108717947818959,0.23508875588084535,0.11629610400788055
21735,0.22217917786377014,0.3640658201003042,0.07508300584720741,0.3386719961887182
21736,0.6743049613816534,0.13737521669667846,0.09820648449936344,0.09011333742230472
21737,0.2832325526596563,0.15109463729373404,0.5246553398413397,0.04101747020526995
21738,0.41399418456757764,0.24422055411100138,0.2882593443266854,0.05352591699473568
21739,0.14554014036011956,0.4208227032137331,0.3915135831830402,0.04212357324310713
21740,0.08188171642458543,0.7011227738764698,0.19350555981978013,0.023489949879164668
21741,0.15440643655013878,0.5323654215447653,0.19829983091287182,0.11492831099222416
21742,0.2804875245950804,0.20988997180357288,0.44064001443523343,0.06898248916611324
21743,0.46757847617472625,0.34839242853546315,0.08997986485962574,0.09404923043018484
21744,0.3695441346909841,0.21834873360632326,0.3744357578621319,0.03767137384056073
21745,0.2744199279495551,0.2424838798961387,0.369926141924942,0.11317005022936424
21746,0.33372915100159195,0.47923631837691083,0.11915878571767681,0.06787574490382028
21747,0.549249465876616,0.28876002211195745,0.12352853991150108,0.03846197209992541
21748,0.3723934597619156,0.4305902502457197,0.14580765440335594,0.05120863558900874
21749,0.07849248446307376,0.5311762435697034,0.3145975295035915,0.07573374246363135
21750,0.09540601040382694,0.16869875037417312,0.6385096076257162,0.09738563159628373
21751,0.5859497674007823,0.07531802396344539,0.3049632937919537,0.03376891484381869
21752,0.5230006126882921,0.18140930819855922,0.18709332086899408,0.10849675824415471
21753,0.3442239090130859,0.2908340498169438,0.25890313913186863,0.10603890203810169
21754,0.07053925796797925,0.6814122021480578,0.1494008767441605,0.09864766313980243
21755,0.1962779707740404,0.3599009645809054,0.3399878257973281,0.10383323884772618
21756,0.09547736236466084,0.36383693825201885,0.09821254423068385,0.4424731551526365
21757,0.15050314913372606,0.4039137966973207,0.033640513096973024,0.4119425410719802
21758,0.20944327480254024,0.19010605105785386,0.1590965149037473,0.44135415923585863
21759,0.33511890346509676,0.4115851022670407,0.14358569913998356,0.10971029512787886
21760,0.14713543457480693,0.040323330412504445,0.3083987362531017,0.5041424987595868
21761,0.11043730137568043,0.14923434748046313,0.4643560476759191,0.2759723034679374
21762,0.050559552635117896,0.7464229659154688,0.02771701111012495,0.17530047033928842
21763,0.43412259116773116,0.09076598244342617,0.034197865811620605,0.44091356057722203
21764,0.21170266109911948,0.03481189950628295,0.5770665787311569,0.17641886066344076
21765,0.41333257706718657,0.1438604418967046,0.10384723810476623,0.33895974293134257
21766,0.064909612512553,0.338371652722026,0.03902909216265677,0.5576896426027642
21767,0.07787285411248272,0.16173480342386698,0.38003479722667693,0.38035754523697346
21768,0.17322651187055402,0.2626205952595685,0.37467845919649,0.1894744336733876
21769,0.19337441261993252,0.1369049242672425,0.08132076971705361,0.5883998933957715
21770,0.08915532010329573,0.3192241666634507,0.2502514126054844,0.34136910062776926
21771,0.0333024310507755,0.0976855496938346,0.370834351165259,0.49817766809013103
21772,0.13993899150268554,0.2705123829665133,0.24286500629008517,0.346683619240716
21773,0.12566119837209125,0.47952672129553997,0.06219022278759086,0.3326218575447779
21774,0.03494994751009045,0.11636385575745149,0.5627018337484496,0.28598436298400837
21775,0.21246029032655314,0.24319220650842732,0.22702022563967264,0.31732727752534684
21776,0.3766078085939616,0.25717071217774473,0.15519075736792126,0.2110307218603725
21777,0.04807207583823452,0.06243673576861622,0.5991675546225005,0.29032363377064874
21778,0.2880901532165501,0.14419121293283824,0.1390022416393289,0.4287163922112828
21779,0.30881419728230686,0.23184431556228932,0.1026262336037924,0.3567152535516113
21780,0.18363694010031895,0.12097869762447917,0.43740239134030945,0.25798197093489245
21781,0.08803012263315926,0.08973776502727353,0.650142021867089,0.17209009047247825
21782,0.4189706483941346,0.054856136936717044,0.42704149801342167,0.09913171665572663
21783,0.2822494488271201,0.11305734483763265,0.18119448637410993,0.42349871996113725
21784,0.6301778176910713,0.1936682246754133,0.07348935997317255,0.10266459766034282
21785,0.128319280261751,0.5246555355612499,0.2902233806948863,0.05680180348211281
21786,0.07826540108988679,0.10793709700638374,0.27778115420800653,0.5360163476957229
21787,0.07529233527029802,0.7112210999277684,0.08545768068925313,0.12802888411268046
21788,0.3700687734866487,0.28025697467682553,0.07504477076357642,0.27462948107294943
21789,0.10396402372529268,0.27410675554191244,0.24979307565476655,0.37213614507802834
21790,0.5532970309209302,0.12917246087154569,0.10252418584823687,0.2150063223592873
21791,0.30824739436879856,0.18554346902639096,0.1437466793721334,0.36246245723267717
21792,0.07989560557189694,0.32455846436400626,0.4079769803653836,0.18756894969871324
21793,0.11776831443231287,0.23755517966827902,0.538790392924145,0.10588611297526317
21794,0.04804332999132273,0.5473719730099489,0.24811451482221042,0.15647018217651806
21795,0.1923687063004091,0.029649407168538665,0.6416580232703231,0.13632386326072912
21796,0.1980099459392155,0.24317542436865333,0.1336974985826646,0.42511713110946653
21797,0.2028313798445454,0.44620779840992747,0.10423093557827229,0.24672988616725486
21798,0.4342852146663956,0.05364639391351421,0.2471206284191206,0.26494776300096956
21799,0.09409185341210966,0.0767493291592263,0.15562150532186897,0.6735373121067951
21800,0.086632922557709,0.0687824710044563,0.2983319646482214,0.5462526417896133
21801,0.13936060510866075,0.09621987696947451,0.23380801404412835,0.5306115038777364
21802,0.05613250736452154,0.22918614052523512,0.289044736740207,0.42563661537003633
21803,0.09851086260294173,0.12980342125205208,0.5315835923025263,0.24010212384247986
21804,0.16083118515664935,0.4684983746011878,0.09334091833126038,0.27732952191090243
21805,0.5160418441396355,0.05774364803788714,0.10164486170073236,0.3245696461217451
21806,0.09620684695513512,0.36301437565589084,0.15823081742807196,0.382547959960902
21807,0.14523734380608083,0.4139009360661909,0.10175869225888254,0.3391030278688458
21808,0.27522684734825587,0.08144014352883208,0.13998345035964832,0.5033495587632637
21809,0.5353807836164673,0.05603921723637313,0.053416997513798685,0.35516300163336084
21810,0.643830510956615,0.06283235218625884,0.1714804902838163,0.12185664657330986
21811,0.18922787805788166,0.4663853415131571,0.24284815070010107,0.10153862972886028
21812,0.1633126901692325,0.05579402915953651,0.43073962377321107,0.35015365689801997
21813,0.19192670756897906,0.4356604805092904,0.08132025157557143,0.29109256034615905
21814,0.1411047572291641,0.26174800993659564,0.38069720447646505,0.2164500283577753
21815,0.25529164828778317,0.06719603891813207,0.2834348433869486,0.3940774694071362
21816,0.2592213239957928,0.3658687072277862,0.10638694038452605,0.268523028391895
21817,0.07399466792938376,0.12066312536495954,0.6339715620959214,0.17137064460973533
21818,0.080023773729693215,0.0857663850045989,0.3185585715819204,0.5156512696837875
21819,0.17445246013636992,0.2315117865359838,0.11259373427788866,0.48144201904975753
21820,0.6747387492621473,0.10275444762360868,0.08725420127295676,0.13525260184128723
21821,0.15023685755370011,0.15806949653838176,0.5178827933960382,0.17381085251187997
21822,0.39141905177719377,0.3774210868758425,0.08797401882784467,0.143185842519119
21823,0.11780353503772104,0.3478447436435704,0.2322281779469664,0.3021235433717422
21824,0.1392984907334774,0.3940102544418229,0.2777802326125965,0.1889110222121032
21825,0.08053791326835678,0.3501388687877379,0.13580655615070295,0.4335166617932023
21826,0.22380317399604738,0.3310062322485939,0.3137995969789495,0.13139099677640925
21827,0.06081049684356676,0.10675072948987759,0.7017523219850001,0.13068645168155543
21828,0.09598892917770042,0.42273777817348085,0.12141758494845037,0.35985570770036834
21829,0.1276835911120576,0.13593508756025574,0.5039895676049798,0.23239175372270685
21830,0.06730025627660134,0.11687088870385724,0.48727034885717185,0.3285585061623696
21831,0.23103921921199466,0.2583589437451842,0.13544309028576795,0.3751587467570532
21832,0.20368968104247276,0.46002795834421184,0.05278773953814686,0.2834946210751686
21833,0.6005254815389449,0.06372991128192726,0.20785743522645045,0.12788717195267738
21834,0.6565550297451541,0.15315568141271668,0.08634889149772151,0.10394039734440756
21835,0.09210602632737538,0.3369598613944836,0.14714668952935334,0.4237874227487877
21836,0.05026621554120334,0.13654274599849506,0.5832723209887295,0.22991871747157216
21837,0.11358759965506644,0.06491217594159011,0.4588665842676912,0.3626336401356522
21838,0.20546802504374292,0.08176455980890514,0.5679601880114851,0.14480722713586683
21839,0.13371814090211395,0.4539787586243554,0.1876103524613826,0.2246927480121481
21840,0.5882681664610568,0.05526454367279466,0.22186630802726848,0.13460098183888008
21841,0.4514399389290936,0.17349163844501908,0.12368627966620177,0.2513821429596856
21842,0.05292133336052896,0.24719317902578072,0.5629065267675811,0.13697896084610925
21843,0.5493734256654089,0.07974420350902096,0.11052164478162621,0.26036072604394395
21844,0.028716167770914132,0.5334490169874512,0.18889876170250702,0.24893605353912762
21845,0.2788037632514864,0.13365098404594503,0.2993330607071184,0.2882121919954502
21846,0.09771932980977592,0.4118018035706371,0.20480558441375632,0.2856732822058306
21847,0.3624543829676416,0.11099349117246256,0.3175264604474555,0.20902566541244036
21848,0.12475026522191297,0.1548484579538707,0.10626130345134277,0.6141399733728734
21849,0.5227237706097616,0.2725172446178155,0.06092774963386672,0.14383123513855608
21850,0.5082889212580582,0.08891116852267829,0.09245302543367363,0.3103468847855898
21851,0.15804739371670606,0.6120776679537762,0.11179785982665814,0.1180770785028595
21852,0.43976953302623345,0.17617042252664106,0.2489232752273927,0.13513676921973275
21853,0.09838891946001199,0.2559060386393059,0.5251213196922634,0.12058372220841873
21854,0.43160306467939064,0.1812502697927373,0.1612320517628293,0.22591461376504282
21855,0.14017082445779872,0.5508442496141356,0.13681169947236088,0.17217322645570476
21856,0.5210416604404305,0.13654478670887038,0.29200104532928706,0.050412507521412096
21857,0.16970784473188535,0.6373590429291149,0.07774878534469985,0.11518432699429981
21858,0.6242340507618545,0.10847928385323906,0.0772157483288755,0.190070917056031
21859,0.506632577133732,0.128065852601061,0.14716557080077186,0.2181359994644351
21860,0.5372930249639409,0.32488718260093324,0.07352095757942034,0.06429883485570545
21861,0.21497395726517468,0.18695012447892034,0.5247677555039117,0.07330816275199327
21862,0.04643515253304283,0.532848691170954,0.324358037913125,0.0963581183828782
21863,0.08386208428581722,0.3656751270309882,0.3136847732908309,0.23677801539236368
21864,0.41365196426374135,0.46147975380195794,0.05567834944056977,0.06918993249373093
21865,0.12237779931064005,0.27492423995688153,0.5244920716035972,0.0782058891288813
21866,0.22314557351987102,0.19568923715291187,0.49436485569912825,0.08680033362808888
21867,0.1143601580555275,0.18463626862573876,0.39363249369985087,0.3073710796188829
21868,0.1981745859114602,0.12931926199808108,0.5549415411036482,0.1175646109868105
21869,0.46493865119896466,0.13177976519103213,0.15402375523949363,0.24925782837050955
21870,0.34324796831217264,0.2429905730814505,0.30638264670714627,0.1073788118992306
21871,0.7444660077683277,0.1040107017730944,0.08212574460053745,0.0693975458580405
21872,0.05185357920434362,0.5109807653437561,0.3799647498123287,0.0572009056395715
21873,0.37031910528670914,0.33596874259270004,0.25965451957759306,0.03405763254299776
21874,0.1286962865923714,0.656999874557887,0.1514257354733295,0.06287810337641209
21875,0.3660864514846002,0.4515455401468884,0.0906448953789516,0.09172311298955986
21876,0.6887970809557566,0.1357971657924929,0.1272524194006211,0.04815333385112934
21877,0.09742079739910714,0.5742134167139571,0.18548874812135052,0.14287703776558522
21878,0.4414741432822872,0.4780525818543807,0.05758085521960227,0.02289241964372977
21879,0.36792580343720704,0.400627669383348,0.106991408967614,0.12445511821183101
21880,0.4740013813209331,0.14987190107093634,0.32986967974321,0.04625703786492059
21881,0.17832770653038027,0.38062021525667566,0.31178799099985804,0.12926408721308597
21882,0.2975589623624019,0.22201755415974708,0.3451223399380181,0.1353011435398329
21883,0.09733613205656148,0.4284034393109671,0.3346904335698471,0.13956999506262438
21884,0.21918480913996044,0.6422836874549143,0.06363953397755755,0.07489196942756775
21885,0.14644413248093166,0.6128222634331335,0.11571547625621664,0.12501812782971822
21886,0.38848718554791134,0.3210543466547542,0.1540765291884675,0.13638193860886694
21887,0.2970311628616954,0.10005773863000314,0.5099249297252394,0.09298616878306207
21888,0.08107784228213956,0.45912991628012234,0.4070193338396439,0.052772907598094144
21889,0.1058803053797986,0.19161624272385025,0.24838577468859524,0.454117677207756
21890,0.18819121250599963,0.1437691355212096,0.20785374374471052,0.4601859082280803
21891,0.4753257168632214,0.04034294004585187,0.3166235045314115,0.16770783855951524
21892,0.09092818813381677,0.26730142674599205,0.08807512657485413,0.5536952585453372
21893,0.09921616447244727,0.32626987010748676,0.08845185675990647,0.4860621086601596
21894,0.11846191568972934,0.06557405137084531,0.22535689494083977,0.5906071379985856
21895,0.04011920556487099,0.048621762303708946,0.7732154799877647,0.13804355214365535
21896,0.28717965739010953,0.12533968946312543,0.36367930303227275,0.22380135011449237
21897,0.2156534058562489,0.287123527276915,0.29246616847773776,0.20475689838909847
21898,0.13123508414241533,0.23640479038921727,0.3443333721801092,0.28802675328825816
21899,0.153557042605195,0.09006793701422645,0.6263929886284325,0.1299820317521461
21900,0.10004443171111357,0.07302816548447016,0.11145531951322009,0.7154720832911963
21901,0.1907958340671588,0.5756776330386428,0.04895666776366741,0.18456986513053097
21902,0.059072941479973065,0.11215699596926333,0.5874480307969048,0.2413220317538588
21903,0.058018929932945225,0.09046245276105079,0.5980551958182628,0.2534634214877412
21904,0.22470228524154576,0.06089875131873707,0.2402776270817652,0.47412133635795195
21905,0.05305303972012183,0.3787537148658572,0.3072520248589809,0.2609412205550401
21906,0.11346347037335143,0.21791931709528636,0.08912130393096411,0.5794959086003981
21907,0.0757914894532714,0.25074824362491244,0.1665578111723293,0.5069024557494869
21908,0.38313574606064293,0.17750081848693602,0.2821035523660284,0.15725988308639263
21909,0.32022960164978753,0.09717159574143977,0.4041056664090968,0.17849313619967586
21910,0.487117812600271,0.17868489043947744,0.18572201124621304,0.14847528571403856
21911,0.1881309392382323,0.6112106266910018,0.13623639566721896,0.06442203840354704
21912,0.20166659426699746,0.566649535446389,0.07955242130174082,0.1521314489848727
21913,0.18368365447504822,0.49712113179047585,0.15677472205086687,0.16242049168360898
21914,0.16262695326087118,0.1897926999711735,0.3090752262979539,0.3385051204700014
21915,0.31391376127627596,0.09962218982457287,0.42075916053307383,0.16570488836607736
21916,0.10478227877471515,0.16527973558223416,0.37977894046079025,0.35015904518226043
21917,0.2067613315150826,0.18754950343646448,0.32309295765943374,0.28259620738901914
21918,0.08680236813446585,0.10039072416228964,0.7524692387346414,0.060337668968603146
21919,0.19676774972571456,0.09253624242293265,0.646407435461692,0.06428857238966076
21920,0.25066366631555465,0.26015849189895013,0.25541317659303214,0.23376466519246306
21921,0.17249419103072458,0.5336073015645783,0.17884200366075506,0.11505650374394209
21922,0.4566583062610091,0.27736884459977856,0.13066543360645888,0.13530741553275338
21923,0.24346970744974092,0.13044918240856404,0.34009523049475293,0.28598587964694194
21924,0.2794869539677511,0.11309090996351688,0.35768982334949406,0.2497323127192379
21925,0.4321919256305857,0.17925571946368382,0.28459676153499736,0.10395559337073312
21926,0.4923143111712773,0.11133434118484348,0.1748634417969693,0.22148790584690992
21927,0.08359452619003332,0.11089373868518494,0.4199916652823137,0.38552006984246795
21928,0.09679717083854525,0.4536250632204278,0.0507169506954945,0.3988608152455325
21929,0.04370758366045408,0.043127022876732556,0.06921785244354359,0.8439475410192697
21930,0.01869721099061709,0.17934777460943163,0.13595362587026286,0.6660013885296885
21931,0.11699538382334075,0.19095814870218591,0.04009656246553044,0.6519499050089428
21932,0.066110213038296,0.03471257540067616,0.3914895004308555,0.5076877111301723
21933,0.05344112040904383,0.316959257033461,0.04391888805434677,0.5856807345031484
21934,0.07213162378306762,0.20236813258062797,0.132921276803181,0.5925789668331234
21935,0.08679646985388526,0.11066446437305241,0.07681369525665949,0.7257253705164028
21936,0.1385985690457744,0.14035264406722503,0.08709027090818998,0.6339585159788106
21937,0.055065746475429785,0.11854668335730742,0.3737699322612464,0.45261763790601633
21938,0.020254489294728697,0.2628381615748994,0.11089357004649404,0.6060137790838778
21939,0.045469395520382455,0.18045580819704674,0.05554604113426347,0.7185287551483074
21940,0.2729500181984228,0.15284548164480607,0.07800308960837196,0.4962014105483993
21941,0.05521185352535013,0.03218926946831914,0.13632818577369957,0.7762706912326311
21942,0.11945432182126414,0.49508894347228183,0.09898443420373364,0.28647230050272043
21943,0.04374638872744974,0.1916536387707178,0.040669071037237596,0.7239309014645948
21944,0.05985546920309562,0.2188461691022949,0.26063473670621307,0.4606636249883963
21945,0.0645698140020612,0.1788990544766977,0.048308694379277664,0.7082224371419634
21946,0.42389740956311106,0.1877190208225238,0.09008328339259357,0.29830028622177157
21947,0.4709510408668082,0.19499450127468507,0.09555692317454031,0.2384975346839664
21948,0.0978028233226491,0.45008830053852233,0.21975598064175678,0.23235289549707183
21949,0.12120285751537418,0.32475920610418774,0.11475869344534823,0.4392792429350898
21950,0.1101175825942904,0.4339660449582804,0.06583947873082026,0.39007689371660886
21951,0.10767719748604779,0.2236486305138408,0.2805168078979782,0.38815736410213314
21952,0.34026192885060647,0.09382620139129758,0.08167985461686475,0.48423201514123115
21953,0.3484360448987609,0.28337895911400246,0.057534544478121,0.31065045150911563
21954,0.19696594604533252,0.11207902053364166,0.11965150098582532,0.5713035324352006
21955,0.3973198600365055,0.11655014164348514,0.18723482447366507,0.2988951738463443
21956,0.06472528643796956,0.13186841340308036,0.14231453434758837,0.6610917658113618
21957,0.3727541616750899,0.15945457747384484,0.20112992409307742,0.2666613367579879
21958,0.04023987135412001,0.6366557011260403,0.15104385846647453,0.17206056905336514
21959,0.09549302039606028,0.15381277339579985,0.10011583649988033,0.6505783697082596
21960,0.1645358038507111,0.47099009627373706,0.05530534335455975,0.3091687565209921
21961,0.17079470642070105,0.22260811605220063,0.2945846576529819,0.31201251987411627
21962,0.5911439607819898,0.17764540017439684,0.08362438465656102,0.14758625438705228
21963,0.09625444327168427,0.43188352945501807,0.3251779541799471,0.1466840730933506
21964,0.16745384926145182,0.05976922231623183,0.6082818478999514,0.164495080522365
21965,0.093911975367413,0.1286279232237894,0.3603783177685681,0.41708178364022946
21966,0.09624310432951412,0.06708217225002991,0.40229574430613035,0.4343789791143256
21967,0.47915796995982274,0.045249745867319086,0.242826632334339,0.23276565183851913
21968,0.23382390294123467,0.46516220942890696,0.07289965998802396,0.2281142276418344
21969,0.044122239112800825,0.210592304362073,0.1885868330152467,0.5566986235098795
21970,0.18668982453965624,0.18900409364276216,0.11269370641759997,0.5116123753999817
21971,0.22937155847351326,0.2780483547007189,0.3750378109427134,0.11754227588305437
21972,0.38465243544374095,0.1725320860617141,0.15422848461263708,0.2885869938819078
21973,0.43360902046345656,0.2216702483436289,0.04740812495253311,0.2973126062403814
21974,0.4467339201939312,0.21611913104329883,0.07189811120182936,0.26524883756094064
21975,0.03947172749422861,0.15529882295284952,0.3068636167865192,0.49836583276640273
21976,0.32475928886939864,0.3417582417104308,0.25976025082042736,0.07372221859974332
21977,0.16295343770889759,0.37623614593986227,0.20294045011089215,0.25786996624034797
21978,0.25789780759889924,0.06420417948209464,0.259206309774675,0.418691703144331
21979,0.29925358431227667,0.22949811528442382,0.06900551872044988,0.40224278168284955
21980,0.08233247229246064,0.5590269631746255,0.1206623694166341,0.23797819511627968
21981,0.1500270348487108,0.44565544881159025,0.2116881228744449,0.19262939346525404
21982,0.17464573614667445,0.24014768619865218,0.20828930594603065,0.37691727170864275
21983,0.06495251552864861,0.09482844458377677,0.2957906687153004,0.5444283711722743
21984,0.13061904438685956,0.24425032157015775,0.22212156559624088,0.4030090684467418
21985,0.0677583143591808,0.5759009029987183,0.12431017161334199,0.23203061102875888
21986,0.11971050077580142,0.12025721992270598,0.6271635411115589,0.13286873818993367
21987,0.08288783110681114,0.3000403132237574,0.2364401127282617,0.38063174294116975
21988,0.3451148406129956,0.19264456572672548,0.15161663569763506,0.3106239579626439
21989,0.10082357565358425,0.3012245684491589,0.3056209682037886,0.2923308876934682
21990,0.05434426790661444,0.38525465786426993,0.31093105753506683,0.24947001669404875
21991,0.2625825521293099,0.23756526096619643,0.217741510749741,0.2821106761547526
21992,0.27159458713973006,0.2191784562447311,0.16282460049634256,0.3464023561191963
21993,0.15818238866240306,0.432776113041659,0.12897355393622126,0.28006794435971677
21994,0.09939064228501328,0.4190499938932219,0.4092426306579321,0.07231673316383272
21995,0.08341915746879774,0.2015169989656215,0.49926204403890834,0.21580179952667244
21996,0.34571511195120375,0.2167734342184457,0.09290273077207202,0.3446087230582786
21997,0.33368778109534186,0.14771489725508188,0.264397080515081,0.25420024113449524
21998,0.3113745581463989,0.1760077559447115,0.16506802200544363,0.3475496639034461
21999,0.0764294631931461,0.6478066026410642,0.15384257440554416,0.1219213597602455
22000,0.49166745636429,0.09118547489376709,0.2468252966335732,0.1703217721083696
22001,0.14171093328981216,0.499283528385555,0.2609480912426812,0.09805744708195167
22002,0.19634059977158028,0.4244505811514741,0.10961766517587661,0.269591153901069
22003,0.07692933210471171,0.21488052797445328,0.5076070300664525,0.2005831098543825
22004,0.6192164176908448,0.11494863810554795,0.09069531374421756,0.17513963045938963
22005,0.24006056487987143,0.07332011119864072,0.2570441651692142,0.42957515875227364
22006,0.08272881789120988,0.2421099836335464,0.16326421492715443,0.5118969835480894
22007,0.21373808094554847,0.41580544398078656,0.15195027317833862,0.21850620189532632
22008,0.05878925034284607,0.14965498175698105,0.501873077323137,0.28968269057703583
22009,0.3672852931613307,0.16757452657509198,0.17261479074629027,0.29252538951728696
22010,0.12479479553783825,0.4763537275236629,0.06448016096861284,0.3343713159698861
22011,0.09711663895142991,0.30221162486552855,0.24765807097357304,0.3530136652094684
22012,0.25656040171234434,0.14095157682733928,0.15022499126121713,0.45226303019909925
22013,0.30320970535206127,0.08239550196775364,0.37185766159459605,0.2425371310855891
22014,0.11797671276230155,0.11276028695550672,0.6287786440840625,0.1404843561981292
22015,0.10245322344306948,0.08232312151437597,0.3406942251742316,0.47452942986832297
22016,0.06529660807550457,0.39897668134822495,0.06818640838978886,0.4675403021864815
22017,0.07081169502113663,0.716037867200174,0.056888228105078,0.15626220967361132
22018,0.23781231074674739,0.18468057902850943,0.3426113376065726,0.23489577261817063
22019,0.20591228032084616,0.12321903694886227,0.26064491059393435,0.4102237721363571
22020,0.20708251146305795,0.14514690722742393,0.2719361619567631,0.37583441935275497
22021,0.05813368569553731,0.3027841289706419,0.3013767047372635,0.3377054805965573
22022,0.5460781154082354,0.06474100158864982,0.15899265014969521,0.23018823285341952
22023,0.33857215962133824,0.0615586066849768,0.32705095891828523,0.27281827477539977
22024,0.2143315386945274,0.05969084138250742,0.09659053942748634,0.6293870804954789
22025,0.3534540731218236,0.19759394186693885,0.06896537486395812,0.3799866101472794
22026,0.6131776129145332,0.09812863066766231,0.040430494312883265,0.2482632621049212
22027,0.2566795770467826,0.19821589519172877,0.08961245444725015,0.45549207331423847
22028,0.33847322405055547,0.10661458574100975,0.043896125956664284,0.5110160642517705
22029,0.07342754518970032,0.10008820663111437,0.0587416497797681,0.7677425983994172
22030,0.4402029326578407,0.04866189603551071,0.35182121544907896,0.15931395585756958
22031,0.19314763640632412,0.17455426178314895,0.08063652378291125,0.5516615780276156
22032,0.09052163981349687,0.1937068742566013,0.07019387857101464,0.6455776073588873
22033,0.045006534411779375,0.09588405553990242,0.7064660448460991,0.1526433652022191
22034,0.6299367019711555,0.09941320551346605,0.07801329707969776,0.19263679543568074
22035,0.1680445723149247,0.13956999216160237,0.09382695012134301,0.59855848540213
22036,0.4403194408462466,0.18934942015270906,0.08577688650476699,0.2845542524962774
22037,0.14651403201891922,0.17875806431790892,0.04746835790572555,0.6272595457574464
22038,0.1538496258241656,0.25759220220237866,0.057878051566230944,0.5306801204072248
22039,0.3473710188390063,0.33484298818664043,0.03171791684503996,0.2860680761293133
22040,0.14501818237839967,0.36237589409057436,0.1351129827139344,0.35749294081709165
22041,0.15415756631130523,0.08733653695708124,0.485524798556884,0.27298109817472954
22042,0.20972615486193008,0.1653859965228046,0.2988358636112045,0.32605198500406085
22043,0.1683124938965632,0.4622158583334888,0.1146525491388026,0.2548190986311453
22044,0.06500969969103274,0.1435984241822154,0.2705067903394481,0.5208850857873037
22045,0.07514206256914467,0.3483475303959016,0.1414761358053422,0.43503427122961147
22046,0.14925079148190687,0.21942870317595276,0.262314894136494,0.36900561120564646
22047,0.17438340425216836,0.3767645620772195,0.07877168057817631,0.3700803530924358
22048,0.14101446521295136,0.6654466414250957,0.06463788276281485,0.12890101059913803
22049,0.1321008444695074,0.5290285243654687,0.06777913855352888,0.2710914926114951
22050,0.23039731776507932,0.31553694613846917,0.3816023169257649,0.07246341917068656
22051,0.05078210360429661,0.089100656246718,0.6432331988322167,0.21688404131676864
22052,0.1873473302677428,0.33610843387185046,0.20957692082142856,0.2669673150389783
22053,0.04813826856541385,0.655152228208892,0.1717380203178627,0.12497148290783155
22054,0.10455359153742895,0.09162669825500047,0.664504710896519,0.1393149993110517
22055,0.20073578952852572,0.12701650951988144,0.49857699355545987,0.17367070739613297
22056,0.21535065085424948,0.08158319079219979,0.5517043859446289,0.15136177240892187
22057,0.27686278838046824,0.14213314377809907,0.20730091074733947,0.37370315709409324
22058,0.25923039910659124,0.5003785540284837,0.13835227665909555,0.10203877020582959
22059,0.19041456559684794,0.44703399382210285,0.09502443175798245,0.2675270088230668
22060,0.1905429955068088,0.23966378085564616,0.07313414016172713,0.4966590834758179
22061,0.0979779587186518,0.16954441108450974,0.38912484292880356,0.343352787268035
22062,0.1139465924559018,0.2506917268258655,0.4573877117677063,0.17797396895052645
22063,0.024482311431984954,0.6501195478657305,0.19832112408055305,0.1270770166217315
22064,0.4119496047467136,0.22447692051752297,0.14295286927253695,0.22062060546322657
22065,0.1318218380250917,0.18918425434768965,0.3586432279366446,0.32035067969057407
22066,0.3750532928163756,0.15839291808508807,0.12133682985064856,0.3452169592478877
22067,0.34053712824254084,0.23222596408353832,0.046561139755116845,0.3806757679188041
22068,0.16160006037778535,0.7186066662207262,0.026055488567479343,0.093737784834009
22069,0.06216621725512844,0.4755622711440404,0.08813557840666268,0.37413593319416844
22070,0.4000031782167394,0.0649525142215258,0.11997784209377929,0.4150664654679555
22071,0.33080210089285367,0.18241536246630966,0.10686695083182587,0.37991558580901086
22072,0.03581970157270853,0.5914123278443161,0.29082721969370307,0.08194075088927234
22073,0.16931282065103673,0.1499869393080656,0.23385090983672618,0.44684933020417145
22074,0.05792087653110117,0.6954964456551329,0.1124130617365423,0.1341696160772237
22075,0.10970742266695979,0.2487550567488865,0.19653288743264297,0.44500463315151073
22076,0.6247496063636526,0.15289703040111646,0.08209343331294036,0.1402599299222905
22077,0.2140145544443963,0.09330212399043356,0.07974221810494908,0.6129411034602211
22078,0.3573877609810262,0.15885898897590295,0.10376226110329191,0.37999098893977895
22079,0.32965631101409704,0.03381906754827497,0.07083673373463503,0.5656878877029929
22080,0.10041180890692478,0.07199254718266214,0.4479839151151596,0.37961172879525346
22081,0.09561057345602367,0.5030486828948992,0.13548793026162337,0.2658528133874537
22082,0.5672874229780588,0.12130166034359006,0.08792152625089716,0.223489390427454
22083,0.034333509109900615,0.47260294890113064,0.1719384375165822,0.3211251044723866
22084,0.12645168828188955,0.09981560382146709,0.04953321416442664,0.7241994937322167
22085,0.24556234131616572,0.09198524462546862,0.1405226739542386,0.5219297401041272
22086,0.05563372016043851,0.30773497233609143,0.041871747422317016,0.594759560081153
22087,0.04717416558711601,0.04295844955475685,0.3366178731098595,0.5732495117482677
22088,0.09566474237605248,0.12075486734187102,0.1090699102711836,0.674510480010893
22089,0.02349358025411249,0.48547374584003067,0.1857021524830203,0.3053305214228366
22090,0.09305916349640753,0.1539416297069885,0.20622789079896287,0.5467713159976412
22091,0.0714070657274559,0.1336208247451101,0.5513357214713425,0.24363638805609153
22092,0.5332176513655575,0.20716443265405263,0.04535445439330957,0.21426346158708026
22093,0.08317560731609387,0.11448844589587927,0.4054106111802996,0.39692533560772736
22094,0.09658137029106678,0.07788128987461747,0.2781598957692971,0.5473774440650186
22095,0.07465424772133733,0.20883782276643487,0.15540794197927232,0.5610999875329555
22096,0.14480724790189087,0.04354810917738928,0.5719003956960074,0.2397442472247125
22097,0.44301011153269176,0.0331019743298116,0.09210548764782478,0.43178242648967186
22098,0.2577621059539445,0.0568065118662336,0.5684789060366994,0.11695247614312257
22099,0.08617928140783081,0.2938937476858121,0.16319463949927843,0.4567323314070786
22100,0.08641600179653246,0.20113662911589494,0.5647134822400688,0.1477338868475038
22101,0.42429522262904146,0.21293888881624767,0.12936357839970392,0.23340231015500695
22102,0.09730379986792297,0.3490391979389469,0.12868836269540046,0.42496863949772973
22103,0.28651313241746734,0.29800291786037897,0.16160201211272432,0.2538819376094293
22104,0.3239196189638906,0.3692508415816626,0.09463746129040355,0.2121920781640433
22105,0.05351420665116122,0.3301075322740883,0.2175676943846651,0.39881056669008536
22106,0.6879432990980933,0.13674513806706642,0.036762285953615456,0.1385492768812249
22107,0.14205867049468254,0.10301767140461594,0.5482829873895098,0.20664067071119174
22108,0.2977810437210529,0.13191130342214547,0.24247372148587915,0.3278339313709224
22109,0.23707796740062148,0.41563909147271655,0.14886619150892388,0.19841674961773806
22110,0.10473836618980752,0.10684537628220299,0.16560958827376365,0.6228066692542258
22111,0.4008447865263729,0.16613154465496444,0.12757498073733312,0.30544868808132963
22112,0.048119927893796495,0.2609585483999362,0.47524801107019454,0.21567351263607276
22113,0.0865521653998551,0.4731580240913707,0.19141768260948694,0.2488721278992873
22114,0.26563143621405366,0.11655736078493698,0.17106992184386371,0.44674128115714556
22115,0.18322915692784333,0.13973899005114046,0.08745673754731391,0.5895751154737022
22116,0.08367648772967562,0.23510398041170052,0.45178288522536714,0.2294366466332567
22117,0.20534086993204567,0.1343731654241704,0.5116693349263283,0.1486166297174557
22118,0.7243703549443412,0.06126756021627726,0.06330064331395442,0.15106144152542705
22119,0.08956971775714191,0.557276888990542,0.08061920396305629,0.2725341892892597
22120,0.12356958609663952,0.06531791531813684,0.5189106429536191,0.2922018556316045
22121,0.08446600132352627,0.25147820002845706,0.15497777585170158,0.5090780227963151
22122,0.10289707148268445,0.26640506995502156,0.5116219104934334,0.11907594806886045
22123,0.10127816501436082,0.4583394427745329,0.21224003200438057,0.22814236020672574
22124,0.05912910241436431,0.3738684903158142,0.2299796837358419,0.33702272353397955
22125,0.28122088588390215,0.10895748804445127,0.16106733049274263,0.44875429557890406
22126,0.21967686008603549,0.14586962102784606,0.26585943429375014,0.3685940845923683
22127,0.5379751313114671,0.14189538908130908,0.1340711342220382,0.18605834538518562
22128,0.3256115495956797,0.242772241899225,0.2446267527130181,0.18698945579207712
22129,0.08402590806035988,0.11982264767749318,0.13986788425337168,0.6562835600087753
22130,0.05501126293183592,0.3069628551361453,0.48241581671586065,0.15561006521615814
22131,0.6736729378961512,0.06560098994183598,0.12847522510998,0.13225084705203283
22132,0.08549376261028915,0.26994605725069903,0.34706119773146715,0.2974989824075447
22133,0.04362026447990918,0.07732711774574065,0.653225226507584,0.22582739126676618
22134,0.3010426983694551,0.15414549173195904,0.20322959473701002,0.34158221516157583
22135,0.6542566182451679,0.05467228475976373,0.050848367677685344,0.24022272931738298
22136,0.21937838535570753,0.1324175359310699,0.05997802119300596,0.5882260575202166
22137,0.2366018304365892,0.08897456289389133,0.16323221222228404,0.5111913944472354
22138,0.24773325680291688,0.17593083976599935,0.11341703751241095,0.46291886591867293
22139,0.11154853509139896,0.3367115100694411,0.14578477487095767,0.4059551799682023
22140,0.04181375909386614,0.047233280047173226,0.3300652355380033,0.5808877253209573
22141,0.038473098780754056,0.2287735860352702,0.1638851446891547,0.5688681704948212
22142,0.1785643727872019,0.0731545183678979,0.5572479756100708,0.19103313323482926
22143,0.19417547677101965,0.13602189238716525,0.2551604395702817,0.4146421912715334
22144,0.03267651983682703,0.24646552748752815,0.5059384011062461,0.21491955156939874
22145,0.12334661297272276,0.13996159895860638,0.21008147383056575,0.5266103142381051
22146,0.22371571368688886,0.049632412677859776,0.2865767616472752,0.44007511198797616
22147,0.3460313254479709,0.058316914841818994,0.1478154100016785,0.4478363497085316
22148,0.27436114134171546,0.09200496930521951,0.10124074970855819,0.5323931396445069
22149,0.061960647519995235,0.2536720870340994,0.02921361352009349,0.6551536519258119
22150,0.09341720546651461,0.09601767066007283,0.5679633335476594,0.2426017903257533
22151,0.16930181472114272,0.040797067829175575,0.2757640778503406,0.5141370395993412
22152,0.14052324471802527,0.0745214929004687,0.05182729598753802,0.733127966393968
22153,0.04046873919207759,0.30731940487056864,0.43302911941103783,0.21918273652631592
22154,0.10046671771353359,0.3334326224393959,0.1359530455080538,0.4301476143390167
22155,0.10425912807433299,0.22317516754109745,0.2951451318172739,0.37742057256729566
22156,0.03898230521155901,0.3578550086848553,0.0599387931524385,0.5432238929511471
22157,0.0945402217184693,0.2555274564765013,0.33540048179080983,0.3145318400142195
22158,0.0616059098838143,0.26416087961499246,0.08298247329726637,0.5912507372039268
22159,0.1029457377816382,0.19172715130565027,0.42960535195850696,0.2757217589542046
22160,0.10832712873819925,0.1823480698943813,0.0679280463167648,0.6413967550506546
22161,0.03828350729807653,0.27388670567085244,0.09414497649201234,0.5936848105390587
22162,0.08838287840827952,0.21861548865371955,0.21149548860245918,0.48150614433554173
22163,0.33257891945871837,0.0711596277687424,0.04577791760386018,0.5504835351686791
22164,0.03800030790782084,0.04973432317477077,0.4478760188678766,0.46438935004953186
22165,0.047921889283779294,0.32837034207249266,0.12672302264555507,0.4969847459981729
22166,0.38959277424231953,0.4306934952052227,0.057513399237937385,0.12220033131452034
22167,0.2441610191071223,0.252193435022081,0.19985926422125247,0.3037862816495443
22168,0.14049544230780228,0.12267806638154281,0.2762387107391353,0.4605877805715196
22169,0.22215298615590873,0.053044505298800136,0.16889488439721778,0.5559076241480734
22170,0.07083880904105264,0.211356941255908,0.49836531076216356,0.21943893894087582
22171,0.09982276950769156,0.2344690132566152,0.25913779742632453,0.40657041980936875
22172,0.052595667613077664,0.10873121264104539,0.06954492261131329,0.7691281971345636
22173,0.11344897841248552,0.4659813675323224,0.05539904464933757,0.3651706094058545
22174,0.493150046917544,0.13209914747046045,0.06371238484547424,0.3110384207665213
22175,0.10041775632045417,0.35219694357722725,0.14935079847553318,0.39803450162678544
22176,0.22645684974498734,0.10642206084042552,0.2588983834885698,0.4082227059260173
22177,0.12667737943035215,0.08702497545556352,0.13149692623541995,0.6548007188786644
22178,0.24946613899903625,0.3343711700774554,0.09886046400211153,0.31730222692139676
22179,0.05665195497367119,0.3105886478323624,0.054573368570209564,0.5781860286237569
22180,0.2166621190420239,0.10986822585305711,0.4884537330641327,0.18501592204078635
22181,0.10594880553269512,0.573803168510548,0.07229452711672253,0.24795349884003434
22182,0.31661495415349517,0.09780758526463217,0.26010303986707356,0.325474420714799
22183,0.19433334065294602,0.4306801439844086,0.0972345651445203,0.27775195021812504
22184,0.2884560685754509,0.07129053749628284,0.09146692034278604,0.5487864735854803
22185,0.1660834120564562,0.27458938178139136,0.060070652390381646,0.4992565537717708
22186,0.06553117980432219,0.41425703368477723,0.10541157998867412,0.41480020652222643
22187,0.09496339486300251,0.2407922489163035,0.061336815338781894,0.6029075408819121
22188,0.20609962467408502,0.15934441096400642,0.34418822949601985,0.29036773486588874
22189,0.21864471759084766,0.04834738274177227,0.38856829103396834,0.34443960863341166
22190,0.07314668481148867,0.44863350883371866,0.12806639530512137,0.35015341104967124
22191,0.227437749485482,0.12662487902524672,0.4644623415575225,0.18147502993174885
22192,0.11570217279345145,0.17034397102143273,0.19002413354965492,0.5239297226354609
22193,0.08752116903934705,0.1737051924182121,0.06638322089842531,0.6723904176440155
22194,0.25543964748348547,0.24296039036666847,0.03920592908653621,0.46239403306330984
22195,0.31657081890367844,0.4527051328987803,0.1559498890711948,0.07477415912634641
22196,0.27770403270622224,0.03710057660223358,0.07626252039827178,0.6089328702932724
22197,0.09719982832915806,0.355418368543684,0.060497862178900214,0.4868839409482577
22198,0.08505913274865513,0.05875970478440283,0.08057356861576535,0.7756075938511767
22199,0.6940821620265278,0.06208750585663902,0.05623829084060133,0.18759204127623177
22200,0.43131994919984246,0.06391940683365882,0.1252396356748782,0.3795210082916205
22201,0.21961755801871272,0.408707633468457,0.18042795107588422,0.19124685743694597
22202,0.5630759993120398,0.20505998716215504,0.04652408100052461,0.18533993252528067
22203,0.4891941548717163,0.2505272188788801,0.06995955040653767,0.19031907584286592
22204,0.15129972911347367,0.2210765716984759,0.036612785014385335,0.591010914173665
22205,0.3025267601645161,0.20633201486730832,0.20129354340568228,0.28984768156249324
22206,0.07202508076242416,0.16343954000839353,0.420454097992014,0.3440812812371683
22207,0.08491814630504511,0.04486961798643561,0.3623190583954564,0.5078931773130629
22208,0.2210674458890112,0.4381879262868714,0.07276052681706684,0.26798410100705045
22209,0.13594045009927344,0.07856698745467766,0.05277045528263006,0.7327221071634189
22210,0.09946101414989911,0.16979611831111227,0.17588843782785119,0.5548544297111374
22211,0.1419240610399333,0.22561456732920404,0.04903683125759413,0.5834245403732684
22212,0.034176038043991885,0.3281644031468739,0.2948181759125862,0.34284138289654803
22213,0.09096766886997788,0.2508711920084974,0.10878478604478417,0.5493763530767406
22214,0.047279559815925284,0.20420297837355345,0.3210848467086593,0.427432615101862
22215,0.06956665375263157,0.10979272858532282,0.6260478966178118,0.19459272104423384
22216,0.41400269065158846,0.14951510199538956,0.07516464853934365,0.3613175588136784
22217,0.09402238289521622,0.10498181267837296,0.48869230864674135,0.3123034957796695
22218,0.09821919492553159,0.3190223271021372,0.04609000635805943,0.5366684716142717
22219,0.29469357576194544,0.07485767297452413,0.1020570570358511,0.5283916942276793
22220,0.653149118976549,0.04634576447626207,0.06688284012893576,0.2336222764182531
22221,0.06341739753843854,0.1792459867335749,0.07740548816570307,0.6799311275622835
22222,0.6147935449083228,0.12448891432459025,0.04860385881562878,0.21211368195145816
22223,0.1834668150384206,0.3236733706981984,0.051046374657576804,0.44181343960580405
22224,0.17453714378556198,0.12209595453970684,0.1615802118312025,0.5417866898435286
22225,0.5623915439078336,0.19559434939921044,0.10460409200779051,0.13741001468516534
22226,0.11900975297464306,0.0689845302068772,0.5377249657182382,0.2742807511002416
22227,0.45467282577770474,0.20667679104985384,0.1855021655240387,0.15314821764840272
22228,0.030485700426925794,0.5821839522127698,0.11101743078514378,0.27631291657516066
22229,0.19015152872508373,0.3428759312895638,0.08747473257046323,0.3794978074148893
22230,0.14629656577758846,0.09978799861417452,0.5638399628072678,0.1900754728009693
22231,0.5638402910254899,0.17014802357994824,0.11655166402546212,0.14946002136909975
22232,0.3004427133341643,0.21759084441605325,0.06673568064557046,0.4152307616042121
22233,0.1068484903407944,0.10485906674579491,0.22666788157125492,0.5616245613421558
22234,0.21511012099710142,0.3863079958450355,0.06683837857401644,0.3317435045838467
22235,0.20101062949355353,0.10581881028951412,0.1123105831130628,0.5808599771038695
22236,0.6167861612682976,0.13052320928856176,0.06492010076206195,0.18777052868107877
22237,0.2648474969055762,0.08161517132605604,0.26122224263112503,0.3923150891372428
22238,0.0461208415907621,0.1807427677585246,0.3823500145603268,0.39078637609038647
22239,0.12544715937310083,0.46100968171739665,0.16976108351774444,0.24378207539175806
22240,0.13551313288689187,0.2162264914594052,0.23593689719264344,0.4123234784610595
22241,0.2515264191480456,0.1655589385512119,0.11802088717055281,0.46489375513018966
22242,0.43698541507115773,0.20090103376023172,0.04940539235135313,0.3127081588172574
22243,0.050198482382411445,0.6101458157023771,0.05003111627906566,0.2896245856361457
22244,0.1535389714043021,0.5692928266281805,0.13279453828896265,0.14437366367855478
22245,0.4053446110437613,0.08471622807667992,0.07652592124588753,0.43341323963367123
22246,0.1372176952839806,0.4503442690197526,0.10674810497897516,0.3056899307172916
22247,0.09445590586788745,0.09244409611786991,0.5539446838779789,0.25915531413626375
22248,0.4111888952543379,0.1322128971387101,0.3319715675585067,0.12462664004844531
22249,0.07370931329260609,0.15374005259513765,0.25789302391625224,0.514657610196004
22250,0.4707859925190297,0.06165342209690778,0.1843348962403946,0.2832256891436679
22251,0.13315620238164683,0.13344582101932378,0.39069460238530596,0.3427033742137234
22252,0.1480289426042441,0.07185427884971161,0.491751793453471,0.28836498509257324
22253,0.1608363699893099,0.4589539802331539,0.06324443090873227,0.3169652188688039
22254,0.07011800983178833,0.15609651617228112,0.3888884209041232,0.38489705309180733
22255,0.09479930225105235,0.06309125832678264,0.4074317959376061,0.434677643484559
22256,0.2927455100026171,0.060634000767404404,0.22502201414967257,0.4215984750803059
22257,0.5067194144691596,0.08603508458151908,0.2102115658570573,0.19703393509226402
22258,0.10284718035231445,0.4441343350490579,0.19618204816828158,0.25683643643034604
22259,0.2253616844878772,0.1263030316724858,0.19999505833732056,0.44834022550231645
22260,0.06347370875165886,0.07433991185475654,0.38568093675597825,0.47650544263760636
22261,0.22583667891152412,0.12565009735847135,0.3300652098200394,0.31844801390996513
22262,0.3783955179433968,0.246016148953814,0.13618900495491598,0.23939932814787318
22263,0.1424832964671308,0.3747488368171314,0.07133781883199992,0.41143004788373794
22264,0.38533897320533,0.2366575027963659,0.11198305647402934,0.2660204675242748
22265,0.24377207093539063,0.14767834023113857,0.4376674056072336,0.17088218322623722
22266,0.16283688848575362,0.07078824213187836,0.3228880936376154,0.44348677574475265
22267,0.06849857763923098,0.05507323944137045,0.5101888138215339,0.36623936909786464
22268,0.29570308619948577,0.19245618167370368,0.1572098042530988,0.35463092787371164
22269,0.17387366440881782,0.6491270190791582,0.04058783122915675,0.13641148528286734
22270,0.08833096746544955,0.1929349076326227,0.29257867601733206,0.42615544888459567
22271,0.12759842641016542,0.30512897616487333,0.31124789511883955,0.25602470230612173
22272,0.16664779436942057,0.4166463991528206,0.09780069972601384,0.31890510675174505
22273,0.2091666507205048,0.23746443322624686,0.15285995692287563,0.4005089591303727
22274,0.17075911457413492,0.4329783490198751,0.06734725879004734,0.32891527761594264
22275,0.1200393480037722,0.39858710303369643,0.15597560359613627,0.3253979453663951
22276,0.05469535482170811,0.14844319769063588,0.3770211739889795,0.4198402734986764
22277,0.24064198963967326,0.1519417511716974,0.4648929777267799,0.14252328146184942
22278,0.1044612602874335,0.3174359447519047,0.24897019781263371,0.3291325971480281
22279,0.35062308058529423,0.19666888135833546,0.11292736805537691,0.33978067000099343
22280,0.2399454360510042,0.09163955551072935,0.22861809744599101,0.4397969109922754
22281,0.6217925367404128,0.06894679030394599,0.11588246104961832,0.19337821190602278
22282,0.06976890029928938,0.3358468320619738,0.46650654672619424,0.1278777209125426
22283,0.09531759508933572,0.20260206949588974,0.17160399906637633,0.5304763363483982
22284,0.3214586681781505,0.11354139039130101,0.38586370818787485,0.1791362332426737
22285,0.0678345979453536,0.32156044775770026,0.14451767898684412,0.466087275310102
22286,0.13789140481834403,0.06331866548163222,0.43676147251472774,0.36202845718529597
22287,0.29560255370228644,0.2251192776520064,0.09309205327530232,0.3861861153704048
22288,0.43812882477485415,0.15603491667194366,0.17717690318220394,0.22865935537099824
22289,0.1506315708346163,0.44302592097376714,0.251583815567532,0.1547586926240846
22290,0.466591474206181,0.08064261323005362,0.36492338606360786,0.08784252650015749
22291,0.6443077387360986,0.081550351115597,0.14068625912392,0.13345565102438453
22292,0.3159134982462544,0.23028939803518408,0.23212930111759725,0.22166780260096433
22293,0.2075163485761564,0.47751117322680836,0.11965365885484282,0.19531881934219245
22294,0.35051069588369976,0.17572634535523585,0.1796360739011589,0.2941268848599055
22295,0.13743563818492852,0.2761942087791034,0.4495499370044938,0.13682021603147432
22296,0.3686071358259436,0.11199534594777755,0.21045001264199137,0.30894750558428746
22297,0.1872755452206262,0.23907014053555825,0.3889535616918434,0.18470075255197216
22298,0.13687073104033826,0.21276272988947315,0.5137427076696895,0.136623831400499
22299,0.07843729744169989,0.7131984990695523,0.0718802878918188,0.1364839155969289
22300,0.6220060208258414,0.22076213350352517,0.07293702701617405,0.08429481865445933
22301,0.07113660536049288,0.30499041071944466,0.5432314061831937,0.08064157773686877
22302,0.2159902522269589,0.45656488226185693,0.14959245582527209,0.1778524096859121
22303,0.4078716888257359,0.18816063674797548,0.1986200811694629,0.2053475932568258
22304,0.25513135586317304,0.442499753230912,0.07717805186605253,0.22519083903986242
22305,0.18535282608014736,0.32443056506177437,0.3502728600660579,0.1399437487920203
22306,0.19935082642476207,0.20803213614091678,0.5080870353831493,0.084530002051171907
22307,0.11609957030628153,0.3221472869334931,0.08609394264987474,0.47565920011035057
22308,0.13449072400697545,0.29108038523178087,0.2180151246826818,0.35641376607856196
22309,0.41171116833958776,0.098966451286816,0.05986425960030143,0.42945812077329476
22310,0.273218524518756,0.0834008480483394,0.23323064344339003,0.4101499839895146
22311,0.1744871465025453,0.3927429899293254,0.10491336661831789,0.32785649694981145
22312,0.5990935245173409,0.14954736674414815,0.07796131207453855,0.17339779666397245
22313,0.404409262536916,0.25377627071565895,0.096387621741722,0.24542684500570305
22314,0.30367204744429255,0.2725759726942653,0.23874611605835558,0.18500586380308665
22315,0.20194826640422556,0.2777600139822791,0.18085890031458352,0.3394328192989117
22316,0.05821264607239459,0.4338236116755189,0.14596218456933652,0.36200155768274994
22317,0.08954215823625586,0.4383995360066769,0.1713896575163464,0.3006686482407209
22318,0.1735539576348678,0.045307662001438244,0.5972240834399329,0.18391429692376102
22319,0.3159291967093479,0.2859350864472467,0.07881806529248313,0.3193176515509223
22320,0.14410831896315907,0.3417939709916662,0.3500162912088075,0.1640814188363673
22321,0.24413114493085575,0.19725662509322042,0.17182430787624237,0.3867879220996816
22322,0.07162253376670719,0.17110249388231724,0.4575163541089847,0.2997586182419909
22323,0.050724109261263896,0.31875470023915636,0.22135292485889757,0.40916826564068215
22324,0.0852710436080124,0.37950192955892426,0.3062597911145218,0.22896723571854158
22325,0.24077774235405278,0.28799666731527496,0.07911121024835674,0.3921143800823154
22326,0.4451858649545764,0.09542743529669463,0.11108521721043127,0.3483014825382976
22327,0.41466070929312326,0.12675767301940824,0.3526806283842969,0.10590098930317153
22328,0.21641692491661554,0.13578366138640913,0.26013333810062,0.3876660755963553
22329,0.2609785547144249,0.1948148026626047,0.17288407537115943,0.37132256725181095
22330,0.12880282528373968,0.12884597688150756,0.3043044453495919,0.4380467524851608
22331,0.23270245943120496,0.19526161574041428,0.07905269872581075,0.49298322610256995
22332,0.14066678939320895,0.12371824819064997,0.24667096692679008,0.488943995489351
22333,0.5889679460690336,0.045011852776963096,0.2499926456409707,0.11602755551303252
22334,0.15390136555950773,0.10358045807499311,0.37530253900372795,0.36721563736177126
22335,0.323250873984379,0.3348865290134966,0.07850557000102334,0.2633570270011011
22336,0.456053597207357,0.11639763727910936,0.16700420035845387,0.2605445651550798
22337,0.08432901798335093,0.349772710504461,0.35154374638605485,0.2143545251261333
22338,0.10107479124347256,0.1732226057225994,0.1293316827526973,0.5963709202812308
22339,0.1270187958080016,0.09884293835235743,0.570440973218212,0.20369729262142913
22340,0.0794628400976842,0.4030430581983455,0.08797967399233307,0.42951442771163717
22341,0.20263322873379014,0.11559858753011563,0.23624266463224192,0.4455255191038523
22342,0.1853419208576025,0.13132955431187152,0.49427011445256785,0.189058410377958
22343,0.13645333210727237,0.6390518059833248,0.08037179596224664,0.14412306594715624
22344,0.1396883173087871,0.2781619894917315,0.4680438459152404,0.11410584728424097
22345,0.752656375905849,0.06715307518498807,0.12083469728636552,0.05935585162279736
22346,0.5626298493109697,0.14482475192414912,0.09771172361355404,0.1948336751513271
22347,0.17490154038303862,0.3638092894342424,0.3736060531834087,0.0876831169993102
22348,0.05563877935065932,0.29696506597779565,0.6011912840571472,0.04620487061439794
22349,0.2583459684337761,0.37990839772393264,0.2974553483096264,0.06429028553266483
22350,0.30610685682737165,0.23166746110316405,0.4209843370654824,0.041241345003982
22351,0.2552246340839088,0.21461692176373817,0.4818617527381146,0.04829669141423837
22352,0.6314911415876604,0.08709822862442315,0.21853493274353006,0.06287569704438634
22353,0.16269235067696802,0.16856727089727921,0.5257306749363133,0.14300970348943953
22354,0.24333448670756427,0.42644575429848935,0.21917828371102882,0.1110414752829175
22355,0.20400871922521005,0.341301515459112,0.324360134976498,0.13032963033918002
22356,0.12521729954626137,0.11894727474693366,0.6025072239651913,0.15332820174161363
22357,0.1207272494790669,0.6389726016193811,0.16672863011422098,0.07357151878733101
22358,0.6956668771736344,0.11841639996515721,0.1379064689016775,0.048010253959531034
22359,0.23060850622989731,0.3996699693365861,0.33622671860684855,0.03349480582666797
22360,0.20016531837202076,0.5926146599340102,0.08674621596784224,0.1204738057261267
22361,0.3505193068400511,0.2785074883785543,0.18693017652908595,0.1840430282523087
22362,0.17586839141873203,0.2559435331828657,0.4394502956179866,0.12873777978041565
22363,0.08716960738168034,0.16626732012264575,0.5244484029996038,0.22211466949607003
22364,0.3426141085778378,0.2564324415550735,0.16460780156142102,0.2363456483056676
22365,0.2955217031928118,0.25493429213015745,0.2660899935868985,0.1834540110901323
22366,0.11767605874410837,0.5535717720581815,0.28268122264039,0.0460709465573201
22367,0.5017924696760468,0.1366306243791735,0.19685635244387464,0.164720553500905
22368,0.227343159406878,0.48306448546554326,0.11545794330914061,0.17413441181843808
22369,0.16482770623853127,0.624107166921297,0.1243998103715209,0.08666531646865086
22370,0.09391099827743866,0.42460906537600074,0.27823161342629565,0.2032483229202649
22371,0.4689131267168392,0.12830909587883133,0.2268084205387773,0.1759693568655521
22372,0.4777698350439825,0.33945723595721156,0.07544020134155313,0.10733272765725277
22373,0.34658261314939,0.11396389193070156,0.27143016680023624,0.2680233281196722
22374,0.29196151242419954,0.5418156461331657,0.0782016895985779,0.08802115184405693
22375,0.1404612096734022,0.6209771273101928,0.087109723299468,0.15145193971693707
22376,0.2968999537209202,0.1786107309598917,0.20972223790362896,0.3147670774155592
22377,0.334300507676702,0.33709387878833874,0.166651433559316,0.16195417997564326
22378,0.1354491898461822,0.12624467407810613,0.6788909448064715,0.05941519126924018
22379,0.3612872983287427,0.4463955261356494,0.06351345407323204,0.12880372146237581
22380,0.13384860158845607,0.28807835038695767,0.2871217137755086,0.29095133424907765
22381,0.10432017516393916,0.437261787383753,0.22784628468497944,0.2305717527673284
22382,0.10999978388952326,0.521328633275962,0.16709149965388176,0.20158008318063303
22383,0.15368907995864978,0.14469103034141523,0.3985885829078748,0.30303130679206014
22384,0.12759941752883522,0.6614209069504033,0.08327974048067893,0.12769993504008242
22385,0.4469709948272251,0.2130311478883336,0.25337176714398046,0.08662609014046084
22386,0.1735921040598814,0.5169963305235759,0.23823502193780186,0.07117654347874088
22387,0.31499270759366343,0.14723490358815378,0.22191844722745963,0.3158539415907231
22388,0.44151762539341644,0.23145860437265614,0.19331181965690183,0.13371195057702565
22389,0.19533709504375762,0.23388236566702778,0.4098456012204791,0.16093493806873554
22390,0.3071179303907868,0.2365662345418069,0.1548468503722182,0.3014689846951881
22391,0.3787095041406979,0.15143468595955695,0.205004619724884,0.26485119017486125
22392,0.25854132972895677,0.4038271181180986,0.16547508227087182,0.17215646988207278
22393,0.13723517246316308,0.14141182559532176,0.625405043047019,0.0959479588944961
22394,0.111800959245209,0.4038475791537613,0.19086968951886185,0.29348177208216797
22395,0.391926741346175,0.2861876883107345,0.20505405686426292,0.1168315134788276
22396,0.0889903876472706,0.1651356280228491,0.3237307496449958,0.42214323468488457
22397,0.452515779871615,0.28417754131217116,0.10397103779458793,0.1593356410216258
22398,0.31550335718589295,0.1760752145242633,0.34655611492448696,0.16186531336535687
22399,0.08033530510262471,0.1747883446055204,0.6575355832923245,0.0873407669995304
22400,0.07676674885522888,0.09633511888400262,0.7307247994276139,0.09617333283315456
22401,0.7057043797569534,0.075153452420809,0.08127676997217134,0.13786539785006632
22402,0.1631375535816165,0.357533681948221,0.2990158928446662,0.18031287162549628
22403,0.26979590159791306,0.2539600353535669,0.28445113695247964,0.1917929260960404
22404,0.5687251272972457,0.058302616984615044,0.31772529062172067,0.05524696509641863
22405,0.08486798474159002,0.5159036943918476,0.14044290391344144,0.25878541695312096
22406,0.1264945645772953,0.587115915215932,0.11296852188958297,0.17342099831718974
22407,0.19525836250797401,0.14940481868482267,0.3634802074186335,0.2918566113885698
22408,0.0527810566451758,0.09757491871271655,0.7888725988990186,0.06077142574308904
22409,0.33845836960556575,0.22020829528123936,0.3702513294117538,0.07108200570144114
22410,0.24382695872330673,0.4086595006288441,0.2890806535588828,0.058432887088966365
22411,0.15559455779659181,0.4076728627698182,0.34289522983052995,0.09383734960306006
22412,0.21502242224708903,0.1728352239167481,0.5616571222645799,0.050485231571583
22413,0.12964060481005132,0.1858042657091747,0.2524260364765412,0.4321290930042328
22414,0.17249061187766054,0.7284209102964584,0.049362430621638226,0.04972604720424279
22415,0.0683009299127988,0.21076108973939212,0.6377781424062002,0.08315983794160882
22416,0.04902800439020538,0.1457674115904576,0.6998857614684405,0.10531882255089661
22417,0.3174473419495391,0.12168629562465985,0.340723142291033,0.22014322013476806
22418,0.03566519058081933,0.5970065201730036,0.29395693339096357,0.07337135585521358
22419,0.12005194492366073,0.4255839272861366,0.15841393119279787,0.2959501965974048
22420,0.0651339235203837,0.5339392968842083,0.2138639560095698,0.1870628235858382
22421,0.303655435378882,0.07628742977007356,0.4877864146571437,0.13227072019390076
22422,0.09453531799863801,0.25669018206927885,0.17576260817361805,0.4730118917584649
22423,0.08703231811527357,0.18816614459560643,0.5758749045526466,0.14892663273647355
22424,0.4533908632139503,0.18362538639233875,0.12388097220846372,0.23910277818524725
22425,0.12457818686898876,0.29747564753538863,0.12268611272132181,0.4552600528743008
22426,0.3139772495340436,0.25484462056934404,0.141046153199073,0.2901319766975394
22427,0.3479198914989636,0.3163122313522311,0.10660272929260563,0.22916514785619965
22428,0.06737927299839266,0.2844272641304575,0.221583209410918,0.42661025346023185
22429,0.6975362825794361,0.11965592568576042,0.04627989197623767,0.13652789975856575
22430,0.14016596523227895,0.11226639932114738,0.5106938589407402,0.23687377650583363
22431,0.3073221182445151,0.12309976717818559,0.2043725462608522,0.3652055683164472
22432,0.23388458130717307,0.39887615957059275,0.14409386793042833,0.2231453911918059
22433,0.11915154003002529,0.11793749637802822,0.18012804289671272,0.5827829206952336
22434,0.37582828167603605,0.15726062527224063,0.118802464232738,0.3481086288189853
22435,0.06490747560728269,0.23843782503596073,0.45220917734171534,0.24444552201504116
22436,0.09382966726445366,0.44223943610960126,0.17473435069645105,0.289196545929494
22437,0.23108305081677144,0.13451808538626608,0.16635204903504913,0.46804681476191334
22438,0.1667345886699729,0.15161897232125354,0.0860426760633121,0.5956037629454615
22439,0.0829983819320088,0.23138962017516723,0.4103889076924796,0.27522309020034436
22440,0.1072648817125657,0.48322631926404397,0.15648825639763086,0.25302054262575946
22441,0.2728444537759298,0.12564748535947892,0.420757075787991,0.18075098507660017
22442,0.09300380610375172,0.33067138992329503,0.4261507494508418,0.1501740545221114
22443,0.0664897461811802,0.65800045074188,0.0891026024434491,0.18640720063349075
22444,0.28406296742786913,0.20548064195515942,0.3094350874769018,0.20102130314006972
22445,0.059070040497867446,0.42371183468444895,0.24004660698696106,0.27717151783072247
22446,0.09055248964173372,0.35119468297128115,0.4824070622141476,0.07584576517283746
22447,0.3498838865468969,0.33996644838892215,0.14210841877891148,0.1680412462852695
22448,0.09120293841997526,0.36941969280183706,0.42152664714620014,0.1178507216319876
22449,0.10488134806394496,0.4727784798001246,0.14010363571154044,0.28223653642439
22450,0.12249471088677866,0.26560190426835056,0.2830096540148498,0.328893730830021
22451,0.05042306230038301,0.43859644657273367,0.287561948404747,0.22341854272213624
22452,0.11665909580934705,0.5118949343517853,0.1496618928095131,0.22178407702935451
22453,0.15477276661118725,0.18511156013518326,0.3224151785700375,0.337700494683592
22454,0.21381398892283038,0.5242614535784978,0.13944975169789958,0.12247480580077227
22455,0.37474609901074374,0.25424756516242314,0.19438503910082153,0.17662129672601165
22456,0.30195952547598776,0.13890367195753367,0.2402094483171738,0.31892735424930485
22457,0.12570425042783187,0.29861544639120896,0.3501134204091358,0.22556688277182346
22458,0.05376047307630907,0.4371431396479559,0.3011592253645721,0.20793716191116282
22459,0.1320343541170374,0.3558450539959963,0.4538235328759032,0.05829705901106303
22460,0.10992839190236428,0.18175365274096256,0.6176304510531914,0.09068750430348177
22461,0.49801451354037296,0.2509019509194834,0.1116996046828686,0.13938393085727502
22462,0.3836911466635539,0.2452561600311892,0.20646270703416159,0.16458998627109522
22463,0.0913386746063367,0.5337958347795161,0.12011964345405524,0.2547458471600921
22464,0.29325758827777537,0.38641172048174477,0.1586558527118615,0.16167483852861841
22465,0.3536475608453583,0.47920319726751726,0.10342406174228873,0.06372518014483575
22466,0.2821619853946686,0.34008216171892103,0.11332846406492315,0.26442738882148736
22467,0.11940621577632529,0.6503055568274109,0.15754733605365526,0.07274089134260854
22468,0.2751918182171193,0.3435075387697753,0.184458265947516,0.19684237706558932
22469,0.4723898820272181,0.13336101590660074,0.27405294116996914,0.12019616089621195
22470,0.15491035895897476,0.6534880699602527,0.07543912591318376,0.11616244516758881
22471,0.5884012084511732,0.22617258920619765,0.10812229032958372,0.07730391201304536
22472,0.05939641144383991,0.41634183409390896,0.38381055968640443,0.14045119477584678
22473,0.6144296663974184,0.12737049572417256,0.18446720537864783,0.0737326324997612
22474,0.44104272471461736,0.09538635692343608,0.3961427040209158,0.06742821434103076
22475,0.1685732443261185,0.691688526481035,0.07240404448981337,0.06733418470303311
22476,0.09021993944382559,0.2323705784966052,0.45638518723758376,0.2210242948219855
22477,0.1411081674866543,0.2341471919662138,0.46757794244007733,0.1571666981070546
22478,0.09570941319584744,0.07607693819534377,0.6347459393965849,0.19346770921222387
22479,0.30631998554092876,0.11167020187910053,0.15780936941694212,0.4242004431630286
22480,0.05929118735665754,0.20846895329538226,0.4560007393710411,0.2762391199769191
22481,0.1799822558406772,0.3662346938794154,0.09068544065204961,0.36309760962785786
22482,0.27525418486349235,0.2132041914258811,0.15247753131357836,0.35906409239704823
22483,0.15080880625959425,0.2975329709633923,0.1660357663968253,0.38562245638018816
22484,0.29431051686653253,0.37113140904090014,0.06872363625724731,0.26583443783531996
22485,0.04820927054917173,0.3182168762713874,0.2960714658254795,0.33750238735396143
22486,0.06384358165171303,0.2698594837840075,0.47175714893854054,0.194539785625739
22487,0.0834814426026975,0.07684891080065126,0.4755782311408432,0.3640914154558081
22488,0.13559765455968126,0.13603164362120326,0.49220388551985833,0.2361668162992571
22489,0.3333412472940354,0.07448494153753342,0.37164623977428607,0.22052757139414508
22490,0.10766689206677302,0.5785903631537335,0.121806937691976,0.19193580708751756
22491,0.06897257194697173,0.5790489320563932,0.13210471698845797,0.21987377900817712
22492,0.06311112286331053,0.2500798077293153,0.5118561974447433,0.17495287196263076
22493,0.12658271824019648,0.44921633724868026,0.2982601458583029,0.12594079865282026
22494,0.20922761816311583,0.14272491781713512,0.43420268729817707,0.21384477672157187
22495,0.10327327530765609,0.2708558386454252,0.42481250609039223,0.20105837995652642
22496,0.3292686507010338,0.09289001578702633,0.26944596783509434,0.3083953656768455
22497,0.13500922535242402,0.4938594672807487,0.23950290277002423,0.1316284045968031
22498,0.07793725466028056,0.20891540591288885,0.20867589421006028,0.5044714452167703
22499,0.41984534506220206,0.14435051897524703,0.11624148695595686,0.3195626490065941
22500,0.5957574918933329,0.08122073001507948,0.060769662476212134,0.2622521156153755
22501,0.3685867234017609,0.14056825170062684,0.17259723578044506,0.3182477891171673
22502,0.2541805939233109,0.1804204979709883,0.1934412092762029,0.371957698829498
22503,0.28251292442088133,0.12841036219651453,0.07251683240169508,0.5165598809809089
22504,0.16365987553404843,0.4147846497866645,0.0883242403918385,0.33323123428744844
22505,0.2679715802749174,0.08468954825778466,0.16240045193680414,0.48493841953049366
22506,0.22521479416179876,0.2627233968510108,0.2607495058869503,0.2513123031002401
22507,0.0516318381483068,0.40303734988898865,0.13490119916383425,0.41042961279887036
22508,0.13808344400577446,0.5910002344759079,0.06588975933484931,0.20502656218346846
22509,0.5336153432106943,0.06943766098399408,0.10188895134776613,0.2950580444575455
22510,0.0476439115500621,0.7958348300487632,0.045886914400096804,0.11063434400107783
22511,0.23932975347702357,0.1016007431363646,0.4876181491528658,0.17145135423374616
22512,0.1862463644693044,0.1304386094796546,0.2813689015348648,0.40194612451617623
22513,0.20129539035375169,0.07651357445924353,0.2927842494381447,0.42940678574886
22514,0.14567335572001588,0.5798229952671413,0.09292169940470596,0.18158194960813684
22515,0.0697675155635502,0.06572434000069387,0.4251615104433997,0.4393466339923562
22516,0.06814387113938698,0.5820005880158939,0.15909745739348233,0.19075808345123668
22517,0.28129679436765265,0.07809003880481173,0.39887320434273127,0.24173996248480428
22518,0.16051282488156776,0.2289692568149273,0.3166655960676054,0.2938523222358995
22519,0.21672413882972025,0.4023734340845882,0.08617396556112594,0.2947284615245656
22520,0.38437507151921063,0.320780870610781,0.15358303761951164,0.14126102025049675
22521,0.07665331500976529,0.4130069196175697,0.34073613309149764,0.16960363228116734
22522,0.040670453601442745,0.07333665876986631,0.7184643473741403,0.1675285402545506
22523,0.03420545957990858,0.7156927079681171,0.17347285794777165,0.07662897450420261
22524,0.08797878823451967,0.1025227851571745,0.37018203469526106,0.4393163919130448
22525,0.3029015189900284,0.08440437624038462,0.5709944861997341,0.0416996185698529
22526,0.3869059272027466,0.4272175674755607,0.05944586336688733,0.12643064195480536
22527,0.10862753082111469,0.42470003459702127,0.21320673818865216,0.25346569639321204
22528,0.09877496694925313,0.07341614287204291,0.6108327751946334,0.2169761149840705
22529,0.18764989756506525,0.45996540995281254,0.17712340974607857,0.1752612827360437
22530,0.20054584872802436,0.10589903630064205,0.21857556042657578,0.47497955454475776
22531,0.100653691748643,0.08193304718806123,0.7226414809264248,0.09477178013687114
22532,0.30295509812267235,0.25710111951277853,0.12701105373532648,0.3129327286292226
22533,0.0991891290656285,0.4797112132523759,0.10823061951150258,0.31286903817049294
22534,0.20447166893308524,0.37397739842208966,0.17787835993280154,0.24367257271202358
22535,0.1258606204001891,0.2804296133229534,0.4669904021092339,0.1267193641676235
22536,0.06532647074467347,0.5575800662493855,0.16329872703678783,0.21379473596915327
22537,0.11820950296178022,0.31473460621231153,0.46691896857104415,0.10013692225486406
22538,0.10576168227874332,0.41622008571395613,0.21884252118316969,0.2591757108241309
22539,0.11444347141582815,0.23493391509989392,0.5671933276413919,0.08342928584288599
22540,0.19988524560138715,0.31684444423274577,0.19144530874756557,0.2918250014183014
22541,0.07081625902427628,0.434621913711137,0.25284688892966256,0.2417149383349243
22542,0.12217253571054579,0.306515612221844,0.38260108957650324,0.18871076249110705
22543,0.5366814192533684,0.09962614497947893,0.12557212576964188,0.23812030999751083
22544,0.054061498394935466,0.05889858857786058,0.7188077177426956,0.16823219528450836
22545,0.07784450505286356,0.5134136846328982,0.21937864002608495,0.1893631702881533
22546,0.38279883185718006,0.48662930338282573,0.09213562268674091,0.03843624207325327
22547,0.3024032833059199,0.32048832934614013,0.271757382317195,0.1053510050307449
22548,0.21200813072411975,0.14973925112093062,0.4687128812834876,0.169539736871462
22549,0.37672027290396737,0.07200287502248098,0.31959429365194236,0.2316825584216093
22550,0.07541414169904653,0.21325769074219375,0.6427842112854097,0.06854395627335005
22551,0.12197641153859876,0.3201790341671078,0.4119558467495581,0.14588870754473543
22552,0.12284455687071034,0.2176663264931753,0.2502555279444452,0.4092335886916692
22553,0.13253647409603211,0.6323464224817947,0.11433093625338779,0.12078616716878542
22554,0.45512202766829996,0.1719641682027133,0.23435836080630745,0.13855544332267927
22555,0.19962828558530876,0.47493967615656935,0.2327868576978462,0.09264518056027571
22556,0.3170771508497625,0.488297810644226,0.15609221684606825,0.03853282165994328
22557,0.16327665552844117,0.4195194014182034,0.2827474000075893,0.13445654304576624
22558,0.15177195720932796,0.12547242576431775,0.6885355107580982,0.0342201062682561
22559,0.18041898443604498,0.24672022793785872,0.3433047973789771,0.22955599024711917
22560,0.2170477300585268,0.38802985192922923,0.28026574267391857,0.11465667533832546
22561,0.18162465292195867,0.35029376822990305,0.39831814627087503,0.0697634325772632
22562,0.17153640416896446,0.6051999656729447,0.1918929905455267,0.031370639612564165
22563,0.4406379113534751,0.1568269883999752,0.34011779803858466,0.06241730220796505
22564,0.5837490810488746,0.0945114745752042,0.24564599861759862,0.07609344575832257
22565,0.09923330888546411,0.3671818599594112,0.3629749258793363,0.17060990527578843
22566,0.08656821136368067,0.5037481805820877,0.3620434621745956,0.04764014587963602
22567,0.32324919892396065,0.14560998059419794,0.37133866588234926,0.15980215459949215
22568,0.3348957326490435,0.17676036867438844,0.30861040658481836,0.1797334920917497
22569,0.20598472183162267,0.11817752240614078,0.6329549151685893,0.04288284059364734
22570,0.3593826929367459,0.3200739810188233,0.17718155151540516,0.14336177452902568
22571,0.23662846434818904,0.5402143661602847,0.11026820163923243,0.11288896785229383
22572,0.29222349701978895,0.3706088463715169,0.1836329793665344,0.15353467724215974
22573,0.34847969075502155,0.2456374757613131,0.2632268396954973,0.14265599378816807
22574,0.23889822934753482,0.11391403936117551,0.39641013315941315,0.25077759813187644
22575,0.08473348546914067,0.3452518128216718,0.41830434997650257,0.15171035173268493
22576,0.27201439031173213,0.3689074172170641,0.2025382344450452,0.15653995802615858
22577,0.3850568339410633,0.33693326999156886,0.22287272225452745,0.05513717381284034
22578,0.05036901945690554,0.30951027929057506,0.588211933973229,0.05190876727929037
22579,0.13100205388377087,0.3675286559206332,0.24116313989772192,0.2603061502978741
22580,0.5537839364144058,0.18734542025577688,0.19312807585078656,0.06574256747903068
22581,0.06868676675236937,0.2764064226556259,0.47369101395352126,0.18121579663848345
22582,0.5727218883600814,0.17063152151285726,0.20667274127266602,0.0499738488543953
22583,0.22064639221995497,0.25003215945089086,0.44576647221076793,0.08355497611838639
22584,0.09118316677789301,0.38699317908082237,0.40791780909605246,0.11390584504523218
22585,0.19343897423770953,0.5298877715084624,0.1916225912803203,0.0850506629735077
22586,0.11422712806327932,0.6416500745879393,0.14750208120229624,0.09662071614648512
22587,0.43000664159836893,0.14771315666777296,0.16313430209784463,0.2591458996360135
22588,0.19770228612132343,0.2084534388705795,0.42934570642290787,0.16449856858518921
22589,0.3825966634009038,0.39848111364092836,0.1737501414932533,0.045172081464914526
22590,0.13280314350604505,0.10743530762347211,0.5327409064281691,0.22702064244231382
22591,0.2802938710517631,0.07885210999330769,0.5811700873905868,0.05968393156434241
22592,0.26288297100680347,0.43045190187341426,0.1742196464693295,0.13244548065045272
22593,0.32304659024991167,0.351997265423325,0.11363932211748405,0.21131682220927933
22594,0.14399309054357798,0.12486745719626247,0.45711427812838296,0.2740251741317767
22595,0.12271951016312344,0.1687002105213795,0.24227121843464977,0.46630906088084734
22596,0.1581135912411788,0.5212239892759454,0.19002399677943188,0.13063842270344384
22597,0.07173183600689263,0.22931566499534314,0.5578273182475872,0.14112518075017694
22598,0.06303121663929377,0.5476445622586943,0.12410470440596712,0.26521951669604493
22599,0.16326812234696308,0.17718965522210345,0.14492627183086312,0.5146159506000705
22600,0.12073151455272416,0.2431490414561013,0.18447804530979844,0.45164139868137604
22601,0.28551771593624287,0.10870676903369451,0.16999981779531775,0.43577569723474485
22602,0.5912499888506068,0.15463542086739443,0.10546820473469182,0.14864638554730691
22603,0.2677456701936853,0.12676551799160757,0.23518820530408155,0.3703006065106255
22604,0.06250328292851726,0.39108854029044904,0.27283912462907617,0.2735690521519575
22605,0.4918924531595581,0.13384070273008497,0.08939279006261952,0.28487405404773736
22606,0.18505110430078853,0.12428628821492502,0.49794015292952687,0.19272245455475956
22607,0.1213092431565058,0.12973931311918924,0.3750313644397694,0.37392007928453563
22608,0.08571089668164944,0.6174887469646216,0.1718447088371146,0.12495564751661424
22609,0.2253499442535561,0.3293739030867363,0.10762909264645039,0.3376470600132571
22610,0.04265568082117174,0.6786456297098762,0.16003384663453102,0.11866484283442111
22611,0.10264459573526546,0.3285869951046429,0.3834577724030776,0.18531063675701404
22612,0.09252583815667433,0.1578961401025424,0.5169161963813138,0.23266182535946953
22613,0.5246791001993399,0.17233346464704516,0.1640822453210793,0.13890518983253547
22614,0.41981877900107,0.290358210665065,0.18266306827696457,0.10715994205690044
22615,0.08887403762000604,0.5673414558809879,0.28783213127706136,0.055952375221944635
22616,0.5762906764512487,0.08398129814478171,0.30686708622933284,0.032860939174636804
22617,0.13308746923214496,0.18590039616852833,0.5915046341491819,0.08950750045014488
22618,0.48091392961656254,0.09620080867800647,0.2855766479708101,0.1373086137346209
22619,0.06868250443845789,0.5199949330637678,0.22458222053710222,0.18674034196067207
22620,0.05563643981134535,0.8204899672558738,0.06627228061670919,0.05760131231607182
22621,0.10974946520784559,0.13182947787076899,0.6307999152295372,0.12762114169184824
22622,0.34811392941657776,0.17488811131911997,0.2179292852112221,0.25906867405308015
22623,0.12105722702745512,0.632164814464481,0.14681139175828534,0.0999665667497785
22624,0.18446480159236767,0.47123135289721513,0.1475331202942606,0.1967707252161566
22625,0.2834458397659323,0.2858195200127064,0.22944269455838834,0.20129194566297293
22626,0.348899833995738,0.14703382942695006,0.31241991624205334,0.19164642033525858
22627,0.25138457072770654,0.12160509911551115,0.5002349519648518,0.12677537819193055
22628,0.08667102111924915,0.2564293840651672,0.6056613527424141,0.051238242073169585
22629,0.15057411261398324,0.4231374434781352,0.24563973924941865,0.1806487046584629
22630,0.20038243612435985,0.6340865984395084,0.1209193722598787,0.04461159317625311
22631,0.2899261541798596,0.507219538660067,0.11014887415899996,0.09270543300107341
22632,0.1818137147044631,0.40028469124505883,0.26535546666835097,0.15254612738212706
22633,0.15318407247123625,0.2658084679045636,0.39639361080393265,0.18461384882026743
22634,0.06904073793332785,0.5226643043321634,0.27365586704282474,0.13463909069168406
22635,0.10225383000188681,0.6174882798328534,0.14585895731319765,0.13439893285206225
22636,0.08991555678427668,0.5602323814357724,0.25543926429745817,0.09441279748249268
22637,0.4714960770221729,0.21381437579319798,0.1916694341555517,0.12302011302907734
22638,0.1288831099319082,0.45665828132364594,0.22082287238610934,0.19363573635833656
22639,0.08998273521818849,0.49265588791096837,0.22295796480826763,0.19440341206257558
22640,0.09863818898533178,0.30248186001944877,0.5007508373745723,0.09812911362064725
22641,0.09622822210409035,0.6550665624568932,0.1672781798507788,0.08142703558823759
22642,0.1304012285230681,0.5026365257106228,0.18986617353967022,0.1770960722266389
22643,0.17335196950267326,0.21747358985793483,0.4631694789369595,0.14600496170243252
22644,0.07287011830146084,0.22546232186558057,0.6535419118028801,0.048125648030078474
22645,0.21243338443083218,0.2522765732649773,0.32869067671778385,0.20659936558640662
22646,0.2783013531003882,0.34725743898019573,0.22061467612257873,0.15382653179683733
22647,0.5267397767655004,0.3082412867045478,0.10325120906597848,0.06176772746397326
22648,0.5057678215134248,0.3614373165472566,0.07486173432128625,0.057933127618032314
22649,0.05630224044045713,0.2744311653185046,0.1651407850587971,0.5041258091822413
22650,0.07295656434703233,0.2925402841954973,0.10742013482502087,0.5270830166324495
22651,0.07674531241527718,0.12503330691756967,0.3470450410432507,0.45117633962390247
22652,0.06825188766131716,0.11763938350754327,0.1746600960822901,0.6394486327488496
22653,0.04153976397963176,0.1912346509997479,0.4768670336712126,0.2903585513494078
22654,0.06659868346366302,0.09289426532887529,0.17190237124468788,0.6686046799627738
22655,0.10210376156834404,0.3328338937694319,0.11171444632710084,0.45334789833512323
22656,0.12134335197892507,0.18351594869197868,0.4366823591761976,0.2584583401528987
22657,0.24994631330709485,0.18669099360997035,0.11164370200679341,0.4517189910761414
22658,0.0626896425579013,0.07147301537349914,0.14027388622092263,0.725563455847677
22659,0.1346152218870057,0.07397066453752821,0.4854863563836365,0.3059277571918296
22660,0.4448452695767637,0.20551119880315355,0.04482775893756231,0.3048157726825205
22661,0.34481118166269914,0.12655130350203417,0.23794240737413178,0.2906951074611349
22662,0.05168893506815751,0.20962170296190052,0.5240601054595713,0.21462925651037085
22663,0.19550620691324716,0.5237688673643885,0.09533108732118716,0.18539383840117724
22664,0.08352869393158074,0.4096045838388639,0.09963437389356646,0.40723234833598904
22665,0.2800247803947891,0.2000745893054123,0.35382478933295947,0.16607584096683914
22666,0.20940343100539136,0.2538335895274401,0.06433696904604938,0.4724260104211191
22667,0.07109611475367444,0.2137856834315184,0.4220718550606355,0.2930463467541717
22668,0.12118053976019098,0.2504791163769475,0.09556481448183111,0.5327755293810305
22669,0.09301597606222754,0.10242986922845344,0.1239266507419743,0.6806275039673446
22670,0.10664814320764539,0.27642174423872634,0.1482949113628334,0.4686352011907949
22671,0.1758737873091807,0.12322734524716347,0.5030197832709986,0.1978790841726571
22672,0.39408380420764405,0.09007716491615035,0.13721542979543447,0.3786236010807711
22673,0.2961514456852222,0.21763997642034252,0.13033426610193036,0.35587431179250484
22674,0.13388796606538086,0.22244441371893742,0.42636966777568164,0.2172979524400002
22675,0.09342265520256787,0.3715152253999883,0.22866737646150156,0.30639474293594227
22676,0.16373722597217888,0.46296539306957596,0.12197415948386678,0.25132322147437836
22677,0.3715816407328409,0.14547117735633902,0.22138450113782682,0.26156268077299333
22678,0.22682123368975474,0.14212904590090242,0.14335349513024626,0.4876962252790966
22679,0.04786422646959773,0.45799389785893835,0.11022062934473367,0.38392124632673025
22680,0.07661594243703361,0.17352517150060792,0.31239035191930736,0.43746853414305104
22681,0.10778761431651028,0.3412360839398079,0.11951236602888043,0.43146393571480135
22682,0.273062126899609,0.5342752133268359,0.0620655080699209,0.1305971517036342
22683,0.06609144755769152,0.04840000426669066,0.5995997178345742,0.2859088303410437
22684,0.21920984920776954,0.5057785917419468,0.17785328861559474,0.0971582704346888
22685,0.23240138553068235,0.16419602364193642,0.1948904023306079,0.40851218849677323
22686,0.695714663103547,0.06466320646149672,0.06282858306148478,0.1767935473734716
22687,0.12408581389280501,0.5060911755016556,0.1685093167561942,0.20131369384934517
22688,0.4860658926100114,0.2167710953121603,0.26741386874489614,0.029749143332932215
22689,0.185115685544236,0.5129628133723648,0.19695256640054562,0.10496893468285365
22690,0.0742616328917111,0.18069331396729943,0.69990719730883455,0.04513785583215489
22691,0.0902894978493339,0.5864603688663339,0.28403643885837127,0.03921369442596084
22692,0.2547884400869198,0.3168310401376467,0.2508002474915074,0.17758027228392606
22693,0.3001571758624801,0.38991077445556654,0.17506976425795168,0.13486228542400172
22694,0.6288225964846432,0.08725285455260887,0.23067931288176077,0.053245236080987225
22695,0.2414053056820162,0.12121664523670454,0.5547877237305752,0.08259032535070403
22696,0.18188207869606116,0.4903622946660978,0.14043085167123068,0.18732477496661026
22697,0.1315193554197959,0.4354756683698321,0.23214821134542754,0.20085676486494444
22698,0.38249573814866333,0.4269026905687403,0.08605387920995847,0.10454769207263791
22699,0.4540856463885339,0.09406573165098221,0.31301359570836496,0.13883502625211896
22700,0.3251989530300624,0.21558474568145217,0.2166338954482309,0.24258240584025453
22701,0.16801337504413383,0.5314347779085086,0.09459250048781313,0.20595934655954443
22702,0.09998546809675755,0.13256954122053766,0.6350313567108387,0.13241363397186606
22703,0.19988240117528702,0.07236870380445384,0.6512691694995032,0.07647972552075588
22704,0.10626759146307166,0.6292291080544624,0.11517755114379452,0.14932574933867138
22705,0.06817147847974112,0.35284136649073244,0.43812942043415454,0.14085773459537193
22706,0.3003786212866874,0.16283760079636186,0.2528637757172797,0.28392000219967095
22707,0.06914035949703608,0.7153737941430979,0.12685988264645398,0.08862596371341197
22708,0.11875021738188267,0.1894545201621471,0.5444772228780429,0.14731803957792744
22709,0.17149577447896278,0.5805402760782788,0.08228374739066789,0.16568020205209047
22710,0.1868370830260004,0.43197674232383004,0.14345351255518543,0.2377326620949841
22711,0.5720186103213698,0.14842078150325594,0.14437377765819642,0.13518683051717778
22712,0.20183890466570267,0.45336381584571545,0.10271859681627465,0.24207868267230714
22713,0.1437248115991071,0.23278070850537946,0.3875222001547253,0.23597227974078808
22714,0.10596260592738757,0.23851435867356785,0.5656422634986286,0.08988077190041595
22715,0.2852660899421046,0.28237808319707397,0.13870991145796496,0.2936459154028565
22716,0.17009905383426066,0.24735708849208254,0.2936800183006485,0.28886383937300836
22717,0.134282419202744,0.15812264407496227,0.46893573756312823,0.23865919915916553
22718,0.41556972022263083,0.15313657125108046,0.14956937359434908,0.28172433493193955
22719,0.6100350088301346,0.1660373666389973,0.12105328006926733,0.10287434446160071
22720,0.0672433940335653,0.4433669629034683,0.29198091429203266,0.19740872877093368
22721,0.4752069806361544,0.33442931827255873,0.08810457797382536,0.10225912311746153
22722,0.181081090866543,0.25363439465537,0.22779417827020831,0.33749033620787866
22723,0.12916493680858915,0.5390185260690455,0.10413791482657328,0.22767862229579208
22724,0.22014662305033286,0.1469469235997051,0.5470711353008778,0.08583531804908424
22725,0.16181537821119898,0.35143219331017383,0.28397921751822314,0.20277321096040413
22726,0.08533028337244475,0.6813905251861699,0.10610493533330007,0.12717425610808525
22727,0.1369438656667382,0.1704240157934812,0.6128188710424338,0.0798132474973468
22728,0.09221285811850773,0.4479419911464818,0.2634411644691245,0.19640398626588593
22729,0.3736121219973203,0.26573099694937136,0.19023046132816998,0.17042641972513844
22730,0.10684058768431899,0.4245147548201,0.3283182853838708,0.14032637211171017
22731,0.05364667536301928,0.5213589596085036,0.3017542810620404,0.12324008396643672
22732,0.2847764372583703,0.32163254446342193,0.259587821537496,0.13400319674071184
22733,0.3536584260954366,0.31255093887472335,0.14986654961020598,0.18392408541963415
22734,0.17370463035217698,0.5448845233296181,0.13687856280187888,0.1445322835163261
22735,0.11416467232516744,0.4505785638562074,0.39189403363076236,0.04336273018786269
22736,0.07559673172105853,0.28176622203775914,0.5411757910283681,0.10146125521281428
22737,0.4634864933402333,0.22624829563065654,0.09979200601623575,0.21047320501287442
22738,0.3662827997718659,0.20439673411143147,0.3090361102648167,0.12028435585188585
22739,0.3513134705933126,0.26449196894399746,0.19488331830610298,0.18931124215658698
22740,0.10567632108714248,0.6643785904772795,0.1629064127187266,0.06703867571685146
22741,0.47647080668887537,0.13564430142844713,0.3010800234191653,0.08680486846351226
22742,0.15266252100287797,0.5285486740493975,0.26713071743637673,0.05165808751134772
22743,0.209367794450895,0.5215070444977424,0.12046817386545512,0.14865698718590753
22744,0.15756355566952077,0.5046915461580544,0.20065702910159386,0.13708786907083084
22745,0.2626409046058261,0.273779387922472,0.23862181015078193,0.22495789732092003
22746,0.23724732458682393,0.3449521746594839,0.31658331953373176,0.1012171812199604
22747,0.5476467281888038,0.17862964013861762,0.12535889806402814,0.1483647336085505
22748,0.40519710885696775,0.15110692135131912,0.39961259250037534,0.04408337729133772
22749,0.0742238393073848,0.1637956036628754,0.6841315906915089,0.07784896633823095
22750,0.13600197413145668,0.18864161155247178,0.6325555736204319,0.04280084069563972
22751,0.1093769763809334,0.35419830358878707,0.46029758392025627,0.07612713611002327
22752,0.5013716655816945,0.18217312874509403,0.21288855775783058,0.10356664791538088
22753,0.20127796292022676,0.5456386592216482,0.17950898322328634,0.07357439463483872
22754,0.3527512820641566,0.27470821016610725,0.3377953611554892,0.03474514661424691
22755,0.12906470407367293,0.11302830351611029,0.6007740218186028,0.15713297059161394
22756,0.2063423150755242,0.1972891026850604,0.42164937542108144,0.17471920681833394
22757,0.3876139083774399,0.19571999375455795,0.20002855679596868,0.2166375410720335
22758,0.16461393701470367,0.23785313920484083,0.5375615787820464,0.059971344998409136
22759,0.44011951965282986,0.30954424632694,0.10687244989725446,0.14346378412297575
22760,0.15546458746373193,0.2627597310517889,0.47796334919334904,0.10381233229113006
22761,0.11199754056240242,0.5095328947166873,0.2181635897004524,0.16030597502045799
22762,0.12228774840342768,0.3316681289438347,0.4811470692821405,0.06489705337059716
22763,0.14524534875216735,0.4879333140598808,0.16697003934954682,0.19985129783840502
22764,0.1718988414684629,0.5615465608016279,0.07550009433840953,0.19105450339149962
22765,0.27831821769006765,0.2943160809999994,0.22609737382346645,0.2012683274864665
22766,0.367030042989434,0.440886775685175,0.1415877740733268,0.05049540725206422
22767,0.22378329005241981,0.11013210238024955,0.40813736442961496,0.25794724313771566
22768,0.14505614308586826,0.20890249932181645,0.5198066835716894,0.12623467402062594
22769,0.06365823437598951,0.7900988486236837,0.065551145133896635,0.08069177186643009
22770,0.5419288844195677,0.18221996103329358,0.08305388691763468,0.19279726762950405
22771,0.25290225133887373,0.10092019954435798,0.5558804680707637,0.09029708104600456
22772,0.4935150679021843,0.20985283097714613,0.15062306861840566,0.14600903250226382
22773,0.11602107436031821,0.5108332769697338,0.09960433993812982,0.27354130873181814
22774,0.12653609356339748,0.27389217720191855,0.4236017470069397,0.17596998222774426
22775,0.19207595350054127,0.376681904890719,0.3458718401382368,0.08537030147050302
22776,0.28717667169044636,0.28177689981875853,0.1499079836537144,0.2811384448370808
22777,0.11759648969075448,0.42719893276234366,0.30275723101247703,0.15244734653442474
22778,0.06314393094397136,0.19796239817550457,0.48644619283625906,0.25244747804426515
22779,0.19699227004850983,0.39845305939640063,0.24658449529460122,0.15797017526048834
22780,0.17418821431226622,0.526540946748241,0.1365895252505667,0.16268131368892605
22781,0.05701366173345197,0.20058639397954411,0.605266236435925,0.13713370785107892
22782,0.07523541399249335,0.05530292617399147,0.46780479030293926,0.40165686953057594
22783,0.1235250655739169,0.10384591240289633,0.5681649555515759,0.20446406647161092
22784,0.07705942720994342,0.5008749133778776,0.08156913366041742,0.3404965257517615
22785,0.15397682788746223,0.3976781558565333,0.2768389800339972,0.17150603622200722
22786,0.2737591063589671,0.04211894513519777,0.3603717614672353,0.32375018703859987
22787,0.37072566387237066,0.1368987094817212,0.17608460770861561,0.31629101893729256
22788,0.434881680979867,0.04140288509450841,0.1980022954453978,0.32571313848022687
22789,0.5138129902957211,0.07285851827390658,0.13562153669354624,0.27770695473682605
22790,0.07168296771451915,0.24565671777869835,0.5001276862538818,0.18253262825290067
22791,0.16141119101018403,0.27671282177917444,0.09236857734320275,0.46950740986743883
22792,0.0863536997909836,0.050415141692382315,0.7192260384033344,0.14400512011329966
22793,0.691654041138765,0.11090503016999916,0.05728518846697782,0.14015574022425797
22794,0.12444653862544973,0.24418500369817997,0.42606580391553844,0.20530265376083182
22795,0.2303990271474442,0.32610865073468226,0.09300932740860682,0.3504829947092668
22796,0.6169292259407997,0.0474141374512303,0.13894162960362227,0.19671500700434763
22797,0.0643368097971066,0.08001982409263667,0.7495466039164306,0.10609676219382615
22798,0.12009034661452363,0.07071641583873677,0.36417780076605855,0.44501543678068106
22799,0.5722048387366732,0.05620805160190902,0.09312834180249772,0.27845876785892
22800,0.3231119810566345,0.10763159118919725,0.20545063377704345,0.3638057939771248
22801,0.08160247363974808,0.22266708078787312,0.2342565665351474,0.46147387903723136
22802,0.08241257806611833,0.336691459243267,0.17349330687595124,0.40740265581466345
22803,0.5482256263110266,0.23399253626304956,0.058046048210491225,0.15973578921543266
22804,0.2538295797074064,0.060267045843733276,0.3235087258459088,0.36239464860295156
22805,0.19253691352376665,0.22954802937488628,0.15618347260718235,0.4217315844941647
22806,0.16506649522529263,0.3596305692979166,0.11562501586626052,0.3596779196105303
22807,0.32242137171115287,0.03144537991210557,0.4544832020316345,0.19165004634510696
22808,0.055486127007588995,0.3364636135446311,0.18745261731340337,0.4205976421343765
22809,0.1307688400557497,0.13811556033545072,0.4706345661556425,0.26048103345315704
22810,0.10169362292764755,0.43609601099065975,0.19007687710982943,0.2721334889718633
22811,0.21074081754256052,0.13060804183191976,0.23946474847368715,0.41918639215183257
22812,0.1524510302316288,0.34343599537590686,0.14813689983678974,0.35597607455567465
22813,0.3573536226386577,0.10745173336741905,0.2194497847691935,0.31574485922472983
22814,0.21712655615103046,0.5324168207802512,0.07732365885616485,0.1731329642125535
22815,0.15064546606828402,0.3648937034624373,0.17534230254705538,0.30911852792222316
22816,0.17400101577732566,0.17490815018033373,0.12149555078851125,0.5295952832538293
22817,0.38052891448193077,0.14331730244318178,0.08529452777389238,0.3908592553009951
22818,0.06867325237852476,0.40218456730068364,0.26986087746671705,0.25928130285407447
22819,0.16418313882431826,0.09006254495335969,0.4071667221718397,0.33858759405048233
22820,0.09820359998664725,0.24618246671315122,0.40651343285888447,0.24910050044131699
22821,0.051284784838343415,0.11500927725455874,0.38877365364647926,0.44493228426061865
22822,0.2687767748334591,0.05694393736666939,0.333550491959617,0.34072879584025456
22823,0.05781659681066409,0.35699334381074815,0.09840513242349344,0.4867849269550944
22824,0.04507721535605587,0.3861970854873178,0.19181419602593278,0.37691150313069355
22825,0.20617729842185228,0.04096889949646282,0.6417864234025792,0.1110673786791057
22826,0.11564170959256477,0.10167632377550474,0.3115972552343713,0.47108471139755903
22827,0.4798019804306011,0.03842316483022644,0.19821429430292356,0.28356056043624894
22828,0.06289583024639113,0.22204054087575173,0.5917953350843581,0.1232682937934991
22829,0.0933167734624085,0.39251354947220274,0.27607082292749857,0.2380988541378902
22830,0.0668249304230881,0.032671156424135456,0.7468605540331756,0.15364335911960075
22831,0.10187238811374118,0.4983709190836841,0.08487501524649019,0.3148816775560846
22832,0.14035966440019082,0.0696026779601536,0.5816498534512341,0.2083878041884214
22833,0.16202593951989783,0.5222393568397535,0.10957512941066493,0.20615957422968367
22834,0.04312953210884095,0.05240734398753215,0.3507573828378166,0.5537057410658103
22835,0.23240005741028155,0.14696635243464115,0.1477363022370889,0.4728972879179883
22836,0.2233232828811555,0.3084357851540483,0.11358478570104,0.3546561462637562
22837,0.05384763241202622,0.2636249688872917,0.17586151526120025,0.5066658834394819
22838,0.30574658146308137,0.15896041322986756,0.08744601080139282,0.4478469945056582
22839,0.1404177481188118,0.21753600651426921,0.21398200728871078,0.4280642380782082
22840,0.4888716402439693,0.04908857238840931,0.1859019411395113,0.2761378462281101
22841,0.16968130494089684,0.11029882038934792,0.10795455825914639,0.6120653164106088
22842,0.38308046619575187,0.060990088708096864,0.11797040274467903,0.4379590423514723
22843,0.27163854965570805,0.10628569717992097,0.25185990804686054,0.37021584511751054
22844,0.5007115356019655,0.09726693309075175,0.2605071451191123,0.14151438618817042
22845,0.4602218605823315,0.22759623511971366,0.17694693108655535,0.13523497321139946
22846,0.12431861320890546,0.5848689008167791,0.03595761666902849,0.2548548693052869
22847,0.23629219631343534,0.42881185786094045,0.12779529757176175,0.2071006482538625
22848,0.22452405392737054,0.1976555672740663,0.08966816621078035,0.48815221258778274
22849,0.3912678047848043,0.041991028770806064,0.45522019543167713,0.11152097101271254
22850,0.33679356926045917,0.12222812052795279,0.32684960638539845,0.21412870382618956
22851,0.18282800819849945,0.37575751074753766,0.0966094954244172,0.3448049856295457
22852,0.45437641244296356,0.10910079327903605,0.06540779069795744,0.371115003580043
22853,0.4932782997707511,0.10456713527891447,0.2732160316291362,0.12893853332119817
22854,0.1435315576165391,0.20374263433865641,0.07129028415081236,0.5814355238939921
22855,0.3575168118707818,0.20865536437559798,0.06791949104769457,0.3659083327059256
22856,0.044984794497159426,0.0661766524257887,0.4616098324048179,0.42722872067223405
22857,0.0551416087487108,0.07496136676298239,0.3222765292776499,0.5476204952106569
22858,0.28611860387292426,0.23714323370009455,0.2807548953186358,0.1959832671083454
22859,0.0748622001027366,0.8104250291122489,0.05650511803824656,0.058207652746768
22860,0.1590068300681104,0.22235743290906576,0.23079507043487882,0.38784066658794497
22861,0.13729004950566998,0.44738698557400397,0.30932375217628955,0.1059992127440365
22862,0.14555032321723652,0.20762207676397706,0.2262425457997206,0.4205850542190658
22863,0.12811991523288435,0.7321385606443469,0.07576418001816741,0.06397734410460133
22864,0.07498393528967832,0.3095147255570267,0.28076638077561406,0.3347349583776809
22865,0.28689964764203724,0.28011359718760104,0.19351489353617818,0.23947186163418366
22866,0.25682630567252757,0.06414332279163044,0.5201188665597275,0.15891150497611448
22867,0.2325020138493208,0.07767200811886482,0.5259918235549281,0.16383415447688623
22868,0.14968361013866632,0.23146982393931445,0.3407728546189561,0.278073711303063
22869,0.3447970248095894,0.1458813076295519,0.2285985860610029,0.2807230814998559
22870,0.36829567964943094,0.24422985425386945,0.2002921291400989,0.18718233695660075
22871,0.15654993484196483,0.5934732458662239,0.10674098707108567,0.14323583222072567
22872,0.13759431218282117,0.622852535483481,0.09049431608388862,0.14905883624980917
22873,0.07068841761833472,0.29960717560760447,0.38603980447980407,0.2436646022942567
22874,0.23566521544813113,0.49832509627993166,0.08609433653200098,0.17991535173993614
22875,0.05263654941373019,0.6643242159867512,0.08218669382958618,0.20085254076993253
22876,0.272161498374283,0.37312292090044574,0.20240998081061953,0.1523055999146517
22877,0.30544361525788066,0.09974985524230141,0.1440519858286806,0.4507545436711374
22878,0.14423881627092563,0.06432649865259854,0.41173233239631657,0.3797023526801592
22879,0.22046983580928894,0.15859510688327452,0.4942624637213211,0.12667259358611532
22880,0.16032198113768986,0.1722559244344881,0.5697274906551806,0.09769460377264141
22881,0.24123664903222886,0.18988114884496027,0.2847128478267889,0.28416935429602197
22882,0.06694283858816406,0.7495901216187132,0.034682652883331166,0.1487843869097916
22883,0.18521769294692134,0.10397796866274253,0.37930301245723513,0.33150132593310094
22884,0.1150285029641587,0.25725445730930124,0.2987079977304158,0.3290090419961243
22885,0.37984014040422925,0.18340406027218448,0.05105446638226304,0.3857013329413233
22886,0.2665342269939926,0.07057372678294484,0.1466469030669273,0.5162451431561353
22887,0.15328346834309914,0.5818034326844,0.1113947137326292,0.1535183852398716
22888,0.5132554208720341,0.2646493066050725,0.06807940277610873,0.15401586974678452
22889,0.029702057734775793,0.06779266301688588,0.7390165437413768,0.1634887355069615
22890,0.2731808431116931,0.5270620317790661,0.10366393915003086,0.09609318595921001
22891,0.15106312743395797,0.35385445412319283,0.24095440714833266,0.2541280112945165
22892,0.2442950284538387,0.09736632074632878,0.4520412886600671,0.2062973621397653
22893,0.4359450241748676,0.2064702126523916,0.19290439852291888,0.16468036464982191
22894,0.08934426831071944,0.12462843060895493,0.07862262186097034,0.7074046792193552
22895,0.244136615324127,0.2818793548077204,0.20569317047611532,0.26829085939203723
22896,0.38596193725044414,0.5214498600551343,0.029715786701761438,0.06287241599266016
22897,0.11940667656192966,0.22187299520782502,0.39058646225043836,0.2681338659798069
22898,0.07696924927731855,0.18818902255198774,0.38850157708492644,0.3463401510857674
22899,0.5284495501302185,0.13738732014837213,0.09517739522241578,0.23898573449899355
22900,0.37012201715786935,0.11278737112693712,0.08907609976894869,0.42801451194624485
22901,0.2545684119001902,0.26980865070212023,0.1456504400792395,0.3299724973184501
22902,0.15645846887212816,0.3545305002090846,0.11551779077264503,0.3734932401461422
22903,0.2277391122656261,0.2423161152412501,0.34704020362077415,0.18290456887234957
22904,0.6124835316910637,0.14212835673636057,0.11490162234956007,0.13048648922301576
22905,0.31778497681004786,0.35699379686582616,0.07884152923808306,0.24637969708604293
22906,0.5866555693948231,0.21759122169444928,0.04948211962516219,0.14627108928556543
22907,0.15528533917960907,0.2361116001992086,0.4221934982775551,0.18640956234362732
22908,0.15716526833170288,0.3267132616876228,0.3038180972863663,0.21230337269430793
22909,0.2030030365114066,0.6240011851546869,0.0497991918325152,0.12319658650139131
22910,0.2179261726261472,0.24650433299870464,0.14259416062477656,0.3929753337503716
22911,0.18112908829883398,0.18213615321643634,0.2157820405024303,0.42095271798229933
22912,0.23088720493958237,0.5683480038106672,0.12553724964025828,0.07522754160949213
22913,0.23565844646051612,0.10041289781534662,0.5705835615216687,0.09334509420246857
22914,0.09032126665755429,0.4188899061283384,0.11920033971050556,0.37158848750360174
22915,0.6190060729091744,0.064067782730584,0.07805647356717857,0.2388696707930631
22916,0.15596904993455235,0.364362666049213,0.08319688420753517,0.3964713998086994
22917,0.2456911728614554,0.17835641253120982,0.06789444458552316,0.5080579700218116
22918,0.39701073528146913,0.1651473791392074,0.05198503980492033,0.3858568457744032
22919,0.0842966506579989,0.7006799891539773,0.04860117404743562,0.16642218614058824
22920,0.18927447209045078,0.07309865555604658,0.47310408424417105,0.2645227881093316
22921,0.29991096915162807,0.1529532742297359,0.08109538690873808,0.46604036970989793
22922,0.17713594188887705,0.45767588223509525,0.12546492781509352,0.23972324806093415
22923,0.050321391545801286,0.3997480718527283,0.16503265132949627,0.3848978852719741
22924,0.5630437262452787,0.1411260549353122,0.15756171134832261,0.13826850747108657
22925,0.20812302606103916,0.24028588371534496,0.0522934087219363,0.4992976815016796
22926,0.39890177285541717,0.12441127411814724,0.19453977290838692,0.2821471801180487
22927,0.08936596054207661,0.14758406989568862,0.30009953628055824,0.4629504332816766
22928,0.6260095161061228,0.14770362505564852,0.045486593819421196,0.18080026501880742
22929,0.09659330118923454,0.5512213832816544,0.1660455665305071,0.18613974899860397
22930,0.130990264389379,0.12033177259275828,0.44668390659739843,0.30199405642046434
22931,0.09848662607285322,0.27739508540262175,0.4922115449020824,0.13190674362244267
22932,0.16364813302764092,0.20031940843865337,0.08703669544022091,0.5489957630934847
22933,0.3293679833767743,0.16558167796421738,0.11743641624923694,0.38761392240977144
22934,0.13793027182940412,0.09910783838713721,0.32284670432233786,0.4401151854611207
22935,0.1056387931720674,0.47708002356859897,0.2098556496811333,0.20742553357820043
22936,0.5162432421839397,0.08502028563329676,0.21778538385348356,0.18095108832927995
22937,0.42919845122827294,0.11310941808566233,0.1908604489501304,0.2668316817359343
22938,0.5160074584962707,0.21897015224730446,0.10428607323690213,0.16073631601952254
22939,0.15613373152167456,0.26247744453815686,0.22421073003165684,0.35717809390851174
22940,0.1760882042374912,0.06314211989407069,0.5230740214176893,0.23769565445074883
22941,0.1891122046467147,0.08583394664255954,0.5096782588593802,0.21537558985134556
22942,0.06656647824981189,0.3817466828633458,0.4639781515446585,0.08770868734218389
22943,0.13954681526678284,0.32724124071713706,0.1469314718802756,0.38628047213580446
22944,0.09602876546629713,0.38739449886554767,0.129005652680094,0.38757108298806114
22945,0.20836133845630922,0.26723700390048366,0.18410249942039855,0.3402991582228086
22946,0.09794599134359808,0.11265127037964069,0.3840259059583527,0.40537683231840865
22947,0.28343367566792577,0.5269246716508045,0.0762696398092244,0.11337201287204542
22948,0.2668047106095068,0.12108571280439943,0.17395776733016868,0.4381518092559251
22949,0.09434445582954278,0.34273587266581124,0.32973186040588703,0.23318781109875902
22950,0.20007250735670754,0.2898305740811696,0.1422521885784128,0.36784472998371004
22951,0.17304622665468156,0.4107173724467667,0.16932394693045721,0.24691245396809455
22952,0.23193598518961317,0.2432745346187824,0.1713289650467627,0.3534605151448417
22953,0.5465800267278984,0.13460827169725628,0.16984748628171034,0.14896421529313494
22954,0.1659038114067663,0.20038690315293006,0.30342509103382453,0.3302841944064791
22955,0.29704788824498213,0.48807534243023587,0.11625661083049371,0.09862015849428833
22956,0.3922245562649442,0.17699660261401698,0.18492267614383764,0.24585616497720128
22957,0.27803174085069465,0.203136775299718,0.32335087178613453,0.19548061206345274
22958,0.5882042263494177,0.20308479819510927,0.10713695527715748,0.1015740201783155
22959,0.09883886419774693,0.17872075070065283,0.512935056929512,0.20950532817208825
22960,0.5054980903218439,0.27991457473085934,0.14199366453976375,0.07259367040753299
22961,0.110672152095467,0.34330944426800697,0.371273057780082,0.17474534585644394
22962,0.1678571450509458,0.11383219099650226,0.6614792515804148,0.056831412372137215
22963,0.15847004372298024,0.32268909953085584,0.17842102700192589,0.34041982974423807
22964,0.1093569375020387,0.16050150830181015,0.539841706680452,0.19029984751569923
22965,0.37505526152092433,0.31658867985781336,0.13056384049810343,0.17779221812315887
22966,0.14310428922888643,0.1283049112670405,0.613181922540165,0.11540887696390804
22967,0.06779903986727442,0.5214942139727868,0.36861217896737863,0.04209456719256016
22968,0.23054126206790004,0.1502209158299313,0.5333241253334293,0.08591369676873942
22969,0.328532439152584,0.33690743009053536,0.2120505275760035,0.1225096031808771
22970,0.4193876367954781,0.21575673494231498,0.23688448956724711,0.12797113869495985
22971,0.15849054240498794,0.2062347581862581,0.5801363257015021,0.05513837370725183
22972,0.22255862881031954,0.6525052338315018,0.061886282732752165,0.06304985462542642
22973,0.062167980389772594,0.473810106768587,0.12188975026130466,0.3421321625803358
22974,0.0784423740497399,0.13040689293492888,0.5043092614659331,0.28684147154939815
22975,0.30740149428210467,0.15282327305768306,0.4538249040252182,0.08595032863499404
22976,0.058000304029971805,0.16124264600759908,0.5250258472179432,0.25573120274448596
22977,0.06159122419503142,0.3700360388199013,0.4203590273298054,0.14801370965526195
22978,0.05939648541802766,0.21438213152119598,0.5644812981190923,0.16174008494168413
22979,0.09099357841885686,0.3195436877535598,0.39198316205814343,0.19747957176943992
22980,0.41589290824979913,0.4392885767065243,0.06253051316569146,0.08228800187798518
22981,0.21101360084142523,0.6101855758477448,0.11138601368694984,0.06741480962388015
22982,0.26548914269383833,0.15270433027970792,0.22469708349468043,0.3571094435317733
22983,0.4060454201011934,0.4934272365546493,0.04395697266947304,0.056570370674684275
22984,0.04012506568326296,0.3700146150154655,0.360864271992699,0.22899604730857254
22985,0.41019566316490214,0.12042957910501857,0.15951511968656412,0.30985963804351513
22986,0.36308439155320266,0.32167625657563487,0.10935054086842864,0.20588881100273385
22987,0.0879298767355562,0.13039698248732284,0.5122580029699,0.269415137807221
22988,0.1339109999497651,0.08966348156411363,0.61175304843081,0.16467247005531124
22989,0.5443038225545421,0.11849980078972201,0.16098553793949613,0.17621083871623974
22990,0.19603326415617744,0.37415209242462205,0.12898048432235576,0.3008341590968447
22991,0.5419408256015402,0.1651683497373683,0.0810446562678095,0.21184616839328205
22992,0.21100258242316475,0.5447538182639098,0.1255768276508635,0.11866677166206203
22993,0.10266445540550512,0.12899502725758044,0.6878795094294776,0.08046100790743675
22994,0.6863214923285595,0.1828699097629726,0.07349892181182903,0.05730967609663885
22995,0.11087496776834009,0.3413021620454682,0.3499777155026062,0.1978451546835855
22996,0.625414370535803,0.1709694868841849,0.12352842321076991,0.08008771936924218
22997,0.28051550363043126,0.3839092922699691,0.15819442821899293,0.17738077588060672
22998,0.208102199577449,0.2625501137335058,0.22976050130154974,0.29958718538749557
22999,0.5705158922046346,0.13841643770292159,0.1753676953401032,0.11569997475234058
23000,0.13562629428251796,0.15601172492967397,0.6528961309485768,0.05546584983923131
23001,0.210767326415131,0.557614715446362,0.11760317299518543,0.11401478514332157
23002,0.10268807013884103,0.4132086243055628,0.2655725569664276,0.2185307485891686
23003,0.6985245489928215,0.11701347784427424,0.11915240441099621,0.06530956875190812
23004,0.07714475845186296,0.39363000258706027,0.44016881732992175,0.08905642163115508
23005,0.2540872391655562,0.6248126588188222,0.06551253498195486,0.05558756703366683
23006,0.05498859223225643,0.1110827442620464,0.771224846408091,0.06270381709760614
23007,0.03146241414680659,0.5248895019477817,0.40115901039850016,0.04248907350691149
23008,0.07080333532148189,0.5742811017427798,0.24845941942566158,0.10645614351007673
23009,0.23957664519471034,0.16213716947777262,0.46441896320775966,0.13386722211975738
23010,0.531141968869043,0.19810193432491482,0.11832635322840182,0.15242974357764033
23011,0.37880985327947675,0.057465875369126646,0.24577714559689393,0.3179471257545027
23012,0.3111483820460205,0.08918939738733601,0.3600042919363973,0.23965792863024613
23013,0.3576484212562912,0.09177832473294908,0.2543583474299815,0.2962149065807782
23014,0.10719452134952052,0.31032004528245066,0.3203643391680631,0.26212109419996565
23015,0.15126092056846172,0.13551922904811958,0.47569539521397186,0.2375244551694468
23016,0.251711086695006,0.18198190365739852,0.4588394060610516,0.10746760358654392
23017,0.1859103847084724,0.19303765942450882,0.37890161134709305,0.24215034451992565
23018,0.5432856484153996,0.13178484016220815,0.18777728657843773,0.13715222484395448
23019,0.06614380048888646,0.17681462764490616,0.6663890184255818,0.09065255344062545
23020,0.3134498411353761,0.13619500498310042,0.12204594873131595,0.42830920515020765
23021,0.38355871885806925,0.27307019756671136,0.07294318908737386,0.27042789448784554
23022,0.20554501359026192,0.22350966259143618,0.11401760796351029,0.45692771585479164
23023,0.5335677792485757,0.12988770698828672,0.13977596611940293,0.19676854764373466
23024,0.32100898395278593,0.3103678708418895,0.08329441813977059,0.285328727065554
23025,0.14925554011425687,0.326943285341227,0.24341483255677612,0.28038634198774004
23026,0.739031538104828,0.07966494433116618,0.08681404474702405,0.09448947281698182
23027,0.25305260189605405,0.2943272170840555,0.12289248760328353,0.3297276934166069
23028,0.14331877135166513,0.568293626109198,0.07641629527962449,0.21197130725951235
23029,0.07146898641591005,0.0894075089928858,0.520332122140221,0.31879138245098315
23030,0.3511587546069607,0.31972323565720034,0.06766623134289346,0.2614517783929455
23031,0.08862105374819945,0.18184226270818013,0.3409480362218967,0.38858864732172377
23032,0.1529875623038149,0.5417839608483628,0.1374852106789277,0.16774326616889462
23033,0.440344179069629,0.13432104721245405,0.06196849574785939,0.3633662779700576
23034,0.12458679707032955,0.37181032976855843,0.0901911789484633,0.4134116942126487
23035,0.3695866277330035,0.3027268994067207,0.06673053356160563,0.2609559392986701
23036,0.08307366652457075,0.5179360976062668,0.07655172810898134,0.3224385077601812
23037,0.5847913521924224,0.17202638423993996,0.1202393333182888,0.12294293024934891
23038,0.3290983912176147,0.5137766324451203,0.0918162037871046,0.06530877255016047
23039,0.5910682792846623,0.17350987345673052,0.051396214712360916,0.18402563254624624
23040,0.1443229639252984,0.16239477574120176,0.14086910223007473,0.5524131581034251
23041,0.2357705738606739,0.1386003715296225,0.44201356708744255,0.18361548752226103
23042,0.3961240683238713,0.19792226025037787,0.07180428067882937,0.3341493907469215
23043,0.17227819218487786,0.17864817959917664,0.24190205888863628,0.40717156932730914
23044,0.18876132798932133,0.22057502139539767,0.3809518638316084,0.2097117867836726
23045,0.5261467384519884,0.11783875193218415,0.19362204392852023,0.1623924656873072
23046,0.7094498528670538,0.07094918524129429,0.0866383948117218,0.1329625670799303
23047,0.1198092346235939,0.30940239452347656,0.4565271130101643,0.11426125784276514
23048,0.5886978023801721,0.11065580928092367,0.1424243805143868,0.1582220078245174
23049,0.3882607846004746,0.3095996994823615,0.13077229436605892,0.17136722155110493
23050,0.21916422627063042,0.5169745094552191,0.1406963539797463,0.12316491029440438
23051,0.4801825784004181,0.20257706107523238,0.1821855482284689,0.13505481229588054
23052,0.1393434616475239,0.7010298056769998,0.09714950737305832,0.062477225302418116
23053,0.47185846242285,0.10311199532390793,0.23811085619040318,0.18691868606283896
23054,0.399347133828291,0.0827018804365989,0.3930299566018336,0.12492102913327643
23055,0.6808029894911044,0.1798768884350363,0.06376447273430157,0.07555564933955768
23056,0.24736414529277256,0.14380300460828102,0.2820627357100472,0.32677011438889914
23057,0.20460618356596266,0.5095528981259458,0.06410982136840834,0.22173109693968307
23058,0.056710532376708936,0.4642743794243633,0.3249876860115281,0.15402740218739966
23059,0.3588326993545186,0.1985033828035274,0.17376766866062812,0.2688962491813258
23060,0.5064676740982363,0.1247822020421243,0.08535352048661382,0.2833966033730255
23061,0.4362844159481847,0.13438442678184143,0.3615385250825877,0.06779263218738608
23062,0.16226056807284886,0.30456424430427853,0.17266348720610078,0.3605117004167718
23063,0.10528276641779499,0.08820288708614756,0.7019263559705474,0.10458799052551013
23064,0.09110779330714266,0.0924406561080119,0.6560408453874718,0.16041070519737358
23065,0.12413995990571827,0.19147599095951295,0.4637502572587758,0.22063379187599297
23066,0.08798681526163135,0.7755970578820287,0.05423604153978388,0.08218008531655607
23067,0.165430296699336,0.11036579573246273,0.25816299587181285,0.4660409116963883
23068,0.7001995004973404,0.13744160808231934,0.02556717110143232,0.1367917203189079
23069,0.07565042031207594,0.3583172628411963,0.19870343483676808,0.36732888200995967
23070,0.1472193026047495,0.33634581147181947,0.09059513290027985,0.42583975302315114
23071,0.038572084998372655,0.4122405056258157,0.2929576447600153,0.2562297646157964
23072,0.2222661491733875,0.09648899069302258,0.37005690707569294,0.3111879530578969
23073,0.13234184678026412,0.05586034645599916,0.40113614245736967,0.410661664306367
23074,0.3565031711033369,0.14523647789011107,0.09299586274647507,0.4052644882600769
23075,0.28163359441672153,0.19322982582713125,0.149413678996813,0.3757229007593343
23076,0.38413666645702277,0.05960767574155873,0.08285626955822899,0.47339938824318945
23077,0.6960055163468938,0.05362189994593264,0.07515288171671246,0.17521970199046116
23078,0.09031556089067458,0.17255681223121017,0.5631699456099354,0.17395768126817984
23079,0.5262410766221094,0.10437288202894662,0.1974028099332315,0.17198323141571242
23080,0.2694709625358966,0.2547545527201213,0.1357970148825827,0.3399774698613994
23081,0.07244577147026003,0.09893917091728792,0.5689332426121562,0.2596818150002959
23082,0.19148562536631453,0.6289308081473184,0.05007724235810742,0.12950632412825966
23083,0.13538506062148117,0.3423065354166963,0.23351486081679762,0.28879354314502487
23084,0.07243392217692872,0.2286778622937029,0.547830834953468,0.15105738057590035
23085,0.1113298979079856,0.0816981808715647,0.09209940970980983,0.7148725115106398
23086,0.32067705188496404,0.360767132848997,0.17178917706645735,0.14676663819958166
23087,0.08284269487261378,0.3641243888866756,0.42927427449310795,0.1237586417476027
23088,0.4257622592993349,0.11569256026421022,0.38029121059141413,0.0782539698450407
23089,0.5627449024767551,0.2253470670947827,0.1340746278358497,0.07783340259261243
23090,0.1471516577594277,0.26351347972687694,0.3398165296867691,0.24951833282692623
23091,0.29275092128261215,0.3371206337813909,0.17366139241031442,0.19646705252568253
23092,0.3161518201337548,0.1583215974652785,0.32062191011340957,0.20490467228755715
23093,0.34296700684561526,0.1965887887139711,0.17257194779910992,0.2878722566413037
23094,0.5410677056610508,0.2470769163863792,0.12489536686547474,0.08696001108709533
23095,0.17406932336566563,0.3675175997892002,0.1757481623584463,0.28266491448668796
23096,0.3080799166755249,0.19120355507205802,0.2837211171468485,0.2169954111055686
23097,0.5509163198338015,0.12062134421864695,0.2514570049209905,0.07700533102656103
23098,0.28445882958929825,0.19606338181633695,0.35644189194547227,0.1630358966488925
23099,0.46104336623182246,0.24567612928948832,0.15040792018303037,0.14287258429565883
23100,0.15169874819197585,0.1434582632127545,0.6229938401220839,0.0818491484731858
23101,0.15853542919255476,0.4342781404741592,0.1790051904880061,0.22818123984527994
23102,0.3733504419229597,0.17652583633371327,0.2588170120453849,0.19130670969794208
23103,0.19734675316065028,0.4395984614187344,0.2761807788943836,0.0868740065262317
23104,0.15080077913701911,0.3258816631453888,0.30658593280169144,0.21673162491590076
23105,0.11771918618414204,0.40935446057200664,0.3090384385203098,0.16388791472354142
23106,0.31918964080505424,0.29904548881590304,0.20662837402178394,0.1751364963572588
23107,0.1712968658187404,0.1076105549413897,0.6671745140925353,0.05391806514733461
23108,0.19004986793636391,0.38183169414111545,0.19917111288903502,0.22894732503348558
23109,0.11326048368220856,0.4138092805219743,0.38781065625264993,0.0851195795431672
23110,0.5213125043368768,0.10468276582285208,0.25135389282320414,0.12265083701706687
23111,0.1354950952099779,0.6392621972651796,0.1500965588065785,0.07514614871826399
23112,0.14292357790468374,0.14015495715454857,0.6629884517886148,0.05393301315215288
23113,0.21362297868827285,0.39826390076799245,0.24389262025821526,0.14422050028551947
23114,0.10415066311426989,0.3386395654068152,0.49861484608513307,0.05859492539378181
23115,0.16404108452511415,0.3157985605920296,0.37257959099971744,0.14758076388313887
23116,0.11891589203409669,0.6667733855572554,0.07341248156318968,0.1408982408454582
23117,0.21585608424545222,0.17130219711925165,0.5297902043115478,0.08305151432374844
23118,0.10386349086148518,0.12343877986755157,0.567160259273443,0.20553746999752023
23119,0.1267551337390151,0.43917342066507314,0.18645558201069412,0.24761586358521767
23120,0.5300623789272612,0.2232021451723664,0.09801774637559608,0.1487177295247764
23121,0.3933700920603749,0.31181169329833747,0.1317228619138107,0.163095352727477
23122,0.2882354535671323,0.31965869946663716,0.17797398090083186,0.2141318660653987
23123,0.07265597856951293,0.6045977207383474,0.1924632576996576,0.130283042992482
23124,0.19605244047128095,0.5269551912149999,0.15570037957157884,0.12129198874214034
23125,0.2094823123238579,0.5163315770437049,0.14484835519665767,0.12933775543577963
23126,0.26343448705767775,0.30714412992566265,0.2848600864918185,0.14456129652484115
23127,0.32209588378532344,0.18682116086533715,0.38946466555214937,0.10161828979719001
23128,0.6281732505466472,0.1794099969103898,0.10451246876187716,0.08790428378108575
23129,0.31107069567766105,0.3886089713290921,0.1551991735863826,0.14512115940686426
23130,0.19428012598622363,0.5412656398970952,0.1348899224641423,0.1295643116525389
23131,0.15138888724411556,0.21338472763970662,0.5192650314118191,0.11596135370435867
23132,0.45902361663218627,0.24125461111905896,0.1830829258857952,0.11663884636295957
23133,0.10780485128555445,0.2763427617712831,0.5445056873162574,0.07134669962690503
23134,0.14740594966222118,0.2862302286251462,0.3913346955988445,0.17502912611378818
23135,0.19242024834934143,0.4287199837036792,0.2642111379062101,0.11464863004076922
23136,0.3208379655274752,0.1574842185420427,0.3690534718719999,0.15262434405848227
23137,0.1657247109231982,0.350973840466603,0.22992363273064687,0.253377815879552
23138,0.11672878838961544,0.2738334587019872,0.4963006615525863,0.11313709135581104
23139,0.3323612102812174,0.2921695885896085,0.1981563363545305,0.17731286477464364
23140,0.13795803714997223,0.5744312222318999,0.16095624269852415,0.1266544979196037
23141,0.15588339756875416,0.4852685651007074,0.17703620605677223,0.18181183127376616
23142,0.45256672183652813,0.11735519183735052,0.3375348503037434,0.092543236022378
23143,0.2001646340078151,0.23329656139151675,0.49916895141868844,0.0673698531819796
23144,0.061591238846967294,0.45363206541451606,0.38309525159590785,0.1016814441426087
23145,0.11771332110108271,0.5199605855571101,0.2117162822291965,0.1506098111126108
23146,0.11461530648844351,0.5363233920838195,0.3066287214061395,0.042432580021597374
23147,0.24870084490309818,0.2133805577484893,0.3397643910666219,0.19815420628179067
23148,0.09050461263334193,0.674165217991748,0.11265626664288066,0.1226739027320294
23149,0.3136878967732282,0.4060079658671093,0.1105718564187947,0.16973228094086779
23150,0.15881652524939013,0.45231545033871784,0.17044230368600663,0.21842572072588545
23151,0.2925816406093168,0.12968424226447642,0.4877529469847441,0.08998117014146267
23152,0.1523486112363649,0.13256188428915808,0.6297818865517215,0.08530761792275554
23153,0.432916378078551,0.2231837834367064,0.18690438203812443,0.15699545644661825
23154,0.11481784041928494,0.3655836394590893,0.34796662394406214,0.1716318961775637
23155,0.5068991149878628,0.2710537971185906,0.11300581935972133,0.10904126853382524
23156,0.5343416964234603,0.15622973409673632,0.19613145640716237,0.11329711307264109
23157,0.09828760842563461,0.6469588566057826,0.12790274165661417,0.1268507933119687
23158,0.6180125963187321,0.16118587370916398,0.13231936856208662,0.08848216141001738
23159,0.40593352647863623,0.23096359773469688,0.22989777915355683,0.13320509663311011
23160,0.07287065845364671,0.26972721964795826,0.3766309150930138,0.2807712068053812
23161,0.31356606447676827,0.3856129489874263,0.20140729368302235,0.0994136928527831
23162,0.3019687302000567,0.2651688763670336,0.12879276433888404,0.30406962909402563
23163,0.11982415066050824,0.7770656105722095,0.050285125197612225,0.052825113569670096
23164,0.17981941708917057,0.5844008018327227,0.16659076074742243,0.06918902033068429
23165,0.05667184662469696,0.27608286397996834,0.3792285826697766,0.28801670672555807
23166,0.5919664193972055,0.14252700671865726,0.09572713530321253,0.16977943858092467
23167,0.331168270892747,0.16096742854201554,0.2786394684561771,0.22922483210906028
23168,0.23782484517685587,0.08833218596101756,0.3346907877763967,0.3391521810857298
23169,0.23137424488774755,0.2775169228512079,0.4229799003053994,0.06812893195564508
23170,0.14434557675152795,0.14073337956130666,0.2985820977431315,0.4163389459440339
23171,0.2840232333274215,0.16461248172654708,0.29155429829642565,0.25980998664960575
23172,0.23486266963603633,0.5761916254248775,0.11589340950472907,0.07305229543435718
23173,0.08017734924175303,0.10531793049238089,0.455930921371718,0.35857379889414814
23174,0.7446773297067003,0.11460470127701212,0.06528260518872013,0.07543536382756742
23175,0.44366434838816937,0.12319164698067318,0.22746304148547375,0.20568096314568368
23176,0.049912298503617156,0.6436123819165415,0.10855901488365044,0.19791630469619093
23177,0.3990768439895505,0.19115596300557466,0.3734722316878839,0.03629496131699096
23178,0.17209832434682185,0.47322408789885906,0.2461110465743832,0.10856654117993596
23179,0.17428873976804587,0.5811214014075866,0.11065228576328573,0.13393757306108167
23180,0.048843525874352305,0.28224019931987293,0.5395794335477462,0.1293368412580284
23181,0.12187306283400166,0.548971712160532,0.15444939431083163,0.1747058306946346
23182,0.581735414668596,0.24543411597142484,0.08213371374634082,0.09069675561363835
23183,0.1685149094942771,0.3959890034480582,0.191710388900771,0.24378569815689377
23184,0.2193263424378937,0.27056187786259717,0.3210779719144666,0.18903380778504253
23185,0.3418745633383216,0.15379323501439085,0.1954553887932605,0.3088768128540271
23186,0.3850059773266469,0.16465986196545768,0.15606331107921725,0.2942708496286783
23187,0.15550366971580484,0.15581307138809458,0.5609367725991652,0.12774648629693539
23188,0.36066685239939,0.477520250521486,0.07252873172483529,0.08928416535428867
23189,0.20113936723683018,0.18123800286430367,0.247359148247797,0.3702634816510691
23190,0.23089438111686456,0.1607008201490256,0.3105239105211187,0.29788088821299114
23191,0.29675325480245124,0.5103497327852403,0.08719556370389814,0.10570144870841035
23192,0.2909290207913856,0.31535073912780875,0.1015726566552062,0.29214758342559943
23193,0.24142142884301734,0.26071235449438174,0.178995121731877,0.31887109493072385
23194,0.4974277449252392,0.3157059954710848,0.08558962204627474,0.10127663755740121
23195,0.4959660730487228,0.1736595111646375,0.18253847696160008,0.14783593882503965
23196,0.16766491263530248,0.3720060941596213,0.2572378091688898,0.20309118403618634
23197,0.375364935269062,0.11735310536387793,0.22216976986948953,0.2851121894975705
23198,0.38689934972624346,0.11676219902004967,0.2890579503982545,0.20728050085545227
23199,0.6250849323459632,0.11832349290940075,0.0853268820334865,0.17126469271114944
23200,0.2539762743964947,0.10631239436573778,0.5804167012439047,0.059294629993862924
23201,0.4135724779088263,0.2149189694950195,0.2867251497916683,0.08478340280448596
23202,0.13791774044638144,0.3625029347610691,0.43204719618359916,0.06753212860895036
23203,0.08388258477140621,0.6798286533791204,0.1918331225438185,0.044455639305655034
23204,0.19299833733329952,0.43138652077051975,0.22017591418248564,0.15543922771369512
23205,0.2583667995365949,0.16452604136028834,0.4684141763979143,0.1086929827052026
23206,0.4425661389244825,0.31480943696309605,0.09735534942320928,0.14526907468921224
23207,0.37136602440596267,0.18848108163292945,0.37810533227210463,0.06204756168900338
23208,0.2562834257693227,0.21232633067069984,0.36503641835840606,0.1663538252015714
23209,0.31336236901792247,0.4420991592669638,0.1424903578578732,0.10204811385724052
23210,0.5561146329374831,0.24390381096430902,0.1337998425293476,0.0661817135688603
23211,0.37845715742289665,0.3788099431826739,0.14899810933073518,0.09373479006369434
23212,0.0966616853182296,0.46655731028506897,0.31794144394177953,0.1188395604549219
23213,0.11434010273669153,0.13911136172493466,0.5981921593001709,0.14835637623820294
23214,0.5701608263925629,0.07184282445584105,0.3036655297136998,0.05433081943789612
23215,0.5038008642963087,0.136422425651119,0.20562214084934977,0.15415456920322268
23216,0.3418922321928441,0.2342932881510132,0.2652084837418853,0.1586059959142574
23217,0.08545664425531199,0.5855544012227488,0.1779891090343546,0.15099984548758447
23218,0.18632575980011876,0.30724126584129735,0.34521325932220176,0.16121971503638213
23219,0.3202139275691443,0.10621532532271308,0.08377774768130479,0.48979299942683785
23220,0.6431628369710473,0.17077012507469588,0.08160367410767234,0.1044633638465846
23221,0.7942984920928904,0.03855219339827136,0.04706278799170798,0.12008652651713024
23222,0.16205665792898447,0.13901657770584328,0.5207691385958355,0.17815762576933666
23223,0.14670517697199742,0.4588864362478109,0.1157216528082857,0.27868673397190596
23224,0.11462559788612406,0.2812432296104294,0.2443115908562189,0.35981958164722755
23225,0.2912774785076935,0.49087800180798,0.046873211290772585,0.17097130839355384
23226,0.11145460527613145,0.14317290960154053,0.38960404741067195,0.3557684377116561
23227,0.6797182999161595,0.13031450953765228,0.07222349196324852,0.11774369858293968
23228,0.10540500558341748,0.1135687110075648,0.1587812777969017,0.622245005612116
23229,0.18602305127266305,0.17386521684055578,0.3523615556329628,0.2877501762538183
23230,0.14858792989750508,0.35432648314980114,0.0882415128951582,0.40884407405753564
23231,0.08072281628403179,0.3389333182793325,0.14416097821714483,0.43618288721949094
23232,0.26708855988454566,0.27838113424833494,0.19389868746812003,0.26063161839899945
23233,0.14607812975085716,0.14447926104823886,0.3526212657052195,0.3568213434956845
23234,0.2672090014948309,0.07624554057065847,0.139167045329146,0.5173784126053647
23235,0.16901187979309396,0.05384094593510553,0.42296261185956885,0.35418456241223173
23236,0.4932081794740754,0.037670044305557565,0.3415895032507199,0.12753227296964703
23237,0.06597064110530443,0.24618928081535366,0.4092627647514851,0.27857731332785685
23238,0.09613374973843457,0.28845969325227655,0.23794485197470844,0.3774617050345804
23239,0.18380325043017468,0.43969607479853406,0.061126787624809206,0.3153738871464821
23240,0.1693039135939989,0.5245028483052532,0.06439064305079437,0.2418025950499535
23241,0.31027506409120886,0.17071424694837642,0.1871607793002104,0.33184990966020433
23242,0.5103127084064997,0.21802892688277842,0.05915226002292327,0.2125061046877986
23243,0.23749589469539492,0.06858639974833788,0.32919359390632946,0.3647241116499377
23244,0.1488649855143348,0.5114872775045208,0.12111031411416122,0.21853742286698316
23245,0.4939867580964938,0.050057813346370744,0.13746263974432904,0.3184927888128064
23246,0.25442349304749845,0.272855929528979,0.11014573696608378,0.3625748404574388
23247,0.08179036439144907,0.08769222068630267,0.32335341243827403,0.5071640024839742
23248,0.12008584635680034,0.41873201597704107,0.2205288145742966,0.24065332309186188
23249,0.20855599124133398,0.268003368963832,0.21115117218875382,0.3122894676060803
23250,0.23232032194742208,0.10296399905755217,0.5351504319262802,0.12956524706874556
23251,0.07215760686142575,0.7204987216911072,0.06878762919523954,0.13855604225222753
23252,0.139635468999362,0.23150592934057007,0.3129966629676713,0.3158619386923966
23253,0.06716721832588646,0.23342369767919363,0.5277072738462625,0.17170181014865737
23254,0.4901910161164675,0.10716341983936518,0.2709883281974498,0.13165723584671762
23255,0.30786988507457497,0.23280018430889513,0.06828664761342201,0.391043283003108
23256,0.551586701695962,0.06088073525538676,0.19037661236466416,0.19715595068398703
23257,0.25472720183904446,0.5636675369704641,0.0544820312513344,0.12712322993915692
23258,0.7341975017454947,0.07534496311895092,0.09594815593719053,0.09450937919836384
23259,0.10339975956589936,0.15717752503123678,0.4634497627632057,0.2759729526396582
23260,0.14345508578638547,0.07811689564833484,0.638143817514218,0.14028420105106174
23261,0.1485062057165154,0.5144959530603548,0.1350770966433593,0.20192074457977058
23262,0.6594276780220902,0.07768300255648224,0.12338197868158769,0.1395073407398398
23263,0.46915874082294423,0.1641654126991211,0.29858265668405604,0.0680931897938786
23264,0.03746748526611876,0.4814153429270221,0.3298348239292399,0.15128234787761918
23265,0.6424492295044782,0.14907960965617395,0.10487774490358845,0.10359341593575946
23266,0.3503508982179581,0.18297349377160602,0.17658157277097902,0.2900940352394568
23267,0.231588837326731,0.2674304239181438,0.3731270138285349,0.1278537249265903
23268,0.31340449926924935,0.1792673213525365,0.1500346036179786,0.35729357576023557
23269,0.28564092723749224,0.46808953230079364,0.07148996295545194,0.17477957750626222
23270,0.1956090276088847,0.28403795688702516,0.45452060112912085,0.0658324143749693
23271,0.44462375628380374,0.1313741593674096,0.12188159603239168,0.302120488316395
23272,0.1529785144145512,0.2736046721649705,0.48152089165785955,0.09189592176261875
23273,0.2063911926090603,0.48500923661268297,0.12083534432680876,0.18776422645144786
23274,0.49117250570718507,0.1687473530416578,0.1406153144962448,0.19946482675491237
23275,0.16165000889183478,0.23389284638328653,0.3742377856983558,0.23021935902652288
23276,0.13023358206562202,0.4951315205013926,0.18916812766310098,0.18546676976988438
23277,0.4300052556251068,0.35249942153741864,0.06338593082355362,0.15410939201392096
23278,0.08863381814389211,0.11399898738878904,0.444227558484975,0.35313963598234377
23279,0.37517754118312724,0.30533901040943495,0.12410272319021913,0.19538072521721858
23280,0.3035962992667781,0.2201578087324205,0.2220720981398039,0.2541737938609975
23281,0.15010752029180988,0.4396844568142634,0.2061868529230916,0.20402116997083516
23282,0.24270494980320956,0.4022075720894634,0.1613222702478594,0.1937652078594676
23283,0.11550301945440676,0.3025065137337876,0.3456413427618023,0.23634912405000333
23284,0.1316476763238357,0.3037791783715603,0.2845188115901453,0.28005433371445865
23285,0.42504563351997815,0.18642881873282757,0.13808848369441817,0.2504370640527761
23286,0.23898048852055295,0.0749613477217197,0.47706795538994,0.2089902083677874
23287,0.12089085455712519,0.23224759884355922,0.41668636010533194,0.2301751864939837
23288,0.7234997619228829,0.08317690990459684,0.10430790903405508,0.08901541913846514
23289,0.1872677392943836,0.43986098849551497,0.2703147014683039,0.10255657074179758
23290,0.2796483485929479,0.28056760404750464,0.14935075042454052,0.2904332969350069
23291,0.4143264418724093,0.13167280698820397,0.1980279186727005,0.25597283246668623
23292,0.11549869220796616,0.11492220188433837,0.630324317863817,0.13925478804387834
23293,0.653205861691826,0.15459863217078115,0.08871400544360895,0.10348150069378384
23294,0.2345428539009238,0.23681911265079872,0.2096566938340911,0.3189813396141863
23295,0.2854805314094459,0.032770399769747834,0.48776067190008354,0.19398839692072276
23296,0.13216414987102135,0.23838068155515257,0.5071996306328849,0.12225553794094117
23297,0.08983234214663137,0.05387877133890203,0.5298081098716788,0.3264807766427879
23298,0.29837628404141125,0.055475775195394775,0.33815889172797364,0.3079890490352203
23299,0.3188702152600776,0.21498610439036692,0.08016766416498904,0.38597601618456645
23300,0.3409283536069555,0.1802841452349637,0.32687710904055695,0.15191039211752388
23301,0.395077109210312,0.08444351479227707,0.1003900973312779,0.420089278666133
23302,0.21169953486259244,0.14771849993908123,0.5338576109799849,0.10672435421834144
23303,0.15211422162241592,0.1970369249209381,0.3634254395482912,0.2874234139083547
23304,0.06232126951070733,0.4394546317221961,0.09305828038918192,0.40516581837791465
23305,0.3200793708717321,0.07719091743789483,0.08019649820447257,0.5225332134859005
23306,0.2669853747240973,0.4271430952399512,0.1049437007769788,0.20092782925897273
23307,0.14470898201479318,0.286591663990169,0.1758275188742751,0.3928718351207627
23308,0.29445036041603545,0.05279710845236411,0.4774212642761575,0.1753312668554429
23309,0.13488304608001145,0.1439320917415656,0.08181979764778678,0.6393650645306361
23310,0.12661432489263114,0.05459614393225812,0.5732517340164208,0.24553779715868987
23311,0.11191522919461462,0.07640060675229093,0.318336770518313,0.49334739353478146
23312,0.2277302673455196,0.12887639323041802,0.573278670753073,0.07011466867098934
23313,0.0936212927787925,0.2551908989789782,0.3046995880126473,0.34648822022958203
23314,0.49809608746258754,0.08730160178328358,0.11030739448344909,0.3042949162706798
23315,0.3637282591468452,0.14006482031790743,0.4026375630738129,0.09356935746143447
23316,0.2353360883668097,0.13842722733553176,0.32675011635151874,0.29948656794613976
23317,0.2751903457724004,0.21558474800974595,0.19016338194523266,0.31906152427262097
23318,0.09737685806587981,0.10937224185727687,0.43010286926184316,0.36314803081500013
23319,0.2892973674874129,0.18448936570688967,0.06579419402200198,0.4604190727836954
23320,0.12929128092440095,0.09837731134945754,0.31040849120093655,0.46192291652520495
23321,0.569501769577133,0.031179382079170963,0.29931700564888947,0.10000184269480653
23322,0.16946709688798375,0.08095483696677516,0.4511863734545883,0.2983916926906529
23323,0.3365546611450236,0.3650931216435004,0.058794967098627145,0.23955725011284895
23324,0.48030465845837894,0.10581068473341677,0.19468182367198153,0.21920283313622274
23325,0.051064515916419924,0.3882801671789585,0.38988454544692147,0.17077077145770006
23326,0.11633047375808984,0.16149809109918725,0.12093892585433409,0.6012325092883888
23327,0.11166639888492715,0.06140991268212959,0.6573170062989937,0.16960668213394964
23328,0.060056163843922254,0.4659949814880485,0.07080573589580265,0.40314311877222664
23329,0.25826561550733856,0.09235234308080342,0.26036340573911837,0.3890186356727396
23330,0.19128091054624619,0.09483236453640513,0.5571602569057299,0.15672646801161885
23331,0.17109766679732075,0.654916241078807,0.05171109616198316,0.12227499596188907
23332,0.13743049247616373,0.2566221012899318,0.5083878924245648,0.09755951380933953
23333,0.5871209770934313,0.10440348209660445,0.12115667917264833,0.18731886163731604
23334,0.2777385177571491,0.16497922958177744,0.1600959986722564,0.3971862539888171
23335,0.504457244887908,0.18478467820447403,0.13102577586807343,0.17973230103954463
23336,0.07078504763602678,0.20771046784673053,0.3629290757829309,0.3585754087343119
23337,0.6149455229932027,0.09979839045548453,0.13388482494033857,0.15137126161097414
23338,0.15991229875589205,0.1260734002180488,0.5547471449079114,0.15926715611814765
23339,0.09207357057830642,0.09984370855594288,0.46854685725408557,0.3395358636116652
23340,0.07776486363359546,0.1089847162402639,0.45190953655819893,0.36134088356794175
23341,0.0633871156159218,0.07790290560528022,0.6693185024641207,0.18939147631467726
23342,0.37452978083218025,0.12010896000363332,0.2535373356970311,0.2518239234671555
23343,0.20077128279563977,0.3439006566618663,0.13239880755403638,0.3229292529884576
23344,0.19712640557126507,0.18884991814803356,0.2147820244768753,0.39924165180382615
23345,0.10026088224617338,0.2023257589994359,0.2186754891024687,0.47873786965192205
23346,0.22027374048648105,0.3914415365840369,0.11775827488524786,0.27052644804423415
23347,0.3136763853864969,0.2205534597637464,0.14823461923170972,0.3175355356180469
23348,0.12927637213581428,0.2665275393580042,0.29708439888916505,0.30711168961701646
23349,0.16756422063609283,0.24974682494302083,0.4601654931372458,0.12252346128364047
23350,0.19726167390023763,0.4786292558796592,0.07659944060259624,0.24750962961750692
23351,0.09985884578403333,0.22009626848395775,0.32148715912318787,0.35855772660882107
23352,0.13312039678714516,0.16864008529856117,0.3981016502786007,0.30013786763569283
23353,0.08409139471616442,0.3651329703782753,0.20340544710504188,0.3473701878005184
23354,0.10446312498468917,0.49747414583412963,0.12415845371795445,0.2739042754632267
23355,0.1852721435252506,0.3908475953044702,0.0894910096521698,0.3343892515181093
23356,0.2967639505493404,0.12191414643637415,0.39394895931231927,0.18737294370196622
23357,0.12928232205669404,0.40395175900473096,0.13890511514345003,0.32786080379512494
23358,0.2160038989160483,0.09105496458409007,0.3698634122282517,0.32307772427161
23359,0.32239955685520943,0.16927130670026624,0.23113358815392462,0.27719554829059967
23360,0.40314777776182775,0.3311946795763591,0.13420904073908468,0.13144850192272853
23361,0.08587893157464366,0.13762683456086533,0.48927299490442944,0.2872212389600615
23362,0.1903973938299081,0.2557299310057776,0.23087281585237895,0.3229998593119353
23363,0.16183049691375562,0.32343578822082747,0.2888552498435462,0.22587846502187064
23364,0.16404582640654383,0.21632663729948623,0.24611436014408455,0.3735131761498854
23365,0.3209461059637001,0.21097517975285482,0.24794830482324182,0.2201304094602032
23366,0.18880689775673595,0.06929806457455916,0.44937515220020213,0.2925198854685027
23367,0.12553614799571802,0.23431945841023993,0.5292416761252123,0.11090271746882963
23368,0.09530605900130411,0.28766971166534844,0.39322510042853553,0.22379912890481193
23369,0.30538344920802063,0.2587596275200183,0.18036589759160584,0.2554910256803553
23370,0.18697104749411533,0.11684364364717162,0.47417210158327355,0.2220132072754396
23371,0.6569933123683432,0.05897038881518099,0.11228498498172543,0.1717513138347504
23372,0.42101894017588787,0.09175816621894921,0.05365813267688838,0.43356476092827445
23373,0.13987212209490532,0.3058983071092507,0.3436550844933978,0.21057448630244616
23374,0.04284394069849199,0.2899375618528137,0.5429972449094529,0.12422125253924138
23375,0.23434373031214256,0.33046032510088275,0.27112951129761326,0.16406643328936144
23376,0.25285262182668866,0.25771143819815007,0.3825010972457252,0.10693484272943611
23377,0.2074471069432525,0.22342530412108244,0.4328631302535539,0.1362644586821111
23378,0.5568454466109488,0.07095742237854724,0.21431201137733696,0.157885119633167
23379,0.14378742712513304,0.11079987462034824,0.4133643233589019,0.3320483748956168
23380,0.24785060312290222,0.3166862557320024,0.1552280030522319,0.2802351380928635
23381,0.1508306552481238,0.2952374664251572,0.2551809384887122,0.2987509398380069
23382,0.08876352105563812,0.08061324499261607,0.49328609591421,0.3373371380375357
23383,0.10714211950405673,0.5911482525228267,0.1193126310088508,0.18239699696426584
23384,0.6254212744539723,0.10461437968480708,0.14357897714333392,0.1263853687178867
23385,0.18955698077474384,0.41097483832775006,0.3225112904402436,0.07695689045726244
23386,0.19946801271904066,0.4442730069309097,0.05164802167008433,0.30461095867996524
23387,0.2529715113863275,0.21820350876294203,0.10131269767783821,0.4275122821728922
23388,0.12961425229414555,0.20626557255052402,0.36613491960396666,0.2979852555513637
23389,0.05854158498967775,0.09531248096570806,0.39038587446578776,0.45576005957882637
23390,0.16974699042140215,0.42718685687575303,0.2933470300087032,0.10971912269414168
23391,0.11757945720299388,0.35144158999674685,0.43722807844774214,0.09375087435251724
23392,0.13652448142929283,0.25864159992381647,0.5483384910219061,0.05649542762498452
23393,0.04807709659057965,0.5979053602194475,0.30082474364789835,0.0531927995420744
23394,0.34616038700994617,0.31137482776934233,0.27618591689993205,0.06627886832077935
23395,0.13611512500640255,0.3358358217826051,0.4329692351638302,0.09507981804716208
23396,0.42187314795957426,0.2764894720347511,0.19528122632876185,0.10635615367691281
23397,0.3365532183696959,0.35534375001344226,0.20550012652853555,0.10260290508832628
23398,0.1797046831813359,0.6205282304053661,0.16462432658647314,0.035142759826824944
23399,0.0984311443665404,0.5608738404465421,0.23243405818426408,0.10826095700265334
23400,0.40055325136948816,0.18400217833619148,0.3075442169218137,0.10790035337250657
23401,0.3139640060651365,0.37134754549449334,0.20190537526834074,0.11278307317202936
23402,0.061796987786234756,0.4860819573420227,0.4176617866578447,0.03445926821389772
23403,0.1969452035812233,0.3230756163817765,0.3498876123759034,0.13009156766109684
23404,0.09402004788845802,0.6071961902810723,0.2554970034476727,0.043286758382797046
23405,0.11003769234089572,0.43972212436622243,0.3387688973979987,0.11147128589488318
23406,0.5079201930206501,0.23086012463486066,0.2123188509707601,0.04890083137372909
23407,0.2611684249542681,0.2874292055518774,0.2704812075401231,0.1809211619537313
23408,0.34517715913271524,0.2930017472900158,0.25559327115356606,0.10622782242370284
23409,0.41744823218108806,0.3026931114347518,0.20197024399846572,0.07788841238569441
23410,0.21400147643332934,0.38288390589103516,0.28452177062744166,0.11859284704819376
23411,0.1921081999713894,0.43484889739753196,0.2815097489174353,0.09153315371364344
23412,0.134694597805003,0.600731370348118,0.18576884045983372,0.07880519138704532
23413,0.317535176740411,0.32492923920289535,0.25094696446963616,0.10658861958705747
23414,0.2764459952863462,0.5024633537549492,0.11705352248359956,0.10403712847510506
23415,0.2455211362574193,0.5308155449781496,0.1640695097134777,0.05959380905095332
23416,0.1580611137008815,0.6611331765893649,0.12884413067514283,0.051961579034610766
23417,0.4630460113459313,0.17027384446693442,0.2786857991664238,0.08799434502071053
23418,0.1637813191790713,0.33245102430539386,0.3366613269044436,0.1671063296110912
23419,0.2104446010230028,0.3950500908624607,0.24785187075989795,0.14665343735463854
23420,0.2223985193151368,0.12586104601059642,0.5827648244057004,0.06897561026856634
23421,0.5067928275963106,0.30397229160902334,0.09494932836625669,0.0942855524284094
23422,0.2892247618650429,0.1425718772458277,0.4362352530820984,0.13196810780703097
23423,0.34471304286884125,0.15579987514610183,0.4492431144895732,0.05024396749548371
23424,0.2915626840220759,0.17838545272985842,0.3490819493847095,0.18096991386335615
23425,0.33991064880793437,0.3916544185147586,0.14537996682664545,0.12305496585066157
23426,0.1736487003737837,0.5136765427395555,0.2188066490842519,0.09386810780240877
23427,0.37276314786141923,0.08635607364937538,0.4966145656623032,0.04426621282690219
23428,0.30699169747234745,0.22116627016260257,0.3487258781372189,0.12311615422783113
23429,0.20879675872274683,0.6302103499280637,0.09764898614793985,0.06334390520124965
23430,0.46285107602332015,0.2584463676089245,0.22844750495154464,0.05025505141621081
23431,0.2400394797687323,0.4755710723838282,0.24501596046616667,0.03937348738127285
23432,0.3473296674323131,0.22923941107282,0.28417524398554533,0.13925567750932166
23433,0.4454618051534625,0.3088102052006645,0.17509483854633817,0.07063315109953489
23434,0.2360840402644025,0.2780989654682378,0.40191616308081973,0.08390083118653993
23435,0.38325126303429247,0.3273324719905351,0.1633847322561908,0.12603153271898165
23436,0.4160613645465014,0.2586292466411802,0.20369076305036848,0.12161862576194994
23437,0.2737360905386469,0.436769239651119,0.19370212424315753,0.09579254556707655
23438,0.181968809659548,0.1612856587524436,0.600605382453655,0.05614014913435336
23439,0.2287265382624096,0.40885112608992213,0.22627294493807965,0.13614939070958865
23440,0.42486052682476105,0.3052897574040925,0.20344108984079354,0.06640862593035292
23441,0.19709147374535682,0.24074379406557517,0.37950344820219417,0.1826612839868738
23442,0.45944416924082937,0.3285108687507716,0.1286749141183083,0.08337004789009073
23443,0.3837267413728915,0.2564363743805855,0.2809405299545644,0.07889635429195868
23444,0.1498271090278767,0.27246971498184636,0.5396857938967616,0.038017382093515316
23445,0.1200164374048079,0.17034470419036887,0.6625566000712625,0.047082258333560674
23446,0.68943919976199175,0.13512073263402136,0.10336364700700293,0.07207642059698391
23447,0.2732164500624326,0.1225377576041283,0.32361462963004073,0.2806311627033984
23448,0.19934185680799626,0.23179217945651218,0.11884784035576183,0.45001812337972974
23449,0.45807384966784065,0.09525246313229421,0.17424397907863656,0.2724297081212285
23450,0.06605789433968981,0.16487614357307048,0.34168367869719146,0.4273822833900482
23451,0.16728316597673404,0.2594271567138167,0.27078081866677794,0.30250885864267124
23452,0.07733615014596718,0.5216619483270999,0.05404160696591019,0.34696029456102284
23453,0.3913785952154902,0.1659243933446953,0.20039617567681287,0.2423008357630016
23454,0.21364539960680634,0.14235702523678637,0.06893052356055801,0.5750670515958494
23455,0.2777612976715095,0.12458201978991916,0.1076835428981461,0.4899731396404252
23456,0.10771812798166906,0.7027648256554881,0.040992597330160245,0.14852444903268258
23457,0.12425003776147946,0.103234607025392,0.244004088903367,0.5285112663097615
23458,0.04436010918740819,0.36637797176393094,0.2516139779472875,0.3376479411013734
23459,0.2595899991987078,0.38706664886180975,0.06314914475467764,0.2901942071848047
23460,0.15365576381114618,0.6858297663500761,0.06567809240503414,0.09483637743374357
23461,0.037369793062593346,0.32241740114153855,0.3756287820119494,0.26458402378391876
23462,0.46680720715459617,0.2865578037932325,0.08051091120159394,0.1661240778505774
23463,0.07090955939986264,0.12707862872303227,0.46304161422324147,0.33897019765386366
23464,0.09218828415446828,0.0706430859275595,0.43530825332249096,0.4018603765954813
23465,0.3095054142124995,0.3155817247329614,0.11189435629207128,0.2630185047624678
23466,0.30983606214519316,0.12919755397832558,0.16599963907304474,0.39496674480343646
23467,0.04417461575744895,0.6473287666427188,0.0871947266636878,0.22130189093614447
23468,0.43896980641093003,0.12058352336738785,0.10677739580265104,0.333669274419031
23469,0.11761406014346792,0.06499328489574492,0.7399203029449685,0.07747235201581862
23470,0.43120281592191084,0.2991496087664641,0.17952231294642812,0.09012526236519684
23471,0.051777168742302405,0.36232419614422906,0.4875070277217584,0.09839160739171005
23472,0.24146638846060245,0.3319313855739683,0.26636928210265726,0.160232943862772
23473,0.16724900877070004,0.13851849980676895,0.46840881186111194,0.22582367956141897
23474,0.2674511884496853,0.11959885172688041,0.3310891101937399,0.28186084962969443
23475,0.13297794574673458,0.5540012271598946,0.09514044985710078,0.21788037723627007
23476,0.19482618012146724,0.5413726720246119,0.11313034066059334,0.15067080719332754
23477,0.3866431230041129,0.0916353693836479,0.2924014869127787,0.22932002069946053
23478,0.1550513061859511,0.5127835180058175,0.17122073095862833,0.16094444484960324
23479,0.0743915218344852,0.19998278637283845,0.3086379943571794,0.41698769743549696
23480,0.058241762282792854,0.43381677103841904,0.4115958965448466,0.09634557013394152
23481,0.21976584861826468,0.5948690345455847,0.1075784723269305,0.07778664450922007
23482,0.6803925991279232,0.0705479564946098,0.13863847105044866,0.11042097332701831
23483,0.17285344034670352,0.2558050008260013,0.281877265129369,0.28946429369792614
23484,0.07154245097441983,0.27972845727029844,0.5851760317523492,0.06355306000293255
23485,0.22181314631729332,0.3179244001649046,0.045790655739654004,0.4144717977781482
23486,0.04247687626407557,0.2995851243087646,0.1298920546544821,0.5280459447726777
23487,0.1837094760999028,0.3392258731041269,0.036921403353099735,0.4401432474428704
23488,0.15553065539988772,0.4325228815632696,0.06036044953917308,0.35158601349766955
23489,0.17424488765987467,0.06552096112014066,0.17278300839686891,0.5874511428231157
23490,0.08770216473918216,0.05618036945937425,0.25038155040287213,0.6057359153985714
23491,0.08574644269707138,0.14760722864035358,0.18266618405297963,0.5839801446095955
23492,0.06373318084107114,0.3728849246109115,0.21885348520350503,0.3445284093445123
23493,0.08283708557146464,0.133381910353645,0.10590987733664686,0.6778711267382435
23494,0.17336655814580296,0.41848839905574714,0.05747109366289175,0.3506739491355582
23495,0.10801040246652928,0.6389029283316298,0.06668579919580027,0.18640087000604058
23496,0.12041157175338223,0.28997925538807434,0.039112152112968555,0.5504970207455749
23497,0.12621258017562176,0.4832886312511119,0.07698971096298222,0.3135090776102841
23498,0.17939972084115802,0.0603841874856848,0.22518111266998767,0.5350349790031695
23499,0.04985033270037457,0.07798007653542881,0.18924231036371428,0.6829272804004825
23500,0.05776732656501682,0.17170892396435275,0.3386974612146422,0.43182628825598823
23501,0.34533144528746623,0.06729769004612485,0.2472850213334639,0.340085843332945
23502,0.13787047686076714,0.07819213976495148,0.30290108161565493,0.48103630175862655
23503,0.47021171563151526,0.08067560917750995,0.05655318933973237,0.3925594858512424
23504,0.34475350320732967,0.3121943242608266,0.16668240842341678,0.17636976410842695
23505,0.053657673010615706,0.3309132365461204,0.4638402795354074,0.15158881090785653
23506,0.4231825824024851,0.0628042125402847,0.4262521350269627,0.08776107003026762
23507,0.6151140626068674,0.19221488054150757,0.10891553340635841,0.0837555234452666
23508,0.14263226221343356,0.18330629066206983,0.3031770617196806,0.3708843854048159
23509,0.32091951930079393,0.30900733941458614,0.1005746190530311,0.2694985222315888
23510,0.32510229179989164,0.09688316161449156,0.27746809136294315,0.3005464552226736
23511,0.33745375506543046,0.12683528615439818,0.09025372836829568,0.4454572304118757
23512,0.594649117535555,0.23358728346640267,0.07937058264709888,0.09239301635094337
23513,0.13690476953792888,0.2985195968353024,0.0992071636583177,0.4653684699684511
23514,0.29611522195475926,0.12900667478510378,0.267396126081553,0.30748197717858394
23515,0.5838259757411204,0.08210944734474719,0.24676669988409428,0.0872978770300382
23516,0.2948406858815194,0.12891493611619914,0.36116378105749236,0.21508059694478912
23517,0.5221190821971994,0.1876412001470132,0.0993112594635575,0.1909284581922299
23518,0.12849699544549198,0.07540542749386116,0.7098705173269344,0.08622705973371249
23519,0.1266891609368096,0.4221077298057585,0.11160535880166475,0.3395977504557672
23520,0.43397229228865236,0.1181866806897494,0.1738641645211876,0.2739768625004107
23521,0.17330859813101668,0.5103187149840335,0.22409383809427158,0.09227884879067834
23522,0.13259224075833848,0.2871849094509793,0.271669967544668,0.3085528822460141
23523,0.11442186471294356,0.6712561271592125,0.1320550587807196,0.08226694934712439
23524,0.04316761632107507,0.7763473468740184,0.07185170625333846,0.10863333055156808
23525,0.26659368963233504,0.2137882452875975,0.1363045257824237,0.3833135392976438
23526,0.14219182781626014,0.2852912058296941,0.476831716490607,0.09568524986343872
23527,0.14902218114043803,0.306573427208019,0.33500119059148803,0.20940320106005497
23528,0.056938225502817144,0.7173979174961889,0.13599588692945824,0.08966797007153575
23529,0.19259692578324217,0.4856086057327234,0.0864284529431952,0.2353660155408392
23530,0.12441910579240176,0.08788461877563596,0.6809123378738006,0.10678393755816167
23531,0.485644085979434,0.07078652544930343,0.12519718271904376,0.31837220585221887
23532,0.25636669399752054,0.24266891577735028,0.1422203239804601,0.35874406624466904
23533,0.3073724973504113,0.2363689505607061,0.1715381274734581,0.28472042461542457
23534,0.2999661035794958,0.09529533716547044,0.2667441692882994,0.3379943899667343
23535,0.16768736813483962,0.12409865456087195,0.23507204829201775,0.47314192901227065
23536,0.1703312809980909,0.12379022441377774,0.3806651155737195,0.32521337901441183
23537,0.2584409209961701,0.33177437638734547,0.06775808325318715,0.34202661936329726
23538,0.4308760532691728,0.21741049485221578,0.07143190097390865,0.28028155090470275
23539,0.12892780088869285,0.15450398979061974,0.21440665123044247,0.502161558090245
23540,0.09197519898367067,0.07545277425309693,0.4645457850420334,0.3680262417211989
23541,0.13696755745645808,0.3820965313530415,0.10547320161845093,0.3754627095720494
23542,0.04429430573235109,0.23117628356989836,0.4559755018142781,0.26855390888347247
23543,0.3590606280153216,0.20837704583979863,0.10581263641232816,0.3267496897325515
23544,0.043944315455543934,0.1337618141767411,0.7228686764596203,0.09942519390809473
23545,0.20080962134378375,0.14260510801295834,0.09568327765683832,0.5609019929864195
23546,0.04152658726974386,0.10008857631243019,0.7359076541418514,0.1224771822759744
23547,0.28142838115124985,0.4418159302985965,0.03709888284452389,0.23965680570562975
23548,0.31491901728924593,0.14978326583611606,0.06856614279160167,0.4667315740830362
23549,0.29142209366078164,0.1208663165319143,0.16984774721594206,0.41786384259136194
23550,0.08880465256274442,0.2438628577971332,0.1358476113152403,0.5314848783248821
23551,0.3862028990512272,0.17005852399924945,0.2682065496036164,0.17553202734590698
23552,0.05027029540801614,0.44984513944172283,0.45969671196535394,0.04018785318490719
23553,0.05305380909609541,0.6487688725116194,0.12096533265762224,0.17721198573466293
23554,0.520660883700386,0.22103306508621084,0.1406017918233165,0.11770425939008673
23555,0.04415476705916453,0.253714223519595,0.5844788634028414,0.11765214601839909
23556,0.39093527533362216,0.1565476057118161,0.13315588903893094,0.3193612299156308
23557,0.05788915370412644,0.07320880840181986,0.6238942961201193,0.24500774177393445
23558,0.20148468766428004,0.1498307019822976,0.4287424288347075,0.21994218151871486
23559,0.24138360490940874,0.09430267751089813,0.33639003508635035,0.3279236824933429
23560,0.09761702618698823,0.12324792036169614,0.4371305120729767,0.34200454137833897
23561,0.4770186711953734,0.2798634047782035,0.1811601734443433,0.06195775058207983
23562,0.4971523673240626,0.10158309010667017,0.09239373617317306,0.30887080639609416
23563,0.141757691056317,0.40075782965631246,0.2888117785566892,0.16867270073068133
23564,0.09787360220290564,0.4416439212089277,0.24311915440801365,0.21736332218015295
23565,0.10139410141173291,0.09775183327486146,0.6715085132854443,0.12934555202796136
23566,0.4824840912970387,0.21595650436271435,0.08451763559821296,0.21704176874203404
23567,0.17435833347335716,0.6344151646015098,0.09294725483431347,0.09827924709081957
23568,0.23533874254920972,0.604743730822264,0.056441621676217135,0.10347590495230927
23569,0.6117500185356887,0.14219566549208376,0.15725675012331092,0.08879756584891671
23570,0.16465351708661075,0.6814755374174633,0.07321332920067047,0.08065761629525559
23571,0.16173713490927533,0.11089169933355666,0.3648756685560571,0.36249549720111096
23572,0.2277218414728926,0.5145233814900544,0.062450000286375526,0.19530477675067753
23573,0.16954802581634745,0.11484173745456236,0.22101201657875033,0.4945982201503399
23574,0.058576824368163416,0.5704502991317886,0.2248720084404622,0.14610086805958591
23575,0.07268819259003395,0.3247208782831499,0.26946323938345296,0.33312768974336315
23576,0.19853242937824844,0.12560594027634747,0.24650312426142443,0.4293585060839797
23577,0.7063884661678482,0.07149304905527046,0.11115370922317935,0.110964775553702
23578,0.29063588962600956,0.15505709357179134,0.11955691162687805,0.434750105175321
23579,0.08017391501687166,0.5311395420218495,0.11474171795831406,0.2739448250029649
23580,0.22805731926424722,0.5449548986881118,0.06659678515472735,0.16039099689291358
23581,0.19898366464973036,0.2855349357052197,0.32547001111252655,0.19001138853252333
23582,0.10008999793640594,0.28328070518864007,0.5269614184908608,0.08966787838409328
23583,0.7363257705110278,0.0756958020468544,0.07712267476232726,0.11085575267979059
23584,0.5623770975921306,0.18584549293389022,0.10405195200413155,0.14772545746984755
23585,0.6199324932973044,0.21894155559541056,0.07467357010489167,0.08645238100239334
23586,0.2592475556290729,0.3649561846380384,0.23508127776704854,0.14071498196584
23587,0.1948315948725614,0.12759556863469898,0.44081910465128943,0.23675373184145013
23588,0.24806291987461773,0.11426511953794265,0.33355753187644865,0.3041144287109909
23589,0.7003743097820361,0.0763936327114225,0.08325373282112654,0.1399783246854149
23590,0.39472416396555926,0.15779686388016484,0.17822758787680598,0.26925138427746986
23591,0.7106271247984551,0.0708867876353246,0.11378147893157513,0.10470460863464517
23592,0.533752082535467,0.11553440782376094,0.09177985714104964,0.2589336524997224
23593,0.057975818097263425,0.5812256335135626,0.1805491785696874,0.18024936981948644
23594,0.618148983129248,0.05602364681941207,0.24336353671310204,0.08246383333823787
23595,0.21517563108661047,0.11365742423848217,0.5849613604407474,0.08620558423415994
23596,0.12362257648863674,0.3539363139192165,0.2554839834234256,0.2669571261687212
23597,0.33519795304783134,0.11956230753760655,0.2971960027722687,0.24804373664229337
23598,0.6699371819855308,0.0998297966281404,0.07066371264467564,0.1595693087416531
23599,0.1726168182694964,0.4351415379889372,0.17164048771731516,0.22060115602425134
23600,0.19793365243195155,0.427545120046829,0.19907015667604,0.17545107084517944
23601,0.1129915477487597,0.5672048614424581,0.20108723248823127,0.11871635832055094
23602,0.08724567888826842,0.756261850282342,0.0778355756975649,0.07865689513182471
23603,0.10822617391773916,0.2972764171720461,0.41086274764042036,0.18363466126979439
23604,0.1853882415312134,0.6342899405595364,0.08316453659166248,0.0971572813175878
23605,0.46545915962769585,0.1415715018991507,0.14787947600618664,0.24508986246696676
23606,0.33465143402143926,0.32427814595212273,0.12415106506154427,0.2169193549648937
23607,0.20413313478614215,0.3002949196529163,0.21694783503908427,0.2786241105218573
23608,0.5056475861539422,0.13444232018639451,0.12278144658694594,0.2371286470727173
23609,0.4063737884929222,0.16561385589621536,0.2285469821071259,0.19946537350373664
23610,0.2431010173393924,0.505464769854194,0.11903304270030976,0.13240117010610383
23611,0.08403121916551337,0.14222567814864806,0.6419951956373727,0.13174790704846578
23612,0.17440433305478029,0.40909384288217376,0.18396702867887,0.23253479538417593
23613,0.41454331865227023,0.20018515669557582,0.33226950995976723,0.05300201469238672
23614,0.1646320615100165,0.6661344812561026,0.10294185257698736,0.06629160465689347
23615,0.262336403788501,0.32781222727850756,0.12535829924072286,0.28449306969226856
23616,0.3232695956802149,0.1270485002787136,0.4687071681092851,0.08097473593178647
23617,0.1479543088539316,0.6172527321500424,0.10495174067820542,0.12984121831782053
23618,0.3619443556696633,0.03777122341905101,0.2447578532466235,0.3555265676646622
23619,0.08217095982809419,0.23587156964467823,0.22109313272976494,0.4608643377974626
23620,0.08574345024752225,0.2132256027119932,0.04580863083262108,0.6552223162078634
23621,0.35257593424040373,0.1490883211036761,0.09333240677772581,0.40500333787819437
23622,0.22353855379325116,0.25206732158190054,0.06123788321553414,0.46315624140931405
23623,0.05914548853934,0.10295022456940897,0.06904611865784378,0.7688581682334072
23624,0.07410990833845274,0.6954343013051906,0.0789751133937911,0.15148067696256556
23625,0.16080759155001237,0.14133868411030354,0.19923142393752816,0.4986223004021558
23626,0.08220845958656373,0.4161835703695367,0.14377634395702787,0.35783162608687175
23627,0.17793905350276887,0.04595171038126713,0.525789563815038,0.2503196723009259
23628,0.24621113028341926,0.13663471575867986,0.06451804888637096,0.5526361050715299
23629,0.21640878269398314,0.1594368701482497,0.13049583413238927,0.49365851302537783
23630,0.30645804873550253,0.3209926880788551,0.12615372676087436,0.24639553642476802
23631,0.04245266682452853,0.22011211890655646,0.3853551684845697,0.3520800457843452
23632,0.06547706218768506,0.044352802406426445,0.3192786407965132,0.5708914946093753
23633,0.15253215553515137,0.4299226907014558,0.09667366097582829,0.32087149278756455
23634,0.6625430926474377,0.11198555087158707,0.023221633751795555,0.20224972272917963
23635,0.033392048689605304,0.26463713062736177,0.09668401970821898,0.6052868009748139
23636,0.07760567137440924,0.373061056604219,0.24908757282556812,0.3002456991958036
23637,0.27000743738661165,0.4684903839912795,0.1353991586390847,0.12610301998302406
23638,0.6420271463003714,0.14707821818374703,0.13587798456719313,0.07501665094868847
23639,0.24247577300319795,0.15559841613024955,0.4854953803889154,0.11643043047763708
23640,0.3034297444691242,0.11712708760762035,0.48447214193283716,0.09497102599041826
23641,0.1189456676496642,0.3892045998457377,0.2978970584898414,0.19395267401475674
23642,0.14975607091868365,0.16523360098669265,0.5013197100188644,0.18369061807575932
23643,0.27850325764267514,0.5147852747522357,0.1590404728518414,0.04767099475324772
23644,0.2831950923862659,0.36396731866064524,0.17921635617211507,0.17362123278097374
23645,0.14609047615155674,0.4328388470256645,0.2325017290523196,0.18856894777045913
23646,0.1951331453241772,0.4194847646337943,0.22904296034707722,0.15633912969495128
23647,0.1723944465498569,0.6096565721976281,0.10826366733550888,0.10968531391700603
23648,0.24067904599502649,0.5720150117955869,0.08839489784277572,0.09891104436661079
23649,0.28099411522479756,0.2852788942303082,0.2566013460827093,0.17712564446218496
23650,0.2223018648160726,0.3333969331872914,0.20900183268783257,0.23529936930880338
23651,0.12689715486544298,0.5848823444591708,0.17522594508993733,0.11299455558544898
23652,0.10135805799743963,0.16948068729622892,0.6760978755021478,0.05306337920418358
23653,0.11797563975870673,0.10431339272321216,0.6994834968466077,0.07822747067147336
23654,0.08360405954824082,0.17596959226151626,0.6175744323500502,0.12285191584019278
23655,0.2273551854897905,0.47636062287272246,0.1809177210849197,0.1153664705525674
23656,0.21805385463693644,0.18281697367269523,0.2435632865460802,0.3555658851442881
23657,0.5155672294097567,0.21578922664468506,0.11649574277295995,0.1521478011725983
23658,0.3489982395983892,0.1124206339404172,0.26100422369412185,0.2775769027670717
23659,0.5914250659256155,0.23944358988757183,0.09843758180021732,0.07069376238659535
23660,0.2945032188472843,0.2491778591260819,0.1335026533985294,0.3228162686281044
23661,0.2417194414639784,0.14084847505441755,0.18841484101013836,0.4290172424714658
23662,0.1662921600879346,0.4106677048854676,0.1519507382100531,0.27108939681654476
23663,0.2599525387110433,0.23388795156253078,0.2592362698572906,0.2469232398691354
23664,0.12107613731912892,0.3853687945831444,0.15060564096753412,0.3429494271301926
23665,0.31446954514653735,0.30023024273848975,0.08360547676015008,0.3016947353548228
23666,0.32484071277133825,0.10638989330051564,0.3244601737949384,0.24430922013320772
23667,0.24649205991068843,0.09712318366089699,0.554943494774884,0.10144126165353054
23668,0.5062536951885426,0.09420391664783538,0.1557673663330406,0.24377502183058147
23669,0.2639006525507075,0.342033294180054,0.13819036425743886,0.2558756890117997
23670,0.2277250626394285,0.09725143662247196,0.5367246756846653,0.13829882505343424
23671,0.09455163105882916,0.28658106856987464,0.46623327224523053,0.1526340281260657
23672,0.22775921809087438,0.22624284475630266,0.3081764203660088,0.23782151678681415
23673,0.4019780930042159,0.44071549013144423,0.08023322934965477,0.07707318751468513
23674,0.04406328525600231,0.30010321187029443,0.5661700897518037,0.08966341312189961
23675,0.0856269710686073,0.5096847933139306,0.09021697627424799,0.3144712593432142
23676,0.14879202375803005,0.1737985437391667,0.11274579439465647,0.5646636381081467
23677,0.18459909019912993,0.3053509301200746,0.24126568732956225,0.26878429235123324
23678,0.42077914300012337,0.12570628127658176,0.05772066091423438,0.39579391480906045
23679,0.3802495143901478,0.13040401677101474,0.37328874394304024,0.11605772489579723
23680,0.049611949084124446,0.13999474220733427,0.5733054101619762,0.237087898546565
23681,0.10891288196831911,0.2100896460000573,0.5784435380394346,0.10255393399218908
23682,0.07218289199323706,0.3241130117423241,0.3936931004906322,0.2100109957738066
23683,0.404502753556524,0.14091445469241418,0.16808995262571114,0.2864928391253507
23684,0.11637792121047352,0.5817245710296943,0.12281444600117623,0.17908306175865588
23685,0.288334837652532,0.30460718224952893,0.31745037966202744,0.08960760043591165
23686,0.069873183199718,0.07672856440392704,0.45786596513706695,0.3955322872592881
23687,0.11358554348694967,0.1287149021652138,0.3031074783637083,0.4545920759841282
23688,0.2325906201987272,0.12594876485411177,0.09289089765382808,0.548569717293333
23689,0.13553248512144955,0.2555450289049689,0.47029180603596576,0.13863067993761571
23690,0.33262583586499006,0.24141994255701857,0.050611807570235284,0.37534241400775614
23691,0.1098559061090757,0.22509251185551143,0.3977025591207181,0.2673490229146947
23692,0.058697446206718525,0.4583714155527297,0.10784098353834,0.3750901547022118
23693,0.09230955630293283,0.37822608789091794,0.3800868409403792,0.14937751486576997
23694,0.08828324322533482,0.32387610281679363,0.29302281693273374,0.2948178370251378
23695,0.08796708552916405,0.4972572555196107,0.17993698638242925,0.23483867256879606
23696,0.5817381552092612,0.29165322572206737,0.04803173665383829,0.07857688241483313
23697,0.3191385163779231,0.0799445740428943,0.379822662977318,0.22109424660186455
23698,0.20042553181412118,0.36607025254154807,0.17141188689712855,0.2620923287472023
23699,0.1595095089716319,0.5190576701898625,0.10724238281076427,0.21419043802774132
23700,0.33879301748555196,0.03477932638366737,0.5203167513288744,0.10611090480190617
23701,0.054979438362510444,0.4952237077871101,0.21817412231104083,0.23162273153933866
23702,0.13889851048259383,0.1615817150461106,0.5550116556031768,0.14450811886811887
23703,0.1045881228440771,0.5450215248579706,0.20464280982079983,0.14574754247715235
23704,0.25276054977415896,0.18333210830247507,0.29917615515751056,0.26473118676585544
23705,0.16715825922592026,0.48519217529256226,0.14945890696379877,0.19819065851771872
23706,0.4448636676414328,0.13680223800947805,0.2349938395506869,0.18334025479840224
23707,0.17345231940107725,0.6857643072830173,0.06161170809496585,0.07917166522093956
23708,0.14655702441894883,0.5310032082797003,0.16015836192614247,0.1622814053752085
23709,0.2119369413281673,0.2619737763903381,0.15135610133227848,0.37473318094921615
23710,0.4808874616714986,0.19493872028987552,0.08917855634568868,0.23499526169293722
23711,0.06793174685627512,0.5221185397402958,0.2855703904896979,0.12437932291373112
23712,0.1668030726841176,0.11391208545074619,0.5112326630101435,0.20805217885499275
23713,0.1056351354484051,0.35958173043397873,0.3191302720078471,0.21565286210976917
23714,0.16256124423982532,0.15147270808614258,0.5441102982244784,0.14185574944955381
23715,0.24065628509919523,0.1379458738848925,0.387219706768303,0.2341781342476092
23716,0.42868907861268313,0.19430027926586482,0.1256693908419782,0.2513412512794738
23717,0.2639502573860209,0.44516754337757763,0.07360822247380049,0.21727397676260096
23718,0.1518807555122128,0.19722414669388813,0.4109694962751731,0.23992560151872588
23719,0.3074540046170636,0.36953140372221543,0.0901835171144796,0.23283107454624136
23720,0.1503650209189876,0.15966669532924377,0.4708261171563639,0.21914216659540475
23721,0.475399245341872,0.1420116285044462,0.2959685660577611,0.08662056009592058
23722,0.10948735374700011,0.2746941938104642,0.3435416728945263,0.2722767795480094
23723,0.11681659743667828,0.4578222245294497,0.2680155861815783,0.1573455918522938
23724,0.2716518534956166,0.4057624797246266,0.09375371037797221,0.22883195640178453
23725,0.237239821403768,0.10387119997941312,0.5408327813588699,0.11805619725794897
23726,0.2240231950341255,0.35399654286960824,0.22136398391903014,0.20061627817723612
23727,0.23336622923962325,0.20626754877100117,0.298529110253663,0.2618371117357126
23728,0.1911898058440534,0.30550062138322853,0.17363756028179161,0.3296720124909264
23729,0.1454421962311607,0.636484469193821,0.11791876316135974,0.10015457141365854
23730,0.2258818828690162,0.3235068866568959,0.19532923716823117,0.25528199330585677
23731,0.15686633346479378,0.26393412863827626,0.26781894763035013,0.31138059026657977
23732,0.4548793166365485,0.2354055864400143,0.1075357950330397,0.20217930189039748
23733,0.57734893184882,0.1025128376511208,0.11133752194192488,0.2088007085581343
23734,0.10713813561094325,0.08733081017176846,0.46764445712746877,0.33788659708981955
23735,0.5627876319984616,0.07855905799659925,0.16387044550853114,0.19478286449640805
23736,0.10749103935157037,0.2171223055377476,0.3749842725268056,0.30040238258387636
23737,0.10562405789844227,0.6468390158526668,0.15662446109972064,0.09091246514917033
23738,0.4248334699586182,0.16588708842056768,0.13832767836366633,0.27095176325714776
23739,0.20342042453180878,0.1615239024753594,0.18154103290125082,0.4535146400915811
23740,0.13709291634375373,0.05303109782678243,0.7330715564696481,0.07680442935981585
23741,0.07347957831569453,0.18935979775380285,0.40572509366775805,0.3314355302627445
23742,0.17486957166301131,0.2952058722833502,0.1534262927994627,0.37649826325417574
23743,0.07851558070289145,0.7689961361260171,0.0792317573580402,0.07325652581305127
23744,0.03827541159192106,0.699719426201392,0.19405536563661524,0.06794979657007155
23745,0.5952108445548752,0.10898399977659184,0.1040803580577662,0.19172479761076688
23746,0.4534130902978815,0.2445370671811227,0.11253294893742925,0.1895168935835665
23747,0.0685541444878533,0.34254260778053436,0.4573954160124884,0.1315078317191239
23748,0.29100246977670696,0.41037542495744317,0.11386752419297386,0.18475458107287598
23749,0.6148254198793279,0.21060903746621717,0.07282389747732293,0.101741645177132
23750,0.18919710515373092,0.20281088258951113,0.47877834611928255,0.12921366613747545
23751,0.20634361278878102,0.29450243955119504,0.3683793679401572,0.1307745797198668
23752,0.22651576889833572,0.3613756491712288,0.13563181352198816,0.27647676840844737
23753,0.278640204314522,0.16874065843544295,0.14269376680804288,0.4099253704419922
23754,0.2515381070570012,0.25629047820661777,0.2618797834827286,0.2302916312536525
23755,0.46387754036661477,0.2089850787504281,0.20948156396690623,0.11765581691605095
23756,0.1884002904482281,0.319953782406947,0.18712521015306224,0.30452071699176275
23757,0.25465856714892204,0.56902176555524,0.07987969683784445,0.09643997045799359
23758,0.38470152183867823,0.21788400955135592,0.11825459370431365,0.27915987490565214
23759,0.12003448178876193,0.29467344958844927,0.3960260910827237,0.18926597754006522
23760,0.3171429847507537,0.07390073202465618,0.5189295885249177,0.09002669469967246
23761,0.23944110562715343,0.18223769180175123,0.33469976863147116,0.24362143393962427
23762,0.30500771505519325,0.2467502727197541,0.2534415005732037,0.194800511651849
23763,0.48448494096438594,0.1889094355197407,0.15479724055676738,0.17180838295910597
23764,0.4476906635448668,0.08903147037627204,0.22245479337589072,0.24082307270297046
23765,0.09000852872078614,0.0996144879428083,0.5087137578562686,0.3016632254801369
23766,0.08271201066279261,0.0844330505702529,0.7757277345981299,0.057127204168824566
23767,0.26307684340810106,0.38629402245503863,0.1769659277491395,0.17366320638772081
23768,0.13970497242211632,0.1509002368041415,0.26113219739178556,0.4482625933819566
23769,0.12334694591127403,0.18589312013241058,0.4311282452034355,0.25963168875287995
23770,0.22965921655622676,0.09494368681063277,0.4923432432111793,0.18305385342196118
23771,0.06597318966896615,0.46543697466838285,0.07228866645792449,0.39630116920472647
23772,0.07875458697608165,0.23524216416812413,0.10562134466347904,0.5803819041923151
23773,0.07445800491525473,0.2532917515778529,0.5270389181768192,0.1452113253300731
23774,0.14551472038704777,0.3815171112382351,0.11721248303834282,0.35575568533637425
23775,0.425536755242726,0.23151329828004713,0.099767336213013,0.24318261026421387
23776,0.27352390918147845,0.07004046487464842,0.2895750756556423,0.3668605502882309
23777,0.19251873406152875,0.40227293676113474,0.2822437741234201,0.12296455505391639
23778,0.10778915339335875,0.41855251724266307,0.08331076867841378,0.3903475606855644
23779,0.401677088483432,0.2829305806583122,0.16442143226144426,0.15097089859681154
23780,0.3127646561143678,0.3994563390476014,0.07596627603205687,0.21181272880597388
23781,0.5756325488391684,0.18786826787831545,0.0693698763291155,0.1671293069534007
23782,0.12741883312694174,0.299965325282227,0.3010191793056298,0.2715966622852014
23783,0.3043860025239762,0.05789656749146795,0.32744197771516886,0.31027545226938713
23784,0.12166355806420089,0.07686486904951882,0.49991986330665106,0.30155170957962923
23785,0.5088892955614495,0.23551764983021922,0.06758749432740606,0.18800556028092524
23786,0.28591620369694265,0.28207156937309674,0.12437565104046183,0.30763657588949883
23787,0.5169047860303443,0.19691162358298905,0.14256585927717527,0.14361773110949144
23788,0.14124273856311054,0.4425816572903024,0.16744011250089058,0.2487354916456963
23789,0.5940205725751284,0.11017954051579752,0.084422201593733,0.21137768531534093
23790,0.04606051109354271,0.12859575536976534,0.49795892538587655,0.32738480815081533
23791,0.2587948784087502,0.07606245462723892,0.4263388308685026,0.2388038360955082
23792,0.1614498267620169,0.663201904024592,0.06904293534765314,0.10630533386573797
23793,0.21859857575115893,0.14485475994786784,0.1884632076848898,0.4480834566160835
23794,0.28133946305134183,0.1526155074167857,0.17230819764535893,0.3937368318865135
23795,0.34631773026990503,0.1518506022766517,0.08428935557987448,0.4175423118735687
23796,0.16212579347063247,0.2404165581543887,0.15917039206592368,0.43828725630905513
23797,0.43214609058137926,0.21403258079504842,0.24358908619489367,0.11023224242867868
23798,0.28454245362685743,0.068666344791254455,0.1724716923403019,0.4743195092415863
23799,0.47037373610309563,0.08285302457987818,0.09778954966132403,0.34898368965570215
23800,0.16547099810814936,0.6721936334016204,0.05621046037260482,0.1061249081176254
23801,0.06128222867475779,0.10403535699557308,0.6794825616966265,0.1551998526330426
23802,0.09406790478426538,0.6714777126274071,0.09325856558882271,0.14119581699950487
23803,0.2698832772812753,0.1851362305798087,0.11281769770553693,0.43216279443337907
23804,0.33237912131492753,0.08258154350115789,0.22164904892987247,0.3633902862540422
23805,0.2058808436001469,0.08345956421237347,0.5279866106338948,0.18267298155358477
23806,0.11914684756533943,0.3120227914802203,0.16246706151174412,0.4063632994426961
23807,0.42708020306893096,0.0959115076216193,0.11108454917236833,0.3659237401370814
23808,0.19428939321875685,0.5241729932707837,0.20664852523877947,0.07488908827167998
23809,0.49555790311088144,0.2818271915202103,0.14242060135765963,0.08019430401124862
23810,0.0781480046315344,0.7030120361148645,0.18532824803428594,0.03351171121931526
23811,0.5336457849965468,0.23467196243389493,0.17562254541382558,0.056059707155732774
23812,0.16426589380828727,0.3794925110098848,0.390475417186686,0.06576617799514203
23813,0.5672188473690932,0.207905377693911,0.13839794586214055,0.08647782907485532
23814,0.39163884744813987,0.22302764766512387,0.32134477822120383,0.06398872666553244
23815,0.11704451618108311,0.17628113936558,0.5581128779608493,0.14856146649248764
23816,0.36494896513066916,0.38629934732842086,0.17790424762652657,0.07084743991438336
23817,0.29819315429341314,0.1428547634063169,0.4508754373993079,0.10807664490096196
23818,0.1365341359231037,0.18586283890147615,0.5659400287690256,0.11166299640639456
23819,0.11438317583239646,0.6318940551907979,0.17614657638594966,0.07757619259085605
23820,0.28039516649138946,0.135445220363457,0.5045955219513775,0.07956409119377618
23821,0.1754514316637109,0.3267962677519276,0.2922297141591828,0.2055225864251787
23822,0.19476770196460697,0.40194966559750145,0.2616657416555971,0.14161689078229453
23823,0.15921236472717434,0.17162162621542365,0.5311170404228327,0.13804896863456928
23824,0.21142822369578265,0.5360741955670879,0.17645615966100694,0.07604142107612243
23825,0.5363508725194424,0.12107414643484776,0.2597611709279159,0.08281381011779393
23826,0.10900237458083537,0.5756196583732304,0.20915591505779108,0.10622205198814318
23827,0.3826050074843916,0.2559292864488907,0.13194452780025365,0.229521178266464
23828,0.048828294449510354,0.26184399168581035,0.46781797695440847,0.22150973691027084
23829,0.2776315552739135,0.23898083206274665,0.15684612925214866,0.3265414834111912
23830,0.0901708429540119,0.5574908085717576,0.1545535790891802,0.19778476938505038
23831,0.17583720513180323,0.2898225314417794,0.39591936836090286,0.1384208950655145
23832,0.15892356307368974,0.229064016287366,0.4282832067785359,0.18372921386040844
23833,0.2976317301307355,0.14075087317060037,0.340264300685711,0.2213530960129531
23834,0.4053707994748823,0.14359542043111537,0.3467404395826417,0.10429334051136055
23835,0.15788704507721818,0.34691501555891147,0.30782694809291045,0.18737099127095982
23836,0.39197544438470533,0.12312646882777344,0.14311699936447794,0.34178108742304336
23837,0.07626054005795115,0.17074210777113596,0.22786541154002707,0.525131940630886
23838,0.587657307285218,0.19532483314561092,0.09436823649600827,0.12264962307316288
23839,0.5960603355826132,0.1556841089413087,0.12278662313585184,0.12546893234022635
23840,0.2929585106883938,0.08058270878867094,0.5179352170118223,0.10852356351111295
23841,0.4020623199606545,0.1461681246429947,0.2119543033778201,0.23981525201853068
23842,0.4994827882511117,0.12890817456352013,0.14988254337863674,0.22172649380673137
23843,0.41485429555115505,0.13756570749847602,0.24159723216903264,0.20598276478133626
23844,0.5586922500208353,0.13161971509942416,0.10385451842704839,0.20583351645269216
23845,0.12366851231457611,0.12971167976611517,0.28843332067079797,0.4581864872485107
23846,0.5564284948250422,0.24725760269153008,0.1598342395586066,0.03647966292482119
23847,0.1223651846199649,0.6860398804681133,0.14642970666417263,0.04516522824774924
23848,0.05994130819789202,0.11118428688786215,0.6831487385211027,0.14572566639314305
23849,0.39687388927055295,0.15459141256298656,0.2829992421539725,0.165535456012488
23850,0.07823158841064404,0.2935796962389065,0.5119899257450438,0.11619878960540567
23851,0.6139933950421963,0.207660195612114,0.13624751555463233,0.04209889379105739
23852,0.25668016846999187,0.3673193956884692,0.2316375419744359,0.14436289386710294
23853,0.08118201915299868,0.16257076778836765,0.6820149915865539,0.07423222147207979
23854,0.6373126107366,0.12998835416924936,0.15066916395264307,0.08202987114150764
23855,0.25087497258149,0.42460039238206165,0.1251465372909894,0.19937809774545892
23856,0.3487046212174607,0.43798592934772973,0.08497028932085246,0.12833916011395707
23857,0.47485961839717217,0.4343567143852323,0.04851734895812032,0.04226631825947514
23858,0.39442465461081144,0.21399672944828335,0.28124133141170987,0.11033728452919525
23859,0.7026395807515546,0.10174236158408566,0.09756218653208777,0.09805587113227199
23860,0.20117678275907447,0.41769398370652727,0.2238555697949097,0.15727366373948856
23861,0.24737064740972226,0.07625872061657656,0.6246520458418229,0.05171858613187836
23862,0.10415234741869123,0.141666674896665,0.69619761251226,0.057983365172383776
23863,0.23956601673198877,0.1034889941688439,0.537303298280097,0.11964169081907039
23864,0.2922254477922367,0.5019871674651146,0.07064714272157666,0.13514024202107197
23865,0.06101076890461392,0.17022848468575058,0.3863488065445783,0.3824119398650572
23866,0.28460895820274495,0.31511807650069884,0.08705665418619378,0.3132163111103624
23867,0.06542654541166261,0.2787164154313263,0.09338046828182783,0.5624765708751832
23868,0.045019701721010136,0.08442981363535253,0.46731605055874936,0.40323443408488796
23869,0.23855041586730485,0.1002168405979048,0.14727319663876198,0.5139595468960285
23870,0.1482160268521463,0.06344065512167288,0.5825352338480597,0.20580808417812105
23871,0.06806720592676839,0.18282334176256068,0.5056044851172742,0.2435049671933967
23872,0.024173315999292115,0.18501500232833643,0.6045501404267334,0.186261541245638
23873,0.13493608401192034,0.35826437933089494,0.2565889092012806,0.2502106274559041
23874,0.5068988097090299,0.25673826019996926,0.058411666655416056,0.17795126343558487
23875,0.04028828260648449,0.5715966918556141,0.2766266407340921,0.11148838480380924
23876,0.22064824809987846,0.3128061128422234,0.09678713414525092,0.3697585049126472
23877,0.2890672693615058,0.1485404645576147,0.04946210087953581,0.5129301652013437
23878,0.14177052243597224,0.29905263772696744,0.0870824509893425,0.47209438884771765
23879,0.11332709201909294,0.556604963637371,0.21008000943802696,0.11998793490550905
23880,0.49533153366759886,0.23500791532899307,0.07198349956993323,0.19767705143347486
23881,0.5970215516825543,0.07448064722631297,0.19136676889772739,0.13713103219340536
23882,0.08618369875214099,0.6726000470593456,0.059811376161395244,0.18140487802711808
23883,0.3124255255922867,0.10462193234371349,0.3971729808086819,0.18577956125531786
23884,0.22464010713331406,0.3747386952430453,0.3317786604017374,0.06884253722190327
23885,0.2949737688691461,0.36663637823195944,0.07287628961010538,0.265513563288789
23886,0.3318646160124314,0.23718378029706425,0.20311803031446088,0.2278335733760435
23887,0.39787434596352805,0.2781347526205881,0.12891278727220432,0.19507811414367948
23888,0.34516606787029297,0.2530470328872841,0.34147428064137836,0.06031261860104454
23889,0.6785983510964909,0.1841759602006454,0.0642800447367805,0.07294564396608313
23890,0.20080742474670824,0.6230831336653511,0.0579582087539912,0.11815123283394947
23891,0.5138823345287404,0.12249236152411087,0.11509494851084513,0.24853035543630358
23892,0.08741964468126595,0.5313105905681941,0.12329918982056318,0.25797057492997666
23893,0.2578084253444202,0.3901236445825022,0.08687996842030397,0.2651879616527736
23894,0.23142429728009015,0.35710686337268377,0.1968702644933602,0.21459857485386585
23895,0.1107974534497589,0.1731206846728577,0.6398163337307279,0.07626552814665548
23896,0.1131301995307894,0.18385496223034178,0.5246793415161497,0.17833549672271914
23897,0.228435962729142,0.3921941202304525,0.10263809691104694,0.2767318201293585
23898,0.1754325255876428,0.5691169944957648,0.0955469961237946,0.15990348379279778
23899,0.31370184737205503,0.21162929166294533,0.16523094150465253,0.3094379194603471
23900,0.1611632160272937,0.4391362200979093,0.12113434194248153,0.27856622193231545
23901,0.2072146793043764,0.5683235739111318,0.08943542848798822,0.13502631829650363
23902,0.10900362877964842,0.4804752086162157,0.29847102432266515,0.1120501382814707
23903,0.46965675611809315,0.1104826621752839,0.1371643948699776,0.2826961868366452
23904,0.13886400861703913,0.42293759367815825,0.22731604188970708,0.21088235581509557
23905,0.5145240003951782,0.06164367263337779,0.3242224827572542,0.09960984421418971
23906,0.6870239897618429,0.05520134397691302,0.1058274715580267,0.15194719470321738
23907,0.34181062720487826,0.17282105234217554,0.19055886434698224,0.29480945610596393
23908,0.193368223853506,0.3965919171637217,0.12041837368977411,0.2896214852929982
23909,0.3545007568108513,0.11949369758930618,0.13688024551430678,0.38912530008553575
23910,0.14819594485157747,0.22033289111520357,0.43301823299925407,0.1984529310339648
23911,0.35392386411206794,0.0773160343789679,0.1576954861221763,0.41106461538678785
23912,0.19877595718655466,0.20524975918710417,0.3365285365383096,0.25944574708803164
23913,0.1108143670392839,0.1837286796966788,0.5210023894298541,0.18445456383418318
23914,0.05165896852188944,0.7140731088465767,0.06409790933398124,0.1701700132975526
23915,0.7026484248760555,0.15295680849651164,0.057172973948635984,0.08722179267879689
23916,0.05863111375247729,0.26668430190432213,0.5698934572490297,0.10479112709417077
23917,0.21658343084936782,0.4039852624938864,0.1311414653628324,0.2482898412939134
23918,0.41952915347641645,0.1459750164440668,0.15861343339184164,0.27588239668767517
23919,0.23202893116951104,0.41683239536312144,0.07450356854132739,0.2766351049260401
23920,0.19242218039366027,0.30128745253244105,0.32585654657124025,0.18043382050265844
23921,0.2502606545357275,0.1948701641759833,0.46716403717918475,0.08770514410910447
23922,0.07951898402299566,0.2688116647956969,0.4364472635372245,0.21522208764408285
23923,0.2717138529659626,0.46276476606395295,0.10432516693994495,0.16119621403013948
23924,0.17105432861858952,0.5987923596804584,0.12382803519302449,0.10632527650792764
23925,0.15411379012859747,0.2507191228505411,0.12983447264261522,0.46533261437824625
23926,0.21509743177271737,0.5523066677195331,0.11980370612615342,0.11279219438159621
23927,0.2547212556923621,0.1347513906261704,0.24813986895974877,0.3623874847217188
23928,0.11225717279813852,0.2653743819286459,0.34307242268773497,0.27929602258548064
23929,0.05574491216667841,0.3822955742804301,0.11702338542911739,0.4449361281237741
23930,0.09840584670687645,0.30131457007213774,0.18246901405247062,0.4178105691685151
23931,0.09173399738809691,0.6322698234994061,0.12698600022712986,0.14901017888536713
23932,0.21033040272770653,0.3773339214005295,0.10053878221949317,0.31179689365227087
23933,0.12097600469456586,0.579678952103807,0.15483128901180604,0.144513754189821
23934,0.03957612714139457,0.6739675358707804,0.15335232386951506,0.13310401311830994
23935,0.22616133393666082,0.17277575322376065,0.20338996533242346,0.39767294750715504
23936,0.4180544193178781,0.14177034172850445,0.1362773672522226,0.3038978717013947
23937,0.09594621668398512,0.15462813498135364,0.4780537251088057,0.2713719232258556
23938,0.343470783042571,0.17939371519905994,0.08865838204710473,0.3884771197112644
23939,0.22051829581258003,0.12474540619574151,0.39421858784261676,0.2605177101490616
23940,0.29518838423247884,0.08151695744805194,0.18340104238497307,0.43989361593449616
23941,0.07302617090060522,0.21755301907461402,0.46519186166351484,0.24422894836126602
23942,0.5443475312193131,0.10997025009468092,0.13425230451014372,0.21142991417586227
23943,0.1647009875897478,0.38317544241566637,0.14747637155399373,0.3046471984405921
23944,0.4508989606091529,0.08638651150893525,0.3043877083298795,0.15832681955203232
23945,0.09745532461883681,0.16371538411990005,0.33969720464304054,0.39913208661822264
23946,0.21651899130296134,0.613828651061987,0.06119911433549509,0.10845324329955658
23947,0.06500363554811833,0.41670923427555046,0.22537996101542665,0.2929071691609045
23948,0.16953282697626748,0.1644041055156744,0.37581841998788534,0.2902446475201728
23949,0.13631901477224803,0.288015131089083,0.10496675717755222,0.4706990969611166
23950,0.04674221049888943,0.59770649171383206,0.24215461489485568,0.11339668289242291
23951,0.43049156120975934,0.14186087040747788,0.18108533809599295,0.24656223028676977
23952,0.25234838627278366,0.19642648951970007,0.22680699603777013,0.3244181281697461
23953,0.48238399723167086,0.13671613918763065,0.09071178406619954,0.29018807951449904
23954,0.42928360247787306,0.11564323276462633,0.23225467697702615,0.22281848778047444
23955,0.07374911937790948,0.29738228414007045,0.1743629690813959,0.4545056274006242
23956,0.10058309103177905,0.26594242319108574,0.415609890924648,0.21786459485248721
23957,0.09799263947417695,0.38990353205183015,0.10688944648981967,0.4052143819841733
23958,0.19019367830551898,0.3808859847869524,0.08256635913160691,0.34635397777592175
23959,0.29946562036161745,0.1551203675545833,0.15517924247665618,0.3902347696071431
23960,0.217540186558456,0.1632049616574686,0.30724421985511174,0.3120106319289636
23961,0.7421670411658063,0.14758666433988457,0.03297598548563772,0.0772703090086714
23962,0.09452382960770658,0.43796256561583263,0.2402619302384684,0.22725167453799236
23963,0.19364354033410605,0.3812154314481162,0.15021013756477491,0.2749308906530029
23964,0.04442837531323399,0.504626346150951,0.3202253973648987,0.1307198811709163
23965,0.2825673592153579,0.1178221887396419,0.4188992086166239,0.1807112434283762
23966,0.1776340879633682,0.09204500063960751,0.46992613359146623,0.2603947778055581
23967,0.46037607698008054,0.1762504921109602,0.11604991073074354,0.2473235201782158
23968,0.3937724121862946,0.21971015441271363,0.1655751891393081,0.2209422442616836
23969,0.5023982171250823,0.09359759037291339,0.11987845050906469,0.28412574199293966
23970,0.7574592367227732,0.07371463578494053,0.07206750988350559,0.09675861760878082
23971,0.10167070711730343,0.21277032275528548,0.5809438835620059,0.10461508656540522
23972,0.582912984415179,0.11208498659732113,0.21555237092128626,0.0894496580662137
23973,0.35795767136359147,0.294047415964504,0.14549483684882134,0.20250007582308316
23974,0.08249736559571556,0.11727451734827199,0.6375608263186343,0.16266729073737818
23975,0.22658923125044855,0.6543329464810701,0.0579821977733269,0.06109562449515448
23976,0.18522984337555418,0.38195031146479413,0.26547095008090693,0.16734889507874484
23977,0.07663027341283668,0.23852669771158508,0.5984458476082107,0.08639718126736753
23978,0.14698135379256116,0.16777878655207137,0.15597722307850653,0.5292626365768609
23979,0.4050008348245116,0.12586204686307653,0.15513409582571,0.3140030224867018
23980,0.18789378258378292,0.4596246909821833,0.14498941548163477,0.2074921109523991
23981,0.08558727114084878,0.28309495547782065,0.5099804165448466,0.12133735683648404
23982,0.18088549466236054,0.05405315262825401,0.682233840590704,0.0828275121186814
23983,0.269599176799385,0.2534605487061943,0.22345522164725692,0.2534850528471639
23984,0.23732016203380824,0.4217357521613962,0.16418997612555794,0.17675410967923752
23985,0.25543506851884445,0.1502908604001062,0.2153091291263101,0.37896494195473934
23986,0.36938008956676166,0.43929376861359687,0.11319095746162494,0.07813518435801664
23987,0.3262511037569069,0.3451265238630463,0.11035002667526375,0.2182723457047831
23988,0.32415349958466366,0.23703380763211682,0.383768280922744,0.05504441186047539
23989,0.11849518132448586,0.21033358538252328,0.5534283833441448,0.11774284994884607
23990,0.18919545950971345,0.46356983091206455,0.1885068360787062,0.1587278734995157
23991,0.12616694504065964,0.17035111134154188,0.3654288518788329,0.33805309173896547
23992,0.1774216809355825,0.48031256285526347,0.19912835578776208,0.14313740042139192
23993,0.1457540919642152,0.30494568208691764,0.45802710704396615,0.09127311890490107
23994,0.10021128412359509,0.4416869418261178,0.2343517342266399,0.22375003982364713
23995,0.07600139142980622,0.25526084893295314,0.46487858739678933,0.2038591722404514
23996,0.09285511450513521,0.24302275965114278,0.6044086241075093,0.0597135017362127
23997,0.37408290101958935,0.1742902920235553,0.3354047506969729,0.1162220562598824
23998,0.23676866546324227,0.26067117352103514,0.28573862358872065,0.21682153742700194
23999,0.5537824251206845,0.2116804703252895,0.09925230972748544,0.1352847948265405
24000,0.31261415717408886,0.44072791437937914,0.11311085453384716,0.13354707391268483
24001,0.4732431359511186,0.3815839974526059,0.06783264932025573,0.0773402172760197
24002,0.28784455043193036,0.4405693056196716,0.08843208985006,0.18315405409833804
24003,0.208325985923809,0.5542797098427501,0.07138380665164881,0.16601049758179212
24004,0.18308527721782059,0.12506016308853,0.5017923815536274,0.19006217814002196
24005,0.1567059154518031,0.5912294422353465,0.12352121323726992,0.12854342907558056
24006,0.17759181032380048,0.2499368663685837,0.5055346617267369,0.06693666158087892
24007,0.20047118192536367,0.3728008222351617,0.16986273229222185,0.2568652635472527
24008,0.11503104072172807,0.6323678497830951,0.12752553007822695,0.12507557941694994
24009,0.48697679749774064,0.11301683018715304,0.20097031093459983,0.19903606138050645
24010,0.6894707059156376,0.12361325869739116,0.11686380201739593,0.07005223336957529
24011,0.07841731808245463,0.779624278594194,0.07397759708361996,0.06798080623973136
24012,0.10954348057134947,0.11237162561862557,0.5877101818733821,0.1903747119366429
24013,0.0930266741350809,0.10341863628911716,0.6437097821376901,0.15984490743811186
24014,0.20259189739555997,0.12123787748189072,0.602240383557829,0.07392984156472027
24015,0.08824699280284354,0.46447796826663484,0.26620991881387773,0.18106512011664394
24016,0.18961429138448688,0.5260971455950708,0.08538594379054099,0.19890261922990135
24017,0.43213276137085743,0.2870995022631413,0.20277683148334408,0.0779909048826573
24018,0.41171469777561787,0.14270441599802114,0.07716390010716864,0.3684169861191923
24019,0.12218928636451194,0.3535504620565672,0.32506049315949637,0.1991997584194245
24020,0.07907399890846731,0.41845436486660675,0.24719823429260704,0.2552734019323189
24021,0.08616669485455443,0.15531277961176582,0.6149385115666451,0.14358201396703457
24022,0.37476830714480314,0.3132666449618699,0.0792781495445706,0.23268689834875642
24023,0.16210375076660336,0.5604927057053454,0.11119418705603723,0.16620935647201407
24024,0.24422736808558876,0.5466563580295422,0.06836949508791627,0.14074677879695288
24025,0.4990091767119857,0.23531674128011928,0.16001700487102025,0.10565707713687483
24026,0.17580845655104813,0.6226976152203831,0.0735533674753771,0.12794056075319163
24027,0.13113957160245804,0.12125406983528944,0.35966865691899497,0.3879377016432576
24028,0.22270855594549654,0.4835595042130253,0.05041178431809704,0.24332015552338113
24029,0.12810127982057087,0.13095617964870968,0.21310836117065773,0.5278341793600617
24030,0.05717142022927754,0.5290041167447923,0.22915083632456407,0.1846736267013661
24031,0.0497442793881449,0.3576172463018041,0.244002102729662,0.3486363715803891
24032,0.16746651353562378,0.13559216311752928,0.2723708266007882,0.42457049674605873
24033,0.6298329141985494,0.10258342477482496,0.12708261663108872,0.14050104439553707
24034,0.24678988080072237,0.18930541331127887,0.0861278476280406,0.47777685825995814
24035,0.061991601369999254,0.5041006502241074,0.11079523699081092,0.32311251141508246
24036,0.35811520724928714,0.09313614197094132,0.4597283251585557,0.08902032562121581
24037,0.21101511480065868,0.537698465865503,0.08343678824014068,0.16784963109369777
24038,0.14905206916314587,0.13392021722654301,0.3742625676380605,0.34276514597225066
24039,0.3060570717951924,0.3841110759074214,0.058227831818998384,0.25160402047838787
24040,0.06000172300900292,0.1682126737696456,0.6206199822530972,0.15116562096825412
24041,0.25198642439994656,0.30522367409378753,0.15363542015807835,0.28915448134818766
24042,0.12620938092355707,0.282684141312344,0.39039998020043476,0.20070649756366413
24043,0.29876822588047736,0.261949022952374,0.10618697191198807,0.3330957792551605
24044,0.304935046464086,0.3804423575674688,0.12320385441991204,0.1914187415485332
24045,0.40083570478621783,0.11294407618876723,0.16354155601684373,0.3226786630081713
24046,0.141673819542621,0.42450720271832215,0.3291109225658984,0.1047080551731583
24047,0.30006284141166706,0.06745174256232281,0.5122825419564521,0.12020287406955803
24048,0.09557089164613011,0.20267585337207117,0.5233534220050543,0.17839983297674442
24049,0.5767145137540237,0.09855212058998039,0.1978110641791547,0.12692230147684114
24050,0.10591215274112521,0.16315825493213976,0.26717789082306515,0.46375170150366984
24051,0.11180876487599943,0.40888786435139596,0.11929974943378288,0.36000362133882174
24052,0.5906997727557844,0.2079305554892803,0.1042142404699957,0.09715543128493953
24053,0.3644177892095381,0.08535990727450907,0.3177879910915652,0.2324343124243876
24054,0.3306829994391377,0.1902366769524146,0.10889564102975538,0.3701846825786922
24055,0.2588733404838383,0.39754853364596093,0.1522118162475844,0.19136630962261633
24056,0.21235581839290732,0.39837007644359296,0.1159734982980261,0.2733006068654736
24057,0.1579590039056431,0.13805290089548064,0.20339777754373842,0.5005903176551378
24058,0.06746480890624422,0.3174232830233086,0.19383347821992897,0.42127842985051833
24059,0.2417449659554188,0.38427899093371243,0.07324923143287601,0.3007268116779928
24060,0.34171111785406455,0.12987223395206263,0.10034698055724409,0.42806966763662885
24061,0.10941494000205527,0.34017563706737264,0.21871454619173675,0.33169487673883535
24062,0.279676904161691,0.16373579671416583,0.2969719281781331,0.2596153709460101
24063,0.1109574327108072,0.4147943881495929,0.3260983302898941,0.1481498488497059
24064,0.4376065474036507,0.12212102164014832,0.20349489279579627,0.23677753816040473
24065,0.10813351201793629,0.20253447810748265,0.5199724757017611,0.16935953417282004
24066,0.3637378971442345,0.3325388209866132,0.08625350772815209,0.2174697741410003
24067,0.20595236791563815,0.2946115596121255,0.12935121095915686,0.3700848615130795
24068,0.6027270977945777,0.14797518468767465,0.09179150159041512,0.1575062159273326
24069,0.20628134777928073,0.17346394273529844,0.1571697527127153,0.4630849567727055
24070,0.5256273094363555,0.18322629308930827,0.13259540009058277,0.15855099738375347
24071,0.09706247234112066,0.12157924960154734,0.2535182066611662,0.527840071396166
24072,0.08068320382447099,0.27051441009295624,0.1320169342908367,0.5167854517917361
24073,0.3123981060361393,0.14365580267356315,0.17457381697783356,0.3693722743124639
24074,0.4404526453059109,0.1227375029507428,0.12605938887342194,0.31075046286992436
24075,0.32469795361522436,0.06744747506085833,0.2793509595332906,0.3285036117906267
24076,0.12348594214033316,0.38624479912254145,0.19119452442735616,0.2990747343097693
24077,0.3522206437319089,0.2828979254561452,0.08847391943616159,0.2764075113757844
24078,0.31302999762073425,0.21760447529032936,0.10163427008930048,0.3677312569996359
24079,0.30268410852379796,0.25764450942540174,0.0384088791090739,0.4012625029417264
24080,0.512088103567083,0.08604247283151667,0.05275469211742613,0.34911473148397415
24081,0.16181430728365018,0.1287683235187905,0.1857282120869472,0.523689157110612
24082,0.17339783727277253,0.28824602371978747,0.38293229242175997,0.15542384658568006
24083,0.25590155770732054,0.29844473625939777,0.045432537531797997,0.40022116850148365
24084,0.5567417688514256,0.2309227292114832,0.0675886820048501,0.14474681993224123
24085,0.37755703953043285,0.08911727500054031,0.03964635446227193,0.4936793310067549
24086,0.20800649955140943,0.19591371491453688,0.26317714280914783,0.3329026427249059
24087,0.191175783168014,0.2650691448802174,0.1841925214876481,0.3595625504641206
24088,0.07785800868004257,0.05547629827930152,0.6007157742561285,0.2659499187845274
24089,0.3060203364135246,0.3390267497036238,0.06698818363090411,0.28796473025194746
24090,0.08141996489370941,0.06672095029930336,0.3006377653003975,0.5512213195065897
24091,0.14369604717956272,0.16130241578201768,0.5519376044639911,0.14306393257442857
24092,0.4093900717832414,0.060776219035867336,0.07796032960765888,0.4518733795732324
24093,0.4375105299193062,0.3081272276696622,0.15316561083826627,0.1011966315727653
24094,0.09294237314405214,0.6601557326129487,0.20071599381569083,0.04618590042730841
24095,0.26031527412695604,0.07986231588554635,0.5375801111633866,0.122242298824111
24096,0.12133978746067424,0.5653531410842589,0.1250796951579557,0.18822737629711114
24097,0.05850832549296137,0.16516273453036312,0.7062746202501572,0.07005431972651839
24098,0.7028727395123926,0.10472791736852008,0.08702351397501584,0.10537582914407143
24099,0.2739822443284561,0.37438184091180526,0.18861043207509803,0.1630254826846407
24100,0.5342101720907271,0.3179090077177347,0.05454296687276998,0.09333785331876833
24101,0.1985845304892858,0.39370869549491416,0.17765647416938551,0.23005029984641454
24102,0.2514644318024072,0.1289478778865192,0.45943416732801595,0.16015352298305763
24103,0.08069606321724873,0.48388502685280327,0.34297067038723916,0.09244823954270877
24104,0.5532184504367303,0.09262518536296366,0.20358560931249012,0.15057075488781596
24105,0.6270209635021727,0.09377546566917769,0.19157118723391986,0.08763238359472966
24106,0.08033495394438253,0.7232455642021973,0.13966389755215733,0.05675558430126283
24107,0.2681956123800667,0.10501776056433634,0.4471913818182632,0.1795952452373338
24108,0.153367837570279,0.06968351908053536,0.6758481920716597,0.10110045127752604
24109,0.42861267162508976,0.27756867701587123,0.12138685730840267,0.1724317940506363
24110,0.3589194717807366,0.2665447929159043,0.20765832689152824,0.1668774084118308
24111,0.18900849891605878,0.37849771670193627,0.13600397271767622,0.2964898116643288
24112,0.255595323964576,0.1368044050810514,0.09630658899639072,0.5112936819579819
24113,0.08759480703849797,0.49787047352078084,0.30535736628418575,0.10917735315653551
24114,0.21398751075524472,0.18574564984525982,0.25604239623188896,0.3442244431676065
24115,0.05395365840088219,0.6409438131994362,0.19866512409855483,0.1064374043011268
24116,0.22889728576562304,0.10983449269780446,0.5366043323259087,0.1246638892106638
24117,0.533816850145044,0.17102591320667912,0.0933193662015071,0.20183787044676985
24118,0.20295437720319431,0.19553349357740185,0.38148642279698936,0.2200257064224144
24119,0.14599086031537256,0.6610385529290042,0.06918672941854108,0.12378385733708219
24120,0.12694616120523877,0.6231403383898558,0.10183767978569314,0.14807582061921226
24121,0.6421967221507439,0.12917123830307053,0.10468535269217698,0.12394668685400864
24122,0.06475460883912974,0.30262710369425727,0.4857344932131286,0.14688379425348433
24123,0.19883281346218631,0.14861025875932765,0.14103252156511722,0.5115244062133688
24124,0.20471013866937174,0.5607961447577534,0.06836332288383981,0.16613039368903507
24125,0.08900684654964815,0.09712357681510185,0.5731048613542185,0.24076471528103152
24126,0.10285191573854852,0.37378515121107847,0.3208048744662437,0.20255805858412929
24127,0.2899835840927046,0.35979497635215396,0.14581437240827008,0.2044070671468714
24128,0.2899770005261569,0.1371810542800804,0.07551426884036212,0.4973276763534007
24129,0.288373021373307,0.2659367034613622,0.15299927131039276,0.29269100385493796
24130,0.2762166164562628,0.2979092690653823,0.06389348400356225,0.3619806304747927
24131,0.15611499119438446,0.5389761696047405,0.15658989843809543,0.14831894076277974
24132,0.20211149998624917,0.5633008677720673,0.09619639431017449,0.13839123793150915
24133,0.31143374478180336,0.32454618708447075,0.22011583847544938,0.14390422965827654
24134,0.355539040562996,0.47443731997049166,0.13144598132273375,0.03857765814377867
24135,0.24878611078223142,0.15869676414188977,0.407004024143137,0.1855131009327418
24136,0.16305932416617494,0.23207805792822714,0.5157883296831138,0.08907428822248421
24137,0.06683449505470065,0.8117126602211644,0.061129505725461476,0.06032333899867347
24138,0.5889286217218215,0.19558309462424583,0.08523689384309374,0.13025138981083884
24139,0.2542014481758923,0.13507021285331658,0.549435251101166,0.061293087869625174
24140,0.4987683238900805,0.24501414192554938,0.14701579484215235,0.10920173934221773
24141,0.12087885356012613,0.5795264609418248,0.10279268418943958,0.19680200130860948
24142,0.15396501910744267,0.30270209254276437,0.4089495695736093,0.13438331877618367
24143,0.2115116730968763,0.4025589020886806,0.326677262960352,0.05925216185409112
24144,0.3307562444549226,0.3184416644318188,0.14465033624875553,0.20615175486450318
24145,0.13777465725062651,0.44710791976258485,0.30062060744449154,0.11449681554229706
24146,0.06994719918487993,0.2496170417352756,0.4842552940795365,0.19618046500030795
24147,0.20703302729491704,0.45211505530172375,0.23797051245516437,0.10288140494819493
24148,0.1898189003314012,0.5572870192036556,0.1261511762438803,0.12674290422106282
24149,0.06107102726562851,0.244994859031381,0.5968562512068186,0.09707786249617194
24150,0.36488599304054264,0.25217617293240385,0.16442774562451623,0.21851008840253724
24151,0.1921339216420832,0.427806631159221,0.22429967181879612,0.15575977537989974
24152,0.06376073187046245,0.5265423586765723,0.24697979358326652,0.16271711586969873
24153,0.09705002313957262,0.10225405634939803,0.6192580507758837,0.18143786973514558
24154,0.21059143404003208,0.10595729867706166,0.5388802961067364,0.14457097117616982
24155,0.07665009838621889,0.20674734977676065,0.5440665502788761,0.17253600155814441
24156,0.07405319883204768,0.338661185065113,0.38528221483116554,0.20200340127167374
24157,0.1419684832157349,0.36420508431018206,0.11800683040625891,0.3758196020678242
24158,0.5417194559713643,0.2077153756818313,0.14580118409269377,0.10476398425411056
24159,0.1891998868329043,0.24816814498644973,0.2602660122004155,0.30236595598023036
24160,0.3605192995527669,0.2207335305499269,0.103189221670578,0.3155579482267282
24161,0.20608943200012741,0.5496544587654638,0.13935640331549115,0.10489970591891759
24162,0.3299514733872783,0.30664297824894465,0.09624141351700252,0.2671641348467746
24163,0.12527444901351448,0.36807414483587714,0.35874324188882795,0.14790816426178055
24164,0.20973164114041423,0.4230156814803619,0.2810489424264827,0.08620373495274118
24165,0.1507051301016473,0.30890719692755775,0.11491853079125329,0.42546914217954174
24166,0.12166925096864023,0.3030764803595525,0.22865733013658826,0.34659693853521906
24167,0.06308025290710015,0.3999991901853769,0.42142222618909275,0.1154983307184302
24168,0.5400337009944346,0.06981476814087206,0.1510368304731327,0.23911470039156055
24169,0.2122354708084776,0.1881764233389144,0.47996674797684336,0.11962135787576467
24170,0.10088265196011773,0.2663072082254089,0.59217664380945,0.040633496005023445
24171,0.09421642737144952,0.6288299074074404,0.23682710640005952,0.04012655882105063
24172,0.20701790085889618,0.16949185660560528,0.5405297676524894,0.08296047488300914
24173,0.2417561962967619,0.46864856388294535,0.17639057212420103,0.11320466769609172
24174,0.13044227645170625,0.7474737049127609,0.09101509804100587,0.03106892059452698
24175,0.35439703794817445,0.4313534495037725,0.1413250342070085,0.07292447834104457
24176,0.19617647813676925,0.22005457332861988,0.4769185699699967,0.10685037856461412
24177,0.5918074777542602,0.21911485275363904,0.12339040893928575,0.06568726055281493
24178,0.32405888536550465,0.20091234869388497,0.3236461521719685,0.1513826137686419
24179,0.08110638565531855,0.5116385869963435,0.3798953462278236,0.0273596811205144
24180,0.32148712390446954,0.18702051434585307,0.31867410354777126,0.17281825820190613
24181,0.11809951595143883,0.5673739709207868,0.18987717087356074,0.12464934225421365
24182,0.15262457909082033,0.29676550235339505,0.5026461933289597,0.04796372522682502
24183,0.52525696566915,0.2776239424636278,0.15042350519019854,0.046695586677023705
24184,0.2044547056435839,0.6397592518435322,0.13201743015188833,0.023768612360995627
24185,0.210674593015035,0.5146261995126431,0.1981031473604813,0.07659606011184056
24186,0.07515767886793681,0.4343407402118684,0.36942366150150396,0.12107791941869087
24187,0.5210300281537492,0.22125926923532646,0.15246004248030612,0.10525066013061825
24188,0.06203622938787537,0.39216971784026156,0.40439485305105954,0.14139919972080356
24189,0.15072746295482395,0.34388873235937656,0.29384005970132915,0.21154374498447034
24190,0.08402483482234253,0.2587262091815209,0.4918558301230711,0.16539312587306548
24191,0.09172151884511703,0.1678916729352814,0.6637878715181934,0.07659893670140819
24192,0.37912420534166424,0.2694446678770768,0.2080549984922283,0.1433761282890306
24193,0.1403078444457962,0.1878084896256343,0.5588154591403824,0.11306820678818699
24194,0.16793594987775845,0.5039099858845958,0.13784219269122056,0.19031187154642512
24195,0.3718841982581948,0.1302020590118236,0.2926423195853082,0.20527142314467345
24196,0.6812147803402622,0.08341135403424686,0.14036027364102377,0.09501359198446718
24197,0.118146659527026,0.3977218044812194,0.22485968673924797,0.2592718492525067
24198,0.5836192694189186,0.20156244881269428,0.12211255791706951,0.09270572385131756
24199,0.27230190257460896,0.4095215455742698,0.1396082430777931,0.17856830877332822
24200,0.2673553176253334,0.23351915399507478,0.2892338158137673,0.20989171256582453
24201,0.5525573244260462,0.2273076791736418,0.15780148996308668,0.062333506437225385
24202,0.15940360515025048,0.11376914455559785,0.629382436860555,0.09744481343359675
24203,0.46746450075977175,0.23255827953154595,0.23049714903506138,0.06948007067362089
24204,0.061305325803190945,0.6078492298994028,0.20792672127050277,0.1229187230269036
24205,0.23878063579297065,0.41975036239194796,0.19317113944078398,0.14829786237429737
24206,0.1484162387751366,0.1555917952608375,0.620098745174784,0.07589322078924192
24207,0.49725118190791623,0.11632913111467026,0.1543166830920823,0.23210300388533123
24208,0.18281373257262207,0.47240411209158173,0.09895396017978166,0.24582819515601456
24209,0.12890635296340466,0.33089798418198435,0.2928209759871266,0.24737468686748434
24210,0.166033915295255,0.11282411455274222,0.3043006836329698,0.41684128651903307
24211,0.06346761626315336,0.1068326650401285,0.32849927741651586,0.5012004412802022
24212,0.33208120004086145,0.09187448358284737,0.10764950500680183,0.46839481136948935
24213,0.05592768258905076,0.14040391161567337,0.6072789687228388,0.19638943707243714
24214,0.12813262970481673,0.0742597219749627,0.3438351046592161,0.45377254366100445
24215,0.13151918333233978,0.1775377499390784,0.3986092838085618,0.29233378292002
24216,0.16507069125135457,0.19154966830810985,0.28200064055872437,0.3613789998818111
24217,0.16407062846104828,0.337659281129503,0.08579656598217841,0.4124735244272703
24218,0.17369517758361777,0.079692683868486075,0.2829837954470375,0.46362834310085865
24219,0.20673418316045283,0.14118460362046678,0.3657423777438199,0.28633883547526046
24220,0.1881978911836404,0.2753831022908934,0.15384335614038472,0.38257565038508146
24221,0.22997790461650006,0.4707724661434433,0.18072146572089848,0.1185281635191581
24222,0.5593439122188602,0.12132362468727388,0.17199033122813318,0.14734213186573264
24223,0.35774842473687496,0.15020214616165362,0.09759443222911804,0.3944549968723534
24224,0.140607437175266,0.11930268676833301,0.32808678004435143,0.41200309601204954
24225,0.2109364544408947,0.24207925628611657,0.15327486662528564,0.3937094226477031
24226,0.26668879006757157,0.19672604222216214,0.37098448645341664,0.16560068125684957
24227,0.217319789345404,0.268943274370506,0.41088252338502823,0.10285441289906172
24228,0.130196001676712,0.49314566771020213,0.19777612138696407,0.1788822092261218
24229,0.18391244863238632,0.5110751297493905,0.1861170938656305,0.1188953277525927
24230,0.11021048706032487,0.42297561845556897,0.2511845304157267,0.2156293640683795
24231,0.3256370805246622,0.2658717492904608,0.25250740710951,0.15598376307536696
24232,0.08787741226729667,0.5448093592414116,0.21767837750206218,0.14963485098922963
24233,0.3483681222978477,0.3387353034099657,0.1652934158575521,0.14760315843463456
24234,0.15258492959457404,0.26226085926133796,0.496709978053787,0.08844423309030089
24235,0.6096636215258253,0.19451963130174132,0.12889660973002537,0.06692013744240796
24236,0.12048617609723368,0.22106129559011112,0.6081035168541942,0.050349011458461004
24237,0.4678933823764543,0.14683569219472678,0.24228045388659133,0.14299047154222763
24238,0.06601466417731448,0.35875704338308695,0.4209274034016125,0.15430088903798606
24239,0.299389684167251,0.33393104197999973,0.23409409909362594,0.13258517475912338
24240,0.21679086889488491,0.46276611533687684,0.19576577880706433,0.12467723696117389
24241,0.11609775488271577,0.2722797204020226,0.3355744133321553,0.2760481113831063
24242,0.3529832761327737,0.2520236986222915,0.30605654815198396,0.08893647709295092
24243,0.16990050723865707,0.527805562563375,0.1793554987591157,0.12293843143885223
24244,0.37861202579610814,0.20075651465568342,0.3112600906295726,0.10937136891863586
24245,0.10881284758789118,0.3052104431212342,0.5292167487074291,0.05675996058344556
24246,0.1840614466789614,0.3437230414763055,0.359372831931184,0.11284267991354907
24247,0.3119065435525551,0.15707283884623696,0.4768946379710253,0.05412597963018266
24248,0.27134123329311954,0.21086370697851534,0.33427680275739435,0.1835182569709707
24249,0.31415069373760657,0.4291435987174655,0.15903321800574513,0.0976724895391828
24250,0.237622688500406,0.37415731324000234,0.20186436615049114,0.18635563210910058
24251,0.135229112041158,0.4656561713760713,0.23230616235827337,0.1668085542244974
24252,0.2316555176673509,0.3581168841469985,0.23716077145973696,0.1730668267259137
24253,0.13482414131271636,0.2351416448474039,0.5430746031450516,0.08695961069482809
24254,0.27227315926770107,0.26777355242314976,0.34191199511635795,0.11804129319279114
24255,0.0879747444568662,0.3597512308668473,0.37526109553999387,0.17701292913629263
24256,0.18882329499770306,0.3853981553823547,0.2310406138570551,0.19473793576288723
24257,0.35354270963586576,0.25018078974490193,0.28695053638261964,0.10932596423661267
24258,0.36999034051868646,0.3461004264779076,0.1370217832808075,0.14688744972259846
24259,0.1849936028284247,0.3736048085894845,0.26170072935200883,0.17970085923008194
24260,0.28531046197745563,0.36315884265377607,0.22953746570649866,0.12199322966226968
24261,0.3593228223490114,0.2061835065559765,0.2528901332177828,0.18160353787722927
24262,0.4258569215718591,0.19052439700608156,0.2840704360720458,0.09954824535001357
24263,0.37320080338762124,0.19819621512699614,0.2807121887513783,0.1478907927340043
24264,0.11294265985404248,0.5652140471907621,0.23116622718436125,0.0906770657708342
24265,0.3698564765312249,0.4186666452121922,0.12264965275145023,0.08882722550513264
24266,0.09063923558705786,0.2346439519906745,0.4939864542025183,0.18073035821974937
24267,0.32626535999041,0.40948486780732674,0.15639775796169036,0.10785201424057292
24268,0.24407467952431885,0.3054926253215106,0.32532740890792133,0.12510528624624917
24269,0.1336043224937416,0.5360925756837777,0.22092969942815519,0.1093734023943255
24270,0.18020427241107284,0.5188138688542709,0.2094370836575624,0.0915447750770937
24271,0.11355402759994791,0.39410777636732236,0.36433989555436996,0.12799830047835983
24272,0.12112290584971737,0.44150642437484167,0.30204323512640957,0.1353274346490314
24273,0.33930676246950886,0.32097772997377677,0.21205670010122582,0.1276588074554886
24274,0.22414047551023208,0.1698378562237932,0.4958017140628494,0.11021995420312533
24275,0.1124622216036267,0.42341120010993644,0.3517543823220053,0.11237219596443158
24276,0.5676088652282422,0.22340761082188929,0.1573054074550535,0.051678116494815046
24277,0.1618829118852788,0.4743822918209853,0.3080945853235697,0.0556402109701662
24278,0.2290705072673616,0.43898858522647777,0.2011905804775581,0.13075032702860254
24279,0.3228278410011163,0.3253829291652932,0.22591509459880654,0.12587413523478402
24280,0.1019145347520312,0.26106205304631636,0.5636772847405821,0.07334612746107039
24281,0.46851835605540876,0.3236178004879131,0.15476208519421933,0.053101758262458734
24282,0.15834922436321908,0.47529736943991013,0.2275979066825046,0.13875549951436622
24283,0.2236904832248283,0.4555930796190832,0.16067997775911552,0.16003645939697303
24284,0.15384875071254953,0.11981268535248212,0.6785884947693331,0.04775006916563525
24285,0.048586781283329515,0.6506485701885851,0.17831869396118724,0.12244595456689812
24286,0.07339440639669176,0.07992817058652824,0.7650420911383102,0.08163533187846977
24287,0.11993216205313983,0.6274748490170388,0.08854336583250466,0.16404962309731674
24288,0.08932381192652365,0.7301418285735759,0.1278724706950572,0.052661888804843286
24289,0.058938809509655556,0.6837020817207172,0.2121457960242641,0.04521331274536321
24290,0.22232936506026543,0.3751246869415967,0.19878479958980572,0.20376114840833218
24291,0.2891962873510905,0.17353127617968242,0.35207594128411074,0.18519649518511636
24292,0.133521791646906,0.1385548782310004,0.5059731103531652,0.2219502197689284
24293,0.28644513092764234,0.4608055073834013,0.22231725622304577,0.030432105465910617
24294,0.23610324734820765,0.557000901442553,0.09969456474437284,0.10720128646486651
24295,0.14964399918556717,0.40682666169920423,0.2957393421111435,0.14778999700408513
24296,0.3024689484680971,0.4148336859961635,0.12091380767149083,0.16178355786424853
24297,0.4625195112468262,0.1762610485518394,0.1810552140262352,0.18016422617509914
24298,0.3812525363079101,0.39779706779489427,0.13557973118946362,0.08537066470773191
24299,0.31912324559257765,0.2099133523492471,0.18925640881137368,0.28170699324680154
24300,0.3358818184646984,0.24248653960225391,0.22567961843828796,0.1959520234947598
24301,0.21841938573563793,0.1564419521758695,0.3859643639112856,0.23917429817720695
24302,0.6019492665897349,0.15733779359979225,0.1073796800389416,0.1333332597715312
24303,0.32736365185601657,0.19360170905854346,0.0992230539677478,0.3798115851176921
24304,0.11073476996706647,0.11491850083481453,0.2777186946943077,0.4966280345038114
24305,0.20607409230993337,0.4674591526595171,0.10882198074605955,0.21764477428449
24306,0.22457442744673264,0.12330115339351902,0.13974517188484895,0.5123792472748995
24307,0.5986134706235593,0.13886817750867164,0.09398306650794154,0.16853528535982756
24308,0.2789276511238134,0.09497256446441743,0.2904576547043316,0.33564212970743756
24309,0.05154459129733693,0.20784422000692987,0.4139661206380931,0.3266450680576401
24310,0.14113160012862716,0.499288370547721,0.1610679302431708,0.1985120990804811
24311,0.1684828128827575,0.2684129782310318,0.23829577125453263,0.32480843763167816
24312,0.2973640562943807,0.15300023590425207,0.1614138554208165,0.38822185238055074
24313,0.47233056413540886,0.17309507588668122,0.08226712577360873,0.27230723420430125
24314,0.048638613095409726,0.6489199850340407,0.07680244322134354,0.22563895864920608
24315,0.17068795348403568,0.5984027093759869,0.11575693354107841,0.11515240359889893
24316,0.42933082964724206,0.1101659573009691,0.12651335737951502,0.3339898556722738
24317,0.17484234111371116,0.4690987370471349,0.11535318844837361,0.24070573339078036
24318,0.10675150022527782,0.09957868376599022,0.5659232747127324,0.2277465412959995
24319,0.4863734570819117,0.11217100196823943,0.28509333261799646,0.11636220833185237
24320,0.08124002643429862,0.15913487026793,0.28396117207643795,0.47566393122133344
24321,0.6003394300408742,0.125494107257674,0.06300464463412069,0.21116181806733114
24322,0.4497053226335296,0.21393213346458106,0.111441085894741,0.22492145800714838
24323,0.11168228581549877,0.058630634420877493,0.6326028000741685,0.19708427968945524
24324,0.15993408774766854,0.1453228220524511,0.31695533062122183,0.37778775957865857
24325,0.3485096315762883,0.1935100126342978,0.058884599043908734,0.3990957567455052
24326,0.10724662070933288,0.16736388743309408,0.3633426983552444,0.3620467935023286
24327,0.14678144772722884,0.27609849823544985,0.2145183150198938,0.3626017390174274
24328,0.09693230171041402,0.09819823778490253,0.382513173960787,0.4223562865438965
24329,0.20604279160149375,0.46658132373499317,0.05714409320994389,0.2702317914535692
24330,0.4878137597607116,0.0882875199388002,0.2319574329105784,0.19194128738990976
24331,0.09511788507936668,0.17542975896126112,0.28013137193845544,0.4493209840209168
24332,0.47133702318812887,0.17234295541995595,0.18773575411451185,0.1685842672774033
24333,0.44608233475264064,0.2202567076295135,0.08439185696720614,0.24926910065063973
24334,0.3434940177439467,0.2224153613411035,0.13071270371775415,0.3033779171971957
24335,0.11993295372470453,0.44294887846907727,0.06843259943085231,0.36868556837536587
24336,0.13902224105197022,0.23738083990932174,0.19715523756947392,0.42644168146923406
24337,0.5429967894638572,0.09552722538204106,0.21188926137498007,0.14958672377912158
24338,0.5209591057089527,0.0716295728028367,0.17367220767278038,0.23373911381543017
24339,0.35217519287436744,0.46006358175755724,0.04568610269947854,0.1420751226685968
24340,0.18586076926065892,0.40678237749918394,0.03502877815101492,0.3723280750891422
24341,0.6183464146390933,0.04551531578310459,0.14983077474720233,0.1863074948305998
24342,0.6572713564591262,0.1264762791846,0.06993229817215883,0.14632006618411494
24343,0.07812951867968854,0.30168556600509283,0.09296598490912854,0.5272189304060901
24344,0.04715429527259633,0.11246288297361974,0.5217745176343968,0.31860830411938723
24345,0.09503135088122251,0.04726431911461082,0.394806309947762,0.4628980200564047
24346,0.19967595386564052,0.07544071383514554,0.4956844062855426,0.2291989260136713
24347,0.10891744569865631,0.4545619360973081,0.1344277628477929,0.30209285535624275
24348,0.5963843798272446,0.037923301824812614,0.18554956899579078,0.18014274935215208
24349,0.43139593461064835,0.16063513784340352,0.09034454752003503,0.3176243800259131
24350,0.04592200546987061,0.229702849993022,0.5328502403875514,0.19152490414955603
24351,0.5225240993460113,0.05897648004106002,0.07172292154303256,0.34677649906989616
24352,0.028539163006694575,0.49819907527394325,0.14167202746462668,0.33158973425473554
24353,0.2744662299902275,0.11525256771107831,0.2357257208452881,0.3745554814534061
24354,0.07902233629466658,0.3650715735016069,0.1699207025004222,0.3859853877033044
24355,0.3654960883728422,0.09111837598108029,0.27698393609359667,0.26640159955248094
24356,0.10400483716650423,0.09930388054137416,0.06151088750256947,0.7351803947895521
24357,0.5133708949393889,0.2422405428876427,0.04196866926215598,0.20241989291081242
24358,0.49001121197191133,0.07118331314385565,0.058290842230396614,0.3805146326538363
24359,0.13356174886925004,0.6844923012576027,0.04382238746909489,0.13812356240405227
24360,0.09072998918862578,0.36352625627410934,0.26659575937017604,0.2791479951670888
24361,0.23554634879395675,0.3440415282511099,0.10012730211438749,0.3202848208405458
24362,0.5577811561310448,0.07428055526132428,0.28382321438383384,0.08411507422379709
24363,0.11642843437067331,0.12704137568594345,0.5130783069192865,0.2434518830240968
24364,0.0792664829408017,0.5934129709187754,0.15115324230050317,0.17616730383991974
24365,0.3427697020008406,0.14316565354444263,0.18590370957445262,0.3281609348802642
24366,0.10421645046858495,0.34952227214260223,0.2614173392684716,0.28484393812034126
24367,0.2640559368346813,0.191566159239356,0.09008141192093402,0.4542964920050286
24368,0.10761351891039855,0.291132283138676,0.384650658616411,0.21660353933451437
24369,0.38529650724829734,0.3167524017125526,0.13890016584917217,0.15905092518997788
24370,0.0844863943012884,0.36685387545674497,0.41321785485007645,0.13544187539189018
24371,0.308344372018346,0.16729291301110036,0.37788267880332194,0.1464800361672318
24372,0.10587761335657281,0.09328160723797052,0.4770219911545767,0.3238187882508799
24373,0.23241736054339737,0.4978100128382375,0.1935076181941966,0.07626500842416854
24374,0.2996670388919494,0.21921416191094253,0.2652743146054679,0.21584448459164016
24375,0.15432137103495328,0.09904723173173119,0.42125451712549833,0.3253768801078172
24376,0.1387408549686891,0.17123290145280373,0.5923786573797357,0.09764758619877144
24377,0.11959681269701485,0.5330265211736691,0.2214757494676142,0.1259009166617018
24378,0.08147428927892837,0.5474622066721265,0.07129411074744346,0.2997693933015016
24379,0.07430957639938049,0.4302601195437805,0.20167194887412992,0.2937583551827091
24380,0.1175754542655478,0.313500800618312,0.13891334641057887,0.43001039870556124
24381,0.34173844741009113,0.20606858151850296,0.1314575772060008,0.32073539386540506
24382,0.45401695267856285,0.13736488520010848,0.3289548958555954,0.07966326626573333
24383,0.09322687706354846,0.07513677104878783,0.7174754484913953,0.1141609033962683
24384,0.13056591909016396,0.16327461903576548,0.5358359387475882,0.1703235231264824
24385,0.5931286823154438,0.07277620003538686,0.19560712976345385,0.13848798788571545
24386,0.069305632813378,0.14009453953981146,0.5670841021505689,0.22351572549624166
24387,0.4400927347450729,0.08616846854915669,0.16690971556365075,0.30682908114211976
24388,0.36441353984914276,0.07641807562502274,0.25420164781450294,0.30496673671133157
24389,0.36628538092084734,0.15363760855735786,0.2321358242802784,0.24794118624151643
24390,0.25838352368090883,0.12300464434767241,0.5012785613087258,0.11733327066269296
24391,0.14578388189560942,0.27436040427466457,0.10841754136866505,0.471438172461061
24392,0.06481264150539613,0.2958295686514599,0.3845498101650348,0.25480797967810914
24393,0.057326445398252115,0.10093420298025374,0.7210552612488623,0.12068409037263192
24394,0.10275737821798432,0.6687146532420759,0.1421285119535441,0.08639945658639571
24395,0.32301195594177357,0.21867650260212274,0.4029005890312543,0.05541095242484939
24396,0.4856288753855048,0.21679019007305184,0.08353750617438391,0.2140434283670594
24397,0.11788346032227462,0.21650426070280107,0.36147789920452983,0.3041343797703945
24398,0.27441652932142746,0.31103216025267694,0.14399642617211866,0.270554884253777
24399,0.11679816075605652,0.3057209112944246,0.1677721828859202,0.4097087450635986
24400,0.09552838139432987,0.16099647258179559,0.41801287663624365,0.3254622693876309
24401,0.23526016228066046,0.1763441433992714,0.22258222559087237,0.3658134687291958
24402,0.194530731791105,0.11153235881440825,0.5001333794125924,0.1938035299818944
24403,0.10075855553670884,0.18311186360147425,0.4871666295327399,0.2289629513290769
24404,0.05249531520518578,0.21430388625548036,0.5561124540653309,0.17708834447400296
24405,0.19512564699674856,0.319393069693076,0.2439567496282066,0.24152453368196888
24406,0.45379922815612167,0.25311512465905367,0.11513334346298122,0.17795230372184348
24407,0.0843464720148525,0.5528447003049541,0.25240939889438274,0.11039942878581054
24408,0.20810277632076082,0.3059598755175676,0.16960632024477107,0.3163310279169006
24409,0.27588364328462855,0.2526721045037887,0.09686435043125058,0.37457990178033207
24410,0.22210082459194952,0.26528231222658694,0.16365293933565656,0.3489639238458069
24411,0.12166599750251114,0.55466200677439,0.1949590575628503,0.12871293816024862
24412,0.42006605054883606,0.23497181201532655,0.13957600248447297,0.20538613495136443
24413,0.5007827858940912,0.1558535132959154,0.20244336283682768,0.14092033797316575
24414,0.15532944239063,0.5712661741023797,0.11651394299843616,0.1568904405085541
24415,0.3037131729533891,0.13748174278683759,0.36527765700793713,0.1935274272518361
24416,0.5493831689715543,0.10515067605212285,0.11511754444654876,0.23034861052977415
24417,0.19197656741422808,0.08390781800533438,0.2052125759423349,0.5189030386381026
24418,0.10441892260752852,0.11214091960623122,0.05839705324490472,0.7250431045413355
24419,0.35656067937616875,0.2830641828044284,0.1804355917034836,0.17993954611591917
24420,0.15557057862638016,0.34974744266324787,0.1475268652198223,0.34715511349054967
24421,0.13775168038551905,0.07184884421674394,0.05077436842784795,0.7396251069698891
24422,0.31284574399383785,0.14932001074255416,0.03814473901109708,0.49968950625251096
24423,0.08283180961434704,0.4184068740724731,0.05641358716777186,0.44234772914540793
24424,0.10415480325010079,0.2296318135997397,0.25328071954147674,0.4129326636086829
24425,0.1197955033462093,0.06528341227663609,0.07680240032461763,0.7381186840525369
24426,0.37761756722287804,0.17709529261643828,0.04727355964749539,0.39801358051318825
24427,0.08196790280005271,0.09522711828207321,0.5451329549692027,0.27767202394867135
24428,0.19606959035898566,0.6110357775440332,0.027513447563993175,0.16538118453298808
24429,0.1280044702009669,0.673158784299029,0.03941875495366032,0.15941799054634384
24430,0.10361670736817222,0.07970596948404575,0.053104087981768085,0.7635732351660139
24431,0.15646900624103646,0.5344742661204465,0.12602266159287207,0.18303406604564507
24432,0.04002128002142128,0.29949551092683524,0.1390526522748204,0.5214305567769232
24433,0.1120090251440713,0.08721310469266118,0.10316443156743806,0.6976134385958294
24434,0.1816027991992146,0.2468434210226563,0.36374410855576444,0.20780967122236474
24435,0.36392858670382483,0.20937671440626932,0.1439853391526789,0.2827093597372269
24436,0.2041452439570248,0.12096658945639835,0.27164292046063643,0.4032452461259405
24437,0.28689256602055413,0.2005015722477842,0.09300110703998753,0.4196047546916741
24438,0.6494164120004566,0.12375386676289726,0.12311819730190303,0.10371152393474303
24439,0.1688588715680533,0.03930756057853273,0.549124292187837,0.24270927566557707
24440,0.0515091984160832,0.5180535048269596,0.05554883719849402,0.3748884595584632
24441,0.54351787350409,0.15648527737903883,0.0500563385916504,0.24994051052522087
24442,0.5894608134403655,0.13146541258618755,0.14242058872354138,0.13665318524990566
24443,0.41860699454711214,0.20391046389732342,0.2676478397467432,0.10983470180882116
24444,0.10868898910105453,0.17302616496127668,0.3865735593900131,0.33171128654765575
24445,0.2482005958655147,0.14754392058018442,0.165212128008667,0.43904335554563384
24446,0.26955246116734477,0.10508851647989267,0.07897405770861751,0.5463849646441451
24447,0.14934330136639953,0.7007423170900694,0.049420969486122575,0.1004934120574085
24448,0.18377901073848116,0.4155685241097982,0.09293715111514102,0.3077153140365796
24449,0.37911562637297774,0.041022923223368826,0.19773044867668926,0.3821310017269642
24450,0.1224551044343582,0.08718969411338137,0.21995592895102278,0.5703992725012377
24451,0.07733557662324286,0.08969126509470761,0.36313512321952085,0.4698380350625287
24452,0.1620461764510403,0.06718724233070107,0.3390577047735745,0.43170887644468425
24453,0.30973359196896433,0.08542551701939222,0.41231615235690283,0.19252473865474054
24454,0.18341931020934465,0.4497755106759169,0.1198718699966016,0.2469333091181368
24455,0.19190700310277867,0.1135866609896372,0.44803310820771686,0.24647322769986726
24456,0.09279499478807632,0.15066531497346483,0.36840714626801574,0.38813254397044306
24457,0.22835290901102384,0.12846780507212016,0.23608483233282182,0.4070944535840342
24458,0.05723151608586246,0.31887625489650634,0.17429602093992735,0.4495962080777039
24459,0.12998015368690155,0.19487930092789318,0.47892273096878346,0.19621781441642192
24460,0.059900340841790536,0.2460382855199946,0.29658404432836133,0.39747732930985347
24461,0.03712205058500467,0.12209490019426626,0.4963299902067133,0.3444530590140158
24462,0.11072691637408884,0.33501880400223216,0.16173177408345185,0.39252250554022716
24463,0.28930069184970925,0.542887054357925,0.10204258142609597,0.06576967236626978
24464,0.17356171844578058,0.19491124916380503,0.34142409562455694,0.29010293676585736
24465,0.098474497972308,0.7362715040238194,0.06718246571401061,0.09807153228986201
24466,0.38060015265467306,0.30427656326889363,0.09059239190062518,0.22453089217580816
24467,0.1485199947527614,0.4328818837729855,0.06896668790741879,0.34963143356683435
24468,0.04795843706467066,0.5496316682919754,0.2220859026110267,0.1803239920323272
24469,0.12291303679659396,0.41250836362325055,0.10017965415926479,0.3643989454208907
24470,0.131224328611267,0.2758882361794457,0.17169708394682437,0.42119035126246296
24471,0.14460040711991806,0.6015470312127952,0.0999942618953268,0.15385829977196
24472,0.47413580680402784,0.10936279793576864,0.24525160186387332,0.17124979339633017
24473,0.19712359320587078,0.1577912430293735,0.33858275837406615,0.30650240539068957
24474,0.7108201545704362,0.1554218429908415,0.044979505385589355,0.08877849705313288
24475,0.08501617833894051,0.4427810270746271,0.24820636434492666,0.22399643024150573
24476,0.1744278773441408,0.4034236094749404,0.1729874876544801,0.24916102552643862
24477,0.041391554367540655,0.46342625514273145,0.34898756186971047,0.14619462862001747
24478,0.26301355223056083,0.11630521945426249,0.4356001616988853,0.18508106661629123
24479,0.15356030890220157,0.10457699554634241,0.4790966206563987,0.2627660748950573
24480,0.4338252162522059,0.1706267033267122,0.14414746014464092,0.25140062027644106
24481,0.3386839292175276,0.23086737116373962,0.19857813497150528,0.23187056464722752
24482,0.43622287634086343,0.11374259531853763,0.15871926876307563,0.2913152595775234
24483,0.7151899659273089,0.08885953646572226,0.09071083740214822,0.10523966020482074
24484,0.1010210612492004,0.20832135406706545,0.5845837859905383,0.10607379869319594
24485,0.5491452834331852,0.11281554293206741,0.23631477873934126,0.10172439489540606
24486,0.32889543526717113,0.30104410314333147,0.1634844253292026,0.20657603626029475
24487,0.07689205542490596,0.11604960838611164,0.6443363356829346,0.16272200050604785
24488,0.2126496358421316,0.6445724149323685,0.06958678619135,0.07319116303414996
24489,0.16038025183284893,0.4012543097473974,0.2695719948408005,0.16879344357895312
24490,0.07416246631293953,0.25588269315255385,0.5859603484269097,0.08399449210759699
24491,0.12446081317524779,0.1702092195343634,0.19489152527242043,0.5104384420179684
24492,0.12456865748628611,0.07721045116226383,0.5849838360908145,0.21323705526063555
24493,0.06546774699930666,0.2018383086372204,0.5783094208343547,0.15438452352911833
24494,0.06346892533419729,0.45585117900606215,0.33439524527713566,0.1462846503826049
24495,0.13322380162154043,0.4042062933573115,0.08702192127747886,0.37554798374366927
24496,0.12420692338798511,0.1578272541952051,0.2893370192862558,0.42862880313055396
24497,0.1320240468088912,0.07193095867947422,0.60517104392855,0.19087395058308457
24498,0.20764472276633786,0.23300387799133465,0.40906041556321204,0.15029098367911548
24499,0.3972833565996779,0.0956015963417614,0.2739880627685267,0.23312698429003406
24500,0.08094429429291981,0.5060421760663947,0.120305652810649,0.2927078768300366
24501,0.2085838048984483,0.33611755416222233,0.09160089648255369,0.36369774445677566
24502,0.46472299704503967,0.12190182468786946,0.1286545592614322,0.2847206190056587
24503,0.12322623667186021,0.12678190234477116,0.1759017127695062,0.5740901482138624
24504,0.11751827484839052,0.3893544700191538,0.11603374403067745,0.3770935111017782
24505,0.16717679913799693,0.23110929649292353,0.15283319033357876,0.4488807140355008
24506,0.13225784922702322,0.06133426599985142,0.6175494580784237,0.18885842669470176
24507,0.11092166172509835,0.15104460445767118,0.24341164581574087,0.49462208800148955
24508,0.47353824736240063,0.1030484747332983,0.23020815162184266,0.1932051262824584
24509,0.23623565638727115,0.08164876795366606,0.2957238934516691,0.3863916822073937
24510,0.11287735255468248,0.14399173776082824,0.4899964914804352,0.253134418204054
24511,0.23898595042569012,0.6152353431691246,0.08267421005194739,0.06310449635323791
24512,0.31324798709315216,0.14103490064367508,0.2548514602804736,0.2908656519826991
24513,0.483684533114726,0.1350175582897928,0.18395119507558255,0.1973467135198987
24514,0.3165452995279088,0.3414326581305292,0.1090507390297547,0.23297130331180727
24515,0.2570689771284679,0.2364126645944131,0.23532589493607214,0.2711924633410469
24516,0.37974551281886754,0.17106524004308507,0.1753912904848036,0.2737979566532438
24517,0.508053837587702,0.2197851082800515,0.1685274064111818,0.10363364772106474
24518,0.11678740357119399,0.17988037293424378,0.21986424510909655,0.4834679783854657
24519,0.10230524068241886,0.2121425350862394,0.6008596077647549,0.08469261646658692
24520,0.07014809142662658,0.3092263419310862,0.3261951808791433,0.29443038576314384
24521,0.1676324855005213,0.43658638145336043,0.08019447138057499,0.3155866616655433
24522,0.061157251859043645,0.17684948250585383,0.6410153192351478,0.12097794639995477
24523,0.087160025208590175,0.27056514546234556,0.43776306495302697,0.20451176437603727
24524,0.155344340528165,0.16226250127514905,0.46259582257153975,0.21979733562514617
24525,0.16131183354402442,0.32614230453183196,0.09301350525296029,0.4195323566711833
24526,0.5781956691053945,0.12506786257778704,0.21264063055994212,0.08409583775687623
24527,0.21270418628559815,0.06342265516590628,0.47807629981637534,0.24579685873212018
24528,0.6515692458863453,0.20769600976452096,0.06306165368531798,0.07767309066381572
24529,0.1937367564507767,0.13313868984710098,0.2682962931854611,0.40482826051666115
24530,0.28420740836606706,0.21974025562011104,0.1983905084579683,0.2976618275558535
24531,0.08486240953577369,0.45113232462639064,0.3122995327248875,0.15170573311294824
24532,0.11535310318187063,0.23328553682292336,0.47741861325267465,0.1739427467425313
24533,0.2481428556556375,0.24566849676021194,0.12606293904676,0.3801257085373904
24534,0.092896051192283835,0.41052781723618215,0.13038788524562905,0.36618824632590485
24535,0.5486360867977839,0.09487793907702141,0.12596221442838096,0.2305237596968137
24536,0.13359041571657504,0.18571457629890128,0.37136562071956974,0.3093293872649539
24537,0.31603260775271513,0.1996200872883217,0.11114374241417756,0.3732035625447856
24538,0.2015396080571505,0.4968464458282478,0.09858933676589435,0.20302460934870745
24539,0.3614674790212891,0.18863781489748552,0.13917658294647436,0.31071812313475095
24540,0.40917115028132567,0.11056854721873419,0.2919749993152645,0.18828530318467557
24541,0.40047560117965353,0.1612522286435256,0.19034706302440688,0.24792510715241403
24542,0.1715955895287104,0.4174789170414861,0.11663031126539772,0.29429518216440576
24543,0.035313489666071944,0.15030590645559763,0.7278762734936183,0.08650433038471214
24544,0.17385711101456025,0.4103058643458359,0.2382106613214754,0.1776263633181285
24545,0.2404709146047053,0.1182981003116709,0.45354374714541096,0.18768723793821288
24546,0.0889337051789092,0.5589994088281094,0.1317547201630654,0.22031216582991617
24547,0.3629532157391143,0.2925449548529969,0.08595390743655644,0.25854792197133236
24548,0.07469819440111286,0.27047354208284374,0.3880269442128758,0.2668013193031675
24549,0.5558829005704607,0.21089445002323232,0.0798945654611638,0.15332808394514316
24550,0.13917531610706574,0.4287512864632202,0.3341843710252636,0.09788902640445048
24551,0.05087413988599762,0.4107119990953749,0.11777504928426664,0.4206388117343609
24552,0.06701414184313224,0.3867020624849481,0.12331622968787995,0.42296756598403973
24553,0.3587679167893902,0.13290310786633114,0.21101943863656086,0.29730953670771787
24554,0.25475933207989965,0.11953081702482694,0.23988576734932887,0.3858240835459445
24555,0.1329437489806371,0.6556270971070178,0.06982068933066317,0.14160846458168191
24556,0.4614611853503701,0.19476539468287044,0.07040798486434538,0.273365435102414
24557,0.11549089886380216,0.2661766248660684,0.2676905515494787,0.35064192472065076
24558,0.1050066013941298,0.48643172805215573,0.06840599380672883,0.3401556767469856
24559,0.061999141748580136,0.685691233978206,0.14054615326154038,0.11176347101167346
24560,0.08218347882889787,0.3404874669698685,0.14888668824724072,0.428442365953993
24561,0.19916468521348557,0.2009772196699918,0.1834972321793688,0.4163608629371538
24562,0.5494099319473311,0.1689661741611886,0.12478421064279943,0.15683968324868078
24563,0.04159612553662151,0.48170909868799006,0.12408892894276514,0.3526058468326233
24564,0.06459964700760393,0.4053131746523713,0.11403632614350248,0.4160508521965222
24565,0.07234412964799636,0.32659787185552214,0.2585429026299044,0.34251509586657714
24566,0.11466318541392236,0.704603746014644,0.062996488140947493,0.11773658043048613
24567,0.1491159803412195,0.3373978959613214,0.3726650458846007,0.14082107781285835
24568,0.41694559072363663,0.28429478053179025,0.0965983340885447,0.20216129465602836
24569,0.20355946484453147,0.17309285963581428,0.2861193934563742,0.3372282820632801
24570,0.08621790996874844,0.47050892291750396,0.13315861486667818,0.3101145522470694
24571,0.07298792714417927,0.24491400311492487,0.3992937321779715,0.28280433756292434
24572,0.2427037655503586,0.16529724383974578,0.33561750819820824,0.25638148241168734
24573,0.17038910377712208,0.168909984612387,0.4895030825986182,0.1711978290118728
24574,0.12049177541084723,0.2625934424109497,0.44158747091368716,0.17532731126451595
24575,0.25413162648718285,0.11995297690853789,0.17168272431072085,0.4542326722935583
24576,0.06156863074675296,0.2705223440800499,0.5405064396530102,0.12740258552018702
24577,0.13950713565883818,0.1816004362455624,0.3455765049647527,0.3333159231308466
24578,0.2732179799591342,0.18684468656886924,0.22288021232675756,0.317057121145239
24579,0.42365807719463816,0.3372527839408538,0.11608084170875638,0.12300829715575161
24580,0.14692776522358503,0.14975429697869777,0.43088522089359993,0.27243271690411736
24581,0.24186623586612785,0.06592581513767629,0.5450119228170147,0.1471960261791812
24582,0.09178195842328991,0.16015078150429354,0.6414238357544854,0.10664342431793115
24583,0.08171268386354705,0.20261451498678787,0.46678881391505084,0.2488839872346142
24584,0.05378553795012327,0.06593298838899085,0.774939937712424,0.10534153594846181
24585,0.14598545770249374,0.3193860478122693,0.06213686473389375,0.47249162975134323
24586,0.11057511136777584,0.17565305646762489,0.34927011004680647,0.36450172211779275
24587,0.4955754742382755,0.18688756974505835,0.17562062342989473,0.1419163325867714
24588,0.34138064290342296,0.19328479002516624,0.3192358189976396,0.14609874807377124
24589,0.1377334213411411,0.4778603814652934,0.24399057484358788,0.14041562234997756
24590,0.3375790847988202,0.32932114929624073,0.20563299398335252,0.1274667719215865
24591,0.2930740871817661,0.21575347884025295,0.348356501370493,0.14281593260748793
24592,0.30297195004804417,0.34606124989426884,0.15935775038065084,0.1916090496770361
24593,0.45996663906720486,0.19158521511946203,0.2060306716765074,0.1424174741368258
24594,0.23017645985260968,0.2483977948678057,0.26073215020628326,0.2606935950733013
24595,0.18784855947391185,0.35687526760885785,0.39163747933851806,0.06363869357871216
24596,0.2779420704013555,0.3639274111087352,0.16945520168888198,0.18867531680102734
24597,0.48860611502210877,0.2777595776771552,0.14695475914930045,0.0866795481514355
24598,0.4267946377388633,0.15716413856023193,0.16586176739111924,0.25017945630978555
24599,0.24283406696118465,0.2741346280834586,0.33036092842826814,0.15267037652708854
24600,0.235557169702868,0.34535871935575474,0.2492212151323677,0.1698628958090096
24601,0.08963789990391853,0.1352409488387354,0.6616039913388694,0.11351715991847668
24602,0.296823075176196,0.39371613653341364,0.17809353355336408,0.13136725473702623
24603,0.11313845769767507,0.2066433531442479,0.4192458315741528,0.2609723575839243
24604,0.15648724291209395,0.20951827136041468,0.5621478809220135,0.0718466048054779
24605,0.4065170540262959,0.16901277653257682,0.21515673601315766,0.2093134334279696
24606,0.062043773425359355,0.3880379993045814,0.3658692297327591,0.1840489975373002
24607,0.492642717649278,0.17939491459153828,0.11345252955165727,0.21450983820752642
24608,0.14109020001899847,0.36771779158759815,0.06858891281212726,0.4226030955812761
24609,0.4062418067397448,0.1523502413587432,0.20611303422667737,0.2352949176748347
24610,0.09790813228596519,0.12816627516707216,0.17281641895200972,0.601109173594953
24611,0.16410247208393283,0.20758233891342676,0.12512620183362885,0.5031889871690115
24612,0.10183152451138062,0.6066771583968633,0.062130752505497,0.22936056458625903
24613,0.0914820468963019,0.19942100513757688,0.5362353929724081,0.17286155499371308
24614,0.09963754475534822,0.08965852932355096,0.5821604845420533,0.22854344137904756
24615,0.323278242940662,0.22257367524546384,0.05279218996129618,0.4013558918525781
24616,0.1335969758396224,0.09200223804902481,0.4693023952279462,0.3050983908834066
24617,0.19221058393571017,0.2079420436254493,0.4143544597605362,0.18549291267830442
24618,0.3327100411718602,0.06537405783810213,0.4130744058854419,0.1888414951045957
24619,0.0790753461895998,0.3774535613910746,0.36519028613238114,0.1782808062869445
24620,0.1799994244579491,0.2510677234820345,0.06623089448458228,0.5027019575754341
24621,0.09062987280554217,0.1672699750875605,0.2773221750389073,0.46477797706799007
24622,0.09121970617220444,0.2660345769463565,0.2583828973989128,0.3843628194825262
24623,0.20976379450035182,0.09884352578572822,0.2253960810698057,0.46599659864411425
24624,0.2599938667482321,0.16269953479530253,0.36856553681687293,0.2087410616395924
24625,0.38469234450255585,0.06195829413114105,0.2692989823849187,0.2840503789813845
24626,0.45314107981027824,0.09991818930519689,0.08182721387984063,0.3651135170046842
24627,0.17855115450645176,0.2199040532672227,0.08404916966232244,0.517495622564003
24628,0.5989325584931625,0.07433451844537833,0.06895595603221209,0.257776967029247
24629,0.10124136107078849,0.4047627290255664,0.11378726977625332,0.38020864012739175
24630,0.1650092067264205,0.16052627198713196,0.2830988379535615,0.39136568333288607
24631,0.3229388287410773,0.11338417922865197,0.09428938362912552,0.4693876084011452
24632,0.18683990499086117,0.20301042928762417,0.18016988784652624,0.4299797778749885
24633,0.27269974345646547,0.056722312426713314,0.40369226699812777,0.26688567711869343
24634,0.17743195659673155,0.04604572744413189,0.5271738494670358,0.2493484664921007
24635,0.2810594387268028,0.14220737811948844,0.14902409678823933,0.42770908636546934
24636,0.23429782748842073,0.3857508316234864,0.12613576768210774,0.2538155732059852
24637,0.19407336417582677,0.1265919693806613,0.5012326556271851,0.17810201081632682
24638,0.1110386871594863,0.5195499451560013,0.08224398782052396,0.2871673798639885
24639,0.32488105921564747,0.1681097096286603,0.13537612891717413,0.37163310223851814
24640,0.5634530810830569,0.13354149343482166,0.14729838728261896,0.15570703819950243
24641,0.09555733023786979,0.7503408605001322,0.03120799987046769,0.12289380939153034
24642,0.1974309666786483,0.09770255571969204,0.3252650176147741,0.37960145998688555
24643,0.06798169751202027,0.06979078383189238,0.3915772190661939,0.4706502995898934
24644,0.1281182079419767,0.5488133201062947,0.13744738290217476,0.18562108904955393
24645,0.20172946643318834,0.5839685056961756,0.04763001593106037,0.16667201193957565
24646,0.3332547859777343,0.27207292613484035,0.20954727109179577,0.18512501679562965
24647,0.387295944743979,0.4495015342660712,0.12783095342846423,0.035371567561485566
24648,0.22871047530363786,0.07035497896734273,0.4425366667250485,0.25839787900397093
24649,0.1424827372812793,0.2169335657607048,0.541383230326107,0.09920046663190878
24650,0.059822510086048594,0.8520122634402302,0.031931040081011726,0.05623418639270954
24651,0.6480021402958764,0.1262143580654311,0.04741087083990612,0.17837263079878643
24652,0.2774348569934652,0.04912209713785062,0.6038712964001886,0.0695717494684957
24653,0.5548033162545247,0.18548873185309134,0.12809832485364286,0.1316096270387411
24654,0.10858606542722749,0.5540649901204459,0.0646207049359315,0.27272823951639524
24655,0.12771271200975504,0.23424915489408862,0.46810871688629396,0.1699294162098625
24656,0.21744717474478623,0.3234110104171444,0.38911138742358437,0.07003042741448506
24657,0.3285112839743426,0.23988917775380836,0.12813623814934444,0.3034633001225046
24658,0.1311137952524218,0.4561873880070299,0.28678458792786155,0.12591422881268668
24659,0.06799994013134396,0.15133763917719398,0.5218412939779726,0.2588211267134894
24660,0.1903098465521167,0.38390907091462245,0.28311206147643503,0.14266902105682583
24661,0.16026268887570433,0.6490077544913974,0.07498443970857901,0.11574511692431945
24662,0.049803380560520444,0.16930477070147518,0.6609821643348806,0.11990968440312381
24663,0.12145091653484405,0.37172813252609993,0.45161305459474177,0.05520789634431428
24664,0.10562272357487991,0.2627862550973997,0.5020865888470595,0.1295044324806609
24665,0.37199235330618663,0.1146418301358693,0.42033821347823175,0.09302760307971235
24666,0.1066110592403933,0.6505896406348106,0.11511124319403344,0.12768805693076252
24667,0.06645462677469391,0.6611679509642339,0.18895781475416515,0.08341960750690708
24668,0.26995871219368717,0.06876404785019977,0.630761451265573,0.030515788690539895
24669,0.22158610305664037,0.21993852563850888,0.42037290641640085,0.1381024648884499
24670,0.6418873469758344,0.0715425089540218,0.21980480671138125,0.06676533735876257
24671,0.0890339017983995,0.3833841249840974,0.49643220030464996,0.031149772912853122
24672,0.12992109661527354,0.5333580634924964,0.2904537127230538,0.04626712716917628
24673,0.11125121975705385,0.060111562809720326,0.7884665506721656,0.04017066676106018
24674,0.13616317204089778,0.7145661180069686,0.08349785546080013,0.06577285449133347
24675,0.19283228501380775,0.11782770317031055,0.637500853234709,0.051839158581172676
24676,0.1701796738316709,0.6755116367805006,0.11809033673329268,0.036218352654535824
24677,0.12359700004034921,0.16009349199790843,0.5221027807100289,0.19420672725171342
24678,0.3873870589766105,0.3024176543944495,0.17538523969059472,0.13481004693834517
24679,0.28663032600426547,0.5279338215130398,0.10684239254147035,0.07859345994122444
24680,0.11977709435421827,0.529838193335952,0.2004870386997253,0.14989767361010445
24681,0.43837090769458753,0.33970853896520065,0.10538704946094794,0.11653350387926394
24682,0.41675525587899453,0.51859042026587,0.029005678784288887,0.03564864507084654
24683,0.14547105090471016,0.2295148662351154,0.45788429020246507,0.16712979265770936
24684,0.10720094443826725,0.20580877332597583,0.4532986008865678,0.23369168134918916
24685,0.6108733639003772,0.1343105140243131,0.1196439263857496,0.13517219568956018
24686,0.4837534674453902,0.10477273652772187,0.11538680356089437,0.2960869924659935
24687,0.30714371229418547,0.2783487254426371,0.19645763300281183,0.21804992926036554
24688,0.19130413914784378,0.3964389466268563,0.16831779177608502,0.24393912244921487
24689,0.2862325915840064,0.2436342500037964,0.3582764483248555,0.11185671008734176
24690,0.7076756784767314,0.1165498688505405,0.10548999672875743,0.07028445594397073
24691,0.31899878489709466,0.4329157967998512,0.10246306014050378,0.1456223581625504
24692,0.654611434825871,0.21901643746018293,0.046510167043946594,0.07986196066999945
24693,0.17730974573887862,0.2378534337810473,0.47017068340364904,0.11466613707642494
24694,0.15916570743622097,0.37977412706826225,0.33374088449450395,0.12731928100101278
24695,0.21112744123758329,0.6541725250538606,0.06627307464374875,0.06842695906480736
24696,0.2657057634404858,0.2790649784134632,0.18178360172445612,0.27344565642159485
24697,0.23699258738825782,0.20428159679564134,0.2659999304310163,0.2927258853850846
24698,0.2365369765311675,0.6025056776584141,0.11719109473835727,0.04376625107206113
24699,0.28798953657491444,0.07681978756276951,0.5747226644280365,0.06046801143427954
24700,0.13168616303465583,0.4489819996125857,0.17511793481789817,0.24421390253486022
24701,0.11457945139779614,0.0975084605385248,0.6964867195797673,0.09142536848391175
24702,0.18710309105343292,0.6680187757037532,0.10968859661406141,0.03518953662875244
24703,0.19017868531339763,0.3839662594408269,0.36600140345468873,0.059853651791086745
24704,0.1055433489071734,0.5294250447477709,0.2848154147912402,0.08021619155381544
24705,0.5467335392337389,0.27872454919663975,0.11564164636378457,0.058900265205836855
24706,0.3775666804170251,0.29876846254245065,0.22840357497374242,0.09526128206678174
24707,0.45126334791253775,0.1687241829415091,0.21958250945851163,0.16042995968744153
24708,0.5915539890377475,0.0930768894535991,0.22661683205522262,0.08875228945343083
24709,0.09360478738566044,0.12017197099468196,0.7168971160873097,0.06932612553234781
24710,0.44804322629806753,0.23817420156465266,0.23386906917360523,0.07991350296367458
24711,0.38856655641964,0.19665486740070423,0.3192259828387669,0.09555259334088886
24712,0.2927776582262243,0.4760385479822124,0.15697564866530622,0.07420814512625704
24713,0.14318084323144087,0.6181878191736918,0.14222948438663838,0.09640185320822904
24714,0.37271573061625596,0.3682075837860172,0.14165212835213917,0.11742455724558766
24715,0.18893979915550657,0.4164528505999688,0.2497154776284031,0.14489187261612152
24716,0.4239548525339463,0.3658269767554446,0.11496862200398954,0.09524954870661945
24717,0.17350017015285044,0.62094942668202,0.16796668785537977,0.03758371530974968
24718,0.1469426017728991,0.6540258528268789,0.1103590875951063,0.08867245780511576
24719,0.40342077266815696,0.21350505008153037,0.21052258248163155,0.1725515947686811
24720,0.18148716170527035,0.5110202676321393,0.191158976434839,0.11633359422775144
24721,0.4493447673436546,0.3117429793621993,0.11106929642835722,0.1278429568657889
24722,0.0710139167385584,0.6972919241677421,0.18146042532607345,0.050233733767626014
24723,0.4896178836584263,0.2469800377454253,0.1728363682831842,0.09056571031296426
24724,0.1746999778730478,0.363704768765838,0.36375491752869743,0.0978403358324167
24725,0.5012278431064969,0.224624707945203,0.14445246260579175,0.1296949863425083
24726,0.3520090313200727,0.24507285205434906,0.3011076133729295,0.10181050325264869
24727,0.1034632610100094,0.163017244230752,0.5065673439570595,0.22695215080217906
24728,0.3187779733936443,0.40349288708535996,0.17657379754383862,0.10115534197715706
24729,0.2708211249519894,0.12979965851708078,0.43870018557180546,0.1606790309591244
24730,0.11837689121771744,0.1955371493213519,0.5230672487140301,0.1630187107469005
24731,0.12160472705840915,0.6009976692180332,0.1655252062214757,0.11187239750208187
24732,0.26312767336462983,0.1421516341656507,0.46838342846474396,0.12633726400497539
24733,0.1476636532328301,0.3053504126979425,0.25500622139340384,0.29197971267582357
24734,0.20710927403864188,0.40273293222827367,0.18583679302050427,0.20432100071258016
24735,0.12902667422790992,0.1720844369777329,0.48562637475679665,0.21326251403756047
24736,0.18518943363956014,0.5271326099685996,0.1682770380763271,0.11940091831551321
24737,0.48144358894079115,0.12537230327765794,0.2596466344396682,0.1335374733418828
24738,0.08895598998212682,0.5523559453069775,0.20162004299834424,0.15706802171255135
24739,0.3954588804273198,0.064076187687884,0.2477173074611782,0.292747624423618
24740,0.1843238746775376,0.4147013683035329,0.14963132282188604,0.2513434341970434
24741,0.13212443973130583,0.3205839147607012,0.4620763701283142,0.08521527537967878
24742,0.309223425029553,0.3212897826020612,0.09982691397410391,0.26965987839428196
24743,0.2066633257632556,0.3410557751504395,0.09886033409664978,0.3534205649896551
24744,0.4150768124622518,0.06423909306300009,0.2843610623530234,0.23632303212172473
24745,0.16062061550554096,0.1896795914822882,0.30398238396055727,0.3457174090516137
24746,0.27815441214559505,0.26085848876727263,0.07144024361241061,0.3895468554747217
24747,0.052042618343913015,0.48613115364227205,0.27744227353850665,0.1843839544753083
24748,0.050091826433627695,0.06084349616687452,0.6457038348113431,0.24336084258815466
24749,0.12173879536210624,0.3792670710724659,0.32655811109444555,0.1724360224709823
24750,0.31734950569507603,0.19727338082026688,0.3002601791853871,0.18511693429927004
24751,0.4409359013054107,0.15303597476920797,0.09876243202990616,0.30726569189547515
24752,0.1355313043942475,0.500424243692794,0.07971966167500616,0.2843247902379522
24753,0.22867636058195304,0.06537910499652227,0.568007715961093,0.13793681846043168
24754,0.24831046945447022,0.36116639676489715,0.14056562388265803,0.2499575098979746
24755,0.07472339814371425,0.30949855493753725,0.43400107379262115,0.18177697312612734
24756,0.09295561636261357,0.32724634148663845,0.34667550719602713,0.23312253495472085
24757,0.23347734261792033,0.1513819227817538,0.23103890644795533,0.38410182815237043
24758,0.16967501624403555,0.1102879095493448,0.4846275087190255,0.2354095654875942
24759,0.12891492284080638,0.36325956221422007,0.3067848647701101,0.20104065017486356
24760,0.31091430184475183,0.46829425186167023,0.09896188936732281,0.12182955692625515
24761,0.37120661301043173,0.15924863052525093,0.2955476429797682,0.17399711348454913
24762,0.21104747720985806,0.48200092307472725,0.08686452904689725,0.2200870706685175
24763,0.09330651724851691,0.7146770645171989,0.08035789823660246,0.11165851999768173
24764,0.6391822225280005,0.0888916348305574,0.09500194899016635,0.17692419365127582
24765,0.2403893110039534,0.3723115608354847,0.27241302956034813,0.11488609860021372
24766,0.061085512900411074,0.527258821894439,0.22729595735873248,0.18435970784641748
24767,0.24527040935726918,0.19601358913398498,0.21692319777010904,0.3417928037386368
24768,0.14899857357175075,0.5006199737423742,0.1468044739135755,0.20357697877229966
24769,0.1777337626153001,0.17628676269193244,0.5841301239483261,0.061849350744441305
24770,0.19906947423941493,0.31361176380594397,0.16062737747033265,0.32669138448430834
24771,0.12874374101247266,0.13188343945199008,0.48474114459022555,0.25463167494531164
24772,0.23475805569233482,0.5108500908435631,0.07770597663978847,0.17668587682431366
24773,0.09177107554596677,0.4636842672296198,0.4016175774159207,0.042927079808492814
24774,0.40341164809104635,0.24061344736465756,0.16937520392754685,0.18659970061674924
24775,0.12252370509318707,0.637271397899523,0.08772019048584309,0.15248470652144686
24776,0.5822083845253047,0.07792210642102337,0.22956397163808934,0.11030553741558273
24777,0.34455183208327317,0.2643231573597439,0.19264816547244443,0.19847684508453856
24778,0.3110646892412562,0.2772704762447654,0.12560732421966303,0.28605751029431536
24779,0.06075244202806475,0.3445606161713373,0.1880210272840487,0.4066659145165492
24780,0.49736468686334406,0.14397682838166898,0.23284149075438562,0.12581699400060134
24781,0.05429535158575968,0.10884852837364271,0.7445118859038069,0.09234423413679069
24782,0.45681556926518085,0.10379875214544225,0.06914930016240346,0.3702363784269735
24783,0.04666800524167521,0.22743187807080745,0.4161944641301919,0.3097056525573255
24784,0.3402357526692798,0.11173492517786991,0.15010457400699373,0.3979247481458567
24785,0.04230757738563795,0.28753368131555496,0.2209818617546345,0.44917687954417257
24786,0.13186448203636908,0.17978985942775072,0.4280958716925637,0.26024978684331657
24787,0.21495034135206803,0.27076310306729545,0.17500064829053416,0.33928590729010233
24788,0.11035271578260161,0.20184550533326087,0.40710780310492184,0.28069397577921573
24789,0.31688763395031033,0.2901384694332685,0.09595414028943056,0.2970197563269906
24790,0.09694449179109525,0.14896203233712385,0.37487715689649614,0.37921631897528485
24791,0.19881916708156544,0.14361714353869706,0.38724459149844054,0.27031909788129693
24792,0.2350021971414838,0.13723394784432738,0.290503468737917,0.33726038627627175
24793,0.1386096244123102,0.09426240361431829,0.5027661524363674,0.26436181953700416
24794,0.11063760499648786,0.6307047484572301,0.08994649922461286,0.16871114732166925
24795,0.20078214518149906,0.21232582726375532,0.08814989842063754,0.49874212913410804
24796,0.5283667778693166,0.20444174112045238,0.16448726197061186,0.1027042190396191
24797,0.10326417603490486,0.6336535670531235,0.13368063302853642,0.12940162388343518
24798,0.03363195654686081,0.09000544492859464,0.5318198841059747,0.34454271441856976
24799,0.27172581776967125,0.12665464108809918,0.20113017049850015,0.40048937064372947
24800,0.04483960840866284,0.21371321343659672,0.44984306072986197,0.2916041174248784
24801,0.5696317335860881,0.18634321423971523,0.12623004142994323,0.11779501074425347
24802,0.1855797134698333,0.2659884232249537,0.17555897008258578,0.3728728932226272
24803,0.051144341161595504,0.1301663898362735,0.644028762076799,0.17466050692533194
24804,0.5334655327802321,0.12712174844308813,0.1221340751313453,0.21727864364533458
24805,0.16198163568976837,0.25920318611880544,0.08031359021811474,0.4985015879733115
24806,0.26655231130862145,0.31976857739645526,0.0667405813397068,0.3469385299552165
24807,0.449774677671932,0.38490695172045974,0.041094187855123844,0.12422418275248437
24808,0.3355477179429709,0.14591340032339853,0.21944162325301036,0.29909725848062024
24809,0.5538248205792472,0.08541491397813615,0.07412906742837404,0.2866311980142427
24810,0.1403319824161077,0.3046163843715247,0.1558659478137142,0.39918568539865346
24811,0.191395531788634,0.06560054622671023,0.6109858779344658,0.13201804405018996
24812,0.07435854003157205,0.10379776741308097,0.6815277218688454,0.14031597068650165
24813,0.16804677366732276,0.08744003755644382,0.4295999628059196,0.3149132259703139
24814,0.2120167821671858,0.37787490914735034,0.053980827127280626,0.3561274815581832
24815,0.5769330240451167,0.14600382907753648,0.1493718009506811,0.12769134592666576
24816,0.26411093096996024,0.14182830459418602,0.3246145313636007,0.26944623307225307
24817,0.20653955305321,0.20998030928326913,0.14565904530896331,0.4378210923545575
24818,0.3923143004165382,0.30170041173724954,0.20269354831011735,0.10329173953609491
24819,0.20605995359011378,0.4237668859129232,0.19785223698320195,0.172320923513761
24820,0.27603204039765894,0.13442962545859108,0.12458546308158056,0.4649528710621695
24821,0.4164722524224323,0.22994765303165388,0.0798234762746323,0.27375661827128156
24822,0.12603843682557445,0.5139580195891458,0.10675952469192139,0.25324401889335835
24823,0.1585164384359381,0.28577614207975693,0.35416280953190155,0.20154460995240336
24824,0.2348575554802531,0.12812280385873684,0.18000973628521721,0.4570099043757928
24825,0.4758593182178249,0.22888222564223623,0.09107036604972829,0.20418809009021055
24826,0.10294653094975623,0.11912603305283753,0.6420777186877723,0.13584971730963388
24827,0.22585196754637854,0.6273460799923839,0.05173169409317989,0.09507025836805764
24828,0.1657619675020591,0.6826862865268606,0.06599131297888192,0.08556043299219844
24829,0.20998334833773422,0.16309749462900874,0.13340244622558997,0.493516710807667
24830,0.18989216779681867,0.5349579411230037,0.1674039956874923,0.10774589539268534
24831,0.09071003616205112,0.3935534664411233,0.22941295518991722,0.28632354220690837
24832,0.22804323969501414,0.18114124688215105,0.20933314246345197,0.3814823709593828
24833,0.209978272308887,0.27048482249293754,0.3979847624563389,0.12155214274183657
24834,0.14104111390120191,0.10522099214929846,0.1597223751323197,0.59401551881718
24835,0.19684032180932173,0.33838751171167153,0.14829502710575665,0.3164771393732502
24836,0.11078495847011821,0.18573681775242912,0.27913738206169364,0.4243408417157591
24837,0.5808398260625858,0.06762836495473092,0.09556763645826775,0.25596417252441567
24838,0.1039202258049887,0.25163634157784076,0.13755988557911075,0.5068835470380598
24839,0.5999034011589796,0.14538451749391812,0.1062510086409559,0.14846107270614659
24840,0.4551092496800075,0.21852212499640322,0.20763574905865703,0.11873287626493224
24841,0.07084731170441386,0.5649064830103409,0.2797572129273332,0.08448899235791214
24842,0.1881026075020195,0.197333216069895,0.1444992995863769,0.4700648768417086
24843,0.2405665375700295,0.0951666390728461,0.3355185428693123,0.328748280487812
24844,0.5702258289004171,0.13756748073007505,0.20427927853298442,0.08792741183652361
24845,0.5630442053599612,0.08585152038861497,0.066371076301041207,0.2847331979503825
24846,0.20076459608570688,0.6258287700348507,0.05283339057630422,0.12057324330313814
24847,0.11082217414341275,0.12764476555908547,0.5099461508963146,0.25158690940118716
24848,0.10971023592855565,0.15430736756448393,0.16708152302949894,0.5689008734774614
24849,0.34706608222765506,0.14497979364255792,0.11290806827070107,0.3950460558590859
24850,0.18410681013304786,0.3717177285018732,0.0805987294703324,0.36357673189474643
24851,0.2668141166303638,0.13484401440461724,0.1815925443258075,0.4167493246392114
24852,0.46783803098956117,0.09729321276971385,0.07785650532941878,0.3570122509113063
24853,0.40927028514586716,0.11063714051067791,0.2627335255522457,0.2173590487912092
24854,0.2843367567642268,0.07376530247882665,0.3508966326254256,0.29100130813152103
24855,0.17326183926947453,0.1445154457772383,0.40984661647998333,0.2723760984733039
24856,0.18285760413869132,0.43427185998241724,0.07503279647884664,0.3078377394000447
24857,0.17807695376748298,0.15719792567544894,0.5598022160979215,0.10492290445914652
24858,0.12261683380624588,0.4523393894577406,0.23985863748041847,0.185185139255595
24859,0.20479206946288286,0.2640694036206396,0.12834891634350656,0.40278961057297097
24860,0.19512085115010425,0.08310164893787568,0.6521040727629286,0.06967342714909143
24861,0.46909426530685155,0.11015188396191833,0.09747777834431402,0.32327607238691614
24862,0.13328340303812838,0.482233682656958,0.14245251756732696,0.24203039673758672
24863,0.2622834098945469,0.10519590924283988,0.2781883524077138,0.3543323284548995
24864,0.12619643112718004,0.08730824438838213,0.540208287708832,0.24628703677560593
24865,0.1726580160521933,0.057917032278342405,0.5479782060923215,0.22144674557714283
24866,0.7271954571424836,0.10093947356970868,0.10678620868155973,0.06507886060624811
24867,0.5073151319168682,0.14035156969565366,0.13387305834363505,0.21846024004384315
24868,0.5099486423602841,0.09820400923415645,0.09503727001625395,0.2968100783893055
24869,0.3464515766669065,0.07567307913080185,0.23747870128010345,0.3403966429221882
24870,0.6861766209214073,0.07378099381090268,0.0924368563010805,0.14760552896660942
24871,0.1641214867464098,0.06264852115454972,0.49058096169106924,0.2826490304079712
24872,0.23063736154076786,0.23643979670300966,0.34704665249343236,0.18587618926279006
24873,0.7011354295416569,0.1986733487931089,0.04682840276679669,0.05336281889843751
24874,0.1030646752222993,0.5008548007655105,0.2504970847645782,0.14558343924761216
24875,0.19663764384577276,0.456156641035788,0.1824826202114016,0.16472309490703768
24876,0.04825947379686896,0.5235954901599728,0.3364642606845487,0.09168077535860959
24877,0.28292002841073693,0.18018140553180692,0.4249679277515847,0.11193063830587141
24878,0.16626809090777184,0.1670880961911808,0.4965930868317877,0.1700507260692597
24879,0.4508846984059874,0.2450672060774224,0.14583443321458842,0.15821366230200185
24880,0.3800569012347601,0.2784458329026442,0.18995760638477027,0.15153965947782552
24881,0.46570876881709283,0.17634559656525325,0.1679653583447,0.18998027627295389
24882,0.7029510359534249,0.14262499335368603,0.08815991864628818,0.06626405204660087
24883,0.1130050127959974,0.2534757307869372,0.5584908855409245,0.07502837087614092
24884,0.5574002065496557,0.1616842612518611,0.2223378050515721,0.05857772714691123
24885,0.35757044131050725,0.3539569269219121,0.1519882731032507,0.13648435866432995
24886,0.08359462211246325,0.1719343427866685,0.6455387966433288,0.09893223845753953
24887,0.21931377925060208,0.6645129803333547,0.07204294978129072,0.04413029063475257
24888,0.1652512395567715,0.4593475323535306,0.2683546899337534,0.10704653815594452
24889,0.08824083351096074,0.30171490463525846,0.5495621289930773,0.060482132860703454
24890,0.1699709366139962,0.2929876677804876,0.21500730820268807,0.3220340874028282
24891,0.21576772092903707,0.12884373799474103,0.07465782298227679,0.580730718093945
24892,0.26674368772868357,0.08505023530771665,0.17838231494598644,0.4698237620176134
24893,0.2580305269493886,0.17306379179896642,0.13029450128019565,0.4386111799714494
24894,0.12064402738606521,0.3644609131851448,0.162059742522293,0.35283531690649694
24895,0.056799848807548965,0.048498194548928106,0.33144864439912786,0.5632533122443951
24896,0.05243355684865413,0.24596875891144226,0.19030876674060693,0.5112889174992968
24897,0.1945257287834775,0.06676756757783146,0.5575392243644004,0.18116747927429067
24898,0.22044106393567595,0.1348123038209582,0.24790301556447195,0.3968436166788939
24899,0.03866953207449015,0.2514682599212729,0.5125762983961124,0.1972859096081245
24900,0.1359317087430064,0.14472338327213075,0.22807613129451326,0.4912687766903496
24901,0.2526614715912527,0.0453282346243064,0.2766972629779323,0.42531303080650873
24902,0.36759525979178953,0.055738913357650396,0.15534645639170896,0.4213193704588511
24903,0.30340612457750427,0.08594808740028731,0.12027826128599231,0.49036752673621614
24904,0.07794144504700129,0.2641691711508958,0.03627852670947191,0.6216108570926311
24905,0.10463346763665055,0.1047055157717521,0.5666486326561622,0.22401238393543516
24906,0.19500864031540552,0.03728206143718132,0.2906554942031928,0.4770538040442204
24907,0.16511263023494238,0.07207633194741932,0.0658188815528725,0.6969921562647657
24908,0.045701818673500004,0.30550704794774924,0.43595321077056604,0.21283792260818474
24909,0.10517565742165912,0.36239971936527365,0.14272454375724375,0.3897000794558234
24910,0.11388052133659429,0.4509858166958354,0.2745823984521394,0.16055126351543092
24911,0.15892041592509504,0.6659192659196502,0.07380708773860142,0.10135323041665344
24912,0.11270628899060448,0.17657513009103293,0.3152351456040765,0.3954834353142861
24913,0.0717581534647937,0.7019180524516102,0.0870169680318042,0.13930682605179187
24914,0.34586871686057413,0.1344516865956127,0.33033192982876114,0.18934766671505204
24915,0.05818850999713747,0.3648385276688206,0.36336481918979446,0.2136081431442476
24916,0.590201073054119,0.1623847020129201,0.09804197152779498,0.1493722534051659
24917,0.22152513216665914,0.1226393870196606,0.3203676888827366,0.33546779193094356
24918,0.19613676131096558,0.12579353008758326,0.3045462790624833,0.3735234295389679
24919,0.09358704125766965,0.265989897291534,0.4424243328545443,0.19799872859625203
24920,0.030481976004747918,0.3874295726351482,0.5265006979885664,0.05558775337153753
24921,0.674840326124637,0.1847206126729647,0.07129467868407706,0.06914438251832129
24922,0.6338290845822503,0.1008102126380461,0.10141104150120858,0.163949661278495
24923,0.16122034298492427,0.21077651795060695,0.5419525488150043,0.08605059024946454
24924,0.18430969640270142,0.19352488077095675,0.4539897837796318,0.16817563904670998
24925,0.2403721949349164,0.6192608880617237,0.07604064467392965,0.06432627232943013
24926,0.3132953184894912,0.0790252062763208,0.5044881805736772,0.10319129466051091
24927,0.16715237345113246,0.4409104439431984,0.1494577451229799,0.24247943748268935
24928,0.13968412103139455,0.2629145260608807,0.46019378164275665,0.13720757126496796
24929,0.26334891011718065,0.3324215882016079,0.13602073666819828,0.2682087650130132
24930,0.20243033431517876,0.33785868773628874,0.12586928110709752,0.3338416968414349
24931,0.1323503540424963,0.15040820389854473,0.1977096712841249,0.5195317707748341
24932,0.07637242621574844,0.24093135570912538,0.2000809168857921,0.4826153011893341
24933,0.23100470712934165,0.31503618985427956,0.09594846436364965,0.35801063865272925
24934,0.27669291651440975,0.14070661909346982,0.1273576007768861,0.4552428636152343
24935,0.10606969463714205,0.2935632792317498,0.19942077489559767,0.4009462512355104
24936,0.25936533000345846,0.1534124353479775,0.2812205036614498,0.3060017309871142
24937,0.1118092366466335,0.4085310576282622,0.30104525852868474,0.1786144471964196
24938,0.41452389861278577,0.11782378247871128,0.1793645321015462,0.28828778680695677
24939,0.11128376530909989,0.17569410266752847,0.480133059997378,0.23288907202599357
24940,0.3378973060579242,0.2588985764393596,0.11216193174879528,0.291042185753921
24941,0.18228694005502616,0.2290526174607685,0.1628988688042076,0.42576157367999773
24942,0.5187406748979564,0.12353762697615109,0.13610357545024943,0.22161812267564315
24943,0.16518045516156393,0.1546541201941551,0.20421311490936128,0.47595230973491975
24944,0.4695084546063601,0.17831679677587303,0.10919188154108282,0.24298286707668407
24945,0.09249136704821842,0.13169783312378666,0.239975406610079,0.535835393217916
24946,0.07761762804368749,0.20805342350336203,0.16796656089123035,0.5463623875617202
24947,0.2930678145905665,0.13534566392277192,0.14007343540095107,0.4315130860857105
24948,0.582743125040747,0.20549064984420284,0.1517486931439463,0.06001753197110389
24949,0.17111495740886382,0.38033413325077453,0.40653373327828013,0.04201717606208144
24950,0.17808056955438642,0.44260510882725057,0.2163244128695751,0.1629899087487879
24951,0.21389790875653822,0.44200720865504733,0.19652125678608404,0.1475736258023303
24952,0.4131254146070391,0.19804128029495902,0.27916133606741483,0.10967196903058696
24953,0.3222711177769779,0.19063327784752157,0.34362051030651364,0.14347509406898695
24954,0.16409361229652472,0.6374732825452102,0.1407773736711741,0.057655731487091
24955,0.5358513741132173,0.23093241331364445,0.12821733723754483,0.1049988753355934
24956,0.1516548757769046,0.319678751008707,0.39536423619253364,0.13330213702185478
24957,0.21583976573665076,0.5214915579569798,0.13086276453023254,0.13180591177613696
24958,0.1035718949929745,0.6597704299121894,0.19311407216418383,0.043543602930652237
24959,0.16368644279670108,0.41594014607891094,0.2536054817850734,0.16676792933931459
24960,0.2661298010704028,0.29333087259029084,0.2781746030090745,0.16236472333023189
24961,0.5730071900304596,0.17545425224758185,0.18192749944827782,0.06961105827368061
24962,0.13822139315735094,0.5095848643785306,0.21779594607236397,0.1343977963917546
24963,0.2163543568983759,0.4369822322634843,0.18827041568367317,0.1583929951544666
24964,0.16447650569664737,0.35709162350513823,0.3482721550748966,0.13015971572331778
24965,0.1518143297793586,0.695085074560789,0.1059666842084165,0.04713391145143572
24966,0.16362662366378714,0.3465301542488377,0.4346967133579126,0.055146508729462626
24967,0.47607561567000567,0.07815103845873858,0.35287462626286215,0.09289871960839366
24968,0.1527832872832094,0.3688912727464151,0.3448923579557869,0.13343308201458864
24969,0.2053349447216803,0.46942991527538946,0.1276198651875775,0.19761527481535274
24970,0.47942844158869663,0.23827578271498018,0.16818322879962563,0.11411254689669756
24971,0.3482936192356997,0.375456163569196,0.14640618356526297,0.12984403362984132
24972,0.17815338254469124,0.2892236825984156,0.2418241372380055,0.29079879761888777
24973,0.11484164619925114,0.73365971060674,0.10857056067831912,0.04292808251568975
24974,0.24942322955398794,0.253264010463818,0.35682175597050003,0.140491004011694
24975,0.13172454149530485,0.5248663516961655,0.24850884101082893,0.09490026579770085
24976,0.21821313336521625,0.07816046867593815,0.6381169979551747,0.0655094000036709
24977,0.41985699969946344,0.24722864497428798,0.17087337913241582,0.1620409761938328
24978,0.33677362895876733,0.29514005377544306,0.22492607366914152,0.1431602435966481
24979,0.35104644310539,0.3711388868744129,0.20870455646043398,0.06911011355976308
24980,0.09015550118234991,0.327114716983418,0.48918497404345984,0.0935448077907722
24981,0.15766027335133312,0.1060071661835132,0.5613162732451542,0.17501628721999946
24982,0.22506770472094625,0.5257595450712536,0.16014059995981655,0.08903215024798364
24983,0.7358832586318391,0.15547109606219298,0.04948420734784716,0.05916143795812078
24984,0.08113538428409164,0.47046499668521413,0.2578906257145269,0.19050899331616733
24985,0.11412389725365499,0.4601405909965651,0.3455256488038899,0.08020986294589004
24986,0.3714179365146966,0.19061151755794215,0.24265956638687605,0.1953109795404852
24987,0.07308991342168582,0.4177747070269815,0.46660961453993205,0.0425257650114007
24988,0.14440975890088795,0.48769570143819135,0.18480460618293398,0.1830899334779868
24989,0.20287441734148232,0.5261612731339668,0.22074988345633334,0.050214426068217584
24990,0.09769424127538363,0.5802890955676776,0.22260176110713148,0.09941490204980735
24991,0.24299812909212548,0.10417217856219413,0.5243909591900436,0.12843873315563686
24992,0.1048367106336953,0.3084104862703751,0.533218515426267,0.053534287669662596
24993,0.5742269898047321,0.2183455809583245,0.1517109943710553,0.05571643486588812
24994,0.43957783422702223,0.25221855343257005,0.21832912345672764,0.08987448888368006
24995,0.39729842775630336,0.3191033954459704,0.20831608625051493,0.07528209054721126
24996,0.2266065413598208,0.43910877457330744,0.17269912094684808,0.16158556312002376
24997,0.22336484651663946,0.502914551504337,0.15264289754038765,0.12107770443863591
24998,0.29868535151451353,0.13202150135260787,0.4112085194081453,0.1580846277247333
24999,0.18830882258235715,0.5482638882323824,0.11066627625808922,0.1527610129271712
25000,0.12089463958851351,0.3428180466978097,0.37016887140921323,0.16611844230446354
25001,0.17080511953432925,0.6539328279007339,0.11614698294078703,0.05911506962414972
25002,0.12458060266847686,0.21160119540995345,0.5589394238145332,0.10487877810703641
25003,0.213546555750796,0.3742817976262132,0.28231168143433033,0.12985996518866041
25004,0.08262557505282511,0.14743693110190031,0.6789804925133037,0.09095700133197089
25005,0.16370834867739306,0.4815014743502359,0.23047719930690658,0.12431297766546437
25006,0.48152423477031564,0.17339771635348708,0.21074288660899923,0.13433516226719802
25007,0.41446245396365244,0.27134357585744684,0.11821923917313133,0.19597473100576923
25008,0.09870282671738578,0.14417495018614984,0.6151357283004503,0.14198649479601413
25009,0.43576282245060116,0.09093907689132232,0.25951396093837076,0.21378413971970578
25010,0.31459067250623424,0.08712178877781157,0.3668634138944809,0.23142412482147337
25011,0.11583318561051988,0.7045662570723324,0.09973407309027374,0.07986648422687391
25012,0.09465948094688201,0.42876966626396107,0.16257185714959196,0.3139989956395649
25013,0.29342168575592165,0.10349650247020958,0.34413465584183645,0.25894715593203227
25014,0.1761720476673827,0.1591889221656578,0.5876209627598364,0.07701806740712312
25015,0.3169375740616511,0.23644072574763575,0.23559390312236453,0.21102779706834862
25016,0.13984396901132787,0.4064690359339426,0.13358871541020526,0.32009827964452425
25017,0.05096589864450915,0.206419621573461,0.6469203959152835,0.09569408386674635
25018,0.6477930571644658,0.1747331197544496,0.0860330757122908,0.09144074736879383
25019,0.23623524103327123,0.4872600013444946,0.13246926411836701,0.14403549350386713
25020,0.28132701010072897,0.1717768071845208,0.18900008949225144,0.35789609322249877
25021,0.16848860981652275,0.17523361227035747,0.38541102563583435,0.27086675227728535
25022,0.13366211077144155,0.2825570989642072,0.27857585683577424,0.3052049334285769
25023,0.07840272638272162,0.23612231373875517,0.6081316384188354,0.07734332145968782
25024,0.6354453500298818,0.09619567584976567,0.15308536492326796,0.11527360919708461
25025,0.36187066246753113,0.1582447578999544,0.20386469499279877,0.27601988463971583
25026,0.5185201064589384,0.223220438081265,0.1591824145435966,0.09907704091619991
25027,0.09444055884711304,0.17633539860655512,0.4812068662470881,0.2480171762992437
25028,0.6074161228110135,0.13414563195151852,0.16989000614287125,0.0885482390945966
25029,0.16194542362659717,0.1621295772138141,0.5786887267874462,0.09723627237214261
25030,0.11376264193212544,0.08494148071602538,0.5782233895049019,0.22307248784694722
25031,0.0985205068675867,0.09264541010715938,0.566607459477791,0.24222662354746294
25032,0.08096929983764586,0.06797064057486289,0.7233332406526576,0.12772681893483367
25033,0.37331850611769596,0.17507715823087097,0.3024377976372868,0.14916653801414625
25034,0.21860794670564218,0.4275351461560126,0.16588682909729974,0.18797007804104543
25035,0.23522463903093085,0.25389005156271294,0.2683308596168195,0.2425544497895367
25036,0.12786752321447045,0.19463531261890038,0.34662701247773703,0.3308701516888921
25037,0.24019203738565412,0.4799931863469255,0.11138249677221657,0.16843227949520373
25038,0.32112253219815423,0.2915330559203721,0.1998317965190253,0.18751261536244831
25039,0.16177700729138628,0.3206839851481397,0.33394803550012025,0.18359097206035366
25040,0.1825576035067162,0.2799497051008165,0.46125628948822095,0.07623640190424638
25041,0.20859955978275188,0.5648338625802426,0.07135600877900289,0.15521056885800266
25042,0.10723524894484508,0.24022788539538803,0.4404634143625913,0.21207345129717559
25043,0.1808908240666965,0.4337113101189,0.1542584135457042,0.2311394522686993
25044,0.37684060725685264,0.06664663889047184,0.43205596759918263,0.12445678625349282
25045,0.1339887761871129,0.20530788851164106,0.537128977527824,0.12357435777342192
25046,0.0796897306185248,0.7650283964881089,0.042929885296001634,0.11235198759736462
25047,0.37850639624201643,0.10984555329157257,0.37496644250916844,0.1366816079572426
25048,0.0701324223585619,0.5154912177130608,0.23591317475611479,0.17846318517226248
25049,0.09224796560289371,0.34972045183096834,0.5086048840695772,0.04942669849656074
25050,0.462856774260078,0.33675523967809706,0.08019290543145927,0.1201950806303657
25051,0.11931305856443274,0.35163065088690043,0.43658200069135844,0.09247428985730839
25052,0.13658619934093133,0.5779787231056447,0.09756513380582701,0.18786994374759683
25053,0.2279742326232248,0.20785306281350788,0.25278536527106193,0.31138733929220547
25054,0.05964711767097247,0.5066572673389843,0.28043343163778384,0.1532621833522593
25055,0.13569263414358226,0.63275158582901,0.08792720604588325,0.14362857398152443
25056,0.2779510761087097,0.10883995915673483,0.2947996048355409,0.31840935989901453
25057,0.19858411113002428,0.6705879263308548,0.06485453625331916,0.06597342628580166
25058,0.456096700742406,0.28904577746781435,0.14825772503502316,0.10659979675475652
25059,0.4418061845485813,0.07897136910365585,0.2313625619157649,0.2478598844319979
25060,0.16372465053072868,0.313624051749177,0.36666054015763355,0.15599075756246072
25061,0.08218282350943902,0.41541219667031815,0.3344925147861344,0.16791246503410856
25062,0.29333729436331923,0.4202302446181443,0.056344193753165475,0.23008826726537104
25063,0.06440473583048528,0.3975541003727,0.20615028689378062,0.3318908769030341
25064,0.2572971813435906,0.43406967276199687,0.05100411682451515,0.2576290290698973
25065,0.21332953045283168,0.4995472165926013,0.08789418876564326,0.19922906418892372
25066,0.25553312141611034,0.06553296455087103,0.28996115234361075,0.388972761689408
25067,0.13603161053061893,0.05712954679885528,0.3964299205817047,0.41040892208882107
25068,0.12081625001476316,0.20837792556272355,0.2977635257984558,0.3730422986240575
25069,0.07628578103502706,0.44890209083276106,0.2808358707278057,0.19397625740440622
25070,0.13505479452453123,0.18402043239223909,0.20060422983292028,0.48032054325030943
25071,0.22491618747366168,0.49763280394827514,0.08339336459535238,0.1940576439827108
25072,0.12387589291090534,0.6939616981883977,0.08515002250682262,0.09701238639387434
25073,0.19796998414008513,0.3810755153625648,0.05695723696958057,0.3639972635277695
25074,0.16571409840563892,0.5625191693882936,0.10374283002459192,0.16802390218147564
25075,0.27194960644710514,0.057169386317349406,0.3382757580128535,0.332605249222692
25076,0.08750881966619006,0.09014974870759603,0.3330456919823808,0.4892957396438331
25077,0.07893563836835181,0.1976020082058714,0.46925029500194343,0.2542120584238333
25078,0.4422840042093208,0.05460352646257947,0.32026380998854354,0.18284865933955619
25079,0.20063048007894696,0.0814278305725799,0.43339089209893644,0.28455079724953664
25080,0.6352877072717518,0.06999984020425047,0.0802584005978074,0.21445405192619046
25081,0.3754079705286675,0.15788329491329384,0.26944354612066146,0.19726518843737717
25082,0.10545891151446847,0.3882146733829218,0.33263635759902527,0.17369005750358452
25083,0.13538575047962845,0.36464136331342817,0.2710198364306841,0.22895304977625927
25084,0.4923508000277618,0.14266422850170102,0.2996502682200031,0.06533470325053395
25085,0.16111889064423604,0.5826608945352357,0.19873094744409547,0.05748926737643264
25086,0.662584900615586,0.1362100137845037,0.11299917601937925,0.08820590958053118
25087,0.12451703951844179,0.41839721011033815,0.3534286480071163,0.1036571023641037
25088,0.5684566594863938,0.12792312119461252,0.23746303084917705,0.06615718846981672
25089,0.15820788599981342,0.13296032314672648,0.5976896065592853,0.11114218429417475
25090,0.4250758030079787,0.18521449476207164,0.3204782642129158,0.06923143801703376
25091,0.3700451739764592,0.19465104538613273,0.25968793086062036,0.1756158497767877
25092,0.24194874332665892,0.27886203185706665,0.1514098293826719,0.3277793954336025
25093,0.432425751232212,0.1422521442394277,0.25086932831622677,0.1744527762121335
25094,0.10091755480590699,0.13958728715840596,0.6907387045831933,0.06875645345249377
25095,0.13552721894167202,0.47411354370093817,0.3091276851442404,0.08123155221314944
25096,0.14342456485639218,0.30100053647926184,0.19790151604335343,0.35767338262099246
25097,0.08450857305273099,0.14986465285887882,0.6845390336360263,0.08108774045236396
25098,0.2927187127370355,0.24225239179535835,0.24236670865371396,0.22266218681389224
25099,0.08563858850556384,0.2787568375543233,0.5236700866560005,0.11193448728411234
25100,0.12606550032684033,0.21267273584745044,0.5885706899033704,0.07269107392233895
25101,0.4702530501058778,0.22850995053809653,0.2339136131644771,0.06732338619154854
25102,0.279261129732227,0.3188395309740019,0.2003959565271351,0.2015033827666359
25103,0.39367593203087903,0.3742728771061506,0.13375971910037673,0.09829147176259363
25104,0.17971423414411608,0.22867711557080436,0.51453360329717,0.07707504698790951
25105,0.11823622309702161,0.37042092928891457,0.4234369741637467,0.08790587345031708
25106,0.31365159439909746,0.4098225839921536,0.16861990917171302,0.10790591243703586
25107,0.2714341476121047,0.3822444498906548,0.18305821543388434,0.16326318706335607
25108,0.11980843835679969,0.5900545069352574,0.22867715733537466,0.06145989737256817
25109,0.1298162232383736,0.49221435204689645,0.29436780939412915,0.08360161532060079
25110,0.22152130386593225,0.3275964199815404,0.21568780030577991,0.23519447584674744
25111,0.2593080282847389,0.25894654509362214,0.2693807733066196,0.21236465331501939
25112,0.19536104629074952,0.34341462647352355,0.30623590318640215,0.15498842404932472
25113,0.507303969038151,0.28449625943832296,0.11832090948518117,0.08987886203834493
25114,0.261485184031244,0.39480482363159775,0.22761885761345707,0.11609113472370117
25115,0.15581527472171547,0.25655506129679007,0.4714445652069364,0.1161850987745582
25116,0.2572273109034687,0.4917625078592416,0.14561169759967252,0.10539848363761727
25117,0.5726361364550517,0.2214577436505288,0.15665740506239595,0.04924871483202361
25118,0.5277468274207326,0.17165192147295363,0.1991239817473106,0.10147726935900299
25119,0.1484479424137716,0.20126838970107122,0.4919395426572467,0.1583441252279105
25120,0.3549728446012679,0.2712966366526185,0.09008712660875774,0.2836433921373559
25121,0.524832691256,0.11930942412800366,0.18389616239817932,0.17196172221781708
25122,0.5631420854687463,0.17498332328678565,0.16244963704947316,0.09942495419499484
25123,0.5360220761778393,0.06118004983844896,0.3422012117578163,0.06059666222589546
25124,0.21000164444812275,0.1379499773889305,0.5193713104299216,0.13267706773302518
25125,0.7737753566205471,0.10293346971070384,0.0637578872167574,0.05953328645199161
25126,0.07237415104165587,0.46647916751756613,0.26562530906274284,0.19552137237803519
25127,0.37199357150376,0.1852213056851877,0.19609039759974556,0.2466947252113068
25128,0.3504431066757156,0.1357335668654197,0.18473356748777983,0.32908975897108483
25129,0.36241086320568694,0.12019545176575845,0.48637907887204734,0.031014606156507123
25130,0.32284383830825997,0.2126192325126126,0.1518445886691301,0.31269234050999734
25131,0.25495633299743437,0.4330277478260437,0.06359621883559469,0.24841970034092725
25132,0.47541958852884497,0.2088413103883924,0.13311573276834132,0.1826233683144213
25133,0.737884410051859,0.05273269613670857,0.1357156020434394,0.07366729176799301
25134,0.38064452443495694,0.3208517811462396,0.07509033578426436,0.22341335863453915
25135,0.11596808925933637,0.5256312265826713,0.11460325265106089,0.24379743150693145
25136,0.27926341468034416,0.33039934161306905,0.2648561795365579,0.12548106417002888
25137,0.21329175086591542,0.4350451990396006,0.14784167937465575,0.2038213707198282
25138,0.20041831666835905,0.39335399468090926,0.174155679148949,0.2320720095017827
25139,0.18795423161230537,0.31915095987858755,0.28076931766669944,0.2121254908424076
25140,0.10129245362980199,0.12144330292777035,0.545696198125897,0.23156804531653066
25141,0.37943714801703704,0.287121913191074,0.18993977373864313,0.1435011650532458
25142,0.30278920146798805,0.31372528199427463,0.10434433695654961,0.2791411795811876
25143,0.20298541334840958,0.15890560960694738,0.2473504022671838,0.3907585747774592
25144,0.23302429107446773,0.3465753592251924,0.1301770059165223,0.2902233437838176
25145,0.48559311467677,0.18638567949088358,0.09149282074864261,0.23652838508370388
25146,0.30891449599729326,0.5099884660975685,0.055957264165769204,0.12513977373936896
25147,0.197614987847021,0.1611719727246106,0.4653154581190393,0.17589758130932912
25148,0.47506618458562194,0.2697181381009442,0.054831009435607446,0.20038466787782644
25149,0.09377013684989778,0.6944222924241009,0.14978416491687124,0.06202340580913012
25150,0.1890073186168165,0.14610257571533472,0.464581887632234,0.2003082180356147
25151,0.07114618884590698,0.5799414904454925,0.16354786232034677,0.1853644583882537
25152,0.5192756552636308,0.09555932619678612,0.1198096776486868,0.2653553408908963
25153,0.39595580326275753,0.5381435528542297,0.03702558575104032,0.028875058131972425
25154,0.2199984750721854,0.13312768160405694,0.5267346751843687,0.12013916813938899
25155,0.08911306243149325,0.6522755997525591,0.06676218251215177,0.19184915530379587
25156,0.13148531017127557,0.7591072442139911,0.04669819060228163,0.06270925501245168
25157,0.09567769184063636,0.5104607323236288,0.13952892316844806,0.2543326526672869
25158,0.5798378010771225,0.22877615569647403,0.055637221900378064,0.13574882132602553
25159,0.13396864596472915,0.3242936213929565,0.158990870372356,0.3827468622699583
25160,0.17282983176805947,0.20744663509480943,0.34782138777360294,0.2719021453635282
25161,0.2810251531285319,0.08088212179586897,0.16776483846821227,0.4703278866073868
25162,0.31528860284042204,0.09691818886179399,0.14036003035621417,0.4474331779415698
25163,0.12900833007280704,0.09759548479785346,0.5966278910090088,0.17676829412033065
25164,0.3330949867578154,0.4836326781926655,0.051603829363668606,0.1316685056858505
25165,0.12727318464956308,0.09566159459251257,0.2002340804964074,0.576831140261517
25166,0.19625272708928723,0.09907597376833971,0.25836987894314783,0.44630142019922525
25167,0.27442280862707863,0.4994123882258548,0.06115943681528539,0.16500536633178112
25168,0.2249262377186234,0.25730729159904037,0.08006284946025757,0.4377036212220786
25169,0.2211071947866676,0.19238754475307543,0.10208523776339534,0.48442002269686163
25170,0.47066061125884184,0.32395437883958955,0.05863669218631992,0.14674831771524868
25171,0.4336535978953031,0.15043245445217482,0.18107711205341723,0.23483683559910473
25172,0.13031746296719587,0.3358128863835132,0.23523920119772238,0.2986304494515686
25173,0.2998367344741865,0.06837955847767045,0.1976926860963729,0.4340910209517702
25174,0.32932005904798234,0.07569401322445184,0.297744367371656,0.29724156035590976
25175,0.5629819749334276,0.07270219823304284,0.07151460692109125,0.2928012199124383
25176,0.08311624427920533,0.31402242320397994,0.5264026693755804,0.07645866314123421
25177,0.19995437623955226,0.1737349639599041,0.47740871698251514,0.14890194281802843
25178,0.296254626418055,0.14228006604652232,0.5003796677191881,0.061085639816234674
25179,0.6863248279020852,0.0940740130949069,0.17882535708603595,0.040775801916972124
25180,0.41450851825931817,0.07107781466021479,0.4215550063353335,0.09285866074513349
25181,0.10373498333197359,0.05582309622725808,0.8064515140009251,0.03399040643984327
25182,0.3436153082963256,0.1799566723144312,0.32829955490131196,0.14812846448793124
25183,0.4072321969629426,0.2141915475982514,0.3048043206524477,0.07377193478635825
25184,0.12344081847871828,0.28520644189140143,0.49987460244892085,0.09147813718095937
25185,0.22467728176165253,0.2022249224108283,0.4660927327644951,0.10700506306302411
25186,0.1987106229801176,0.5738700646075083,0.15965197954136132,0.0677673328710127
25187,0.3390410225960327,0.24415293029993543,0.25621896045646436,0.16058708664756757
25188,0.15284710029332788,0.10525284308631148,0.6390323192745847,0.10286773734577585
25189,0.4141576431198808,0.16907172715119453,0.299437809633517,0.11733282009540762
25190,0.5143894492055597,0.2890115986734619,0.11590446109009477,0.08069449103088353
25191,0.07160267325215479,0.6290347412604161,0.22238451225053374,0.07697807323689541
25192,0.19725756540399633,0.34499628771670404,0.3234767309168306,0.13426941596246902
25193,0.4624493454172159,0.256692575177399,0.18907384885377398,0.09178423055161118
25194,0.1561418511492647,0.39096955279481493,0.376897487218793,0.07599110883712741
25195,0.10517967963444812,0.14539645562641135,0.3135267340993625,0.435897130639778
25196,0.061633801658575196,0.3196561576907282,0.1608996704524345,0.4578103701982621
25197,0.07894329414957875,0.48179188730613226,0.09020375378192998,0.34906106476235904
25198,0.16680781989685953,0.33489361509711707,0.07153295583974845,0.426765609166275
25199,0.28909243268482926,0.12292230345179549,0.3281682706111249,0.25981699325225044
25200,0.10351813748021509,0.3600280581542749,0.09612328442379185,0.4403305199417182
25201,0.18571763861841442,0.08263418929256469,0.3007296598269653,0.4309185122620555
25202,0.3135993455240759,0.14432677738871288,0.16839450436618228,0.3736793727210289
25203,0.3694084260647676,0.35766466873480107,0.09329648683864489,0.17963041836178645
25204,0.06925210846569187,0.12089439148047638,0.41966387661613,0.39018962343770164
25205,0.15152894365075797,0.2143239988231856,0.2059511132831786,0.4281959442428779
25206,0.1356540179092993,0.3115601235610767,0.24623439295507585,0.3065514655745481
25207,0.12892453318539704,0.18526634046172524,0.16461477302244196,0.5211943533304357
25208,0.30124871851551216,0.1818886065581488,0.22378875403614146,0.2930739208901975
25209,0.1734620219993297,0.05903338811150537,0.3609748499065912,0.40652973998257375
25210,0.11185124182355738,0.2526034554165004,0.457803543974598,0.17774175878534418
25211,0.07675405231199796,0.2730016676133283,0.3493515929002929,0.3008926871743809
25212,0.298334026973245,0.22200175360446758,0.14677756658489238,0.33288665283739505
25213,0.2031005288964642,0.11094124254397598,0.36588884279144446,0.3200693857681152
25214,0.21818995103513447,0.26351777484155126,0.2298400049732307,0.28845226915008354
25215,0.5502807580772416,0.19614251090107157,0.08163256764388145,0.1719441633778053
25216,0.3206056683272991,0.43269339354232067,0.08159707843168564,0.16510385969869448
25217,0.4830914714803778,0.36586348363328014,0.05191929571797971,0.09912574916836234
25218,0.2654322885965371,0.4280761619288274,0.06767386783556083,0.23881768163907457
25219,0.19707102354882164,0.5114638091505358,0.057140840268618605,0.2343243270320239
25220,0.15043454383771115,0.12539224687624734,0.4267838851322055,0.297389324153836
25221,0.15582931292397656,0.5883550290798836,0.08718652674043248,0.16862913125570733
25222,0.1867814085134108,0.2606930971471663,0.45977459608255744,0.09275089825686546
25223,0.15224446028905436,0.3458335408316763,0.1292546844525369,0.37266731442673245
25224,0.11536800511966362,0.6266810067184236,0.10003450267707509,0.15791648548483767
25225,0.4844285962888643,0.10137974581847826,0.1456994996782824,0.268492158214375
25226,0.697705880026783,0.1158752652130966,0.09694742501307646,0.08947142974704386
25227,0.06333950896028359,0.7718590504802559,0.06657910489005742,0.09822233566940299
25228,0.08118457479861241,0.11682832584570205,0.5104447496644201,0.29154234969126547
25229,0.07158160916280921,0.10294559708429774,0.5646740797605965,0.26079871399229654
25230,0.2297330195342934,0.12504854370587162,0.5406026766274559,0.1046157601323791
25231,0.05905770096880017,0.4738133983936138,0.21530259073220212,0.25182630990538385
25232,0.180778962316371,0.48697444972164056,0.06850893260553292,0.2637376553564556
25233,0.09520946313776077,0.43626208905750263,0.40606483509782126,0.062463612706915424
25234,0.21286958276130566,0.16981667563838934,0.5811186382696859,0.03619510333061909
25235,0.31050319915405666,0.13556413752372046,0.48425067109943004,0.06968199222279291
25236,0.525595267957453,0.21287506952898974,0.19533101087743346,0.06619865163612385
25237,0.3285492862264822,0.509893244443225,0.10728231273837534,0.05427515659191737
25238,0.14388291609958287,0.2226518863200865,0.5647065105144463,0.06875868706588421
25239,0.3744945913735483,0.4302787300966323,0.13816738942515822,0.05705928910466126
25240,0.14291263505387383,0.18450063060750224,0.6023656802472719,0.07022105409135203
25241,0.5427843392726667,0.14420803034901217,0.2912144244408848,0.021793205937436527
25242,0.10059176385876993,0.34164808674575664,0.47931859050444947,0.0784415588910239
25243,0.13435688657626188,0.5290432920474437,0.2992718919940088,0.03732792938228564
25244,0.3156018901059105,0.4797116440706668,0.14655727077056668,0.05812919505285604
25245,0.24958722435466757,0.11294051889665759,0.6061499557786093,0.03132230097006554
25246,0.262022685166226,0.4278070540319162,0.25975117556146954,0.05041908524038824
25247,0.293467117013123,0.24356942934367443,0.3845476728697731,0.07841578077342941
25248,0.24357885834661172,0.3646277483507944,0.30023173058067915,0.09156166272191474
25249,0.13773711372673308,0.6969620149140103,0.1382520957329125,0.027048775626344137
25250,0.28330365129455826,0.4238655316584906,0.23077501987325827,0.06205579717369285
25251,0.1717466248062889,0.3167460034513868,0.41694945241177495,0.09455791933054936
25252,0.6812861837218854,0.08978804458450529,0.09937724626577925,0.12954852542783005
25253,0.1578272841060327,0.4727328461695192,0.16053106397753636,0.20890880574691179
25254,0.27775975752786153,0.26003083243424796,0.13773402099807355,0.324475389039817
25255,0.4719114155912509,0.2156443536095539,0.08962089276463185,0.22282333803456336
25256,0.07591790780069634,0.7779373629816787,0.06965829777134629,0.07648643144627867
25257,0.2389943666532167,0.11414876423283896,0.5168076449369059,0.13004922417703846
25258,0.3731512267966444,0.21454870412646004,0.14608745525212236,0.2662126138247731
25259,0.20105967162423474,0.5406277715568506,0.14132799357078704,0.11698456324812756
25260,0.060479104168316276,0.5284665994893942,0.2016364606852383,0.2094178356570512
25261,0.6204924792797454,0.14742919176276723,0.164485385657169,0.06759294330031838
25262,0.29489329371941375,0.324854255492865,0.09868830037176644,0.28156415041595473
25263,0.476418243256774,0.15701371653957205,0.21768131480867314,0.14888672539498068
25264,0.10568190019162699,0.21667636749886052,0.40043071941780856,0.27721101289170386
25265,0.643096207928453,0.18343680484165495,0.07346459243971179,0.1000023947901804
25266,0.08741178079233182,0.6463591735337276,0.17960334544226655,0.08662570023167401
25267,0.16159168605587723,0.16413134014061267,0.5094616097623431,0.16481536404116695
25268,0.1156106316175009,0.3007705487408793,0.5209642285829135,0.06265459105870635
25269,0.21911574756116797,0.2905780802803027,0.16630601819974647,0.3240001539587829
25270,0.406061893320187,0.21377812327682277,0.15615785405289892,0.22400212935009123
25271,0.045187137327004495,0.3152945224523944,0.5524928871979112,0.08702545302268992
25272,0.23323098695703565,0.33839636938097234,0.21668633664195402,0.21168630702003804
25273,0.27420936065924606,0.24280743497494037,0.2561191258145236,0.2268640785512899
25274,0.3102477932681104,0.1830442896880655,0.29044855293834154,0.2162593641054825
25275,0.6485157086742797,0.21125024351401192,0.06596294299349766,0.07427110481821086
25276,0.47269940395435456,0.2961191980581132,0.13176160084966376,0.09941979713786847
25277,0.11491834560197085,0.10001911089981311,0.559468234880498,0.22559430861771804
25278,0.3531349886043112,0.3883394604082141,0.10837941777737373,0.150146133210101
25279,0.5474096633896758,0.14767339831569704,0.08758537343743984,0.2173315648571874
25280,0.12090367340979374,0.13686756539543848,0.6845599755154967,0.05766878567927098
25281,0.2942814605769217,0.05888194390001039,0.5727434808854199,0.07409311463764792
25282,0.6470478309020355,0.10544509692821201,0.09171257739916755,0.15579449477058496
25283,0.21410784056979282,0.11376033605980478,0.4431906325016522,0.2289411908687502
25284,0.2367009823216148,0.5588912742502958,0.09504102018849948,0.10936672323958989
25285,0.4278947355291416,0.25203530109085187,0.1709175828122117,0.14915238056779476
25286,0.5315377774882847,0.18252356080186935,0.12860853687299498,0.15733012483685108
25287,0.15973989566774915,0.6438698447938658,0.1322412647125646,0.06414899482582058
25288,0.2010683018075765,0.12592713457875532,0.31315577262680433,0.35984879098686395
25289,0.08060048621328032,0.4351352222318357,0.2653109914829674,0.21895330007191663
25290,0.14338850281970603,0.4829434886455909,0.08595698144103892,0.28771102709366414
25291,0.37180281000997367,0.13186160522157828,0.06389753764097135,0.43243804712747674
25292,0.13365714093485945,0.057181949036958286,0.23123734788794917,0.5779235621402331
25293,0.08287188124461076,0.2556065516514804,0.13187023268456707,0.5296513344193418
25294,0.1324153359577635,0.3052499491093603,0.0728206947873376,0.4895140201455386
25295,0.0943848443999048,0.1028669739970956,0.28306781578895124,0.5196803658140483
25296,0.10378094596059177,0.6607054114929517,0.047530013881813694,0.18798362866464288
25297,0.06098274356767914,0.5286009174278654,0.08731719870066067,0.32309914030379483
25298,0.7186583836627652,0.05094862774276981,0.034364941487558476,0.19602804710690652
25299,0.4892693872931367,0.10454773072401681,0.2343871559138917,0.17179572606895488
25300,0.26593042636895425,0.38137868353124776,0.05171935094759435,0.3009715391522037
25301,0.39487327660831945,0.050628322529745515,0.15305449045946068,0.40144391040247435
25302,0.42779280311445095,0.05169013323782583,0.1232336730809458,0.3972833905667775
25303,0.05867363870686743,0.5946578162086111,0.15397561026097978,0.19269293482354155
25304,0.04492342104658074,0.08028151952602564,0.5457202937575127,0.3290747656698808
25305,0.7065402641650453,0.04070790645638689,0.0865597275839612,0.16619210179460656
25306,0.217289087058582,0.3164265452677384,0.04368248143851986,0.4226018862351598
25307,0.0907445256492743,0.30743951835077593,0.09508012484972489,0.5067358311502248
25308,0.1682204048293787,0.5941550416787099,0.06716384001367445,0.1704607134782369
25309,0.2213653155192956,0.20384159363875884,0.3077696094981803,0.2670234813437653
25310,0.4012082779592391,0.27940969969031254,0.1545267236683027,0.16485529868214566
25311,0.45504130229144085,0.17997098474577777,0.27713327168292107,0.08785444127986035
25312,0.1964310584292683,0.13265535455107028,0.5799309177222387,0.09098266929742276
25313,0.4004919521904156,0.16234380731938816,0.2491893793118712,0.18797486117832496
25314,0.436337732486148,0.1814067156815781,0.1561987304531433,0.2260568213791306
25315,0.5643927528538691,0.16809167749435155,0.1752044833470586,0.09231108630472071
25316,0.2437766561471798,0.25676372556370025,0.25293240340883266,0.24652721488028734
25317,0.17957399783999073,0.3775584065013058,0.26070605750646036,0.1821615381522431
25318,0.5612128485123494,0.1675848465485296,0.15340819523597624,0.11779410970314474
25319,0.1646239705157277,0.6559865465758085,0.1066982069650187,0.07269127594344531
25320,0.16728373485445722,0.22402334000757076,0.42566157833506385,0.18303134680290814
25321,0.10664279571886015,0.14603000913843014,0.6013249001908778,0.14600229495183187
25322,0.37509220995035275,0.12497029728298516,0.43120316668336817,0.06873432608329398
25323,0.4019080380118537,0.1181131884532406,0.3644151607786751,0.11556361275623049
25324,0.2785997729813067,0.40306637805299683,0.15296468049537199,0.16536916847032443
25325,0.24717909036165703,0.3858029599446853,0.16868800317761695,0.19832994651604072
25326,0.213161101497058,0.14602176610082218,0.37816116835133573,0.26265596405078406
25327,0.12151883928432355,0.3848532132892949,0.2619729409683466,0.23165500645803488
25328,0.08403935891027538,0.06187040999201072,0.5979916764455208,0.25609855465219317
25329,0.31312239528260694,0.07882112794824779,0.11402293183207755,0.49403354493706775
25330,0.05567065899937124,0.19735330196908377,0.43105115201419775,0.3159248870173473
25331,0.14780532318907788,0.3577406729304638,0.06812517806014835,0.42632882582030995
25332,0.25207243906651094,0.21914246503835494,0.08524145894028408,0.4435436369548501
25333,0.14900219411343196,0.24397989267960837,0.12914149621216237,0.4778764169947973
25334,0.2908730325459296,0.36103944094426277,0.043341297409983826,0.3047462290998238
25335,0.04939380086987578,0.326369442013719,0.24033136236351493,0.38390539475289026
25336,0.05393359631154286,0.26540154028828367,0.46483065261334877,0.21583421078682466
25337,0.08634447293294675,0.05577056634590745,0.42940678580566277,0.42847817491548296
25338,0.09659987357759692,0.12910112204913377,0.4847812780981098,0.2895177262751595
25339,0.37690151811217754,0.05185022619119775,0.3178542373820966,0.25339401831452807
25340,0.12858987753182075,0.5404267184051439,0.11043233442911639,0.22055106963391902
25341,0.05835464693364266,0.6031040090374198,0.09963995155597302,0.2389013924729646
25342,0.05598122137389123,0.2682651450708721,0.47051668534723634,0.2052369482080003
25343,0.13271981633393223,0.4428593305820283,0.3144990350351283,0.10992181804891113
25344,0.2143387537532155,0.1342395093772471,0.3946908466348751,0.25673089023466217
25345,0.08956980055353429,0.323211000596964,0.34790722453673556,0.2393119743127662
25346,0.3543398981224536,0.058446519529900647,0.22790486890082315,0.35930871344682264
25347,0.30256144926240014,0.25902098577282107,0.09377488641876555,0.34464267854601327
25348,0.27804826254259873,0.08982856952625352,0.07855127090011216,0.5535718970310356
25349,0.09610569857742778,0.14294920016348886,0.44422381617875084,0.31672128508033254
25350,0.33689105303535766,0.1812217785272043,0.0671725136785154,0.4147146547589226
25351,0.1393790350783703,0.11757501141320718,0.270314952968937,0.4727310005394856
25352,0.15170292658122886,0.1061011656659454,0.09812435294973777,0.6440715548030881
25353,0.1391474326458259,0.08723517044774395,0.19021650933776246,0.5834008875686677
25354,0.4645467905588219,0.07307526140780078,0.24360280416486196,0.21877514386851524
25355,0.10381646150705297,0.26538428223186084,0.05691515496190963,0.5738841012991766
25356,0.0640621171346228,0.20870181414024666,0.08614899618719873,0.6410870725379318
25357,0.1435740519647792,0.3022919883080978,0.23623375147788853,0.3179002082492345
25358,0.34286202120197284,0.11469724264707627,0.16372020851924077,0.3787205276317101
25359,0.3270237357644083,0.08621435978666309,0.4073191517530577,0.17944275269587098
25360,0.09452983168982075,0.13109274301216794,0.30867136243503196,0.4657060628629793
25361,0.24762144316509724,0.11298913182178487,0.2933151240769422,0.3460743009361757
25362,0.05125018526099571,0.10239972505354678,0.4127579984662062,0.4335920912192513
25363,0.13236848317577649,0.09688673566161052,0.21439530198908102,0.5563494791735321
25364,0.0795801598036975,0.08352351769004142,0.35705421766688616,0.479842104839375
25365,0.2144416753659844,0.058094346063930956,0.12485788381133009,0.6026060947587545
25366,0.1334848651460546,0.3400281345004144,0.27708439797006396,0.24940260238346695
25367,0.10177204153795923,0.47780265135114025,0.20507832170857818,0.21534698540232236
25368,0.49646394078934053,0.29212849582439127,0.10136657426560697,0.11004098912066126
25369,0.27328887793197787,0.15895072299934654,0.3774781418266986,0.19028225724197698
25370,0.18374387901424966,0.34843513114657687,0.21716957666296352,0.2506514131762101
25371,0.16675470707616832,0.5034025713021489,0.14996040366744853,0.1798823179542341
25372,0.31087603109343587,0.07928619776614197,0.4936208647429093,0.11621690639751284
25373,0.09004919692923412,0.46315038211415577,0.23553488249734267,0.21126553845926743
25374,0.1079649360299802,0.3180032803793549,0.43756077009881617,0.13647101349184879
25375,0.13866157669558854,0.5385229702477733,0.18090873759251802,0.1419067154641202
25376,0.2125808086306074,0.2930881473715507,0.2671114141390179,0.22721962985882396
25377,0.14971354586668187,0.46965085554340436,0.1850284207648433,0.19560717782507045
25378,0.324926149018886,0.2562131743348134,0.25510775866951413,0.1637529179767865
25379,0.17578786857263642,0.631697789788758,0.1005698158330131,0.09194452580559241
25380,0.13622352113449956,0.532231175783845,0.17569270573770013,0.15585259734395526
25381,0.14984038262370022,0.4972162805553517,0.13361633945506715,0.21932699736588088
25382,0.37662880004767335,0.2669077450943437,0.1510555272685008,0.20540792758948223
25383,0.08509365681884726,0.4823591742472897,0.3165352509967774,0.1160119179370858
25384,0.13742640552869836,0.2526828668322135,0.41366643555988614,0.19622429207920192
25385,0.08863592942235518,0.18349718420192687,0.5677127299123583,0.1601541564633596
25386,0.30763851720254476,0.16872100509753182,0.30917118935792653,0.21446928834199677
25387,0.19142504304623012,0.21193039219597207,0.3491901997637447,0.24745436499405307
25388,0.12681315407789825,0.1663375051991952,0.6286255240674801,0.07822381665542642
25389,0.1982584990573763,0.32940142146200047,0.31282355518860366,0.1595165242920195
25390,0.0691797824840142,0.1582725385362055,0.6986827015387923,0.07386497744098795
25391,0.21118375355811822,0.20605803017486823,0.38473233108597826,0.19802588518103525
25392,0.11972652206135534,0.12943118905168136,0.6249167522885148,0.12592553659844838
25393,0.1345006875642519,0.4207129772390083,0.3059717027675941,0.13881463242914563
25394,0.046884765533632126,0.2075378419587237,0.7000819073972976,0.045495485110346616
25395,0.09511108521274302,0.2277819928045643,0.4615101404406754,0.21559678154201717
25396,0.1885812153516623,0.5005319809115072,0.1907216522050434,0.12016515153178715
25397,0.15770323033815212,0.16194067927262504,0.5614844502499472,0.11887164013927565
25398,0.23330867593706475,0.1491519518860484,0.44561184638704066,0.17192752578984621
25399,0.1700673998357515,0.22210573198159472,0.398143001607944,0.20968386657470983
25400,0.12921924656338996,0.4444570978753995,0.27047663714799725,0.1558470184132133
25401,0.16026071885518944,0.18026353421041416,0.4788342989840754,0.18064144795032103
25402,0.35363474777758497,0.1326766708303045,0.36007853917679156,0.1536100422153189
25403,0.1296819775161604,0.30931802380596374,0.45611379722683104,0.1048862014510448
25404,0.20897348299827356,0.17070080020679693,0.09929928387904756,0.5210264329158819
25405,0.3893838955151795,0.19267755880033577,0.10726653501721707,0.3106720106672677
25406,0.06799943291828339,0.26047399178727976,0.09835271195768454,0.5731738633367525
25407,0.1241012339002062,0.11254945173773304,0.22325957058052778,0.5400897437815331
25408,0.11144895768870122,0.2601923429264749,0.07541888164883084,0.5529398177359929
25409,0.1760344000846105,0.11057420398920342,0.40502714611644813,0.308364249809738
25410,0.03779509174929833,0.2189558967516082,0.31982441130644157,0.4234246001926519
25411,0.09321612626128548,0.1019421473193798,0.10398072288786472,0.70086100353147
25412,0.5089604510625725,0.09662310043278625,0.09708547490548095,0.2973309735991604
25413,0.6351343113559541,0.07742644055335557,0.0812850688672781,0.20615417922341234
25414,0.09642429171582667,0.06617896663067799,0.5751810222035169,0.26221571944997835
25415,0.06199280874177885,0.1582370221863005,0.21201157960011632,0.5677585894718042
25416,0.12843957704255188,0.19497409637000576,0.2015355915748026,0.4750507350126398
25417,0.04639408312706799,0.17783243564623694,0.5282640504096999,0.2475094308169951
25418,0.04319242664348891,0.3857518257675272,0.07723315840037791,0.493822589188606
25419,0.14914470519654363,0.354451572761137,0.2599889350176693,0.23641478702465019
25420,0.08111093768992338,0.3038856955242343,0.13048525401751798,0.48451811276832435
25421,0.37659150793191293,0.20101523587893763,0.20147163442988622,0.22092162175926322
25422,0.186889028875592,0.10001311347764184,0.07679838168456017,0.636299475962206
25423,0.5456449425514781,0.08385099450095972,0.2175483972204048,0.15295566572715735
25424,0.159849391544682,0.16834356563048994,0.46859733387509617,0.20320970894973187
25425,0.1906195054196832,0.10846318271318314,0.5362136938302379,0.16470361803689582
25426,0.19078020011973001,0.5418516814029936,0.08716792587646353,0.18020019260081285
25427,0.08972923695625577,0.2070741242026753,0.47279679107374867,0.23039984776732025
25428,0.1222510587815868,0.0931142761912362,0.531834126993353,0.252800538033824
25429,0.366031484950116,0.09823653538917326,0.28513300111596956,0.2505989785447411
25430,0.5393061891954697,0.10894994230422712,0.23965651672493657,0.11208735177536668
25431,0.11461938907472508,0.5306794506280258,0.21986474885929613,0.13483641143795297
25432,0.29632582173951644,0.1612159996829262,0.27196474977828305,0.2704934287992743
25433,0.09321551690741418,0.11722333586944099,0.48755894575656356,0.3020022014665812
25434,0.2842906753673045,0.1705582856093833,0.36022669378431643,0.1849243452389957
25435,0.4115210685578499,0.30528180644626773,0.15204031988584898,0.13115680511003336
25436,0.1754249557012488,0.4909129506389741,0.09173897837391687,0.24192311528586022
25437,0.4246473900233219,0.3053681519018178,0.12772208237168303,0.14226237570317737
25438,0.299195676085023,0.1692342991750808,0.43282689143887276,0.09874313330102345
25439,0.22024680636722826,0.10736452748204792,0.4118706341340403,0.2605180320166835
25440,0.0871707871015301,0.08752854317755383,0.6068334469993433,0.21846722272157265
25441,0.3446686659120597,0.25236704631646983,0.19536802294722933,0.20759626482424126
25442,0.08097779391926889,0.09052776757835063,0.5399580450679301,0.2885363934344503
25443,0.367710024452606,0.28817562147940035,0.0911047036929883,0.25300965037500533
25444,0.09454185026663671,0.1825176785465956,0.35726578958821775,0.36567468159855004
25445,0.16707123536870291,0.5061842460124866,0.1366001955330813,0.19014432308572915
25446,0.44925615662647383,0.13000242106130633,0.0875870079531611,0.33315441435905874
25447,0.13146045050254943,0.3515472677707645,0.1267957648738289,0.39019651685285706
25448,0.36781835030864746,0.29421530225797715,0.08708583958255563,0.25088050785081983
25449,0.10724172317662,0.44814299856014544,0.11243122110499426,0.3321840571582403
25450,0.595192655133246,0.16112774159696494,0.12308978350146878,0.1205898197683202
25451,0.36664172013764096,0.43359901088164965,0.12264543690644812,0.07711383207426122
25452,0.5710586914287717,0.18460937854334042,0.06363255682447329,0.18069937320341467
25453,0.15997929311026138,0.17022878195812602,0.18173426903977888,0.4880576558918336
25454,0.24711320501923212,0.15695288737296537,0.4202586870631006,0.17567522054470186
25455,0.3764802943535709,0.20618382021873075,0.09993259017739635,0.317403295250302
25456,0.17076146866484937,0.19668497755290978,0.2630276575432936,0.3695258962389473
25457,0.1897753334518178,0.20243873556088748,0.3978974887264564,0.20988844226083825
25458,0.5327903799636681,0.12145901922961402,0.18289104038818146,0.1628595604185365
25459,0.6845812048414179,0.07144274414204786,0.11609287861105855,0.12788317240547556
25460,0.13461871893103383,0.3082173612611174,0.44607003056634403,0.11109388924150473
25461,0.05748166175576764,0.1445096584668839,0.32370904235022835,0.47429963742712006
25462,0.14489642872426198,0.3104697151536507,0.06947401302932969,0.4751598430927576
25463,0.29918051360191883,0.11577894671788527,0.18701736963692014,0.3980231700432758
25464,0.04845592052468333,0.34231878772714947,0.31734423906568937,0.2918810526824779
25465,0.6369229145406725,0.17147304252475232,0.06832193620886133,0.1232821067257139
25466,0.08746472278049668,0.19583957066075525,0.5943575678338148,0.1223381387249333
25467,0.19779779613991164,0.22027851818374553,0.09375686512077767,0.4881668205555652
25468,0.16895934431381127,0.3672496750289599,0.21868166524160274,0.24510931541562625
25469,0.17405364260379552,0.5275748730731036,0.05859938200220819,0.23977210232089266
25470,0.13804975277463077,0.26266531550045963,0.46494119540192724,0.1343437363229824
25471,0.06269737006103754,0.39767095550107223,0.062404250987427655,0.4772274234504626
25472,0.20368751751713576,0.18608150284258276,0.1766351068177751,0.4335958728225065
25473,0.3008899776865995,0.19825754006442065,0.2584411668369404,0.24241131541203947
25474,0.17048884969526545,0.4753341426185419,0.0576337858020044,0.2965432218841883
25475,0.1310209165954531,0.4194750801139595,0.16979914264599485,0.2797048606445926
25476,0.22227837321092145,0.39238051442242156,0.03673834449034903,0.3486027678763079
25477,0.20479249353137938,0.12302629956831805,0.27846972141367626,0.3937114854866263
25478,0.11604062346786315,0.3470641670908927,0.06602224283452636,0.4708729666067178
25479,0.04603996725236721,0.03800569661089867,0.7861764366802234,0.12977789945651078
25480,0.17629763477585367,0.14302769751603212,0.37467155482732734,0.30600311288078685
25481,0.1364753452821796,0.6626442977945339,0.084184874126736,0.11669548279655052
25482,0.48146525186318795,0.19895511855202974,0.23228630970245873,0.08729331988232357
25483,0.17211771475010715,0.5481451283306435,0.22076735956495613,0.05896979735429312
25484,0.30844536698221614,0.17166476243284215,0.2275346782461668,0.292355192338775
25485,0.4986479140142456,0.19208276329573243,0.18318340230815067,0.12608592038187139
25486,0.19108342170420287,0.21526677431344485,0.4357512771721398,0.15789852681021257
25487,0.31063078825781587,0.2608599113310103,0.1496603594938662,0.2788489409173078
25488,0.3920407976754456,0.14228039498194184,0.20044391680641527,0.26523489053619725
25489,0.25260889255628055,0.38772182121991033,0.18481510033223944,0.17485418589156965
25490,0.14610016807226411,0.1488945972139483,0.6093668016714854,0.09563843304230221
25491,0.12984534099858097,0.40444774490361923,0.18536592887643658,0.2803409852213633
25492,0.4128860495179997,0.2706470151688138,0.2080636619610522,0.1084032733521343
25493,0.1019401640023844,0.1860745640008132,0.31131537029101186,0.40066990170579064
25494,0.45643707412816265,0.2804522326493028,0.11118649147997144,0.1519242017425631
25495,0.34047931192319564,0.1723681783095606,0.3295748640528596,0.1575776457143842
25496,0.09589243219115816,0.1919601958706069,0.6363370254813817,0.07581034645685324
25497,0.08419984059974277,0.12068803923508158,0.7089211882018595,0.08619093196331622
25498,0.6836318129134858,0.09687251907855272,0.08368927155071317,0.13580639645724826
25499,0.08026523583147427,0.20640403783108474,0.5518432646390253,0.16148746169841566
25500,0.5614491787162357,0.10511070759002493,0.19542593154019652,0.13801418215354286
25501,0.19369088484926114,0.35964721297107444,0.24046184078963237,0.20620006139003205
25502,0.44058266140370833,0.11067000966257325,0.34628370918663953,0.10246361974707896
25503,0.12046662839736962,0.18050605102272446,0.4314349381153721,0.2675923824645339
25504,0.22804753775633366,0.6074137524206745,0.09247322552886485,0.07206548429412699
25505,0.08230754010933498,0.40180142930915935,0.28425549942424283,0.2316355311572628
25506,0.18690472883788098,0.16018081430819067,0.45551967497714824,0.1973947818767802
25507,0.1626567257729458,0.2987329033777367,0.1923586677316535,0.34625170311766396
25508,0.05407929381679434,0.5689495973797353,0.30382003649439865,0.07315107230907171
25509,0.41863427428808414,0.15382965084917707,0.2664521503257063,0.16108392453703244
25510,0.2870579065680582,0.21217015347764537,0.27606905421877764,0.2247028857355188
25511,0.5268623677948512,0.1399011901414847,0.148306883108952,0.18492955895471222
25512,0.45303770577890123,0.15063135726895946,0.2616130717807224,0.13471786517141696
25513,0.09826277774312013,0.306002808565831,0.2754134459741638,0.32032096771688506
25514,0.11018898661977365,0.24573020785904143,0.49145298050803404,0.1526278250131508
25515,0.11033026747825554,0.392403612219719,0.2133027868069033,0.28396333349512215
25516,0.22373698327456235,0.3623182650100098,0.16253737839305882,0.25140737332236907
25517,0.3797712484329755,0.17969343458370196,0.17969396044008343,0.26084135654323914
25518,0.3771290910124265,0.23012284303911543,0.2194229895826077,0.17332507636585037
25519,0.11602217277993007,0.43223768381225497,0.3625244337574617,0.08921570965035323
25520,0.13881835091903982,0.24332611252386865,0.5281953961089036,0.08966014044818792
25521,0.3369908131331237,0.28819614357582474,0.15711746999914686,0.21769557329190473
25522,0.13378488011774695,0.5151228385883222,0.12335071287312549,0.22774156842080542
25523,0.7045843748965027,0.0670801724547662,0.09926745373133919,0.12906799891739187
25524,0.1606645039006308,0.21954255732976882,0.4329162500486339,0.1868766887209664
25525,0.3964560327949349,0.2129491520866321,0.16359697681364876,0.22699783830478418
25526,0.24059618831176707,0.5703592362907937,0.07523422081566371,0.11381035458177555
25527,0.4477691067008193,0.22061846836364216,0.1550283823678741,0.1765840425676644
25528,0.4822615689407773,0.10967302953609465,0.29978382598341996,0.10828157553970812
25529,0.4816185412906019,0.15604732898188003,0.21579471292763105,0.14653941679988705
25530,0.2190981823200465,0.48424723648145857,0.12919987929795546,0.16745470190053957
25531,0.04428010741360349,0.13268885334666108,0.7746988988331062,0.048332140406629205
25532,0.20978346969526346,0.45425871913234295,0.24266268118767437,0.09329512998471927
25533,0.29722784690025816,0.11198822790681373,0.4911177523066816,0.09966617288624656
25534,0.12273672770177131,0.638061189745605,0.11826515594187241,0.12093692661075137
25535,0.44921188815759505,0.3291791019167511,0.07778773839919606,0.14382127152645774
25536,0.09773401022803344,0.29966602319407387,0.4399562090909257,0.16264375748696705
25537,0.07324016537690008,0.20337342629493635,0.4286027529503173,0.2947836553778464
25538,0.4792252315495747,0.12130830543600728,0.18822715666646128,0.21123930634795676
25539,0.5588234899955373,0.19653246914681616,0.12577578876773896,0.11886825208990749
25540,0.15947113407587882,0.10528759927835414,0.5850551800732992,0.15018608657246799
25541,0.35981944272899674,0.3445208906170882,0.19927403451846887,0.09638563213544632
25542,0.12153392102357571,0.40375517034096187,0.15688807417762593,0.31782283445783643
25543,0.2105258727533709,0.15766369677761763,0.43530139157306985,0.19650903889594165
25544,0.3919820692586133,0.3073046546637905,0.07727054101810166,0.22344273505949452
25545,0.22253953143195687,0.29889308957908484,0.31136726228390227,0.16720011670505594
25546,0.32663980908188484,0.4004221922214102,0.12039530429233551,0.15254269440436946
25547,0.11560757791638811,0.2561513159474309,0.49245283551204805,0.13578827062413296
25548,0.13304931983482018,0.23878996865085825,0.33455227520329106,0.29360843631103056
25549,0.08721493060642867,0.1581417022068188,0.4714497101910109,0.28319365699574156
25550,0.20493486857470117,0.1953280453296324,0.16695653870021665,0.43278054739544974
25551,0.2088385986469818,0.26931568484426,0.1857146743685972,0.336131042140161
25552,0.11658591552745372,0.49091344225124206,0.2023279647333251,0.19017267748797906
25553,0.10470381968931193,0.5110655192223816,0.17550281330641965,0.2087278477818867
25554,0.060882595012620194,0.662072391733214,0.0935385740884135,0.18350643916575235
25555,0.360552206413797,0.24587926789877387,0.1113678464303673,0.2822006792570618
25556,0.27644462486171223,0.5660886843048277,0.09961232008908574,0.05785437074437427
25557,0.36337101330466953,0.38401132403534416,0.16141494315371036,0.09120271950627593
25558,0.40276897497651737,0.2663986753037842,0.14087616776035164,0.1899561819593468
25559,0.6464174004097498,0.14917638953908735,0.14920309859765796,0.055203111453504795
25560,0.3381573279407295,0.40075819290725,0.12670990953532832,0.13437456961669214
25561,0.241935572325762,0.4442218612452512,0.1576597806074102,0.15618278582157658
25562,0.19379411483169487,0.2890887320149387,0.37362151974926805,0.1434956334040985
25563,0.49409889428886306,0.18081684670566442,0.24617767113098157,0.078906587874491
25564,0.12676321959093115,0.20587219466454393,0.5900230658837632,0.07734151986076176
25565,0.4274801166476455,0.12148195816627069,0.2428361450304757,0.20820178015560808
25566,0.08716582939678416,0.5875830800129204,0.14015125641188553,0.18509983417841
25567,0.045930206621295065,0.47523824266532794,0.34246090693912073,0.1363706437742563
25568,0.48375328838393983,0.34759560300319153,0.11323627509608523,0.055414833516783286
25569,0.4405813796691847,0.205497772091204,0.3019151720431715,0.05200567619643982
25570,0.34409126701587095,0.22570607565069956,0.28790664919945047,0.14229600813397905
25571,0.30765320193302115,0.3659408457057523,0.1432286082738268,0.18317734408739977
25572,0.5577919563338971,0.15966542706747913,0.15228286120617074,0.13025975539245302
25573,0.1393497419826356,0.6894552059219485,0.1127577858133814,0.05843726628203443
25574,0.1526169274228041,0.103850492678983,0.5480078297420816,0.19552475015613124
25575,0.5698145573167187,0.14866403894148456,0.1887821514545624,0.09273925228723434
25576,0.3633167507110607,0.15626667463945698,0.3573989359251816,0.12301763872430066
25577,0.3165852410639357,0.18884732607851873,0.1853071497603702,0.30926028309717546
25578,0.36185685968175146,0.3601212450871555,0.10924844540160973,0.16877344982948342
25579,0.5779421123996931,0.23917391276459274,0.08060701932507659,0.1022769555106375
25580,0.320476107706283,0.32299938353978613,0.16268409411993043,0.19384041463400045
25581,0.4027497949206112,0.27780652692550944,0.0891003574745403,0.23034332067933908
25582,0.11926149333096524,0.3209394666482466,0.1427882521960915,0.4170107878246967
25583,0.4495274964377523,0.12995874953346723,0.3511400245989715,0.0693737294298091
25584,0.2177248824391735,0.40970371442444775,0.1397775273617477,0.23279387577463104
25585,0.1341032342493882,0.4556295861724394,0.14482549090596616,0.2654416886722062
25586,0.06346154469069128,0.2328443980755701,0.6426437417047164,0.06105031552902227
25587,0.5924134039583121,0.20435480612419882,0.1258120922255969,0.07741969769189233
25588,0.22149734448139252,0.37903090474012163,0.15425975617330287,0.24521199460518298
25589,0.46241260363842474,0.2860617900183302,0.126844235600399,0.12468137074284605
25590,0.19109828696255024,0.41750807052364763,0.11902453287651282,0.2723691096372892
25591,0.21683871382339098,0.42700729238385693,0.11376849610364205,0.24238549768911008
25592,0.3718137804999961,0.43523393794755094,0.0602480037913981,0.132704277761055
25593,0.1808176286448196,0.4760930693317242,0.18252481838351708,0.1605644836399391
25594,0.2412463242164406,0.3122467258696411,0.26595331700829383,0.18055363290562454
25595,0.44944226046076263,0.294394476892194,0.1462948625213453,0.10986840012569807
25596,0.06128649534054783,0.07396166496699938,0.6988478126627513,0.1659040270297015
25597,0.3913893832920535,0.1829718965853726,0.16253843513502003,0.2631002849875539
25598,0.36574720151641266,0.2915488838595742,0.14170827215801618,0.20099564246599688
25599,0.2139955241825378,0.15226486364274505,0.4890647610429483,0.1446748511317688
25600,0.10599965162458204,0.12012742059563024,0.6797297292102655,0.0941431985695221
25601,0.4374835804118745,0.05542519912159261,0.44504121471932007,0.06205000574721285
25602,0.3694676951933987,0.1427200714636239,0.2255196828213885,0.2622925505215889
25603,0.6342097500216333,0.23006382003570816,0.0797606330299845,0.055965796912674066
25604,0.12552335215058844,0.6322918861678376,0.2125713152361564,0.02961344644541757
25605,0.11210846483250721,0.15223426567021264,0.3851545988442496,0.3505026706530306
25606,0.072366511746686707,0.7911959364525996,0.08298357441059483,0.05345397739011885
25607,0.4028695454366849,0.34745087065313635,0.0972660265708812,0.15241355733929762
25608,0.14299084089587444,0.3552599303799859,0.28707667592100533,0.21467255280313435
25609,0.6002448666568261,0.1567479022353411,0.1248420051401738,0.1181652259676589
25610,0.3630374610420263,0.2431964084663523,0.17465997736535951,0.21910615312626197
25611,0.10341804554258884,0.39323913067613675,0.40724351988938695,0.09609930389188738
25612,0.11945923526072184,0.2930414692815409,0.5286593554196832,0.05883994003805394
25613,0.5485060939459367,0.16480037121068902,0.14563916365517685,0.14105437118819739
25614,0.33741485809357996,0.22203134954410034,0.18091448026061155,0.2596393121017082
25615,0.4421551733503418,0.26938286537968176,0.16289306366421444,0.12556889760576187
25616,0.10217168330770136,0.27500870769739305,0.3882970933534682,0.23452251564143747
25617,0.5612148098431817,0.16511095565879838,0.16346627920392331,0.11020795529409651
25618,0.16590022307209798,0.2003451824716234,0.5307112758204223,0.10304331863585632
25619,0.1246488432532797,0.12835480651646988,0.5115613046098456,0.2354350456204048
25620,0.10345665178438583,0.15794278601115877,0.4832645774017928,0.2553359848026626
25621,0.09534335207530754,0.11251909981904751,0.6543140923668411,0.13782345573880392
25622,0.34641013218968003,0.2042583691235623,0.28262595088044423,0.16670554780631344
25623,0.2220925530181954,0.4310618193661682,0.15545571685775592,0.1913899107578804
25624,0.2271962289810752,0.2872769353170909,0.2483164718005832,0.23721036390125064
25625,0.13552714243869723,0.2651132159127072,0.28389560509674383,0.3154640365518518
25626,0.235180669356613,0.46118516366890816,0.12816456448794664,0.17546960248653226
25627,0.31276482035539543,0.3319232423784942,0.16676653357327034,0.18854540369283998
25628,0.16394223371786504,0.360829735514556,0.27504406389326413,0.2001839668743148
25629,0.20048356992772787,0.3095796985680691,0.3963856032956993,0.09355112820850367
25630,0.20632228448613718,0.5440137260834644,0.08150795130539452,0.1681560381250039
25631,0.12534457772070695,0.2593756009296589,0.38658768806366856,0.22869213328596558
25632,0.13331718877896626,0.5459322203984992,0.2569229335149508,0.06382765730758376
25633,0.08864572062403119,0.2861315999792979,0.3133136617954614,0.3119090176012095
25634,0.46864650065191726,0.2002915435862465,0.1510989592368523,0.17996299652498396
25635,0.6512409837469155,0.12058384407729046,0.08291233351203538,0.14526283866375866
25636,0.418045626528576,0.1770677400205946,0.22742479192698536,0.177461841523844
25637,0.2962227742419908,0.241185223728497,0.2520291719233928,0.21056283010611948
25638,0.35679650400097734,0.20307833560172178,0.11161521966349267,0.3285099407338082
25639,0.1928460164862305,0.5024261509382615,0.12025891865483528,0.18446891392067272
25640,0.330808611306029,0.12894721808251378,0.24870138647698598,0.2915427841344712
25641,0.24860150763850292,0.2993926415101967,0.3144347470469884,0.13757110380431203
25642,0.05688157067959437,0.5408163499190672,0.17710487103030617,0.22519720837103224
25643,0.14454676722882476,0.6641675725248652,0.08147798880460345,0.10980767144170644
25644,0.5884107962166398,0.09950470876910875,0.14612950411767517,0.16595499089657628
25645,0.0483502878536061,0.8354850532133874,0.057764878870299,0.05839978006270747
25646,0.2358545232591927,0.12403958062615748,0.5610259645894253,0.07907993152522462
25647,0.22511286163898847,0.18721508881558144,0.3570426170220635,0.23062943252336662
25648,0.23407430571058063,0.11217500502516713,0.41645775052768536,0.23729293873656687
25649,0.14468813758842555,0.6408785136981636,0.12195180596804414,0.09248154274536673
25650,0.0765638962745427,0.10176002125190504,0.5688909069262741,0.2527851755472781
25651,0.4462911881884267,0.2880693268237442,0.19089368694950287,0.07474579803832625
25652,0.48508782306861903,0.14116624618709214,0.08800235781790644,0.28574357292638247
25653,0.128295862077168,0.420674590953333,0.29027876981270906,0.16075077715678993
25654,0.09270551681492109,0.4707381836945801,0.24479224939074895,0.1917640500997499
25655,0.10128766793438566,0.10978854863827667,0.6621154391816726,0.12680834424566498
25656,0.4679094678147949,0.23677422828924802,0.08912522100411753,0.20619108289183954
25657,0.1472294926066952,0.6576432717084577,0.10196738207581578,0.0931598536090313
25658,0.2601382125326988,0.5736644742578152,0.0643214172149267,0.10187589599455926
25659,0.5614298260391427,0.16474103809924423,0.18574870564622795,0.08808043021538513
25660,0.16203040476800198,0.6758891103068053,0.07980266477916076,0.08227782014603192
25661,0.15224259376671453,0.1260848891310793,0.38482830834671305,0.33684420875549315
25662,0.2271034875630035,0.5133162072180928,0.062306194866934395,0.19727411035196923
25663,0.1778386682327737,0.13130416426665148,0.24825240204584503,0.4426047654547298
25664,0.06496044036200474,0.5479095795313849,0.24827737772592284,0.13885260238068753
25665,0.07533226237712222,0.33502319451909374,0.2841822647787944,0.3054622783249897
25666,0.18626627620123162,0.16788405353579808,0.24864986395971223,0.397199806303258
25667,0.6485655331071584,0.1021636991876924,0.14026524763614376,0.1090055200690055
25668,0.25637285533362597,0.22188262364446043,0.11371920581586525,0.40802531520604834
25669,0.0851791242784677,0.5428551702572071,0.1197131656326223,0.252252539831703
25670,0.5621639465951163,0.2340936227455366,0.11365064782173796,0.09009178283760914
25671,0.1770874426913116,0.36950650872652474,0.38241034166539767,0.070995706916766
25672,0.07371922600126338,0.4813249337431303,0.1501705493321336,0.29478529092347266
25673,0.09193604661122623,0.47868625773224566,0.1464405559832164,0.2829371396733117
25674,0.3663057943956904,0.19008928983043705,0.2445245130716231,0.19908040270224953
25675,0.29899415528483964,0.15659295444386404,0.3034107628666503,0.2410021274046461
25676,0.1659956992887892,0.6178158655502568,0.11442897782878579,0.10175945733216821
25677,0.4889217176441414,0.23908324283386237,0.0891396828507352,0.182855356671261
25678,0.13628963823030127,0.31729633917159195,0.32726603430950474,0.21914798828860213
25679,0.14401018491149364,0.5518424547722647,0.07707234350883879,0.22707501680740289
25680,0.08589256990066903,0.6436974186768722,0.189646757498624,0.0807632539238347
25681,0.10825527111246476,0.41566699003633434,0.18425779554512278,0.29181994330607813
25682,0.22697508834995245,0.2810732576021236,0.21636947378140267,0.27558218026652137
25683,0.5515092200268492,0.18763276914025856,0.16407990828240487,0.09677810255048737
25684,0.05886438303064212,0.5593114981586675,0.1477347314879196,0.23408938732277082
25685,0.09288658154489395,0.47939619010694323,0.1283041878961945,0.29941304045196826
25686,0.10766799520262658,0.37485641697849376,0.29958915023242816,0.2178864375864516
25687,0.16223727597896018,0.6752600830183013,0.07670825432208621,0.08579438668065234
25688,0.14653610999173877,0.35775384582492276,0.40867628615056106,0.08703375803277744
25689,0.6142369968904257,0.08073200916575005,0.2022192330156985,0.10281176092812584
25690,0.05258819432934611,0.5694105997928929,0.16389189848797436,0.2141093073897866
25691,0.15490889170126917,0.16724150486524972,0.5565893038172611,0.12126029961621998
25692,0.22225418013476297,0.26543669086233335,0.14529648687490504,0.36701264212799867
25693,0.05999398472708063,0.5098709454206051,0.23097200565878648,0.19916306419352778
25694,0.31972694905772264,0.1414947973596125,0.16932679320648666,0.36945146037617826
25695,0.2766476257737379,0.35271796174709713,0.11532784899722713,0.25530656348193786
25696,0.1911025166467239,0.421193882264866,0.22265574953507447,0.1650478515533356
25697,0.10339982428036093,0.1782142291783163,0.48387284455103347,0.23451310199028927
25698,0.15029203876444874,0.34358598120152856,0.1951998079938513,0.3109221720401713
25699,0.15802282737381054,0.19957216130222788,0.3314048069601945,0.31100020436376713
25700,0.1662822960267042,0.19765091621569983,0.35732533388091897,0.27874145387667704
25701,0.17669006155846803,0.611968567774985,0.09610517177091296,0.11523619889563408
25702,0.09824012515777951,0.3698929328840573,0.2732957076699862,0.2585712342881772
25703,0.20955798552550306,0.32824313297828145,0.1681084253343346,0.2940904561618809
25704,0.6739167636695772,0.10601809221848606,0.09285304464130681,0.12721209947062992
25705,0.052262374073751096,0.32294590991665634,0.4227929413216959,0.2019987746878967
25706,0.4946879066690487,0.15291808272665508,0.18039186468896745,0.1720021459153287
25707,0.17910382542882902,0.49572120176959966,0.12268261901399068,0.2024923537875807
25708,0.33638336178882683,0.07725550430607979,0.5140608717417517,0.07230026216334152
25709,0.17818622814475535,0.2953547950708272,0.46927201096981175,0.0571869658146056
25710,0.1699726717076917,0.1552499748371079,0.5553978176426762,0.11937953581252421
25711,0.39184582702887477,0.14637150996372886,0.34710897267933083,0.1146736903280656
25712,0.42742860132632726,0.25411438998226854,0.177253698523321,0.14120331016808316
25713,0.4175467824313591,0.24823689577014244,0.273140929571236,0.06107539222726239
25714,0.4699960644396224,0.18903458572671922,0.19711797718644652,0.14385137264721184
25715,0.27333970689366777,0.19359218940555392,0.48527595654081496,0.04779214715996335
25716,0.23156268210057832,0.2286940158416344,0.4318750595486911,0.10786824250909628
25717,0.13904848109360102,0.44847851594500354,0.24383675833219054,0.16863624462920485
25718,0.4403302496249816,0.19332732741131728,0.19310893413937608,0.1732334888243251
25719,0.33031733119210743,0.4246511347788313,0.16747442723633058,0.0775571067927308
25720,0.21596989857455157,0.3711090518485074,0.27750944093605323,0.13541160864088775
25721,0.3621391376480398,0.11788249076654148,0.452229249708433,0.06774912187698567
25722,0.23103348800935514,0.3232922755038546,0.22683595696726078,0.2188382795195294
25723,0.1966717355510799,0.15554852952983936,0.5561670684128206,0.0916126665062601
25724,0.22337277376030346,0.21336730184921585,0.37110704454183346,0.19215287984864735
25725,0.290524728495856,0.16447459190853939,0.5023185706610604,0.04268210893454412
25726,0.20684213184241051,0.33309035939167186,0.322785235374118,0.13728227339179963
25727,0.07076244578745429,0.3667194960945515,0.4776944334501987,0.08482362466779551
25728,0.2519176792639095,0.20115238631705012,0.3661718644650788,0.1807580699539616
25729,0.3205034003654624,0.17389725251774288,0.43557950250467364,0.07001984461212099
25730,0.732886652126999,0.10731065616415984,0.11548450679531959,0.04431818491352147
25731,0.49058018653781404,0.0673736071372501,0.3416887060078334,0.10035750031710243
25732,0.11459452123278731,0.07823339816915764,0.7610691201535129,0.046102960444542145
25733,0.3575865458453818,0.23009269556289103,0.2311792726552775,0.1811414859364496
25734,0.458984010384047,0.2362777254901185,0.22751836917292315,0.07721989495291132
25735,0.12011172818343206,0.3550595910865807,0.4187168055560002,0.10611187517398701
25736,0.25698647961758203,0.2612600802996297,0.3520547938237404,0.12969864625904784
25737,0.20189324507310316,0.6695881096621287,0.07338620498621824,0.055132440278549945
25738,0.3454833308830466,0.2835258226801673,0.1872212300729112,0.1837696163638749
25739,0.19168803851269248,0.13851558442147957,0.5433542406882086,0.12644213637761942
25740,0.4753619821263196,0.1962691984970893,0.2020249996282686,0.1263438197483225
25741,0.5147172785353282,0.32789799696040783,0.0742922149420125,0.08309250956225142
25742,0.06335680652078066,0.7022472627537373,0.14741127252542954,0.08698465820005252
25743,0.1660133921234943,0.43530673723715685,0.2409309869886353,0.15774888365071355
25744,0.5352225802163594,0.26784450670303567,0.10519422609415091,0.09173868698645407
25745,0.1581930843982453,0.46651758961378365,0.2929882228426718,0.08230110314529931
25746,0.7169559541851654,0.07776603775146061,0.15814833627391683,0.047129671789457116
25747,0.5789981976410449,0.26236881743244517,0.07899323226790654,0.07963975265860344
25748,0.092982463814336,0.6463710923958135,0.11219386385788797,0.14845257993196248
25749,0.5647721163179574,0.11667564909366109,0.1907284365341145,0.12782379805426705
25750,0.16472133957718615,0.19694456160132406,0.5620410518470748,0.07629304697441501
25751,0.14597047419907874,0.27881901030077383,0.4935858611306279,0.08162465436951963
25752,0.3253201563868511,0.16342795613358796,0.2989435197464097,0.2123083677331512
25753,0.47947394590026937,0.17022430245022974,0.23984728291589727,0.11045446873360361
25754,0.7649983655628335,0.06816284852753036,0.07682830845761807,0.09001047745201794
25755,0.3707942287693982,0.13423059831591005,0.19207489115658513,0.3029002817581066
25756,0.23607219426387366,0.6644333492082887,0.05585716166137645,0.043637294866461306
25757,0.320298170342818,0.17894376453212898,0.1783510328926211,0.3224070322324319
25758,0.23821664366089176,0.1084186740265124,0.4016005681761124,0.25176411413648353
25759,0.3583851126697387,0.43979837258320786,0.0990044839905856,0.10281203075646783
25760,0.4931363510918491,0.23312551206682347,0.21092289886884336,0.06281523797248406
25761,0.2205215090321717,0.3856509037834271,0.14444886087219094,0.24937872631221022
25762,0.17762740536762006,0.5972733628604301,0.07677442881087149,0.14832480296107828
25763,0.3634227396398088,0.2687863539849868,0.23894159075505994,0.12884931562014443
25764,0.3774989141641734,0.1223649570998927,0.28457408094044634,0.21556204779548757
25765,0.2337296408685414,0.1622275475261948,0.31138794563674066,0.29265486596852314
25766,0.07335397321808934,0.538077123265277,0.18885148321397474,0.19971742030265877
25767,0.3650557350093285,0.2162878271153567,0.08783251841295031,0.33082391946236445
25768,0.253693829904688,0.20261430394278013,0.09230294127100996,0.451388924881522
25769,0.5841105598246529,0.17137414876879078,0.07930313647382574,0.1652121549327306
25770,0.22545994568983715,0.15953962366921814,0.19080602438976904,0.4241944062511757
25771,0.044759739473344266,0.6365196659981278,0.15561049337937535,0.16311010114915267
25772,0.15941454781762382,0.2691037623814107,0.1386653336945139,0.4328163561064516
25773,0.3993096984795745,0.13358850863908844,0.08014324091183145,0.3869585519695057
25774,0.21994017756844192,0.20497559624915337,0.4379928232948172,0.13709140288758748
25775,0.3420737246606357,0.15558895317910346,0.3912257229275651,0.11111159923269576
25776,0.21430821982159343,0.10341465840161798,0.19277359497159668,0.489503526805192
25777,0.0952185909527719,0.16250957642817218,0.5589803221086674,0.18329151051038847
25778,0.23979671122436674,0.46209937667061535,0.0731673428965397,0.22493656920847818
25779,0.22090109260550692,0.36437433758611926,0.09180578987832103,0.3229187799300529
25780,0.07999589408654785,0.2968805910230589,0.3018058110148223,0.3213177038755709
25781,0.3495474523347993,0.2287930955541098,0.057654673515190935,0.36400477859589997
25782,0.08197476947923286,0.3845634134675522,0.04822822955713447,0.48523358749608053
25783,0.346791762631568,0.11429074370823517,0.25019824414130726,0.2887192495188895
25784,0.24401182883806835,0.25320001976176165,0.3011981758445255,0.20158997555564445
25785,0.16530872005011138,0.2924508711710112,0.25604374793670887,0.28619666084216855
25786,0.2702058760982675,0.4173508829695077,0.16943825054035855,0.14300499039186618
25787,0.10249957131844015,0.582787664006108,0.26156893615382,0.05314382852163188
25788,0.41974191970345015,0.2519764442543753,0.20622176674493004,0.12205986929724444
25789,0.47161992913030415,0.13435010857341348,0.2478907080775306,0.1461392542187517
25790,0.35845984857595237,0.3232373115621797,0.11256015935197343,0.20574268050989453
25791,0.09928306097344398,0.6840970233832275,0.14276193174154808,0.07385798390178044
25792,0.21821764349163902,0.1824522589683356,0.4383558466224317,0.16097425091759363
25793,0.12779808557466477,0.556577751123287,0.14395936243910765,0.17166480086294053
25794,0.3441150260240978,0.37697849457977767,0.10980046805676434,0.1691060113393601
25795,0.11034207190099773,0.4681998579973678,0.33314826932649216,0.08830980077514236
25796,0.2743228621031356,0.1130970244281847,0.5318260761142846,0.08075403735439518
25797,0.20469806393487883,0.521324439545934,0.11264654099926237,0.1613309555199248
25798,0.25234265285959284,0.3225168837911867,0.198917500799147,0.22622296255007354
25799,0.24911483212380608,0.1198676069112582,0.5460399421951081,0.08497761876982765
25800,0.3929194166291368,0.20382016937396327,0.15016660073685495,0.253093813260045
25801,0.17815224036288574,0.38266598365538507,0.20502562448676118,0.234156151494968
25802,0.35876175747943073,0.2272157177804917,0.14209435043376373,0.2719281743063137
25803,0.4742198876226516,0.2239736231401265,0.15079467909208796,0.15101181014513398
25804,0.2076007244053116,0.13395261200184935,0.5389922317754997,0.11945443181733939
25805,0.24290803468395858,0.5985556728620914,0.12286805500752758,0.03566823744642227
25806,0.6111821549192047,0.130965159800231,0.201759142503203,0.056093542777361345
25807,0.19857282665474452,0.5975509570438647,0.10405768055739227,0.09981853574399847
25808,0.416805572415642,0.24486045568901724,0.16529568741071438,0.17303828448462644
25809,0.09714795186849506,0.17391232132458875,0.5497354325778391,0.17920429422907713
25810,0.1997345074366547,0.1289517011772402,0.5085598554937172,0.16275393589238799
25811,0.20058543110729388,0.6665557010636353,0.09516997552057278,0.03768889230849802
25812,0.26541781784159174,0.26574158205987153,0.3800397369770588,0.08880086312147799
25813,0.6504569722840772,0.16885567366023052,0.12544781407867625,0.05523953997701598
25814,0.24233594512453532,0.3559128093061094,0.24098189601154682,0.16076934955780847
25815,0.10088906095680295,0.5646472580172031,0.2530000750954543,0.08146360593053971
25816,0.08797523198426624,0.4107688768728993,0.36509203384936884,0.13616385729346558
25817,0.20005599820495912,0.25512467898664054,0.289700745392614,0.2551185774157864
25818,0.1462097876179231,0.39870948210446294,0.33570880763996974,0.11937192263764429
25819,0.4821831730620944,0.13906173945674236,0.29047899461153365,0.08827609286962955
25820,0.15800732132138115,0.21151322747657916,0.4220456953197377,0.20843375588230192
25821,0.18351746226159607,0.09586179729774658,0.6163448193177038,0.10427592112295353
25822,0.15207480798686246,0.3036172258989966,0.39888665901821496,0.145421307095926
25823,0.23357396296329955,0.21517003432508722,0.21850342821178406,0.3327525744998291
25824,0.41059108880455875,0.1694878970833193,0.2017661317000597,0.2181548824120623
25825,0.047754705213841175,0.41795409502655956,0.37541397924867315,0.15887722051092604
25826,0.18405725740200968,0.4735819927811469,0.1365917871709971,0.2057689626458463
25827,0.20606871847214273,0.23332396547751316,0.18384010654241567,0.3767672095079285
25828,0.24971531194203817,0.4984811634012161,0.0951038972348962,0.1566996274218496
25829,0.21436407512687292,0.4148414478582337,0.0854579696363243,0.28533650737856914
25830,0.14277581068029865,0.2662158045453233,0.48999477274569764,0.1010136120286804
25831,0.2001485534560066,0.23161800152408268,0.19523398857456353,0.3729994564453471
25832,0.06675743908182603,0.464761234714508,0.20418494045623153,0.2642963857474346
25833,0.11756432899098045,0.415922355834944,0.35058517057587707,0.11592814459819842
25834,0.4530330381220668,0.14371824819888418,0.24503421384945792,0.158214499829591
25835,0.10478680369435736,0.10827834422625264,0.5162219779692285,0.27071287411016154
25836,0.17227761551511003,0.20214593946280815,0.35936791652516353,0.26620852849691823
25837,0.12853037902696068,0.2532234089455459,0.3566487547808259,0.26159745724666744
25838,0.18233139810134338,0.5127534715927714,0.08458791545395282,0.22032721485193238
25839,0.5539075583273276,0.20141642459616052,0.10397237264075905,0.1407036444357528
25840,0.05054959266972391,0.36305170195179287,0.33421215896609563,0.2521865464123876
25841,0.18299565288653954,0.15793321379841446,0.40518921599179725,0.2538819173232487
25842,0.1379066735647506,0.6964172484358352,0.08260174542011632,0.08307433257929786
25843,0.24524437112838307,0.6109195607389126,0.0757231691672247,0.06811289896547963
25844,0.651674626795821,0.07601796901435887,0.15416173435925157,0.11814566983056862
25845,0.16669160834427066,0.34626820600670816,0.3899960371850974,0.09704414846392369
25846,0.34972251825940587,0.16155601450070986,0.22475832955578978,0.2639631376840946
25847,0.5769311385433521,0.09686778184880951,0.09217886766879063,0.23402221193904768
25848,0.1517499990239777,0.6141445972977302,0.05687102908019973,0.1772343745980923
25849,0.3351303391462775,0.21804133675253334,0.31821350849360797,0.12861481560758123
25850,0.13344539526719407,0.391777757181965,0.3557501070221413,0.11902674052869965
25851,0.7635758365242138,0.09862446254547592,0.06312447170266651,0.07467522922764382
25852,0.26809996847604856,0.3473294587420568,0.1861860926066817,0.198384480175213
25853,0.11573112896350486,0.40453937852780597,0.376666797429484,0.10306269507920518
25854,0.3953358925768921,0.24461445408093457,0.08423852675012718,0.27581112659204615
25855,0.646988389790411,0.09750979842141558,0.11057885464485137,0.14492295714332212
25856,0.5782284039068257,0.23262334821640632,0.06638503935977104,0.12276320851699687
25857,0.09549148429225962,0.28793295026532484,0.23786021467458218,0.37871535076783325
25858,0.15595716189561573,0.4606602804984996,0.14339262765347516,0.23998992995240953
25859,0.2636535182159339,0.15444916741040693,0.2877786453573074,0.29411866901635175
25860,0.4643133607728791,0.16672108817988981,0.1407085045938149,0.2282570464534162
25861,0.1476014403582744,0.15411767518397834,0.585347021810859,0.11293386264688834
25862,0.24684772806300503,0.09272403207480523,0.5185309809045876,0.1418972589576022
25863,0.09771553106500452,0.08697576668975004,0.7465297937822006,0.06877890846304476
25864,0.5370110615122882,0.17611187682457183,0.08867162962239765,0.19820543204074229
25865,0.08305587324756765,0.40626724047887586,0.44139796423151456,0.06927892204204193
25866,0.17824805645923253,0.21031968930945155,0.486246502185641,0.12518575204567486
25867,0.18166046273316416,0.42114030160862376,0.23552866183443846,0.16167057382377373
25868,0.29011134732617816,0.3540890771595647,0.11268994806084237,0.24310962745341475
25869,0.058749636409577685,0.4171773489046702,0.28971642697174377,0.23435658771400836
25870,0.13320351052595647,0.14134559769549962,0.3815282753326072,0.3439226164459368
25871,0.03557976546885464,0.23525976926797115,0.6506687698402622,0.07849169542291204
25872,0.1435502089080558,0.1635843534747583,0.55782386941053,0.13504156820665592
25873,0.1258649256078146,0.23895158401160335,0.28613416419949766,0.3490493261810845
25874,0.644933130960957,0.07131211744943061,0.18964400840139484,0.09411074318821751
25875,0.14796282361623225,0.1993524975563565,0.5254814115826941,0.12720326724471714
25876,0.5580450653413308,0.07427279212941212,0.1742421584838716,0.19343998404538537
25877,0.6519431999750656,0.08793750986474382,0.11871098774716825,0.14140830241302244
25878,0.3204867029322789,0.20701007604705068,0.2352553109852361,0.2372479100354344
25879,0.10302164999744447,0.6494312947140958,0.13004401461996987,0.11750304066848992
25880,0.14116817050120167,0.757825980676818,0.0694945078373049,0.031511340984675486
25881,0.3391864169457819,0.4141216893740657,0.20393952509009028,0.042752368590062116
25882,0.47885199950094187,0.25994581784862886,0.205098637900928,0.05610354474950129
25883,0.7181806431358495,0.12556311742601817,0.10490792630500467,0.05134831313312759
25884,0.3529766188144099,0.2214248535506811,0.3437949120487791,0.08180361558612988
25885,0.2900676672604025,0.2485426484384743,0.2683580291995709,0.19303165510155235
25886,0.06671200509500745,0.6880020258755012,0.21745447837644113,0.027831490653050198
25887,0.41020630260956475,0.19245445074763626,0.2937199109943026,0.10361933564849632
25888,0.5977999462376651,0.21239426927556435,0.1248821574545323,0.06492362703223835
25889,0.37661341020121775,0.16309221793051407,0.3594828114117048,0.10081156045656334
25890,0.6486147505417981,0.1740201251675162,0.09847132524023738,0.07889379905044845
25891,0.11362715325249628,0.19313087146379943,0.6481958373083433,0.04504613797536102
25892,0.3028057197085908,0.3025608800530923,0.27046668007410113,0.12416672016421573
25893,0.43493129488231397,0.38846840638802305,0.10349110732774978,0.07310919140191308
25894,0.5082963215964366,0.3467895881039424,0.08955332579911021,0.055360764500510834
25895,0.47729643748894596,0.13350785937493553,0.28442815863287974,0.10476754450323875
25896,0.12169581030831224,0.3723602632679436,0.4563204781787963,0.04962344824494778
25897,0.12409710669080522,0.4943120367950501,0.3128803094698887,0.06871054704425596
25898,0.23658457495709986,0.602277170623588,0.13156536299578722,0.029572891423524865
25899,0.08754012780095738,0.5368112157338855,0.2597173776318004,0.11593127883335673
25900,0.10921794264220953,0.2511813388921609,0.5404977035125705,0.09910301495305904
25901,0.32690263831301425,0.18766358371267877,0.44063841981499824,0.04479535815930881
25902,0.08403201211416778,0.22490971668110168,0.5886869657799564,0.1023713054247742
25903,0.09091805638770256,0.4055870881471994,0.45040431145634063,0.053090544008757366
25904,0.0662484288493264,0.2812599227980862,0.594579827097868,0.05791182125471938
25905,0.11154960079785617,0.37284742762967954,0.44292466376439105,0.07267830780807324
25906,0.4227888323733705,0.4226299003094751,0.11432008310078863,0.04026118421636583
25907,0.24087772488267684,0.5861499772537608,0.14287135623136718,0.030100941632195156
25908,0.3122631779527218,0.21643724054407648,0.3419988772904135,0.12930070421278828
25909,0.42850206777072775,0.4521086935180024,0.09196304998246034,0.027426188728809444
25910,0.05078449661344317,0.41062562877637226,0.44372590134617584,0.0948639732640088
25911,0.39704419902508165,0.2034269020882784,0.2866963295358045,0.1128325693508355
25912,0.3804552102812207,0.36002846197285726,0.18485387808259077,0.07466244966333127
25913,0.1067405833733555,0.19310830389072658,0.6031168567919091,0.0970342559440088
25914,0.13966862590134252,0.1457550696516549,0.6605649417510296,0.054011362695973016
25915,0.4855974827799584,0.1895901489134548,0.25800115003841784,0.06681121826816908
25916,0.22814669260021186,0.4367483174392179,0.22307811221067994,0.11202687774989034
25917,0.20183493184560217,0.49347365729010145,0.08853690797775046,0.21615450288654603
25918,0.1731904821394727,0.27706075071148956,0.37123845438463293,0.17851031276440493
25919,0.29045801603202126,0.08823109388643548,0.28633149631527305,0.33497939376627023
25920,0.284720790043337,0.4235370240974663,0.10452513081187102,0.18721705504732572
25921,0.0783815665570263,0.10863599846788968,0.6788518959086268,0.13413053906645722
25922,0.09242012406266797,0.13200112235075073,0.3218792492009134,0.45369950438566786
25923,0.21004586304973422,0.230179199225953,0.14009259855602155,0.4196823391682913
25924,0.73761740710868,0.08819701669546473,0.07058546609387889,0.10360011010197646
25925,0.16788126258102987,0.14228528725758566,0.5501242939112128,0.13970915625017172
25926,0.41589416819456754,0.4009544610968306,0.07946664455652458,0.10368472615207733
25927,0.12488701977285421,0.3849531723207632,0.2460224821315936,0.24413732577478905
25928,0.14387537568071918,0.4268708213013921,0.29553200589554257,0.13372179712234622
25929,0.1006702854851223,0.3875236098843433,0.1120229881241766,0.3997831165063578
25930,0.21954224475274256,0.36197072360202726,0.32242657384201495,0.09606045780321522
25931,0.06037619410864501,0.09646292721695239,0.7422210362740171,0.10093984240038541
25932,0.10290896790077178,0.49188968682912293,0.10629809613413745,0.2989032491359679
25933,0.1445619506564317,0.1586531410979291,0.5170450608501636,0.17973984739547558
25934,0.07072069366817536,0.10354484407273679,0.5555122957229408,0.27022216653614706
25935,0.2765590451801942,0.2777419155249892,0.11512515268246531,0.33057388661235115
25936,0.2259786841039492,0.12887916408273747,0.52118495148416,0.12395720032915336
25937,0.7412106013811505,0.06978056015719938,0.06989328584573004,0.11911555261592006
25938,0.08779666776341746,0.6072728459340292,0.09295225126696673,0.21197823503558663
25939,0.12428960957358928,0.08587533254633187,0.5330368203151684,0.2567982375649105
25940,0.10203222458745782,0.25958489561979375,0.18335572182754506,0.4550271579652034
25941,0.12052499126086194,0.2854248854614599,0.498007926943591,0.09604219633408714
25942,0.10444079355399889,0.5027413321556028,0.20883571534228088,0.18398215894811756
25943,0.06522902017058954,0.3897685255835572,0.2495047797588769,0.2954976744869764
25944,0.2993232057679898,0.14311298459527608,0.15346069626381031,0.4041031133729238
25945,0.23722407640062718,0.16505579739758475,0.2630121794091517,0.33470794679263643
25946,0.5723326400178901,0.1395394330783311,0.12815825523513208,0.15996967166864676
25947,0.37305772685204364,0.22386969348525243,0.24488573110029432,0.15818684856240964
25948,0.08867708993357663,0.156395560678068,0.17661900727798377,0.5783083421103716
25949,0.06281045021234874,0.3333318206908499,0.4713716858877641,0.13248604320903726
25950,0.6954669871447031,0.07243511113879302,0.12580744280233735,0.10629045891416661
25951,0.09942583814774872,0.26517529089171293,0.37940002253287686,0.2559988484276615
25952,0.0467003283950572,0.09238590357076594,0.6639925916370819,0.196921176397095
25953,0.3216212208620051,0.16930542626989706,0.2142039600822938,0.294869392785804
25954,0.670691325064181,0.06322740118100373,0.0590717638440875,0.2070095099107277
25955,0.17756121045241705,0.4619659153437529,0.27108619758862484,0.08938667661520514
25956,0.15780491804363428,0.2627924459513914,0.5541790332499708,0.025223602755003554
25957,0.4266180651503556,0.46066121947002486,0.09224900837189277,0.02047170700772673
25958,0.3007865670264691,0.34807691174528926,0.26607263283958843,0.0850638883886532
25959,0.0727654733626006,0.2733783341475493,0.5698610935766452,0.08399509891320504
25960,0.5299083829500307,0.2824725330463809,0.15417943101103504,0.03343965299255326
25961,0.4044146815865704,0.14659412882857312,0.41730975231330236,0.031681437271554126
25962,0.5334419760431764,0.25673930199879946,0.15146497772784967,0.05835374423017452
25963,0.06233553083023955,0.46526309681238526,0.42275999497187966,0.04964137738549552
25964,0.503024283550447,0.2890418583956624,0.16551140757735966,0.042422450476530954
25965,0.11373143327692768,0.23265872003097954,0.5918845890203658,0.061725257671727075
25966,0.14659978191337317,0.17277427638037043,0.6409760840341966,0.03964985767205976
25967,0.3537215353428422,0.32341423655100227,0.21258081295065148,0.11028341515550412
25968,0.13198083842942077,0.46423953583191774,0.3295238061177479,0.07425581962091352
25969,0.08346205955063077,0.38675906741397825,0.5025462705520456,0.027232602483345348
25970,0.20351367261106876,0.5203755524214846,0.2260563949388078,0.05005438002863885
25971,0.4689944649182954,0.2667728711723298,0.22131890171877316,0.0429137621906016
25972,0.24852054844692018,0.5002970834346879,0.1817336992530698,0.06944866886532211
25973,0.11950485286460898,0.3605416119742047,0.48561152508056055,0.03434201008062576
25974,0.4281611370869853,0.13913050349699377,0.26487052734554994,0.167837832070471
25975,0.0752950489362539,0.4305463051201851,0.3532525730642643,0.14090607287929666
25976,0.0902951441444331,0.43851355378033186,0.2714735933183213,0.19971770875691375
25977,0.5534774941002412,0.11880382373362137,0.2832474017618601,0.044471280404277384
25978,0.15500659762427482,0.646783686972126,0.16943238791280027,0.028777327490798987
25979,0.7636240404075643,0.08437121521686623,0.09210767484531453,0.05989706953025495
25980,0.13165890390417898,0.4671473356896124,0.33139284401880187,0.06980091638740658
25981,0.6141718845746835,0.11753308342273135,0.21929842330731367,0.048996608695271476
25982,0.18052540641316964,0.10351387606944956,0.6269937853116657,0.08896693220571522
25983,0.48396513553739995,0.17109972852783586,0.2916610417343519,0.05327409420041224
25984,0.4439655781771765,0.1329573622216106,0.2788865682894665,0.14419049131174635
25985,0.20720267835173534,0.2549331394800222,0.19569959161886863,0.34216459054937376
25986,0.5049140925229016,0.12264475488085656,0.24016255561311575,0.13227859698312605
25987,0.06949994846511902,0.12684205205759894,0.7436172621723605,0.06004073730492156
25988,0.08770323927943163,0.5646284349869218,0.3025083515856657,0.04515997414798081
25989,0.10441168591939079,0.30058786628801354,0.2383500875275501,0.3566503602650456
25990,0.06315186746533964,0.14843994755537043,0.7192656035544884,0.06914258142480144
25991,0.27740146069293214,0.22113117527468437,0.30291947796595436,0.1985478860664291
25992,0.06482440224502294,0.24549470686643596,0.5890464778577948,0.10063441303074622
25993,0.15580943366193387,0.3409952068632794,0.1607581549195342,0.3424372045552525
25994,0.1373823205064897,0.19980120539031132,0.21384660867843883,0.4489698654247602
25995,0.1494835471325916,0.34705589213440124,0.20526994169519586,0.2981906190378113
25996,0.2071031866086274,0.1460062990198388,0.5378217793176137,0.10906873505392026
25997,0.47158573888125854,0.13085980380184137,0.18406663010457033,0.2134878272123298
25998,0.3588322868756484,0.26312414896263414,0.1628993104472989,0.21514425371441848
25999,0.17512451247176203,0.25122969192086003,0.45875666238326074,0.11488913322411727
26000,0.11371993310912364,0.43781339844365946,0.27404212224448476,0.17442454620273218
26001,0.19657368624611993,0.5297753406530463,0.14057114961444667,0.133079823486387
26002,0.44536268189144573,0.17636398529467656,0.23181699587826882,0.14645633693560892
26003,0.2898014280970387,0.20753568471789488,0.1849286127570924,0.31773427442797403
26004,0.062288716267368004,0.5686541860116621,0.1520610241821242,0.21699607353884579
26005,0.10607192143811739,0.23911606318404519,0.37318283688828074,0.28162917848955665
26006,0.15078145468827703,0.410258765567295,0.1603599599868734,0.2785998197575545
26007,0.2864511325709228,0.5724239623664097,0.0772215300374908,0.06390337502517662
26008,0.07959726889380851,0.07811306659732346,0.6681965805713815,0.17409308393748651
26009,0.2298867145602201,0.5407425515245753,0.18562783419259585,0.04374289972260876
26010,0.3075630220058299,0.2142985010909491,0.23750177827421828,0.24063669862900258
26011,0.7424458231004887,0.09048662000156206,0.07820059406722034,0.08886696283072895
26012,0.2283538174801406,0.22957696163024274,0.33242461477187213,0.20964460611774463
26013,0.1694932712999708,0.2667803836094897,0.30396577043872886,0.2597605746518107
26014,0.26499730706891056,0.37152090878167227,0.21065575229128075,0.15282603185813642
26015,0.11696960882012265,0.5273336469674906,0.2976741027755875,0.05802264143679924
26016,0.4059931874651665,0.23836710384707374,0.2312492475808677,0.12439046110689207
26017,0.4039963328857518,0.1483846625950196,0.2932372924765489,0.1543817120426797
26018,0.3313104030107468,0.3276370084992717,0.14124074406702053,0.19981184442296102
26019,0.1617096238920127,0.58901632965267,0.1716481643141779,0.07762588214113939
26020,0.20210773977572105,0.17135765860564228,0.46682199668380675,0.15971260493482983
26021,0.1336460262055498,0.5099363298597286,0.16051914128321187,0.19589850265150976
26022,0.33246518015606696,0.3592756843355169,0.12991933085699434,0.17833980465142185
26023,0.11192126080692479,0.38482040364039005,0.40746388157533786,0.09579445397734722
26024,0.2515819449988717,0.09994085224407981,0.5677341498393513,0.08074305291769715
26025,0.20976679558316708,0.4765358601107528,0.13581839583959704,0.17787894846648306
26026,0.23490920096216092,0.32882019867046597,0.21655338577821234,0.21971721458916085
26027,0.21403123048194445,0.09484947240474062,0.6100881483816752,0.08103114873163969
26028,0.35011637664407075,0.19749064455569001,0.1772826474065585,0.2751103313936808
26029,0.16018953989792123,0.35601241972815295,0.24849053568989637,0.23530750468402944
26030,0.35507118426487233,0.2342954506335468,0.15785352121694296,0.252779843884638
26031,0.17100635665917321,0.5264230660347349,0.25414374960783387,0.04842682769825804
26032,0.5341116137593905,0.18670775265954503,0.22347151494185585,0.055709118639208674
26033,0.4771965077512251,0.2943770289385683,0.13918159111684855,0.08924487219335799
26034,0.11935237491566017,0.13472346137507873,0.6864298370155542,0.05949432669370692
26035,0.48549127285713595,0.0935134424736115,0.32537802631778223,0.09561725835147024
26036,0.3637295279785187,0.0897245717188252,0.4426295540710137,0.10391634623164249
26037,0.13013088053036612,0.7300793938010517,0.10965654245158983,0.03013318321699229
26038,0.13702663117136274,0.4866973227779045,0.23553527872102223,0.1407407673297105
26039,0.34488229381156643,0.10045487947050757,0.4347116493192316,0.1199511773986945
26040,0.18895800860704226,0.1486992525675321,0.6308682157869844,0.03147452303844121
26041,0.3652879138575761,0.258805095232358,0.28344317776462513,0.09246381314544072
26042,0.19552967634542406,0.4810404394090037,0.17217659222466605,0.1512532920209062
26043,0.055978922382390064,0.21252135752510726,0.6893811971515195,0.04211852294098317
26044,0.6956336012597306,0.17443996366649306,0.094700401363092,0.03522603371068437
26045,0.2586879995852668,0.5320264271715327,0.1507103474081448,0.058575225835055734
26046,0.41035612428935714,0.19008389874138884,0.22266766228370874,0.17689231468554534
26047,0.22947211872376744,0.17838459753321514,0.4750762357100766,0.1170670480329408
26048,0.1877756282485765,0.29699657346803027,0.3804218061983676,0.13480599208502578
26049,0.0965892248691005,0.2448187672276073,0.6217521810515125,0.0368398268517798
26050,0.24711522271060593,0.15713962569295692,0.48879119700969303,0.10695395458674412
26051,0.0912468845465852,0.5487410087752569,0.14603804264418285,0.21397406403397504
26052,0.11166132716459758,0.37034425585127334,0.21180662612782464,0.30618779085630443
26053,0.10484128757833754,0.30823924516346285,0.5148674672346742,0.07205200002352534
26054,0.1596175363008604,0.4870658047720371,0.1567173829601969,0.19659927596690555
26055,0.4293237536167277,0.2925706965038618,0.14305925561258817,0.13504629426682224
26056,0.3361958042958342,0.14412950439702493,0.31006068101306195,0.2096140102940789
26057,0.21335164015500238,0.42488923235529935,0.2896878561678312,0.07207127132186701
26058,0.1525213872473674,0.500823152394426,0.13109462822590226,0.2155608321323044
26059,0.40305336595560415,0.31578809763618876,0.1864637048532133,0.0946948315549938
26060,0.3207702165538406,0.4310794183008967,0.12872718318754053,0.11942318195772227
26061,0.5691190495656293,0.21354798284809692,0.1292422470579039,0.08809072052836987
26062,0.16334014629889407,0.35045637316739653,0.3286603994431258,0.15754308109058368
26063,0.3473753345200365,0.1322234828735334,0.3413925591079661,0.17900862349846394
26064,0.17626510301279616,0.17425841254313018,0.476584172075003,0.1728923123690707
26065,0.4920948592527956,0.26293042659405713,0.13495922742451116,0.11001548672863595
26066,0.30773409534296914,0.3622459717760843,0.1494448210716979,0.18057511180924865
26067,0.473876386997409,0.2642888751047201,0.18056766069019206,0.08126707720767885
26068,0.16434825249959126,0.508849690431734,0.1841984598721824,0.14260359719649235
26069,0.11491839397875224,0.2795611081014831,0.45364935639655196,0.15187114152321277
26070,0.39957999002741795,0.230903140410412,0.16560260625782677,0.20391426330434334
26071,0.23376121229400393,0.30825900456055966,0.21097213950741034,0.2470076436380261
26072,0.1436668319942514,0.2084396557074188,0.5817989097629165,0.06609460253541342
26073,0.25030883444359486,0.4325639934679201,0.1710320823504406,0.14609508973804444
26074,0.08001371528685057,0.20491529424083463,0.6474677878589213,0.06760320261339335
26075,0.25858178748491434,0.2625156447664511,0.298905587664089,0.1799969800845455
26076,0.16914751645902873,0.16018771363527556,0.5338623759189275,0.1368023939867683
26077,0.14847437108050957,0.5494611882816597,0.17509474522627724,0.12696969541155345
26078,0.044530480554064104,0.30342802808972436,0.6153548835027167,0.03668660785349483
26079,0.09860523463741738,0.3090535893414573,0.3853075325346348,0.20703364348649045
26080,0.19495758317869535,0.5678537684021508,0.14452085556793562,0.09266779285121818
26081,0.19477898177357622,0.19770977970126014,0.4966615420913979,0.11084969643376581
26082,0.32876864339819406,0.19684073815689185,0.3054120846416097,0.16897853380330433
26083,0.22638167969659387,0.3222047983344992,0.26752412907752565,0.18388939289138126
26084,0.12144928197639142,0.5575279316670687,0.19703799405995104,0.12398479229658886
26085,0.2401833491100836,0.25760714938550777,0.30549983012904314,0.1967096713753655
26086,0.45175063467302773,0.17441792211842663,0.22775682580728632,0.1460746174012593
26087,0.1447461206125311,0.3563687501043694,0.40056275332597074,0.09832237595712875
26088,0.14537150100320123,0.28333912326878274,0.20583132849571828,0.3654580472322977
26089,0.2943055535527705,0.14493874226251763,0.16073644773063533,0.40001925645407654
26090,0.297960869162986,0.05991111240556246,0.4232992927905871,0.21882872564086445
26091,0.09358163070147243,0.09767432787488085,0.6830926610676671,0.12565138035597956
26092,0.16243952965273212,0.3522457024868256,0.05688645648513384,0.4284283113753085
26093,0.41174286298921803,0.279653631226352,0.07576082085313697,0.23284268493129306
26094,0.3098437233875673,0.06691369204087942,0.1786608575785914,0.4445817269929619
26095,0.06722757923366897,0.2721788290966822,0.18306918105109268,0.4775244106185562
26096,0.4543810988820263,0.1851952251724586,0.18933309862152917,0.171090577323986
26097,0.060200770329348424,0.45694717278279856,0.12492644206710735,0.3579256148207458
26098,0.6438656219381722,0.128370855343881,0.10340512014026519,0.12435840257768153
26099,0.12091864571863374,0.32626655091525175,0.12830315874929388,0.4245116446168206
26100,0.5418828815366545,0.15403476798814944,0.15061054864943815,0.15347180182575787
26101,0.47918997089678145,0.36357402409852246,0.03296907604389974,0.1242669289607964
26102,0.12598348133000553,0.1822072593570064,0.24069599747481163,0.4511132618381765
26103,0.05676908902140065,0.6170689336285315,0.1726450902023354,0.1535168871477324
26104,0.07582303975181508,0.269855528446149,0.16158911540207785,0.49273231639995807
26105,0.3920813075652496,0.11027976015359389,0.09222315075287886,0.4054157815282777
26106,0.048840720118056936,0.5650866932323224,0.14030923894867575,0.24576334770094474
26107,0.35167476099827943,0.24739966931700977,0.1338872007947934,0.26703836888991733
26108,0.20547608081178123,0.18126869096890919,0.26870057418389426,0.34455465403541535
26109,0.23026436418517718,0.25749036960385113,0.16513051008054927,0.34711475613042236
26110,0.6174230568226328,0.13222810419173064,0.12349076925271278,0.12685806973292382
26111,0.18169989263305636,0.0809058106196266,0.49864805800705686,0.23874623874026019
26112,0.09638840048090196,0.4569878522516494,0.12719478609554594,0.3194289611719027
26113,0.48903546616718957,0.20859559473132044,0.09120411744913853,0.2111648216523515
26114,0.5258295372710184,0.18394469682892972,0.1498418310181218,0.1403839348819301
26115,0.41698057811354006,0.1692968353864913,0.2702148102708824,0.14350777622908623
26116,0.13093456649317403,0.1680918410724847,0.4002876538756109,0.3006859385587304
26117,0.2879819833114708,0.17763129077350556,0.16896515138042648,0.3654215745345972
26118,0.24966064709429775,0.16616077550857117,0.15502117984821676,0.42915739754891435
26119,0.18884580861705663,0.5289226727909144,0.13802812116584068,0.14420339742618818
26120,0.1963003471057349,0.3490513214982839,0.169580935751174,0.28506739564480715
26121,0.3815904462070475,0.07956843579664458,0.20473039022377854,0.3341107277725293
26122,0.12461040471169507,0.14136960257283837,0.2948802867993097,0.4391397059161568
26123,0.134427247251498,0.13806305012770811,0.3492451195301581,0.3782645830906358
26124,0.1766559573141247,0.11886763822091764,0.34949062198074726,0.35498578248421037
26125,0.30043391843560596,0.14176618080106423,0.3598850304371589,0.19791487032617078
26126,0.5578529691410299,0.060199881083604675,0.1114853810736923,0.2704617687016731
26127,0.3943933566692996,0.36322081323552274,0.08710681547096982,0.1552790146242079
26128,0.21435308960334276,0.21305517154547532,0.11678686416124168,0.45580487468994035
26129,0.08853219381636941,0.3409187358953262,0.4546136666058976,0.11593540368240693
26130,0.544914553701568,0.15446674577098232,0.10355315467282807,0.19706554585462152
26131,0.3962855467833175,0.06969376390627245,0.17884272004907337,0.35517796926133666
26132,0.1750261523435081,0.0601210599360719,0.49098449449377485,0.2738682932266452
26133,0.06026447610929453,0.3976797551801966,0.2948703044756595,0.24718546423484936
26134,0.1262214915456864,0.6646318727000367,0.12226740452689225,0.08687923122738474
26135,0.14729253202321438,0.3177888290126676,0.22052618992502007,0.31439244903909797
26136,0.3180168136892827,0.24299190984995928,0.15826925819580012,0.2807220182649579
26137,0.18038131296519538,0.46505631299751954,0.13062020263635987,0.22394217140092518
26138,0.11742732204742276,0.28946295923542875,0.09273642941654163,0.5003732893006068
26139,0.20331083363747537,0.5093245482315716,0.06858543678155032,0.21877918134940272
26140,0.34178029570092333,0.0589182025338861,0.3026545355580727,0.29664696620711795
26141,0.25941396486740914,0.10861595306489075,0.18028968204795054,0.4516804000197495
26142,0.05949658801744934,0.5120600574296021,0.17544501706346208,0.25299833748948636
26143,0.10661604977957928,0.3296164433277346,0.37180127559537895,0.1919662312973072
26144,0.049195593011586124,0.14211735180340873,0.4809651301159985,0.32772192506900666
26145,0.44075124406784777,0.1607294117845323,0.20950574553870227,0.18901359860891767
26146,0.16710204467049472,0.19557676268641475,0.5307835056328616,0.10653768701022909
26147,0.19618845066893154,0.5240272430188546,0.19737426583135753,0.0824100404808563
26148,0.5851821490867195,0.22083807081597678,0.12578698424764573,0.06819279584965814
26149,0.05782252628074123,0.6021342610657964,0.24084673027210257,0.09919648238135978
26150,0.2649244355644492,0.320571745952433,0.1925213060527438,0.22198251243037403
26151,0.33967375775328223,0.2775296323565942,0.22565160086987596,0.15714500902024756
26152,0.12546623745240837,0.5306547552169822,0.1550915515935861,0.18878745573702335
26153,0.0964040641707202,0.18213011341423893,0.5329197360848222,0.1885460863302186
26154,0.24266973370110487,0.267309846151687,0.2661927471488793,0.22382767299832884
26155,0.04506372394039551,0.6306776505103786,0.23347210544857544,0.09078652010065051
26156,0.1909591039321368,0.30791453107027233,0.3264701007675872,0.17465626423000366
26157,0.13703440074093126,0.24815986029287115,0.5454802498149166,0.06932548915128102
26158,0.5542255001362738,0.26940721248363797,0.10735000383806573,0.06901728354202248
26159,0.17269009407778643,0.21990310175198852,0.5006440178584447,0.10676278631178032
26160,0.201728800667474,0.22892394356503862,0.39941479424394943,0.1699324615235379
26161,0.16318453925238977,0.39190587536202887,0.27156697365513854,0.17334261173044288
26162,0.1878898056264541,0.13856901953742565,0.6015249188605107,0.0720162559756094
26163,0.518974377879194,0.14262912890276913,0.20639409133900435,0.1320024018790326
26164,0.0580128575259117,0.4486563422495506,0.357479871329886,0.1358509288946518
26165,0.28860120808846074,0.33982782634740644,0.2419130584548769,0.12965790710925595
26166,0.1604759978930566,0.174814090685243,0.6234943572747431,0.0412155541469573
26167,0.11231279215473533,0.4399008851736126,0.25001976035199047,0.19776656231966167
26168,0.10101746468739643,0.4013364546459299,0.4367631526685037,0.060882927998170015
26169,0.5034046569242643,0.11581133596106874,0.27864129216102146,0.10214271495364559
26170,0.09382638135544213,0.6761746550410469,0.17207424377303915,0.05792471983047174
26171,0.0998717206852663,0.21260786203976847,0.6477641746810832,0.039756242593882066
26172,0.1545398597131179,0.43297369070999203,0.29450337785170827,0.11798307172518181
26173,0.08292705457177811,0.3468429349436885,0.5271267213828624,0.04310328910167102
26174,0.12438392851409331,0.3880124770605299,0.3891148179172839,0.09848877650809289
26175,0.06890039049835711,0.7350876694612981,0.07379614106538795,0.12221579897495674
26176,0.19906222504769863,0.24229846563614926,0.500595723667901,0.05804358564825119
26177,0.05539910509780619,0.13020601364868695,0.6386249658737198,0.17576991537978714
26178,0.06480333623173784,0.5489457306717187,0.1994892438519527,0.18676168924459072
26179,0.4630235168008023,0.3188933203338512,0.10324414741859737,0.11483901544674921
26180,0.3511742050891114,0.39192317576326385,0.12534238379649046,0.13156023535113426
26181,0.2263681523225118,0.4741513786312638,0.1516270254582501,0.14785344358797425
26182,0.04322096119615807,0.6297413868636008,0.22750696508777568,0.09953068685246541
26183,0.13809081552005537,0.3462797523134265,0.446930008145368,0.06869942402115015
26184,0.09465939429071897,0.1992719226025107,0.5305678643105436,0.1755008187962268
26185,0.23573145372916954,0.6335997057229387,0.09301597403909448,0.03765286650879735
26186,0.1494491857581824,0.1628728170175973,0.5652768192732691,0.12240117795095122
26187,0.5591172849661702,0.17035655184464102,0.17815178616362426,0.0923743770255646
26188,0.1286706734915559,0.34449315163460703,0.4313194865392811,0.09551668833455602
26189,0.41644129560361387,0.14980380986707292,0.29631160332512785,0.13744329120418547
26190,0.5135430630827751,0.28865564654091797,0.12524135765922845,0.07255993271707853
26191,0.43766820406994067,0.31980570016415305,0.17404190435944222,0.06848419140646407
26192,0.12979714966679595,0.1329844988606773,0.6822953908102676,0.054922960662259095
26193,0.3367311018588023,0.26273375372063823,0.29179085347914363,0.10874429094141591
26194,0.1584107923695971,0.6511524885789881,0.11849295037307436,0.07194376867834036
26195,0.1537635760591931,0.48964555130230525,0.2623224889706169,0.09426838366788486
26196,0.24330280956690636,0.11924131714802409,0.5166350104366282,0.12082086284844144
26197,0.28636582214310763,0.2264630789423125,0.32708467450262757,0.16008642441195223
26198,0.07895676557154126,0.7581369133388277,0.12741342181067492,0.035492899278956117
26199,0.39200645083217606,0.18357949051400851,0.24468725339937059,0.1797268052544448
26200,0.21881550893592966,0.4294824617486081,0.2051313632408752,0.14657066607458713
26201,0.3660341902477344,0.3834729592399874,0.15026991107096396,0.10022293944131422
26202,0.6856564448792407,0.128088511156186,0.1292135285687498,0.05704151539582352
26203,0.5557199087733091,0.2193938775374075,0.16264465848213797,0.062241555207145326
26204,0.3640631802442389,0.14555031367824192,0.27329613322042035,0.21709037285709887
26205,0.1383601707113253,0.36952726978516476,0.2958846670055044,0.19622789249800557
26206,0.22081314064381602,0.19844384411284843,0.20052465128398134,0.3802183639593543
26207,0.2048223206631928,0.30312130434062495,0.30023722817660287,0.1918191468195794
26208,0.6063004140856963,0.0852604627730384,0.22433228542359682,0.08410683771766851
26209,0.41291522707836376,0.44413427618586127,0.05023330148148877,0.09271719525428614
26210,0.6990938363212802,0.16300188933519072,0.07032247668711325,0.06758179765641585
26211,0.26976554581334916,0.5001159830458944,0.08295296327240302,0.1471655078683533
26212,0.14879775013343122,0.48055726653711245,0.1997875289038547,0.17085745442560157
26213,0.29503011565731097,0.43006002285574774,0.166549614446905,0.10836024704003636
26214,0.0684795344940676,0.19187783154674012,0.6545901607567415,0.08505247320245092
26215,0.13239514786480597,0.5815674927895359,0.10798933676699397,0.17804802257866426
26216,0.17215982768494084,0.2778910320155935,0.3712988970426821,0.1786502432567835
26217,0.19298935374630952,0.13560030842943696,0.4165118578192042,0.25489848000504933
26218,0.08656181738468366,0.6681241912452571,0.20157503638560023,0.04373895498445901
26219,0.5484831467829633,0.10509443390091598,0.18629871806236853,0.16012370125375225
26220,0.08287863650362184,0.1858258666532519,0.6793671189352882,0.05192837790783803
26221,0.09174451925557489,0.26743091558860427,0.5775041739001305,0.0633203912556903
26222,0.6753808326506849,0.12311865974223177,0.1508197700505882,0.05068073755649508
26223,0.22039943358963385,0.5314836144813416,0.1689727525782726,0.07914419935075184
26224,0.5257233656337628,0.09163725702461074,0.3438930938751817,0.03874628346644466
26225,0.1467479773693477,0.24733034415844962,0.494262186244549,0.1116594922276537
26226,0.2405444556515037,0.6780128032567535,0.05686560519322322,0.02457713589851953
26227,0.07712011421981202,0.5503461260670452,0.2944842902231369,0.07804946949000573
26228,0.22143660522374936,0.2293484766540322,0.47301656333708003,0.07619835478513834
26229,0.21237941055151016,0.47937604958039237,0.1585007310804362,0.14974380878766128
26230,0.04842046615876912,0.6117185360206927,0.3142009012330222,0.025660096587516012
26231,0.5292948277839044,0.18972046388654726,0.21784164978563111,0.06314305854391715
26232,0.3471729867989549,0.2556647877660116,0.3056452907362532,0.09151693469878022
26233,0.6452326608047355,0.17706411318292092,0.10274727270740748,0.07495595330493611
26234,0.5554813509621388,0.11991151601242651,0.27105494400963037,0.05355218901580432
26235,0.11361046686464686,0.4869357382508682,0.2611617927676514,0.13829200211683354
26236,0.1161879074667129,0.3206136288286876,0.5083384261381982,0.054860037566401225
26237,0.1481541226804142,0.5856290952888508,0.14386648552089468,0.12235029650984028
26238,0.27014308558268996,0.5221596020649315,0.10867529936689686,0.09902201298548172
26239,0.46054905785116507,0.22268535844677298,0.20709101207899247,0.10967457162306944
26240,0.11807989140141452,0.11666316740761105,0.6914963764426519,0.07376056474832253
26241,0.057678687225668504,0.28263336417714485,0.6064066742899846,0.05328127430720205
26242,0.05250072435231819,0.560694651456581,0.34236689231402057,0.0444377318770802
26243,0.11548787669197466,0.6063396201631153,0.14567724454861092,0.13249525859629918
26244,0.16777438721106921,0.23399993801801564,0.4227064096990266,0.17551926507188856
26245,0.15764677449718786,0.10589804003094688,0.6650297704530502,0.07142541501881507
26246,0.26025520118984286,0.30358662199741954,0.39383078877439354,0.04232738803834408
26247,0.4610087818057522,0.14815573785476044,0.30528834428501683,0.08554713605447051
26248,0.06588849402815114,0.6477718153854849,0.18605478246316626,0.1002849081231978
26249,0.25518737702460126,0.47648955151307415,0.13896430033612564,0.12935877112619898
26250,0.5238186272925516,0.19231009899033666,0.18559927737758478,0.098271996339527
26251,0.12407832134459551,0.24401745514725745,0.34653823655802446,0.2853659869501225
26252,0.09661674454641238,0.5864739310249875,0.1829272097761596,0.13398211465244056
26253,0.17472559557755538,0.3944990435519294,0.2514530724295611,0.1793222884409541
26254,0.12836542847881943,0.0912443270583207,0.7046542763258501,0.07573596813700977
26255,0.11700531855342045,0.2779002317858334,0.38417011515701815,0.2209243345037281
26256,0.5434458091647887,0.1551956147119764,0.2369085359917416,0.06445004013149337
26257,0.2998304984618969,0.12988488962047304,0.4168657562402196,0.1534188556774105
26258,0.13544431044269742,0.21155575845453728,0.5550848659815006,0.09791506512126469
26259,0.4709480487604035,0.06921188247400144,0.3268357444674115,0.13300432429818365
26260,0.5603136284373248,0.11316577120753964,0.13550424453668936,0.19101635581844617
26261,0.2574179437871831,0.28225120598933995,0.16010003570620718,0.30023081451726974
26262,0.6890199390977868,0.07574222952677583,0.12337122956412835,0.11186660181130902
26263,0.12376754597028239,0.4890064023723538,0.20001277862429595,0.18721327303306784
26264,0.20731725873267767,0.20621011797698574,0.3809718310706542,0.20550079221968243
26265,0.4425434118694608,0.14107080248388884,0.162178255381776,0.2542075302648744
26266,0.2455978388513005,0.24587762874069277,0.28158631509892595,0.2269382173090808
26267,0.3375687407239185,0.058264684445352745,0.47780552616065186,0.1263610486700768
26268,0.21364126616575843,0.0480627061419024,0.6151820705364768,0.1231139571558624
26269,0.3732205230744299,0.18396604097894811,0.22191723131154073,0.22089620463508142
26270,0.2520536110660573,0.47161478322192946,0.15523901036073395,0.12109259535127935
26271,0.21909487958382987,0.13904418227491544,0.5618598280404069,0.0800011101008478
26272,0.1448809087429556,0.5944737803352281,0.12934200190106981,0.13130330902074638
26273,0.4137777168053535,0.19078699848889552,0.20501724133728608,0.1904180433684649
26274,0.6473373243382907,0.12716632078028856,0.16138928647880804,0.0641070684026127
26275,0.10843285806299818,0.7778984559434949,0.0519330630234488,0.061735622970058156
26276,0.24645245337627905,0.11329388219856643,0.4380941853048785,0.20215947912027596
26277,0.07769232504182084,0.08403062784300798,0.5894757274553974,0.24880131965977373
26278,0.08557744113576195,0.43168569961754777,0.33350754749405337,0.1492293117526369
26279,0.18779600533122015,0.18706524946449543,0.5338117823255613,0.09132696287872315
26280,0.27564994978744267,0.18184583465213877,0.39164995492202015,0.15085426063839846
26281,0.46250764950371276,0.23754003122783748,0.15638172086605714,0.14357059840239275
26282,0.283558123001171,0.4836380971417675,0.10733092643202777,0.12547285342503367
26283,0.12292354052352147,0.2656152979042265,0.4484917077471718,0.1629694538250802
26284,0.33742176433446663,0.389749043241555,0.1367129639264864,0.136116228497492
26285,0.13787466066922394,0.21797787088458961,0.49187853155846967,0.15226893688771675
26286,0.5326853365516097,0.1390615577249455,0.27773658551388647,0.050516520209558345
26287,0.09699465426433403,0.3246915542851857,0.391315723690144,0.18699806776033634
26288,0.12666228456820383,0.5025715610225315,0.27829354686312197,0.09247260754614281
26289,0.2828921613358169,0.4365759209579236,0.14633798027749925,0.13419393742876023
26290,0.2300712602922859,0.1388626693846044,0.5540401956664441,0.0770258746566656
26291,0.265256495908548,0.3805297061065342,0.2323519433776673,0.12186185460725056
26292,0.27000242413354697,0.24939901585189467,0.3130066088973776,0.16759195111718084
26293,0.1990646921041184,0.3448857558879899,0.26289167091396337,0.19315788109392834
26294,0.1413723297395651,0.6734136159973685,0.1267853821479898,0.0584286721150765
26295,0.25272295191441896,0.38545233107844357,0.2112770017585452,0.1505477152485923
26296,0.16078325616899478,0.2874632916651543,0.3470774441729611,0.20467600799288999
26297,0.1907533855238847,0.09521978267293757,0.3887820574371139,0.32524477436606386
26298,0.08804272437740093,0.23933265450031632,0.5745764771888262,0.09804814393345652
26299,0.0911456684532947,0.5620303964925236,0.23200252373362695,0.11482141132055469
26300,0.1856198240880048,0.10208927928597027,0.492464089589076,0.21982680703694893
26301,0.17493379965696762,0.39188720948783123,0.14639446719972007,0.28678452365548107
26302,0.13227022767504007,0.6818236253609031,0.09040989341496003,0.09549625354909677
26303,0.28229714488631563,0.38772247295010015,0.12181706665310103,0.20816331551048328
26304,0.1531112629848245,0.17977350267784173,0.4041502305277107,0.26296500380962295
26305,0.5426824407505537,0.18851389571872593,0.08550224484453167,0.18330141868618874
26306,0.2960160839979088,0.10978985323513168,0.19676699058322758,0.39742707218373197
26307,0.08162494798126722,0.4755976644323604,0.3686414236416204,0.07413596394475186
26308,0.2842555589990886,0.08699054851592072,0.21203282628149583,0.41672106620349486
26309,0.12573258046881305,0.42867337745183154,0.15152083103960284,0.29407321103975254
26310,0.1219530362730558,0.25213460716768643,0.5020692296679979,0.12384312689125979
26311,0.5133142517271911,0.25686043582921264,0.10823811490590642,0.12158719753768973
26312,0.21256546250672992,0.5838120023120521,0.1397862417182284,0.06383629346298968
26313,0.20539865289953546,0.4215533757532706,0.1684596094866689,0.20458836186052506
26314,0.0636932830500045,0.31106799032707677,0.3045714025575767,0.320667324065342
26315,0.4410775945591031,0.17089296091641412,0.12833333284069057,0.25969611168379225
26316,0.14159593026514317,0.062398676416478206,0.16841611023224032,0.6275892830861383
26317,0.20145963833209843,0.2813311012725618,0.16739792991652097,0.34981133047881885
26318,0.12815948749407008,0.14651004150795308,0.2584820739770062,0.4668483970209707
26319,0.5902411513311154,0.0384217886897556,0.10034581409213249,0.2709912458869964
26320,0.11416461384319894,0.2056869873563524,0.1398135996989941,0.5403347991014545
26321,0.6396183751363782,0.10619206001727272,0.1044754093493475,0.1497141554970016
26322,0.5241799794014522,0.17061553314324032,0.1761939175036849,0.12901056995162258
26323,0.07714206701419998,0.5249109251406254,0.31173338807988116,0.0862136197652935
26324,0.1852719103734782,0.153746971249107,0.14501218799825027,0.5159689303791645
26325,0.23928607869045873,0.07356517252940535,0.3157658031756785,0.3713829456044574
26326,0.6316228648877933,0.10108773856484675,0.17044635941191452,0.09684303713544543
26327,0.6011424540458978,0.05029517879882738,0.05823086224427104,0.2903315049110037
26328,0.23988807576906607,0.5652270082838285,0.053566854647947464,0.14131806129915794
26329,0.1254526583470058,0.1053686258766947,0.4676995104964305,0.3014792052798691
26330,0.11237924881510039,0.10596143826591162,0.17582632946268156,0.6058329834563064
26331,0.34856079504524484,0.11057309841993297,0.11554039879614196,0.4253257077386803
26332,0.18633142136641237,0.2989664754940215,0.09707639480944052,0.4176257083301257
26333,0.27234920813102487,0.10508607938797924,0.18005485937649396,0.4425098531045019
26334,0.5153961667543395,0.05576859411106637,0.06940283155825629,0.3594324075763378
26335,0.1321414650865872,0.24009492059649157,0.2506371274013594,0.37712648691556194
26336,0.2052811779923184,0.1782129789112939,0.2227402164819349,0.3937656266144529
26337,0.5007268050072062,0.06338754821734584,0.30611764142081804,0.1297680053546299
26338,0.06491665069068267,0.31718356302930495,0.13794328635134512,0.47995649992866724
26339,0.10259235758414995,0.4030617655658364,0.12735955844610347,0.3669863184039101
26340,0.1356146134235249,0.11173576997770024,0.22135737125337118,0.5312922453454036
26341,0.050862953119815944,0.10096508619528834,0.703108495697981,0.14506346498691486
26342,0.3204427182367416,0.15819130524061345,0.3585775920059719,0.1627883845166731
26343,0.21868657370271438,0.38002657906681986,0.26994809707761525,0.13133875015285054
26344,0.14736869989513582,0.3055576755315691,0.33394765985257485,0.2131259647207203
26345,0.19865445397357587,0.14423210748355605,0.5353004294614337,0.12181300908143432
26346,0.07198625253129042,0.12668004364590893,0.171476297201816,0.6298574066209846
26347,0.16785166866658927,0.6438257981876392,0.06535832435689383,0.12296420878887782
26348,0.06658036478535094,0.1664078823702064,0.5747083477114735,0.1923034051329691
26349,0.04512154364048834,0.11830230656925705,0.6209096252455533,0.21566652454470128
26350,0.23130879757568273,0.10534808936955549,0.2467817473252034,0.4165613657295583
26351,0.03307059869773464,0.4979797758351464,0.29062750519640057,0.17832212027071845
26352,0.08447632052437276,0.2609501352718747,0.1351682780363104,0.5194052661674422
26353,0.055578470237853034,0.35657592042628294,0.17867316387803214,0.40917244545783193
26354,0.2675119772702917,0.40288257458706356,0.16283625523251127,0.1667691929101335
26355,0.19555137204288497,0.20813366280332105,0.23591528723644875,0.36039967791734523
26356,0.25654679883762715,0.10756651631071623,0.5884728548667447,0.04741382998491184
26357,0.09442495358296615,0.34227551120150085,0.2914205340717812,0.27187900114375174
26358,0.22510306253748175,0.21348305054784494,0.49033649145420466,0.07107739546046862
26359,0.20002797559060498,0.32779083702463824,0.17837775780281187,0.29380342958194494
26360,0.27598219738941365,0.47113275564478174,0.18651983052999208,0.06636521643581256
26361,0.14921894649881753,0.22419792385674633,0.5052701597669346,0.12131296987750154
26362,0.35507779165800973,0.199580136644304,0.18893336407431888,0.2564087076233675
26363,0.08273563900547935,0.5131266695800357,0.1831985886680033,0.22093910274648162
26364,0.6258768412529875,0.18638120404375388,0.08845249383825532,0.09928946086500327
26365,0.08630980440692028,0.4281627849730934,0.23605691694220268,0.24947049367778365
26366,0.4255927532773196,0.18886078923783442,0.247768207965549,0.137778249519297
26367,0.3623852887826243,0.162341628409971,0.19750636037898694,0.2777667224284177
26368,0.1526164846498458,0.19193423194274536,0.5603820126590008,0.09506727074840808
26369,0.10882882631035298,0.5464676778745245,0.18278323100835187,0.16192026480677055
26370,0.6640380004771715,0.1811308067167351,0.08169096731076224,0.07314022549533117
26371,0.1150015043656682,0.2334526523477594,0.24342539104564484,0.4081204522409275
26372,0.22277554671515729,0.6586349565368529,0.06952263293344439,0.049066863814545426
26373,0.11518417971975302,0.6303273702856781,0.15110809075170104,0.10338035924286787
26374,0.21576010637620138,0.19749046286669988,0.32262246829201935,0.2641269624650794
26375,0.06571006870030817,0.12478908363025976,0.7284377537402269,0.08106309392920505
26376,0.5524217057620647,0.2074125382131945,0.13800978205463993,0.10215597397010084
26377,0.24771601031017437,0.371500985502212,0.17201013804474996,0.20877286614286358
26378,0.20953589711059814,0.14711939655794257,0.46084371832818616,0.1825009880032731
26379,0.08354067243983762,0.1223432903477038,0.7235666100936947,0.07054942711876397
26380,0.1069381322805379,0.26446604151829267,0.4659425503189284,0.16265327588224102
26381,0.6359824885009019,0.09809816961861816,0.20874975503750193,0.057169586842978085
26382,0.2588886354604661,0.25902886242035233,0.3399896350050603,0.14209286711412117
26383,0.23847539067274176,0.5825583092066244,0.10544793750825508,0.07351836261237867
26384,0.22787817070117827,0.14355581392575067,0.4650549708166829,0.16351104455638815
26385,0.09485681482656166,0.4725172787301704,0.18116386735319207,0.2514620390900758
26386,0.08039835776074568,0.16197218684663123,0.6056248949701831,0.15200456042243993
26387,0.16761632213749317,0.24732366254400207,0.3116166732960668,0.27344334202243786
26388,0.19930844585834837,0.16419623616551515,0.46653828038370493,0.1699570375924316
26389,0.15645845767398583,0.5520971567119028,0.20338749406659354,0.0880568915475177
26390,0.2811548954256005,0.43144692385042094,0.2020135039676146,0.08538467675636387
26391,0.33890058144845675,0.13980041411286742,0.4829485285864117,0.038350475852264046
26392,0.14634404851857577,0.533438321473794,0.24656576617703055,0.07365186383059974
26393,0.1003291286938144,0.27279071468910615,0.2768711833746356,0.3500089732424438
26394,0.4557875436198302,0.19100518089073643,0.14972052753257534,0.20348674795685806
26395,0.6533843267952326,0.1146418585935174,0.07730984164766663,0.15466397296358342
26396,0.4267254763862347,0.1632575383640191,0.21122803789700256,0.1987889473527435
26397,0.2914730544005741,0.2249706498912447,0.24338185977028381,0.2401744359378975
26398,0.330998074184679,0.19877525453861186,0.11429120200092807,0.355935469275781
26399,0.19937218516824423,0.47567984106259315,0.11069919654564522,0.2142487772235174
26400,0.34830563879223914,0.12463116214847371,0.2040007707985416,0.32306242826074555
26401,0.2543331055461293,0.28852628839379213,0.29413665271020384,0.16300395334987472
26402,0.06352537845165472,0.5351186570336621,0.15449400675105449,0.24686195776362868
26403,0.15433807165118837,0.6440649151150213,0.07479376428320472,0.12680324895058565
26404,0.5970430369927936,0.09252203302023179,0.1331996184632212,0.17723531152375338
26405,0.05752599810142093,0.8173045065933109,0.05803869070781436,0.06713080459745373
26406,0.24638523919667069,0.1258365783028529,0.5307686509978238,0.0970095315026527
26407,0.21227255124390595,0.1749623398762778,0.3473991287433815,0.2653659801364347
26408,0.23782507327880556,0.1162803414521293,0.3768152708533302,0.26907931441573496
26409,0.15584884590079698,0.6211245973503143,0.11713094311847899,0.10589561363040974
26410,0.08645614829170893,0.10797637644855404,0.5218391368901971,0.2837283383695399
26411,0.3418182891765424,0.39165034717740377,0.22296202990484945,0.04356933374120445
26412,0.39707415904397847,0.28951546890974494,0.25161105385251115,0.06179931819376558
26413,0.17305656365975627,0.13032297786273908,0.6071061050755536,0.08951435340195105
26414,0.17687497463021842,0.18585336833255625,0.4788359447348097,0.15843571230241557
26415,0.25232721329962493,0.43641403776230314,0.2566315942992916,0.05462715463878024
26416,0.10701415827182734,0.1978349063071337,0.6477913634769629,0.04735957194407598
26417,0.09574946479164498,0.5567626028889606,0.25331568456303777,0.09417224775635659
26418,0.27030423855936464,0.18417839593091087,0.3553270711128296,0.19019029439689494
26419,0.1717418841387595,0.2505714462769199,0.4466666437079153,0.1310200258764053
26420,0.3903238808040684,0.10740354202664561,0.3659386372463827,0.13633393992290324
26421,0.641938460828231,0.15158350015033206,0.16305023688710032,0.04342780213433655
26422,0.3141449195944895,0.11939072291988635,0.44406942023417567,0.12239493725144851
26423,0.10162757345671565,0.4128859383030832,0.38703057552247483,0.0984559127177263
26424,0.5682896589565545,0.12796793605852222,0.2219321977860008,0.08181020719892246
26425,0.20028092387217505,0.13358525759118714,0.6045823442856257,0.061551474251012095
26426,0.18161069015545708,0.11862544716443514,0.5657037455018513,0.13406011717825644
26427,0.16462573914241924,0.4930392011807294,0.29599695370852946,0.04633810596832193
26428,0.3240128982374366,0.3458112937055139,0.21315468760431905,0.11702112045273046
26429,0.06759425167139478,0.60682908298324,0.27614302453643713,0.04943364080892808
26430,0.32459807388100237,0.2923614201768934,0.3189809521224874,0.06405955381961674
26431,0.4292309391225203,0.4360354347066547,0.10930357817240259,0.025430047998422328
26432,0.11218074745407895,0.4865072885803558,0.3088369702916966,0.09247499367386858
26433,0.3107893505311648,0.38467867566749003,0.22467142373577467,0.0798605500655706
26434,0.25974714215713113,0.3975360968409512,0.25713918621100196,0.08557757479091574
26435,0.2992795434748201,0.3001984416814587,0.27046822967307743,0.13005378517064375
26436,0.5131399757264856,0.1934176908350375,0.25072971580487374,0.04271261763360315
26437,0.10466204316930545,0.14960048393900902,0.6810407805464039,0.06469669234528172
26438,0.14870102413114133,0.3023454564894638,0.5011029781951837,0.04785054118421112
26439,0.08975788426583747,0.1315535611050809,0.7494801963647536,0.029208358264328004
26440,0.15902952597396902,0.5207437675155371,0.2855833151419953,0.034643391368498574
26441,0.1387508691922666,0.6489127712041675,0.15183746913813156,0.060498890465434337
26442,0.526981146136631,0.22982738221454918,0.15149851383829072,0.09169295781052894
26443,0.6721237402349083,0.11397402221894211,0.1835204050571969,0.030381832488952577
26444,0.7025448683927719,0.12295665467594132,0.1501146617956197,0.024383815135667206
26445,0.3594189375610224,0.40768026862980417,0.16898353022745388,0.0639172635817195
26446,0.48900067948868187,0.3476217597302038,0.10239907777621966,0.060978483004894626
26447,0.24414794410026178,0.41428531494489135,0.29967002591649966,0.04189671503834718
26448,0.3865161808436611,0.2189520209104931,0.3405755018699465,0.05395629637589936
26449,0.44140569388023004,0.20782864447192476,0.05289819845094232,0.2978674631969029
26450,0.3429297271956193,0.16596169915494183,0.03863125570789584,0.45247731794154294
26451,0.2845978436986939,0.38100337214936075,0.2547539288666762,0.07964485528526923
26452,0.07338054279248835,0.4237096656681388,0.1705745066471017,0.3323352848922712
26453,0.04957431645484534,0.2769099869932331,0.5149504872211613,0.15856520933076013
26454,0.2703742441126096,0.06787377301062893,0.2208422492060425,0.440909733670719
26455,0.1139380843328061,0.36942201858059726,0.059657320713106435,0.45698257637349027
26456,0.14075280264616563,0.1594560345499794,0.27516398709022294,0.424627175713632
26457,0.1509156013418751,0.18695164761351785,0.32110192677013505,0.341030824274472
26458,0.17739246253380475,0.3587610938793041,0.09327234766364355,0.3705740959232476
26459,0.04277414000812236,0.07586091410128665,0.49092162827960234,0.3904433176109886
26460,0.09319977730302836,0.235374902624216,0.0885286476059225,0.5828966724668332
26461,0.1325422179523471,0.3177937887874134,0.32612842004454595,0.22353557321569364
26462,0.3083514478190116,0.4173043444584899,0.046273420935551715,0.22807078678694673
26463,0.0976626584187126,0.1253943320793981,0.4653341615767512,0.3116088479251381
26464,0.039510455466094996,0.2699647506589832,0.28466234105919835,0.4058624528157235
26465,0.037979753706288207,0.36375974800811095,0.19324648459195204,0.4050140136936489
26466,0.1482947110985156,0.5052413824426043,0.042881159771520884,0.30358274668735913
26467,0.4886311452327445,0.07588831378652271,0.063926136731259,0.37155440424947384
26468,0.3997058351067387,0.33303858456535945,0.21727381911242702,0.049981761215474874
26469,0.3828787245762616,0.3484958258593572,0.19907948220922736,0.06954596735515386
26470,0.10621211942785372,0.4935971770046395,0.29888528343312176,0.10130542013438505
26471,0.5364450880040003,0.17668333414507065,0.2518466416538681,0.03502493619706102
26472,0.07161511807726999,0.1251066047627827,0.7779543995571242,0.025323877602823047
26473,0.5354998544387611,0.1715485983042857,0.20538356936908767,0.0875679778878656
26474,0.09331288717933137,0.32425262434587365,0.49785538924377837,0.08457909923101656
26475,0.40824368503123815,0.1901080711024864,0.3077846742707508,0.09386356959552479
26476,0.09551456261796984,0.46805835863062006,0.30951545098251293,0.12691162776889717
26477,0.1789510332337695,0.2518695764116158,0.5037292932051108,0.06545009714950381
26478,0.2827290572032761,0.40554568614156755,0.22306975379336283,0.08865550286179345
26479,0.15825050404793095,0.2850203324335039,0.4837124177312251,0.0730167457873401
26480,0.3737712364822635,0.33018196650977927,0.22428004539246366,0.07176675161549356
26481,0.16883933066496337,0.2160346379804681,0.5090083794021955,0.10611765195237302
26482,0.23609051145327403,0.21957655472325863,0.4730248004259197,0.07130813339754759
26483,0.2946672905846018,0.24609695379665938,0.36567088477428683,0.09356487084445206
26484,0.16709629925532316,0.17845711168769554,0.584409078710223,0.0700375103467583
26485,0.11336527207248641,0.687535906790805,0.16136699781304664,0.037731823323661956
26486,0.26879329830811827,0.3151864752923035,0.2896167725236128,0.12640345387596552
26487,0.053001033535091426,0.3064315040834072,0.5857361214689029,0.054831340912598635
26488,0.23354531205669007,0.36251835849698677,0.28191654317861986,0.12201978626770331
26489,0.28273999442423486,0.2613395861869829,0.3301444794414707,0.12577593994731162
26490,0.29060705781885177,0.22384253167717547,0.3603584173829366,0.12519199312103615
26491,0.5877157595840372,0.24727607033681565,0.11650092681493106,0.048507243264216016
26492,0.4154784362639106,0.3358601634520794,0.18981797153119984,0.05884342875281018
26493,0.11789247333931213,0.1475338057854341,0.6131494618448956,0.12142425903035824
26494,0.33801120436288556,0.40495856092772564,0.16191801411493026,0.09511222059445859
26495,0.5274160830796122,0.18870323615787585,0.15124197011295018,0.1326387106495618
26496,0.12433527354762068,0.16314348792990388,0.6789616544537461,0.033559584068729165
26497,0.2630921640219188,0.09548456146552395,0.600135007146957,0.04128826736560026
26498,0.5953882693082301,0.14990696136621612,0.15935247976813213,0.09535228955742175
26499,0.220308848633281,0.1542111836364756,0.4999599265179682,0.12552004121227525
26500,0.21906365496231628,0.5776416742598328,0.13534353406171387,0.06795113671613702
26501,0.4082792466458274,0.2643495536434988,0.22940964894798357,0.09796155076269032
26502,0.5062712092578564,0.22005411240172273,0.182302857974064,0.0913718203663568
26503,0.1464972324698521,0.6553135384019536,0.15897206166914069,0.03921716745905364
26504,0.21112326779332824,0.17377091908626205,0.42862142766710315,0.18648438545330662
26505,0.0942699279700587,0.45193296891932005,0.3251678023257129,0.12862930078490828
26506,0.09609470872869844,0.3259846883008898,0.2827868341426616,0.2951337688277501
26507,0.5615127971774412,0.14411795842379196,0.08932701940815956,0.2050422249906073
26508,0.2689758619252246,0.42067080667743834,0.04573351486398234,0.2646198165333547
26509,0.11439188629758008,0.6741657057228622,0.050151171548182216,0.16129123643137547
26510,0.22609023606513912,0.31379430082800874,0.1304336849273488,0.3296817781795034
26511,0.08965740964361793,0.3651415715793058,0.4263685754560427,0.11883244332103353
26512,0.11203441835693581,0.25453651836760083,0.15913515649967094,0.4742939067757924
26513,0.0873732578977063,0.39552976111518284,0.4055112833025846,0.1115856976845262
26514,0.11397905287864728,0.4386292679239393,0.14543708356193266,0.30195459563548077
26515,0.22714846332124905,0.19814603919842858,0.46610854179303735,0.10859695568728507
26516,0.21188666743614437,0.13562263505689875,0.18496918192188763,0.46752151558506927
26517,0.20974984180492398,0.3345981079327358,0.18555225582544807,0.2700997944368922
26518,0.1720253467837268,0.08886039883766249,0.37609770277019405,0.3630165516084166
26519,0.4322356369746832,0.21769025313028106,0.08397373252097776,0.26610037737405806
26520,0.6638291687364213,0.07448947583925156,0.06736786379037722,0.19431349163394998
26521,0.19844258196495954,0.4398476043748502,0.06991651210550026,0.29179330155468997
26522,0.7910229750589041,0.07824881392482495,0.04988610752217978,0.08084210349409113
26523,0.08731789241274215,0.3844624425976071,0.322431677197971,0.20578798779167976
26524,0.35339363004742913,0.1200799288543025,0.11856351386476674,0.4079629272335016
26525,0.36969306509669037,0.16815222900076207,0.18049901448395209,0.2816556914185956
26526,0.09472104754381164,0.54460644241481,0.30858256403286716,0.052089946008511204
26527,0.26902222824217564,0.2171075680616161,0.33987828938706693,0.1739919143091413
26528,0.04909067516333617,0.6443293922531864,0.24990244005986956,0.05667749252360779
26529,0.26571412821706447,0.13658501168787643,0.5459438746204811,0.05175698547457797
26530,0.5632554606724883,0.21217589767437056,0.1376348012366302,0.08693384041651098
26531,0.2556536704662621,0.22108195911618903,0.4140842772454728,0.10918009317207608
26532,0.15376279205096913,0.689890017159742,0.10000979891733555,0.05633739187195338
26533,0.13716091780345924,0.6501431837670363,0.14455294800352433,0.06814295042598016
26534,0.6872779693787072,0.13538396735061958,0.1254702504632659,0.051867812807407286
26535,0.07103084706027453,0.3565241940326133,0.5133517139289993,0.05909324497811286
26536,0.22592970542903484,0.20098890238965306,0.26955148353834163,0.3035299086429704
26537,0.25361526516684424,0.5701977831040635,0.09839843688321037,0.07778851484588192
26538,0.10131275778091971,0.09870683903955514,0.6622705881866504,0.13770981499287474
26539,0.11881285816655804,0.44509111707513305,0.3480340771767639,0.08806194758154508
26540,0.3102375336664188,0.4075894132892967,0.1963372235162145,0.08583582952806992
26541,0.4116752016431415,0.17977679755989712,0.13407758316450522,0.27447041763245617
26542,0.3697613133406581,0.2912244165472387,0.19628062930447165,0.14273364080763154
26543,0.3382695376019395,0.3805961409775892,0.09569996091034003,0.1854343605101313
26544,0.1236119860040028,0.4730751442545278,0.22067830972789165,0.1826345600135776
26545,0.22047519255203166,0.2249309567569551,0.21332386539890652,0.3412699852921067
26546,0.23284407812235025,0.3111061747592925,0.3110417457910442,0.14500800132731312
26547,0.5163554516142487,0.1465892509126537,0.12630574760523802,0.2107495498678596
26548,0.41254241945718634,0.13016019394726439,0.3901836944797708,0.06711369211577856
26549,0.07146128711445095,0.14665133291020788,0.6623631275859667,0.11952425238937439
26550,0.12921470875231394,0.17916842907362956,0.6349542505464265,0.0566626116276299
26551,0.09135104357550286,0.34822569337495485,0.4562000852904732,0.10422317775906918
26552,0.467095697455794,0.15511532455303836,0.21167802150194012,0.16611095648922747
26553,0.16648255370173043,0.5674306560715915,0.15877409395943443,0.10731269626724355
26554,0.31903020351297223,0.28151288009446734,0.3486314997735183,0.050825416619042066
26555,0.10639778032660346,0.1207221837061808,0.5600407149812632,0.21283932098595246
26556,0.16914037299418988,0.1651879311908828,0.4001567936280304,0.26551490218689694
26557,0.30294282699106323,0.18607635462900593,0.20815734166199096,0.30282347671793985
26558,0.1678504521836069,0.23472920389650725,0.5168283629892801,0.08059198093060568
26559,0.39503091937850227,0.28144059938225247,0.11567150585162686,0.20785697538761846
26560,0.13546354890325563,0.23134684310322434,0.48725663987907697,0.14593296811444298
26561,0.09804023791209168,0.47231246204492944,0.20843339386605003,0.22121390617692885
26562,0.11889180013785033,0.33711575440122793,0.4508999893261989,0.0930924561347228
