No,Ch1,Ch2,Ch3,Ch4,Alternative_1,Alternative_2,Alternative_3,Alternative_4
21566,NA,NA,NA,NA,0.20951110129147849,0.07378297787304364,0.46865672460591623,0.24804919622956176
21567,NA,NA,NA,NA,0.03512350799586953,0.4359927529412169,0.39819112636939163,0.13069261269352192
21568,NA,NA,NA,NA,0.34225295495964064,0.4530042962003458,0.13055197461136894,0.07419077422864453
21569,NA,NA,NA,NA,0.6484537809914547,0.09987007852277209,0.14040383290172972,0.11127230758404344
21570,NA,NA,NA,NA,0.08016917102397945,0.413430411696529,0.44949366673737934,0.05690675054211216
21571,NA,NA,NA,NA,0.08217048448113068,0.6920355118028759,0.12605811847339843,0.09973588524259494
21572,NA,NA,NA,NA,0.16702178185847075,0.04811201730892128,0.6291142060050275,0.1557519948275805
21573,NA,NA,NA,NA,0.13388318403318303,0.19190727877778402,0.1917402921678268,0.48246924502120625
21574,NA,NA,NA,NA,0.12427153937326646,0.3785038657974397,0.4144059601769414,0.08281863465235233
21575,NA,NA,NA,NA,0.04339906985679313,0.06921595061671477,0.745756101080574,0.14162887844591807
21576,NA,NA,NA,NA,0.2593914101360661,0.25946330444374666,0.32579355894397627,0.15535172647621096
21577,NA,NA,NA,NA,0.2711356398416735,0.13468566084067302,0.5258702879077258,0.06830841140992767
21578,NA,NA,NA,NA,0.36530502819889143,0.3669797806924998,0.18219420844406603,0.08552098266454272
21579,NA,NA,NA,NA,0.09818851056321234,0.22747984053458595,0.19784363400758923,0.47648801489461245
21580,NA,NA,NA,NA,0.031834434565326815,0.6406225423369409,0.1985058322065337,0.12903719089119864
21581,NA,NA,NA,NA,0.5903837966256488,0.06010271883659538,0.16750856659669983,0.18200491794105603
21582,NA,NA,NA,NA,0.14110313565186855,0.21164724212192146,0.3865272160301369,0.26072240619607323
21583,NA,NA,NA,NA,0.21864899296417334,0.21728524336225027,0.2724929546106491,0.2915728090629273
21584,NA,NA,NA,NA,0.2954293781940743,0.34475842654470934,0.0724991864131351,0.2873130088480813
21585,NA,NA,NA,NA,0.27792108727761494,0.3864807465625359,0.1799326968708044,0.15566546928904473
21586,NA,NA,NA,NA,0.19091354516565792,0.5304303413719968,0.19627001186163134,0.08238610160071395
21587,NA,NA,NA,NA,0.04389934196818447,0.46779431581333786,0.33180420570389774,0.15650213651457992
21588,NA,NA,NA,NA,0.04029598382033915,0.07949243924366126,0.6422505139236191,0.23796106301238062
21589,NA,NA,NA,NA,0.24241397449080462,0.08277630317558671,0.5303754279958914,0.14443429433771732
21590,NA,NA,NA,NA,0.05008696664931524,0.1670602205935018,0.5763378374507567,0.20651497530642615
21591,NA,NA,NA,NA,0.064447035857129,0.29072594945963665,0.39542971001939026,0.24939730466384402
21592,NA,NA,NA,NA,0.1671094214501738,0.3388048065946204,0.11835640509318374,0.37572936686202196
21593,NA,NA,NA,NA,0.35417783383904716,0.2543089853933427,0.2733527381579811,0.118160442609629
21594,NA,NA,NA,NA,0.1378795068127489,0.18736201860515495,0.3328303618826484,0.3419281126994476
21595,NA,NA,NA,NA,0.2573228817590798,0.30655226086043813,0.08396872295591513,0.3521561344245668
21596,NA,NA,NA,NA,0.195673251396648,0.6088983845744148,0.10610482996963586,0.0893235340593013
21597,NA,NA,NA,NA,0.3548725081990313,0.389414762519394,0.09766314193794763,0.15804958734362703
21598,NA,NA,NA,NA,0.10459051973266575,0.4614007517660245,0.3208183648356259,0.11319036366568389
21599,NA,NA,NA,NA,0.17519887952540672,0.48272346548688017,0.2805759062120152,0.06150174877569791
21600,NA,NA,NA,NA,0.1159341171078621,0.22577731259585432,0.12812666305928724,0.5301619072369963
21601,NA,NA,NA,NA,0.07781279865289435,0.2907373166543529,0.2509075282274056,0.38054235646534723
21602,NA,NA,NA,NA,0.04546853705968979,0.4178524823269802,0.41701347136969674,0.11966550924363331
21603,NA,NA,NA,NA,0.5041733600446568,0.07940799699289987,0.21239487273653107,0.20402377022591225
21604,NA,NA,NA,NA,0.03115631506953044,0.3889698921119939,0.3584745583211238,0.22139923449735183
21605,NA,NA,NA,NA,0.25902087641827837,0.1290129092744241,0.42256352713568074,0.1894026871716169
21606,NA,NA,NA,NA,0.17572913461458775,0.06930002735030959,0.4947812474051043,0.2601895906299982
21607,NA,NA,NA,NA,0.45378640935869335,0.12186458554427425,0.12348593904181171,0.30086306605522073
21608,NA,NA,NA,NA,0.44247239839866287,0.3821861534388997,0.02978392995611297,0.14555751820632445
21609,NA,NA,NA,NA,0.05181127698253526,0.11909299084955093,0.5524476022188544,0.27664812994905963
21610,NA,NA,NA,NA,0.2697590917198022,0.4827094853300979,0.04735046378857637,0.20018095916152365
21611,NA,NA,NA,NA,0.06327382662320312,0.06874937116447304,0.6101630283211333,0.25781377389119053
21612,NA,NA,NA,NA,0.2690217268606173,0.21287998147274503,0.44414022362993644,0.07395806803670128
21613,NA,NA,NA,NA,0.05186624056947095,0.18980691909625502,0.47795070888968544,0.28037613144458867
21614,NA,NA,NA,NA,0.07430158850331242,0.5067499065188328,0.31037910834425375,0.10856939663360096
21615,NA,NA,NA,NA,0.3487165157987138,0.4005254475758188,0.056773147098406064,0.19398488952706128
21616,NA,NA,NA,NA,0.3209866092009885,0.03219902070664427,0.5509700151629929,0.09584435492937438
21617,NA,NA,NA,NA,0.22811853884174987,0.4589135326639188,0.20649687261378033,0.10647105588055104
21618,NA,NA,NA,NA,0.25702504242810537,0.1583352429097807,0.322548928734341,0.2620907859277729
21619,NA,NA,NA,NA,0.17064186679369805,0.19090086840739104,0.2376135397900135,0.40084372500889753
21620,NA,NA,NA,NA,0.1100693777100475,0.6033251922500239,0.10720111702640217,0.17940431301352633
21621,NA,NA,NA,NA,0.2435201932286871,0.3329070376142671,0.2806558590895965,0.14291691006744936
21622,NA,NA,NA,NA,0.18681233055214505,0.3447855310121547,0.1748636373060031,0.293538501129697
21623,NA,NA,NA,NA,0.18183646106497559,0.6890771549744388,0.06687266490967747,0.06221371905090831
21624,NA,NA,NA,NA,0.42298806582643034,0.33161050388717106,0.1027842708994338,0.14261715938696465
21625,NA,NA,NA,NA,0.08993980155135159,0.23560518075573475,0.4969406152103974,0.17751440248251632
21626,NA,NA,NA,NA,0.4231142143062436,0.2440620200615578,0.17641736573547873,0.1564063998967199
21627,NA,NA,NA,NA,0.055056789730805133,0.48972952840334005,0.3122567335903613,0.14295694827549346
21628,NA,NA,NA,NA,0.02391935320270878,0.8404508130720879,0.09757119430884012,0.038058639416363116
21629,NA,NA,NA,NA,0.2928983282597123,0.4560560636362233,0.12627092998253284,0.12477467812153152
21630,NA,NA,NA,NA,0.14164829147599683,0.37168943779738467,0.22959415640755174,0.25706811431906673
21631,NA,NA,NA,NA,0.0646684158077074,0.058080498473006795,0.8424521219576765,0.03479896376160931
21632,NA,NA,NA,NA,0.027913640135386664,0.46767994983160743,0.3347706181865005,0.16963579184650535
21633,NA,NA,NA,NA,0.08460536443919195,0.6685595685239232,0.11181236225433903,0.13502270478254572
21634,NA,NA,NA,NA,0.022991362279301927,0.8932144981024865,0.04138282614282968,0.042411313475381816
21635,NA,NA,NA,NA,0.01037303617642988,0.8043007426329003,0.14556347316511126,0.03976274802555851
21636,NA,NA,NA,NA,0.4153848618498131,0.2899893024322786,0.14451416257952787,0.15011167313838028
21637,NA,NA,NA,NA,0.19416173913848328,0.6480867789681319,0.0632456300798395,0.09450585181354533
21638,NA,NA,NA,NA,0.02249371100873939,0.5989109043631818,0.311415991594812,0.06717939303326682
21639,NA,NA,NA,NA,0.09628920853053957,0.7484351610917396,0.10799600413239076,0.04727962624533008
21640,NA,NA,NA,NA,0.23509563840305828,0.612223319006406,0.04520640924847926,0.1074746333420564
21641,NA,NA,NA,NA,0.05612957962659495,0.4015580163796817,0.4914441698556313,0.050868234138092126
21642,NA,NA,NA,NA,0.37644933819696424,0.3610460567692856,0.19217586137547085,0.07032874365827922
21643,NA,NA,NA,NA,0.06034656494214585,0.36345816660833996,0.4747031857317571,0.10149208271775698
21644,NA,NA,NA,NA,0.40175965392376634,0.3360827178620037,0.1421871466231924,0.11997048159103751
21645,NA,NA,NA,NA,0.06569272710196353,0.6662061620079108,0.21420846439121055,0.053892646498915044
21646,NA,NA,NA,NA,0.21733917813570014,0.3363080131273979,0.3880582811225678,0.05829452761433427
21647,NA,NA,NA,NA,0.23295350206583199,0.28401832326735255,0.4359198265431083,0.047108348123707115
21648,NA,NA,NA,NA,0.3022710288841226,0.13826427843441685,0.47970861325831793,0.07975607942314267
21649,NA,NA,NA,NA,0.4149037276049469,0.1351025152196964,0.40020041123447636,0.049793345940880404
21650,NA,NA,NA,NA,0.18555745775337895,0.3691297153689888,0.386269940665599,0.05904288621203335
21651,NA,NA,NA,NA,0.6031528808215694,0.08947074874545126,0.18517371438763722,0.12220265604534207
21652,NA,NA,NA,NA,0.09190741880464906,0.25878587395837094,0.31596334686211197,0.333343360374868
21653,NA,NA,NA,NA,0.6191589672877135,0.20125559637641166,0.11418199625183793,0.06540344008403706
21654,NA,NA,NA,NA,0.5607978261929595,0.21906637577395047,0.14002802351152097,0.0801077745215691
21655,NA,NA,NA,NA,0.4087730862197237,0.04201068884440264,0.4862313202381579,0.06298490469771578
21656,NA,NA,NA,NA,0.48291678335347366,0.16820792818660354,0.2689579006055159,0.07991738785440677
21657,NA,NA,NA,NA,0.4975490617181308,0.11488214970493783,0.2853842957845934,0.10218449279233802
21658,NA,NA,NA,NA,0.4212102943686862,0.12943109402925818,0.3725566129911074,0.07680199861094822
21659,NA,NA,NA,NA,0.6580734251468466,0.126895062622726,0.1419634466259819,0.0730680656044455
21660,NA,NA,NA,NA,0.23202124387053474,0.15089947991257893,0.3590171198963335,0.2580621563205529
21661,NA,NA,NA,NA,0.095524065052249793,0.5076016322884679,0.21188811125806115,0.18498619140122127
21662,NA,NA,NA,NA,0.05119244725248251,0.7579601288378945,0.049259784609185536,0.1415876393004374
21663,NA,NA,NA,NA,0.13792849124327544,0.17804864507516502,0.5358616688009825,0.14816119488057694
21664,NA,NA,NA,NA,0.07462242850906319,0.46716751353594693,0.21715848635751558,0.2410515715974742
21665,NA,NA,NA,NA,0.46389623148245224,0.26423272887641597,0.16926592052106026,0.10260511912007157
21666,NA,NA,NA,NA,0.0836773703381332,0.513819275156298,0.26570169639193175,0.13680165811363695
21667,NA,NA,NA,NA,0.050363722626836596,0.5692502005494406,0.25610348539893335,0.12428259142478949
21668,NA,NA,NA,NA,0.30566085443571334,0.316907623272707,0.19778166676086092,0.17964985553071874
21669,NA,NA,NA,NA,0.26470044797677406,0.33099021571311954,0.10244013883922325,0.3018691974708831
21670,NA,NA,NA,NA,0.14911154831479942,0.6448185570066951,0.0983635477375137,0.10770634694099171
21671,NA,NA,NA,NA,0.0994525855451518,0.3976787734312177,0.4384045222330062,0.06446411879062416
21672,NA,NA,NA,NA,0.05910861832129513,0.3206691495619133,0.47604588098228123,0.1441763511345104
21673,NA,NA,NA,NA,0.5018065470075682,0.20982428728333782,0.07430378783106913,0.21406537787802496
21674,NA,NA,NA,NA,0.4048844845589188,0.24611474895873714,0.2365367722494926,0.1124639942328515
21675,NA,NA,NA,NA,0.33943789103740085,0.2848114918983547,0.1876416783798385,0.18810893868440598
21676,NA,NA,NA,NA,0.12349770106345714,0.6411132445417882,0.10262243947778163,0.13276661491697306
21677,NA,NA,NA,NA,0.5192086430414313,0.10052545493194456,0.2757310749755964,0.10453482705102762
21678,NA,NA,NA,NA,0.10415072546207109,0.6114313668890526,0.23125281814697837,0.05316508950189794
21679,NA,NA,NA,NA,0.25310166738691253,0.48817290037963734,0.11560901402039758,0.14311641821305246
21680,NA,NA,NA,NA,0.2663322092507568,0.10077269536169889,0.5858790400729598,0.047016055314584575
21681,NA,NA,NA,NA,0.3515514284693516,0.09577916244713451,0.26189129527242344,0.2907781138110904
21682,NA,NA,NA,NA,0.5023193825961371,0.2847308323071835,0.06752891735411896,0.14542086774256036
21683,NA,NA,NA,NA,0.2885281416668011,0.04046968152478507,0.548669658850293,0.12233251795812089
21684,NA,NA,NA,NA,0.47948726931328944,0.06962684704673731,0.29684542322981444,0.15404046041015887
21685,NA,NA,NA,NA,0.330682914611648,0.20658365253167166,0.19480409269833415,0.26792934015834613
21686,NA,NA,NA,NA,0.13663702324318838,0.40374435210431636,0.3422209650523193,0.11739765960017595
21687,NA,NA,NA,NA,0.19701750663349799,0.08187159735640312,0.5679113066106736,0.15319958939942538
21688,NA,NA,NA,NA,0.36552651965370647,0.1827326132497676,0.16556644829880807,0.28617441879771793
21689,NA,NA,NA,NA,0.26018477314064464,0.5396299702143096,0.09783891216869625,0.10234634447634955
21690,NA,NA,NA,NA,0.8043922435386913,0.1301063807760705,0.02580222564466461,0.03969915004057349
21691,NA,NA,NA,NA,0.13656181407670065,0.6310999969741573,0.10754803729017316,0.12479015165896898
21692,NA,NA,NA,NA,0.0583268372191408,0.38657430870086473,0.48496157012029883,0.07013728395969572
21693,NA,NA,NA,NA,0.09870549638202346,0.7063850854514695,0.058347930190086064,0.13656148797642087
21694,NA,NA,NA,NA,0.2267041834440516,0.26072284587395456,0.37359976727856165,0.13897320340343217
21695,NA,NA,NA,NA,0.40012750057030105,0.3363611082253609,0.22946028407156022,0.034051107132777834
21696,NA,NA,NA,NA,0.6975790207228435,0.15652424508415338,0.05042431247328116,0.09547242171972209
21697,NA,NA,NA,NA,0.4914171022925135,0.1644875752961043,0.2782829413874101,0.06581238102397209
21698,NA,NA,NA,NA,0.24859666421889726,0.044521515312043965,0.6680119745865051,0.03886984588255378
21699,NA,NA,NA,NA,0.21855665657038056,0.5030900531276007,0.04673049668859802,0.23162279361342072
21700,NA,NA,NA,NA,0.33425611137986994,0.27843808959592853,0.1901460864788191,0.19715971254538242
21701,NA,NA,NA,NA,0.4607498662694693,0.10675805653873346,0.16171902423529855,0.2707730529564986
21702,NA,NA,NA,NA,0.05390954942358868,0.43405578639642295,0.15726512692621109,0.3547695372537773
21703,NA,NA,NA,NA,0.08633143479174485,0.31218079981782704,0.09117930361586846,0.5103084617745597
21704,NA,NA,NA,NA,0.11046818293984724,0.2909419788319838,0.25015802407578164,0.3484318141523873
21705,NA,NA,NA,NA,0.145822804681026,0.04947420771742727,0.31700815234606883,0.48769483525547785
21706,NA,NA,NA,NA,0.10928295369223853,0.34136693344992225,0.09426766463140672,0.4550824482264327
21707,NA,NA,NA,NA,0.10833591817923491,0.49484215032905987,0.1730871650390717,0.2237347664526335
21708,NA,NA,NA,NA,0.03996305803618843,0.46339747899870415,0.12815787492527067,0.3684815880398367
21709,NA,NA,NA,NA,0.29606242991811915,0.11004127171798495,0.06915976789691788,0.524736530466978
21710,NA,NA,NA,NA,0.37881794034618366,0.060280789828934374,0.08239951893879849,0.4785017508860835
21711,NA,NA,NA,NA,0.06564186039726146,0.5114191022597575,0.14720365463022678,0.27573538271275433
21712,NA,NA,NA,NA,0.10007297301969258,0.18002161533155842,0.06284462009461055,0.6570607915541384
21713,NA,NA,NA,NA,0.4417600216328478,0.09554610566854693,0.14017113235273665,0.3225227403458684
21714,NA,NA,NA,NA,0.05306749365606944,0.4611059935150548,0.052646181188753076,0.4331803316401226
21715,NA,NA,NA,NA,0.4687253074682777,0.14908062816912465,0.18954139965317895,0.19265266470941886
21716,NA,NA,NA,NA,0.1449433763132884,0.1333425187501315,0.18141645590898162,0.5402976490275985
21717,NA,NA,NA,NA,0.1930108113672938,0.047444830938750515,0.38588265399334565,0.37366170370061
21718,NA,NA,NA,NA,0.5062057498397095,0.34218368679486794,0.026751637068409554,0.12485892629701312
21719,NA,NA,NA,NA,0.22888556495197612,0.21089882651135194,0.20899673990829928,0.35121886862837265
21720,NA,NA,NA,NA,0.5404283078047565,0.15045511028020986,0.0791175589213765,0.22999902299365726
21721,NA,NA,NA,NA,0.14642200153286025,0.29211533403051626,0.32950476729896944,0.23195789713765405
21722,NA,NA,NA,NA,0.6099014827151786,0.18759724914253614,0.05226627524033199,0.15023499290195325
21723,NA,NA,NA,NA,0.06766088904465192,0.356145383941403,0.252270142118372,0.3239235848955731
21724,NA,NA,NA,NA,0.42647855573457905,0.22118738737914484,0.2197844782249249,0.1325495786613513
21725,NA,NA,NA,NA,0.12073459594400886,0.2234705319025902,0.3002072304609152,0.35558764169248575
21726,NA,NA,NA,NA,0.029124790038098747,0.4500481003584038,0.3263750344197645,0.19445207518373292
21727,NA,NA,NA,NA,0.22510975351152282,0.045289304653159494,0.5938528616361991,0.1357480801991186
21728,NA,NA,NA,NA,0.09663302637620672,0.10226927622870854,0.43844953824536653,0.36264815914971826
21729,NA,NA,NA,NA,0.2677905577725628,0.3194740492566691,0.1668776722413223,0.2458577207294459
21730,NA,NA,NA,NA,0.5350954409578825,0.07772053972420878,0.08046499935775503,0.30671901996015366
21731,NA,NA,NA,NA,0.29289864900461526,0.15475274923523932,0.3984941195293526,0.1538544822307929
21732,NA,NA,NA,NA,0.34626090212693433,0.2796637199288576,0.10585377721623389,0.26822160072797424
21733,NA,NA,NA,NA,0.30119682720011265,0.5445684757883095,0.07649939094878118,0.07773530606279659
21734,NA,NA,NA,NA,0.07961536603361291,0.5358505641672635,0.2078865926273168,0.17664747717180684
21735,NA,NA,NA,NA,0.3093017161463043,0.3826694973904201,0.0888405426445503,0.2191882438187254
21736,NA,NA,NA,NA,0.502140678244943,0.21637111921425803,0.14180864040554075,0.1396795621352582
21737,NA,NA,NA,NA,0.30099900067478336,0.11546888303647822,0.5265119886220061,0.05702012766673222
21738,NA,NA,NA,NA,0.3853248497226626,0.33849192105444337,0.23204048916154313,0.04414274006135093
21739,NA,NA,NA,NA,0.11238979081895711,0.5932390483134607,0.2426665906350298,0.0517045702325524
21740,NA,NA,NA,NA,0.0741019853971511,0.7278547549656067,0.16696661267546192,0.03107664696178028
21741,NA,NA,NA,NA,0.1019564105854165,0.5882126985106753,0.20036333411386584,0.10946755679004247
21742,NA,NA,NA,NA,0.29186532424389305,0.1473223919200977,0.49397914055525954,0.06683314328074966
21743,NA,NA,NA,NA,0.4333152200604829,0.4625833262291436,0.033098498504082495,0.07100295520629105
21744,NA,NA,NA,NA,0.28094637835963254,0.255638916854241,0.4268377998413537,0.036576904944772594
21745,NA,NA,NA,NA,0.2450842101671322,0.3310056736941126,0.30225157662888363,0.12165853950987154
21746,NA,NA,NA,NA,0.26309780177414227,0.6047803203687812,0.06508718034832695,0.06703469750874978
21747,NA,NA,NA,NA,0.4410718601714281,0.3573604860008342,0.16206514319820298,0.03950251062953486
21748,NA,NA,NA,NA,0.3592227397935333,0.47516124956633116,0.12400345270798133,0.04161255793215407
21749,NA,NA,NA,NA,0.09883171017468245,0.5407018268736766,0.2876562186040213,0.07281024434761967
21750,NA,NA,NA,NA,0.06722083594798559,0.14364970551106185,0.6776079015199608,0.11152155702099184
21751,NA,NA,NA,NA,0.5461935155659889,0.0498862040600202,0.36895861278452796,0.03496166758946295
21752,NA,NA,NA,NA,0.4940048799369672,0.19518671743591678,0.19280513583975512,0.11800326678736098
21753,NA,NA,NA,NA,0.2881234662549401,0.31029748500483517,0.30670972822505077,0.09486932051517392
21754,NA,NA,NA,NA,0.06293715501917023,0.6761120129274217,0.13714237539976995,0.1238084566536382
21755,NA,NA,NA,NA,0.17227546246139688,0.45113013999048746,0.2937646680174097,0.08282972953070589
21756,NA,NA,NA,NA,0.1289255334744951,0.259577237551272,0.14559297288115802,0.46590425609307495
21757,NA,NA,NA,NA,0.17886277449425783,0.45513874138248006,0.03883729872857395,0.327161185394688
21758,NA,NA,NA,NA,0.23451969872600267,0.14104057552574256,0.21048640791833043,0.4139533178299243
21759,NA,NA,NA,NA,0.2719300146918257,0.33123993994781725,0.24461424485168098,0.15221580050867609
21760,NA,NA,NA,NA,0.1475747542817771,0.04009577600854849,0.4004014688098156,0.41192800089985887
21761,NA,NA,NA,NA,0.10360149494200172,0.1147792442645741,0.5322532183500474,0.2493660424433768
21762,NA,NA,NA,NA,0.047705482197650854,0.6183661072689743,0.036608310345644664,0.29732010018773003
21763,NA,NA,NA,NA,0.47269719492080325,0.05436124557135626,0.03731814257479389,0.4356234169330466
21764,NA,NA,NA,NA,0.18652841667742937,0.03832457231682364,0.5562111856046447,0.21893582540110226
21765,NA,NA,NA,NA,0.41600736609306194,0.10171133068261409,0.08411384508810435,0.39816745813621957
21766,NA,NA,NA,NA,0.1220857705644182,0.1597323982623535,0.03369661616436899,0.6844852150088592
21767,NA,NA,NA,NA,0.10649709857975447,0.14466164382634536,0.3101707968232615,0.4386704607706387
21768,NA,NA,NA,NA,0.2333588975493403,0.2685147708819261,0.28870414003189426,0.2094221915368393
21769,NA,NA,NA,NA,0.18748986649621793,0.13622871304232004,0.11650175492726056,0.5597796655342016
21770,NA,NA,NA,NA,0.14909051197572984,0.2710613248085203,0.3257770698579334,0.2540710933578164
21771,NA,NA,NA,NA,0.054728247107672406,0.09588867673962881,0.3574261790410488,0.4919568971116499
21772,NA,NA,NA,NA,0.13812213869982692,0.3295476053790815,0.19927537524215846,0.33305488067893313
21773,NA,NA,NA,NA,0.13265420467330855,0.26357470602781635,0.04626001490356696,0.5575110743953081
21774,NA,NA,NA,NA,0.03143723460981907,0.06488682681628558,0.6288181754733262,0.2748577631005691
21775,NA,NA,NA,NA,0.2374094147296098,0.2427916695966527,0.22545114664798074,0.2943477690257568
21776,NA,NA,NA,NA,0.4287378521881182,0.1726202275861311,0.18021934790043082,0.21842257232532
21777,NA,NA,NA,NA,0.06301421081711864,0.032613357588443755,0.6224239555852181,0.2819484760092195
21778,NA,NA,NA,NA,0.2537856963397073,0.09573809136729576,0.17267983749324486,0.47779637479975196
21779,NA,NA,NA,NA,0.3709253628364157,0.15151459646906168,0.09526839815689546,0.38229164253762715
21780,NA,NA,NA,NA,0.17068330944738555,0.07037631347416906,0.5001444060724274,0.2587959710060181
21781,NA,NA,NA,NA,0.06825749807559245,0.03418989823895176,0.6804137169331765,0.21713888675227916
21782,NA,NA,NA,NA,0.37856689813219774,0.016315250587288593,0.4322030049960777,0.17291484628443607
21783,NA,NA,NA,NA,0.30299057847667854,0.07318568479026351,0.18882012898965278,0.43500360774340524
21784,NA,NA,NA,NA,0.5736965496096599,0.20037214820587018,0.065391070499049,0.1605402316854209
21785,NA,NA,NA,NA,0.2353562748190922,0.4056294529346153,0.24659998087457355,0.11241429137171892
21786,NA,NA,NA,NA,0.10770978645506672,0.05055546515305614,0.2348390590645407,0.6068956893273365
21787,NA,NA,NA,NA,0.10723321746184998,0.33240617560611885,0.09199278877774902,0.468367818154282
21788,NA,NA,NA,NA,0.44124947145319854,0.1806938102111002,0.07373869230260467,0.3043180260330965
21789,NA,NA,NA,NA,0.13225733524799146,0.18143179076859733,0.3491033364383822,0.33720753754502897
21790,NA,NA,NA,NA,0.5878053866241089,0.06435933869459634,0.1285796692115861,0.21925560546970854
21791,NA,NA,NA,NA,0.28341211809788525,0.1302290775674705,0.2405424095663188,0.3458163947683253
21792,NA,NA,NA,NA,0.06832679821247714,0.21025895530218633,0.5193829294187946,0.2020313170665419
21793,NA,NA,NA,NA,0.12809721508610025,0.21330893350653218,0.5140481020929268,0.1445457493144407
21794,NA,NA,NA,NA,0.037078452698501005,0.5130421883531143,0.2854329079719611,0.16444645097642352
21795,NA,NA,NA,NA,0.16980565375602116,0.0294984680207819,0.6180519743518659,0.1826439038713312
21796,NA,NA,NA,NA,0.24315880640197565,0.3169319893874505,0.17468461034251867,0.2652245938680552
21797,NA,NA,NA,NA,0.2243503363557124,0.37622218311322736,0.20439413414320654,0.19503334638785366
21798,NA,NA,NA,NA,0.3567680925067037,0.05032043416929023,0.4409189061839907,0.15199256714001527
21799,NA,NA,NA,NA,0.08018091447556125,0.09965250508897046,0.2293646703075736,0.5908019101278947
21800,NA,NA,NA,NA,0.08716964091814312,0.13389059292834568,0.27786698685989625,0.5010727792936149
21801,NA,NA,NA,NA,0.17604093063072082,0.1558041104280415,0.3244378440408632,0.34371711490037454
21802,NA,NA,NA,NA,0.04145918412581689,0.2106111132986101,0.3546010979272274,0.3933286046483457
21803,NA,NA,NA,NA,0.09526043734573449,0.12858008313897926,0.54585150239571,0.23030797711957632
21804,NA,NA,NA,NA,0.18608503657668213,0.5394294266447276,0.11336023895569593,0.1611252978228943
21805,NA,NA,NA,NA,0.4779014230026601,0.06926839121988225,0.16947246148449652,0.2833577242929611
21806,NA,NA,NA,NA,0.0796954181336691,0.3971951035643365,0.2726524368680113,0.25045704143398306
21807,NA,NA,NA,NA,0.15218044567743616,0.4743466763004013,0.1623377885802215,0.21113508944194112
21808,NA,NA,NA,NA,0.30314953873659095,0.15648480933744516,0.2275275885444417,0.31283806338152215
21809,NA,NA,NA,NA,0.5724071309751899,0.07561429105660393,0.07237722220349706,0.27960135576470907
21810,NA,NA,NA,NA,0.519669513726673,0.07534052655031696,0.2792080932783589,0.12578186644465106
21811,NA,NA,NA,NA,0.20958753394231538,0.4481366707449563,0.26976338913125064,0.07251240618147767
21812,NA,NA,NA,NA,0.14654936753899195,0.09085612781680505,0.5129078733855525,0.24968663125865048
21813,NA,NA,NA,NA,0.17768150116485976,0.5614344062780883,0.0961930354081832,0.16469105714886872
21814,NA,NA,NA,NA,0.08603267718222606,0.18744461433040013,0.48496384248757235,0.24155886599980145
21815,NA,NA,NA,NA,0.2544397254583485,0.08620832147701406,0.32033344885744736,0.3390185042071901
21816,NA,NA,NA,NA,0.2531161985660563,0.5256237929434543,0.08810292727477012,0.13315708121571934
21817,NA,NA,NA,NA,0.01657068440085258,0.03688341524820935,0.8234924264180004,0.12305347393293771
21818,NA,NA,NA,NA,0.05550143532367512,0.07654334585753639,0.41165361028349173,0.4563016085352967
21819,NA,NA,NA,NA,0.14531072038631376,0.2117408958350635,0.15625557347758473,0.4866928103010379
21820,NA,NA,NA,NA,0.4220956556647961,0.16690704852422772,0.17938615071495248,0.2316111450960235
21821,NA,NA,NA,NA,0.11509504440469988,0.16675039799516908,0.5506667024660578,0.16748785513407313
21822,NA,NA,NA,NA,0.26279274466959435,0.5857995040615145,0.07356702099764996,0.07784073027124114
21823,NA,NA,NA,NA,0.10825478835528214,0.49242644071985325,0.2506562912460284,0.1486624796788362
21824,NA,NA,NA,NA,0.09915788917137619,0.527922348947645,0.2910091173589277,0.0819106445220511
21825,NA,NA,NA,NA,0.04097666218071585,0.47770980943214186,0.13540820430949319,0.345905324077649
21826,NA,NA,NA,NA,0.19024588580590743,0.3510943886173133,0.38357343724622067,0.07508628833055862
21827,NA,NA,NA,NA,0.033299875194517395,0.0804861608026731,0.7747775934155734,0.11143637058723603
21828,NA,NA,NA,NA,0.06917992436737828,0.5315385553754514,0.1449384333567723,0.2543430869003981
21829,NA,NA,NA,NA,0.05761344201769354,0.0920698239705971,0.6209349267086716,0.22938180730303787
21830,NA,NA,NA,NA,0.025187623392498013,0.09484709038297484,0.6650293844939322,0.214935901730595
21831,NA,NA,NA,NA,0.19942768568352645,0.36431572647525173,0.13680852566441934,0.2994480621768024
21832,NA,NA,NA,NA,0.258752277073653,0.41806746578125437,0.0917275701857689,0.23145268695932364
21833,NA,NA,NA,NA,0.46362710148723585,0.05321157091147016,0.3146588828984432,0.1685024447028508
21834,NA,NA,NA,NA,0.4559280043308077,0.23136815838349697,0.11462603340781213,0.1980778038778832
21835,NA,NA,NA,NA,0.09373397421876291,0.2966666163059527,0.15645780800377931,0.45314160147150523
21836,NA,NA,NA,NA,0.031538648730305416,0.048540428002133804,0.6929119218692388,0.22700900139832203
21837,NA,NA,NA,NA,0.131679486763491,0.048850669807381786,0.4144953456830561,0.40497449774607114
21838,NA,NA,NA,NA,0.22864138514916363,0.07688586076855895,0.49804556692976387,0.19642718715251364
21839,NA,NA,NA,NA,0.14476996217493385,0.39450745860423697,0.2516848244061695,0.20903775481465958
21840,NA,NA,NA,NA,0.4984490005955108,0.03916422202800139,0.33644417477226013,0.12594260260422777
21841,NA,NA,NA,NA,0.4017151155045607,0.1996376180864125,0.16372252802688697,0.23492473838213968
21842,NA,NA,NA,NA,0.04330437863855801,0.22776758399150537,0.4523548249955643,0.27657321237437227
21843,NA,NA,NA,NA,0.5535279620761102,0.059362512169705985,0.11963998522322196,0.2674695405309619
21844,NA,NA,NA,NA,0.04802604817261784,0.4961155119668126,0.21859365896473487,0.23726478089583478
21845,NA,NA,NA,NA,0.2821620976726248,0.11334083918944851,0.3839956161614737,0.22050144697645313
21846,NA,NA,NA,NA,0.06512059097841491,0.4012976450811264,0.2046108391541977,0.32897092478626094
21847,NA,NA,NA,NA,0.21940975892897313,0.07200846850802799,0.5845737774568864,0.12400799510611238
21848,NA,NA,NA,NA,0.07382380821353256,0.11424376222698904,0.0788659835426295,0.7330664460168489
21849,NA,NA,NA,NA,0.4874615861038871,0.2675307192323049,0.08397588201670937,0.16103181264709862
21850,NA,NA,NA,NA,0.4558813414726413,0.10132175695970419,0.09334692792081406,0.3494499736468406
21851,NA,NA,NA,NA,0.19612347245845352,0.6871596028219914,0.058164621483183285,0.058552303236371665
21852,NA,NA,NA,NA,0.4052381667586355,0.2144946104173278,0.3234280217971125,0.05683920102692417
21853,NA,NA,NA,NA,0.09929594833158753,0.2688358263900367,0.4996332009377961,0.13223502434057957
21854,NA,NA,NA,NA,0.43829070527373665,0.2522044492734164,0.1779612753022507,0.13154357015059634
21855,NA,NA,NA,NA,0.14373709942508284,0.6573532097489073,0.10561841922420498,0.09329127160180486
21856,NA,NA,NA,NA,0.40059113801723395,0.2934991215651251,0.27527332113979835,0.03063641927784276
21857,NA,NA,NA,NA,0.1341761327392377,0.6893365940336583,0.10626569454158771,0.07022157868551639
21858,NA,NA,NA,NA,0.6500428664048558,0.15486594191157094,0.07623944288179287,0.11885174880178043
21859,NA,NA,NA,NA,0.47713504826247793,0.22368929710417876,0.14537153245242102,0.15380412218092232
21860,NA,NA,NA,NA,0.3796211733904251,0.5194455631737775,0.07009797947478094,0.030835283961016452
21861,NA,NA,NA,NA,0.15746265180727884,0.12484979649674868,0.676735599426584,0.040951952269388366
21862,NA,NA,NA,NA,0.03040571693379493,0.43599703533816625,0.4690795516536147,0.06451769607442408
21863,NA,NA,NA,NA,0.0733652157964167,0.5717307489933413,0.24769877305307925,0.10720526215716279
21864,NA,NA,NA,NA,0.30544025822173515,0.6311181649837968,0.028750984858754287,0.03469059193571373
21865,NA,NA,NA,NA,0.11882574932990758,0.4140156391198821,0.43086408963853307,0.03629452191167721
21866,NA,NA,NA,NA,0.2039065135942991,0.21470955520134727,0.5119061057771114,0.06947782542724235
21867,NA,NA,NA,NA,0.07212225133277225,0.21540059605339787,0.5345772074084394,0.17789994520539051
21868,NA,NA,NA,NA,0.1415949347315303,0.1022454357713336,0.6853301589808712,0.07082947051626495
21869,NA,NA,NA,NA,0.45374157210984684,0.16452141248608793,0.2532873765464639,0.12844963885760138
21870,NA,NA,NA,NA,0.2853514269869669,0.2655829573201044,0.4188522162216932,0.030213399471235563
21871,NA,NA,NA,NA,0.8170305493762772,0.1122890181142885,0.03606868887226573,0.03461174363716854
21872,NA,NA,NA,NA,0.03539257804620439,0.5487856997622935,0.3908311504470724,0.0249905717444298
21873,NA,NA,NA,NA,0.2602197218738092,0.38310059437199717,0.3408398481062209,0.01583983564797263
21874,NA,NA,NA,NA,0.0741684319563423,0.7663987504086643,0.13023971727553024,0.029193100359463084
21875,NA,NA,NA,NA,0.31789260833164484,0.5970256084705173,0.06047829232564135,0.024603490872196543
21876,NA,NA,NA,NA,0.47345302790668226,0.2071372664940006,0.28369070181146533,0.0357190037878519
21877,NA,NA,NA,NA,0.1099712706069357,0.6761940634617276,0.13577466302178862,0.078060002909548
21878,NA,NA,NA,NA,0.37118406535052767,0.5548703726002616,0.05593701347485201,0.018008548574358737
21879,NA,NA,NA,NA,0.33297851387947897,0.44063395245047626,0.1680766303113137,0.05831090335873106
21880,NA,NA,NA,NA,0.3956117507573919,0.16279382050463256,0.412843578116853,0.02875085062112263
21881,NA,NA,NA,NA,0.1344590018390944,0.5580885297125158,0.2663139955266099,0.041138472921779926
21882,NA,NA,NA,NA,0.2513728008748451,0.2743505141969142,0.4301602660780349,0.04411641885020576
21883,NA,NA,NA,NA,0.06014487422613267,0.555966827827197,0.33614340253603514,0.047744895410635174
21884,NA,NA,NA,NA,0.20045749138931981,0.7413731050476696,0.028001278964592553,0.03016812459841797
21885,NA,NA,NA,NA,0.07103928071662738,0.7930142632980947,0.06868107712423364,0.06726537886104417
21886,NA,NA,NA,NA,0.3595500147824183,0.40331827442771256,0.1784879582751368,0.058643752514732264
21887,NA,NA,NA,NA,0.219888348443163,0.1213345755191545,0.6022472958336188,0.05652978020406375
21888,NA,NA,NA,NA,0.043332314966642055,0.6400269428614094,0.2948834135153016,0.021757328656647014
21889,NA,NA,NA,NA,0.15797187498076107,0.16297343943156004,0.45804901681691623,0.22100566877076266
21890,NA,NA,NA,NA,0.21460720515116355,0.12355466598501366,0.2260738896575901,0.43576423920623275
21891,NA,NA,NA,NA,0.4098491938760062,0.011987861433394064,0.4687073294390425,0.10945561525155725
21892,NA,NA,NA,NA,0.07321812007499347,0.16932208643185556,0.1204662781340981,0.6369935153590528
21893,NA,NA,NA,NA,0.19680329066186014,0.3032250077716217,0.12872480345741535,0.3712468981091029
21894,NA,NA,NA,NA,0.1295173664304963,0.053128790166706935,0.31029521742581917,0.5070586259769776
21895,NA,NA,NA,NA,0.040707727081654085,0.023233932102501225,0.7778921959572236,0.15816614485862113
21896,NA,NA,NA,NA,0.2926067467479141,0.07500120889107696,0.4892920490912145,0.1430999952697944
21897,NA,NA,NA,NA,0.24079714546816372,0.18655204784368742,0.45332360406437944,0.11932720262376949
21898,NA,NA,NA,NA,0.20742849110314862,0.18696625064329253,0.41332615774273107,0.19227910051082775
21899,NA,NA,NA,NA,0.21222527724799736,0.09039049950828419,0.6209845161105121,0.07639970713320651
21900,NA,NA,NA,NA,0.06384660821564367,0.038572008639610286,0.12005638649076623,0.7775249966539799
21901,NA,NA,NA,NA,0.295211292879662,0.4088670714178148,0.03128099386820087,0.26464064183432245
21902,NA,NA,NA,NA,0.05479638304188399,0.07205287643682098,0.6933764411060087,0.17977429941528633
21903,NA,NA,NA,NA,0.045155666802501104,0.06714143059761651,0.6593843056677413,0.22831859693214096
21904,NA,NA,NA,NA,0.35587474708138256,0.04260015424523643,0.2717739148926653,0.32975118378071566
21905,NA,NA,NA,NA,0.021670139729128523,0.24883272534619888,0.3828704355642039,0.34662669936046864
21906,NA,NA,NA,NA,0.09046745511513735,0.10430984196915376,0.07905435912659493,0.726168343789114
21907,NA,NA,NA,NA,0.07909231445182217,0.22829042861351323,0.35702448040974616,0.3355927765249184
21908,NA,NA,NA,NA,0.3208454801711237,0.22744256072023056,0.3587398605809216,0.09297209852772415
21909,NA,NA,NA,NA,0.24766941375194293,0.1310094781765787,0.4963534022071032,0.12496770586437511
21910,NA,NA,NA,NA,0.5593742016825566,0.17472923699668066,0.13459784057200563,0.13129872074875718
21911,NA,NA,NA,NA,0.22882718445009093,0.5766158197966761,0.11411102214925266,0.08044597360398034
21912,NA,NA,NA,NA,0.17462253320252266,0.634231073082467,0.04329695779564507,0.1478494359193654
21913,NA,NA,NA,NA,0.1971816485522846,0.44937863877905454,0.20244117000528136,0.15099854266337956
21914,NA,NA,NA,NA,0.21608677029911857,0.26974028463669697,0.1498926325197677,0.3642803125444167
21915,NA,NA,NA,NA,0.27620742346073507,0.0954775504976867,0.5092592897271943,0.11905573631438394
21916,NA,NA,NA,NA,0.10460992776165146,0.1356452887538373,0.31436161510413024,0.44538316838038106
21917,NA,NA,NA,NA,0.1669779438440481,0.20506866487240072,0.37958112587696663,0.24837226540658458
21918,NA,NA,NA,NA,0.07727348511598116,0.14174111207546922,0.6311611770628245,0.1498242257457252
21919,NA,NA,NA,NA,0.20946874662497056,0.0954014485002479,0.6085992800790764,0.08653052479570508
21920,NA,NA,NA,NA,0.25385330429003744,0.283500772642609,0.23240885481345003,0.23023706825390342
21921,NA,NA,NA,NA,0.14792839335208283,0.6542342864724762,0.13276181009168656,0.06507551008375438
21922,NA,NA,NA,NA,0.4920906665891143,0.2796313292874441,0.0828977475382739,0.1453802565851678
21923,NA,NA,NA,NA,0.23833117949612775,0.17159040382340557,0.24603695870591286,0.34404145797455377
21924,NA,NA,NA,NA,0.29617646355657784,0.1868979987404214,0.25336107654107487,0.26356446116192594
21925,NA,NA,NA,NA,0.34010544367863454,0.20746212071136577,0.3757362629763701,0.07669617263362946
21926,NA,NA,NA,NA,0.5358465661089701,0.11289873603033311,0.17206407383982755,0.17919062402086927
21927,NA,NA,NA,NA,0.012858527455243992,0.22041385750268247,0.01245785472615208,0.7542697603159214
21928,NA,NA,NA,NA,0.01163472484936184,0.5071743421639744,0.0013240902519052948,0.47986684273475855
21929,NA,NA,NA,NA,0.0038222258874109263,0.07334256074209468,0.0012890210210388167,0.9215461923494556
21930,NA,NA,NA,NA,0.002539537570442683,0.30721577005167366,0.004050278139902036,0.6861944142379816
21931,NA,NA,NA,NA,0.013204359320542055,0.35038109057031797,7.285067629530735e-4,0.635686043346187
21932,NA,NA,NA,NA,0.01259556905409711,0.06588091712228886,0.016914534104973972,0.9046089797186401
21933,NA,NA,NA,NA,0.0038047885921172362,0.48335705901435844,7.112379502239217e-4,0.5121269144433005
21934,NA,NA,NA,NA,0.008050647958963889,0.3239773126051482,0.005018789210262841,0.6629532502256251
21935,NA,NA,NA,NA,0.009664706921380568,0.19925331375778735,0.0020366141334612416,0.7890453651873709
21936,NA,NA,NA,NA,0.015724023821924824,0.3430225914758453,0.004363026874968914,0.636890357827261
21937,NA,NA,NA,NA,0.004697349133417455,0.1959793074084124,0.013455279700267084,0.7858680637579031
21938,NA,NA,NA,NA,0.00181564355235991,0.4640431391217532,0.0025824873581402606,0.5315587299677466
21939,NA,NA,NA,NA,0.005135776161361538,0.24723877738328456,0.0014746683347083157,0.7461507781206457
21940,NA,NA,NA,NA,0.04346880892699056,0.3528437264721715,0.0026571583420949563,0.601030306258743
21941,NA,NA,NA,NA,0.0055420777113787305,0.07023555627850263,0.0051775023237786355,0.91904486368634
21942,NA,NA,NA,NA,0.013952133955990488,0.6379833461061011,0.0031753592859784835,0.34488916065193004
21943,NA,NA,NA,NA,0.003933878569777495,0.26782468232504314,0.0013825440434086357,0.7268588950617707
21944,NA,NA,NA,NA,0.007056798541851335,0.3177296468786354,0.007365490770071192,0.6678480638094421
21945,NA,NA,NA,NA,0.0033468428223482434,0.29895822126678956,9.06204961782046e-4,0.6967887309490802
21946,NA,NA,NA,NA,0.3597910899829695,0.2230364051244066,0.18409900851448532,0.23307349637813865
21947,NA,NA,NA,NA,0.45709373227930267,0.27359017214922265,0.07825946008578008,0.19105663548569451
21948,NA,NA,NA,NA,0.09352204767443884,0.587574661452738,0.2067648837109649,0.11213840716185841
21949,NA,NA,NA,NA,0.11344206767212567,0.41830402243992054,0.18295837998698702,0.2852955299009668
21950,NA,NA,NA,NA,0.11543820104855161,0.44912413347328006,0.14981042313059914,0.28562724234756914
21951,NA,NA,NA,NA,0.1289493734583748,0.2588209266784491,0.23093819192634923,0.381291507936827
21952,NA,NA,NA,NA,0.3291490582609754,0.14075744413895658,0.08904184612358305,0.4410516514764849
21953,NA,NA,NA,NA,0.27839184442605275,0.4497505644255714,0.07564739864761728,0.19621019250075847
21954,NA,NA,NA,NA,0.1738135006421466,0.13694076126879198,0.12015784727792593,0.5690878908111355
21955,NA,NA,NA,NA,0.38245829370277845,0.17446010449188587,0.24954061057517282,0.19354099123016286
21956,NA,NA,NA,NA,0.06565420971061374,0.1665192107032821,0.11686027057996796,0.6509663090061363
21957,NA,NA,NA,NA,0.3483246855200986,0.2024674864474779,0.29606704973661274,0.15314077829581063
21958,NA,NA,NA,NA,0.027626792776767075,0.6589568108596701,0.11638401230023356,0.19703238406332924
21959,NA,NA,NA,NA,0.07308900807276274,0.1251354782416795,0.10383483176411956,0.6979406819214381
21960,NA,NA,NA,NA,0.18125660182757275,0.6011258215597458,0.05035282249377359,0.1672647541189079
21961,NA,NA,NA,NA,0.1845183387478461,0.21749811241851885,0.38001442099117677,0.21796912784245842
21962,NA,NA,NA,NA,0.452703503326248,0.318408525431392,0.04736684953254084,0.18152112170981916
21963,NA,NA,NA,NA,0.04313154121299684,0.5230861480101364,0.30431742142333357,0.12946488935353304
21964,NA,NA,NA,NA,0.187490472496675,0.056658100038344955,0.5609327542618471,0.19491867320313294
21965,NA,NA,NA,NA,0.13971245038582567,0.11514554210341389,0.4020533462781127,0.3430886612326478
21966,NA,NA,NA,NA,0.10138218928898096,0.07431982072613319,0.46523399082088673,0.35906399916399917
21967,NA,NA,NA,NA,0.49617842795937617,0.024945785958711615,0.27188753907738356,0.20698824700452856
21968,NA,NA,NA,NA,0.32503706557210976,0.4711927871612187,0.05094765776241224,0.1528224895042593
21969,NA,NA,NA,NA,0.04515001910134229,0.24751275966345945,0.20295980000002511,0.5043774212351732
21970,NA,NA,NA,NA,0.1888330997285432,0.2030385651663182,0.17539197735526496,0.4327363577498737
21971,NA,NA,NA,NA,0.30353299011299817,0.31452798850909286,0.27675306885201933,0.10518595252588969
21972,NA,NA,NA,NA,0.5000239994307684,0.1333588255908629,0.14987161217146955,0.21674556280689916
21973,NA,NA,NA,NA,0.43484860847477197,0.19782094633719322,0.04606104100824175,0.32126940417979316
21974,NA,NA,NA,NA,0.5507764549552916,0.2311329174635574,0.06130319670766025,0.15678743087349067
21975,NA,NA,NA,NA,0.04203674434553466,0.13763796098186648,0.36615513018201734,0.4541701644905816
21976,NA,NA,NA,NA,0.40807086145492416,0.2973925062423019,0.21652514477869228,0.07801148752408163
21977,NA,NA,NA,NA,0.18044246217440582,0.451866857156189,0.213010237515929,0.15468044315347607
21978,NA,NA,NA,NA,0.24115729298645322,0.08277361298517427,0.40244927244679474,0.2736198215815779
21979,NA,NA,NA,NA,0.203966192606248,0.36899518909376805,0.06653406451081488,0.360504553789169
21980,NA,NA,NA,NA,0.0771807100398669,0.6230414693320165,0.13401503264742695,0.1657627879806896
21981,NA,NA,NA,NA,0.144148149081748,0.327952253877106,0.3429533553358574,0.1849462417052885
21982,NA,NA,NA,NA,0.18314056476440074,0.28912022421611977,0.2916506738390223,0.23608853718045705
21983,NA,NA,NA,NA,0.04937688654345345,0.1372698485881754,0.2210515618178489,0.5923017030505222
21984,NA,NA,NA,NA,0.07997725495708324,0.41672181700407385,0.15567462367517365,0.34762630436366915
21985,NA,NA,NA,NA,0.04430597611703963,0.6432389116370123,0.03741161554704437,0.27504349669890354
21986,NA,NA,NA,NA,0.12367032848008416,0.15653798231611216,0.42162053750259837,0.2981711517012052
21987,NA,NA,NA,NA,0.059022502683083296,0.36231841396069736,0.15072406015839865,0.42793502319782073
21988,NA,NA,NA,NA,0.42102681445955165,0.2351500370909636,0.13480809626614387,0.20901505218334107
21989,NA,NA,NA,NA,0.07420096012187975,0.4467673461710062,0.2067537356560499,0.2722779580510641
21990,NA,NA,NA,NA,0.04528174300224383,0.5018547445149322,0.20205906438842927,0.2508044480943948
21991,NA,NA,NA,NA,0.2561719750608754,0.26043179850941445,0.1454572467874488,0.3379389796422613
21992,NA,NA,NA,NA,0.19510731615158738,0.23922334816729252,0.06625925883959613,0.49941007684152405
21993,NA,NA,NA,NA,0.1344011953202219,0.5699003303763354,0.07780071215989652,0.21789776214354614
21994,NA,NA,NA,NA,0.09761783641172635,0.3827498595773513,0.3776118907287337,0.14202041328218865
21995,NA,NA,NA,NA,0.05301769608135691,0.28203093906793003,0.37469370075342806,0.290257664097285
21996,NA,NA,NA,NA,0.400412959557738,0.16417124379614398,0.052028378646956294,0.3833874179991616
21997,NA,NA,NA,NA,0.3660126198500941,0.21815847828047,0.18763814377420435,0.22819075809523157
21998,NA,NA,NA,NA,0.281555743736939,0.23164936261050287,0.13658119759163817,0.35021369606092007
21999,NA,NA,NA,NA,0.10831335871182125,0.5513500633671593,0.07898107141547042,0.2613555065055492
22000,NA,NA,NA,NA,0.47443737598261654,0.09007049696906608,0.22109566754931856,0.21439645949899888
22001,NA,NA,NA,NA,0.10151660148745842,0.5843755210056617,0.19779683656249697,0.11631104094438288
22002,NA,NA,NA,NA,0.21923937417202957,0.41463575007843917,0.08787650610230009,0.2782483696472311
22003,NA,NA,NA,NA,0.052443493209274786,0.16101704844174378,0.5450698029275822,0.2414696554213992
22004,NA,NA,NA,NA,0.5105357587894442,0.13607487989745387,0.1145302461708586,0.23885911514224317
22005,NA,NA,NA,NA,0.21243680108252683,0.1391881993445768,0.2534621590389173,0.3949128405339791
22006,NA,NA,NA,NA,0.06620601429256388,0.27914088714451174,0.22055838602975003,0.43409471253317433
22007,NA,NA,NA,NA,0.17512501373889602,0.4376284760550896,0.2788452698696836,0.10840124033633064
22008,NA,NA,NA,NA,0.06910556854560847,0.13919182717032483,0.49230224194703415,0.2994003623370327
22009,NA,NA,NA,NA,0.45992787474046365,0.12441299606967252,0.17831999874316173,0.23733913044670202
22010,NA,NA,NA,NA,0.1455029222407651,0.6225702069916107,0.04994837945205491,0.18197849131556923
22011,NA,NA,NA,NA,0.1177294603670956,0.283494213691948,0.28945338735687876,0.30932293858407767
22012,NA,NA,NA,NA,0.27413772959036087,0.19480237126102964,0.1570344129247655,0.37402548622384396
22013,NA,NA,NA,NA,0.29954281046405545,0.07228686296355509,0.4848693155504638,0.1433010110219257
22014,NA,NA,NA,NA,0.12008736933600352,0.11862832851151871,0.602712892909288,0.1585714092431897
22015,NA,NA,NA,NA,0.10187843935192091,0.12552987586158687,0.38356731967466073,0.38902436511183147
22016,NA,NA,NA,NA,0.08131849596149163,0.38867929240330745,0.05424116950693359,0.4757610421282672
22017,NA,NA,NA,NA,0.06038119164398374,0.6465026248437019,0.05469460796254184,0.23842157554977264
22018,NA,NA,NA,NA,0.23194896106935498,0.16173365220296881,0.3755320316070291,0.2307853551206472
22019,NA,NA,NA,NA,0.24612115858139935,0.10482941042291534,0.30886908944093716,0.3401803415547481
22020,NA,NA,NA,NA,0.16889137433956994,0.19192495841225135,0.31550394535342163,0.3236797218947571
22021,NA,NA,NA,NA,0.07218691009860403,0.3476161882079041,0.2780895219821553,0.3021073797113366
22022,NA,NA,NA,NA,0.5046418651168744,0.05613910093302842,0.19091804967717219,0.24830098427292507
22023,NA,NA,NA,NA,0.3332560686515981,0.034470912879020835,0.41610067561953534,0.2161723428498457
22024,NA,NA,NA,NA,0.25737995748603715,0.07723702068409082,0.09007890103507604,0.575304120794796
22025,NA,NA,NA,NA,0.3062790883513973,0.34561705669144666,0.09167077426324627,0.25643308069390985
22026,NA,NA,NA,NA,0.5048222493998734,0.1954693497014206,0.0596201917184948,0.24008820918021112
22027,NA,NA,NA,NA,0.280013375898602,0.273014142891899,0.12238348178233342,0.3245889994271655
22028,NA,NA,NA,NA,0.37950955641759604,0.16178463513966426,0.06451954438716598,0.3941862640555736
22029,NA,NA,NA,NA,0.06537668021704193,0.08935812310158393,0.11797350701566359,0.7272916896657106
22030,NA,NA,NA,NA,0.4975057214418967,0.038999568469003994,0.3033660245507274,0.16012868553837192
22031,NA,NA,NA,NA,0.20292513356504255,0.2484987401929804,0.1126495360023439,0.43592659023963326
22032,NA,NA,NA,NA,0.13998482089805256,0.2051952772916015,0.1153497082267172,0.5394701935836287
22033,NA,NA,NA,NA,0.041290090826221953,0.15317674859507074,0.6053351881887792,0.20019797238992815
22034,NA,NA,NA,NA,0.6253305153613306,0.07351736784538783,0.09527470109768531,0.20587741569559626
22035,NA,NA,NA,NA,0.26106772468501244,0.10329902055590334,0.15494681150353606,0.48068644325554816
22036,NA,NA,NA,NA,0.3711758764662669,0.3690745118925383,0.08186751995280672,0.17788209168838814
22037,NA,NA,NA,NA,0.16470794063419752,0.22556501678194102,0.03410375666025656,0.5756232859236049
22038,NA,NA,NA,NA,0.15905710072003806,0.37948894444533576,0.0879004331687623,0.3735535216658639
22039,NA,NA,NA,NA,0.4235370696223306,0.38645644007980284,0.021432345562757145,0.16857414473510932
22040,NA,NA,NA,NA,0.21328016326704563,0.4521844387396622,0.1479932416618201,0.1865421563314722
22041,NA,NA,NA,NA,0.1457839820396448,0.054748402736671635,0.6417729603794913,0.15769465484419237
22042,NA,NA,NA,NA,0.2552810256897371,0.27938905769029077,0.34198906252128863,0.1233408540986836
22043,NA,NA,NA,NA,0.1836396506167479,0.6111084481000739,0.09302746488789734,0.11222443639528085
22044,NA,NA,NA,NA,0.10051983195381853,0.15302061684983703,0.380958461902248,0.36550108929409647
22045,NA,NA,NA,NA,0.13793338855275686,0.32830007934570815,0.16985033933871996,0.363916192762815
22046,NA,NA,NA,NA,0.1943168218995612,0.28159400400904927,0.3443442744984976,0.17974489959289203
22047,NA,NA,NA,NA,0.3119759896937846,0.3731681368382669,0.07611488416766467,0.23874098930028373
22048,NA,NA,NA,NA,0.1161385916383194,0.7686494200553607,0.033608175515360245,0.08160381279095963
22049,NA,NA,NA,NA,0.18338674764929166,0.602260753100645,0.08017949826207006,0.13417300098799326
22050,NA,NA,NA,NA,0.29927707196022174,0.3162449932950456,0.3450438924580419,0.039434042286690736
22051,NA,NA,NA,NA,0.06188678607712488,0.09735444639817588,0.6709764233827823,0.1697823441419169
22052,NA,NA,NA,NA,0.28046653031904784,0.24491929358508152,0.35901624712356156,0.11559792897230908
22053,NA,NA,NA,NA,0.05429242319224148,0.7117567570811393,0.13946788465480653,0.09448293507181271
22054,NA,NA,NA,NA,0.12824709582980173,0.0628855702858784,0.6551704933516459,0.1536968405326741
22055,NA,NA,NA,NA,0.28047721423764593,0.061379944750792614,0.6011301400196309,0.05701270099193049
22056,NA,NA,NA,NA,0.32298618319222844,0.058508128190983395,0.4245754252848137,0.19393026333197458
22057,NA,NA,NA,NA,0.3350555421203333,0.16849360403018138,0.3209089305034838,0.17554192334600152
22058,NA,NA,NA,NA,0.32634211370283567,0.5121810757206886,0.1208402481800032,0.040636562396472446
22059,NA,NA,NA,NA,0.2851608398183668,0.46871732791816717,0.07726189655775628,0.16885993570570962
22060,NA,NA,NA,NA,0.2707652563144353,0.3574621167899824,0.07605767211483748,0.2957149547807447
22061,NA,NA,NA,NA,0.10225021591628265,0.249026978771329,0.4540385582230619,0.19468424708932647
22062,NA,NA,NA,NA,0.07197694347841684,0.4917726352085783,0.3465406269923799,0.08970979432062497
22063,NA,NA,NA,NA,0.03307544554444518,0.5811262794065499,0.2601424024913835,0.1256558725576216
22064,NA,NA,NA,NA,0.3739901035077499,0.2833536645246198,0.19777598691223866,0.14488024505539168
22065,NA,NA,NA,NA,0.23495486092353554,0.23831514551692323,0.3891408073792907,0.1375891861802505
22066,NA,NA,NA,NA,0.41393104314982215,0.24532849917748986,0.16764106866096803,0.17309938901171992
22067,NA,NA,NA,NA,0.33228427211966183,0.4052819330109687,0.06529620737704483,0.19713758749232466
22068,NA,NA,NA,NA,0.22104970279730723,0.6702486877065567,0.027072929395701197,0.08162868010043511
22069,NA,NA,NA,NA,0.11060780006943023,0.5044663159516928,0.12023216480652608,0.26469371917235107
22070,NA,NA,NA,NA,0.4666658404707277,0.0935792232623885,0.16319633682294676,0.2765585994439372
22071,NA,NA,NA,NA,0.29921116056368763,0.4407050852463062,0.09822103174487398,0.1618627224451323
22072,NA,NA,NA,NA,0.03003325921941369,0.7082698493969525,0.1582828365664653,0.10341405481716863
22073,NA,NA,NA,NA,0.24201184227871153,0.206424376682334,0.29683767193379307,0.25472610910516147
22074,NA,NA,NA,NA,0.059828814066970125,0.622158397864675,0.10908713409477692,0.20892565397357796
22075,NA,NA,NA,NA,0.13895129266547568,0.2631325370492581,0.29977869972870874,0.29813747055655754
22076,NA,NA,NA,NA,0.47526233710255067,0.2960956738994261,0.1022100430785426,0.12643194591948062
22077,NA,NA,NA,NA,0.33320261541519036,0.145608622853978,0.10983544709717671,0.41135331463365504
22078,NA,NA,NA,NA,0.47575982909982856,0.2037283609765742,0.1383288576007399,0.18218295232285744
22079,NA,NA,NA,NA,0.43218368428870096,0.04759906069856348,0.06968949952051048,0.4505277554922251
22080,NA,NA,NA,NA,0.17101397703216975,0.0777891977065856,0.40362727730916265,0.34756954795208195
22081,NA,NA,NA,NA,0.08818792215410595,0.38591561010218056,0.16239788704459826,0.36349858069911534
22082,NA,NA,NA,NA,0.3881750419727305,0.20105283657911133,0.12143067393330098,0.2893414475148571
22083,NA,NA,NA,NA,0.026647878147036008,0.36627238188718925,0.23542337816620568,0.37165636179956907
22084,NA,NA,NA,NA,0.14390789911078836,0.06487877258814523,0.06475206486839849,0.7264612634326679
22085,NA,NA,NA,NA,0.29807099604539994,0.09972796193980818,0.16457552586120636,0.4376255161535855
22086,NA,NA,NA,NA,0.06944866016012209,0.3664380561142134,0.05417159575484407,0.5099416879708205
22087,NA,NA,NA,NA,0.06029339126629362,0.047746863644428955,0.34630268261728714,0.5456570624719902
22088,NA,NA,NA,NA,0.129222517742763,0.14147047434632015,0.11696759160083949,0.6123394163100774
22089,NA,NA,NA,NA,0.02760198439862183,0.46890983998105235,0.19040068618227857,0.31308748943804726
22090,NA,NA,NA,NA,0.10568529422497687,0.1595869544577716,0.2858575586244107,0.4488701926928408
22091,NA,NA,NA,NA,0.07493274330777172,0.11994778285665704,0.45104390156285257,0.3540755722727187
22092,NA,NA,NA,NA,0.49050159135075877,0.23774189582459465,0.06325076017138825,0.20850575265325821
22093,NA,NA,NA,NA,0.07393253796878366,0.10180361612824766,0.4515196101899714,0.3727442357129972
22094,NA,NA,NA,NA,0.12312073398075538,0.08085375050488991,0.30033809829591046,0.4956874172184443
22095,NA,NA,NA,NA,0.08049593165209776,0.24432123219850024,0.20242974443615408,0.472753091713248
22096,NA,NA,NA,NA,0.14321094551853608,0.050878532700539686,0.42852366384769836,0.37738685793322585
22097,NA,NA,NA,NA,0.5203553082134953,0.025564905753970715,0.09572701129292985,0.3583527747396041
22098,NA,NA,NA,NA,0.25332418098075304,0.05095614662989496,0.5902190973888495,0.10550057500050254
22099,NA,NA,NA,NA,0.12347321413003468,0.2761878185885492,0.21088349153004488,0.3894554757513713
22100,NA,NA,NA,NA,0.07943184468443358,0.14509190482804993,0.6319711988135219,0.14350505167399458
22101,NA,NA,NA,NA,0.5024223135186963,0.1744013527427648,0.22654074145211392,0.09663559228642496
22102,NA,NA,NA,NA,0.14856779377749338,0.2931310259127601,0.20018825937159598,0.3581129209381505
22103,NA,NA,NA,NA,0.25875064087000327,0.38491235961236303,0.23010228438720562,0.12623471513042797
22104,NA,NA,NA,NA,0.391300330333617,0.4219164285980566,0.07006101642040279,0.11672222464792371
22105,NA,NA,NA,NA,0.07398681436420568,0.24699709231826203,0.31599268288647847,0.36302341043105374
22106,NA,NA,NA,NA,0.6406432815343184,0.1674187226568234,0.052705399859310616,0.13923259594954754
22107,NA,NA,NA,NA,0.1779525322471273,0.05375661269350073,0.6319438815039831,0.13634697355538894
22108,NA,NA,NA,NA,0.39643086815310113,0.10152260764051983,0.261100355948022,0.24094616825835705
22109,NA,NA,NA,NA,0.34910222715974926,0.4577390688760539,0.1113080646146577,0.08185063934953905
22110,NA,NA,NA,NA,0.1348570795727426,0.0901260856044563,0.26270321560492693,0.5123136192178742
22111,NA,NA,NA,NA,0.39701203525007106,0.26984686312981704,0.1533482102447622,0.17979289137534957
22112,NA,NA,NA,NA,0.040051582452769574,0.22120373123268708,0.5990788812943499,0.13966580502019343
22113,NA,NA,NA,NA,0.05946533235703342,0.5917927078225753,0.1953963480801012,0.15334561174029013
22114,NA,NA,NA,NA,0.31518527669310936,0.12816713203855926,0.2247341636811099,0.3319134275872215
22115,NA,NA,NA,NA,0.30364037634912117,0.20699103366179,0.08457005588098473,0.4047985341081041
22116,NA,NA,NA,NA,0.05257071500558841,0.17733359535460913,0.631699046461462,0.1383966431783403
22117,NA,NA,NA,NA,0.31030781265779744,0.1357559733074073,0.3987252187374803,0.15521099529731502
22118,NA,NA,NA,NA,0.6990798606754072,0.053398940108690895,0.07028356286792754,0.17723763634797438
22119,NA,NA,NA,NA,0.08225100982678905,0.5756839348013574,0.11647212144183035,0.22559293393002322
22120,NA,NA,NA,NA,0.15786247087234467,0.055258912190345615,0.572633627335513,0.21424498960179664
22121,NA,NA,NA,NA,0.14609143166253677,0.22725419334378658,0.2374222619387643,0.3892321130549123
22122,NA,NA,NA,NA,0.21143550716640772,0.3263156037573085,0.3470238890858264,0.11522499999045735
22123,NA,NA,NA,NA,0.12805425211977212,0.3601613996982718,0.30734043271447825,0.2044439154674778
22124,NA,NA,NA,NA,0.05594188774838255,0.4444620233343784,0.2847927274860896,0.2148033614311495
22125,NA,NA,NA,NA,0.4245381084672773,0.1292006589186902,0.177741926198971,0.26851930641506155
22126,NA,NA,NA,NA,0.17096125054459238,0.18756273767302967,0.33581263415174745,0.3056633776306305
22127,NA,NA,NA,NA,0.5031073797788241,0.13022024882441055,0.20561799531102395,0.1610543760857415
22128,NA,NA,NA,NA,0.31331698409240233,0.2968128303383132,0.2853236319930549,0.10454655357622955
22129,NA,NA,NA,NA,0.12412092779058609,0.08272664899969522,0.21095766734171156,0.5821947558680071
22130,NA,NA,NA,NA,0.06392004142467331,0.32762457059291605,0.4048591766549353,0.20359621132747538
22131,NA,NA,NA,NA,0.6981369401309293,0.06710127822330342,0.11434961087493953,0.12041217077082786
22132,NA,NA,NA,NA,0.09555873266444845,0.294895117666339,0.42175498754501184,0.1877911621242006
22133,NA,NA,NA,NA,0.06341177642190436,0.1022186070071661,0.5914948704496509,0.2428747461212786
22134,NA,NA,NA,NA,0.3861888042329701,0.12022819760094658,0.3074963853088431,0.18608661285724032
22135,NA,NA,NA,NA,0.7229491609058278,0.03305192898858309,0.032656188198525386,0.21134272190706374
22136,NA,NA,NA,NA,0.17434226930090949,0.1310686022710081,0.04775995073510586,0.6468291776929764
22137,NA,NA,NA,NA,0.3581325672802123,0.07180382247520775,0.1201678299021053,0.4498957803424746
22138,NA,NA,NA,NA,0.30061795118304413,0.19069430479292934,0.14232647408614849,0.36636126993787804
22139,NA,NA,NA,NA,0.12762953906929872,0.38831913451881495,0.14063326043861438,0.343418065973272
22140,NA,NA,NA,NA,0.1249999773047387,0.03873592256198762,0.26366241555032166,0.572601684582952
22141,NA,NA,NA,NA,0.07104926691560177,0.24135200986622601,0.1659670508953196,0.5216316723228527
22142,NA,NA,NA,NA,0.19120280275579304,0.08244997024460843,0.47911621229041623,0.24723101470918232
22143,NA,NA,NA,NA,0.3150922480284304,0.07156619335497377,0.3344730126913035,0.27886854592529237
22144,NA,NA,NA,NA,0.020327099405946812,0.19717413827205668,0.4987075320148509,0.28379123030714554
22145,NA,NA,NA,NA,0.11393940505289592,0.14338331575557528,0.32029876208381025,0.4223785171077186
22146,NA,NA,NA,NA,0.3273862983284924,0.05154839057475831,0.24244011962169112,0.37862519147505813
22147,NA,NA,NA,NA,0.3853228727348385,0.07208900018791287,0.14449506635752649,0.39809306071972217
22148,NA,NA,NA,NA,0.3065562329585806,0.07806987012802165,0.16570799400846653,0.44966590290493125
22149,NA,NA,NA,NA,0.09699953390906839,0.23753409018199603,0.029221481246249847,0.6362448946626859
22150,NA,NA,NA,NA,0.09783192885984118,0.06347720041315286,0.5429754987499844,0.2957153719770216
22151,NA,NA,NA,NA,0.29458261211468595,0.030541663302450797,0.33703594120367203,0.3378397833791912
22152,NA,NA,NA,NA,0.16384212011426935,0.048084528709148436,0.0554799570604421,0.7325933941161402
22153,NA,NA,NA,NA,0.04444932482928722,0.26133266805987126,0.32018818716754993,0.37402981994329165
22154,NA,NA,NA,NA,0.13504257637316008,0.346616142096941,0.1359348421745109,0.382406439355388
22155,NA,NA,NA,NA,0.0733327970283698,0.16802212351849669,0.2906634333543783,0.4679816460987553
22156,NA,NA,NA,NA,0.03938378954147909,0.2311682190556629,0.038231980460139696,0.6912160109427183
22157,NA,NA,NA,NA,0.08021051996833461,0.2190994364470507,0.31223761212819207,0.3884524314564227
22158,NA,NA,NA,NA,0.0425051865371445,0.19041096347322364,0.06204040089739961,0.7050434490922323
22159,NA,NA,NA,NA,0.07204294173561332,0.16256913216697041,0.45585180385389523,0.30953612224352106
22160,NA,NA,NA,NA,0.036661360061065774,0.08354846974572276,0.06748005721201497,0.8123101129811965
22161,NA,NA,NA,NA,0.021998760148008823,0.1486232568162136,0.08664232383341719,0.7427356592023604
22162,NA,NA,NA,NA,0.04171005653355079,0.16213442687526708,0.18387899385942563,0.6122765227317565
22163,NA,NA,NA,NA,0.23854499077533892,0.04249995128705308,0.04646863748746881,0.6724864204501392
22164,NA,NA,NA,NA,0.019143305698962054,0.025184050747064438,0.2847309026169594,0.6709417409370142
22165,NA,NA,NA,NA,0.036841805048627684,0.23076238290347922,0.16976561327485074,0.5626301987730423
22166,NA,NA,NA,NA,0.3059501846911688,0.3348031247631404,0.08447307886337685,0.27477361168231396
22167,NA,NA,NA,NA,0.18442872042463196,0.22973286497792286,0.15043893347517295,0.4353994811222722
22168,NA,NA,NA,NA,0.11922686163515132,0.08641626577949925,0.25295667848312225,0.5414001941022272
22169,NA,NA,NA,NA,0.16486541165325036,0.038185815644304524,0.1490713622785582,0.6478774104238869
22170,NA,NA,NA,NA,0.037848322123599946,0.11218308217643666,0.3470526882930584,0.502915907406905
22171,NA,NA,NA,NA,0.06150904762313747,0.20881882163213805,0.1887657972472395,0.5409063334974851
22172,NA,NA,NA,NA,0.03109158413487737,0.05548089849878927,0.028893690503589343,0.8845338268627441
22173,NA,NA,NA,NA,0.0889795119668019,0.3499791087466734,0.049463165479127935,0.5115782138073969
22174,NA,NA,NA,NA,0.4299583211692466,0.08324253102079993,0.04045252968085441,0.4463466181290991
22175,NA,NA,NA,NA,0.14005147668797432,0.2435033785382954,0.09901088904466489,0.5174342557290653
22176,NA,NA,NA,NA,0.2910969397280524,0.07473372363235799,0.21891000091152268,0.415259335728067
22177,NA,NA,NA,NA,0.12369046195802037,0.0603564831291254,0.10668606943731714,0.7092669854755372
22178,NA,NA,NA,NA,0.26579657648869487,0.30880908292512066,0.1110935227204385,0.31430081786574593
22179,NA,NA,NA,NA,0.040929441842012394,0.21188514331207003,0.029467021952328115,0.7177183928935895
22180,NA,NA,NA,NA,0.3100613611155928,0.05336979493002452,0.37362379054573663,0.26294505340864605
22181,NA,NA,NA,NA,0.0967962889744233,0.3530078161288356,0.0561889938420696,0.4940069010546714
22182,NA,NA,NA,NA,0.34680532978684964,0.06197794778036082,0.26645362723975913,0.3247630951930305
22183,NA,NA,NA,NA,0.19353430747341052,0.25875880349282454,0.08478669864345362,0.46292019039031124
22184,NA,NA,NA,NA,0.17849680717430588,0.036273062505680534,0.09937466254089472,0.6858554677791189
22185,NA,NA,NA,NA,0.16768757897615094,0.1349132860482361,0.07356211362905613,0.6238370213465568
22186,NA,NA,NA,NA,0.07444952984143002,0.2933702985034235,0.15543523593311043,0.4767449357220359
22187,NA,NA,NA,NA,0.16445151808837197,0.09165496878303334,0.045470357754926236,0.6984231553736685
22188,NA,NA,NA,NA,0.22148848806226043,0.13550528567208264,0.4170571338589013,0.22594909240675565
22189,NA,NA,NA,NA,0.2484131702179891,0.04394234145160433,0.34522878238147864,0.36241570594892797
22190,NA,NA,NA,NA,0.06711633973692528,0.28648385172746,0.10368157810567202,0.5427182304299427
22191,NA,NA,NA,NA,0.20293589131161924,0.052752725072124695,0.4914177596811084,0.2528936239351477
22192,NA,NA,NA,NA,0.11691160636959468,0.15695008376535602,0.13736177389800053,0.5887765359670488
22193,NA,NA,NA,NA,0.1409064698784385,0.15358288516377738,0.10654008061028566,0.5989705643474985
22194,NA,NA,NA,NA,0.38566721218349215,0.2257143597108387,0.03927131579777002,0.34934711230789917
22195,NA,NA,NA,NA,0.25591352880612994,0.4453780569335352,0.21974881973907023,0.07895959452126453
22196,NA,NA,NA,NA,0.2742390513571555,0.04718838302326664,0.12435718177691728,0.5542153838426604
22197,NA,NA,NA,NA,0.2152442412370559,0.3393204568688671,0.09069998074931997,0.35473532114475703
22198,NA,NA,NA,NA,0.10462323757170468,0.04689440558631036,0.11812452677834252,0.7303578300636424
22199,NA,NA,NA,NA,0.6612417102840172,0.05655048275202276,0.07648528400279372,0.20572252296116642
22200,NA,NA,NA,NA,0.5311480305752236,0.07108861593692369,0.13157034445972712,0.26619300902812554
22201,NA,NA,NA,NA,0.35567763634444727,0.2871721348528295,0.15635636879771067,0.20079386000501248
22202,NA,NA,NA,NA,0.5747974548583519,0.1531380410758333,0.09927745252198607,0.17278705154382876
22203,NA,NA,NA,NA,0.46446183803408025,0.2504687226592163,0.06950662885558462,0.21556281045111886
22204,NA,NA,NA,NA,0.1698788864495496,0.19035309590524713,0.04605583576179047,0.5937121818834128
22205,NA,NA,NA,NA,0.4184768700644871,0.21446107826392147,0.16751846550664978,0.19954358616494153
22206,NA,NA,NA,NA,0.08391959565139875,0.14031684267129277,0.49289184019977567,0.2828717214775328
22207,NA,NA,NA,NA,0.10877367408944348,0.05044521319330113,0.4491918258819054,0.39158928683535
22208,NA,NA,NA,NA,0.41141541037101187,0.32172408476384007,0.07711388303080192,0.18974662183434618
22209,NA,NA,NA,NA,0.17504708000084068,0.11598449445761383,0.061192119647122886,0.6477763058944226
22210,NA,NA,NA,NA,0.14348421070351874,0.1742586439900843,0.16681552179021172,0.5154416235161853
22211,NA,NA,NA,NA,0.29116750916827305,0.15581650172013492,0.0719414607456888,0.48107452836590325
22212,NA,NA,NA,NA,0.026035843668746072,0.3489858918052026,0.20424489100378476,0.42073337352226653
22213,NA,NA,NA,NA,0.09064084899438807,0.26486070836053655,0.10181193470348013,0.5426865079415952
22214,NA,NA,NA,NA,0.0598851095661748,0.27221768775828503,0.1560804474436262,0.511816755231914
22215,NA,NA,NA,NA,0.051176120373457964,0.12708085785964415,0.3810714718467201,0.4406715499201777
22216,NA,NA,NA,NA,0.3169674764384397,0.17817696652673948,0.04348601559704615,0.46136954143777476
22217,NA,NA,NA,NA,0.08975483943593043,0.1167830225208979,0.32536924808629897,0.46809288995687276
22218,NA,NA,NA,NA,0.07252449211762371,0.3242770759584379,0.0299581687675015,0.5732402631564368
22219,NA,NA,NA,NA,0.25060113503258846,0.05216090326036621,0.06892216693743485,0.6283157947696104
22220,NA,NA,NA,NA,0.6543680423546947,0.034429845035730024,0.05568895247267102,0.25551316013690417
22221,NA,NA,NA,NA,0.04689772008392373,0.12962071928349372,0.024262577038468368,0.7992189835941141
22222,NA,NA,NA,NA,0.520978894246257,0.1063379719627893,0.036690953028674075,0.33599218076227977
22223,NA,NA,NA,NA,0.16605051765193637,0.37193301617933755,0.029839377401637814,0.43217708876708827
22224,NA,NA,NA,NA,0.12491768719096437,0.14979494698174653,0.12936436951075733,0.5959229963165318
22225,NA,NA,NA,NA,0.4034111033631225,0.27160045506867153,0.09960705863178394,0.22538138293642196
22226,NA,NA,NA,NA,0.10820953080508103,0.0665172667555888,0.35009336601124513,0.47517983642808503
22227,NA,NA,NA,NA,0.2543703994867307,0.33849452664613,0.1316647002325617,0.2754703736345777
22228,NA,NA,NA,NA,0.02622743231707459,0.5083459987077924,0.07914664127838118,0.38627992769675185
22229,NA,NA,NA,NA,0.17711934891760628,0.4442662026348514,0.0919640201383835,0.2866504283091589
22230,NA,NA,NA,NA,0.16670204288172485,0.0834047391512247,0.43168720358205176,0.31820601438499874
22231,NA,NA,NA,NA,0.6027728794886945,0.17314959117130949,0.12884106989568125,0.09523645944431486
22232,NA,NA,NA,NA,0.3614025755990864,0.2936570249149512,0.10371257601543347,0.24122782347052873
22233,NA,NA,NA,NA,0.14448390872853287,0.12095236746114489,0.3501463344264152,0.384417389383907
22234,NA,NA,NA,NA,0.313333533518758,0.41670721677753797,0.0709863073936332,0.19897294231007087
22235,NA,NA,NA,NA,0.28885050279074664,0.11129009198195713,0.14173922830337643,0.45812017692391976
22236,NA,NA,NA,NA,0.7099023233571743,0.08764193323080248,0.054318958834352296,0.14813678457767107
22237,NA,NA,NA,NA,0.34660171027271947,0.08291144837802203,0.3820409173464501,0.18844592400280852
22238,NA,NA,NA,NA,0.04744308638376405,0.1669938472184813,0.615529665624112,0.17003340077364265
22239,NA,NA,NA,NA,0.18941341129958675,0.553289383967767,0.126210407651037,0.13108679708160934
22240,NA,NA,NA,NA,0.19685212658325438,0.31781719897480537,0.20803129933038597,0.2772993751115543
22241,NA,NA,NA,NA,0.44807906186469576,0.12055109945551441,0.18465849423433592,0.24671134444545398
22242,NA,NA,NA,NA,0.5956864562791152,0.11138682118718783,0.08783881073860667,0.2050879117950904
22243,NA,NA,NA,NA,0.05726730044053885,0.7017325508165874,0.0517065315204648,0.18929361722240906
22244,NA,NA,NA,NA,0.39827314703606276,0.32658770123166314,0.1647531103364304,0.11038604139584385
22245,NA,NA,NA,NA,0.6784648283469258,0.08251021648199458,0.08394246504405097,0.1550824901270287
22246,NA,NA,NA,NA,0.24531827073136195,0.49569551082923174,0.13469350889467588,0.12429270954473033
22247,NA,NA,NA,NA,0.1431986370309203,0.0981954343592558,0.6069296108629203,0.15167631774690357
22248,NA,NA,NA,NA,0.3377154207381114,0.061745347703497565,0.5326761179036175,0.06786311365477359
22249,NA,NA,NA,NA,0.09241604263280556,0.22047350646318417,0.249570948200891,0.43753950270311925
22250,NA,NA,NA,NA,0.46586753138925757,0.052394312942937435,0.2027074313129886,0.2790307243548163
22251,NA,NA,NA,NA,0.15094412940939458,0.20485543286493896,0.3561988923412903,0.28800154538437617
22252,NA,NA,NA,NA,0.18560563640681602,0.1350208206321809,0.34515461979059325,0.3342189231704099
22253,NA,NA,NA,NA,0.24829426432146334,0.5054208813113764,0.050021994779378645,0.19626285958778159
22254,NA,NA,NA,NA,0.04787666561049997,0.24740664835309709,0.3756044749681612,0.32911221106824173
22255,NA,NA,NA,NA,0.15006271194829193,0.12648066123340876,0.23801737909603227,0.485439247722267
22256,NA,NA,NA,NA,0.36411929086284944,0.0931596202034396,0.2332110498735713,0.30951003906013963
22257,NA,NA,NA,NA,0.3894435164986559,0.08783926536798137,0.31547232178044415,0.20724489635291857
22258,NA,NA,NA,NA,0.0730670935850013,0.4719050830457674,0.2570914287821653,0.19793639458706605
22259,NA,NA,NA,NA,0.17775135686488766,0.17617848180863038,0.18429995625105272,0.46177020507542926
22260,NA,NA,NA,NA,0.07062962975506165,0.13749479578577858,0.33045819368703355,0.4614173807721263
22261,NA,NA,NA,NA,0.19268617901042592,0.19774754474756084,0.37155157092149593,0.23801470532051733
22262,NA,NA,NA,NA,0.2720716585774373,0.4312059440994963,0.15857013988493676,0.13815225743812962
22263,NA,NA,NA,NA,0.11751385721371621,0.4622386950084195,0.08531830851350447,0.3349291392643597
22264,NA,NA,NA,NA,0.4016424461114223,0.3629015944570672,0.10100478604934454,0.1344511733821659
22265,NA,NA,NA,NA,0.26037197781870564,0.1458098491607404,0.380882725870333,0.21293544715022106
22266,NA,NA,NA,NA,0.16002098563123207,0.11572286943035805,0.42399689899019327,0.3002592459482167
22267,NA,NA,NA,NA,0.044756941946734206,0.08061507388550264,0.42856301697518007,0.44606496719258315
22268,NA,NA,NA,NA,0.34839718097144956,0.272709848632698,0.17279415506961535,0.20609881532623708
22269,NA,NA,NA,NA,0.23925395669378316,0.6728593356223674,0.011284994993766683,0.07660171269008291
22270,NA,NA,NA,NA,0.10165282866655233,0.3888419476834789,0.3644976899024101,0.14500753374755868
22271,NA,NA,NA,NA,0.1459301423260137,0.4897036111012121,0.28719342916902185,0.0771728174037525
22272,NA,NA,NA,NA,0.2284839350084236,0.5750252885235726,0.09707958028396618,0.09941119618403757
22273,NA,NA,NA,NA,0.3376569354622994,0.37644321959947546,0.19125358678225396,0.09464625815597112
22274,NA,NA,NA,NA,0.22357654665285626,0.5914774081901057,0.04927781220759156,0.13566823294944644
22275,NA,NA,NA,NA,0.12365658322740312,0.5804930544928903,0.2069705436164824,0.0888798186632242
22276,NA,NA,NA,NA,0.09628814170768703,0.15597631387816235,0.5484964330780074,0.19923911133614314
22277,NA,NA,NA,NA,0.24610884393251894,0.23577677732156416,0.47424640328194334,0.04386797546397365
22278,NA,NA,NA,NA,0.09805697357534254,0.49590145902499105,0.2677239083608268,0.1383176590388396
22279,NA,NA,NA,NA,0.5991321932326128,0.23561934158555836,0.06066512974902819,0.10458333543280068
22280,NA,NA,NA,NA,0.3633332882030177,0.19838838107813167,0.23231962946878576,0.20595870125006488
22281,NA,NA,NA,NA,0.6808566846500534,0.08382815591820637,0.1385125753817358,0.09680258405000443
22282,NA,NA,NA,NA,0.07788210136538544,0.40590411875398436,0.44299745552404524,0.07321632435658486
22283,NA,NA,NA,NA,0.11721992267787132,0.32391404780159755,0.3078711817988551,0.250994847721676
22284,NA,NA,NA,NA,0.2819283752597692,0.15255989523342853,0.47684943277112124,0.08866229673568114
22285,NA,NA,NA,NA,0.09729034999732213,0.6388825643435984,0.09615712778612995,0.16766995787294958
22286,NA,NA,NA,NA,0.14706238460605234,0.05641464255969015,0.6692252808482229,0.12729769198603472
22287,NA,NA,NA,NA,0.31929005682129374,0.48143399233735124,0.0894079302433799,0.10986802059797499
22288,NA,NA,NA,NA,0.35750888103919803,0.1722435271039065,0.22066255014670755,0.24958504171018783
22289,NA,NA,NA,NA,0.1435631351245434,0.44897465670966047,0.2763521770408164,0.13111003112497976
22290,NA,NA,NA,NA,0.28881322070010984,0.03657514024001998,0.6033265191386536,0.07128511992121643
22291,NA,NA,NA,NA,0.5824478221751775,0.08241579049125174,0.14624860473995252,0.18888778259361821
22292,NA,NA,NA,NA,0.27323437497750225,0.23764112107287033,0.29705659864627254,0.19206790530335482
22293,NA,NA,NA,NA,0.18046422580649008,0.4943783803528035,0.12016130542487263,0.20499608841583375
22294,NA,NA,NA,NA,0.2323947770652014,0.25781155981369935,0.1660579545867691,0.34373570853433
22295,NA,NA,NA,NA,0.15769788508544016,0.19830434797758367,0.5348794403529701,0.10911832658400603
22296,NA,NA,NA,NA,0.3244413648484749,0.06539012153660723,0.21479606342131086,0.395372450193607
22297,NA,NA,NA,NA,0.1185833691903512,0.21012644546431455,0.5163056309814212,0.154984554363913
22298,NA,NA,NA,NA,0.05414263039182301,0.12305891345129426,0.712756569552847,0.11004188660403569
22299,NA,NA,NA,NA,0.036348821025413015,0.6479786859313066,0.08700320241849238,0.22866929062478808
22300,NA,NA,NA,NA,0.49829158102142346,0.3009274757249729,0.09450590051818232,0.1062750427354213
22301,NA,NA,NA,NA,0.04135526906112499,0.2788891073446859,0.5659116282177703,0.1138439953764188
22302,NA,NA,NA,NA,0.2238620052544098,0.43681061139387056,0.18634142802157652,0.15298595533014314
22303,NA,NA,NA,NA,0.3433850340730903,0.1588292067231862,0.30028932049900053,0.19749643870472303
22304,NA,NA,NA,NA,0.28624420381413335,0.4239104118267833,0.08683921634113066,0.20300616801795254
22305,NA,NA,NA,NA,0.21599737696033106,0.27825855226477647,0.41600787108454756,0.08973619969034495
22306,NA,NA,NA,NA,0.14455909317537166,0.24182426381442393,0.5454559478102166,0.06816069519998785
22307,NA,NA,NA,NA,0.16291003518142552,0.3353082426785575,0.08642632310136991,0.4153553990386471
22308,NA,NA,NA,NA,0.10999967645420365,0.2884414270223215,0.27676962536309263,0.32478927116038225
22309,NA,NA,NA,NA,0.5356570793988494,0.09830886843070966,0.057919604146639825,0.308114448023801
22310,NA,NA,NA,NA,0.2514224466253257,0.0990722817404161,0.2681716730049932,0.38133359862926497
22311,NA,NA,NA,NA,0.21244203152995336,0.45300254623551367,0.13523786455370734,0.1993175576808256
22312,NA,NA,NA,NA,0.515276385092108,0.17208627212876945,0.08611152370194412,0.22652581907717845
22313,NA,NA,NA,NA,0.44415372179350654,0.3170909260821262,0.11554403479622395,0.12321131732814343
22314,NA,NA,NA,NA,0.30021567477083233,0.3410240880802509,0.24894740224028022,0.10981283490863654
22315,NA,NA,NA,NA,0.1664503024517957,0.4793099974576963,0.19163070333804516,0.16260899675246282
22316,NA,NA,NA,NA,0.05635859587424641,0.41346185210213104,0.2116700965274812,0.31850945549614135
22317,NA,NA,NA,NA,0.11077964888881173,0.4608147405253863,0.1848499632832175,0.2435556473025845
22318,NA,NA,NA,NA,0.2522149428084957,0.05629960041032094,0.5417635379249099,0.14972191885627348
22319,NA,NA,NA,NA,0.28981199838305255,0.3694777635426787,0.09756553015510194,0.24314470791916679
22320,NA,NA,NA,NA,0.11547943848249553,0.37337338430483186,0.39754502614653,0.11360215106614267
22321,NA,NA,NA,NA,0.24353400646185805,0.19026765173946744,0.2547376908684274,0.31146065093024716
22322,NA,NA,NA,NA,0.07977867923252782,0.24040078228578177,0.5140006343131959,0.16581990416849446
22323,NA,NA,NA,NA,0.04961577824595229,0.3456452638825126,0.22189996530280617,0.382838992568729
22324,NA,NA,NA,NA,0.09177323926482531,0.4533681734524518,0.323497015572519,0.13136157171020396
22325,NA,NA,NA,NA,0.25939810016577525,0.25617209086814247,0.1295270759083164,0.35490273305776593
22326,NA,NA,NA,NA,0.3203243423929728,0.020754288111068702,0.014470930505236412,0.6444504389907221
22327,NA,NA,NA,NA,0.38907074723033275,0.06342239896142726,0.11276325425184805,0.43474359955639186
22328,NA,NA,NA,NA,0.25806143162112855,0.037784256492045344,0.051299806880991804,0.6528545050058342
22329,NA,NA,NA,NA,0.23474217680708698,0.04985413180895033,0.043476489308531326,0.6719272020754313
22330,NA,NA,NA,NA,0.036085479723424546,0.022514885146348102,0.06350359808967673,0.8778960370405506
22331,NA,NA,NA,NA,0.11907902174284049,0.028541716764008747,0.0043115275896866015,0.8480677339034641
22332,NA,NA,NA,NA,0.061906269091307975,0.02363325762524924,0.03930165073853211,0.8751588225449106
22333,NA,NA,NA,NA,0.5249210418274407,0.004762319123772572,0.060142842361985444,0.41017379668680126
22334,NA,NA,NA,NA,0.159380186208967,0.02162724705030642,0.04702853017767275,0.7719640365630539
22335,NA,NA,NA,NA,0.2773029246273183,0.12233192737205505,0.007155458296677286,0.5932096897039495
22336,NA,NA,NA,NA,0.49324514286668647,0.027235454524741166,0.026812780922495102,0.4527066216860774
22337,NA,NA,NA,NA,0.054822883457242726,0.14515696748754545,0.07319533553673904,0.7268248135184728
22338,NA,NA,NA,NA,0.060342264311339884,0.01786385950797063,0.011295086709264436,0.9104987894714249
22339,NA,NA,NA,NA,0.11026790091054896,0.013948237862796059,0.14217620687404345,0.7336076543526115
22340,NA,NA,NA,NA,0.03533775073850491,0.11153077526594031,0.01467378817322539,0.8384576858223294
22341,NA,NA,NA,NA,0.16305962598266555,0.027398753243013267,0.04670633028617355,0.7628352904881477
22342,NA,NA,NA,NA,0.1451245012486251,0.01566681542625209,0.11483051150773604,0.7243781718173868
22343,NA,NA,NA,NA,0.24703154200720923,0.16170778588502796,0.013949633965702497,0.5773110381420604
22344,NA,NA,NA,NA,0.18198112461850421,0.17963137877917099,0.11077413279394396,0.5276133638083809
22345,NA,NA,NA,NA,0.4361938570910561,0.08560269412009275,0.2849522759253449,0.19325117286350635
22346,NA,NA,NA,NA,0.2247123075419783,0.17851277425482592,0.10014943487622309,0.49662548332697254
22347,NA,NA,NA,NA,0.0731746066042439,0.3168362450516698,0.468360057940473,0.1416290904036134
22348,NA,NA,NA,NA,0.012222725591293974,0.24168020159165493,0.5930552568301072,0.1530418159869439
22349,NA,NA,NA,NA,0.1435144687421144,0.31552481490458306,0.47074580953063344,0.07021490682266916
22350,NA,NA,NA,NA,0.10183058982841559,0.2934140346904064,0.5137899183485688,0.09096545713260928
22351,NA,NA,NA,NA,0.11059182816059136,0.2678874931749933,0.5361565591775082,0.08536411948690725
22352,NA,NA,NA,NA,0.3165404460582139,0.10634188155287172,0.3956961570868222,0.1814215153020921
22353,NA,NA,NA,NA,0.06892644340937626,0.08911965090160848,0.5994755341447059,0.24247837154430923
22354,NA,NA,NA,NA,0.08673901891880824,0.41368885645564296,0.28810838929205446,0.21146373533349436
22355,NA,NA,NA,NA,0.08946307768749338,0.35422926934737764,0.39485715873706906,0.16145049422805993
22356,NA,NA,NA,NA,0.032096652172921986,0.07281960244542725,0.6949917224976813,0.20009202288396946
22357,NA,NA,NA,NA,0.04441364329821514,0.4439899065816041,0.18491141009371792,0.3266850400264629
22358,NA,NA,NA,NA,0.351263733581951,0.1830701093674786,0.3013001992606299,0.1643659577899406
22359,NA,NA,NA,NA,0.0851216077412653,0.37457020574715993,0.4781581642147759,0.06215002229679884
22360,NA,NA,NA,NA,0.08264072912309152,0.6317045831727295,0.048297411940652873,0.23735727576352605
22361,NA,NA,NA,NA,0.16363254549174058,0.347249307606192,0.20436745235433756,0.28475069454772983
22362,NA,NA,NA,NA,0.05932705169518282,0.25997097194319796,0.545858570784072,0.13484340557754732
22363,NA,NA,NA,NA,0.041340592377972815,0.1768950622014721,0.46097056969003297,0.3207937757305221
22364,NA,NA,NA,NA,0.42555586715762933,0.2439653861380654,0.1457044082934121,0.1847743384108933
22365,NA,NA,NA,NA,0.22941185312015505,0.2917483863882274,0.317098147133693,0.16174161335792445
22366,NA,NA,NA,NA,0.07101494659540261,0.5165625930603709,0.3491323342057595,0.06329012613846698
22367,NA,NA,NA,NA,0.5320946992857601,0.11706830464008476,0.2397060084170704,0.11113098765708465
22368,NA,NA,NA,NA,0.16895683621419388,0.5963770930372186,0.07861072296287072,0.15605534778571672
22369,NA,NA,NA,NA,0.15703449739955994,0.6034463991669888,0.17882940263896488,0.06068970079448647
22370,NA,NA,NA,NA,0.048613042547706375,0.5708265170117974,0.22549016625826707,0.15507027418222913
22371,NA,NA,NA,NA,0.4633037908212698,0.07854149216818085,0.29753036234965546,0.1606243546608938
22372,NA,NA,NA,NA,0.49298786486973906,0.3158132886416319,0.06730600272783226,0.12389284376079687
22373,NA,NA,NA,NA,0.27877998579742014,0.1081973382571081,0.3300633439124619,0.2829593320330098
22374,NA,NA,NA,NA,0.2575272805361641,0.6553285507655552,0.040492261123785386,0.04665190757449537
22375,NA,NA,NA,NA,0.10644398860391646,0.6655918717107867,0.06954899998821805,0.15841513969707874
22376,NA,NA,NA,NA,0.2836339198770129,0.18905156717146226,0.2177228012911183,0.30959171166040655
22377,NA,NA,NA,NA,0.3382040765982657,0.3785997689816103,0.20263830171686878,0.08055785270325516
22378,NA,NA,NA,NA,0.13253913724774102,0.11178998028359445,0.6620520378154422,0.09361884465322247
22379,NA,NA,NA,NA,0.33802222150602756,0.5378323633840323,0.02464973107494981,0.0994956840349903
22380,NA,NA,NA,NA,0.09943591816165084,0.324286399970967,0.24102656378261972,0.33525111808476254
22381,NA,NA,NA,NA,0.07598112760384199,0.4628934238481967,0.2034633636317213,0.25766208491624004
22382,NA,NA,NA,NA,0.0720709748871456,0.6459185433331833,0.11828920776071378,0.16372127401895725
22383,NA,NA,NA,NA,0.12977621462029743,0.19405122617195777,0.4049745405217688,0.27119801868597593
22384,NA,NA,NA,NA,0.11662365508670788,0.7393534741443992,0.06266528626647426,0.08135758450241862
22385,NA,NA,NA,NA,0.3358734197928715,0.32396226456556304,0.26686729001668785,0.07329702562487757
22386,NA,NA,NA,NA,0.2718004344948496,0.4558372571328308,0.23540871385583986,0.036953594516479685
22387,NA,NA,NA,NA,0.35188039567139745,0.1372027705595362,0.27245805588557503,0.23845877788349137
22388,NA,NA,NA,NA,0.41702081882421527,0.2593853412404292,0.2548416408885135,0.06875219904684204
22389,NA,NA,NA,NA,0.2366993275783267,0.38133150423364515,0.2763172770188093,0.10565189116921879
22390,NA,NA,NA,NA,0.4750337100372706,0.1871896855856601,0.1826943570332111,0.1550822473438581
22391,NA,NA,NA,NA,0.38273238776366336,0.19783913422985816,0.2516948952404527,0.16773358276602585
22392,NA,NA,NA,NA,0.26100346912279104,0.44080909956359104,0.19486002094258373,0.10332741037103413
22393,NA,NA,NA,NA,0.10311201818407581,0.11571355142442373,0.7427039224248554,0.03847050796664505
22394,NA,NA,NA,NA,0.14639418183264408,0.44168261708793566,0.20351612771044383,0.20840707336897657
22395,NA,NA,NA,NA,0.4058959467326967,0.3481816110697208,0.18250235379674742,0.06342008840083524
22396,NA,NA,NA,NA,0.15195140537437793,0.26649444271546413,0.30948901555198793,0.2720651363581699
22397,NA,NA,NA,NA,0.5508256613687043,0.30042188171796536,0.054405491515004754,0.09434696539832571
22398,NA,NA,NA,NA,0.29962991538803146,0.17179430838377888,0.46233566683849464,0.06624010938969514
22399,NA,NA,NA,NA,0.06825984667651958,0.2646003507893178,0.5309627847430438,0.13617701779111868
22400,NA,NA,NA,NA,0.05642936087866187,0.08791028913259277,0.7650978637766699,0.09056248621207554
22401,NA,NA,NA,NA,0.7034964510974772,0.10668251626717555,0.07815198521692734,0.11166904741841988
22402,NA,NA,NA,NA,0.14743258542825363,0.4268796107718092,0.3888691317363881,0.03681867206354912
22403,NA,NA,NA,NA,0.25403098843157285,0.41046527532293886,0.24342804558708409,0.09207569065840436
22404,NA,NA,NA,NA,0.4608177930969836,0.03782872823273571,0.47938529253549544,0.0219681861347851
22405,NA,NA,NA,NA,0.0948764097959294,0.6157836475762201,0.14199824198553448,0.14734170064231614
22406,NA,NA,NA,NA,0.1598482195906151,0.6912184719192394,0.0951076588800462,0.053825649610099294
22407,NA,NA,NA,NA,0.19882874313206947,0.22890535923740896,0.43331532653871163,0.13895057109180997
22408,NA,NA,NA,NA,0.048360022045468395,0.07746530300530523,0.8406338172655725,0.033540857683653974
22409,NA,NA,NA,NA,0.30049949086769695,0.21617354302033565,0.4570938414544235,0.026233124657543926
22410,NA,NA,NA,NA,0.20099308434633423,0.4370233817874586,0.3442040054022015,0.01777952846400575
22411,NA,NA,NA,NA,0.181561572110349,0.45929700921584343,0.32909874317324217,0.03004267550056526
22412,NA,NA,NA,NA,0.20319668033370006,0.24289420718547297,0.5408515476333859,0.013057564847440924
22413,NA,NA,NA,NA,0.15197815078964763,0.257685779567584,0.2599599227148393,0.33037614692792905
22414,NA,NA,NA,NA,0.19442038087013683,0.7557285519644109,0.018739895827357887,0.03111117133809423
22415,NA,NA,NA,NA,0.0595714551576905,0.21984293381802833,0.6856985070503081,0.03488710397397303
22416,NA,NA,NA,NA,0.05165593810703498,0.2155626212535451,0.686158433800983,0.04662300683843686
22417,NA,NA,NA,NA,0.4553633359981945,0.1529843241633097,0.3163344315257264,0.0753179083127695
22418,NA,NA,NA,NA,0.01917388147599458,0.6179177846931732,0.3081612063483931,0.05474712748243903
22419,NA,NA,NA,NA,0.15470951612247766,0.5006391561229384,0.12297824271198808,0.22167308504259584
22420,NA,NA,NA,NA,0.07161052591561214,0.5801030575540629,0.2940481024262743,0.054238314104050646
22421,NA,NA,NA,NA,0.23946083002032906,0.0774699477760248,0.5818582592721363,0.10121096293150975
22422,NA,NA,NA,NA,0.10438522453013113,0.37553432966606176,0.1859323546236648,0.33414809118014227
22423,NA,NA,NA,NA,0.07107880886117503,0.2088178035705271,0.589778434848883,0.13032495271941488
22424,NA,NA,NA,NA,0.4496937401566347,0.2510594774645046,0.21146590248145183,0.08778087989740888
22425,NA,NA,NA,NA,0.12461200591434163,0.3954356764698435,0.17511361989448593,0.3048386977213289
22426,NA,NA,NA,NA,0.20767992336567828,0.49688259638024596,0.19261057174894158,0.1028269085051342
22427,NA,NA,NA,NA,0.3102078784064615,0.537957409332864,0.05792488123187043,0.09390983102880408
22428,NA,NA,NA,NA,0.06327879188314997,0.3397617927921716,0.2818558066096555,0.315103608715023
22429,NA,NA,NA,NA,0.5791484533027171,0.24342013398594403,0.04969066933781542,0.1277407433735235
22430,NA,NA,NA,NA,0.16758773110408237,0.08142331733409536,0.6206727402303125,0.13031621133150978
22431,NA,NA,NA,NA,0.3682421563151619,0.15167278241526716,0.2529412233912097,0.22714383787836123
22432,NA,NA,NA,NA,0.27178980512976675,0.5731619781174904,0.09037603494384329,0.0646721818088996
22433,NA,NA,NA,NA,0.1255976167237195,0.1350010061581432,0.2551638499661811,0.4842375271519562
22434,NA,NA,NA,NA,0.3383390001877414,0.3698661710071663,0.13629289303910344,0.15550193576598892
22435,NA,NA,NA,NA,0.0344573724577614,0.3060791692663515,0.537517486131878,0.12194597214400912
22436,NA,NA,NA,NA,0.04338384042993886,0.6944046192557546,0.1486711481970418,0.11354039211726474
22437,NA,NA,NA,NA,0.28848547288678844,0.1886746447982808,0.21452268993598128,0.30831719237894945
22438,NA,NA,NA,NA,0.2673893285312875,0.29316689757504977,0.0776689218480663,0.3617748520455964
22439,NA,NA,NA,NA,0.046234536133451715,0.2508375142974435,0.579400614795543,0.12352733477356187
22440,NA,NA,NA,NA,0.18982364437913496,0.4029963895892517,0.387453287014907,0.019726679016706373
22441,NA,NA,NA,NA,0.34810983521409183,0.037596545752166276,0.6056141527743509,0.00867946625939094
22442,NA,NA,NA,NA,0.1255376011858172,0.15918849672213026,0.7070438411085109,0.008230060983541544
22443,NA,NA,NA,NA,0.2014873041360377,0.685450991349325,0.09521825476935385,0.017843449745283447
22444,NA,NA,NA,NA,0.4021402611231463,0.05476442766512624,0.537028814384112,0.006066496827615549
22445,NA,NA,NA,NA,0.07871267583122912,0.42548265823245746,0.4823056489623748,0.013499016973938537
22446,NA,NA,NA,NA,0.10198176564732091,0.2124730543472764,0.682550802594577,0.002994377410825679
22447,NA,NA,NA,NA,0.5534232003770948,0.3201240788355741,0.11283615284528827,0.013616567942042822
22448,NA,NA,NA,NA,0.08226240521601322,0.29120058765200446,0.6171716443599935,0.009365362771988838
22449,NA,NA,NA,NA,0.16585173719623178,0.6887150610877014,0.1260796386446575,0.019353563071409202
22450,NA,NA,NA,NA,0.35872533722540073,0.20417642210199904,0.4143237070141841,0.022774533658416023
22451,NA,NA,NA,NA,0.07054390159455519,0.3905459671704803,0.5279557813683432,0.010954349866621277
22452,NA,NA,NA,NA,0.2785641609225105,0.5757583333260325,0.13177895992329525,0.01389854582816177
22453,NA,NA,NA,NA,0.3479298530148661,0.15416974645157264,0.45193730172961083,0.04596309880395048
22454,NA,NA,NA,NA,0.39062003964160547,0.4613113993687438,0.1393937372727917,0.008674823716859006
22455,NA,NA,NA,NA,0.547641467432356,0.2575175825596061,0.1907754342396158,0.004065515768422066
22456,NA,NA,NA,NA,0.6521128398548195,0.06338764317032886,0.2685450160181318,0.015954500956719797
22457,NA,NA,NA,NA,0.17049052812016144,0.3328509506655441,0.4864783365146761,0.010180184699618282
22458,NA,NA,NA,NA,0.12509442178048172,0.3220613066713358,0.5392616332528515,0.013582638295331016
22459,NA,NA,NA,NA,0.07099831232627674,0.41085541857233715,0.47026748523653444,0.047878783864851684
22460,NA,NA,NA,NA,0.04005102102656197,0.14316233416823385,0.739776454330203,0.07701019047500132
22461,NA,NA,NA,NA,0.5278916119540807,0.19548521760937834,0.13164355343272155,0.14497961700381926
22462,NA,NA,NA,NA,0.19849366353173165,0.3296616139166205,0.3825536761269969,0.08929104642465094
22463,NA,NA,NA,NA,0.06351893922760832,0.4579945874584883,0.17930463265918212,0.29918184065472125
22464,NA,NA,NA,NA,0.17262537187808602,0.5384868735254768,0.21173940841748473,0.0771483461789525
22465,NA,NA,NA,NA,0.211773387461691,0.6150709957359469,0.12113142723518237,0.05202418956717966
22466,NA,NA,NA,NA,0.16392406282203947,0.37636704639077323,0.15065533476446494,0.30905355602272233
22467,NA,NA,NA,NA,0.046247162482667414,0.6990649069419099,0.1789016496295677,0.07578628094585507
22468,NA,NA,NA,NA,0.1568202348986358,0.3321456062452888,0.3380230713103669,0.17301108754570838
22469,NA,NA,NA,NA,0.2521742320952909,0.06222491332238879,0.5753611010766722,0.11023975350564823
22470,NA,NA,NA,NA,0.0905213479072708,0.76108219140414,0.06471514731585822,0.08368131337273094
22471,NA,NA,NA,NA,0.38042855828549726,0.44950201724741407,0.1065967987053939,0.0634726257616948
22472,NA,NA,NA,NA,0.02305890751749758,0.443503537190955,0.43240186011954046,0.10103569517200701
22473,NA,NA,NA,NA,0.31884951162025155,0.14006378417870496,0.46076089385686314,0.08032581034418038
22474,NA,NA,NA,NA,0.35912211671868294,0.07972081846550268,0.4808785753622953,0.08027848945351922
22475,NA,NA,NA,NA,0.09780911662183252,0.7601773039072766,0.06832379903627142,0.07368978043461943
22476,NA,NA,NA,NA,0.05322521199677423,0.1532325207111644,0.6625003198073693,0.1310419474846921
22477,NA,NA,NA,NA,0.07479200015116538,0.2611246105087564,0.5379749289965651,0.12610846034351308
22478,NA,NA,NA,NA,0.08480203994426048,0.07022033738440836,0.6359240321863849,0.20905359048494618
22479,NA,NA,NA,NA,0.20027424195610996,0.09396173020228141,0.12015732001951973,0.5856067078220889
22480,NA,NA,NA,NA,0.049356931400843074,0.1386285518115382,0.5559576607592209,0.25605685602839784
22481,NA,NA,NA,NA,0.1471860111550743,0.3032163736109748,0.059926322803336936,0.489671292430614
22482,NA,NA,NA,NA,0.2804504143069611,0.22232367076050835,0.10735001824880533,0.38987589668372524
22483,NA,NA,NA,NA,0.20383154532940334,0.22080237128899924,0.16733477194061327,0.40803131144098415
22484,NA,NA,NA,NA,0.30736088257136723,0.3513357861596942,0.06130999026972087,0.27999334099921763
22485,NA,NA,NA,NA,0.0601473494445497,0.3202377949652662,0.2608842266861246,0.3587306289040595
22486,NA,NA,NA,NA,0.045991791031220974,0.22850806837318927,0.44772978907616146,0.2777703515194283
22487,NA,NA,NA,NA,0.11072107984155931,0.056131235984683475,0.34517510443972726,0.4879725797340301
22488,NA,NA,NA,NA,0.09911981649321784,0.12863415027346406,0.5039436549772371,0.268302378256081
22489,NA,NA,NA,NA,0.26827281100984235,0.03695182314433694,0.4932184570145294,0.2015569088312913
22490,NA,NA,NA,NA,0.11593095339308007,0.5124917571759539,0.1096215164976967,0.26195577293326927
22491,NA,NA,NA,NA,0.04282613975872478,0.49971563609361963,0.09649814408673,0.36096008006092567
22492,NA,NA,NA,NA,0.04425699337667623,0.25241447517657245,0.5439418042859511,0.1593867271608003
22493,NA,NA,NA,NA,0.200300159006426,0.35880882376670203,0.2892370342507213,0.1516539829761506
22494,NA,NA,NA,NA,0.20144973175962635,0.1271321143423603,0.501425063672301,0.16999309022571224
22495,NA,NA,NA,NA,0.08190126913141703,0.2477254982367986,0.4411809055194938,0.2291923271122905
22496,NA,NA,NA,NA,0.29937753295789454,0.08815872512873812,0.1689044701265198,0.44355927178684756
22497,NA,NA,NA,NA,0.22118032795725157,0.46881273330655066,0.2051793190789275,0.10482761965727026
22498,NA,NA,NA,NA,0.0649367385029628,0.2326176136252289,0.20529198994264602,0.4971536579291622
22499,NA,NA,NA,NA,0.3881043170654809,0.17082918262771887,0.12230362886784987,0.3187628714389503
22500,NA,NA,NA,NA,0.5677614210873281,0.14953135752374194,0.034025721926320494,0.24868149946260953
22501,NA,NA,NA,NA,0.38925677399144043,0.1520520750201152,0.1633377520819097,0.2953533989065347
22502,NA,NA,NA,NA,0.23243584468420145,0.2967367263613464,0.22953987612228666,0.24128755283216552
22503,NA,NA,NA,NA,0.25501632512892664,0.2679774489873393,0.05427291771460048,0.4227333081691336
22504,NA,NA,NA,NA,0.1893080494224269,0.47049265595169026,0.09726863440671028,0.24293066021917262
22505,NA,NA,NA,NA,0.43629105373371135,0.13229459383276035,0.08425744881630803,0.3471569036172203
22506,NA,NA,NA,NA,0.19857800843528337,0.4604972712425468,0.20023184694963594,0.14069287337253394
22507,NA,NA,NA,NA,0.033374087236057386,0.45395137619243425,0.105458044146225,0.40721649242528335
22508,NA,NA,NA,NA,0.1750659390765313,0.5463088755304613,0.07754104042659124,0.2010841449664161
22509,NA,NA,NA,NA,0.4707054989336219,0.07754460303116571,0.11449991953916158,0.3372499784960507
22510,NA,NA,NA,NA,0.021057785394997638,0.7536493300043648,0.01898812507227151,0.20630475952836616
22511,NA,NA,NA,NA,0.23113379907312792,0.09763629999720788,0.47268017146521857,0.19854972946444563
22512,NA,NA,NA,NA,0.17777061773474861,0.23202976678284803,0.23658740370023437,0.3536122117821689
22513,NA,NA,NA,NA,0.18975540624607118,0.17766982908615875,0.20115988661061035,0.43141487805715967
22514,NA,NA,NA,NA,0.10728247889234586,0.571479280308753,0.060595189817443114,0.26064305098145807
22515,NA,NA,NA,NA,0.047946487009676776,0.07737385580053507,0.4465609233888008,0.42811873380098736
22516,NA,NA,NA,NA,0.03305710206018781,0.6629859580118282,0.10328875774407872,0.20066818218390522
22517,NA,NA,NA,NA,0.19744098021215653,0.1311354564735456,0.48879110027041905,0.18263246304387876
22518,NA,NA,NA,NA,0.14900481890101697,0.352528347600747,0.2853141689619573,0.21315266453627862
22519,NA,NA,NA,NA,0.15698481356880817,0.5420019505204882,0.07190619823634285,0.22910703767436086
22520,NA,NA,NA,NA,0.40642906666113254,0.30012792737664756,0.19057076374034865,0.10287224222187126
22521,NA,NA,NA,NA,0.06657659414049415,0.34971207638578683,0.428363884382083,0.15534744509163595
22522,NA,NA,NA,NA,0.02502912424161237,0.17015408904199678,0.5188093366867387,0.2860074500296523
22523,NA,NA,NA,NA,0.03226668676930455,0.570808542553761,0.2478632663132863,0.14906150436364812
22524,NA,NA,NA,NA,0.06718420703551974,0.12617004443938024,0.507174297951872,0.299471450573228
22525,NA,NA,NA,NA,0.32169751475887404,0.15246192777376252,0.46322942034391246,0.06261113712345086
22526,NA,NA,NA,NA,0.38766670683740634,0.4609505818380194,0.0273314977264255,0.12405121359814872
22527,NA,NA,NA,NA,0.10069444835602842,0.4179039670991736,0.27752576694196956,0.2038758176028284
22528,NA,NA,NA,NA,0.0780686842382276,0.05845584888662917,0.6267257639683127,0.23674970290683053
22529,NA,NA,NA,NA,0.19936781848982998,0.5369953538603055,0.13293835327001835,0.1306984743798463
22530,NA,NA,NA,NA,0.27366764616431066,0.11847049152352082,0.19071461018269353,0.4171472521294751
22531,NA,NA,NA,NA,0.14665807281752616,0.1458464277630362,0.5422064454403158,0.16528905397912189
22532,NA,NA,NA,NA,0.3071381902441231,0.2512391739627484,0.12445599605685236,0.3171666397362761
22533,NA,NA,NA,NA,0.07745801230565066,0.575327143877428,0.07955373137879695,0.26766111243812435
22534,NA,NA,NA,NA,0.1743425935344704,0.4836634480703486,0.17152084437940235,0.17047311401577858
22535,NA,NA,NA,NA,0.126888941592314,0.2636383207105459,0.5190233210913645,0.0904494166057756
22536,NA,NA,NA,NA,0.10770230070785526,0.5732606720576013,0.10789596968284412,0.21114105755169937
22537,NA,NA,NA,NA,0.1244529294570585,0.3082702362332759,0.4999538962705726,0.06732293803909305
22538,NA,NA,NA,NA,0.1187463919980113,0.48237744135529054,0.17886445358258699,0.22001171306411121
22539,NA,NA,NA,NA,0.0994426866223063,0.20348670570537183,0.6493458015249942,0.04772480614732769
22540,NA,NA,NA,NA,0.13439078506919622,0.27772563031543085,0.2552744263710122,0.33260915824436066
22541,NA,NA,NA,NA,0.06683542458510673,0.4094603215999486,0.27164989838377096,0.25205435543117355
22542,NA,NA,NA,NA,0.0933349819647655,0.3289996627490869,0.4246261502976346,0.153039204988513
22543,NA,NA,NA,NA,0.5961307436450352,0.09631106682903968,0.11984008420825694,0.1877181053176683
22544,NA,NA,NA,NA,0.046604517651115666,0.05559723727544976,0.7153467953490716,0.18245144972436286
22545,NA,NA,NA,NA,0.07609747029999145,0.43222598953896085,0.3618678454046803,0.12980869475636742
22546,NA,NA,NA,NA,0.42059649196401205,0.4173697523804776,0.11984066166364225,0.04219309399186816
22547,NA,NA,NA,NA,0.3091139525153792,0.34916421417872295,0.26020836227067923,0.08151347103521846
22548,NA,NA,NA,NA,0.229675422648909,0.1509567197598429,0.5028720641905119,0.11649579340073615
22549,NA,NA,NA,NA,0.3872817672580281,0.08134223745943196,0.3613787976381308,0.16999719764440901
22550,NA,NA,NA,NA,0.06833014126731506,0.18365789308389685,0.6465945628513283,0.1014174027974598
22551,NA,NA,NA,NA,0.12153788023663926,0.3741612761428746,0.3849168381393958,0.1193840054810903
22552,NA,NA,NA,NA,0.14803967881659025,0.239549524094171,0.1419741406875377,0.4704366564017011
22553,NA,NA,NA,NA,0.17293281495901744,0.6168024000630106,0.09920652695635601,0.11105825802161588
22554,NA,NA,NA,NA,0.3770968258124557,0.2242749496401626,0.1785592753525444,0.22006894919483727
22555,NA,NA,NA,NA,0.26308040999811344,0.5006640680162483,0.10818789673779938,0.12806762524783888
22556,NA,NA,NA,NA,0.34880617098305644,0.45381705593730226,0.11597539005020532,0.08140138302943581
22557,NA,NA,NA,NA,0.13613739148903073,0.42700268247260625,0.16123753730345342,0.27562238873490963
22558,NA,NA,NA,NA,0.23548380681087652,0.08041180942426998,0.6230399110228741,0.0610644727419793
22559,NA,NA,NA,NA,0.18968893077476986,0.21270532497120825,0.16917893190442232,0.4284268123495995
22560,NA,NA,NA,NA,0.18069376686905203,0.5061089798760418,0.1907264591985117,0.12247079405639454
22561,NA,NA,NA,NA,0.16001918661996936,0.3741367163233951,0.41824408416901215,0.047600012887623444
22562,NA,NA,NA,NA,0.2307273454433746,0.5128615129280646,0.21067192287009698,0.04573921875846383
22563,NA,NA,NA,NA,0.3318340045385772,0.10130679285484849,0.48154231086034804,0.08531689174622625
22564,NA,NA,NA,NA,0.6947088327711526,0.09306907220911678,0.10325779722156192,0.1089642977981687
22565,NA,NA,NA,NA,0.09537842109065502,0.39696072961270934,0.2400434167864929,0.26761743251014286
22566,NA,NA,NA,NA,0.05357646657320135,0.4156370058879968,0.4391152949085728,0.09167123263022897
22567,NA,NA,NA,NA,0.25081925375827707,0.1924680338003245,0.29743568165519874,0.2592770307861996
22568,NA,NA,NA,NA,0.2825495968308873,0.18984287984450288,0.1989954310170923,0.3286120923075175
22569,NA,NA,NA,NA,0.12779016281222808,0.09897850961468968,0.6442313286270944,0.12899999894598782
22570,NA,NA,NA,NA,0.4483289512057948,0.31190229803240727,0.06684826987675625,0.17292048088504156
22571,NA,NA,NA,NA,0.2189703722983799,0.5763873142569508,0.049909753102519105,0.1547325603421502
22572,NA,NA,NA,NA,0.33419117904849033,0.285494310695664,0.11656051423039583,0.2637539960254498
22573,NA,NA,NA,NA,0.22608697273137623,0.45700260283722066,0.20124684158293082,0.11566358284847206
22574,NA,NA,NA,NA,0.1073200047223105,0.21485574146481679,0.2767130915548672,0.40111116225800547
22575,NA,NA,NA,NA,0.02772095235219881,0.5627858794393996,0.26307089259327815,0.14642227561512358
22576,NA,NA,NA,NA,0.10164435632541721,0.6634583609717849,0.1416605210253602,0.09323676167743755
22577,NA,NA,NA,NA,0.14690727508352902,0.5908700453537007,0.21338505204652508,0.04883762751624521
22578,NA,NA,NA,NA,0.0160301639113215,0.5123599571798699,0.4107620738257868,0.06084780508302184
22579,NA,NA,NA,NA,0.082559052899892,0.4946012081796489,0.13080854914048298,0.29203118977997616
22580,NA,NA,NA,NA,0.2133545346785158,0.5005208761382971,0.20682157117240793,0.07930301801077912
22581,NA,NA,NA,NA,0.018907792965948904,0.461879869374553,0.3203736637098692,0.19883867394962898
22582,NA,NA,NA,NA,0.2789839568027767,0.4505223411830997,0.1989849682484063,0.07150873376571727
22583,NA,NA,NA,NA,0.06023084709231712,0.3431399050702849,0.5026825180414988,0.09394672979589924
22584,NA,NA,NA,NA,0.03442757484169713,0.5460760613880593,0.311190479841939,0.10830588392830458
22585,NA,NA,NA,NA,0.037780491829850535,0.8291981218735075,0.0875277363503503,0.04549364994629168
22586,NA,NA,NA,NA,0.0309509571879849,0.8219979362140913,0.07516031347035314,0.07189079312757038
22587,NA,NA,NA,NA,0.21386710483134888,0.3061504725285334,0.08426187158976416,0.39572055105035336
22588,NA,NA,NA,NA,0.0718919534476217,0.35737568818684895,0.4175167387346088,0.1532156196309206
22589,NA,NA,NA,NA,0.18002002047052484,0.5596970203572997,0.2180107593753176,0.0422721997968578
22590,NA,NA,NA,NA,0.058158595915177434,0.17731351155806813,0.5163736564316043,0.24815423609515025
22591,NA,NA,NA,NA,0.14318200304230028,0.12814633376297707,0.6292176756473454,0.09945398754737725
22592,NA,NA,NA,NA,0.052717753740374254,0.7437112262863322,0.16869321636514414,0.03487780360814944
22593,NA,NA,NA,NA,0.06809545364379434,0.8018366250407418,0.06760312223903332,0.06246479907643058
22594,NA,NA,NA,NA,0.04517666764480933,0.1915406156377509,0.6529499101839363,0.11033280653350341
22595,NA,NA,NA,NA,0.046068972070679455,0.3249118541680447,0.31154304494313617,0.3174761288181398
22596,NA,NA,NA,NA,0.037518366288923834,0.7197072809945283,0.2071582597493763,0.03561609296717161
22597,NA,NA,NA,NA,0.011092961653079976,0.4519567650981378,0.4821566478574127,0.05479362539136952
22598,NA,NA,NA,NA,0.014673207518036503,0.815268698905714,0.06954019080953436,0.10051790276671507
22599,NA,NA,NA,NA,0.06395900887651812,0.432229485293288,0.16539695646069752,0.33841454936949633
22600,NA,NA,NA,NA,0.03884003454709275,0.5964851001565007,0.1726546076647032,0.19202025763170344
22601,NA,NA,NA,NA,0.1641359109465292,0.16921455405433233,0.38430038618482837,0.2823491488143101
22602,NA,NA,NA,NA,0.26158042836675977,0.39178008220043636,0.19306676266173292,0.15357272677107084
22603,NA,NA,NA,NA,0.1397552172233292,0.28780498168721663,0.411710570596201,0.16072923049325322
22604,NA,NA,NA,NA,0.00971706699063214,0.6490056629240522,0.23919077735271163,0.10208649273260419
22605,NA,NA,NA,NA,0.29340906642199427,0.3029924825091397,0.16678552964416093,0.23681292142470511
22606,NA,NA,NA,NA,0.10414515925362151,0.3016553821457941,0.4926169181124208,0.10158254048816351
22607,NA,NA,NA,NA,0.044726587990611535,0.20350196851654084,0.5853223795050526,0.16644906398779502
22608,NA,NA,NA,NA,0.019308283179033346,0.7437848577796206,0.14733616736742122,0.08957069167392476
22609,NA,NA,NA,NA,0.07403628490760887,0.6754803236554642,0.11534576153842636,0.13513762989850053
22610,NA,NA,NA,NA,0.004403918233891416,0.8466469978807228,0.08699675671449349,0.06195232717089241
22611,NA,NA,NA,NA,0.1845996474996875,0.397156751582155,0.3349483558080581,0.0832952451100993
22612,NA,NA,NA,NA,0.08247955016749701,0.15113258465607138,0.6284454674594631,0.13794239771696865
22613,NA,NA,NA,NA,0.6753760762731845,0.1635510595474147,0.11134941551450343,0.049723448664897335
22614,NA,NA,NA,NA,0.4611537936925337,0.39031854041408703,0.10749776961507139,0.041029896278307866
22615,NA,NA,NA,NA,0.04809965362489157,0.6251864785588501,0.29672644784810975,0.029987419968148545
22616,NA,NA,NA,NA,0.3957244153117153,0.06609476149953719,0.5265999581859239,0.011580865002823631
22617,NA,NA,NA,NA,0.155614208070035,0.25148207239478726,0.5518226466573405,0.041081072877837306
22618,NA,NA,NA,NA,0.4799504576911722,0.09440989344544835,0.38344456851258557,0.04219508035079383
22619,NA,NA,NA,NA,0.06765274375782068,0.633452149192266,0.21702719133627896,0.08186791571363437
22620,NA,NA,NA,NA,0.035220238997571096,0.8732817154715465,0.04598696942653625,0.045511076104345925
22621,NA,NA,NA,NA,0.07445528719746734,0.0846771970460584,0.7902636490052318,0.05060386675124229
22622,NA,NA,NA,NA,0.36472162608602093,0.13268356896408087,0.36580809164900896,0.13678671330088932
22623,NA,NA,NA,NA,0.17436275560748266,0.5562087988714413,0.20459971716986208,0.06482872835121391
22624,NA,NA,NA,NA,0.20605215093867058,0.5016760244220763,0.19780080391213894,0.09447102072711425
22625,NA,NA,NA,NA,0.3636028345153316,0.2489362413216171,0.2934677821552211,0.09399314200783018
22626,NA,NA,NA,NA,0.501093392534469,0.13639696216808458,0.2491279978534153,0.11338164744403106
22627,NA,NA,NA,NA,0.20862569850641294,0.1334687659993272,0.5978821814195787,0.06002335407468127
22628,NA,NA,NA,NA,0.09109402739331317,0.29934540033811297,0.584765205301675,0.024795366966898942
22629,NA,NA,NA,NA,0.18241351111801252,0.46319218825375763,0.2848393154866259,0.06955498514160416
22630,NA,NA,NA,NA,0.11618492708736922,0.6508730237878839,0.06726591409270574,0.16567613503204104
22631,NA,NA,NA,NA,0.15069718393583922,0.5698081594292905,0.030616529194740155,0.24887812744013008
22632,NA,NA,NA,NA,0.09767797960295493,0.37994882962702287,0.1328576043523168,0.38951558641770545
22633,NA,NA,NA,NA,0.03473857236300789,0.10818690926088607,0.14341589364108123,0.7136586247350248
22634,NA,NA,NA,NA,0.011695839257364008,0.5825789587304739,0.1168487551511079,0.2888764468610541
22635,NA,NA,NA,NA,0.016789593893455773,0.49104806804492424,0.02872107971519581,0.4634412583464242
22636,NA,NA,NA,NA,0.013662124051481353,0.5542385933073518,0.15967730309374498,0.27242197954742203
22637,NA,NA,NA,NA,0.27353285853752873,0.14705131384125789,0.029249637703398917,0.5501661899178145
22638,NA,NA,NA,NA,0.055051523544638575,0.30863512274388727,0.08909932333666715,0.547214030374807
22639,NA,NA,NA,NA,0.02448465684332608,0.18975309835315815,0.05271102411252682,0.733051220690989
22640,NA,NA,NA,NA,0.03781611064626099,0.19809401891647668,0.4926879748467294,0.27140189559053296
22641,NA,NA,NA,NA,0.017344255920791238,0.5695485145039073,0.13912734543706798,0.27397988413823343
22642,NA,NA,NA,NA,0.046087871640918036,0.22096014406557804,0.09750573365190536,0.6354462506415985
22643,NA,NA,NA,NA,0.1022934914709872,0.14788489431098972,0.2022274473728911,0.5475941668451318
22644,NA,NA,NA,NA,0.014770085748426389,0.195876050942639,0.5932023650525572,0.19615149825637732
22645,NA,NA,NA,NA,0.07406573757968651,0.06206648626559219,0.13714580048060337,0.7267219756741179
22646,NA,NA,NA,NA,0.10806658009587236,0.32585168554039834,0.13625246786548764,0.4298292664982417
22647,NA,NA,NA,NA,0.18750065081704528,0.5341665150699791,0.029592214532066077,0.24874061958090954
22648,NA,NA,NA,NA,0.30468850793182395,0.3808734621183773,0.029199606875116944,0.2852384230746817
22649,NA,NA,NA,NA,0.03128983027490193,0.2799297715135865,0.15103258257842764,0.5377478156330839
22650,NA,NA,NA,NA,0.03795328363382886,0.27791493392027317,0.09856615963266274,0.5855656228132352
22651,NA,NA,NA,NA,0.026576129295779804,0.06760475820494452,0.40944841263393517,0.49637069986534055
22652,NA,NA,NA,NA,0.028667233601874436,0.11723396181220193,0.10573346192561159,0.748365342660312
22653,NA,NA,NA,NA,0.01639687048309596,0.14300313245887455,0.5999499083202848,0.2406500887377446
22654,NA,NA,NA,NA,0.017803110131872302,0.05633738438830516,0.19480284058156513,0.7310566648982573
22655,NA,NA,NA,NA,0.05789365846002379,0.3769133862881107,0.1357303162966209,0.42946263895524456
22656,NA,NA,NA,NA,0.08473241054101933,0.1994540658164646,0.5611407584295511,0.15467276521296486
22657,NA,NA,NA,NA,0.13733476772475156,0.2744924262641103,0.13912376292181455,0.44904904308932364
22658,NA,NA,NA,NA,0.023427980138925917,0.03918641187448465,0.14776586318381135,0.789619744802778
22659,NA,NA,NA,NA,0.059599074503796944,0.06317471629297924,0.6442970779193998,0.23292913128382395
22660,NA,NA,NA,NA,0.16817845004835988,0.22197098056249298,0.044674128226107904,0.5651764411630392
22661,NA,NA,NA,NA,0.14738086951492343,0.1303992360237405,0.4891466932345403,0.23307320122679573
22662,NA,NA,NA,NA,0.023695305974584913,0.16511984637917504,0.468615508121306,0.34256933952493407
22663,NA,NA,NA,NA,0.12184965804088442,0.47854556685805766,0.1313872451900973,0.2682175299109606
22664,NA,NA,NA,NA,0.037484386323866616,0.5192649352566125,0.06266091828543872,0.380589760134082
22665,NA,NA,NA,NA,0.09184161629442045,0.15875021816302737,0.5779740479834167,0.17143411755913554
22666,NA,NA,NA,NA,0.11462744405152608,0.24695070957111895,0.0912849382523744,0.5471369081249806
22667,NA,NA,NA,NA,0.0359596675449664,0.17411190714294,0.58921657865393,0.2007118466581636
22668,NA,NA,NA,NA,0.11593932576678684,0.2622183919549592,0.08424022594526173,0.5376020563329923
22669,NA,NA,NA,NA,0.07585253211692226,0.03799649042682166,0.12534798725127208,0.760802990204984
22670,NA,NA,NA,NA,0.12219875074226183,0.2986295931882157,0.10685068030364474,0.4723209757658778
22671,NA,NA,NA,NA,0.17834167378361043,0.08906717731729638,0.5474462818205711,0.185144867078522
22672,NA,NA,NA,NA,0.41067815394650864,0.09670835544787035,0.17141593662887214,0.32119755397674893
22673,NA,NA,NA,NA,0.360198227529237,0.24454846826437424,0.15673456891006562,0.23851873529632314
22674,NA,NA,NA,NA,0.16354855680018918,0.27634374704367987,0.3511694873593918,0.2089382087967391
22675,NA,NA,NA,NA,0.0690137359863339,0.29078461917495024,0.3253595536118695,0.3148420912268465
22676,NA,NA,NA,NA,0.1566804276379791,0.5155564016251417,0.12108632668802936,0.2066768440488498
22677,NA,NA,NA,NA,0.4302836026525945,0.12088694203838157,0.24648262887068179,0.20234682643834215
22678,NA,NA,NA,NA,0.20715883910175512,0.14454947973682764,0.15691348833993246,0.4913781928214847
22679,NA,NA,NA,NA,0.032645686501035935,0.43770413335203906,0.10113737177066401,0.42851280837626093
22680,NA,NA,NA,NA,0.06609892285474893,0.11718786153964422,0.42500172674633524,0.39171148885927154
22681,NA,NA,NA,NA,0.10487993147376556,0.2824004664637875,0.15697393419851605,0.4557456678639308
22682,NA,NA,NA,NA,0.3782073554999301,0.3825371575649451,0.04851028816455359,0.19074519877057133
22683,NA,NA,NA,NA,0.0772621977285509,0.021605552400937155,0.6123539040651932,0.2887783458053187
22684,NA,NA,NA,NA,0.2625421317150001,0.424940593687661,0.20112377075536536,0.11139350384197359
22685,NA,NA,NA,NA,0.2829656611818746,0.13149556327932876,0.20593773358725787,0.37960104195153876
22686,NA,NA,NA,NA,0.6652754596864863,0.05757907799393354,0.03396397357843836,0.2431814887411418
22687,NA,NA,NA,NA,0.12811670875333867,0.49866251492257185,0.17086905289543547,0.202351723428654
22688,NA,NA,NA,NA,0.4287603919985056,0.1947866608739173,0.3456070542964507,0.030845892831126442
22689,NA,NA,NA,NA,0.17748288919353886,0.5108397694367371,0.22357500889599782,0.08810233247372624
22690,NA,NA,NA,NA,0.0859227726773794,0.14930477424606547,0.6678896423850025,0.09688281069155259
22691,NA,NA,NA,NA,0.08650598203495834,0.42641888208213763,0.42931172896425496,0.057763406918649174
22692,NA,NA,NA,NA,0.27464561685350364,0.20584920835638224,0.3192465015587316,0.20025867323138252
22693,NA,NA,NA,NA,0.3063292042700174,0.37328117633108193,0.19867565153534783,0.12171396786355287
22694,NA,NA,NA,NA,0.6581626334057733,0.0567990848480493,0.23415980922294113,0.0508784725232362
22695,NA,NA,NA,NA,0.3040508033265404,0.11033671272651116,0.5109719517780817,0.07464053216886682
22696,NA,NA,NA,NA,0.24541825210160423,0.4719329424627715,0.1056624995640665,0.17698630587155792
22697,NA,NA,NA,NA,0.12208074710883976,0.4028013013107822,0.28466527989645096,0.19045267168392718
22698,NA,NA,NA,NA,0.4668510648920942,0.4013099026037155,0.053747410805543655,0.07809162169864665
22699,NA,NA,NA,NA,0.5510281548848277,0.07306826698827452,0.2870666485754796,0.0888369295514182
22700,NA,NA,NA,NA,0.35080241096426196,0.17355833065190696,0.24338525034921937,0.2322540080346118
22701,NA,NA,NA,NA,0.1412108929999613,0.4135200202338988,0.10307081286499768,0.34219827390114216
22702,NA,NA,NA,NA,0.05697984514745749,0.0969434196300871,0.7546978063904303,0.09137892883202514
22703,NA,NA,NA,NA,0.24215745165331692,0.049604829447130974,0.6257463269291361,0.08249139197041588
22704,NA,NA,NA,NA,0.18486276815215166,0.5639122920800355,0.09594355704398892,0.15528138272382397
22705,NA,NA,NA,NA,0.054473711880556774,0.35724880171382817,0.4867774193600656,0.10150006704554951
22706,NA,NA,NA,NA,0.2461528410897584,0.14468990269847667,0.4830052945738363,0.12615196163792866
22707,NA,NA,NA,NA,0.04397490388552093,0.7317376309174408,0.11661165669394176,0.10767580850309628
22708,NA,NA,NA,NA,0.07569251199237854,0.18008259898372916,0.5273559897513852,0.21686889927250713
22709,NA,NA,NA,NA,0.10687342466013207,0.7346519725425616,0.06266841580546514,0.09580618699184111
22710,NA,NA,NA,NA,0.1727317777420995,0.5524914140053314,0.13478648998637568,0.1399903182661934
22711,NA,NA,NA,NA,0.5435273421327839,0.11743208187448509,0.21629637889078424,0.12274419710194677
22712,NA,NA,NA,NA,0.12608165994181608,0.7075652946821197,0.05756183988739022,0.108791205488674
22713,NA,NA,NA,NA,0.11691855079704003,0.19984174839477986,0.5355325868631051,0.14770711394507502
22714,NA,NA,NA,NA,0.10652863352779804,0.22408635434784602,0.5817269167818881,0.08765809534246785
22715,NA,NA,NA,NA,0.3040297641642424,0.35542933585021846,0.18205057129713453,0.15849032868840465
22716,NA,NA,NA,NA,0.11016413856053753,0.2239280643500195,0.48449698986936907,0.18141080722007397
22717,NA,NA,NA,NA,0.09507333508693896,0.07034969783762048,0.7309290459741027,0.10364792110133784
22718,NA,NA,NA,NA,0.4142499633608825,0.1354729605820729,0.24437527013466354,0.20590180592238105
22719,NA,NA,NA,NA,0.5384652098154695,0.21421021018063896,0.16168589352791624,0.08563868647597515
22720,NA,NA,NA,NA,0.03712726651788461,0.5738028741287857,0.29877213350239107,0.0902977258509384
22721,NA,NA,NA,NA,0.38556600895854176,0.42361398345546564,0.10320955800440619,0.08761044958158656
22722,NA,NA,NA,NA,0.13220523314699847,0.37291584789091964,0.28951270768819876,0.2053662112738832
22723,NA,NA,NA,NA,0.07657858509761398,0.7062826061109465,0.04345318898408409,0.1736856198073554
22724,NA,NA,NA,NA,0.16881259458519218,0.13237835911831597,0.6398323810103526,0.0589766652861392
22725,NA,NA,NA,NA,0.11614229416588341,0.5089096006355662,0.2501730199131492,0.12477508528540124
22726,NA,NA,NA,NA,0.06378444273270115,0.7787449875009786,0.05960156441983769,0.09786900534648248
22727,NA,NA,NA,NA,0.15544612526748247,0.16546441865611017,0.5864552578513796,0.09263419822502782
22728,NA,NA,NA,NA,0.09276178475706108,0.4788642121076794,0.2621397010699658,0.16623430206529385
22729,NA,NA,NA,NA,0.5136856828027353,0.2412699622157073,0.1820130054712872,0.06303134951027017
22730,NA,NA,NA,NA,0.0994642358891235,0.50362739825318,0.3066970021364577,0.09021136372123872
22731,NA,NA,NA,NA,0.060142286991887575,0.5605383577769261,0.2969845665608282,0.08233478867035803
22732,NA,NA,NA,NA,0.3559547036676004,0.3043179915487353,0.22366458450414853,0.11606272027951561
22733,NA,NA,NA,NA,0.328992912134193,0.3392243745845205,0.1236398018204678,0.20814291146081879
22734,NA,NA,NA,NA,0.17834261332244794,0.635947703120288,0.11424423854736311,0.0714654450099009
22735,NA,NA,NA,NA,0.11188707649986976,0.36892347258732183,0.47895548366789265,0.040233967244915916
22736,NA,NA,NA,NA,0.0682709390713689,0.3054093144752974,0.5339371724385421,0.0923825740147916
22737,NA,NA,NA,NA,0.5796286670867598,0.19985237753087295,0.08334523271652373,0.1371737226658435
22738,NA,NA,NA,NA,0.4499129793393309,0.22551480435513852,0.2552421124369839,0.06933010386854668
22739,NA,NA,NA,NA,0.39429909458811235,0.2728117034549699,0.21166597180582009,0.12122323015109768
22740,NA,NA,NA,NA,0.14960983079770973,0.6404364429725957,0.12072573813447621,0.08922798809521826
22741,NA,NA,NA,NA,0.5595815966583315,0.08933827985805298,0.28857818681746455,0.06250193666615105
22742,NA,NA,NA,NA,0.12076943268248083,0.5846318489135193,0.26039823569100606,0.03420048271299386
22743,NA,NA,NA,NA,0.2987126242590535,0.47508603791037557,0.13249715249535315,0.09370418533521777
22744,NA,NA,NA,NA,0.0965152261236373,0.6914079860253692,0.11674649056932003,0.09533029728167328
22745,NA,NA,NA,NA,0.33061420178349205,0.32126155558618824,0.16569847109985336,0.18242577153046646
22746,NA,NA,NA,NA,0.2735897065683293,0.405322404637309,0.2639904499891623,0.057097438805199345
22747,NA,NA,NA,NA,0.7204737304800763,0.1266870248885483,0.05996220251333971,0.09287704211803556
22748,NA,NA,NA,NA,0.5193256890914597,0.15260344973358994,0.29334056483466836,0.03473029634028207
22749,NA,NA,NA,NA,0.07374526309739618,0.11034108364083574,0.7313955477092658,0.08451810555250218
22750,NA,NA,NA,NA,0.13525369529055434,0.28375480286846805,0.5275919887375832,0.05339951310339449
22751,NA,NA,NA,NA,0.09883881294565686,0.43093869680307023,0.43254587007683076,0.03767662017444217
22752,NA,NA,NA,NA,0.47933996862407885,0.13371090014735093,0.3106830859549687,0.0762660452736015
22753,NA,NA,NA,NA,0.10646969045817414,0.66062422086172,0.159548291902733,0.07335779677737286
22754,NA,NA,NA,NA,0.32408311958136055,0.3102850711287326,0.33734806455009314,0.028283744739813668
22755,NA,NA,NA,NA,0.141951145763176,0.07817832151311094,0.6534897650093091,0.126380767714404
22756,NA,NA,NA,NA,0.2174903325266008,0.1567367776819167,0.4620992240752723,0.16367366571621014
22757,NA,NA,NA,NA,0.40973731811181135,0.19620841394573815,0.1601291430807236,0.23392512486172698
22758,NA,NA,NA,NA,0.1329261578128935,0.2825091750099395,0.5519975443884467,0.032567122788720336
22759,NA,NA,NA,NA,0.48006029517705795,0.38040730399785366,0.04916511010729678,0.09036729071779172
22760,NA,NA,NA,NA,0.11939649526103326,0.3346494442863862,0.4979773604718019,0.04797669998077861
22761,NA,NA,NA,NA,0.07893023681344037,0.7302080038965841,0.08875829996261558,0.10210345932735998
22762,NA,NA,NA,NA,0.13536755424380423,0.36875011743281016,0.4451278444558548,0.050754483867530654
22763,NA,NA,NA,NA,0.15450700095547962,0.42197607067653137,0.15167585342965825,0.27184107493833076
22764,NA,NA,NA,NA,0.1807987716336908,0.6240671296052949,0.0341264674654733,0.16100763129554116
22765,NA,NA,NA,NA,0.2894046923446625,0.23609256149142074,0.22579644762252007,0.24870629854139673
22766,NA,NA,NA,NA,0.26977202055728566,0.4457531774934638,0.21095426503447856,0.07352053691477192
22767,NA,NA,NA,NA,0.1966132416771952,0.07246216572572274,0.4637278344721955,0.26719675812488647
22768,NA,NA,NA,NA,0.12283948847346103,0.18460664509758265,0.5486016137759404,0.14395225265301595
22769,NA,NA,NA,NA,0.0448746805200076,0.7890249735889738,0.029935021320404848,0.13616532457061356
22770,NA,NA,NA,NA,0.5976190279623127,0.09322723045161918,0.041013630914523494,0.26814011067154453
22771,NA,NA,NA,NA,0.22510777050644515,0.06273859544971891,0.5835149788815579,0.12863865516227813
22772,NA,NA,NA,NA,0.5067389406427745,0.16806008799962707,0.08906714930455986,0.23613382205303843
22773,NA,NA,NA,NA,0.17408406947308616,0.3089576733219151,0.041768326998629444,0.47518993020636935
22774,NA,NA,NA,NA,0.13550449400402828,0.24967859424202118,0.3430707059291604,0.2717462058247902
22775,NA,NA,NA,NA,0.2455060540897974,0.3831933949636928,0.2640326660807355,0.10726788486577435
22776,NA,NA,NA,NA,0.25129570031165505,0.24767826895221315,0.13573958997674906,0.36528644075938277
22777,NA,NA,NA,NA,0.16141045141180044,0.3980716000088051,0.3065977520739881,0.13392019650540637
22778,NA,NA,NA,NA,0.07445773253387973,0.17696100879492788,0.4227186745353368,0.3258625841358556
22779,NA,NA,NA,NA,0.1500467493109928,0.48561651590582744,0.1881844524989132,0.17615228228426658
22780,NA,NA,NA,NA,0.16543860181067302,0.4458939230422624,0.05015201731831465,0.3385154578287501
22781,NA,NA,NA,NA,0.039301383516518344,0.11003529976167468,0.6833691931790185,0.16729412354278866
22782,NA,NA,NA,NA,0.09232520704201325,0.059714976725909565,0.46547440185077626,0.38248541438130096
22783,NA,NA,NA,NA,0.07777355674673264,0.06358039203052704,0.685551601235454,0.1730944499872863
22784,NA,NA,NA,NA,0.06612373393405517,0.40085136021381496,0.06583864956455235,0.46718625628757754
22785,NA,NA,NA,NA,0.1887179358213357,0.33479040135774707,0.27615492758562177,0.20033673523529555
22786,NA,NA,NA,NA,0.27758780830966484,0.05210534516640617,0.42921944413568003,0.24108740238824908
22787,NA,NA,NA,NA,0.36861110322845275,0.11873714728347935,0.20508286533199852,0.30756888415606937
22788,NA,NA,NA,NA,0.32244251296455495,0.03491157934248417,0.31200828238544986,0.3306376253075111
22789,NA,NA,NA,NA,0.5133289650492744,0.06744640285292465,0.15295434217065804,0.26627028992714297
22790,NA,NA,NA,NA,0.05027120489355261,0.17411333631223286,0.6125289410542255,0.16308651773998892
22791,NA,NA,NA,NA,0.15765362106523914,0.25233505226420255,0.07884588783185287,0.5111654388387055
22792,NA,NA,NA,NA,0.042370433778998504,0.04133391479689963,0.700085568665751,0.2162100827583508
22793,NA,NA,NA,NA,0.6171851911627646,0.1034095697264583,0.07121528353345889,0.20818995557731826
22794,NA,NA,NA,NA,0.13137066237540926,0.27814541994444925,0.45896169539422527,0.13152222228591615
22795,NA,NA,NA,NA,0.28446684946801487,0.3047990831306214,0.0810846547540309,0.3296494126473329
22796,NA,NA,NA,NA,0.5324747855010629,0.03891139916647222,0.16923191605993892,0.25938189927252603
22797,NA,NA,NA,NA,0.055720815135729095,0.07221945460213512,0.705111519733058,0.16694821052907777
22798,NA,NA,NA,NA,0.14515965784810694,0.07754940007224906,0.2945006671858525,0.4827902748937916
22799,NA,NA,NA,NA,0.5577871896735097,0.05324486150523004,0.04871383618564928,0.34025411263561095
22800,NA,NA,NA,NA,0.2767598141685431,0.09342456103138914,0.3460432413480704,0.28377238345199735
22801,NA,NA,NA,NA,0.04476795599368022,0.3127967135599631,0.2875225464021757,0.354912784044181
22802,NA,NA,NA,NA,0.039323584819147425,0.5577748639947863,0.17443876236447456,0.22846278882159163
22803,NA,NA,NA,NA,0.34060218640988266,0.4604333294772702,0.03126295440797576,0.1677015297048713
22804,NA,NA,NA,NA,0.11938655262768677,0.08832341299816429,0.6504385250762217,0.14185150929792736
22805,NA,NA,NA,NA,0.10500209751679396,0.3383883272479637,0.24604616356495754,0.31056341167028484
22806,NA,NA,NA,NA,0.09034951376527034,0.5240878679467478,0.16223546403242203,0.2233271542555598
22807,NA,NA,NA,NA,0.11175665655281407,0.01878199614635139,0.7732155211950728,0.09624582610576185
22808,NA,NA,NA,NA,0.017447642322983757,0.5007618728367716,0.29507525563464254,0.18671522920560216
22809,NA,NA,NA,NA,0.0556398488126555,0.07100724560981524,0.7710653261061312,0.10228757947139812
22810,NA,NA,NA,NA,0.02749764987056584,0.5027683068396454,0.31035351701210956,0.1593805262776793
22811,NA,NA,NA,NA,0.13824942963473627,0.2037861771343626,0.35297565587172136,0.30498873735917986
22812,NA,NA,NA,NA,0.10884696467385066,0.45229377090900946,0.18143756861017762,0.2574216958069623
22813,NA,NA,NA,NA,0.25711740094987395,0.11176014489196642,0.4405497857049934,0.19057266845316617
22814,NA,NA,NA,NA,0.07081118956123097,0.6946187878313539,0.06194146625113137,0.17262855635628369
22815,NA,NA,NA,NA,0.06405044343919625,0.5008899105935675,0.2590197357322499,0.17603991023498639
22816,NA,NA,NA,NA,0.1565532515825306,0.1510842175066489,0.2485281417511147,0.44383438915970574
22817,NA,NA,NA,NA,0.2893699425949683,0.26217519111261567,0.15104433266705686,0.29741053362535913
22818,NA,NA,NA,NA,0.02071850172972224,0.36322586045453154,0.47765188444299317,0.13840375337275307
22819,NA,NA,NA,NA,0.07823445432565439,0.09446771230952139,0.567359812444942,0.2599380209198822
22820,NA,NA,NA,NA,0.1436170080383145,0.23889884154812924,0.4232476247441619,0.19423652566939445
22821,NA,NA,NA,NA,0.0853639571447264,0.11716964303194655,0.5348191457109349,0.2626472541123921
22822,NA,NA,NA,NA,0.38759695576801967,0.07660957019810626,0.34924954341922637,0.18654393061464775
22823,NA,NA,NA,NA,0.11094392266577383,0.4728190962828934,0.055741922806283865,0.36049505824504885
22824,NA,NA,NA,NA,0.06148373320592024,0.46273042780570056,0.14506354421842108,0.33072229476995824
22825,NA,NA,NA,NA,0.36375276917297467,0.031051408097198387,0.4754099230518963,0.12978589967793075
22826,NA,NA,NA,NA,0.1726289749351768,0.10239951162319147,0.3989841416161316,0.32598737182550014
22827,NA,NA,NA,NA,0.6588203589915551,0.03565024704108658,0.140261608201381,0.16526778576597737
22828,NA,NA,NA,NA,0.13805560874736075,0.2660607713922385,0.516781862700049,0.07910175716035175
22829,NA,NA,NA,NA,0.11933062100125098,0.30175179023087645,0.4093928408976183,0.1695247478702544
22830,NA,NA,NA,NA,0.10180811063483236,0.029973273888593836,0.698126989502948,0.1700916259736258
22831,NA,NA,NA,NA,0.13511617837855158,0.5981963350748817,0.06001377238442897,0.20667371416213767
22832,NA,NA,NA,NA,0.1345688933419095,0.04587695974883473,0.7306724071369743,0.08888173977228134
22833,NA,NA,NA,NA,0.275390589391992,0.42171230637878676,0.08911075679048439,0.2137863474387368
22834,NA,NA,NA,NA,0.10369803084922485,0.09772148827155125,0.37870565693417335,0.4198748239450506
22835,NA,NA,NA,NA,0.4167260956190587,0.1470648261000546,0.12397653107174722,0.3122325472091394
22836,NA,NA,NA,NA,0.22903130727715235,0.4477427244791638,0.052752740825972526,0.27047322741771135
22837,NA,NA,NA,NA,0.10237671841008335,0.38305848083349003,0.13939305000916322,0.3751717507472634
22838,NA,NA,NA,NA,0.43794915859096556,0.20399771213145798,0.04793344908482644,0.31011968019275005
22839,NA,NA,NA,NA,0.24827116863885038,0.20308804697238997,0.25401000748692726,0.2946307769018325
22840,NA,NA,NA,NA,0.4640246441857034,0.07454737001600704,0.18154437074487836,0.27988361505341125
22841,NA,NA,NA,NA,0.18084703512078462,0.16027342652243962,0.10177717527362512,0.5571023630831506
22842,NA,NA,NA,NA,0.4051701159705669,0.07279611100259299,0.12115449295829041,0.40087928006854967
22843,NA,NA,NA,NA,0.22525500946492405,0.19766693611845293,0.3247056472936719,0.252372407122951
22844,NA,NA,NA,NA,0.5368948736128107,0.0845357219508296,0.1648268501145531,0.21374255432180655
22845,NA,NA,NA,NA,0.35114294336584767,0.36269028900969513,0.16303300944310642,0.12313375818135075
22846,NA,NA,NA,NA,0.13305244377340436,0.601809590187216,0.024191414154155204,0.24094655188522446
22847,NA,NA,NA,NA,0.28607788348686936,0.4631170880317896,0.0825986786450494,0.16820634983629162
22848,NA,NA,NA,NA,0.2422265903505236,0.3144197890282995,0.06453945020122277,0.3788141704199542
22849,NA,NA,NA,NA,0.3567202551682798,0.0306024772344789,0.5100007395278746,0.10267652806936665
22850,NA,NA,NA,NA,0.40918448258704504,0.12455383378280833,0.254940062301351,0.21132162132879562
22851,NA,NA,NA,NA,0.18149978710005968,0.4061957858317159,0.12222453402573069,0.29007989304249365
22852,NA,NA,NA,NA,0.5455867178116411,0.10093259908055192,0.05217373139376047,0.30130695171404653
22853,NA,NA,NA,NA,0.45961830309446616,0.0914977955012578,0.2950549220224749,0.15382897938180123
22854,NA,NA,NA,NA,0.2138188641142823,0.19547185763110167,0.062189597819828635,0.5285196804347874
22855,NA,NA,NA,NA,0.3412000990452688,0.20738352076345176,0.05740456630750682,0.39401181388377265
22856,NA,NA,NA,NA,0.04789060575283251,0.055855425123153196,0.42612771212771516,0.47012625699629906
22857,NA,NA,NA,NA,0.07258518653678366,0.06523979869843506,0.23507682075137354,0.6270981940134077
22858,NA,NA,NA,NA,0.2271521074670264,0.3619478031695326,0.33981638853961194,0.07108370082382906
22859,NA,NA,NA,NA,0.05396979578644589,0.8727382246358216,0.030995892597510094,0.0422960869802223
22860,NA,NA,NA,NA,0.2576741283502423,0.3119173196619932,0.2534489523392645,0.17695959964850003
22861,NA,NA,NA,NA,0.10946847411121187,0.5181049543000833,0.3330720662254173,0.03935450536328737
22862,NA,NA,NA,NA,0.1776118602983647,0.3373157001676232,0.2448601882006256,0.2402122513333866
22863,NA,NA,NA,NA,0.18115823487694913,0.7386775315983932,0.04456603310556718,0.03559820041909044
22864,NA,NA,NA,NA,0.0928022821516568,0.5535443069893737,0.24208649788971137,0.11156691296925808
22865,NA,NA,NA,NA,0.23740956349719564,0.41763512474841147,0.2568029058849901,0.08815240586940264
22866,NA,NA,NA,NA,0.3302460164003741,0.06624862600722621,0.555886885564957,0.047618472027442675
22867,NA,NA,NA,NA,0.23837462313606736,0.06344297053610398,0.6345946395975505,0.06358776673027816
22868,NA,NA,NA,NA,0.15348241064528426,0.31638335916062005,0.3860116730090648,0.14412255718503086
22869,NA,NA,NA,NA,0.398898123099283,0.20133967045258283,0.2820390179308116,0.11772318851732258
22870,NA,NA,NA,NA,0.4669972022247644,0.27600179239081774,0.19562811192874482,0.061372893455673136
22871,NA,NA,NA,NA,0.17485537473139154,0.6234979377268627,0.12320090926993743,0.07844577827180835
22872,NA,NA,NA,NA,0.12199653372839583,0.7454044588543751,0.0844666986989448,0.04813230871828436
22873,NA,NA,NA,NA,0.1001748718680441,0.3699337493235201,0.41265861747996174,0.11723276132847411
22874,NA,NA,NA,NA,0.3506516744011142,0.5126172202328243,0.06244213230163876,0.07428897306442282
22875,NA,NA,NA,NA,0.05105041502255142,0.8262392195550733,0.039520711251764234,0.08318965417061093
22876,NA,NA,NA,NA,0.24524005008555136,0.34521933684440337,0.36547449660390263,0.04406611646614263
22877,NA,NA,NA,NA,0.27973613523195284,0.13572048725153385,0.11145078307779054,0.47309259443872265
22878,NA,NA,NA,NA,0.17298493391934305,0.07950262490893602,0.3897273432931811,0.35778509787853985
22879,NA,NA,NA,NA,0.2788111743604392,0.17136118611720638,0.3907411835528498,0.15908645596950455
22880,NA,NA,NA,NA,0.14311064323890343,0.22356348664476158,0.5122707806313883,0.1210550894849467
22881,NA,NA,NA,NA,0.23918720017524833,0.12978187329777294,0.3840494958157815,0.24698143071119713
22882,NA,NA,NA,NA,0.05021765468446361,0.6475139254061683,0.017025482073959177,0.28524293783540916
22883,NA,NA,NA,NA,0.18453969719561197,0.1375401069773562,0.34106491133539807,0.33685528449163377
22884,NA,NA,NA,NA,0.1222712117988536,0.2708935252707414,0.2633392815319353,0.34349598139846976
22885,NA,NA,NA,NA,0.29549275326371094,0.23488982248237858,0.052674709647144366,0.4169427146067663
22886,NA,NA,NA,NA,0.18660219614492163,0.07811257466408626,0.1638162281481266,0.5714690010428655
22887,NA,NA,NA,NA,0.12448674448570554,0.467744530231472,0.1493548899721109,0.2584138353107114
22888,NA,NA,NA,NA,0.3548817927670576,0.3650869740232556,0.09357431460885403,0.18645691860083277
22889,NA,NA,NA,NA,0.03283894366753961,0.08496051186678043,0.5059975382478229,0.37620300621785713
22890,NA,NA,NA,NA,0.23602225994562384,0.47159094531628715,0.11129059317216775,0.18109620156592132
22891,NA,NA,NA,NA,0.13704743636412964,0.24564873409717072,0.44923436377941883,0.16806946575928075
22892,NA,NA,NA,NA,0.23610567815601316,0.12109177338111606,0.42517762461606134,0.2176249238468095
22893,NA,NA,NA,NA,0.2985481584695336,0.23404039288458953,0.2256783189602177,0.24173312968565921
22894,NA,NA,NA,NA,0.0684921826766473,0.12066224462125655,0.05030295847315114,0.760542614228945
22895,NA,NA,NA,NA,0.25104818022868064,0.23943048188099716,0.2924940493417206,0.2170272885486016
22896,NA,NA,NA,NA,0.4779620900917466,0.4173455720410716,0.015490640164454098,0.08920169770272775
22897,NA,NA,NA,NA,0.14696145044899303,0.2139342392017447,0.5022711303550847,0.13683317999417743
22898,NA,NA,NA,NA,0.06927519007570951,0.15368046716236675,0.530420600593092,0.24662374216883182
22899,NA,NA,NA,NA,0.6465140649558664,0.08099161597409774,0.07604981613523379,0.19644450293480212
22900,NA,NA,NA,NA,0.4733525357756221,0.07955778418612088,0.12180001247708587,0.3252896675611711
22901,NA,NA,NA,NA,0.3299048310652774,0.21178757350917343,0.2829892291855118,0.17531836624003744
22902,NA,NA,NA,NA,0.1476886593811296,0.43419061767453176,0.12230023790695428,0.2958204850373843
22903,NA,NA,NA,NA,0.38246059471026944,0.14747810614272097,0.3721628459358497,0.09789845321115992
22904,NA,NA,NA,NA,0.6065711158958633,0.12676302301347553,0.14784565994641985,0.1188202011442413
22905,NA,NA,NA,NA,0.2681202575537068,0.4592183475598169,0.09950084284896053,0.17316055203751582
22906,NA,NA,NA,NA,0.5693444611502982,0.23823907502306482,0.0236758916689779,0.168740572157659
22907,NA,NA,NA,NA,0.15053048572690253,0.17074740888336173,0.5626449363921772,0.11607716899755863
22908,NA,NA,NA,NA,0.21476485378471682,0.33972606403811606,0.34642352302334095,0.09908555915382614
22909,NA,NA,NA,NA,0.22645261238567332,0.5283128149141332,0.07164560371137807,0.1735889689888155
22910,NA,NA,NA,NA,0.25189284819192076,0.31819581823479404,0.17351997767129804,0.2563913559019872
22911,NA,NA,NA,NA,0.20377887965882338,0.13206096352363708,0.313802121488415,0.3503580353291245
22912,NA,NA,NA,NA,0.301626010401653,0.4556272258255958,0.1781454121451538,0.06460135162759736
22913,NA,NA,NA,NA,0.22851759868966115,0.07168323374400087,0.6053734671960356,0.09442570037030248
22914,NA,NA,NA,NA,0.10606557037816805,0.5152447477112551,0.13156922135036672,0.2471204605602102
22915,NA,NA,NA,NA,0.7639855974215315,0.04033072420679225,0.038911066656152425,0.15677261171552379
22916,NA,NA,NA,NA,0.16219893313090625,0.37204285713659097,0.07023394068480694,0.3955242690476959
22917,NA,NA,NA,NA,0.3799757147784351,0.1288055683303955,0.051809429291474376,0.439409287599695
22918,NA,NA,NA,NA,0.47491943243042556,0.1574121055889097,0.04969370333817941,0.31797475864248537
22919,NA,NA,NA,NA,0.06029809297696551,0.6449467794242009,0.03231751242840045,0.26243761517043324
22920,NA,NA,NA,NA,0.22159547528453336,0.06434395707614725,0.4263322800143043,0.2877282876250151
22921,NA,NA,NA,NA,0.4631151869846977,0.11714417725120371,0.08215804575912947,0.3375825900049691
22922,NA,NA,NA,NA,0.28869122140574677,0.40499176146830956,0.12703463211144744,0.17928238501449623
22923,NA,NA,NA,NA,0.07372302451778119,0.3116274366818908,0.2226830652667771,0.39196647353355085
22924,NA,NA,NA,NA,0.632821758517565,0.10729013433461934,0.13559025412816708,0.12429785301964866
22925,NA,NA,NA,NA,0.32883638821396016,0.20029163205374625,0.06056878951014267,0.4103031902221509
22926,NA,NA,NA,NA,0.47732501935435934,0.09993689849157437,0.2159231938909858,0.2068148882630804
22927,NA,NA,NA,NA,0.09663943142974937,0.1621420205389955,0.31905287446545216,0.422165673565803
22928,NA,NA,NA,NA,0.7951786438270775,0.05151807649629424,0.031191022292650413,0.12211225738397807
22929,NA,NA,NA,NA,0.10909117922651755,0.42222082525180993,0.19266727120401994,0.2760207243176527
22930,NA,NA,NA,NA,0.15131574746765594,0.10495752064836504,0.5232347481617471,0.22049198372223192
22931,NA,NA,NA,NA,0.10322191306579263,0.24929323283032861,0.49523407788332585,0.15225077622055277
22932,NA,NA,NA,NA,0.26664554035989246,0.13138571780309397,0.08119748502504992,0.5207712568119638
22933,NA,NA,NA,NA,0.4728968171889482,0.15332151187188003,0.1360272928307583,0.23775437810841354
22934,NA,NA,NA,NA,0.04898363795799683,0.0606975319744192,0.26357563142518475,0.6267431986423991
22935,NA,NA,NA,NA,0.04980845196158159,0.4221752468166037,0.21363962781152504,0.31437667341028974
22936,NA,NA,NA,NA,0.3284272094047014,0.0768739972524752,0.2180393097476112,0.3766594835952122
22937,NA,NA,NA,NA,0.30585534865725605,0.1272350267989932,0.19682041022380567,0.370089214319945
22938,NA,NA,NA,NA,0.40535979334193556,0.18707979422870205,0.09424944432477605,0.3133109681045864
22939,NA,NA,NA,NA,0.0759002843898738,0.12511953738268425,0.2673309132818149,0.531649264945627
22940,NA,NA,NA,NA,0.12266355516030322,0.03186945849664108,0.5788606593337401,0.26660632700931564
22941,NA,NA,NA,NA,0.06995158633728961,0.06446529423956919,0.5616759780603411,0.3039071413628001
22942,NA,NA,NA,NA,0.01814668771341992,0.3156162476081757,0.4829199963456571,0.1833170683327474
22943,NA,NA,NA,NA,0.045564381388313695,0.20557397374165595,0.1355745369522938,0.6132871079177366
22944,NA,NA,NA,NA,0.05798014662278125,0.250678006260628,0.10335975409675859,0.5879820930198321
22945,NA,NA,NA,NA,0.08686898103980399,0.2507142875220605,0.1489882824203559,0.5134284490177796
22946,NA,NA,NA,NA,0.05121321099768641,0.07719710285791898,0.39937006705711625,0.47221961908727844
22947,NA,NA,NA,NA,0.1681836062195207,0.5574627911757382,0.03125350146195843,0.24310010114278266
22948,NA,NA,NA,NA,0.180564520265168,0.08458502818871434,0.156374041119749,0.5784764104263685
22949,NA,NA,NA,NA,0.036118741166123354,0.24660894541420278,0.43836565872898337,0.27890665469069054
22950,NA,NA,NA,NA,0.15633509069568238,0.18603915446035002,0.13336497387696783,0.5242607809669998
22951,NA,NA,NA,NA,0.06656826379337419,0.4315967953601653,0.18820834815946758,0.31362659268699283
22952,NA,NA,NA,NA,0.10272312760523254,0.12215616413811921,0.14767782557326278,0.62744288268338555
22953,NA,NA,NA,NA,0.51641885984556,0.15996113821545432,0.16149395995007673,0.16212604198890898
22954,NA,NA,NA,NA,0.20126708837705815,0.21157344725194127,0.22782214034822953,0.359337324022771
22955,NA,NA,NA,NA,0.3132815195563493,0.5314286944640662,0.10350205803703467,0.051787727942549835
22956,NA,NA,NA,NA,0.4740809170387427,0.13187292254068422,0.13760675146054743,0.2564394089600256
22957,NA,NA,NA,NA,0.36469813697533954,0.10773143727975062,0.37538111823818915,0.15218930750672066
22958,NA,NA,NA,NA,0.602674039530233,0.22025880163655254,0.07730931691819415,0.09975784191502016
22959,NA,NA,NA,NA,0.05689082361377268,0.1684751314655474,0.5556867366652897,0.21894730825539038
22960,NA,NA,NA,NA,0.42422572965079236,0.34532375221410516,0.1729990791476032,0.05745143898749932
22961,NA,NA,NA,NA,0.06254810095990014,0.36848554943416584,0.43153199877300324,0.1374343508329308
22962,NA,NA,NA,NA,0.15189317186834606,0.08769321049545518,0.7200085325147706,0.04040508512142802
22963,NA,NA,NA,NA,0.20799881543137672,0.22637444154676759,0.1753243455691038,0.3903023974527519
22964,NA,NA,NA,NA,0.07120113952054076,0.11143906743469416,0.6627567893588922,0.15460300368587299
22965,NA,NA,NA,NA,0.5264481231347656,0.2553118653101058,0.09350924852387385,0.12473076303125473
22966,NA,NA,NA,NA,0.1609809574856797,0.12967750867929698,0.6083200680882074,0.1010214657468159
22967,NA,NA,NA,NA,0.025667403068138417,0.525264923549888,0.39995437275682083,0.04911330062515284
22968,NA,NA,NA,NA,0.2767465310447881,0.11075960935127563,0.503568640096065,0.10892521950787137
22969,NA,NA,NA,NA,0.5002515782937315,0.2665225240350755,0.16147311031494696,0.07175278735624609
22970,NA,NA,NA,NA,0.4395055508389591,0.2535319313318445,0.2160360331812384,0.09092648464795801
22971,NA,NA,NA,NA,0.17272164809569837,0.19504908090843354,0.5889457405116794,0.04328353048418878
22972,NA,NA,NA,NA,0.2975189048187896,0.5637449497289485,0.042710741718893115,0.09602540373336867
22973,NA,NA,NA,NA,0.05034874440364883,0.4894827907506762,0.07480772189517133,0.3853607429505035
22974,NA,NA,NA,NA,0.06737041334448811,0.09172383854749029,0.5372277245733691,0.3036780235346525
22975,NA,NA,NA,NA,0.3218198802152305,0.261605841051798,0.3009439475311357,0.1156303312018357
22976,NA,NA,NA,NA,0.0357361844704694,0.1652107434425265,0.5200593401900317,0.27899373189697235
22977,NA,NA,NA,NA,0.0527600193146745,0.3937728455597378,0.35735312170059363,0.19611401342499404
22978,NA,NA,NA,NA,0.038653082782714496,0.3782669651004606,0.45422571714834725,0.12885423496847762
22979,NA,NA,NA,NA,0.051764567172623316,0.41719859668153625,0.3702983225319144,0.1607385136139259
22980,NA,NA,NA,NA,0.3975736564067188,0.4963019955945718,0.030822154607913356,0.0753021933907961
22981,NA,NA,NA,NA,0.2749230255697158,0.4664557564976689,0.1662861768316172,0.09233504110099798
22982,NA,NA,NA,NA,0.22759762961630042,0.09763679833537622,0.22108418230397786,0.4536813897443455
22983,NA,NA,NA,NA,0.40391278834419314,0.46620044035417846,0.01665076466347282,0.11323600663815564
22984,NA,NA,NA,NA,0.03473056277045214,0.48688019114146475,0.30783354194694523,0.17055570414113783
22985,NA,NA,NA,NA,0.40822406642734477,0.15449929139813504,0.09136102238877124,0.34591561978574903
22986,NA,NA,NA,NA,0.33458646799252617,0.43155386510879507,0.08513701183250409,0.14872265506617466
22987,NA,NA,NA,NA,0.07832637564303836,0.19050037166013425,0.4110139977415187,0.3201592549553088
22988,NA,NA,NA,NA,0.1257980280986172,0.09525443626746356,0.6357220872857386,0.14322544834818057
22989,NA,NA,NA,NA,0.5584512097389066,0.13887448280653997,0.10212865498541183,0.20054565246914158
22990,NA,NA,NA,NA,0.15541326829171526,0.5366732999763626,0.09309040608337332,0.21482302564854874
22991,NA,NA,NA,NA,0.5047453723093912,0.14111649389061895,0.07014552190154473,0.2839926118984452
22992,NA,NA,NA,NA,0.24054066409507532,0.5879647561015733,0.052876975239278916,0.11861760456407251
22993,NA,NA,NA,NA,0.08790406612015544,0.05132101272657869,0.7408201837229798,0.11995473743028612
22994,NA,NA,NA,NA,0.618441180341117,0.2572273519836097,0.04611340042396531,0.07821806725130802
22995,NA,NA,NA,NA,0.0963766968874442,0.4318612508093771,0.3074834153220382,0.16427863698114042
22996,NA,NA,NA,NA,0.6942719144673671,0.08342109230940217,0.1070609859663529,0.11524600725687778
22997,NA,NA,NA,NA,0.2560729126621841,0.3848732021396652,0.236570834334011,0.12248305086413974
22998,NA,NA,NA,NA,0.22779283214293303,0.16460484267892272,0.19701853434237132,0.41058379083577295
22999,NA,NA,NA,NA,0.6296460443751097,0.09028296158827472,0.1684582239244021,0.11161277011221336
23000,NA,NA,NA,NA,0.11627215981309369,0.13154453748763864,0.6691845233178539,0.08299877938141384
23001,NA,NA,NA,NA,0.18257903669267803,0.5726845857870055,0.1695025881146833,0.07523378940563313
23002,NA,NA,NA,NA,0.09014327789531568,0.32509416352137427,0.39901230447516495,0.18575025410814508
23003,NA,NA,NA,NA,0.5846202275294465,0.04928929662484543,0.27562437983861937,0.0904660960070886
23004,NA,NA,NA,NA,0.05967302084786949,0.37446899308134496,0.4585622363290095,0.10729574974177616
23005,NA,NA,NA,NA,0.41633184323114547,0.48262737956602797,0.03236558168315827,0.06867519551966846
23006,NA,NA,NA,NA,0.04034585148659365,0.0428298677296976,0.8517509145117171,0.06507336627199153
23007,NA,NA,NA,NA,0.020072880890922663,0.4734448435682745,0.4576907730373451,0.048791502503457804
23008,NA,NA,NA,NA,0.056475766245580976,0.4597769752635955,0.34303933748448423,0.14070792100633922
23009,NA,NA,NA,NA,0.25945840199058606,0.08656369005229038,0.4802226515256711,0.1737552564314524
23010,NA,NA,NA,NA,0.5986084139763497,0.1475015885782454,0.08304281871885645,0.17084717872654853
23011,NA,NA,NA,NA,0.31430281277624605,0.057859717408739166,0.27319519212444277,0.354642277690572
23012,NA,NA,NA,NA,0.3645980036592902,0.048223673446811124,0.3220423400760412,0.2651359828178575
23013,NA,NA,NA,NA,0.30927013967755046,0.09286760226740609,0.28215026058933734,0.31571199746570605
23014,NA,NA,NA,NA,0.09826806073387184,0.19669570461601635,0.3550742868829955,0.34996194776711625
23015,NA,NA,NA,NA,0.14604927471292156,0.09888002526176239,0.4255587792005456,0.3295119208247704
23016,NA,NA,NA,NA,0.2543015835929367,0.2191894005200886,0.39349990017553993,0.1330091157114348
23017,NA,NA,NA,NA,0.16387529587976335,0.1323831795920833,0.48766037662475537,0.21608114790339805
23018,NA,NA,NA,NA,0.5855441928191624,0.11199475689854518,0.16663039517597872,0.13583065510631367
23019,NA,NA,NA,NA,0.04821603921806963,0.13911562727347182,0.6137848010390939,0.19888353246936466
23020,NA,NA,NA,NA,0.3301450988816881,0.09130688418907648,0.09316695825607828,0.4853810586731571
23021,NA,NA,NA,NA,0.48075836682493894,0.23454454896505791,0.05003875787341059,0.2346583263365925
23022,NA,NA,NA,NA,0.14522530349330726,0.09643404188346459,0.08526738437692133,0.6730732702463068
23023,NA,NA,NA,NA,0.4976298554484361,0.10008771065198166,0.18546590883936923,0.2168165250602131
23024,NA,NA,NA,NA,0.3853528026076825,0.28182981045840366,0.0816455983678696,0.25117178856604416
23025,NA,NA,NA,NA,0.06897864728446616,0.27275644869187715,0.27688159618394187,0.3813833078397149
23026,NA,NA,NA,NA,0.6584991848035489,0.0773283448993393,0.08214467555081335,0.18202779474629843
23027,NA,NA,NA,NA,0.2556416693027665,0.3005171636532984,0.0820836314264908,0.36175753561744417
23028,NA,NA,NA,NA,0.13224745107022243,0.41282329910577364,0.07055876408477267,0.3843704857392312
23029,NA,NA,NA,NA,0.031101060740449927,0.14186899673175624,0.5674731399838379,0.25955680254395613
23030,NA,NA,NA,NA,0.23109400810847083,0.48993433246404483,0.0893173557016552,0.18965430372582925
23031,NA,NA,NA,NA,0.04049241975596976,0.34621292491033684,0.26948513103670607,0.3438095242969873
23032,NA,NA,NA,NA,0.06450862094680887,0.7876899661928378,0.08167127884986616,0.066130134010487
23033,NA,NA,NA,NA,0.35464299957391204,0.29711301099376747,0.08987384810147031,0.25837014133085023
23034,NA,NA,NA,NA,0.05435612218622131,0.5378448362516338,0.09107373967442507,0.31672530188771986
23035,NA,NA,NA,NA,0.18166572730341138,0.5890446023271614,0.06294395850632553,0.16634571186310176
23036,NA,NA,NA,NA,0.052168066253042114,0.6936405292489736,0.05543033763882757,0.19876106685915676
23037,NA,NA,NA,NA,0.34581280384366425,0.3548540586539438,0.16892590343498937,0.1304072340674026
23038,NA,NA,NA,NA,0.2751069205374616,0.5509424920464356,0.09283598861712505,0.08111459879897771
23039,NA,NA,NA,NA,0.40081571173958247,0.29174865962899643,0.04986294985955633,0.25757267877186485
23040,NA,NA,NA,NA,0.06979151035328658,0.27102403909254524,0.13350426861712764,0.5256801819370406
23041,NA,NA,NA,NA,0.2358903978409647,0.28511788019998935,0.3624882828923161,0.1165034390667299
23042,NA,NA,NA,NA,0.23838945064215186,0.3011147603328336,0.12562536188688808,0.3348704271381265
23043,NA,NA,NA,NA,0.09002239978911707,0.41419374821237037,0.18183556120290612,0.31394829079560654
23044,NA,NA,NA,NA,0.10889496881538402,0.33974215204051345,0.42398300941087746,0.12737986973322513
23045,NA,NA,NA,NA,0.2397548814799117,0.3488951635182413,0.18886133250062578,0.22248862250122117
23046,NA,NA,NA,NA,0.5355929195194764,0.1555383384130415,0.1540200564448749,0.15484868562260717
23047,NA,NA,NA,NA,0.09621300882980838,0.4229336873964438,0.3619985779111728,0.11885472586257484
23048,NA,NA,NA,NA,0.5119968595638732,0.12049102422028252,0.23265303406503388,0.13485908215081052
23049,NA,NA,NA,NA,0.2823508731955503,0.4598951466984228,0.06914067598303186,0.18861330412299493
23050,NA,NA,NA,NA,0.1891186467208733,0.5527005359286066,0.13811160481100798,0.12006921253951226
23051,NA,NA,NA,NA,0.44559140455016694,0.2595315738840659,0.13640914749923005,0.15846787406653703
23052,NA,NA,NA,NA,0.164891742272037,0.6561362450195606,0.0795088741008011,0.09946313860760143
23053,NA,NA,NA,NA,0.3811711347609012,0.1156591110338194,0.2980589365090533,0.2051108176962261
23054,NA,NA,NA,NA,0.40112805044133865,0.07538997336786135,0.3825889405105862,0.14089303568021375
23055,NA,NA,NA,NA,0.6688101462195305,0.21471347687596296,0.03475058664363603,0.08172579026087035
23056,NA,NA,NA,NA,0.26106892960554895,0.2181960662526234,0.26802868287830406,0.2527063212635236
23057,NA,NA,NA,NA,0.1636009803575093,0.6379696910372527,0.04830288918528851,0.1501264394199494
23058,NA,NA,NA,NA,0.05221157591126629,0.44459800932303856,0.33259013565509316,0.1706002791106019
23059,NA,NA,NA,NA,0.2602149662999822,0.28643959683185366,0.18523117632472605,0.268114260543438
23060,NA,NA,NA,NA,0.49307061792580725,0.15319901918136877,0.0680804048448519,0.2856499580479721
23061,NA,NA,NA,NA,0.38418334952611644,0.13540623923039544,0.40266833723454526,0.07774207400894302
23062,NA,NA,NA,NA,0.13176497881041122,0.4275779996180182,0.10314200107730413,0.33751502049426657
23063,NA,NA,NA,NA,0.060492300996626745,0.045215699889506966,0.7118677603910342,0.18242423872283212
23064,NA,NA,NA,NA,0.077618432102087,0.09578427558476546,0.5714417737714867,0.2551555185416608
23065,NA,NA,NA,NA,0.11304401816058604,0.26043122279852216,0.4067791773931545,0.21974558164773725
23066,NA,NA,NA,NA,0.0686247238631126,0.7392871482985766,0.0377200661899148,0.15436806164839606
23067,NA,NA,NA,NA,0.09567461550305123,0.11799717094474911,0.2208795233314389,0.5654486902207607
23068,NA,NA,NA,NA,0.6606137193018643,0.11264231357137959,0.011576449865910842,0.21516751726084532
23069,NA,NA,NA,NA,0.05888603253855419,0.35785428075446785,0.17562787579595354,0.4076318109110244
23070,NA,NA,NA,NA,0.10541096864297385,0.46289820800596626,0.07418649942323147,0.3575043239278284
23071,NA,NA,NA,NA,0.036067361729462365,0.37885387240039403,0.24381963961995573,0.34125912625018784
23072,NA,NA,NA,NA,0.27938214154430163,0.10740640181136993,0.3557271690305958,0.2574842876137326
23073,NA,NA,NA,NA,0.10946881688216613,0.05696498236580239,0.3724835120417559,0.46108268871027563
23074,NA,NA,NA,NA,0.35502482667961566,0.13274345753218555,0.07069029561708676,0.44154142017111203
23075,NA,NA,NA,NA,0.22520800021573584,0.2102927482693617,0.11635237618447124,0.4481468753304313
23076,NA,NA,NA,NA,0.4150924213803064,0.07846049842879486,0.06149425415785267,0.44495282603304626
23077,NA,NA,NA,NA,0.5900679375833914,0.07299232655094204,0.040395778590792616,0.2965439572748739
23078,NA,NA,NA,NA,0.0711926430941909,0.12835237728598017,0.5017833179300325,0.2986716616897965
23079,NA,NA,NA,NA,0.3897766891757935,0.09601184066706994,0.23908437800624013,0.2751270921508964
23080,NA,NA,NA,NA,0.2813728997653637,0.3029005962501364,0.13108662699540302,0.2846398769890968
23081,NA,NA,NA,NA,0.0679970363497646,0.1279565014994217,0.36262834906862795,0.4414181130821857
23082,NA,NA,NA,NA,0.19503803528036423,0.5986965394573119,0.02930793455380346,0.17695749070852046
23083,NA,NA,NA,NA,0.13527581594807062,0.3967318304043243,0.2273328104928412,0.2406595431547639
23084,NA,NA,NA,NA,0.09011284730446749,0.37214407173988595,0.3043700862481446,0.23337299470750206
23085,NA,NA,NA,NA,0.0756430248967447,0.05306283735829028,0.06398379759644549,0.8073103401485195
23086,NA,NA,NA,NA,0.18979086418322932,0.4223144530168237,0.31012741540417266,0.07776726739577448
23087,NA,NA,NA,NA,0.01110258945979259,0.35601368960323937,0.5494895502310473,0.08339417070592085
23088,NA,NA,NA,NA,0.35121739453387363,0.035706441017903476,0.5201504029353811,0.09292576151284176
23089,NA,NA,NA,NA,0.3196351840416823,0.3631208225273268,0.23685835719940943,0.08038563623158139
23090,NA,NA,NA,NA,0.04737659957893319,0.19298162252714307,0.5207339067203889,0.23890787117353485
23091,NA,NA,NA,NA,0.18566209581604895,0.4575674419455382,0.2061137807143183,0.15065668152409442
23092,NA,NA,NA,NA,0.1816614601800455,0.1303818066900289,0.5262474114663176,0.16170932166360813
23093,NA,NA,NA,NA,0.18693737192244186,0.1675880094847852,0.24679817200672963,0.39867644658604323
23094,NA,NA,NA,NA,0.373713012676712,0.4321621906826289,0.12405360727890738,0.07007118936175184
23095,NA,NA,NA,NA,0.0807135603969482,0.36217882361150866,0.16682402723422327,0.39028358875732
23096,NA,NA,NA,NA,0.2374861814720747,0.12681994631339122,0.49015477406499763,0.1455390981495365
23097,NA,NA,NA,NA,0.30050312144308433,0.1387208608298921,0.4820971986823583,0.07867881904466525
23098,NA,NA,NA,NA,0.12557963541759648,0.15290462240804686,0.5953205661776781,0.12619517599667854
23099,NA,NA,NA,NA,0.3504239724860159,0.2365838086655843,0.22083538935354569,0.1921568294948541
23100,NA,NA,NA,NA,0.06793402610884375,0.0586582838869187,0.7773152476744759,0.09609244232976158
23101,NA,NA,NA,NA,0.07545624527268646,0.4741614981516474,0.23307438477821915,0.21730787179744693
23102,NA,NA,NA,NA,0.2430982847105096,0.1223719773926417,0.4159089856412023,0.2186207522556464
23103,NA,NA,NA,NA,0.1000840889024103,0.3402905351500316,0.4807490749455564,0.07887630100200159
23104,NA,NA,NA,NA,0.05297456986638468,0.3947336393042498,0.3961116081552524,0.15618018267411324
23105,NA,NA,NA,NA,0.030919754024932973,0.3950867561674076,0.39944755627334144,0.174545933534318
23106,NA,NA,NA,NA,0.29212277772031153,0.2553655894015374,0.25102034265544043,0.20149129022271067
23107,NA,NA,NA,NA,0.12420343325247173,0.07393110166692388,0.7310110031562351,0.07085446192436937
23108,NA,NA,NA,NA,0.08709435925733108,0.4015981729654163,0.1875505351820251,0.3237569325952274
23109,NA,NA,NA,NA,0.04978514098900983,0.40489698417950637,0.4555802991129799,0.08973757571850388
23110,NA,NA,NA,NA,0.4984939515945737,0.09265191052030193,0.27469360045907093,0.13416053742605336
23111,NA,NA,NA,NA,0.07559711650847391,0.5985223989583531,0.1792733810032814,0.14660710352989145
23112,NA,NA,NA,NA,0.06387274273552039,0.17416905069795569,0.6767107766545175,0.0852474299120063
23113,NA,NA,NA,NA,0.10669746113105591,0.45217369446598205,0.290025638481174,0.151103205921788
23114,NA,NA,NA,NA,0.03832386375879572,0.3675781623558012,0.5331868681280989,0.06091110575730415
23115,NA,NA,NA,NA,0.09186866212488204,0.33998596917640594,0.4557405211317501,0.11240484756696204
23116,NA,NA,NA,NA,0.05561309173952814,0.7200891267562102,0.04368078228205788,0.18061699922220373
23117,NA,NA,NA,NA,0.16182290048366943,0.1672271375488342,0.5665939684859297,0.10435599348156666
23118,NA,NA,NA,NA,0.03547343870304582,0.07546815986727355,0.6542634356847928,0.2347949657448877
23119,NA,NA,NA,NA,0.06401789316379587,0.3049559782427157,0.20723835374252528,0.4237877748509632
23120,NA,NA,NA,NA,0.4861917143927777,0.28362841034228486,0.07359119206200185,0.15658868320293567
23121,NA,NA,NA,NA,0.4329885292028961,0.23683621306507724,0.0982518356119543,0.2319234221200724
23122,NA,NA,NA,NA,0.26162307607522667,0.3338094185451898,0.20773138905448782,0.19683611632509554
23123,NA,NA,NA,NA,0.0259625378448453,0.4720813948018343,0.2847909460962407,0.21716512125707968
23124,NA,NA,NA,NA,0.07156719726805967,0.7268888884347761,0.06887466301460103,0.13266925128256302
23125,NA,NA,NA,NA,0.10761573690984211,0.7218223801120004,0.06007232681416792,0.11048955616398949
23126,NA,NA,NA,NA,0.1858920128867013,0.39964154066174357,0.33940035155465204,0.07506609489690313
23127,NA,NA,NA,NA,0.25952250905018354,0.09286917008145253,0.5383901223279114,0.10921819854045246
23128,NA,NA,NA,NA,0.5965894360313088,0.163973500690782,0.09994740138225748,0.13948966189565185
23129,NA,NA,NA,NA,0.13982464925984533,0.6148182173054678,0.1501357116880649,0.09522142174662183
23130,NA,NA,NA,NA,0.11924786554099993,0.7259625806321397,0.051500802307552725,0.10328875151930778
23131,NA,NA,NA,NA,0.061182373574735056,0.24389180252814802,0.6180904706623769,0.07683535323474014
23132,NA,NA,NA,NA,0.4585531963257113,0.2757348813562478,0.14239073650044212,0.12332118581759868
23133,NA,NA,NA,NA,0.07652930260157295,0.3269785689943937,0.5437099955725401,0.0527821328314933
23134,NA,NA,NA,NA,0.039555439527880036,0.3628148879381858,0.44560200290993435,0.15202766962399986
23135,NA,NA,NA,NA,0.11842413450352203,0.4917466624466695,0.30717646224260964,0.08265274080719881
23136,NA,NA,NA,NA,0.2542684255479617,0.08247520954086697,0.46818470523752403,0.19507165967364729
23137,NA,NA,NA,NA,0.06245144187412445,0.3407332953191082,0.22740677905968412,0.36940848374708324
23138,NA,NA,NA,NA,0.03967126115363635,0.3933098514141537,0.4582335369819929,0.10878535045021698
23139,NA,NA,NA,NA,0.23332295414844434,0.4113414564633914,0.19921506305586334,0.15612052633230092
23140,NA,NA,NA,NA,0.03948783776706203,0.838665357103173,0.04033182125717517,0.08151498387258975
23141,NA,NA,NA,NA,0.07113863664314146,0.5802490578335047,0.1631540243224221,0.18545828120093166
23142,NA,NA,NA,NA,0.21358094937682018,0.1662320409383794,0.4651935412257863,0.15499346845901416
23143,NA,NA,NA,NA,0.1564134562437987,0.4984314467844095,0.3072575081216422,0.03789758885014966
23144,NA,NA,NA,NA,0.01258041697162998,0.5350560759331272,0.3640679531511455,0.08829555394409735
23145,NA,NA,NA,NA,0.04558389410991093,0.6248082668578767,0.23412605737740072,0.09548178165481161
23146,NA,NA,NA,NA,0.015025123988381498,0.6231350776688536,0.3292976961928678,0.032542102149897265
23147,NA,NA,NA,NA,0.18058257649966558,0.27805459251596487,0.32116251567404397,0.22020031531032558
23148,NA,NA,NA,NA,0.022708775493842398,0.868519946494454,0.049886386121302154,0.05888489189040142
23149,NA,NA,NA,NA,0.16686642953253913,0.6162948932935757,0.07314241394456812,0.14369626322931708
23150,NA,NA,NA,NA,0.10711484498510243,0.5779682812170757,0.09785255806316638,0.21706431573465557
23151,NA,NA,NA,NA,0.19208971628061955,0.09442148847817748,0.6546966934393069,0.05879210180189598
23152,NA,NA,NA,NA,0.07151777232184399,0.08977024222527222,0.726922762003363,0.11178922344952082
23153,NA,NA,NA,NA,0.36242877836759135,0.24899232385633993,0.21484910871389568,0.17372978906217307
23154,NA,NA,NA,NA,0.029453938334232127,0.4233585756100547,0.43629266623766133,0.1108948198180518
23155,NA,NA,NA,NA,0.31941355814818934,0.5367924305634343,0.06017971528108925,0.08361429600728729
23156,NA,NA,NA,NA,0.4092465373037438,0.13680808574361655,0.3448721329667331,0.10907324398590657
23157,NA,NA,NA,NA,0.03602846661670686,0.849423006599895,0.05132222818107516,0.06322629860232304
23158,NA,NA,NA,NA,0.3295204459418844,0.35214283949430547,0.2381337217369581,0.0802029928268521
23159,NA,NA,NA,NA,0.34078141259098566,0.32632507908725267,0.23208257873549587,0.10081092958626578
23160,NA,NA,NA,NA,0.056564398720225326,0.32198703483823604,0.3635016676152528,0.2579468988262858
23161,NA,NA,NA,NA,0.1772893869041561,0.4974953383765079,0.2729038005129179,0.05231147420641811
23162,NA,NA,NA,NA,0.35565873564742057,0.30513792780940385,0.08001448349722406,0.2591888530459516
23163,NA,NA,NA,NA,0.14633941413156243,0.6591640251681755,0.03887895362565685,0.15561760707460523
23164,NA,NA,NA,NA,0.19372319870503596,0.5664970680708369,0.11704503102604973,0.12273470219807746
23165,NA,NA,NA,NA,0.03359121141302175,0.2454548833399244,0.3543799750574485,0.3665739301896053
23166,NA,NA,NA,NA,0.5459354046080331,0.17449411207128937,0.11333708358882699,0.16623339973185056
23167,NA,NA,NA,NA,0.272229924733996,0.24955838390935586,0.2158585539595039,0.2623531373971443
23168,NA,NA,NA,NA,0.31387253950705835,0.06678173874458407,0.31892331457709444,0.30042240717126323
23169,NA,NA,NA,NA,0.222459614515506,0.27553206760124244,0.4205756001215305,0.08143271776172098
23170,NA,NA,NA,NA,0.1430765059016308,0.17085727931474493,0.21372638907083347,0.4723398257127907
23171,NA,NA,NA,NA,0.2805767455314248,0.1570642548790325,0.35718895194140526,0.20517004764813734
23172,NA,NA,NA,NA,0.3360679630584291,0.39862647853919714,0.1432216755692077,0.12208388283316601
23173,NA,NA,NA,NA,0.08849486040162163,0.12953471695053093,0.31978177580601724,0.46218864684183025
23174,NA,NA,NA,NA,0.5464703838565427,0.2619263920778012,0.051059010168653635,0.14054421389700245
23175,NA,NA,NA,NA,0.2971897680309815,0.21611947336653362,0.2398773174325874,0.24681344116989745
23176,NA,NA,NA,NA,0.043886654736078626,0.6830402889522733,0.06186418721549736,0.2112088690961506
23177,NA,NA,NA,NA,0.2360349498215442,0.297572013117985,0.4108972226063295,0.05549581445414131
23178,NA,NA,NA,NA,0.13540894002112594,0.562114898959117,0.18754340521673185,0.11493275580302517
23179,NA,NA,NA,NA,0.16034943267516766,0.584462307010799,0.08359508218356443,0.17159317813046898
23180,NA,NA,NA,NA,0.05126531292051167,0.3576187619102119,0.4337418161953405,0.15737410897393586
23181,NA,NA,NA,NA,0.10097625947789053,0.25632781782778347,0.03519791105236442,0.6074980116419615
23182,NA,NA,NA,NA,0.7389985195134535,0.08892279363687976,0.004109119583798993,0.16796956726586776
23183,NA,NA,NA,NA,0.21229871534632452,0.14653229868106749,0.040662830581081694,0.6005061553915263
23184,NA,NA,NA,NA,0.3244935268452901,0.07739064685343577,0.13962537179487178,0.4584904545064023
23185,NA,NA,NA,NA,0.3275806315692687,0.025710719020741634,0.03813075987705076,0.6085778895329389
23186,NA,NA,NA,NA,0.41500659058130185,0.017473394466138385,0.02665017276017593,0.5408698421923839
23187,NA,NA,NA,NA,0.22278320532097515,0.04134393958496661,0.15585651150679364,0.5800163435872646
23188,NA,NA,NA,NA,0.5392976767503126,0.17995926655119282,0.008230114682920998,0.2725129420155736
23189,NA,NA,NA,NA,0.17323043041796407,0.029690549043691724,0.03754024400138103,0.7595387765369631
23190,NA,NA,NA,NA,0.32076044471576426,0.0364117495722697,0.08660094976432947,0.5562268559476365
23191,NA,NA,NA,NA,0.5258487684889861,0.14620402386199416,0.008386754747334307,0.31956045290168544
23192,NA,NA,NA,NA,0.2627559733507051,0.08645524122298483,0.011323652213283431,0.6394651332130266
23193,NA,NA,NA,NA,0.2461767523459943,0.07769625671729888,0.021185926895047277,0.6549410640416595
23194,NA,NA,NA,NA,0.6593885589747718,0.11477919250659172,0.007555319302142071,0.21827692921649455
23195,NA,NA,NA,NA,0.5517148391517351,0.06427242908596566,0.03735470728986143,0.34665802447243765
23196,NA,NA,NA,NA,0.25402342737713274,0.21472769298111927,0.08062398241614556,0.45062489722560245
23197,NA,NA,NA,NA,0.34704117521495104,0.030827371154361644,0.03996194983594644,0.582169503794741
23198,NA,NA,NA,NA,0.4895283585509418,0.02866108755097032,0.10788452209130664,0.37392603180678124
23199,NA,NA,NA,NA,0.7015456006863999,0.011463677905582554,0.010180918152054975,0.2768098032559627
23200,NA,NA,NA,NA,0.25520939224929734,0.07880984021716292,0.5312376826696177,0.13474308486392203
23201,NA,NA,NA,NA,0.36455906363748236,0.25779415877034756,0.2612484149968674,0.11639836259530265
23202,NA,NA,NA,NA,0.10988308264121391,0.4668932376787048,0.2823338625629199,0.14088981711716128
23203,NA,NA,NA,NA,0.0783888655954126,0.619802240300855,0.21018570780911144,0.09162318629462118
23204,NA,NA,NA,NA,0.0911154113186588,0.4231512041350983,0.21308091933792614,0.27265246520831665
23205,NA,NA,NA,NA,0.24639078391553465,0.10011395135621076,0.49624892428708284,0.15724634044117175
23206,NA,NA,NA,NA,0.415466138216792,0.35703068791978043,0.03776495675000673,0.18973821711342087
23207,NA,NA,NA,NA,0.2561949915268128,0.18765409611640949,0.46318989840858826,0.09296101394818955
23208,NA,NA,NA,NA,0.20250082972276698,0.2201561365950066,0.29718648767858447,0.2801565460036419
23209,NA,NA,NA,NA,0.2594098986443935,0.4800106330844174,0.0763684175999795,0.1842110506712097
23210,NA,NA,NA,NA,0.4275221864001751,0.2788301414176903,0.18693384246991565,0.1067138297122189
23211,NA,NA,NA,NA,0.35734361927985325,0.3804933836140722,0.1467928823149026,0.11537011479117182
23212,NA,NA,NA,NA,0.09156816871918946,0.4032644497211639,0.3171545855616668,0.18801279599797988
23213,NA,NA,NA,NA,0.0517071260109578,0.08894777997561097,0.6202602667903353,0.23908482722309587
23214,NA,NA,NA,NA,0.4864332579872651,0.035763586270302045,0.3910239719526519,0.0867791837897808
23215,NA,NA,NA,NA,0.4084549959909521,0.12991135615326882,0.18970578782117795,0.2719278600346012
23216,NA,NA,NA,NA,0.24682917686401812,0.21398335983145036,0.31267591161036556,0.22651155169416595
23217,NA,NA,NA,NA,0.056422885352461705,0.48792235777716514,0.14630826523472784,0.30934649163564526
23218,NA,NA,NA,NA,0.15438827945156428,0.32544426952176253,0.3132849073874333,0.20688254363923989
23219,NA,NA,NA,NA,0.1914916613666394,0.062205653010773417,0.061541910287018955,0.6847607753355683
23220,NA,NA,NA,NA,0.6241979043633654,0.10100031262592198,0.12867611975729729,0.14612566325341522
23221,NA,NA,NA,NA,0.7490610854948743,0.025422864736525736,0.033260216279145806,0.19225583348945421
23222,NA,NA,NA,NA,0.09894735085986774,0.0770960826924124,0.47367936059328053,0.3502772058544392
23223,NA,NA,NA,NA,0.13019897128361005,0.4303157218822321,0.12147946903107062,0.3180058378030873
23224,NA,NA,NA,NA,0.09635561785419837,0.15188049270717086,0.2660711000020669,0.4856927894365638
23225,NA,NA,NA,NA,0.37625667174765737,0.374048042180834,0.04042341977080495,0.20927186630070366
23226,NA,NA,NA,NA,0.1515111745639909,0.19027946775450089,0.23527777307815334,0.4229315846033549
23227,NA,NA,NA,NA,0.5498824597874782,0.132603370788511,0.08430031785537775,0.23321385156863306
23228,NA,NA,NA,NA,0.13068262589587767,0.057617841497100246,0.12219835537536054,0.6895011772316615
23229,NA,NA,NA,NA,0.13425563890363165,0.12987468800497118,0.37750960532200567,0.35836006776939155
23230,NA,NA,NA,NA,0.13893111246807105,0.2887864471548693,0.06572096473599384,0.5065614756410658
23231,NA,NA,NA,NA,0.09044178958305743,0.25044776306166655,0.14558582932988126,0.5135246180253947
23232,NA,NA,NA,NA,0.27873377868522,0.2264977358300717,0.26077169784373366,0.2339967876409746
23233,NA,NA,NA,NA,0.12622771658748316,0.1107980627167341,0.2910612968704331,0.4719129238253497
23234,NA,NA,NA,NA,0.23087982775162366,0.05406325423425717,0.11812543352886337,0.5969314844852558
23235,NA,NA,NA,NA,0.11642107525384221,0.0481207284234084,0.37377380279610406,0.46168439352664536
23236,NA,NA,NA,NA,0.5490437568983564,0.02738143710328556,0.2703159596567022,0.15325884634165587
23237,NA,NA,NA,NA,0.05733972282018785,0.2677964548619872,0.21010738908102045,0.46475643323680443
23238,NA,NA,NA,NA,0.06333980420796811,0.5692806713881345,0.18699871216725053,0.1803808122366469
23239,NA,NA,NA,NA,0.09204841846097489,0.7875774654714485,0.02747668631890278,0.09289742974867388
23240,NA,NA,NA,NA,0.13347245756988693,0.7111655732877642,0.04993144407352501,0.10543052506882383
23241,NA,NA,NA,NA,0.3014482885161685,0.28306602441478634,0.30266600198990784,0.11281968507913721
23242,NA,NA,NA,NA,0.4476907448745696,0.3405800570393858,0.055168418758783457,0.1565607793272611
23243,NA,NA,NA,NA,0.19069905166891266,0.15668842447069387,0.45408965081353303,0.19852287304686048
23244,NA,NA,NA,NA,0.14185053199878167,0.6404584198903753,0.10798945974339956,0.10970158836744358
23245,NA,NA,NA,NA,0.4105432845716432,0.11944541768695004,0.2443216422835895,0.22568965545781725
23246,NA,NA,NA,NA,0.16957378896376507,0.5610591220862162,0.11296730126637072,0.15639978768364793
23247,NA,NA,NA,NA,0.12748990335624036,0.20875800452019372,0.28722744651470966,0.3765246456088562
23248,NA,NA,NA,NA,0.048636717200479046,0.6453333522119759,0.1860027924865264,0.1200271381010187
23249,NA,NA,NA,NA,0.12001108667227339,0.5584330209096217,0.21724744571442173,0.10430844670368326
23250,NA,NA,NA,NA,0.20165517584668236,0.15982487006921406,0.5165524646166474,0.12196748946745611
23251,NA,NA,NA,NA,0.0579217478569085,0.7379253072482622,0.05101881800525241,0.15313412688957692
23252,NA,NA,NA,NA,0.11929762188416179,0.42348941661785555,0.26180364124245953,0.19540932025552313
23253,NA,NA,NA,NA,0.03626923768919756,0.5033598413061205,0.352188605360654,0.10818231564402786
23254,NA,NA,NA,NA,0.2771331749676922,0.16315213290492533,0.45398418141890945,0.10573051070847317
23255,NA,NA,NA,NA,0.2901709296428176,0.4144468279231132,0.077770362225645,0.21761188020842412
23256,NA,NA,NA,NA,0.4180812160448374,0.11230411070115418,0.2748023718996192,0.1948123013543893
23257,NA,NA,NA,NA,0.253539275103306,0.6610900733032696,0.015157501212501511,0.0702131503809228
23258,NA,NA,NA,NA,0.6893559665240634,0.0695333431796334,0.15411675947837006,0.08699393081793322
23259,NA,NA,NA,NA,0.07592243441211889,0.23683348875128665,0.4868759350864924,0.20036814175010215
23260,NA,NA,NA,NA,0.13280238946154496,0.08035709356721567,0.6940915539210213,0.09274896305021804
23261,NA,NA,NA,NA,0.12317866633561682,0.6812843561198925,0.09779757199155982,0.09773940555293092
23262,NA,NA,NA,NA,0.6548293467930572,0.1294137206371842,0.10883055537614021,0.10692637719361837
23263,NA,NA,NA,NA,0.3092006409604374,0.3165416799364525,0.30883744475490116,0.06542023434820893
23264,NA,NA,NA,NA,0.019967393433720997,0.676266918077691,0.21351331819304448,0.09025237029554355
23265,NA,NA,NA,NA,0.459716128570296,0.26752813772142614,0.19708757878194494,0.07566815492633291
23266,NA,NA,NA,NA,0.3569198033538188,0.23993525052586429,0.18570987871681996,0.21743506740349688
23267,NA,NA,NA,NA,0.21663955702190812,0.41784879729604585,0.30554359577875706,0.059968049903288946
23268,NA,NA,NA,NA,0.2882946967109365,0.2742971616158005,0.11157701772051325,0.32583112395274977
23269,NA,NA,NA,NA,0.2579197799216436,0.6327662942080543,0.031092198235177084,0.078221727635125
23270,NA,NA,NA,NA,0.2068719358768231,0.4216052618629147,0.3376469166490711,0.03387588561119107
23271,NA,NA,NA,NA,0.491298573272373,0.1652320443615612,0.14458463251623146,0.19888474984983429
23272,NA,NA,NA,NA,0.10996197944074139,0.24807893340554968,0.5976645786353291,0.044294508518379794
23273,NA,NA,NA,NA,0.1340793691558533,0.5887367775520617,0.1619108558260343,0.11527299746605071
23274,NA,NA,NA,NA,0.46091149394927977,0.2774609907296542,0.1686247142306389,0.09300280109042706
23275,NA,NA,NA,NA,0.16315415102219438,0.25896344256520293,0.4345380326976112,0.1433443737149914
23276,NA,NA,NA,NA,0.0841915606725243,0.7123685556362832,0.13898526880966577,0.06445461488152665
23277,NA,NA,NA,NA,0.6085523751042679,0.31640598075758714,0.028281915947261264,0.04675972819088382
23278,NA,NA,NA,NA,0.09713475100107968,0.11569972054736324,0.549416936074967,0.23774859237659013
23279,NA,NA,NA,NA,0.4336725034229338,0.32997039936288003,0.15047888457434716,0.08587821263983897
23280,NA,NA,NA,NA,0.3600855235830591,0.2568631480387401,0.22892790137321697,0.15412342700498372
23281,NA,NA,NA,NA,0.1951633086631076,0.43376605163369997,0.2976318081128419,0.07343883159035061
23282,NA,NA,NA,NA,0.3918914783293399,0.4122770849149845,0.1310757928136549,0.06475564394202064
23283,NA,NA,NA,NA,0.1102490089631891,0.421971483740985,0.37351420835542204,0.09426529894040393
23284,NA,NA,NA,NA,0.1660159309120162,0.2747779451130804,0.41140425239005324,0.14780187158485011
23285,NA,NA,NA,NA,0.5678226503843358,0.178832639875704,0.15842772028585334,0.09491698945410693
23286,NA,NA,NA,NA,0.2627290439314538,0.07372433348614621,0.5527393436952878,0.1108072788871121
23287,NA,NA,NA,NA,0.11737127756161632,0.2612114136777014,0.49412406477190085,0.12729324398878145
23288,NA,NA,NA,NA,0.7636434639117068,0.06396141510380841,0.11124224514811598,0.06115287583636896
23289,NA,NA,NA,NA,0.15618399513562523,0.5035233705890273,0.29815081191316944,0.04214182236217797
23290,NA,NA,NA,NA,0.45878213420191405,0.24968490496014922,0.17002404919075875,0.12150891164717804
23291,NA,NA,NA,NA,0.49520289410035545,0.10884484904337902,0.31315957107832154,0.08279268577794409
23292,NA,NA,NA,NA,0.10572469895866579,0.08889851784848227,0.7395762435277132,0.06580053966513875
23293,NA,NA,NA,NA,0.7581972398513701,0.12722817995605146,0.04962959546616768,0.06494498472641065
23294,NA,NA,NA,NA,0.23771315295320744,0.36188457089859255,0.2032480142824291,0.19715426186577098
23295,NA,NA,NA,NA,0.3441561094591645,0.011438795442795857,0.4295649283769052,0.21484016672113432
23296,NA,NA,NA,NA,0.17333747790723944,0.19711222043167786,0.4588018801709396,0.17074842149014305
23297,NA,NA,NA,NA,0.0989370427822947,0.049967757425108686,0.4856231923467719,0.3654720074458248
23298,NA,NA,NA,NA,0.29917894903197384,0.0415686630246768,0.3616589207670332,0.2975934671763161
23299,NA,NA,NA,NA,0.38606483540842884,0.09695693323156927,0.07184932997357255,0.4451289013864295
23300,NA,NA,NA,NA,0.31925309141580527,0.1617406617039646,0.3806289795198263,0.13837726736040387
23301,NA,NA,NA,NA,0.3860009775900504,0.07720100413854819,0.12495946492546611,0.4118385533459353
23302,NA,NA,NA,NA,0.28114677982058706,0.11514127693027638,0.44642967222115787,0.15728227102797862
23303,NA,NA,NA,NA,0.17814573429834804,0.16240883433573058,0.30441783334305306,0.35502759802286826
23304,NA,NA,NA,NA,0.05759343648136816,0.18863282739810236,0.10560337601312238,0.6481703601074071
23305,NA,NA,NA,NA,0.3435086051127798,0.05483856572926824,0.05698646669345365,0.5446663624644983
23306,NA,NA,NA,NA,0.47230745569248694,0.18991698352209696,0.11306784707138273,0.22470771371403336
23307,NA,NA,NA,NA,0.12882026755190237,0.23036748924454373,0.18210056774368846,0.4587116754598654
23308,NA,NA,NA,NA,0.3589656949184262,0.021066180112746673,0.42396880863041436,0.1959993163384128
23309,NA,NA,NA,NA,0.1619586336739183,0.08793400561204977,0.070474060472007,0.679633300242025
23310,NA,NA,NA,NA,0.16746924943177494,0.050066662046451965,0.4821048787140809,0.3003592098076921
23311,NA,NA,NA,NA,0.12745859101966267,0.06611928110220641,0.2403469017914558,0.5660752260866752
23312,NA,NA,NA,NA,0.18311323778807934,0.09678186843877891,0.5991164961550746,0.12098839761806723
23313,NA,NA,NA,NA,0.11053939734709538,0.14990109078488328,0.36211872962730113,0.37744078224072025
23314,NA,NA,NA,NA,0.4509387613118086,0.11499431541835589,0.12864657606656713,0.30542034720326844
23315,NA,NA,NA,NA,0.2598739840906757,0.16673155374685017,0.4756373776492557,0.09775708451321849
23316,NA,NA,NA,NA,0.2714953289118746,0.1564555764149911,0.34082319209526474,0.23122590257786946
23317,NA,NA,NA,NA,0.25194454683042233,0.210598803451067,0.29467443051064174,0.24278221920786897
23318,NA,NA,NA,NA,0.043938506786978714,0.10790049893851629,0.48829839095094857,0.35986260332355646
23319,NA,NA,NA,NA,0.2188363898128394,0.20644543401270524,0.05003680865470151,0.5246813675197538
23320,NA,NA,NA,NA,0.08872425596444047,0.13331291682278384,0.35570721685693807,0.42225561035583753
23321,NA,NA,NA,NA,0.4944838916797625,0.01765702643388513,0.35778016935815343,0.13007891252819895
23322,NA,NA,NA,NA,0.1988844017296818,0.10622054886056469,0.3705970421080346,0.324298007301719
23323,NA,NA,NA,NA,0.27628687369904603,0.4797185662237225,0.04502123528419357,0.19897332479303786
23324,NA,NA,NA,NA,0.5348756551823842,0.11624266234027787,0.1836140980481199,0.16526758442921796
23325,NA,NA,NA,NA,0.04112564727741594,0.42857779458738116,0.34674357953949103,0.18355297859571196
23326,NA,NA,NA,NA,0.11866679156539643,0.13826867420317973,0.14027210571984597,0.602792428511578
23327,NA,NA,NA,NA,0.0841751891215402,0.04190783689298714,0.6853873219635431,0.18852965202192948
23328,NA,NA,NA,NA,0.041610936582848944,0.516897242810332,0.1091151322040827,0.3323766884027363
23329,NA,NA,NA,NA,0.19821060997725373,0.13108474809340775,0.35853400473167596,0.3121706371976625
23330,NA,NA,NA,NA,0.12342552532885821,0.05244280076929644,0.6167308785695835,0.20740079533226183
23331,NA,NA,NA,NA,0.21187375255549368,0.5458792504658553,0.07555473923415419,0.16669225774449675
23332,NA,NA,NA,NA,0.10303837540295051,0.40030938125703164,0.39608205497701793,0.10057018836299984
23333,NA,NA,NA,NA,0.7679652398617922,0.06444209517030884,0.09454601797753895,0.07304664699035997
23334,NA,NA,NA,NA,0.4171012680539631,0.2426989038459575,0.1467631794658573,0.19343664863422205
23335,NA,NA,NA,NA,0.5285768030999551,0.25964170599932435,0.14066713916711687,0.07111435173360363
23336,NA,NA,NA,NA,0.09747381041268458,0.25968045637456366,0.4253331429680494,0.21751259024470243
23337,NA,NA,NA,NA,0.7969052929470429,0.09912449438825022,0.06272004653919454,0.04125016612551237
23338,NA,NA,NA,NA,0.16491842648778146,0.15694546476137763,0.6203274062276123,0.05780870252322862
23339,NA,NA,NA,NA,0.11304344422563013,0.0848623304485576,0.624436655741591,0.17765756958422135
23340,NA,NA,NA,NA,0.13588817396173783,0.11033687933437289,0.49470989687386285,0.2590650498300264
23341,NA,NA,NA,NA,0.06995930368339713,0.06372722190016632,0.7795140356981286,0.08679943871830803
23342,NA,NA,NA,NA,0.4777322977716556,0.18687957596807056,0.2612963045132549,0.07409182174701899
23343,NA,NA,NA,NA,0.39344544274565596,0.3381593962414025,0.1301149317192927,0.13828022929364892
23344,NA,NA,NA,NA,0.2464520565243682,0.3096814199281653,0.19828924009415247,0.24557728345331406
23345,NA,NA,NA,NA,0.12617335386319328,0.3253543700070765,0.232448048950845,0.31602422717888523
23346,NA,NA,NA,NA,0.40465811783304695,0.4357254206518369,0.064089226316517,0.09552723519859925
23347,NA,NA,NA,NA,0.4073371596677186,0.34227046870684524,0.14774540943879055,0.1026469621866455
23348,NA,NA,NA,NA,0.14143635465484689,0.46156364766335745,0.27891558248362525,0.11808441519817041
23349,NA,NA,NA,NA,0.11460636189734771,0.3288420845336763,0.4843058411099423,0.07224571245903375
23350,NA,NA,NA,NA,0.2551855232171492,0.61467108353565,0.047408370414069326,0.08273502283313151
23351,NA,NA,NA,NA,0.1026257170821588,0.3065167386284573,0.3996938662213064,0.19116367806807755
23352,NA,NA,NA,NA,0.18221996290996784,0.17673330504487325,0.4634840779793643,0.17756265406579452
23353,NA,NA,NA,NA,0.09803079329809364,0.3339717498302423,0.36863142285619954,0.19936603401546452
23354,NA,NA,NA,NA,0.1317639048223126,0.5707001589873418,0.1798902417785039,0.11764569441184161
23355,NA,NA,NA,NA,0.32841265551743026,0.39089697019882036,0.10593587742904415,0.17475449685470526
23356,NA,NA,NA,NA,0.40762088064719315,0.08255464894295741,0.4410551919012603,0.06876927850858912
23357,NA,NA,NA,NA,0.20249435836325513,0.40546122185288064,0.19961069721423974,0.19243372256962443
23358,NA,NA,NA,NA,0.2874790121705173,0.1008527788516468,0.4684404145187577,0.1432277944590783
23359,NA,NA,NA,NA,0.440322304946135,0.05971436235700149,0.40019258924019196,0.09977074345667158
23360,NA,NA,NA,NA,0.3769246777286541,0.3901191394017151,0.16568980383064247,0.06726637903898824
23361,NA,NA,NA,NA,0.08669036691244085,0.11437447099609298,0.5882591429349221,0.21067601915654405
23362,NA,NA,NA,NA,0.2266318417691132,0.2264965523928989,0.42387550470435476,0.12299610113363314
23363,NA,NA,NA,NA,0.24560807328395912,0.20506858335302677,0.46896699256869256,0.08035635079432157
23364,NA,NA,NA,NA,0.2457798211498852,0.13699986398104297,0.42478960500012164,0.19243070986895003
23365,NA,NA,NA,NA,0.4398423033287794,0.19416562296937495,0.2862290159677379,0.07976305773410779
23366,NA,NA,NA,NA,0.24081130090793884,0.05799799199053215,0.5558250356915264,0.14536567141000262
23367,NA,NA,NA,NA,0.1026328510994216,0.18485043053186115,0.6278726576295469,0.0846440607391703
23368,NA,NA,NA,NA,0.0971708421694423,0.29927225264668245,0.5124843220680854,0.09107258311578989
23369,NA,NA,NA,NA,0.5498270481565722,0.1986809313980987,0.15782090438477828,0.0936711160605508
23370,NA,NA,NA,NA,0.2390397618586483,0.1467105396728442,0.5163311669465503,0.09791853152195723
23371,NA,NA,NA,NA,0.622469893651207,0.06013155608420698,0.17784516893738256,0.13955338132720352
23372,NA,NA,NA,NA,0.3697792824298932,0.14459764460694988,0.0720767764448992,0.4135462965182577
23373,NA,NA,NA,NA,0.1447164826849918,0.30843855744748777,0.4051059197040102,0.14173904016351016
23374,NA,NA,NA,NA,0.02611663236624386,0.25419464192053765,0.5542113428199613,0.16547738289325717
23375,NA,NA,NA,NA,0.26564902986139954,0.2874896873689393,0.3810922750291865,0.06576900774047473
23376,NA,NA,NA,NA,0.19696472377899985,0.27936196625802195,0.4346372122054211,0.08903609775755697
23377,NA,NA,NA,NA,0.21261819265456233,0.2535163809366007,0.4508168544323338,0.08304857197650302
23378,NA,NA,NA,NA,0.49947210484310284,0.0825966763362375,0.27307063289354394,0.14486058592711576
23379,NA,NA,NA,NA,0.13849587139080755,0.08814559985149052,0.5268094503200456,0.24654907843765633
23380,NA,NA,NA,NA,0.16572684381963154,0.38907056866109946,0.24074950038952989,0.20445308712973903
23381,NA,NA,NA,NA,0.17263546557617154,0.33647037525181556,0.33324016290836,0.15765399626365292
23382,NA,NA,NA,NA,0.06783600978439577,0.07575740070644624,0.6424085708267676,0.21399801868239043
23383,NA,NA,NA,NA,0.08723132092767069,0.42924510306382213,0.158836714543187,0.3246868614653202
23384,NA,NA,NA,NA,0.5351962428701899,0.13730090101834885,0.20077530666412471,0.12672754944733658
23385,NA,NA,NA,NA,0.16688116343190035,0.3614738909935289,0.4099871193941595,0.061657826180411227
23386,NA,NA,NA,NA,0.15451941631620755,0.58140551895658,0.039495163337586604,0.22457990138962583
23387,NA,NA,NA,NA,0.2880670938737151,0.3009134201062142,0.15735003076655982,0.25366945525351087
23388,NA,NA,NA,NA,0.12003143786061744,0.25890670851672537,0.4830070972111705,0.13805475641148676
23389,NA,NA,NA,NA,0.08396515629689515,0.17685376873433697,0.4094743861904421,0.3297066887783259
23390,NA,NA,NA,NA,0.13033261308769167,0.5076410048527517,0.06780277450824268,0.29422360755131405
23391,NA,NA,NA,NA,0.04915269624516563,0.35317993130886133,0.4042221600321708,0.1934452124138023
23392,NA,NA,NA,NA,0.030627383783504863,0.6173726200722712,0.27309574124211944,0.07890425490210445
23393,NA,NA,NA,NA,0.01328814745608278,0.6888041531049452,0.19355934906676692,0.10434835037220515
23394,NA,NA,NA,NA,0.19938451771756419,0.4456836084213523,0.19527612698186056,0.15965574687922288
23395,NA,NA,NA,NA,0.12091442348796066,0.3618360425088724,0.37088965601702273,0.14635987798614417
23396,NA,NA,NA,NA,0.2291980461175773,0.40077204540552064,0.17191255867098973,0.19811734980591214
23397,NA,NA,NA,NA,0.16158505711752283,0.5814537294877721,0.05880627057596385,0.19815494281874116
23398,NA,NA,NA,NA,0.09144286469180078,0.8180170692971507,0.020741464085759255,0.0697986019252892
23399,NA,NA,NA,NA,0.0466949015619989,0.6283221769908899,0.09400450067375801,0.23097842077335326
23400,NA,NA,NA,NA,0.28866295881241144,0.17077763260060594,0.1869561359690231,0.35360327261795943
23401,NA,NA,NA,NA,0.14141054980345363,0.6144953346003763,0.08597115955539363,0.15812295604077645
23402,NA,NA,NA,NA,0.01143451586158319,0.7955739920970963,0.11160750815540427,0.08138398388591606
23403,NA,NA,NA,NA,0.1255706084116798,0.3159940234664293,0.285242785018104,0.27319258310378686
23404,NA,NA,NA,NA,0.02365459737624188,0.7257259284060286,0.07987722501175251,0.17074224920597694
23405,NA,NA,NA,NA,0.06658832989971465,0.372028824702801,0.2660606042996203,0.2953222410978639
23406,NA,NA,NA,NA,0.2641130610382292,0.48546178400286594,0.10519481184489154,0.14523034311401328
23407,NA,NA,NA,NA,0.18343281205065257,0.23649514123566542,0.11198385528586281,0.46808819142781927
23408,NA,NA,NA,NA,0.27829009671128785,0.3515830905805303,0.14985355250760973,0.22027326020057217
23409,NA,NA,NA,NA,0.2876540947372693,0.340454572111945,0.2846252118447694,0.08726612130601627
23410,NA,NA,NA,NA,0.14873045274397143,0.46489639377098196,0.2798805284879064,0.1064926249971403
23411,NA,NA,NA,NA,0.1992376694177204,0.35746393064780974,0.3795147300785917,0.06378366985587826
23412,NA,NA,NA,NA,0.05948076803334074,0.6410260863937493,0.2129788285772672,0.0865143169956428
23413,NA,NA,NA,NA,0.23420869905941025,0.45507744802728367,0.2373373377793443,0.07337651513396182
23414,NA,NA,NA,NA,0.22362922646076502,0.4918328671997588,0.10714234306326037,0.17739556327621578
23415,NA,NA,NA,NA,0.15204341334953153,0.6320708619304307,0.1464206643133175,0.06946506040672012
23416,NA,NA,NA,NA,0.11590343794535747,0.685298275828996,0.13979429961179793,0.05900398661384847
23417,NA,NA,NA,NA,0.4028478830510422,0.11637889342941607,0.40658209946984303,0.07419112404969863
23418,NA,NA,NA,NA,0.08934893546273914,0.2351124508131687,0.4473793845170291,0.22815922920706294
23419,NA,NA,NA,NA,0.19028736045163713,0.4466337621302219,0.22272811931826508,0.14035075809987596
23420,NA,NA,NA,NA,0.17978623589005638,0.05696657644862545,0.7143772172313041,0.048869970430014044
23421,NA,NA,NA,NA,0.5563886976303256,0.22333613160826035,0.05912604784130384,0.1611491229201102
23422,NA,NA,NA,NA,0.2000818021550813,0.08149860047460794,0.5705604362490756,0.14785916112123523
23423,NA,NA,NA,NA,0.2734285371770898,0.12445859122848989,0.546206511729657,0.055906359864763396
23424,NA,NA,NA,NA,0.22957337872003716,0.1416576102300182,0.41051022495131956,0.21825878609862512
23425,NA,NA,NA,NA,0.2782514757602627,0.4843319957221775,0.1204106527176992,0.11700587579986053
23426,NA,NA,NA,NA,0.05596778690873741,0.5878188338576315,0.2398369079059087,0.11637647132772234
23427,NA,NA,NA,NA,0.3912882563609822,0.0235183856756512,0.54194032445063,0.04325303351273667
23428,NA,NA,NA,NA,0.19234103687474247,0.2291199141321247,0.5380138733130764,0.04052517568005645
23429,NA,NA,NA,NA,0.15145799386933612,0.764939813244248,0.07294935934656219,0.010652833539853659
23430,NA,NA,NA,NA,0.3995820010056278,0.30703953752519275,0.28458665385966636,0.008791807609513183
23431,NA,NA,NA,NA,0.31988385355753746,0.4273872747822439,0.2483439644775614,0.004384907182657166
23432,NA,NA,NA,NA,0.4823914822802903,0.1498431990194999,0.3348059096631112,0.0329594090370987
23433,NA,NA,NA,NA,0.4854576300992848,0.24055180478551327,0.2659211560534801,0.008069409061721738
23434,NA,NA,NA,NA,0.2963096953528771,0.38029544206995947,0.31006002726686194,0.013334835310301586
23435,NA,NA,NA,NA,0.5911634266418221,0.18558148211571532,0.20379670780250533,0.01945838343995722
23436,NA,NA,NA,NA,0.48888637370980753,0.20132352069708515,0.28818808953039415,0.02160201606271316
23437,NA,NA,NA,NA,0.32737525857325694,0.4404734354193844,0.21908428278284509,0.013067023224513596
23438,NA,NA,NA,NA,0.11921645228764045,0.10658122935994403,0.7697177941677869,0.004484524184628712
23439,NA,NA,NA,NA,0.20862757254647143,0.5014501799121883,0.25997741517297873,0.029944832368361363
23440,NA,NA,NA,NA,0.4756998625632553,0.3250826099494988,0.1917236481199439,0.0074938793673019356
23441,NA,NA,NA,NA,0.22709703633210734,0.3172959278044198,0.4146110644507572,0.0409959714127158
23442,NA,NA,NA,NA,0.6492233168931616,0.2820857206910203,0.05747931520194303,0.011211647213875024
23443,NA,NA,NA,NA,0.3493841841812355,0.15958660553993181,0.4832416637558428,0.007787546522989873
23444,NA,NA,NA,NA,0.08879613867106394,0.27421346956833087,0.6191298702936692,0.017860521466935883
23445,NA,NA,NA,NA,0.06869837338084274,0.08526104023296203,0.8349245181875645,0.011116068198630693
23446,NA,NA,NA,NA,0.8088046940431292,0.09771125665465054,0.08053982270682196,0.012944226595398395
23447,NA,NA,NA,NA,0.19609414722526286,0.23178872443680423,0.39163772212475373,0.1804794062131792
23448,NA,NA,NA,NA,0.2649477079548501,0.27458864127405813,0.17828447180631682,0.28217917896477496
23449,NA,NA,NA,NA,0.41729946172804755,0.13031022375856988,0.18667151849261823,0.26571879602076437
23450,NA,NA,NA,NA,0.10479474774954634,0.23541494553481676,0.4126230475649986,0.24716725915063836
23451,NA,NA,NA,NA,0.17917157193655264,0.43119438290440115,0.23562866056964002,0.15400538458940624
23452,NA,NA,NA,NA,0.052169803396008116,0.703595380781369,0.04637919168381825,0.19785562413880464
23453,NA,NA,NA,NA,0.34549069271059196,0.318780437543009,0.148988315586599,0.1867405541598001
23454,NA,NA,NA,NA,0.1496744092487251,0.30413264303943044,0.06071154094083641,0.4854814067710082
23455,NA,NA,NA,NA,0.26484969708105655,0.2982410564675304,0.10140675243703134,0.33550249401438165
23456,NA,NA,NA,NA,0.10088590120358636,0.6141865708540045,0.04087239350345623,0.24405513443895294
23457,NA,NA,NA,NA,0.1408076177204945,0.16442150929792093,0.2907450969468726,0.40402577603471196
23458,NA,NA,NA,NA,0.029139110870267743,0.6043464198617106,0.18185069092195416,0.18466377834606762
23459,NA,NA,NA,NA,0.3352663584001637,0.4487662535506054,0.0636575582579605,0.15230982979127036
23460,NA,NA,NA,NA,0.1705168959301223,0.6653492995474092,0.08498961806004189,0.07914418646242653
23461,NA,NA,NA,NA,0.025206718023400656,0.4566416094838783,0.3028148183252263,0.21533685416749465
23462,NA,NA,NA,NA,0.3853021405785227,0.4243474634600318,0.05320721783927028,0.13714317812217514
23463,NA,NA,NA,NA,0.0830848655891439,0.2253330978611731,0.40057166936051253,0.29101036718917056
23464,NA,NA,NA,NA,0.1598207680430615,0.11632809576754412,0.46611464603127484,0.25773649015811945
23465,NA,NA,NA,NA,0.23837035499972287,0.49088872116467025,0.10831530299165995,0.16242562084394702
23466,NA,NA,NA,NA,0.4331992880638035,0.14978059657751236,0.19218115482494397,0.22483896053374017
23467,NA,NA,NA,NA,0.04911217348334179,0.7090075664558776,0.03688417317445214,0.20499608688632842
23468,NA,NA,NA,NA,0.47717316335056253,0.13775178416647268,0.13815724381483038,0.24691780866813443
23469,NA,NA,NA,NA,0.19378650122080873,0.04652197986518451,0.6557529203354554,0.10393859857855153
23470,NA,NA,NA,NA,0.31598668875030755,0.3816297629796735,0.2324941089860354,0.0698894392839835
23471,NA,NA,NA,NA,0.037859873423215194,0.4997049504550127,0.38401885773277844,0.07841631838899367
23472,NA,NA,NA,NA,0.29670248487518136,0.340829929479259,0.28348628595845987,0.0789812996870999
23473,NA,NA,NA,NA,0.2412135674897659,0.13994858978440736,0.4991411136458974,0.11969672907992941
23474,NA,NA,NA,NA,0.22856485118421593,0.07657343225394551,0.5496600976567926,0.145201618905046
23475,NA,NA,NA,NA,0.09286344684541781,0.7340121107089297,0.05143526072688733,0.12168918171876526
23476,NA,NA,NA,NA,0.17514271192366762,0.6306871446970026,0.09859283473167078,0.09557730864765897
23477,NA,NA,NA,NA,0.38455760804818706,0.09233405116350443,0.3722853353845311,0.15082300540377752
23478,NA,NA,NA,NA,0.11728099589139127,0.5743065679056936,0.19887980322469687,0.10953263297821825
23479,NA,NA,NA,NA,0.13144777189376053,0.2220242722561056,0.33142255033887047,0.31510540551126337
23480,NA,NA,NA,NA,0.04943789175246724,0.5322209473220316,0.3321296577909406,0.08621150313456045
23481,NA,NA,NA,NA,0.2906720625005368,0.5630908609671558,0.09416052483623243,0.052076551696075155
23482,NA,NA,NA,NA,0.6928531929571118,0.0577288598496755,0.15578845314704223,0.09362949404617067
23483,NA,NA,NA,NA,0.15091635147155905,0.3244327934931269,0.2969379756615267,0.22771287937378734
23484,NA,NA,NA,NA,0.07562922492935475,0.34856183239933036,0.51202753535703,0.06378140731428479
23485,NA,NA,NA,NA,0.19319902010417084,0.5583048591413757,0.035470235902058445,0.21302588485239501
23486,NA,NA,NA,NA,0.0253490723727875,0.42567135323340155,0.16799037857696492,0.3809891958168461
23487,NA,NA,NA,NA,0.2709512605362866,0.4116903552903986,0.04231237482643103,0.27504600934688384
23488,NA,NA,NA,NA,0.10318645933941878,0.6126766441624435,0.05010369536673894,0.2340332011313989
23489,NA,NA,NA,NA,0.16682091464294757,0.11016262654485984,0.2947052820961667,0.42831117671602587
23490,NA,NA,NA,NA,0.10554558252830658,0.10654291304940643,0.2709080525858603,0.5170034518364267
23491,NA,NA,NA,NA,0.0875344535466452,0.2690158755552599,0.201553317577395,0.4418963533206998
23492,NA,NA,NA,NA,0.05719085714530468,0.38929762007165536,0.2782808879818021,0.2752306348012379
23493,NA,NA,NA,NA,0.0745928142308997,0.1977438764481822,0.15240630253102247,0.5752570067898957
23494,NA,NA,NA,NA,0.17061172467252902,0.5900398184466049,0.0559296263439709,0.18341883053689512
23495,NA,NA,NA,NA,0.08536085982302342,0.6702062062244883,0.05097575184943494,0.19345718210305332
23496,NA,NA,NA,NA,0.14841732836644672,0.46641782005050325,0.03063255111749661,0.3545323004655535
23497,NA,NA,NA,NA,0.1406087049999458,0.5736736503533375,0.11471196578874619,0.17100567885797036
23498,NA,NA,NA,NA,0.16549751164623908,0.10910431623352648,0.2984677005991594,0.426930471521075
23499,NA,NA,NA,NA,0.0718784704990325,0.14622319961625158,0.257897869369105,0.5240004605156109
23500,NA,NA,NA,NA,0.039256175882525064,0.293431058804636,0.3996141689414668,0.26769859637137217
23501,NA,NA,NA,NA,0.28737453569868743,0.08187186784246135,0.37111433136314903,0.25963926509570207
23502,NA,NA,NA,NA,0.11555155535235702,0.0979896131558976,0.5304511433266463,0.2560076881650991
23503,NA,NA,NA,NA,0.45272187655491036,0.11409125435257815,0.06422677798728502,0.36896009110522643
23504,NA,NA,NA,NA,0.3777238707505506,0.26001156974913814,0.1784112788482109,0.18385328065210035
23505,NA,NA,NA,NA,0.029284087905987986,0.29049035610612917,0.4189381173198282,0.26128743866805465
23506,NA,NA,NA,NA,0.5637502981556828,0.017730253003110794,0.24133634175815857,0.1771831070830478
23507,NA,NA,NA,NA,0.5363698034402171,0.1885030993597432,0.11488979975471346,0.1602372974453262
23508,NA,NA,NA,NA,0.08750856594396704,0.11027072611359993,0.2780260923548951,0.5241946155875379
23509,NA,NA,NA,NA,0.32816705976450866,0.25019835646111704,0.10530810195120661,0.31632648182316786
23510,NA,NA,NA,NA,0.3208412158722331,0.07123639737600652,0.26865835033952995,0.3392640364122305
23511,NA,NA,NA,NA,0.23853083903928335,0.06615290891817123,0.09102765606074685,0.6042885959817986
23512,NA,NA,NA,NA,0.5965092711086685,0.21339456123785955,0.057236279185119844,0.13285988846835223
23513,NA,NA,NA,NA,0.11455390437526349,0.15901717908857668,0.06843921353791613,0.6579897029982437
23514,NA,NA,NA,NA,0.4016440219733233,0.06635110014299889,0.2396178781265848,0.2923869997570931
23515,NA,NA,NA,NA,0.521496593108288,0.0744735169446831,0.24183553408117203,0.16219435586585682
23516,NA,NA,NA,NA,0.25376359957054,0.0955846871640184,0.3477314828580284,0.3029202304074133
23517,NA,NA,NA,NA,0.48961922766719984,0.10226035011103166,0.08919003728465309,0.31893038493711523
23518,NA,NA,NA,NA,0.15987655970838005,0.042705557323173444,0.5287831962886458,0.2686346866798007
23519,NA,NA,NA,NA,0.13778195137963414,0.2678434481039954,0.12301971182006184,0.47135488869630876
23520,NA,NA,NA,NA,0.367844231449849,0.057282456429526306,0.18191284957080614,0.3929604625498185
23521,NA,NA,NA,NA,0.22849481342351866,0.24033597114312033,0.31725814605152947,0.21391106938183152
23522,NA,NA,NA,NA,0.1114994099530348,0.2570199702826361,0.24099371583006865,0.39048690393426044
23523,NA,NA,NA,NA,0.11975358258266927,0.5436399825678158,0.1940397165078615,0.14256671834165346
23524,NA,NA,NA,NA,0.03325944521595038,0.6326963065162378,0.04569938693062149,0.28834486133719045
23525,NA,NA,NA,NA,0.17044738698237832,0.19629416080424872,0.10777762989564398,0.525480822317729
23526,NA,NA,NA,NA,0.08524662214080019,0.3205189841836934,0.3313342739598684,0.262900119715638
23527,NA,NA,NA,NA,0.12170030114074236,0.17874493809413536,0.3666459135670559,0.33290884719806635
23528,NA,NA,NA,NA,0.06099620008628999,0.6165747565869586,0.09742619453290097,0.22500284879385044
23529,NA,NA,NA,NA,0.10917334040453523,0.6489401633079688,0.03521198852464149,0.20667450776285448
23530,NA,NA,NA,NA,0.11992338220105643,0.10908796231692965,0.4806850214961685,0.29030363398584536
23531,NA,NA,NA,NA,0.4181338644540816,0.056499862829771014,0.06582180581630485,0.4595444668998425
23532,NA,NA,NA,NA,0.18533692167847746,0.22738358587491697,0.10549017267827482,0.4817893197683308
23533,NA,NA,NA,NA,0.3023496796801334,0.19487634973602994,0.15177398074715417,0.35099998983668257
23534,NA,NA,NA,NA,0.17776341206021298,0.11987530859683672,0.18941248186473614,0.5129487974782141
23535,NA,NA,NA,NA,0.15506358503611337,0.0989288146847695,0.17128772169759168,0.5747198785815255
23536,NA,NA,NA,NA,0.17696303674977995,0.10602932462901564,0.33032562972627133,0.38668200889493315
23537,NA,NA,NA,NA,0.17433110666096316,0.34471877645496196,0.03880593132394724,0.4421441855601276
23538,NA,NA,NA,NA,0.30349114501047136,0.2440477495960291,0.024259144214161955,0.4282019611793376
23539,NA,NA,NA,NA,0.07807238636425305,0.10850745973347663,0.1274413704714245,0.6859787834308458
23540,NA,NA,NA,NA,0.06226119217992252,0.06287375725381009,0.25709547021437945,0.617769580351888
23541,NA,NA,NA,NA,0.07245660379768322,0.24944429749823335,0.07898996916667797,0.5991091295374054
23542,NA,NA,NA,NA,0.04782478271243565,0.17991389571558442,0.5847579952471662,0.18750332632481365
23543,NA,NA,NA,NA,0.37730103448085867,0.3257892825657941,0.10967189498608897,0.18723778796725815
23544,NA,NA,NA,NA,0.04830669292162875,0.10349219960812009,0.7097173703801902,0.13848373709006073
23545,NA,NA,NA,NA,0.23709738901500035,0.1345856067429119,0.05699275973625727,0.5713242445058305
23546,NA,NA,NA,NA,0.04672978460769314,0.08341928322789373,0.629110188511078,0.24074074365333498
23547,NA,NA,NA,NA,0.33941908055614955,0.48170501634308427,0.034333715815871954,0.14454218728489415
23548,NA,NA,NA,NA,0.32532766422093934,0.13407909953909633,0.07981700662985292,0.4607762296101114
23549,NA,NA,NA,NA,0.2873387886052499,0.11098378147941387,0.2746592645405386,0.32701816537479755
23550,NA,NA,NA,NA,0.09634130537604317,0.2466051601336659,0.15646532839400898,0.500588206096282
23551,NA,NA,NA,NA,0.4100052665807967,0.2655500340660058,0.22942028268030162,0.09502441667289592
23552,NA,NA,NA,NA,0.036027734179677064,0.4747262761448165,0.4143629038931869,0.0748830857823194
23553,NA,NA,NA,NA,0.08011267059610337,0.7040428597511802,0.07725977878203188,0.1385846908706846
23554,NA,NA,NA,NA,0.5758765333472439,0.1484956909400756,0.13431704191789548,0.14131073379478495
23555,NA,NA,NA,NA,0.03556104503095456,0.24327740712354864,0.5769763667609755,0.1441851810845212
23556,NA,NA,NA,NA,0.34961364844416776,0.2032485671470699,0.21668625333198513,0.2304515310767772
23557,NA,NA,NA,NA,0.061238038878926364,0.0966877087839652,0.5545912507467132,0.28748300159039514
23558,NA,NA,NA,NA,0.2192385187950736,0.15697624595603146,0.47339015023743564,0.1503950850114593
23559,NA,NA,NA,NA,0.311543069966362,0.06954109315430175,0.3261900344376903,0.292725802441646
23560,NA,NA,NA,NA,0.12705445694944809,0.18001236109774088,0.40260010004729585,0.2903330819055151
23561,NA,NA,NA,NA,0.4378117831038271,0.38946705788359925,0.12404342103360469,0.048677737978968835
23562,NA,NA,NA,NA,0.5466006619548724,0.16363713468851826,0.09368966780681495,0.19607253554979442
23563,NA,NA,NA,NA,0.11972676221178613,0.5370571544855324,0.269424090251135,0.07379199305154656
23564,NA,NA,NA,NA,0.11128933424865164,0.5918546828646533,0.2081871777339519,0.08866880515274321
23565,NA,NA,NA,NA,0.12610930281352487,0.11147403993716917,0.6731117602294217,0.08930489701988434
23566,NA,NA,NA,NA,0.579491501695729,0.2160239800276704,0.10817183142584118,0.09631268685075921
23567,NA,NA,NA,NA,0.1967893992517946,0.634911211206729,0.07024717809160475,0.0980522114498716
23568,NA,NA,NA,NA,0.2686023498956615,0.6038772880388751,0.048021973296612695,0.07949838876885071
23569,NA,NA,NA,NA,0.5727608614675032,0.17016626073715663,0.20214878793923055,0.05492408985610968
23570,NA,NA,NA,NA,0.20207009754037072,0.7081150829078854,0.030169955342337833,0.0596448642094059
23571,NA,NA,NA,NA,0.20018987177527384,0.16057895607836517,0.40883472862696724,0.23039644351939367
23572,NA,NA,NA,NA,0.29730818170668527,0.6069459643091908,0.026352899134246106,0.06939295484987792
23573,NA,NA,NA,NA,0.14559856991180647,0.2548941461468492,0.1964970236772339,0.4030102602641104
23574,NA,NA,NA,NA,0.03223123384533353,0.5762813116041978,0.2956731236350278,0.09581433091544078
23575,NA,NA,NA,NA,0.06575023299097645,0.5019373373079445,0.28782863738287867,0.14448379231820033
23576,NA,NA,NA,NA,0.23458047836487964,0.19309705075200728,0.3005848232386545,0.2717376476444586
23577,NA,NA,NA,NA,0.7157719080971849,0.09331754263587219,0.09517533670236869,0.09573521256457426
23578,NA,NA,NA,NA,0.37697814198369484,0.3239306426942488,0.05086014218816025,0.24823107313389603
23579,NA,NA,NA,NA,0.052663758997342505,0.6851519783239086,0.1284876129917409,0.13369664968700795
23580,NA,NA,NA,NA,0.17493260246120215,0.5858951341890902,0.03707519932217776,0.2020970640275299
23581,NA,NA,NA,NA,0.175839538100244,0.2294643348402227,0.4575044339302795,0.13719169312925383
23582,NA,NA,NA,NA,0.0875585149167895,0.251201286467105,0.5156698435343975,0.14557035508170807
23583,NA,NA,NA,NA,0.6231676301292258,0.06293859293389305,0.08497165423808627,0.22892212269879475
23584,NA,NA,NA,NA,0.5785711660679704,0.12104865847621554,0.11113548324399511,0.18924469221181897
23585,NA,NA,NA,NA,0.4345473054827122,0.2756979835335315,0.1523804329189901,0.13737427806476632
23586,NA,NA,NA,NA,0.2438649362791508,0.3172613832508383,0.3062929791428171,0.13258070132719382
23587,NA,NA,NA,NA,0.16289835458352148,0.13662323833035156,0.4482394026692161,0.2522390044169109
23588,NA,NA,NA,NA,0.23518640423615078,0.07684695979164823,0.449068744218656,0.2388978917535451
23589,NA,NA,NA,NA,0.5931899072868653,0.10895964144800648,0.06401789558758071,0.23383255567754754
23590,NA,NA,NA,NA,0.28822299200186424,0.20475316046608963,0.21630549331266707,0.290718354219379
23591,NA,NA,NA,NA,0.6554355230734622,0.08057554886667787,0.11721163552555282,0.14677729253430716
23592,NA,NA,NA,NA,0.4727105760684273,0.10079477286491038,0.08419135204488531,0.3423032990217771
23593,NA,NA,NA,NA,0.039955602345254415,0.5023366536606201,0.18929580096610255,0.2684119430280229
23594,NA,NA,NA,NA,0.4938456960834727,0.052727955984414356,0.34863842339935974,0.10478792453275325
23595,NA,NA,NA,NA,0.16357304728511207,0.07559732490863011,0.626879433775875,0.1339501940303828
23596,NA,NA,NA,NA,0.07197587975659434,0.3181932456427951,0.29575217602574183,0.31407869857486875
23597,NA,NA,NA,NA,0.24338879369759245,0.10780648524519033,0.4391564209332406,0.20964830012397676
23598,NA,NA,NA,NA,0.5320488421927447,0.0930133630802353,0.08833320151199438,0.28660459321502546
23599,NA,NA,NA,NA,0.21464000231705416,0.4401904298779108,0.14058768109931893,0.20458188670571612
23600,NA,NA,NA,NA,0.1652754848179754,0.462054628434573,0.24479018371445704,0.1278797030329945
23601,NA,NA,NA,NA,0.07856191440374488,0.6591579419964172,0.1460634340522337,0.11621670954760434
23602,NA,NA,NA,NA,0.0859484973582412,0.7126307108940594,0.04824042474584349,0.15318036700185586
23603,NA,NA,NA,NA,0.11473168131342444,0.2904566209909795,0.4393544814515086,0.15545721624408745
23604,NA,NA,NA,NA,0.27435290413930374,0.5434276473152351,0.06217970831762518,0.12003974022783606
23605,NA,NA,NA,NA,0.4399623863755999,0.09976530886836964,0.17171157676345486,0.28856072799257554
23606,NA,NA,NA,NA,0.37893352245316075,0.31603231634927487,0.09138524885705657,0.21364891234050779
23607,NA,NA,NA,NA,0.226721373513553,0.2492327379668093,0.24897882645396516,0.2750670620656726
23608,NA,NA,NA,NA,0.6691955303843445,0.09144177563835848,0.04631133216315729,0.1930513618141398
23609,NA,NA,NA,NA,0.432992643918501,0.08685204967610895,0.25281613037277595,0.2273391760326141
23610,NA,NA,NA,NA,0.4287943846908583,0.31860260867890444,0.14644637952295303,0.1061566271072841
23611,NA,NA,NA,NA,0.0679940540322542,0.14830448705608734,0.6025652994325046,0.18113615947915376
23612,NA,NA,NA,NA,0.12100546666160403,0.37150858190489955,0.21994890692836946,0.28753704450512696
23613,NA,NA,NA,NA,0.39737035120524333,0.212968285057714,0.33429170126229085,0.0553696624747519
23614,NA,NA,NA,NA,0.16634595464463428,0.6764172762937832,0.06389441908465071,0.09334234997693187
23615,NA,NA,NA,NA,0.23865456359240306,0.3313360845453295,0.12674601309419414,0.3032633387680733
23616,NA,NA,NA,NA,0.4411893951597873,0.07927010779346348,0.3936248989625766,0.08591559808417276
23617,NA,NA,NA,NA,0.12064538808055483,0.6819146058418162,0.07408303048527631,0.12335697559235273
23618,NA,NA,NA,NA,0.33128588772423534,0.033361871980618525,0.2760485475652033,0.3593036927299428
23619,NA,NA,NA,NA,0.09509823344056413,0.2401471256576388,0.24222779642796652,0.42252684447383065
23620,NA,NA,NA,NA,0.06636883183046587,0.19691063140080284,0.05083923249485133,0.6858813042738799
23621,NA,NA,NA,NA,0.32654427626871335,0.16992713336112003,0.0623146861398069,0.4412139042303598
23622,NA,NA,NA,NA,0.13352948426960132,0.4040597028458006,0.06810093803476482,0.3943098748498332
23623,NA,NA,NA,NA,0.05135195869638688,0.15922944360786717,0.045396772824837554,0.7440218248709084
23624,NA,NA,NA,NA,0.09876521089285452,0.492276263286701,0.10832624869507554,0.30063227712536894
23625,NA,NA,NA,NA,0.14550648128738783,0.15838996036098524,0.2277407317559912,0.46836282659563583
23626,NA,NA,NA,NA,0.08329163685826896,0.2891674750131941,0.18260266080757015,0.4449382273209668
23627,NA,NA,NA,NA,0.17741658141708255,0.052539347528574684,0.3120955342757785,0.4579485367785641
23628,NA,NA,NA,NA,0.2805097546958021,0.16523931513762527,0.07414639558944673,0.48010453457712593
23629,NA,NA,NA,NA,0.2166840571386693,0.16346455705187884,0.1581439723049186,0.46170741350453326
23630,NA,NA,NA,NA,0.27274225196978086,0.3775562821138096,0.13924790890627697,0.2104535570101326
23631,NA,NA,NA,NA,0.051502122363204984,0.20068327612456335,0.3323005651688565,0.4155140363433752
23632,NA,NA,NA,NA,0.05736108534319225,0.05027475407172403,0.2573518259466921,0.6350123346383917
23633,NA,NA,NA,NA,0.18204074124541678,0.3707678514791155,0.1440621354726762,0.3031292718027916
23634,NA,NA,NA,NA,0.4904401278747857,0.17623975270064202,0.017433161248417765,0.31588695817615453
23635,NA,NA,NA,NA,0.03845169919970112,0.2966655507681579,0.07483734680942167,0.5900454032227193
23636,NA,NA,NA,NA,0.08105120078161528,0.38288685913563625,0.23866273964793244,0.2973992004348161
23637,NA,NA,NA,NA,0.32262641690511606,0.5255646117675075,0.09926533999470603,0.052543631332670385
23638,NA,NA,NA,NA,0.8285706504854554,0.06466181450516809,0.05538631870181688,0.05138121630755973
23639,NA,NA,NA,NA,0.19939443241866314,0.0910490577614283,0.6572722052978046,0.0522843045221039
23640,NA,NA,NA,NA,0.4541317268808016,0.0264660810844769,0.48299241570680795,0.03640977632791349
23641,NA,NA,NA,NA,0.0862571515229992,0.2844737598393951,0.5135905333771149,0.11567855526049069
23642,NA,NA,NA,NA,0.13069517432896932,0.07533648663826986,0.6552876919749593,0.1386806470578015
23643,NA,NA,NA,NA,0.37055933255088663,0.4338760341356858,0.15465581724944572,0.040908816063982015
23644,NA,NA,NA,NA,0.3770758170893628,0.38220745772175724,0.13707891461064353,0.10363781057823648
23645,NA,NA,NA,NA,0.2546991671691987,0.4435389101461361,0.17413583901768062,0.12762608366698455
23646,NA,NA,NA,NA,0.2889354957858369,0.4037202095937123,0.24610854521791803,0.06123574940253281
23647,NA,NA,NA,NA,0.19028010302147444,0.6454947881503146,0.11805238983695017,0.04617271899126088
23648,NA,NA,NA,NA,0.30112331270826587,0.6211722825367452,0.03989317878342267,0.037811225971566255
23649,NA,NA,NA,NA,0.17814342286148072,0.3740952644756542,0.3644420972896519,0.08331921537321327
23650,NA,NA,NA,NA,0.3229957639761639,0.33755368587512286,0.17066538822321087,0.16878516192550247
23651,NA,NA,NA,NA,0.10702364006134793,0.6955366533420374,0.09924665877607947,0.09819304782053509
23652,NA,NA,NA,NA,0.1051509649907578,0.06268141045397814,0.8019538813503025,0.030213743204961535
23653,NA,NA,NA,NA,0.10767692343775924,0.058261241973022945,0.7600498899962078,0.07401194459301004
23654,NA,NA,NA,NA,0.12982152835557872,0.08530081025624689,0.6756449638975284,0.10923269749064607
23655,NA,NA,NA,NA,0.29651393242381274,0.47132317496595916,0.16316127391948662,0.06900161869074142
23656,NA,NA,NA,NA,0.20545346764764091,0.1849315941854608,0.3662822829414979,0.24333265522540048
23657,NA,NA,NA,NA,0.4736921753454894,0.24458490069216635,0.18230052309361067,0.09942240086873351
23658,NA,NA,NA,NA,0.3306737262328429,0.0755605041852246,0.4238554895579628,0.1699102800239698
23659,NA,NA,NA,NA,0.5803197853420988,0.2628891977020943,0.10758695935222369,0.04920405760358323
23660,NA,NA,NA,NA,0.32237182318300384,0.2022028742404845,0.14926663424263684,0.32615866833387486
23661,NA,NA,NA,NA,0.25887772413299515,0.1534095394888989,0.21750478502636725,0.37020795135173873
23662,NA,NA,NA,NA,0.15436974810884735,0.40323566587873144,0.20579392011762318,0.23660066589479792
23663,NA,NA,NA,NA,0.2073155303624729,0.17903750050093498,0.4456994922383095,0.1679474768982826
23664,NA,NA,NA,NA,0.16144357904846182,0.34087887392762056,0.1864334504179145,0.3112440966060032
23665,NA,NA,NA,NA,0.41915182359202197,0.3217700828911451,0.05168480687441331,0.20739328664241952
23666,NA,NA,NA,NA,0.3539173406036258,0.11801590538138504,0.3753015488826406,0.15276520513234865
23667,NA,NA,NA,NA,0.2772154896110957,0.049987100430974984,0.6318953683153122,0.04090204164261703
23668,NA,NA,NA,NA,0.49710686712480895,0.07557601557626017,0.284876150411014,0.14244096688791688
23669,NA,NA,NA,NA,0.275499399218839,0.425671059304817,0.14279464152111662,0.15603489995522737
23670,NA,NA,NA,NA,0.2923627117908211,0.076379206818652165,0.5220956431135744,0.1091624382769524
23671,NA,NA,NA,NA,0.07406299259839393,0.17039434696463965,0.6825457989784872,0.07299686145847917
23672,NA,NA,NA,NA,0.26420504590008004,0.15698061799307916,0.48324996968903944,0.09556436641780128
23673,NA,NA,NA,NA,0.37843273616897527,0.489783597486094,0.06839175178374685,0.06339191456118386
23674,NA,NA,NA,NA,0.023298381192540907,0.3160004139102962,0.57954732461575,0.08115388028141307
23675,NA,NA,NA,NA,0.06058575916167928,0.6288054024730995,0.09728681650212846,0.21332202186309276
23676,NA,NA,NA,NA,0.1984091439648728,0.2793226074179531,0.13200613504811848,0.3902621135690556
23677,NA,NA,NA,NA,0.1933761749050936,0.41506008768885255,0.24770048919345602,0.14386324821259794
23678,NA,NA,NA,NA,0.5480131675746125,0.1396085871079115,0.060546055747156685,0.25183218957031944
23679,NA,NA,NA,NA,0.41425674829154796,0.17636048658204884,0.3106256722401196,0.09875709288628354
23680,NA,NA,NA,NA,0.04897338946440756,0.10616232699587826,0.6447833018538063,0.20008098168590788
23681,NA,NA,NA,NA,0.09411620105825487,0.2860655906255219,0.487358873764215,0.13245933455200828
23682,NA,NA,NA,NA,0.06903623038274125,0.43608604949486335,0.40106720779839844,0.09381051232399702
23683,NA,NA,NA,NA,0.353140749595143,0.14271780418717614,0.3038485988008705,0.2002928474168105
23684,NA,NA,NA,NA,0.06927638876147404,0.6227602623851124,0.13781193942747585,0.1701514094259377
23685,NA,NA,NA,NA,0.24509454325799318,0.3399736544354961,0.3386810447044722,0.07625075760203841
23686,NA,NA,NA,NA,0.0902284318490347,0.07199428125171303,0.5514152000182603,0.2863620868809919
23687,NA,NA,NA,NA,0.13249770745624856,0.13833958606618868,0.3737137544104326,0.35544895206713023
23688,NA,NA,NA,NA,0.23541877583225704,0.16332789128967423,0.12213535311888943,0.47911797975917936
23689,NA,NA,NA,NA,0.09555495700871425,0.2942269689338961,0.5267631082487021,0.08345496580868753
23690,NA,NA,NA,NA,0.33840496371512063,0.3885052885549904,0.04600800366357237,0.2270817440663166
23691,NA,NA,NA,NA,0.08312627330974821,0.3375545694588206,0.4602478486401073,0.11907130859132382
23692,NA,NA,NA,NA,0.04876290038246459,0.6535816699193081,0.0727931536680621,0.2248622760301651
23693,NA,NA,NA,NA,0.0939108767148759,0.37063005250132397,0.4099411459210195,0.12551792486278063
23694,NA,NA,NA,NA,0.08639669989551534,0.2930379799778144,0.22712551730876074,0.3934398028179095
23695,NA,NA,NA,NA,0.07669576609937234,0.528091368466164,0.13925968862622606,0.25595317680823765
23696,NA,NA,NA,NA,0.5059148755832252,0.331992760620293,0.019007463729461157,0.14308490006702063
23697,NA,NA,NA,NA,0.23409957042557866,0.08407229251144926,0.5220542030758903,0.1597739339870817
23698,NA,NA,NA,NA,0.19147951085237508,0.29955153591633565,0.18365597744035095,0.32531297579093826
23699,NA,NA,NA,NA,0.16748459050048742,0.4716121496514195,0.12310025901618563,0.23780300083190742
23700,NA,NA,NA,NA,0.22684672929757815,0.01850685877934316,0.6424270516313142,0.11221936029176456
23701,NA,NA,NA,NA,0.03571178406154588,0.49755133362948045,0.24721323891516073,0.21952364339381303
23702,NA,NA,NA,NA,0.11978999204855033,0.07421114012223354,0.6795006930841851,0.12649817474503086
23703,NA,NA,NA,NA,0.05610111721376366,0.497938455338976,0.25917716728980944,0.18678326015745092
23704,NA,NA,NA,NA,0.24827253858653234,0.17765273642856694,0.25946227748781575,0.314612447497085
23705,NA,NA,NA,NA,0.19770945020919073,0.39880771815374816,0.13489705187509188,0.2685857797619693
23706,NA,NA,NA,NA,0.42769915517131474,0.09024553450494165,0.2999618701874447,0.182093440136299
23707,NA,NA,NA,NA,0.1329741010869697,0.6332038417460016,0.047611382228749555,0.1862106749382791
23708,NA,NA,NA,NA,0.12452870618202926,0.47273903165534165,0.20613148233529258,0.19660077982733645
23709,NA,NA,NA,NA,0.26689680608941313,0.12503518079969936,0.17342870945601113,0.43463930365487635
23710,NA,NA,NA,NA,0.44566291385279044,0.19600922565487117,0.09521856835914076,0.26310929213319756
23711,NA,NA,NA,NA,0.0438899491924334,0.37352126846278433,0.4141735523640467,0.16841522998073544
23712,NA,NA,NA,NA,0.1547244061699348,0.0906934676704654,0.4592862803163469,0.2952958458432528
23713,NA,NA,NA,NA,0.027286434774317168,0.359815490454308,0.4226698828542869,0.19022819191708784
23714,NA,NA,NA,NA,0.22523477586541266,0.11849417676081031,0.4946920641809564,0.1615789831928205
23715,NA,NA,NA,NA,0.1501554952079999,0.0625452061586124,0.5691843478944792,0.21811495073890833
23716,NA,NA,NA,NA,0.43469440885800514,0.12330288756981372,0.1592547282727723,0.2827479752994087
23717,NA,NA,NA,NA,0.4299802534945785,0.3922838578327969,0.038966068193999816,0.1387698204786248
23718,NA,NA,NA,NA,0.04343766390998917,0.10546091341056164,0.6235560749720988,0.22754534770735038
23719,NA,NA,NA,NA,0.259444748176553,0.4903631070440146,0.06131056068940505,0.18888158409002748
23720,NA,NA,NA,NA,0.052280094053299656,0.05999901936514886,0.6787352523547927,0.20898563422675887
23721,NA,NA,NA,NA,0.23104316713239692,0.19310955316209,0.5135327404507908,0.062314539254722245
23722,NA,NA,NA,NA,0.04429675793461644,0.171223106965585,0.5495567403717988,0.2349233947279998
23723,NA,NA,NA,NA,0.06552576927281703,0.47203137782619753,0.36850956777380534,0.09393328512718005
23724,NA,NA,NA,NA,0.3357842169558491,0.40736249188304274,0.07359918218617986,0.18325410897492828
23725,NA,NA,NA,NA,0.2695559347111005,0.028560631666414354,0.6229198992350415,0.07896353438744359
23726,NA,NA,NA,NA,0.20826959652727176,0.4425469186258643,0.25381718933105085,0.09536629551581302
23727,NA,NA,NA,NA,0.23038317169079303,0.14990498254051618,0.38923615574570025,0.23047569002299045
23728,NA,NA,NA,NA,0.15721091884934024,0.18576683356823903,0.2947206416206064,0.36230160596181427
23729,NA,NA,NA,NA,0.1030941518420597,0.596873284783715,0.13517895567059543,0.16485360770362995
23730,NA,NA,NA,NA,0.21875522529353356,0.31587088278217784,0.3394218736187065,0.12595201830558211
23731,NA,NA,NA,NA,0.17387778268156384,0.33896179377051655,0.21911914271997954,0.2680412808279401
23732,NA,NA,NA,NA,0.40268802379485613,0.2671060719033411,0.09062581636347249,0.23958008793833022
23733,NA,NA,NA,NA,0.5341237470126208,0.0732943025745335,0.07942477449534605,0.31315717591749975
23734,NA,NA,NA,NA,0.12089281463271388,0.05543212982772491,0.40876021181302613,0.41491484372653514
23735,NA,NA,NA,NA,0.5002716551150307,0.050509916256735954,0.12764540115987924,0.3215730274683541
23736,NA,NA,NA,NA,0.09485163252842518,0.14767887712649136,0.32920111380325556,0.42826837654182776
23737,NA,NA,NA,NA,0.08055880847352583,0.49545483327377327,0.20109477260898226,0.22289158564371864
23738,NA,NA,NA,NA,0.4391490501254099,0.11968547692434184,0.11585478939576335,0.3253106835544849
23739,NA,NA,NA,NA,0.17834770556935076,0.08191521426152726,0.17690193139214908,0.5628351487769729
23740,NA,NA,NA,NA,0.0993546012268006,0.015619037335283038,0.7920572056161088,0.0929691558218075
23741,NA,NA,NA,NA,0.04578870305405515,0.13428230399397756,0.3360506654646447,0.4838783274873227
23742,NA,NA,NA,NA,0.1675873910614001,0.2317990832008178,0.13553417628053357,0.4650793494572485
23743,NA,NA,NA,NA,0.08258096665045604,0.5615639066099763,0.09096010691165544,0.2648950198279122
23744,NA,NA,NA,NA,0.033528880261456576,0.4550507060681107,0.28792615982958086,0.22349425384085186
23745,NA,NA,NA,NA,0.5092938630432936,0.062234029384134366,0.10842857411271786,0.3200435334598541
23746,NA,NA,NA,NA,0.3802316532586131,0.22214980783581023,0.07579327903164598,0.3218252598739306
23747,NA,NA,NA,NA,0.05174363400624662,0.24114940853569178,0.4383815660720292,0.26872539138603235
23748,NA,NA,NA,NA,0.25636404914973593,0.34878825584984496,0.17595546112069307,0.21889223387972603
23749,NA,NA,NA,NA,0.42221909755677584,0.19245594635866153,0.049683121246834244,0.3356418348377284
23750,NA,NA,NA,NA,0.10886031524428644,0.13631833210616084,0.5832671850936788,0.17155416755587402
23751,NA,NA,NA,NA,0.21875044894528858,0.20905230735134805,0.46958470230887284,0.10261254139449068
23752,NA,NA,NA,NA,0.28928214111803924,0.3728147125591824,0.1025089453432848,0.23539420097949348
23753,NA,NA,NA,NA,0.2904246920911197,0.19140961501959727,0.12614719101281832,0.3920185018764646
23754,NA,NA,NA,NA,0.1861389355818054,0.23671398752933231,0.44230337106905737,0.1348437058198049
23755,NA,NA,NA,NA,0.5542300504303691,0.12628807648773188,0.21968976241988283,0.09979211066201614
23756,NA,NA,NA,NA,0.20334608788690575,0.33775117795497583,0.2061561778286402,0.2527465563294781
23757,NA,NA,NA,NA,0.2505697006869049,0.5280705651209429,0.055482286916769596,0.1658774472753826
23758,NA,NA,NA,NA,0.43744724548444247,0.25124370006324764,0.10302212473826286,0.20828692971404708
23759,NA,NA,NA,NA,0.10561444743230848,0.270814079251373,0.47149224102916676,0.15207923228715173
23760,NA,NA,NA,NA,0.35735460280685666,0.043752992792683396,0.49124228274709464,0.10765012165336522
23761,NA,NA,NA,NA,0.2105513689297317,0.2092254334822926,0.41778301612394086,0.16244018146403488
23762,NA,NA,NA,NA,0.25856297563157293,0.327158729235372,0.2630933595089379,0.1511849356241172
23763,NA,NA,NA,NA,0.5434033563277094,0.16251748981321665,0.16791905865863863,0.1261600952004353
23764,NA,NA,NA,NA,0.2936248282158084,0.09219895125027809,0.4237055568807719,0.19047066365314178
23765,NA,NA,NA,NA,0.10508886852445222,0.11252235238959199,0.4256083602051719,0.356780418880784
23766,NA,NA,NA,NA,0.11675793465886875,0.05580548792508723,0.7298773371311573,0.09755924028488684
23767,NA,NA,NA,NA,0.28221396958657935,0.3807266743469492,0.22679781632362475,0.11026153974284672
23768,NA,NA,NA,NA,0.09439772349206887,0.07246057610701177,0.2158286792965602,0.6173130211043593
23769,NA,NA,NA,NA,0.15703974908263613,0.19493259144620914,0.4064743725371663,0.24155328693398836
23770,NA,NA,NA,NA,0.19436657079966987,0.08671022083579022,0.5684079266004171,0.15051528176412282
23771,NA,NA,NA,NA,0.07771814832595454,0.5000802250625049,0.07674549199435673,0.3454561346171838
23772,NA,NA,NA,NA,0.166107416095384,0.1905069899268827,0.1313215931421674,0.5120640008355658
23773,NA,NA,NA,NA,0.05587951216446198,0.29321022563454135,0.47765995816118456,0.17325030403981218
23774,NA,NA,NA,NA,0.18496270630186676,0.3668359436823317,0.1807530921829056,0.26744825783289594
23775,NA,NA,NA,NA,0.4728914142981329,0.2721638111772131,0.06836580864326912,0.1865789658813848
23776,NA,NA,NA,NA,0.2950521324905954,0.09633294852920078,0.32569181265002173,0.28292310633018214
23777,NA,NA,NA,NA,0.20716007717434456,0.29387519877511914,0.4114287381910097,0.08753598585952657
23778,NA,NA,NA,NA,0.17359604630408584,0.4198484438171443,0.10420664754136784,0.30234886233740194
23779,NA,NA,NA,NA,0.3532491386922249,0.322231089660215,0.23186079800285694,0.09265897364470312
23780,NA,NA,NA,NA,0.37996438147662204,0.3976409497666304,0.07718109154594761,0.14521357721079986
23781,NA,NA,NA,NA,0.624848690986676,0.15242112799675367,0.10330971616877761,0.11942046484779296
23782,NA,NA,NA,NA,0.10248244693101057,0.2999381584058461,0.4277922335178645,0.16978716114527875
23783,NA,NA,NA,NA,0.3269855327014135,0.062297952585983654,0.4240074184500655,0.18670909626253734
23784,NA,NA,NA,NA,0.1658468638019969,0.06120467612978907,0.5458322251217793,0.2271162349464347
23785,NA,NA,NA,NA,0.5766288087339388,0.2782536787994906,0.03775605794348841,0.10736145452308216
23786,NA,NA,NA,NA,0.2770528528594978,0.3277928213725416,0.2217283951797743,0.17342593058818623
23787,NA,NA,NA,NA,0.4927440807803099,0.18189023606750168,0.17167550553679053,0.15369017761539785
23788,NA,NA,NA,NA,0.17454908909840472,0.3784778402464693,0.26974329210983633,0.17722977854528968
23789,NA,NA,NA,NA,0.6130578954217567,0.10577781951669527,0.04048752087006452,0.24067676419148343
23790,NA,NA,NA,NA,0.04191339519809284,0.14799974342729022,0.5420682118045708,0.2680186495700462
23791,NA,NA,NA,NA,0.24287899227535756,0.10677046710273726,0.4265012932481191,0.22384924737378617
23792,NA,NA,NA,NA,0.15299072471970074,0.6557429702835693,0.05863647903527851,0.13262982596145154
23793,NA,NA,NA,NA,0.23040552044566223,0.2392339590740705,0.2003747748222003,0.32998574565806693
23794,NA,NA,NA,NA,0.26612861047884134,0.19027350130502216,0.24327105304940408,0.3003268351667325
23795,NA,NA,NA,NA,0.2986501354247315,0.3593688997610077,0.05340170564090223,0.28857925917335847
23796,NA,NA,NA,NA,0.17784645377384425,0.37731129010807707,0.21921244032102488,0.22562981579705377
23797,NA,NA,NA,NA,0.33745026930698674,0.32807847995588457,0.2547030644166613,0.0797681863204675
23798,NA,NA,NA,NA,0.2766500655928594,0.053647239512599657,0.288987967061737,0.38071472783280397
23799,NA,NA,NA,NA,0.5834927346363983,0.061333159919538846,0.12046373793338858,0.23471036751067428
23800,NA,NA,NA,NA,0.1864205948171869,0.6526698942772347,0.035596376356588695,0.12531313454898982
23801,NA,NA,NA,NA,0.04026646401114312,0.08649898678748326,0.7266128643645917,0.1466216848367819
23802,NA,NA,NA,NA,0.0643650293469644,0.666645533959376,0.07945965870994894,0.18952977798371065
23803,NA,NA,NA,NA,0.27017630198954606,0.28153271342125286,0.08797592607590039,0.3603150585133006
23804,NA,NA,NA,NA,0.3429530221128398,0.10125065757180271,0.261489186910344,0.2943071334050135
23805,NA,NA,NA,NA,0.24315294769168738,0.08831109266904442,0.5482984208337282,0.12023753880554003
23806,NA,NA,NA,NA,0.1325847081817392,0.34929242407574135,0.23224050951083156,0.2858823582316878
23807,NA,NA,NA,NA,0.45853304957585417,0.13150128086407692,0.15214223628258788,0.2578234332774812
23808,NA,NA,NA,NA,0.11204505659447976,0.4919997868001035,0.2387078895262663,0.15724726707915038
23809,NA,NA,NA,NA,0.4370479293876775,0.2353466279231835,0.09653180440679403,0.23107363828234484
23810,NA,NA,NA,NA,0.04699438053241408,0.5755839288133582,0.215072963469002,0.16234872718522578
23811,NA,NA,NA,NA,0.42545857164452094,0.22644977481681605,0.20490665362200322,0.14318499991665992
23812,NA,NA,NA,NA,0.06660615929018135,0.29625058428782813,0.5364146732688918,0.10072858315309868
23813,NA,NA,NA,NA,0.4775124939191494,0.20204757978868707,0.17491781596619216,0.14552211032597145
23814,NA,NA,NA,NA,0.22512025801729635,0.2162579089881316,0.433690456175298,0.12493137681927408
23815,NA,NA,NA,NA,0.09639927540067039,0.07213937371250992,0.3665575840007267,0.464903766886093
23816,NA,NA,NA,NA,0.28502947326808514,0.46971644030166776,0.09182348882233106,0.15343059760791605
23817,NA,NA,NA,NA,0.26115989103811243,0.0716170614798694,0.5082987886666172,0.158924258815401
23818,NA,NA,NA,NA,0.10595588411420688,0.14392814280106425,0.49515788617459106,0.25495808691013766
23819,NA,NA,NA,NA,0.07835409275885644,0.5447696421210944,0.21442183120604666,0.1624544339140025
23820,NA,NA,NA,NA,0.24837122001264933,0.14818126217686023,0.37169870556535217,0.23174881224513816
23821,NA,NA,NA,NA,0.0864689321061969,0.25266604533124687,0.14704829289913274,0.5138167296634235
23822,NA,NA,NA,NA,0.16730280121454325,0.31708076752923564,0.13878966062458975,0.3768267706316313
23823,NA,NA,NA,NA,0.09312053527135049,0.11395455696412427,0.36556986930844904,0.4273550384560762
23824,NA,NA,NA,NA,0.23230146803755305,0.4446068793665504,0.1703646541374238,0.1527269984584727
23825,NA,NA,NA,NA,0.39227973466320704,0.10098052026883576,0.3418934763572053,0.16484626871075192
23826,NA,NA,NA,NA,0.04430426452151258,0.4749517109595641,0.13934298197203335,0.34140104254689
23827,NA,NA,NA,NA,0.36953414896083525,0.3221674148420244,0.17072295966916168,0.13757547652797877
23828,NA,NA,NA,NA,0.05901344678139034,0.32309022923258035,0.4201125233740324,0.19778380061199702
23829,NA,NA,NA,NA,0.373723878688571,0.28418534145204266,0.11969883399140496,0.22239194586798133
23830,NA,NA,NA,NA,0.06754775945462421,0.6226919744060285,0.19933122674201995,0.11042903939732733
23831,NA,NA,NA,NA,0.2194444365880965,0.3086702230384432,0.35459169924215617,0.11729364113130407
23832,NA,NA,NA,NA,0.23782624060477622,0.26357720740158574,0.4027561714899463,0.09584038050369167
23833,NA,NA,NA,NA,0.2960467404992828,0.12309622001552357,0.425193219774975,0.1556638197102185
23834,NA,NA,NA,NA,0.41526928516724376,0.12291839306353333,0.3624975359567515,0.0993147858124715
23835,NA,NA,NA,NA,0.18774791415586614,0.3395053956330222,0.35369805734545606,0.11904863286565565
23836,NA,NA,NA,NA,0.5505292185571731,0.07423436616956285,0.15295981856742524,0.2222765967058389
23837,NA,NA,NA,NA,0.07195032182084929,0.18415932049879355,0.2238535219661889,0.5200368357141683
23838,NA,NA,NA,NA,0.5977753161124861,0.17662604417609945,0.09976506659034831,0.12583357312106613
23839,NA,NA,NA,NA,0.5359848388474892,0.19032370041389496,0.12111730455625769,0.15257415618235826
23840,NA,NA,NA,NA,0.4037215287166621,0.03771641309377811,0.43459787646185905,0.12396418172770086
23841,NA,NA,NA,NA,0.4650212483232264,0.1472373275375662,0.23438502412003356,0.1533564000191738
23842,NA,NA,NA,NA,0.46767364581691917,0.09815908589519404,0.24276278515381286,0.19140448313407396
23843,NA,NA,NA,NA,0.4093092853663243,0.11433052775149255,0.32763474489218714,0.148725441989996
23844,NA,NA,NA,NA,0.6282278090332482,0.11011804542469392,0.12264910774942507,0.13900503779263285
23845,NA,NA,NA,NA,0.19201318770939854,0.11351729030248812,0.2688831084199696,0.4255864135681437
23846,NA,NA,NA,NA,0.4633828542090974,0.3078245236465164,0.19689078220574688,0.031901839938639404
23847,NA,NA,NA,NA,0.12825450213708073,0.6691986307077002,0.11461407258637821,0.08793279456884075
23848,NA,NA,NA,NA,0.057364717427179204,0.09487730808208016,0.6783388268673318,0.16941914762340884
23849,NA,NA,NA,NA,0.3983993586362955,0.17354654792027785,0.28453437470090764,0.14351971874251904
23850,NA,NA,NA,NA,0.06280443577761348,0.4024637442656661,0.42868747855402983,0.10604434140269053
23851,NA,NA,NA,NA,0.4960512649125312,0.3187292005427583,0.1439028323254313,0.04131670221927923
23852,NA,NA,NA,NA,0.1741576207535413,0.4525866725585844,0.23198314838201775,0.14127255830585653
23853,NA,NA,NA,NA,0.08209125785941954,0.18182641346815184,0.5669314921184111,0.16915083655401753
23854,NA,NA,NA,NA,0.6546268180893273,0.125360340445149,0.10809621695820247,0.11191662450732122
23855,NA,NA,NA,NA,0.181270888199516,0.49744961412252164,0.09655092993504934,0.22472856774291294
23856,NA,NA,NA,NA,0.3068919679857238,0.5272490380849028,0.06455977039487708,0.1012992235344963
23857,NA,NA,NA,NA,0.3152025851191737,0.6163274502923712,0.02837447477005749,0.04009548981839746
23858,NA,NA,NA,NA,0.41576125574372635,0.26333064953200036,0.25756833121143524,0.06333976351283793
23859,NA,NA,NA,NA,0.7454972938349816,0.08317811176232398,0.07281411434813445,0.09851048005455994
23860,NA,NA,NA,NA,0.1322505472490382,0.38457960799586566,0.3149154456280978,0.16825439912699824
23861,NA,NA,NA,NA,0.19982237201331612,0.05220540421144403,0.6805892749590328,0.06738294881620721
23862,NA,NA,NA,NA,0.08964797759458594,0.08211128667752102,0.7487307906391467,0.07950994508874637
23863,NA,NA,NA,NA,0.20446729535545505,0.09350806543800556,0.5687971453466641,0.13322749385987526
23864,NA,NA,NA,NA,0.26304905846966087,0.5634868319818742,0.045121016920157464,0.12834309262830737
23865,NA,NA,NA,NA,0.07318608051218177,0.15279382730817304,0.351326966944862,0.42269312523478314
23866,NA,NA,NA,NA,0.43614069745035605,0.30736797468393984,0.1029416373604076,0.1535496905052965
23867,NA,NA,NA,NA,0.06893189368021427,0.27965210451350264,0.06384584770334654,0.5875701541029364
23868,NA,NA,NA,NA,0.06323057938442377,0.1350675302721599,0.330551114308322,0.4711507760350942
23869,NA,NA,NA,NA,0.3089782623000439,0.1359658676997987,0.15169715933323913,0.40335871066691825
23870,NA,NA,NA,NA,0.16286112181312262,0.05517921738067742,0.5804135722846251,0.20154608852157493
23871,NA,NA,NA,NA,0.09251953527902204,0.24088130585914777,0.40435564665681795,0.2622435122050123
23872,NA,NA,NA,NA,0.023361842378666686,0.16875468694783127,0.546407365305355,0.2614761053681469
23873,NA,NA,NA,NA,0.22478737764899695,0.23057030410631935,0.3166821843228128,0.22796013392187073
23874,NA,NA,NA,NA,0.5591209663511608,0.2406735169384952,0.04775317308735304,0.15245234362299095
23875,NA,NA,NA,NA,0.036279799262174464,0.6030967515742431,0.19453953486839332,0.16608391429518918
23876,NA,NA,NA,NA,0.2625485649824895,0.3208206335258903,0.09708004689869526,0.31955075459292487
23877,NA,NA,NA,NA,0.2776035014052119,0.18604591963024536,0.06357992875574543,0.4727706502087973
23878,NA,NA,NA,NA,0.2011802873335247,0.3655445255294952,0.05013301568120324,0.38314217145577695
23879,NA,NA,NA,NA,0.10930611526501578,0.48737496028239036,0.28636997974213735,0.11694894471045655
23880,NA,NA,NA,NA,0.5624384911446538,0.24800554574214986,0.04607265886358908,0.14348330424960712
23881,NA,NA,NA,NA,0.6023301538453195,0.08494059956365567,0.15742446763767742,0.15530477895334743
23882,NA,NA,NA,NA,0.05047388156278899,0.6677846155211634,0.03536859782056263,0.24637290509548485
23883,NA,NA,NA,NA,0.386570729031417,0.12667789778516475,0.28401619178265125,0.202735181400767
23884,NA,NA,NA,NA,0.10899181671773343,0.7275680878522127,0.13310990688133018,0.030330188548723727
23885,NA,NA,NA,NA,0.12732483125979693,0.5516973415864022,0.060664170628381094,0.2603136565254198
23886,NA,NA,NA,NA,0.22627778212280752,0.3907558864744129,0.24020999758081854,0.14275633382196104
23887,NA,NA,NA,NA,0.19646058186856027,0.3780659298359244,0.20172840900677183,0.22374507928874343
23888,NA,NA,NA,NA,0.12999805435048903,0.4679204509211444,0.34707775718617756,0.05500373754218886
23889,NA,NA,NA,NA,0.5007446961451927,0.3159128330108989,0.07316742913903111,0.11017504170487738
23890,NA,NA,NA,NA,0.09059758215614962,0.7837006774773265,0.032346403656593845,0.09335533670993013
23891,NA,NA,NA,NA,0.30422155513245475,0.2502968072257422,0.15329869143599342,0.29218294620580976
23892,NA,NA,NA,NA,0.04241086244429313,0.6965854589846172,0.09930558743265148,0.16169809113843825
23893,NA,NA,NA,NA,0.1319672338610139,0.651008396091002,0.06894665671936988,0.14807771332861427
23894,NA,NA,NA,NA,0.12334020743203784,0.4585306504627874,0.2822486332634355,0.13588050884173933
23895,NA,NA,NA,NA,0.03347006805858616,0.194045317274501,0.6397857984426024,0.1326988162243103
23896,NA,NA,NA,NA,0.02177784980584688,0.1521245175885358,0.6785259421679871,0.1475716904376303
23897,NA,NA,NA,NA,0.08851527009939951,0.47254888607704926,0.16566756272763097,0.2732682810959204
23898,NA,NA,NA,NA,0.05221080122010473,0.8155135460852878,0.049579963953914626,0.08269568874069287
23899,NA,NA,NA,NA,0.1489294753176026,0.3011136764829089,0.27479736010851274,0.2751594880909758
23900,NA,NA,NA,NA,0.0822015879048931,0.5852231668030093,0.15149853813802622,0.18107670715407134
23901,NA,NA,NA,NA,0.0662844232050069,0.7499260389374662,0.08529084631794265,0.09849869153958433
23902,NA,NA,NA,NA,0.028799741272562462,0.6538206664142943,0.2510483459255361,0.06633124638760712
23903,NA,NA,NA,NA,0.3857741778682402,0.18995479535001691,0.16170971929822126,0.26256130748352174
23904,NA,NA,NA,NA,0.15639887927219567,0.49988897868745413,0.20446301646893447,0.13924912557141578
23905,NA,NA,NA,NA,0.35858015181813185,0.046410495916830455,0.5087246281003344,0.08628472416470327
23906,NA,NA,NA,NA,0.6130051608002202,0.08864996438758557,0.10453458687522454,0.19381028793696983
23907,NA,NA,NA,NA,0.30188219665070926,0.2683396134659709,0.22289613615432427,0.20688205372899562
23908,NA,NA,NA,NA,0.186585967879799,0.5224062441159371,0.08437497662498038,0.2066328113792835
23909,NA,NA,NA,NA,0.2462399043620909,0.2791871908023472,0.11949587822748692,0.355077026608075
23910,NA,NA,NA,NA,0.1899951373520457,0.24417988532878426,0.4376568120300792,0.12816816528909086
23911,NA,NA,NA,NA,0.3516588502900286,0.07243667526587276,0.15811490835180125,0.4177895660922974
23912,NA,NA,NA,NA,0.1420025129613599,0.2571662609407499,0.41989458788674094,0.1809366382111493
23913,NA,NA,NA,NA,0.07020053992386724,0.1630704273428156,0.6276297206653174,0.1390993120679996
23914,NA,NA,NA,NA,0.03706722982072515,0.6753385706618534,0.06025543287907962,0.22733876663834174
23915,NA,NA,NA,NA,0.5117829102631779,0.3158821636745976,0.06592077818512941,0.10641414787709504
23916,NA,NA,NA,NA,0.050328335860062384,0.34687604097939784,0.46772599569541673,0.1350696274651229
23917,NA,NA,NA,NA,0.23664226783973596,0.47191756362588816,0.13377732855216742,0.1576628399822083
23918,NA,NA,NA,NA,0.38061130233267676,0.17992508484569714,0.22604836772071588,0.21341524510091023
23919,NA,NA,NA,NA,0.2931687491681367,0.4437272376469875,0.060402934634039895,0.20270107855083577
23920,NA,NA,NA,NA,0.24815931090993557,0.3267319844189354,0.32459723482082786,0.10051146985030104
23921,NA,NA,NA,NA,0.1744613193230998,0.29827348150186606,0.44706903395509046,0.08019616521994367
23922,NA,NA,NA,NA,0.09309959804265427,0.18161924069024032,0.6752177358078103,0.05006342545929511
23923,NA,NA,NA,NA,0.32629941049612377,0.4880488849389805,0.13232766482474698,0.053324039740148946
23924,NA,NA,NA,NA,0.25119561712095717,0.6014694403139084,0.12716081489981343,0.0201741276653209
23925,NA,NA,NA,NA,0.19910161856991854,0.44674116255525104,0.19456092108275372,0.1595962977920768
23926,NA,NA,NA,NA,0.22586884748857042,0.4455433906193006,0.2978401356497879,0.030747626242341054
23927,NA,NA,NA,NA,0.3590952654616377,0.14211845284627317,0.3998340287335862,0.09895225295850285
23928,NA,NA,NA,NA,0.19363521749899495,0.2924465444775563,0.461677631020675,0.05224060700277373
23929,NA,NA,NA,NA,0.14853017956152786,0.5140392757910534,0.1511121638903586,0.18631838075706025
23930,NA,NA,NA,NA,0.15293488585867654,0.40013679116810547,0.28971347039575385,0.1572148525774641
23931,NA,NA,NA,NA,0.13330256972171214,0.6940447947410304,0.11372657560034552,0.058926059936911884
23932,NA,NA,NA,NA,0.2053250275601633,0.619489150308725,0.12075980602987443,0.054426016101237255
23933,NA,NA,NA,NA,0.15102190108725705,0.5836855964517852,0.2210801341294343,0.044212368331523415
23934,NA,NA,NA,NA,0.03696025398406162,0.6779928705498979,0.22088194834615174,0.06416492711988883
23935,NA,NA,NA,NA,0.3204027400414359,0.15373011721016225,0.42387851453394926,0.10198862821445243
23936,NA,NA,NA,NA,0.6014972599506673,0.1355845611558652,0.19668212079628705,0.06623605809718039
23937,NA,NA,NA,NA,0.12494024107353738,0.17613726929913429,0.6223973501072222,0.07652513952010624
23938,NA,NA,NA,NA,0.6419344019846887,0.16221759888675785,0.08708051768922657,0.10876748143932682
23939,NA,NA,NA,NA,0.256805780605684,0.11679349267666385,0.5697478758567756,0.05665285086087656
23940,NA,NA,NA,NA,0.4130487978157314,0.09147545446703181,0.37681611708177876,0.11865963063545805
23941,NA,NA,NA,NA,0.06660061972479302,0.2955481301810078,0.5273950228692781,0.11045622722492109
23942,NA,NA,NA,NA,0.7081001891524691,0.06683604679560036,0.13082230150578528,0.0942414625461452
23943,NA,NA,NA,NA,0.2165855376674571,0.5472083556916711,0.11282804941823506,0.12337805722263681
23944,NA,NA,NA,NA,0.39308727493881557,0.08693794978307165,0.41824538476423884,0.10172939051387385
23945,NA,NA,NA,NA,0.16827136137003226,0.2744184180371101,0.3350485267329321,0.2222616938599256
23946,NA,NA,NA,NA,0.20913736083460574,0.6920685923196033,0.032547767215383105,0.066246279630408
23947,NA,NA,NA,NA,0.029507673094191483,0.6188527298450084,0.22186028157091636,0.12977931548988383
23948,NA,NA,NA,NA,0.3103999235970681,0.31275314308545926,0.2866272135716767,0.09021971974579596
23949,NA,NA,NA,NA,0.20370412465706805,0.43297775430907026,0.09651940080592529,0.2667987202279363
23950,NA,NA,NA,NA,0.029711055525952264,0.4897327256099185,0.39056204487552726,0.08999417398860197
23951,NA,NA,NA,NA,0.5472944022174427,0.13160312484551462,0.21251740752348772,0.1085850654135549
23952,NA,NA,NA,NA,0.2675702524494489,0.2761571016322195,0.3322304409700451,0.1240422049482866
23953,NA,NA,NA,NA,0.6084271911491566,0.1625146149172255,0.056977428231041856,0.1720807657025762
23954,NA,NA,NA,NA,0.5031716630044403,0.08582138695769867,0.3057874682445002,0.10521948179336087
23955,NA,NA,NA,NA,0.12324998968863174,0.3640817684052631,0.22105770410377176,0.29161053780233337
23956,NA,NA,NA,NA,0.07165800246561875,0.5029601074897264,0.31621016931370866,0.10917172073094614
23957,NA,NA,NA,NA,0.1661228825037281,0.4798783980972882,0.12924421003352646,0.22475450936545713
23958,NA,NA,NA,NA,0.23443216792774538,0.5828294302938754,0.04467579733031221,0.13806260444806717
23959,NA,NA,NA,NA,0.35547465874958917,0.19259733632217743,0.24582716232064927,0.20610084260758418
23960,NA,NA,NA,NA,0.27554865811922097,0.1847446401273547,0.29879526358511177,0.24091143816831262
23961,NA,NA,NA,NA,0.8702403458227669,0.08066624941335361,0.007162814404794857,0.0419305903590845
23962,NA,NA,NA,NA,0.1486203727013839,0.4909880767318193,0.20819781995888154,0.15219373060791533
23963,NA,NA,NA,NA,0.2369930537120939,0.5657622809014081,0.07834140739069055,0.11890325799580742
23964,NA,NA,NA,NA,0.0886119984941056,0.5059977249127529,0.28136075362397717,0.12402952296916432
23965,NA,NA,NA,NA,0.5145683993625998,0.10754081290916147,0.3077359143473978,0.0701548733808409
23966,NA,NA,NA,NA,0.28537285803172,0.08072887218140772,0.4560851915542679,0.17781307823260428
23967,NA,NA,NA,NA,0.675326417875389,0.13726721358677316,0.06315845395573136,0.12424791458210634
23968,NA,NA,NA,NA,0.4890788957069142,0.24826647789696424,0.11868259767036306,0.14397202872575857
23969,NA,NA,NA,NA,0.751363954989488,0.0772067538407553,0.05228255087971772,0.11914674029003883
23970,NA,NA,NA,NA,0.8519723932112546,0.05729271317720129,0.02739530664972449,0.06333958696181952
23971,NA,NA,NA,NA,0.169169263290064,0.16580168338232903,0.5600402459584045,0.10498880736920257
23972,NA,NA,NA,NA,0.6551219801172947,0.08772629375156833,0.18874444816838082,0.06840727796275606
23973,NA,NA,NA,NA,0.5118521470395835,0.2995443061466092,0.1120049791013366,0.07659856771247082
23974,NA,NA,NA,NA,0.1822086686065879,0.1863975008914114,0.45641244809265136,0.17498138240934938
23975,NA,NA,NA,NA,0.3480041723178345,0.5807250537479457,0.02456218669767502,0.04670858723654484
23976,NA,NA,NA,NA,0.2742110638803288,0.43718025102580715,0.21644303263772177,0.07216565245614226
23977,NA,NA,NA,NA,0.1917686124029141,0.4305272013760227,0.30423519856931697,0.07346898765174635
23978,NA,NA,NA,NA,0.297843117913229,0.11358155973719405,0.11833286311444073,0.47024245923513613
23979,NA,NA,NA,NA,0.34436848526208536,0.16602440009392133,0.11616545028578006,0.37344166435821313
23980,NA,NA,NA,NA,0.137028991609631,0.47066578280051097,0.15603796269358292,0.23626726289627523
23981,NA,NA,NA,NA,0.06618277906241254,0.33305903108281,0.44103273948661637,0.159725450368161
23982,NA,NA,NA,NA,0.11487739314536981,0.034083593535420925,0.7211046666637743,0.12993434665543493
23983,NA,NA,NA,NA,0.2860404736716405,0.23563005656752128,0.24702195614236053,0.23130751361847776
23984,NA,NA,NA,NA,0.25238634945547544,0.4082533652889711,0.17465215653022018,0.1647081287253332
23985,NA,NA,NA,NA,0.1842270975309829,0.15873538626131978,0.26256031253376777,0.3944772036739297
23986,NA,NA,NA,NA,0.39960904673488395,0.3649735080347551,0.14247350630244016,0.09294393892792095
23987,NA,NA,NA,NA,0.46281980128427,0.25544924974853345,0.11067144771154994,0.17105950125564656
23988,NA,NA,NA,NA,0.24327949610262117,0.24790607478356352,0.4499741771236395,0.0588402519901757
23989,NA,NA,NA,NA,0.0559150462629648,0.168067312993112,0.6154009778478823,0.1606166628960409
23990,NA,NA,NA,NA,0.16485551446281851,0.44746415158434466,0.25698496382883734,0.13069537012399965
23991,NA,NA,NA,NA,0.07971837026134067,0.13513590623069907,0.4373753726906726,0.34777035081728774
23992,NA,NA,NA,NA,0.15497275860251652,0.5815671508178861,0.13040426116156043,0.1330558294180369
23993,NA,NA,NA,NA,0.1949906852184912,0.34786770003093076,0.38419793080567693,0.07294368394490121
23994,NA,NA,NA,NA,0.08247690410214026,0.5410746170314095,0.11424610012721595,0.2622023787392343
23995,NA,NA,NA,NA,0.03745695391284974,0.13328398083577767,0.6748172573908757,0.15444180786049677
23996,NA,NA,NA,NA,0.03822737184938422,0.2607477874422662,0.6249549058721724,0.07606993483617722
23997,NA,NA,NA,NA,0.4330260550350752,0.11549508271054326,0.3592626612438955,0.09221620101048604
23998,NA,NA,NA,NA,0.15002988402475792,0.20771142461297992,0.4942484142201563,0.14801027714210588
23999,NA,NA,NA,NA,0.5739993154393424,0.1204636410493645,0.11423271449559867,0.19130432901569439
24000,NA,NA,NA,NA,0.46009998416889114,0.35193610498989114,0.09759170098217954,0.0903722098590383
24001,NA,NA,NA,NA,0.4407941038919117,0.4283878324210887,0.0660002678789338,0.06481779580806592
24002,NA,NA,NA,NA,0.3693808874866398,0.4359330944201039,0.06243107575522891,0.13225494233802734
24003,NA,NA,NA,NA,0.1624037782673986,0.6615050881191131,0.03723127095192878,0.13885986266155956
24004,NA,NA,NA,NA,0.09171877947459614,0.035135370721931,0.7474164687515796,0.12572938105189324
24005,NA,NA,NA,NA,0.2364554180427203,0.5672580354185671,0.13004391027269985,0.06624263626601277
24006,NA,NA,NA,NA,0.1886643015402939,0.2509060566764755,0.5131273855803744,0.04730225620285619
24007,NA,NA,NA,NA,0.19023406385299405,0.33681783532233006,0.24186241208990644,0.23108568873476937
24008,NA,NA,NA,NA,0.13601857705487916,0.5339572239239323,0.20532546182606576,0.12469873719512284
24009,NA,NA,NA,NA,0.48003097759788044,0.08830317812876962,0.27553279966106126,0.15613304461228858
24010,NA,NA,NA,NA,0.581555670011901,0.19618195911957603,0.14869034935728503,0.07357202151123783
24011,NA,NA,NA,NA,0.11931692260967212,0.7046126105216594,0.08272621246791047,0.093344254400758
24012,NA,NA,NA,NA,0.09002956486693672,0.06346817749858698,0.7218897583126175,0.12461249932185886
24013,NA,NA,NA,NA,0.04675092513347292,0.03518423261835324,0.843237094200325,0.07482774804784885
24014,NA,NA,NA,NA,0.20481161336645864,0.08047267275056513,0.635530886533335,0.07918482734964105
24015,NA,NA,NA,NA,0.056936853976461595,0.47149117254437434,0.32107184901571917,0.15050012446344502
24016,NA,NA,NA,NA,0.25555241900739084,0.4850727249205823,0.09653960431007884,0.16283525176194807
24017,NA,NA,NA,NA,0.45456323844064683,0.29935193595531295,0.14972723931323537,0.09635758629080492
24018,NA,NA,NA,NA,0.4751050145883571,0.1052945284588376,0.09467414185551262,0.32492631509729275
24019,NA,NA,NA,NA,0.12327452756395339,0.40936159115544934,0.3225067072066995,0.1448571740738976
24020,NA,NA,NA,NA,0.11586356680073452,0.45615549868752375,0.2519808545764962,0.1760000799352456
24021,NA,NA,NA,NA,0.10858023223995622,0.07105290829551236,0.673769018292813,0.14659784117171834
24022,NA,NA,NA,NA,0.5525304244826178,0.15248094174378057,0.11990672063465736,0.17508191313894433
24023,NA,NA,NA,NA,0.21037550434325636,0.5024709319506748,0.08730569426420956,0.1998478694418592
24024,NA,NA,NA,NA,0.2909955647643918,0.4843170235489461,0.06048348140162669,0.1642039302850354
24025,NA,NA,NA,NA,0.5515470683931502,0.12130736782632322,0.22630836439130922,0.10083719938921751
24026,NA,NA,NA,NA,0.23091757917516773,0.5990502676312865,0.04008204113168114,0.12995011206186466
24027,NA,NA,NA,NA,0.16227726455689231,0.09636263873151962,0.38528630668339775,0.35607379002819034
24028,NA,NA,NA,NA,0.3268684159923589,0.4939927810049382,0.03368330630025891,0.14545549670244404
24029,NA,NA,NA,NA,0.10938235319880636,0.14176025684367008,0.17161938715539565,0.577238002802128
24030,NA,NA,NA,NA,0.032713241928563924,0.4329977773339148,0.34888212669160085,0.1854068540459205
24031,NA,NA,NA,NA,0.06277355493311403,0.3547589877055486,0.3194726223979527,0.26299483496338477
24032,NA,NA,NA,NA,0.18840853670495092,0.11481240819898242,0.28066998741062976,0.416109067685437
24033,NA,NA,NA,NA,0.6639648551348213,0.0640823180213976,0.10263963086333149,0.16931319598044955
24034,NA,NA,NA,NA,0.3280420523704631,0.20867472995724146,0.051453051692458125,0.41183016597983735
24035,NA,NA,NA,NA,0.05462174150815368,0.5260718710464007,0.1549298734768853,0.26437651396856016
24036,NA,NA,NA,NA,0.3131188323283543,0.051170621692131206,0.5793141667484821,0.05639637923103225
24037,NA,NA,NA,NA,0.11408935515638144,0.7440494112941902,0.08339350416414419,0.05846772938528424
24038,NA,NA,NA,NA,0.17009278626319635,0.13570711669201196,0.552027385395115,0.14217271164967657
24039,NA,NA,NA,NA,0.2630067366263499,0.646966883472723,0.01377491908105661,0.07625146081987055
24040,NA,NA,NA,NA,0.045404273724120106,0.1390259899661534,0.7236604515226526,0.09190928478707387
24041,NA,NA,NA,NA,0.21095838876655484,0.5059121243801816,0.19809934212221114,0.08503014473105246
24042,NA,NA,NA,NA,0.09759977733347693,0.322073546776232,0.5105733712949821,0.06975330459530893
24043,NA,NA,NA,NA,0.37179113537658215,0.41442697162218367,0.05638006761597459,0.1574018253852596
24044,NA,NA,NA,NA,0.28380412291731805,0.5248868049505228,0.13725245568514202,0.05405661644701712
24045,NA,NA,NA,NA,0.48124148605525613,0.12921400231063546,0.18879796183486844,0.20074654979923987
24046,NA,NA,NA,NA,0.1634835888857057,0.4164315291390359,0.370997912893681,0.04908696908157726
24047,NA,NA,NA,NA,0.31246224483376583,0.06883779492976842,0.5551842992500107,0.06351566098645506
24048,NA,NA,NA,NA,0.07853878952714365,0.2102321820141888,0.633808519331941,0.07742050912672654
24049,NA,NA,NA,NA,0.3900515092867145,0.12043801945675608,0.42765313942367617,0.06185733183285325
24050,NA,NA,NA,NA,0.1260926394340329,0.19164644724325616,0.44455787938433344,0.23770303393837747
24051,NA,NA,NA,NA,0.11904635144056583,0.6188287143201635,0.10950938611008683,0.15261554812918385
24052,NA,NA,NA,NA,0.5676904782221743,0.3124751109644253,0.08607221243596185,0.03376219837743849
24053,NA,NA,NA,NA,0.385926061029974,0.11740389657035269,0.40889491046705223,0.08777513193262103
24054,NA,NA,NA,NA,0.4474065801773242,0.2644562332381599,0.10022908294658144,0.18790810363793442
24055,NA,NA,NA,NA,0.16284325777922648,0.509015927855268,0.19609567868361408,0.13204513568189155
24056,NA,NA,NA,NA,0.14160763509188856,0.36544153320426004,0.26429154598184823,0.22865928572200317
24057,NA,NA,NA,NA,0.09515107815526302,0.11928386494142468,0.2700285397085932,0.515536517194719
24058,NA,NA,NA,NA,0.03269527876576025,0.2111786499641473,0.27072412070955054,0.4854019505605418
24059,NA,NA,NA,NA,0.19323068096937504,0.4633322354267422,0.1021973864875005,0.24123969711638238
24060,NA,NA,NA,NA,0.2610813996502285,0.16971225231186135,0.13443389393584618,0.4347724541020639
24061,NA,NA,NA,NA,0.044211111096323426,0.36384968291905606,0.3051609656965786,0.28677824028804205
24062,NA,NA,NA,NA,0.16071665186374026,0.08478017545605758,0.5572464682558316,0.19725670442437057
24063,NA,NA,NA,NA,0.051789362404928825,0.4594672963408362,0.3466882213227993,0.14205511993143574
24064,NA,NA,NA,NA,0.16852150173550628,0.11540141958709664,0.5315286552939791,0.18454842338341787
24065,NA,NA,NA,NA,0.04223419557139683,0.15261477326285644,0.5909481008645449,0.21420293030120202
24066,NA,NA,NA,NA,0.2024225160184539,0.411465692876317,0.15680135147443305,0.2293104396307961
24067,NA,NA,NA,NA,0.1218548146217293,0.3567752035486696,0.22379722601732288,0.2975727558122783
24068,NA,NA,NA,NA,0.3744679125509759,0.21959408049717966,0.1018362464304019,0.3041017605214426
24069,NA,NA,NA,NA,0.12465132844249015,0.11822845791507408,0.19414369137555942,0.5629765222668763
24070,NA,NA,NA,NA,0.36968043225804764,0.16947044617955995,0.3018829732418204,0.1589661483205719
24071,NA,NA,NA,NA,0.04988922531513433,0.07202505138298652,0.34336755556495424,0.5347181677369248
24072,NA,NA,NA,NA,0.03723855793485253,0.23887228577841066,0.1273719050379145,0.5965172512488224
24073,NA,NA,NA,NA,0.17443710695289721,0.15602990195404642,0.41544164977707704,0.25409134131597927
24074,NA,NA,NA,NA,0.439833054086673,0.17185129246011846,0.21333780302682487,0.17497785042638364
24075,NA,NA,NA,NA,0.3691453148364492,0.03670048854861831,0.30690411094640063,0.28725008566853194
24076,NA,NA,NA,NA,0.12283828901554567,0.39633863501107425,0.2873384481385052,0.19348462783487488
24077,NA,NA,NA,NA,0.48395545132129936,0.2405918614960289,0.10339836123127046,0.1720543259514013
24078,NA,NA,NA,NA,0.5302839617027846,0.2036393711422982,0.07040752722554598,0.1956691399293713
24079,NA,NA,NA,NA,0.3491318392395522,0.23939355371851273,0.05249469768377194,0.35897990935816315
24080,NA,NA,NA,NA,0.5709052908453761,0.08627861564440664,0.04653919875557612,0.296276894754641
24081,NA,NA,NA,NA,0.17416094692143985,0.08582433904741103,0.21912163367975698,0.5208930803513921
24082,NA,NA,NA,NA,0.16143812404648386,0.27729146273505745,0.4354716264416517,0.12579878677680684
24083,NA,NA,NA,NA,0.3187300241241155,0.3037492696331529,0.050133417292779175,0.3273872889499524
24084,NA,NA,NA,NA,0.5162693597873617,0.2558084506482872,0.06301111533511715,0.164911074229234
24085,NA,NA,NA,NA,0.5256261846120812,0.044328557305605545,0.047422526301417245,0.382622731780896
24086,NA,NA,NA,NA,0.2247610417621222,0.17485681937633923,0.3392841421813305,0.26109799668020794
24087,NA,NA,NA,NA,0.2169918601530849,0.2825789164512986,0.2948517394185281,0.20557748397708847
24088,NA,NA,NA,NA,0.06822727473798261,0.0392585083354415,0.5984373259851962,0.2940768909413797
24089,NA,NA,NA,NA,0.4118384888593536,0.30712971339264733,0.07658454686095804,0.20444725088704116
24090,NA,NA,NA,NA,0.07850744812849607,0.040983249500217867,0.2684704671564522,0.6120388352148338
24091,NA,NA,NA,NA,0.2340886291611582,0.236831736584452,0.3573866309374635,0.17169300331692627
24092,NA,NA,NA,NA,0.4810224979588588,0.04222592902171074,0.13533762268715882,0.34141395033227157
24093,NA,NA,NA,NA,0.5119211199493824,0.2596306355760555,0.17639769474745376,0.05205054972710843
24094,NA,NA,NA,NA,0.08811002383553995,0.5655665267517878,0.2990703581861484,0.04725309122652386
24095,NA,NA,NA,NA,0.2101611553585781,0.021313893977475993,0.7048414806863291,0.06368346997761667
24096,NA,NA,NA,NA,0.20003925649008727,0.49240257274621735,0.1822273925398148,0.12533077822388047
24097,NA,NA,NA,NA,0.03331645769064876,0.0453485284904421,0.8918458180482023,0.02948919577070672
24098,NA,NA,NA,NA,0.735556048263807,0.0571703223724751,0.13762299220262625,0.06965063716109172
24099,NA,NA,NA,NA,0.3953610476506498,0.29092568732712204,0.24212371067689575,0.07158955434533233
24100,NA,NA,NA,NA,0.6215792171632702,0.2511458922759401,0.07473335590592987,0.05254153465485986
24101,NA,NA,NA,NA,0.25970754336640955,0.270177063932471,0.3357757509782951,0.13433964172282442
24102,NA,NA,NA,NA,0.24556120546649435,0.09194131839732636,0.579389676216413,0.08310779991976633
24103,NA,NA,NA,NA,0.0812056645980074,0.35351849854340106,0.5016198131480293,0.0636560237105622
24104,NA,NA,NA,NA,0.5251754802683775,0.04321071062792892,0.39219562556159837,0.03941818354209512
24105,NA,NA,NA,NA,0.512254160792737,0.11368712005638282,0.29859010579407946,0.07546861335680063
24106,NA,NA,NA,NA,0.07067582247089589,0.666233597676786,0.19250080452426338,0.07058977532805474
24107,NA,NA,NA,NA,0.18258217722406467,0.07003336005115289,0.6666338073624525,0.08075065536233006
24108,NA,NA,NA,NA,0.14386758078535275,0.04227713171296497,0.7765260220822342,0.03732926541944797
24109,NA,NA,NA,NA,0.5531974504921042,0.18499741650011997,0.1528216137697331,0.10898351923804264
24110,NA,NA,NA,NA,0.44447653080933075,0.17706284779491602,0.2699296452804545,0.10853097611529895
24111,NA,NA,NA,NA,0.2939225660368886,0.24653210215937252,0.20084390102797747,0.2587014307757615
24112,NA,NA,NA,NA,0.24233024304679454,0.1351242868530214,0.10720506454531113,0.515340405554873
24113,NA,NA,NA,NA,0.0634773927849648,0.4957645634434974,0.29701315458395106,0.14374488918758674
24114,NA,NA,NA,NA,0.2239141257469733,0.1332722699027887,0.3123762973641927,0.33043730698604523
24115,NA,NA,NA,NA,0.03556627231984272,0.5843081775096393,0.1794474256376912,0.200678124532827
24116,NA,NA,NA,NA,0.33943677377386766,0.15231276648017458,0.3431283197739281,0.1651221399720295
24117,NA,NA,NA,NA,0.6089801411534486,0.17067125398839753,0.08653787424958895,0.13381073060856497
24118,NA,NA,NA,NA,0.19966026354058083,0.17517916661387903,0.42260025233806,0.20256031750748016
24119,NA,NA,NA,NA,0.19547031478229568,0.6013595685739681,0.054697795444258325,0.1484723211994779
24120,NA,NA,NA,NA,0.08369272481219152,0.5551412429941583,0.07942521361413638,0.2817408185795137
24121,NA,NA,NA,NA,0.6224451142247102,0.14380953172992322,0.1110793157096023,0.12266603833576438
24122,NA,NA,NA,NA,0.04059391717527727,0.4326671146141679,0.339746208403492,0.18699275980706273
24123,NA,NA,NA,NA,0.1472954214617452,0.12726645937615438,0.13530654698523525,0.5901315721768652
24124,NA,NA,NA,NA,0.2601930178482226,0.36889301487457904,0.10139947838871964,0.2695144888884788
24125,NA,NA,NA,NA,0.06399232074644266,0.06265437814830217,0.5543429678669779,0.31901033323827727
24126,NA,NA,NA,NA,0.06563531158955464,0.30538108130619507,0.42732771250828155,0.2016558945959687
24127,NA,NA,NA,NA,0.3130637404092593,0.38497836325282553,0.16958770409415497,0.13237019224376015
24128,NA,NA,NA,NA,0.2376119662716685,0.17524877327208396,0.043835767082932596,0.543303493373315
24129,NA,NA,NA,NA,0.4230596310157239,0.2250287646383444,0.12317367655281199,0.22873792779311963
24130,NA,NA,NA,NA,0.2133646648398201,0.3543336122651652,0.04650629603361188,0.3857954268614029
24131,NA,NA,NA,NA,0.17692949021057178,0.579522418717531,0.21229136691256081,0.03125672415933639
24132,NA,NA,NA,NA,0.1831569144628433,0.7582099955960014,0.04225547629287335,0.016377613648281792
24133,NA,NA,NA,NA,0.3313136056178131,0.32415024976818413,0.3159472868254983,0.028588857788504545
24134,NA,NA,NA,NA,0.25221998452763256,0.49981282028675994,0.24106531242523496,0.006901882760372408
24135,NA,NA,NA,NA,0.2241518465971745,0.09907662891133451,0.646184512051095,0.030587012440396136
24136,NA,NA,NA,NA,0.11935110620983316,0.21511274053295545,0.6514923986389712,0.014043754618240147
24137,NA,NA,NA,NA,0.043089956538207325,0.9086482400970473,0.035133230169235384,0.013128573195509948
24138,NA,NA,NA,NA,0.75986517501742,0.14216256832851482,0.06373884153762091,0.03423341511644438
24139,NA,NA,NA,NA,0.2193018466554251,0.07330218964209159,0.6948125170856166,0.01258344661686664
24140,NA,NA,NA,NA,0.602637913861176,0.23969949138507968,0.12946534919947594,0.028197245554268384
24141,NA,NA,NA,NA,0.2705753999889995,0.5759153030805919,0.07934876683203594,0.07416053009837273
24142,NA,NA,NA,NA,0.15371101280249505,0.33967450394096377,0.4756623139502337,0.030952169306307516
24143,NA,NA,NA,NA,0.23639081379133187,0.4425035490519074,0.31073478544188865,0.01037085171487199
24144,NA,NA,NA,NA,0.3346479846282231,0.39556823885021497,0.22093957373728954,0.04884420278427237
24145,NA,NA,NA,NA,0.15716545030551807,0.4648544337267802,0.36488685497611106,0.013093260991590637
24146,NA,NA,NA,NA,0.08905569713893673,0.253839872327247,0.617969666793947,0.03913476373986943
24147,NA,NA,NA,NA,0.1530858262380091,0.5941993798811794,0.23466912502265072,0.01804566885816078
24148,NA,NA,NA,NA,0.207970318469451,0.6722431930816017,0.07705782300283599,0.042728665446111196
24149,NA,NA,NA,NA,0.038405734058394356,0.1289586910265947,0.8162204105698724,0.01641516434513852
24150,NA,NA,NA,NA,0.3244076544363591,0.3259580997966037,0.1853666766847276,0.16426756908230963
24151,NA,NA,NA,NA,0.2322897641586411,0.4663221131300069,0.21076537289472339,0.09062274981662861
24152,NA,NA,NA,NA,0.053783144827594366,0.4141021106286597,0.3587748989104254,0.17333984563332056
24153,NA,NA,NA,NA,0.045806769465217084,0.06529171037600356,0.6443537240697228,0.2445477960890567
24154,NA,NA,NA,NA,0.2690812582652907,0.06638900285589534,0.5195904674341385,0.14493927144467542
24155,NA,NA,NA,NA,0.057826733034251954,0.13936101414263227,0.5872635427053365,0.2155487101177792
24156,NA,NA,NA,NA,0.07591182053465481,0.24743126655712178,0.4110813153749436,0.26557559753328
24157,NA,NA,NA,NA,0.19521091383611497,0.2859677399594309,0.1220244633241282,0.3967968828803259
24158,NA,NA,NA,NA,0.3997473975922448,0.2073911854695457,0.272295007071853,0.12056640986635657
24159,NA,NA,NA,NA,0.15737457346216216,0.1545185851027275,0.33528163349758977,0.3528252079375206
24160,NA,NA,NA,NA,0.29533413680258225,0.25421670592704787,0.08505596422957551,0.36539319304079443
24161,NA,NA,NA,NA,0.24156381165641622,0.5431372078550417,0.11560790942992126,0.09969107105862085
24162,NA,NA,NA,NA,0.4101051170653445,0.32516183424689826,0.0996105884849351,0.165122460202822
24163,NA,NA,NA,NA,0.12701524634238126,0.40486119510771285,0.3438545191476158,0.12426903940229021
24164,NA,NA,NA,NA,0.21179296253377353,0.4216410952763049,0.29935227084127375,0.06721367134864768
24165,NA,NA,NA,NA,0.13303744165403697,0.18720060427315946,0.12976396972313795,0.5499979843496656
24166,NA,NA,NA,NA,0.09118449974208316,0.24616997594965112,0.2594989817326544,0.4031465425756114
24167,NA,NA,NA,NA,0.05520610391619579,0.3665754912285557,0.4468668968804684,0.13135150797478018
24168,NA,NA,NA,NA,0.5401180408981388,0.061466339735905665,0.2008189998267281,0.19759661953922744
24169,NA,NA,NA,NA,0.188531162890407,0.14402754396351516,0.5186803321805395,0.14876096096553834
24170,NA,NA,NA,NA,0.06228736626102858,0.3573752672064786,0.5403770229556489,0.039960343576843894
24171,NA,NA,NA,NA,0.07478678198190329,0.5742262443895019,0.2865081277616782,0.06447884586691663
24172,NA,NA,NA,NA,0.17997477325599243,0.136800967255952,0.5913747444183658,0.09184951506968976
24173,NA,NA,NA,NA,0.33708425730119945,0.4984900560702695,0.10304734227579591,0.061378344352735065
24174,NA,NA,NA,NA,0.2263265271065715,0.6832341600962206,0.05082963005129512,0.039609682745912686
24175,NA,NA,NA,NA,0.30991571560896775,0.5221746996001522,0.11638140934363105,0.05152817544724908
24176,NA,NA,NA,NA,0.17868017202522218,0.21287025838339277,0.5355846342449723,0.07286493534641279
24177,NA,NA,NA,NA,0.7362724255605484,0.15976205723209191,0.03976166747727936,0.06420384973008034
24178,NA,NA,NA,NA,0.44080272936756126,0.16684910659734253,0.23853675887642603,0.15381140515867017
24179,NA,NA,NA,NA,0.03934897770106177,0.62768841687986765,0.3086585988119656,0.02430400660710501
24180,NA,NA,NA,NA,0.3600587014774776,0.1969819463218047,0.21245289354388092,0.2305064586568368
24181,NA,NA,NA,NA,0.10688989743353967,0.6358035383318253,0.1452092622249516,0.11209730200968342
24182,NA,NA,NA,NA,0.1239706869974947,0.2926433308124027,0.5336597770284389,0.04972620516166371
24183,NA,NA,NA,NA,0.5384661536396205,0.33311638534239524,0.0832577887056641,0.045159672312320244
24184,NA,NA,NA,NA,0.28056877218290477,0.5117645361591919,0.18020501863003907,0.027461673027864213
24185,NA,NA,NA,NA,0.3375938426338341,0.4315069228824009,0.19328893641921258,0.037610298064552405
24186,NA,NA,NA,NA,0.049915976897420444,0.5219799261910292,0.33164849327860096,0.09645560363294946
24187,NA,NA,NA,NA,0.5669949888365449,0.23788240592139961,0.09669638642027623,0.0984262188217794
24188,NA,NA,NA,NA,0.018236315136058785,0.3842305313604356,0.5266713528217256,0.07086180068177991
24189,NA,NA,NA,NA,0.08954111174328282,0.4112771879391824,0.3702714860832935,0.12891021423424134
24190,NA,NA,NA,NA,0.05051650573315513,0.36095192502177637,0.48471450557309437,0.10381706367197413
24191,NA,NA,NA,NA,0.02908058412181664,0.11351009102476389,0.7971962829900966,0.06021304186332306
24192,NA,NA,NA,NA,0.3651391862899951,0.32263677627450404,0.1844235679177476,0.12780046951775326
24193,NA,NA,NA,NA,0.056673344724612836,0.1159095578008222,0.7563460358568681,0.07107106161769698
24194,NA,NA,NA,NA,0.08733901234304611,0.6138445385806451,0.1328195194506944,0.16599692962561427
24195,NA,NA,NA,NA,0.33983899761067077,0.1111869587755051,0.34409009012577463,0.20488395348804944
24196,NA,NA,NA,NA,0.671183991652239,0.05551024497238913,0.21028660923352704,0.06301915414184478
24197,NA,NA,NA,NA,0.08812930483807281,0.38287905468234523,0.16785280490123164,0.36113883557835036
24198,NA,NA,NA,NA,0.5763050921426212,0.1849010035628121,0.1494219435624391,0.08937196073212761
24199,NA,NA,NA,NA,0.17216990413092637,0.6061781856528213,0.11390159939233718,0.10775031082391524
24200,NA,NA,NA,NA,0.12747683907045684,0.24028302044726838,0.48600986964635623,0.14623027083591864
24201,NA,NA,NA,NA,0.32241153678259704,0.3412021720521459,0.29307306294372143,0.04331322822153564
24202,NA,NA,NA,NA,0.06696586074124704,0.06470545634983241,0.7976178857529508,0.07071079715596976
24203,NA,NA,NA,NA,0.19019727585479498,0.39783953502048225,0.3624350048856609,0.04952818423906178
24204,NA,NA,NA,NA,0.021683695476850277,0.660625756017176,0.2408979339770855,0.0767926145288883
24205,NA,NA,NA,NA,0.13805708449106271,0.5443203033217029,0.26389654216967146,0.05372607001756296
24206,NA,NA,NA,NA,0.08489745506061575,0.06676718187885086,0.8093679188913049,0.03896744416922859
24207,NA,NA,NA,NA,0.5098594553468584,0.1360405118474166,0.1712441060063079,0.18285592679941717
24208,NA,NA,NA,NA,0.2484800452619855,0.4569924896988971,0.10457413901292606,0.18995332602619125
24209,NA,NA,NA,NA,0.15104927509307425,0.437718345597268,0.2903681720225161,0.12086420728714158
24210,NA,NA,NA,NA,0.13766028936904953,0.14200486620455618,0.3103837424778103,0.40995110194858403
24211,NA,NA,NA,NA,0.08968891708345356,0.16536400773842455,0.4238484568527993,0.3210986183253225
24212,NA,NA,NA,NA,0.3040419450963959,0.10478413359203831,0.19264738620504296,0.3985265351065228
24213,NA,NA,NA,NA,0.041891570406545404,0.11588866156672203,0.6134128553175471,0.2288069127091855
24214,NA,NA,NA,NA,0.0970244013181881,0.09112211989794439,0.48160743977773324,0.3302460390061344
24215,NA,NA,NA,NA,0.08909328891019305,0.13556503027622782,0.5594438956663047,0.2158977851472744
24216,NA,NA,NA,NA,0.19813996779702872,0.25064364444614273,0.35820521259315113,0.19301117516367736
24217,NA,NA,NA,NA,0.15725354808904804,0.394886998958851,0.13419173835091874,0.3136677146011822
24218,NA,NA,NA,NA,0.18147113044862337,0.12577759081055276,0.35474057622177,0.3380107025190539
24219,NA,NA,NA,NA,0.2736117180179325,0.19355047864095193,0.36898172449835354,0.16385607884276213
24220,NA,NA,NA,NA,0.14638771040156653,0.3600536841647009,0.20699397510678605,0.2865646303269464
24221,NA,NA,NA,NA,0.2064499821284935,0.4400329911691798,0.25795629189547814,0.09556073480684847
24222,NA,NA,NA,NA,0.5113879253345455,0.17540744232353458,0.18464772879768776,0.12855690354423208
24223,NA,NA,NA,NA,0.40556493002128013,0.12833777284824838,0.1322581959437051,0.33383910118676635
24224,NA,NA,NA,NA,0.11036793493459736,0.15723305314256694,0.3201118024590933,0.41228720946374237
24225,NA,NA,NA,NA,0.26834927725676105,0.38606475168770105,0.1534623989572302,0.19212357209830774
24226,NA,NA,NA,NA,0.3195504790421479,0.04354734924180211,0.529860020890562,0.10704215082548806
24227,NA,NA,NA,NA,0.24274163125665174,0.23340378596346037,0.4496845640792304,0.0741700187006576
24228,NA,NA,NA,NA,0.2513073197068392,0.443607622732284,0.10004908162593634,0.20503597593494052
24229,NA,NA,NA,NA,0.23985066697924204,0.5225166759595372,0.1614799572570685,0.07615269980415226
24230,NA,NA,NA,NA,0.14676885168667386,0.5060438628896752,0.15978564599774422,0.18740163942590665
24231,NA,NA,NA,NA,0.3014907556088521,0.20600557276151252,0.398130048264897,0.09437362336473853
24232,NA,NA,NA,NA,0.07046288504760662,0.6389346559500941,0.11975427275029825,0.1708481862520009
24233,NA,NA,NA,NA,0.3530601016578035,0.3581394807758399,0.13408881125594016,0.15471160631041647
24234,NA,NA,NA,NA,0.08839884556878301,0.21922742795858688,0.620140367222131,0.07223335925049924
24235,NA,NA,NA,NA,0.6848999491112888,0.1948886747746506,0.059702409129056916,0.06050896698500367
24236,NA,NA,NA,NA,0.0907280210762832,0.18739434390255125,0.6928966030936624,0.028981031927503145
24237,NA,NA,NA,NA,0.4779330803437896,0.07994557040456919,0.2550384009540723,0.1870829482975689
24238,NA,NA,NA,NA,0.06809877521865222,0.4127232256385588,0.3905106233610759,0.12866737578171292
24239,NA,NA,NA,NA,0.43641990436039596,0.2959140725052133,0.19268339956718042,0.0749826235672103
24240,NA,NA,NA,NA,0.2120028306901583,0.49591761169156273,0.16475107781925402,0.12732847979902506
24241,NA,NA,NA,NA,0.14464726515526655,0.1832203140425211,0.3328744453991013,0.33925797540311114
24242,NA,NA,NA,NA,0.4368453155676586,0.20465103569521426,0.28757000820900697,0.07093364052812003
24243,NA,NA,NA,NA,0.1244150330001555,0.6060989403532221,0.15224160915843252,0.11724441748818981
24244,NA,NA,NA,NA,0.3492261449501599,0.08949133658920007,0.4647059444428169,0.09657657401782316
24245,NA,NA,NA,NA,0.05642142382044375,0.25112249175125617,0.6268115138137987,0.06564457061450137
24246,NA,NA,NA,NA,0.19414401756362806,0.3727799735793063,0.34575373434215506,0.08732227451491051
24247,NA,NA,NA,NA,0.2629454948341833,0.038816474460453367,0.6327903314355914,0.06544769926977202
24248,NA,NA,NA,NA,0.415323469475038,0.09868408638069562,0.23626186988993433,0.24973057425433218
24249,NA,NA,NA,NA,0.36688440307257847,0.5191874099842142,0.03518403419533907,0.07874415274786832
24250,NA,NA,NA,NA,0.1991760585625648,0.4179872697431586,0.1951784665475064,0.18765820514677023
24251,NA,NA,NA,NA,0.10713273198220255,0.5567637800618324,0.1775613078452528,0.15854218011071222
24252,NA,NA,NA,NA,0.21527710366355005,0.37520774003220725,0.1652278422413222,0.24428731406292037
24253,NA,NA,NA,NA,0.07138860104548922,0.16330696931888602,0.6397833683822488,0.12552106125337584
24254,NA,NA,NA,NA,0.3147836756326046,0.12886573359289627,0.4668519248947382,0.08949866587976092
24255,NA,NA,NA,NA,0.060735599603817324,0.4714581512616552,0.33983678057550826,0.12796946855901925
24256,NA,NA,NA,NA,0.190988992224615,0.1749275085119316,0.42206231597829197,0.21202118328516134
24257,NA,NA,NA,NA,0.29707152874552295,0.2794686291050832,0.34791716372940623,0.0755426784199876
24258,NA,NA,NA,NA,0.5366703687766592,0.23045523139702967,0.0928418396941954,0.14003256013211576
24259,NA,NA,NA,NA,0.1721323804069811,0.3410911065039669,0.24443939797428896,0.24233711511476314
24260,NA,NA,NA,NA,0.2589241713112416,0.4447589881688067,0.1890983736452869,0.10721846687466459
24261,NA,NA,NA,NA,0.46953755413889137,0.08015121483649772,0.22823775092834214,0.2220734800962688
24262,NA,NA,NA,NA,0.37296444053703803,0.10310587414630668,0.43519227822976253,0.0887374070868928
24263,NA,NA,NA,NA,0.4534392020399342,0.21238006932928982,0.23041030649128455,0.10377042213949131
24264,NA,NA,NA,NA,0.012820411756652474,0.8289960617553551,0.050781715368493324,0.10740181111949904
24265,NA,NA,NA,NA,0.16875615658654686,0.6705337786268651,0.018818095717622555,0.14189196906896537
24266,NA,NA,NA,NA,0.019818503938707144,0.18040262753813044,0.2689697632597431,0.5308091052634193
24267,NA,NA,NA,NA,0.10189317899838689,0.5924783976130228,0.08483283298162438,0.22079559040696597
24268,NA,NA,NA,NA,0.07898544402438246,0.430583630727984,0.12048842045238015,0.3699425047952534
24269,NA,NA,NA,NA,0.03881668983231993,0.6593108108225276,0.14203809853892055,0.15983440080623196
24270,NA,NA,NA,NA,0.08583434927330522,0.6900789951177779,0.06888473220061539,0.1552019234083015
24271,NA,NA,NA,NA,0.020948973168782564,0.6127530219970113,0.1702943954378255,0.1960036093963805
24272,NA,NA,NA,NA,0.034086828289028766,0.43115458801141915,0.20267994894606092,0.3320786347534912
24273,NA,NA,NA,NA,0.16933422799021963,0.4075614885395515,0.11336223364975487,0.309742049820474
24274,NA,NA,NA,NA,0.07807883202600269,0.16743659757374152,0.39414024590634106,0.3603443244939147
24275,NA,NA,NA,NA,0.025014544625249647,0.42543893380791115,0.25268063332086454,0.2968658882459747
24276,NA,NA,NA,NA,0.34892857225099055,0.22334604721356455,0.1219609565345711,0.30576442400087384
24277,NA,NA,NA,NA,0.030147239847892894,0.7427539562979479,0.1380868131167365,0.08901199073742264
24278,NA,NA,NA,NA,0.11177543313184586,0.4648859960775553,0.09939290884920074,0.32394566194139823
24279,NA,NA,NA,NA,0.1659313885148171,0.27871963668088523,0.25177711030632266,0.3035718644979751
24280,NA,NA,NA,NA,0.03223625385900597,0.20714618668374188,0.5410734753399873,0.21954408411726492
24281,NA,NA,NA,NA,0.29614231698476035,0.37976584056623763,0.04651191149952142,0.2775799309494805
24282,NA,NA,NA,NA,0.0420853710699587,0.48962358345800605,0.08633948255613155,0.38195156291590354
24283,NA,NA,NA,NA,0.2548286032085276,0.5001787208315787,0.1723586432539483,0.07263403270594543
24284,NA,NA,NA,NA,0.11775807042538945,0.15785947410181608,0.6882939506488871,0.03608850482390738
24285,NA,NA,NA,NA,0.029148999509704926,0.7216668144816578,0.1896538165039684,0.05953036950466887
24286,NA,NA,NA,NA,0.12227139097693096,0.06337551587588677,0.7601296444301302,0.0542234487170521
24287,NA,NA,NA,NA,0.16296396115626943,0.7138571576014777,0.04356465632687188,0.07961422491538081
24288,NA,NA,NA,NA,0.07298392369844645,0.7034166774478976,0.16434549440062463,0.05925390445303137
24289,NA,NA,NA,NA,0.04521557877311887,0.5288406383341318,0.3816196841659388,0.04432409872681064
24290,NA,NA,NA,NA,0.2802293723393627,0.4092231400176906,0.21452952105617315,0.09601796658677346
24291,NA,NA,NA,NA,0.30292408344364546,0.12371327908478302,0.46357983754834187,0.10978279992322967
24292,NA,NA,NA,NA,0.11535074252426955,0.09204281073002243,0.674966662787271,0.1176397839584369
24293,NA,NA,NA,NA,0.2230870239829534,0.501455712876391,0.2592941872782627,0.016163075862392885
24294,NA,NA,NA,NA,0.39268798530725446,0.47324504104788817,0.09425726325822179,0.03980971038663565
24295,NA,NA,NA,NA,0.12431549828037888,0.4700686692150583,0.36242156220875504,0.043194270295807795
24296,NA,NA,NA,NA,0.34796806805082886,0.4877939343370036,0.07989104607760399,0.0843469515345636
24297,NA,NA,NA,NA,0.6142554280847202,0.16656529021526675,0.15568315780318323,0.06349612389682995
24298,NA,NA,NA,NA,0.30588788504693804,0.47373490250829364,0.19862720675529866,0.021750005689469724
24299,NA,NA,NA,NA,0.333532998803693,0.25309470365354786,0.2711110835316377,0.14226121401112143
24300,NA,NA,NA,NA,0.35839906895645685,0.2630601044741721,0.2806240106499086,0.09791681591946241
24301,NA,NA,NA,NA,0.18104505219113873,0.13158124172748978,0.5808611158671353,0.10651259021423624
24302,NA,NA,NA,NA,0.5092573686662831,0.30005836097428273,0.11852516534414016,0.07215910501529396
24303,NA,NA,NA,NA,0.27950535116050584,0.46584337396321995,0.08733793805033792,0.16731333682593622
24304,NA,NA,NA,NA,0.1291660483439655,0.221790994804312,0.34084043015467447,0.30820252669704806
24305,NA,NA,NA,NA,0.22006763051645156,0.6003174358230472,0.05428708294023222,0.12532785072026892
24306,NA,NA,NA,NA,0.26688342460079345,0.21091410271933922,0.1425972556365226,0.3796052170433447
24307,NA,NA,NA,NA,0.656303370281003,0.16619525880323163,0.05468020113332129,0.12282116978244398
24308,NA,NA,NA,NA,0.31461821816108987,0.15437192223875107,0.37760320727137914,0.15340665232877987
24309,NA,NA,NA,NA,0.03912216899765353,0.28245619556941876,0.5526772766687452,0.1257443587641825
24310,NA,NA,NA,NA,0.11993595355811985,0.7186073393811359,0.0870174726918695,0.07443923436887473
24311,NA,NA,NA,NA,0.14868524122060217,0.4923861076637376,0.17109174747078132,0.187836903644879
24312,NA,NA,NA,NA,0.4009039130458018,0.2212368492583762,0.17989850910929925,0.19796072858652278
24313,NA,NA,NA,NA,0.5397030377925235,0.20700059367757936,0.08665551612179623,0.1666408524081008
24314,NA,NA,NA,NA,0.03324276137265631,0.8355311537766437,0.032681984275719535,0.09854410057498052
24315,NA,NA,NA,NA,0.29577345495706564,0.49748345167863317,0.13322459860693625,0.07351849475736487
24316,NA,NA,NA,NA,0.6292631298583659,0.1569687928182666,0.08477334019190944,0.12899473713145812
24317,NA,NA,NA,NA,0.16137213616823204,0.668827749525066,0.09647570251993517,0.07332441178676673
24318,NA,NA,NA,NA,0.12544755638879912,0.17644739931959896,0.5789409607890831,0.11916408350251892
24319,NA,NA,NA,NA,0.3055593654808949,0.11459075812092442,0.5247839730394955,0.05506590335868522
24320,NA,NA,NA,NA,0.0764536587439888,0.3741174451008697,0.22481100375000404,0.32461789240513755
24321,NA,NA,NA,NA,0.530797217348877,0.09463350481677993,0.037075591100583415,0.3374936867337598
24322,NA,NA,NA,NA,0.34563256935881975,0.24443372009410078,0.13379849579028177,0.2761352147567977
24323,NA,NA,NA,NA,0.12241073354636244,0.030378793393537336,0.51422136489555,0.33298910816455013
24324,NA,NA,NA,NA,0.17980669172140054,0.11375523672181799,0.2399719743029117,0.4664660972538697
24325,NA,NA,NA,NA,0.29188753000054757,0.1628507812598898,0.0300283292401894,0.5152333594993732
24326,NA,NA,NA,NA,0.10338972783004363,0.15540173826348874,0.3485864821420223,0.3926220517644452
24327,NA,NA,NA,NA,0.1532787991125098,0.29314472789931534,0.22293737945319309,0.3306390935349817
24328,NA,NA,NA,NA,0.10629829568331592,0.08324977393634941,0.26485037847264,0.5456015519076947
24329,NA,NA,NA,NA,0.20575534715002172,0.48576215170471315,0.04128692587618957,0.26719557526907556
24330,NA,NA,NA,NA,0.44237372946179915,0.038440670918387154,0.18196142346826258,0.33722417615155115
24331,NA,NA,NA,NA,0.0653720638744283,0.15117145076406274,0.22814241855517514,0.5553140668063339
24332,NA,NA,NA,NA,0.4759714439526874,0.1851464225150289,0.16704357685201143,0.17183855668027234
24333,NA,NA,NA,NA,0.45055599408570163,0.17364757223466815,0.04017564903614505,0.33562078464348505
24334,NA,NA,NA,NA,0.41382377422025407,0.2213906309158234,0.09291102635108185,0.2718745685128406
24335,NA,NA,NA,NA,0.10617023171060824,0.40241052819312617,0.036228941562115036,0.4551902985341505
24336,NA,NA,NA,NA,0.12283718034209536,0.26232392508285696,0.158760918649043,0.4560779759260048
24337,NA,NA,NA,NA,0.3912637666756684,0.04970361287602279,0.33968817502285625,0.21934444542545253
24338,NA,NA,NA,NA,0.5251149562472378,0.043273954876684256,0.1158963539072835,0.3157147349687945
24339,NA,NA,NA,NA,0.3455976191455207,0.2968325869975312,0.020910060793702303,0.3366597330632458
24340,NA,NA,NA,NA,0.25792423516614066,0.4275301530883323,0.060171804933165846,0.2543738068123612
24341,NA,NA,NA,NA,0.5088788322512632,0.05991893131451102,0.22728498497523397,0.20391725145899184
24342,NA,NA,NA,NA,0.4618772139165818,0.240461895420329,0.07641853565825055,0.22124235500483871
24343,NA,NA,NA,NA,0.09367135725419372,0.3041521337835898,0.10289450965344812,0.4992819993087683
24344,NA,NA,NA,NA,0.040042649133947186,0.06322600312366022,0.5789524975022496,0.317778850240143
24345,NA,NA,NA,NA,0.14613517031270365,0.05561853626534126,0.3027202418184298,0.49552605160352525
24346,NA,NA,NA,NA,0.26840524968357726,0.09259660240288048,0.3847604470547254,0.25423770085881686
24347,NA,NA,NA,NA,0.1530969176972581,0.42801167158078784,0.17515808756873358,0.2437333231532205
24348,NA,NA,NA,NA,0.5545111844622452,0.04469835003090819,0.24631324879367927,0.15447721671316725
24349,NA,NA,NA,NA,0.412739574189441,0.21043245669055205,0.11070100375828175,0.2661269653617252
24350,NA,NA,NA,NA,0.049231689202425245,0.26565454367904673,0.338436606175032,0.34667716094349593
24351,NA,NA,NA,NA,0.5602146596263416,0.061636729077517875,0.07968497372249775,0.29846363757364275
24352,NA,NA,NA,NA,0.049899655812157696,0.5288297897412357,0.14946635238256178,0.2718042020640447
24353,NA,NA,NA,NA,0.31552575944772315,0.1300274293819364,0.28258401423462537,0.27186279693571513
24354,NA,NA,NA,NA,0.06684648023870958,0.4226094753154415,0.1382209986685345,0.37232304577731445
24355,NA,NA,NA,NA,0.2693093304528074,0.09067580956450029,0.47219346083804553,0.1678213991446467
24356,NA,NA,NA,NA,0.0702295283206186,0.11149829109302499,0.04937398824143007,0.7688981923449264
24357,NA,NA,NA,NA,0.4900407165632032,0.2759166023870691,0.05555607064370414,0.17848661040602368
24358,NA,NA,NA,NA,0.45291507021439065,0.10327140211325098,0.06103095450225917,0.38278257317009934
24359,NA,NA,NA,NA,0.12374204299089742,0.7445720862871754,0.03869011710670531,0.09299575361522172
24360,NA,NA,NA,NA,0.06033531332354812,0.2762195033386691,0.4815504488172,0.18189473452058286
24361,NA,NA,NA,NA,0.2721203829959221,0.33340065000052904,0.12419861902107576,0.27028034798247313
24362,NA,NA,NA,NA,0.552566203562235,0.0465508606992926,0.3155047445598785,0.08537819117859394
24363,NA,NA,NA,NA,0.09197992749108361,0.08273001393588801,0.6448459369387386,0.18044412163428983
24364,NA,NA,NA,NA,0.053511309477482116,0.6216227617784644,0.25134907216347613,0.07351685658057737
24365,NA,NA,NA,NA,0.4272325677310529,0.204432559124097,0.16707654441294073,0.2012583287319093
24366,NA,NA,NA,NA,0.09010542405470791,0.37376109293810034,0.3427991971290656,0.19333428587812615
24367,NA,NA,NA,NA,0.21563609605890424,0.2649302110199436,0.12260971263954212,0.39682398028161003
24368,NA,NA,NA,NA,0.05528757823689199,0.31687231526919174,0.5356719432455134,0.09216816324840275
24369,NA,NA,NA,NA,0.3502991778297501,0.402881297084898,0.1692865848123022,0.07753294027304966
24370,NA,NA,NA,NA,0.053071151896304715,0.3474908750421923,0.5102621667194924,0.08917580634201057
24371,NA,NA,NA,NA,0.3395761589678622,0.23384822795510085,0.3553940851355688,0.07118152794146809
24372,NA,NA,NA,NA,0.10628389656085778,0.12864843217746041,0.5077287859802518,0.2573388852814299
24373,NA,NA,NA,NA,0.25656629467987724,0.4768769412240898,0.21823900314553482,0.04831776095049812
24374,NA,NA,NA,NA,0.2934508621974894,0.14826814821994191,0.4247069289518488,0.13357406063071983
24375,NA,NA,NA,NA,0.13360765275805014,0.09776897442758897,0.5446877916459986,0.22393558116836237
24376,NA,NA,NA,NA,0.14500286114494007,0.19861236260709667,0.5888123033664682,0.06757247288149507
24377,NA,NA,NA,NA,0.11100808565755134,0.4346870059818046,0.36617466795930126,0.0881302404013428
24378,NA,NA,NA,NA,0.034731713365346854,0.7057692270739325,0.055363419885042085,0.20413563967567866
24379,NA,NA,NA,NA,0.06909250857440855,0.518330855445286,0.2197520527049668,0.1928245832753387
24380,NA,NA,NA,NA,0.10898273266858724,0.37967535025964366,0.14210076194153512,0.369241155130234
24381,NA,NA,NA,NA,0.3107611277135376,0.3158849373706546,0.16603779460771073,0.20731614030809717
24382,NA,NA,NA,NA,0.353698509547661,0.23452098198479684,0.309225341254186,0.10255516721335603
24383,NA,NA,NA,NA,0.07145964108732426,0.0920174172549463,0.6805440762320277,0.15597886542570172
24384,NA,NA,NA,NA,0.13660866571081495,0.2792316655358297,0.4354808583813809,0.14867881037197436
24385,NA,NA,NA,NA,0.5210186832126332,0.11769382990305897,0.23806530798519898,0.12322217889910894
24386,NA,NA,NA,NA,0.06566503521466924,0.19383306700322256,0.5772334700521259,0.1632684277299823
24387,NA,NA,NA,NA,0.4694793092618862,0.13148696556076286,0.2157250764393574,0.1833086487379934
24388,NA,NA,NA,NA,0.3441350177608051,0.17197867512765536,0.2570316050780237,0.22685470203351582
24389,NA,NA,NA,NA,0.29791167740864194,0.14916159977828108,0.3821990237424383,0.17072769907063856
24390,NA,NA,NA,NA,0.412063637995572,0.16294223707493327,0.34505970287552123,0.07993442205397339
24391,NA,NA,NA,NA,0.10490277569130739,0.2518573458517377,0.11976742151677346,0.5234724569401814
24392,NA,NA,NA,NA,0.04300247840879795,0.4402926125964706,0.31114889941022145,0.20555600958450987
24393,NA,NA,NA,NA,0.04457936971569449,0.12121142841946542,0.6822277257302211,0.15198147613461904
24394,NA,NA,NA,NA,0.07489850318526538,0.6393101227231779,0.19730404680657987,0.08848732728497687
24395,NA,NA,NA,NA,0.21344330357976896,0.2586905103108339,0.48502537959191266,0.04284080651748454
24396,NA,NA,NA,NA,0.4470632429936323,0.31349304922273324,0.06117390812401506,0.17826979965961934
24397,NA,NA,NA,NA,0.07930069712476444,0.17356100775269853,0.5174707893638129,0.22966750575872427
24398,NA,NA,NA,NA,0.4471895121221178,0.3303858575584469,0.14347687351875907,0.07894775680067627
24399,NA,NA,NA,NA,0.09270982462123965,0.39429519023977316,0.11672504353436233,0.39626994160462486
24400,NA,NA,NA,NA,0.07101268429508842,0.1590221292971215,0.5046301917436874,0.26533499466410265
24401,NA,NA,NA,NA,0.35928304778445774,0.16574351154456768,0.23977951920823526,0.23519392146273924
24402,NA,NA,NA,NA,0.1466230212190506,0.0520784579250452,0.7103103426506037,0.09098817820530061
24403,NA,NA,NA,NA,0.09015759154781694,0.24607630287924695,0.5356217548427394,0.12814435073019667
24404,NA,NA,NA,NA,0.02174937524397609,0.1646999160888309,0.6914839091773584,0.12206679948983477
24405,NA,NA,NA,NA,0.22227836463849696,0.2390157290763266,0.4256716636314045,0.11303424265377192
24406,NA,NA,NA,NA,0.5868277410744664,0.2648079380904626,0.06812914357465025,0.0802351772604208
24407,NA,NA,NA,NA,0.03569966570073126,0.6221342351254695,0.26021539322367176,0.0819507059501275
24408,NA,NA,NA,NA,0.29464200471326635,0.37743758206614153,0.14809514669071716,0.17982526652987482
24409,NA,NA,NA,NA,0.3486880600833846,0.24497971423659304,0.10855704440859175,0.2977751812714306
24410,NA,NA,NA,NA,0.23817768009719192,0.45368430820435296,0.08067989111725793,0.22745812058119716
24411,NA,NA,NA,NA,0.10233201930866624,0.47833056687008624,0.36443527734639264,0.054902136474854785
24412,NA,NA,NA,NA,0.5877053984443946,0.27167137153880977,0.06544157734758171,0.07518165266921388
24413,NA,NA,NA,NA,0.6125939071327835,0.0905630889769265,0.21763870740176905,0.07920429648852098
24414,NA,NA,NA,NA,0.05473481572615073,0.7591563043643782,0.05213635145097146,0.13397252845849958
24415,NA,NA,NA,NA,0.38384366701791056,0.13186334804245384,0.38334901362195856,0.10094397131767716
24416,NA,NA,NA,NA,0.3494188344933557,0.14002129197389537,0.0959671343642689,0.4145927391684801
24417,NA,NA,NA,NA,0.12332248967096321,0.10072679836467871,0.2172791489171905,0.5586715630471676
24418,NA,NA,NA,NA,0.06855135061976403,0.11090802849468934,0.09372969300954248,0.7268109278760041
24419,NA,NA,NA,NA,0.20037878865498399,0.37039785660857405,0.17119427555883465,0.25802907917760726
24420,NA,NA,NA,NA,0.07245616102993806,0.47567108930660695,0.16575286978066303,0.28611987988279186
24421,NA,NA,NA,NA,0.15279166761722685,0.05662418061808974,0.06229496178975012,0.7282891899749333
24422,NA,NA,NA,NA,0.3513062882885343,0.13527506180807358,0.035940619910748366,0.4774780299926439
24423,NA,NA,NA,NA,0.08259607291227768,0.4058829255274161,0.08307656857546675,0.4284444329848396
24424,NA,NA,NA,NA,0.08387437259066782,0.16030626707516685,0.35982717376778883,0.3959921865663766
24425,NA,NA,NA,NA,0.06826820957527098,0.0661286636503116,0.10366709537186038,0.7619360314025571
24426,NA,NA,NA,NA,0.36753112506675745,0.2257043651052347,0.050091758561079516,0.3566727512669283
24427,NA,NA,NA,NA,0.05241324096160605,0.0690209254769631,0.6364185675067239,0.24214726605470707
24428,NA,NA,NA,NA,0.23055653313991095,0.4985194794039384,0.023217299252933185,0.2477066882032174
24429,NA,NA,NA,NA,0.09165109139762963,0.5876641808856541,0.05184883337231607,0.26883589434440014
24430,NA,NA,NA,NA,0.05225636890432584,0.07864943592338644,0.04965513845544219,0.8194390567168455
24431,NA,NA,NA,NA,0.15388126965905807,0.33121443860328953,0.2252367897380663,0.289667501999586
24432,NA,NA,NA,NA,0.0704791003441761,0.33842886422148355,0.17802617535869508,0.41306586007564533
24433,NA,NA,NA,NA,0.0724733885219458,0.1260959257397385,0.08853795668868525,0.7128927290496305
24434,NA,NA,NA,NA,0.17183711093154178,0.29598136540497977,0.2963951902681501,0.2357863333953284
24435,NA,NA,NA,NA,0.46355983596880856,0.2742758134926719,0.1936914091012295,0.06847294143728999
24436,NA,NA,NA,NA,0.32822305880742847,0.17899534560912614,0.3032182219847516,0.1895633735986938
24437,NA,NA,NA,NA,0.38040313788363206,0.29681973680818485,0.1549495633728887,0.1678275619352945
24438,NA,NA,NA,NA,0.5643910901939545,0.21410920318898322,0.16243576610733432,0.05906394050972798
24439,NA,NA,NA,NA,0.28385810150560065,0.06108200707512905,0.5497397834848945,0.10532010793437596
24440,NA,NA,NA,NA,0.08848923466269958,0.6747926042407302,0.09679271928242358,0.13992544181414662
24441,NA,NA,NA,NA,0.655948230138795,0.20047681049276497,0.039617672777662746,0.10395728659077724
24442,NA,NA,NA,NA,0.5396328182223387,0.18998663239983987,0.18272407342365582,0.08765647595416579
24443,NA,NA,NA,NA,0.27165056373369767,0.2591129926036718,0.42211460227538883,0.047121841387241445
24444,NA,NA,NA,NA,0.13494757367130558,0.34094282181576974,0.4019298118764365,0.1221797926364883
24445,NA,NA,NA,NA,0.39986099168719846,0.176160831996302,0.2799368356694798,0.14404134064701965
24446,NA,NA,NA,NA,0.3788070952415508,0.14378479936178207,0.18649533534126417,0.29091277005540284
24447,NA,NA,NA,NA,0.22237206549569047,0.6304625735074818,0.07003041841685764,0.07713494257997007
24448,NA,NA,NA,NA,0.25751133786196023,0.46064228209734365,0.16859988749170224,0.11324649254899401
24449,NA,NA,NA,NA,0.37540213155643043,0.07173914429456545,0.335765155943722,0.21709356820528203
24450,NA,NA,NA,NA,0.16574979621151206,0.15955836030809342,0.4018440736586874,0.2728477698217071
24451,NA,NA,NA,NA,0.08856524020523952,0.21412394752931924,0.39078908062835827,0.3065217316370831
24452,NA,NA,NA,NA,0.1698855442879627,0.06637545614171675,0.5562152697101094,0.20752372986021125
24453,NA,NA,NA,NA,0.3738732081136321,0.08021937830888767,0.4993627416878479,0.0465446718896324
24454,NA,NA,NA,NA,0.06433322540365316,0.6289005368923283,0.09555156161558125,0.2112146760884374
24455,NA,NA,NA,NA,0.0884972765531218,0.17492591445191077,0.4796453691423015,0.25693143985266603
24456,NA,NA,NA,NA,0.02319484769512525,0.4466413693056175,0.1558630521246,0.3743007308746573
24457,NA,NA,NA,NA,0.10207434869225677,0.14446190660144514,0.3296924886099666,0.42377125609633143
24458,NA,NA,NA,NA,0.020804482355892766,0.5450972512121776,0.06782990689252424,0.36626835953940545
24459,NA,NA,NA,NA,0.052956576109577186,0.46305035276947587,0.3132878928383365,0.17070517828261048
24460,NA,NA,NA,NA,0.026934533003615087,0.4228606030962576,0.1794302940122391,0.37077456988788826
24461,NA,NA,NA,NA,0.014681793017491791,0.17673992011714573,0.4090116928382598,0.3995665940271028
24462,NA,NA,NA,NA,0.037243363607168706,0.6066215168939898,0.08907037757105606,0.26706474192778556
24463,NA,NA,NA,NA,0.1108637762764647,0.6826462915281347,0.11608389308905001,0.09040603910635071
24464,NA,NA,NA,NA,0.08178363828595488,0.40132251616568226,0.25782642727587446,0.2590674182724885
24465,NA,NA,NA,NA,0.024656756809414686,0.814829399763277,0.019418270029672526,0.14109557339763568
24466,NA,NA,NA,NA,0.11837736733903134,0.6528363968378218,0.06687257326295563,0.16191366256019118
24467,NA,NA,NA,NA,0.04751815736232318,0.6642119158196516,0.031246349779476434,0.2570235770385489
24468,NA,NA,NA,NA,0.009501692537923028,0.6943679767595147,0.12804190466824467,0.16808842603431767
24469,NA,NA,NA,NA,0.044056425311718106,0.6384503124674011,0.04027932526523287,0.2772139369556479
24470,NA,NA,NA,NA,0.05382689336126758,0.3926814986324979,0.07485458703912075,0.47863702096711375
24471,NA,NA,NA,NA,0.04199511182768978,0.7717913516990301,0.07255536135911456,0.11365817511416568
24472,NA,NA,NA,NA,0.14461713397092535,0.36719614374483567,0.2799699828214641,0.20821673946277483
24473,NA,NA,NA,NA,0.13277863254918568,0.14192417644195796,0.49982433255182757,0.2254728584570289
24474,NA,NA,NA,NA,0.7874426878360697,0.11636603844358927,0.022499726209316537,0.073691547511024455
24475,NA,NA,NA,NA,0.07622622643642674,0.40146867484916815,0.3706944184189014,0.1516106802955036
24476,NA,NA,NA,NA,0.14434453534186398,0.5493553570496444,0.16564178187616393,0.1406583257323277
24477,NA,NA,NA,NA,0.04193798787804731,0.38178447727631604,0.46226644663061045,0.11401108821502608
24478,NA,NA,NA,NA,0.27217626431997793,0.09068492462623919,0.565065920286539,0.0720728907672438
24479,NA,NA,NA,NA,0.12181258339183718,0.054936756957490646,0.6758327839863751,0.147417875664297
24480,NA,NA,NA,NA,0.4984922041436344,0.16153479835358467,0.16184150813373024,0.17813148936905063
24481,NA,NA,NA,NA,0.3102287802734877,0.25105905490576663,0.2613388648538616,0.17737329996688408
24482,NA,NA,NA,NA,0.5836464328335013,0.09561134237871913,0.14098406938910021,0.17975815539867937
24483,NA,NA,NA,NA,0.7335516161412384,0.07864284014504333,0.08188325844282064,0.10592228527089757
24484,NA,NA,NA,NA,0.06552941528237616,0.1023902054828264,0.7530917101429283,0.07898866909186898
24485,NA,NA,NA,NA,0.4138314088687004,0.08834575869023918,0.4138941225381846,0.08392870990287589
24486,NA,NA,NA,NA,0.3352022073827771,0.3127361270425762,0.2546322833582165,0.0974293822164301
24487,NA,NA,NA,NA,0.07580485976847431,0.12362967950809017,0.6591728165033109,0.1413926442201246
24488,NA,NA,NA,NA,0.24003459584946385,0.6385789473930599,0.05881257740229034,0.0625738793551861
24489,NA,NA,NA,NA,0.14720976767589805,0.37416816396194186,0.4033750743583701,0.07524699400378997
24490,NA,NA,NA,NA,0.09233078004522577,0.330464048520147,0.5085014924236105,0.06870367901101668
24491,NA,NA,NA,NA,0.16518928568400648,0.10042845420304185,0.2278313443648293,0.5065509157481224
24492,NA,NA,NA,NA,0.11643150807104173,0.04582684346200097,0.6527290448177046,0.18501260364925262
24493,NA,NA,NA,NA,0.035236704135318556,0.1305943795298126,0.7346996418217434,0.09946927451312543
24494,NA,NA,NA,NA,0.02798537234010362,0.4967773612277667,0.368022159789269,0.10721510664286073
24495,NA,NA,NA,NA,0.20039681737536197,0.40829729655841634,0.1287229560876051,0.2625829299786165
24496,NA,NA,NA,NA,0.18363613868813697,0.18114458734623515,0.33706542184034055,0.2981538521252873
24497,NA,NA,NA,NA,0.1636587239971174,0.03367688779748957,0.6881733435486208,0.11449104465677219
24498,NA,NA,NA,NA,0.2867915516473451,0.3188749801529071,0.331736491646011,0.06259697655373686
24499,NA,NA,NA,NA,0.3924737780361156,0.05134619414323014,0.467383192775276,0.0887968350453783
24500,NA,NA,NA,NA,0.11587897727515312,0.6305654899003293,0.09449676696615361,0.15905876585836393
24501,NA,NA,NA,NA,0.37762555259583536,0.35245885079490796,0.08799098970660939,0.1819246069026473
24502,NA,NA,NA,NA,0.6698979493493679,0.06619980062697228,0.12107101884714824,0.14283123117651156
24503,NA,NA,NA,NA,0.14577976861494918,0.05373001524692191,0.2297286813940997,0.5707615347440291
24504,NA,NA,NA,NA,0.1555798281593183,0.40402790099494235,0.11919124466060414,0.3212010261851351
24505,NA,NA,NA,NA,0.21021125453888628,0.22252611624801233,0.2760573450303584,0.291205284182743
24506,NA,NA,NA,NA,0.11788535951140229,0.058528826726866795,0.669919487918799,0.15366632584293202
24507,NA,NA,NA,NA,0.20348476188256145,0.16236703497335075,0.27105397334482634,0.36309422979926137
24508,NA,NA,NA,NA,0.5003691413196978,0.08312048745066158,0.2759624374027457,0.14054793382689507
24509,NA,NA,NA,NA,0.2893277107651212,0.06858239472500037,0.43583317393752763,0.2062567205723508
24510,NA,NA,NA,NA,0.140182791557401,0.11349957306045905,0.6380051177196119,0.10831251766252807
24511,NA,NA,NA,NA,0.41626333140307764,0.41379303955239793,0.07788941525924843,0.092054213785276
24512,NA,NA,NA,NA,0.28852668522678554,0.14930464988199332,0.29184488292697885,0.2703237819642423
24513,NA,NA,NA,NA,0.5127613789429563,0.16521256723582808,0.1733991516619118,0.1486269021593039
24514,NA,NA,NA,NA,0.3286990723628532,0.47155375376980796,0.0916323309027563,0.10811484296458239
24515,NA,NA,NA,NA,0.3478093276184343,0.2211893117662509,0.23622877994830432,0.19477258066701042
24516,NA,NA,NA,NA,0.32285436829585096,0.2597783498903009,0.22138876629851129,0.1959785155153369
24517,NA,NA,NA,NA,0.5081484276729555,0.25370568735460675,0.15951920912670897,0.07862667584572887
24518,NA,NA,NA,NA,0.09546795004551126,0.17821299659616152,0.18078415424568953,0.54553489911263775
24519,NA,NA,NA,NA,0.1445146679362124,0.2638958170401705,0.48867915516855753,0.1029103598550596
24520,NA,NA,NA,NA,0.06312216824226251,0.41392436824388007,0.31083568526237026,0.21211777825148706
24521,NA,NA,NA,NA,0.2210913037566608,0.3235699424113605,0.1549109177906057,0.30042783604137296
24522,NA,NA,NA,NA,0.06358486373225396,0.14935755815308202,0.5653412200412511,0.22171635807341292
24523,NA,NA,NA,NA,0.057641143885716166,0.40804097477082196,0.3509838062222421,0.18333407512121985
24524,NA,NA,NA,NA,0.3109335911386853,0.15497766452787445,0.3699120317259112,0.16417671260752917
24525,NA,NA,NA,NA,0.2210101660377614,0.30906047041609974,0.10901613888938155,0.36091322465675724
24526,NA,NA,NA,NA,0.5343672266158818,0.122065097372454,0.2682429368733185,0.07532473913834575
24527,NA,NA,NA,NA,0.22602011897279772,0.13966669549077868,0.3374403980245743,0.29687278751184937
24528,NA,NA,NA,NA,0.5728026886292997,0.29159001430577985,0.04558725815477276,0.09002003891014755
24529,NA,NA,NA,NA,0.2806018744014716,0.14555651068976386,0.2541164582924812,0.31972515661628326
24530,NA,NA,NA,NA,0.2837196744513487,0.29456580163177704,0.1505485692718264,0.2711659546450479
24531,NA,NA,NA,NA,0.05026843879693377,0.39414046815801207,0.35870440933291825,0.19688668371213586
24532,NA,NA,NA,NA,0.19880806623464284,0.21023180097237099,0.4737127030150896,0.11724742977789664
24533,NA,NA,NA,NA,0.2635370822800367,0.29596325402260576,0.11337256270412961,0.32712710099322795
24534,NA,NA,NA,NA,0.083388576547684,0.3773793329883245,0.11821082475626446,0.42102126570772713
24535,NA,NA,NA,NA,0.6504206625443056,0.038589966683432966,0.1177569009318736,0.1932324698403879
24536,NA,NA,NA,NA,0.13322905368892404,0.23471084630893302,0.3325672149963925,0.2994928850057504
24537,NA,NA,NA,NA,0.4367235873927491,0.15230469561475818,0.12414734155473463,0.2868243754377581
24538,NA,NA,NA,NA,0.2805208415913355,0.5593059568260859,0.04349466878589905,0.11667853279667967
24539,NA,NA,NA,NA,0.4058661104124348,0.19983395271251722,0.07468611226992397,0.31961382460512394
24540,NA,NA,NA,NA,0.4549031478060604,0.1343188078926021,0.2761031630066091,0.13467488129472863
24541,NA,NA,NA,NA,0.46644587822181843,0.1477976879630382,0.22396693173857027,0.16178950207657314
24542,NA,NA,NA,NA,0.16279248888581488,0.49449469845549165,0.1454128768150638,0.19729993584362984
24543,NA,NA,NA,NA,0.03461549686937989,0.1515898653110267,0.7265430462832874,0.08725159153630596
24544,NA,NA,NA,NA,0.274496793966915,0.3511300490381344,0.2658475730648009,0.10852558393014979
24545,NA,NA,NA,NA,0.26477592457081683,0.0628178174241814,0.5280468265547076,0.14435943145029428
24546,NA,NA,NA,NA,0.07646518406879141,0.5501889134510092,0.13070752916347292,0.2426383733167264
24547,NA,NA,NA,NA,0.43032493131539934,0.2913140484234347,0.0519556121637613,0.22640540809740456
24548,NA,NA,NA,NA,0.06469780170803384,0.28014323920696826,0.44398383046139467,0.21117512862360335
24549,NA,NA,NA,NA,0.5542430968059284,0.23967717646842207,0.07425034168941128,0.13182938503623806
24550,NA,NA,NA,NA,0.10621285680091251,0.5459911404632675,0.2777117548269876,0.07008424790883244
24551,NA,NA,NA,NA,0.09436552238565134,0.42671853440750807,0.13429789492828006,0.3446180482785605
24552,NA,NA,NA,NA,0.07382238164803723,0.35328673926602305,0.11384722265444353,0.4590436564314961
24553,NA,NA,NA,NA,0.3612072379901706,0.1852334810979434,0.2606232268571443,0.19293605405474182
24554,NA,NA,NA,NA,0.3176066472201734,0.13197418098313385,0.2947986241840507,0.2556205476126422
24555,NA,NA,NA,NA,0.18787648865810175,0.6323676065483455,0.06129092452519775,0.11846498026835507
24556,NA,NA,NA,NA,0.6089404367732454,0.18539101632014326,0.040420825052040595,0.16524772185457082
24557,NA,NA,NA,NA,0.19839619133241168,0.2739494025456068,0.3476513535906633,0.1800030525313182
24558,NA,NA,NA,NA,0.12094999516910254,0.5974898361333626,0.08730383028050892,0.1942563384170259
24559,NA,NA,NA,NA,0.06063861228952533,0.7395760709381373,0.10361446394250705,0.09617085282983043
24560,NA,NA,NA,NA,0.08440171770143251,0.41881891905188834,0.2131079696297979,0.2836713936168811
24561,NA,NA,NA,NA,0.20152611533344789,0.3326532699382533,0.1701243692148053,0.2956962455134935
24562,NA,NA,NA,NA,0.46057968005517197,0.25625598040593717,0.1681785851241191,0.1149857544147717
24563,NA,NA,NA,NA,0.03351668053436611,0.5942093689310389,0.116242821268989,0.25603112926560606
24564,NA,NA,NA,NA,0.09257852501762691,0.48003188233234545,0.07969463474663993,0.34769495790338756
24565,NA,NA,NA,NA,0.061776421989649485,0.39133636109371195,0.3360071041031538,0.21088011281348468
24566,NA,NA,NA,NA,0.14095362346377435,0.6175234088134782,0.06163919391303787,0.17988377380970952
24567,NA,NA,NA,NA,0.15784258573669313,0.3011398996163922,0.4502088383531064,0.0908086762938084
24568,NA,NA,NA,NA,0.3759459071570245,0.4474333866728965,0.07374554454180902,0.10287516162827003
24569,NA,NA,NA,NA,0.2639236398869682,0.22257483172956244,0.31823402153501973,0.19526750684844968
24570,NA,NA,NA,NA,0.05394167894840057,0.6003268459034263,0.15701375330569975,0.18871772184247332
24571,NA,NA,NA,NA,0.06770124500709972,0.41941398419153963,0.33103965322942847,0.18184511757193214
24572,NA,NA,NA,NA,0.3303724397555635,0.17528731925716956,0.37513613991299233,0.11920410107427476
24573,NA,NA,NA,NA,0.19301686514495256,0.23279434886025904,0.45848122012773596,0.11570756586705237
24574,NA,NA,NA,NA,0.06806519929998417,0.29460297797043944,0.5600209515550466,0.07731087117452982
24575,NA,NA,NA,NA,0.20965817415832028,0.19386689613127167,0.2639906161203255,0.3324843135900825
24576,NA,NA,NA,NA,0.04079217043374589,0.3675832126830792,0.4716691546140507,0.11995546226912437
24577,NA,NA,NA,NA,0.09281346758839913,0.27888114644106693,0.4627948918538142,0.16551049411671973
24578,NA,NA,NA,NA,0.2253742438810164,0.30485709742967865,0.338901909203377,0.13086674948592789
24579,NA,NA,NA,NA,0.2544636845198149,0.4900241498865817,0.16400840175679796,0.09150376383680546
24580,NA,NA,NA,NA,0.15834456489160695,0.18387053162652536,0.48506762535400255,0.17271727812786514
24581,NA,NA,NA,NA,0.2618295822674005,0.0710474313896284,0.5489751505842602,0.11814783575871099
24582,NA,NA,NA,NA,0.05930892595068206,0.15114565548060735,0.7106698570948004,0.0788755614739101
24583,NA,NA,NA,NA,0.06494953348521036,0.2894851372957455,0.4474701859364479,0.1980951432825962
24584,NA,NA,NA,NA,0.0787675829928179,0.08073519163279946,0.7424324239856565,0.09806480138872609
24585,NA,NA,NA,NA,0.1651862522957069,0.3795100688428327,0.08739136761770162,0.3679123112437586
24586,NA,NA,NA,NA,0.11645143031232355,0.2756973852715856,0.37946335658525504,0.22838782783083586
24587,NA,NA,NA,NA,0.4467309828150635,0.21731157269198648,0.28131354044030377,0.05464390405264628
24588,NA,NA,NA,NA,0.4094326619981197,0.05067909048328922,0.441928935904636,0.09795931161395487
24589,NA,NA,NA,NA,0.1171209531570912,0.4704777519191245,0.3556797907307366,0.056721504193047695
24590,NA,NA,NA,NA,0.49859717554686955,0.30860091014964514,0.1383001629879102,0.054501751315575185
24591,NA,NA,NA,NA,0.5669143402858938,0.2710457114572242,0.09772206841217873,0.06431787984470325
24592,NA,NA,NA,NA,0.42282841615992334,0.3609599386712289,0.08253815513998625,0.13367349002886164
24593,NA,NA,NA,NA,0.6879711970010038,0.1294437836483385,0.07280977664315648,0.10977524270750107
24594,NA,NA,NA,NA,0.2400068911557814,0.14724997986602562,0.3920331569089055,0.2207099720692875
24595,NA,NA,NA,NA,0.14534726173983636,0.31082009804888416,0.5090087216791362,0.034823918532143165
24596,NA,NA,NA,NA,0.36947869215689205,0.4383828005976471,0.07544984282285655,0.11668866442260424
24597,NA,NA,NA,NA,0.5337424830829306,0.3292624085292927,0.08457406328775724,0.052421045100019326
24598,NA,NA,NA,NA,0.6915887183365792,0.07261500102547752,0.08100656239114619,0.1547897182467972
24599,NA,NA,NA,NA,0.23334331365801503,0.22601056515512488,0.45730136171599334,0.08334475947086682
24600,NA,NA,NA,NA,0.21382510928718773,0.34667845925039087,0.3772103169619166,0.06228611450050478
24601,NA,NA,NA,NA,0.06930452868776829,0.049648853794735943,0.789199628864285,0.0918469886532106
24602,NA,NA,NA,NA,0.43056570232058267,0.3997662969751089,0.10394850699620854,0.06571949370809985
24603,NA,NA,NA,NA,0.11783282291937171,0.07658322546862568,0.5231383379162671,0.2824456136957355
24604,NA,NA,NA,NA,0.22385404490864208,0.28196575737990354,0.4436980691159755,0.05048212859547888
24605,NA,NA,NA,NA,0.5907388414341623,0.06456262703280045,0.2157810437973641,0.128917487735673
24606,NA,NA,NA,NA,0.07922575541983316,0.3962275199697518,0.33846450612935147,0.18608221848106352
24607,NA,NA,NA,NA,0.6158124958658041,0.18534119558973822,0.0691211773296866,0.12972513121477117
24608,NA,NA,NA,NA,0.18558901503256808,0.3605715946531091,0.0472188183387055,0.40662057197561735
24609,NA,NA,NA,NA,0.44277007247093825,0.1904614906756829,0.20278276114209556,0.16398567571128322
24610,NA,NA,NA,NA,0.08986561674121664,0.11024037783176571,0.13711836407110245,0.6627756413559153
24611,NA,NA,NA,NA,0.16766776851132908,0.16255801698686254,0.1436717629481813,0.526102451553627
24612,NA,NA,NA,NA,0.15694177336542384,0.6145777878108977,0.04603653820623136,0.1824439006174472
24613,NA,NA,NA,NA,0.05205066487252189,0.30652096763693987,0.44333073124996336,0.19809763624057503
24614,NA,NA,NA,NA,0.046241354211871435,0.04650143068930924,0.5220930533006646,0.3851641617981547
24615,NA,NA,NA,NA,0.48904332232336634,0.1639046706925707,0.027827182046906842,0.31922482493715604
24616,NA,NA,NA,NA,0.18018215026146128,0.10474960662971008,0.37953337098250955,0.335534872126319
24617,NA,NA,NA,NA,0.29528919068641274,0.22335830785500577,0.3568536781363011,0.12449882332228038
24618,NA,NA,NA,NA,0.45408952931147406,0.05897545494596189,0.35372746383267195,0.13320755190989225
24619,NA,NA,NA,NA,0.11805213567157286,0.3135058899168731,0.35305398656481624,0.21538798784673782
24620,NA,NA,NA,NA,0.22427873834493772,0.20454061697808223,0.03915265712903874,0.5320279875479413
24621,NA,NA,NA,NA,0.1194683618001324,0.18294253721329132,0.4018204950062286,0.29576860598034765
24622,NA,NA,NA,NA,0.09098062958367613,0.3187445618130982,0.2856483283080573,0.3046264802951684
24623,NA,NA,NA,NA,0.30071800099083795,0.07856926109107257,0.1963596244609193,0.42435311345717014
24624,NA,NA,NA,NA,0.4472221165209345,0.08298391496067589,0.28925777051214036,0.1805361980062492
24625,NA,NA,NA,NA,0.3605325485001479,0.06873802999795482,0.36220930558556663,0.20852011591633052
24626,NA,NA,NA,NA,0.5290203740335141,0.12100409040914228,0.08232462607606912,0.2676509094812745
24627,NA,NA,NA,NA,0.2070249409001397,0.2255493792235086,0.11647908922210098,0.4509465906542507
24628,NA,NA,NA,NA,0.6977844375883951,0.0640037966431323,0.04255454115886988,0.19565722460960275
24629,NA,NA,NA,NA,0.13567772105969186,0.4826338083888123,0.12426956769222246,0.2574189028592733
24630,NA,NA,NA,NA,0.14076279086243687,0.20032759904941286,0.2903445488683914,0.3685650612197589
24631,NA,NA,NA,NA,0.35370310551822165,0.15152890697776497,0.13572814787832826,0.3590398396256852
24632,NA,NA,NA,NA,0.26098364407629643,0.23164260342039708,0.1527022162538508,0.35467153624945563
24633,NA,NA,NA,NA,0.37187393045401984,0.0600610437402273,0.4003912916525076,0.16767373415324538
24634,NA,NA,NA,NA,0.2770757251883615,0.06730164531043552,0.42255790619939493,0.23306472330180808
24635,NA,NA,NA,NA,0.3887029673660547,0.13009576810153636,0.15432288334613659,0.3268783811862723
24636,NA,NA,NA,NA,0.24354345520061202,0.5236483606014428,0.11394505753559109,0.11886312666235394
24637,NA,NA,NA,NA,0.33072641084316057,0.11494942433081358,0.368719511611959,0.18560465321406688
24638,NA,NA,NA,NA,0.14026681607261052,0.5183279931933044,0.0729046314882302,0.2685005592458549
24639,NA,NA,NA,NA,0.3356044827154845,0.16476361444903637,0.18489335986263944,0.3147385429728396
24640,NA,NA,NA,NA,0.5881536208150415,0.12597106805874775,0.15088441339028102,0.1349908977359298
24641,NA,NA,NA,NA,0.04629285109652006,0.7837613305901621,0.01411992567169101,0.15582589264162686
24642,NA,NA,NA,NA,0.23215676184147893,0.10799571493300775,0.36823903821240056,0.2916084850131128
24643,NA,NA,NA,NA,0.0545684447665415,0.08653510644155765,0.40076657241318836,0.4581298763787126
24644,NA,NA,NA,NA,0.115179944621573,0.4191115854272791,0.12661318276011543,0.33909528719103244
24645,NA,NA,NA,NA,0.13697960408926116,0.6299482578491801,0.028952464835160716,0.20411967322639812
24646,NA,NA,NA,NA,0.22734674558308174,0.24710334087917285,0.19862506603908534,0.32692484749866013
24647,NA,NA,NA,NA,0.22059838655763372,0.48563839413008253,0.19316458859864372,0.10059863071364017
24648,NA,NA,NA,NA,0.15609972622977875,0.07665029441818667,0.41227435256776285,0.35497562678427175
24649,NA,NA,NA,NA,0.10035992379668694,0.2009475859082135,0.5018953599212076,0.19679713037389193
24650,NA,NA,NA,NA,0.03305714976378933,0.7744046012619968,0.024693200552122936,0.16784504842209083
24651,NA,NA,NA,NA,0.49128591581858044,0.1021094223909048,0.037754775503253395,0.3688498862872613
24652,NA,NA,NA,NA,0.19119711246206825,0.07099679991150644,0.5549790989940567,0.18282698863236863
24653,NA,NA,NA,NA,0.41349111482889755,0.18270886887011428,0.08138291308331963,0.3224171032176685
24654,NA,NA,NA,NA,0.12193892545585924,0.28833373572621734,0.032761531062209213,0.5569658077557142
24655,NA,NA,NA,NA,0.1036726599921594,0.25451008325065155,0.2939191988549971,0.3478980579021919
24656,NA,NA,NA,NA,0.19940388156661698,0.4146699421786022,0.24013907812894883,0.145787098125832
24657,NA,NA,NA,NA,0.18690304030828106,0.24543265846289855,0.11305027350210084,0.45461402772671955
24658,NA,NA,NA,NA,0.12818609057586602,0.42119536622826365,0.27265407511388157,0.17796446808198885
24659,NA,NA,NA,NA,0.05603157584614242,0.17742456759927872,0.3562117497910931,0.41033210676348586
24660,NA,NA,NA,NA,0.11519600346684025,0.49672659116665013,0.1617813060781502,0.22629609928835934
24661,NA,NA,NA,NA,0.11969907400489128,0.4298318894879639,0.040632741259343914,0.4098362952478009
24662,NA,NA,NA,NA,0.031924672544683376,0.11908684320310857,0.6215953903118959,0.22739309394031207
24663,NA,NA,NA,NA,0.12108980768528828,0.382997144678914,0.435525387055012,0.060387660580785874
24664,NA,NA,NA,NA,0.08070586262663469,0.21063252276980593,0.6170988284967804,0.09156278610677893
24665,NA,NA,NA,NA,0.37693392169840073,0.14166014084975134,0.4145127980434283,0.06689313940841965
24666,NA,NA,NA,NA,0.09161858632840356,0.7424288769108546,0.05617967802933395,0.10977285873140787
24667,NA,NA,NA,NA,0.049570742821708674,0.7093703527699068,0.14273836334985635,0.09832054105852812
24668,NA,NA,NA,NA,0.346147083629362,0.05618436096459907,0.5521280894039887,0.04554046600205022
24669,NA,NA,NA,NA,0.17715081698680152,0.19980535841525415,0.4996919272497933,0.12335189734815091
24670,NA,NA,NA,NA,0.6871816506375369,0.07070446890949249,0.17855030167195565,0.063563578781015
24671,NA,NA,NA,NA,0.10588540302801389,0.38800977113142093,0.48373391024357865,0.022370915596986528
24672,NA,NA,NA,NA,0.09506598143269476,0.4570912087422332,0.3980436595906585,0.049799150234413614
24673,NA,NA,NA,NA,0.09483377847514413,0.053087788819145956,0.7936560589134444,0.058422373792265565
24674,NA,NA,NA,NA,0.09501877377692652,0.7998813927718448,0.051507470966711884,0.053592362484516674
24675,NA,NA,NA,NA,0.11739229055100882,0.07609730969030855,0.7779198153816236,0.028590584377059084
24676,NA,NA,NA,NA,0.21772911687278712,0.6339623521972824,0.08598343258357147,0.06232509834635905
24677,NA,NA,NA,NA,0.11439136783623134,0.20497108213275866,0.5098492294821546,0.1707883205488553
24678,NA,NA,NA,NA,0.43282871130897477,0.2904383468326753,0.15715278296160382,0.11958015889674618
24679,NA,NA,NA,NA,0.18403530895989975,0.6840921675697375,0.051733107063320245,0.08013941640704259
24680,NA,NA,NA,NA,0.08986758445839302,0.6393618572381362,0.14933452196007668,0.12143603634339416
24681,NA,NA,NA,NA,0.4385243559887353,0.38839631227907506,0.058576839333045666,0.11450249239914408
24682,NA,NA,NA,NA,0.4219124712360141,0.5203157907141164,0.00958698008639101,0.048184757963478646
24683,NA,NA,NA,NA,0.16605999398944757,0.3414162360566083,0.3979086250380406,0.09461514491590363
24684,NA,NA,NA,NA,0.08561738840889029,0.2682533827771018,0.4596086372425926,0.1865205915714153
24685,NA,NA,NA,NA,0.6918781298276577,0.12241481330889842,0.057060206909206025,0.12864684995423772
24686,NA,NA,NA,NA,0.5439784144891557,0.12912844543045085,0.09813588424482966,0.22875725583556367
24687,NA,NA,NA,NA,0.3529479606317276,0.3200108924901603,0.21226356601338436,0.11477758086472777
24688,NA,NA,NA,NA,0.14370976659069795,0.5967079929795236,0.0834353296050904,0.17614691082468809
24689,NA,NA,NA,NA,0.41955578185587483,0.22849297448332762,0.28623291725990874,0.06571832640088882
24690,NA,NA,NA,NA,0.6305503580692359,0.18611137735280506,0.10775320068464046,0.07558506389331868
24691,NA,NA,NA,NA,0.24543665561045352,0.5937058292100621,0.0638587046062246,0.0969988105732597
24692,NA,NA,NA,NA,0.5550900227676605,0.3280526879239646,0.01618371470501498,0.10067357460335981
24693,NA,NA,NA,NA,0.17560898605680256,0.28133170561494175,0.46019324062070815,0.08286606770754755
24694,NA,NA,NA,NA,0.21517569060405334,0.4807299138285173,0.24334415389640804,0.06075024167102142
24695,NA,NA,NA,NA,0.2005652502112351,0.6608635282024566,0.04448887762552584,0.09408234396078245
24696,NA,NA,NA,NA,0.2570733344001615,0.45864635491460953,0.1241578618908917,0.16012244879433715
24697,NA,NA,NA,NA,0.24709421069344728,0.22616226579842277,0.26677358414776997,0.25996993936036
24698,NA,NA,NA,NA,0.27184244373220734,0.5799631875100804,0.11256585294926606,0.035628515808446205
24699,NA,NA,NA,NA,0.2814349914003733,0.12468617869934007,0.5227154925900934,0.07116333731019327
24700,NA,NA,NA,NA,0.09846068116520482,0.6755294118279128,0.085630061708642,0.14037984529824046
24701,NA,NA,NA,NA,0.06439779998996502,0.09150489873241216,0.652794609348597,0.19130269192902588
24702,NA,NA,NA,NA,0.25693859603515157,0.6076669305625199,0.03981689769789627,0.09557757570443229
24703,NA,NA,NA,NA,0.265717226730442,0.29476318621169395,0.3604374606689845,0.07908212638887939
24704,NA,NA,NA,NA,0.0447016194515031,0.43763487910466947,0.36627211725311326,0.15139138419071416
24705,NA,NA,NA,NA,0.5618921302044096,0.25863186277477573,0.05300048158915655,0.12647552543165821
24706,NA,NA,NA,NA,0.3464570775507442,0.2583177012832546,0.28022717657171586,0.11499804459428521
24707,NA,NA,NA,NA,0.382536357212302,0.12743569677635957,0.12999914965098716,0.3600287963603511
24708,NA,NA,NA,NA,0.5573374759436547,0.05730082215892909,0.19059152196295895,0.19477017993445725
24709,NA,NA,NA,NA,0.04219187123559638,0.06645484997599387,0.7398822964559435,0.15147098233246625
24710,NA,NA,NA,NA,0.38742537969414875,0.24739697455229975,0.24533946636143086,0.11983817939212062
24711,NA,NA,NA,NA,0.40131018913890515,0.10308956146666884,0.37527718398690785,0.12032306540751822
24712,NA,NA,NA,NA,0.3423973972168987,0.511625300478145,0.045808396355489715,0.10016890594946652
24713,NA,NA,NA,NA,0.0867700917017542,0.610639427341841,0.0770180681292402,0.22557241282716453
24714,NA,NA,NA,NA,0.3778535388741664,0.3337279874517306,0.10017683491935175,0.18824163875475114
24715,NA,NA,NA,NA,0.16944188634864574,0.40589205592405203,0.1517478292911653,0.27291822843613694
24716,NA,NA,NA,NA,0.5054474721252741,0.2950920697351816,0.05714742743925135,0.14231303070029286
24717,NA,NA,NA,NA,0.1297356498265075,0.48187110692651114,0.260595633119302,0.12779761012767915
24718,NA,NA,NA,NA,0.09222027998605524,0.6492314126693671,0.04766098783910379,0.21088731950547399
24719,NA,NA,NA,NA,0.35358910190902687,0.09921772135358706,0.17254475688464774,0.37464841985273833
24720,NA,NA,NA,NA,0.09691266336401455,0.5956598579224134,0.2477666816661175,0.05966079704745463
24721,NA,NA,NA,NA,0.4443028798031118,0.3348911196709397,0.11776298026257577,0.1030430202633728
24722,NA,NA,NA,NA,0.039759538601810696,0.6816315063708687,0.218358211479019,0.06025074354830175
24723,NA,NA,NA,NA,0.40476374791872693,0.3015517229972728,0.23393149387499967,0.05975303520900067
24724,NA,NA,NA,NA,0.056968710784150244,0.3546719196344683,0.5505679817499701,0.03779138783141136
24725,NA,NA,NA,NA,0.46178257571378784,0.27349667164116614,0.2029902372694611,0.061730515375584744
24726,NA,NA,NA,NA,0.20408667501313502,0.2744212018606215,0.47181119339788724,0.049680929728356076
24727,NA,NA,NA,NA,0.11459985134953518,0.12004062354503572,0.5229266756794685,0.24243284942596058
24728,NA,NA,NA,NA,0.25449060803714363,0.5870341145675623,0.09838391066457212,0.060091366730721844
24729,NA,NA,NA,NA,0.25085349359223064,0.09628879743254123,0.5858967005031576,0.06696100847207048
24730,NA,NA,NA,NA,0.10454932828843709,0.19878677082991042,0.5863111725404831,0.11035272834116934
24731,NA,NA,NA,NA,0.06700035736524726,0.6520395229939615,0.22002535780960855,0.06093476183118281
24732,NA,NA,NA,NA,0.2475079334602605,0.20669345910675935,0.4444953322425057,0.1013032751904745
24733,NA,NA,NA,NA,0.10269703938162318,0.4200396629962557,0.2095782056897521,0.267685091932369
24734,NA,NA,NA,NA,0.17741981722777597,0.4706677113623654,0.17662181008640895,0.17529066132344953
24735,NA,NA,NA,NA,0.10596607293600543,0.18150920866812215,0.49920631680834054,0.21331840158753176
24736,NA,NA,NA,NA,0.20629443453310903,0.5526591003681691,0.1815529690969743,0.05949349600174756
24737,NA,NA,NA,NA,0.3860206877614716,0.139090638720897,0.4037326049844856,0.07115606853314572
24738,NA,NA,NA,NA,0.04317816505925623,0.647908529846309,0.1629641416968711,0.14594916339756384
24739,NA,NA,NA,NA,0.32583208195845126,0.03436232525248084,0.2885125169634881,0.3512930758255799
24740,NA,NA,NA,NA,0.26282767249859174,0.28382823850797734,0.20413391936402406,0.24921016962940687
24741,NA,NA,NA,NA,0.11378102089230037,0.1719228483281342,0.5965047448637313,0.1177913859158341
24742,NA,NA,NA,NA,0.3230564057505387,0.25576169439009816,0.12121670772658867,0.2999651921327745
24743,NA,NA,NA,NA,0.19026127684054336,0.16675339083553212,0.12602085086124706,0.5169644814626774
24744,NA,NA,NA,NA,0.35182724046527486,0.046293080582247036,0.36875484179638546,0.23312483715609275
24745,NA,NA,NA,NA,0.16989449663839645,0.11994643220525912,0.31267249360815036,0.39748657754819416
24746,NA,NA,NA,NA,0.266293560177467,0.19990550183821038,0.05418634511750169,0.4796145928668209
24747,NA,NA,NA,NA,0.026346496434960866,0.31342822569813467,0.42386297984207144,0.23636229802483308
24748,NA,NA,NA,NA,0.03477879462788131,0.04164888007466706,0.492619070576089,0.43095325472136264
24749,NA,NA,NA,NA,0.11001961939615357,0.2647062111763222,0.32068456790862204,0.3045896015189023
24750,NA,NA,NA,NA,0.30977419866254113,0.11412680439599891,0.40052487527675396,0.17557412166470598
24751,NA,NA,NA,NA,0.45443069373837947,0.09040310525784243,0.1302282368724748,0.3249379641313032
24752,NA,NA,NA,NA,0.09155915060279578,0.27621416388815234,0.11599907649298241,0.5162276090160695
24753,NA,NA,NA,NA,0.24568600614309702,0.03074812233922893,0.4934308453144245,0.23013502620324947
24754,NA,NA,NA,NA,0.22764978821918394,0.23454565728104543,0.2381577328827517,0.2996468216170189
24755,NA,NA,NA,NA,0.07867399358568462,0.275497527493077,0.414356752173687,0.23147172674755145
24756,NA,NA,NA,NA,0.09530612001722061,0.20866222755352926,0.468951784506597,0.22707986792265317
24757,NA,NA,NA,NA,0.16693217254775292,0.0890003060459184,0.20819767985150742,0.5358698415548214
24758,NA,NA,NA,NA,0.1201990616283036,0.08213131112054463,0.6848427449128885,0.11282688233826331
24759,NA,NA,NA,NA,0.11520413557854611,0.4777422199147508,0.2857692664971678,0.12128437800953534
24760,NA,NA,NA,NA,0.26015968801378053,0.5454542302579183,0.10270926630317527,0.0916768154251259
24761,NA,NA,NA,NA,0.27340445559561904,0.2108291182371049,0.4552909833117238,0.060475442855552265
24762,NA,NA,NA,NA,0.14226876623049592,0.6990153707867677,0.05509574098559359,0.10362012199714273
24763,NA,NA,NA,NA,0.051516172905373414,0.81775661836616,0.0376629099541263,0.09306429877434033
24764,NA,NA,NA,NA,0.6428777872320174,0.10510045845758001,0.11340479576040283,0.13861695854999978
24765,NA,NA,NA,NA,0.25541615668154677,0.35217287512942846,0.3496259431825749,0.042785025006449665
24766,NA,NA,NA,NA,0.029528002797973373,0.6125487168531475,0.24389876705801436,0.1140245132908648
24767,NA,NA,NA,NA,0.20414084118089573,0.35497625361183427,0.19747386778060916,0.2434090374266609
24768,NA,NA,NA,NA,0.07134062692700374,0.5790568048082715,0.23613533450652993,0.11346723375819491
24769,NA,NA,NA,NA,0.13901637012641962,0.3108095206727933,0.49199983048815127,0.05817427871263577
24770,NA,NA,NA,NA,0.27904617454724534,0.3127762993413583,0.1521660611468941,0.25601146496450233
24771,NA,NA,NA,NA,0.08202571315334176,0.10340580261307568,0.6735727735473297,0.14099571068625275
24772,NA,NA,NA,NA,0.23152336794619183,0.6259479729828323,0.061514826522418756,0.08101383254855697
24773,NA,NA,NA,NA,0.082621520643487,0.47256060851880904,0.4011307427481445,0.04368712808955941
24774,NA,NA,NA,NA,0.3363681426844949,0.38258568698974743,0.19984274548263706,0.08120342484312057
24775,NA,NA,NA,NA,0.06094846299711489,0.8029129558737151,0.06800654750476143,0.06813203362440859
24776,NA,NA,NA,NA,0.5014654410362065,0.07215259631808836,0.3447191938123653,0.08166276883333978
24777,NA,NA,NA,NA,0.30087792309078903,0.31873934851344565,0.2706159244295286,0.10976680396623667
24778,NA,NA,NA,NA,0.35116750172298117,0.36494664295167306,0.08331683462053442,0.20056902070481128
24779,NA,NA,NA,NA,0.07635840907953115,0.42877066477345493,0.16000587962705567,0.33486504651995824
24780,NA,NA,NA,NA,0.41182684792355206,0.14207336295860745,0.3094767297378584,0.13662305937998204
24781,NA,NA,NA,NA,0.06907544119141378,0.13517702781663107,0.7043975441500412,0.09134998684191392
24782,NA,NA,NA,NA,0.5702030638952607,0.09722219207639296,0.05537940845336442,0.27719533557498205
24783,NA,NA,NA,NA,0.03781255287287643,0.15573067225350073,0.5544380781431624,0.25201869673046046
24784,NA,NA,NA,NA,0.42971245544604947,0.1176125633483774,0.16867867988476162,0.2839963013208115
24785,NA,NA,NA,NA,0.0633760427407162,0.5184138969311499,0.15777175820264422,0.26043830212548974
24786,NA,NA,NA,NA,0.13001006562186462,0.1831404271258871,0.5355392234219436,0.15131028383030465
24787,NA,NA,NA,NA,0.287379069968999,0.3606769736389821,0.1610906528263467,0.1908533035656723
24788,NA,NA,NA,NA,0.08294396279968448,0.21792835755910023,0.41086649683461796,0.2882611828065974
24789,NA,NA,NA,NA,0.3562223475257512,0.41186155928607976,0.10139463034075584,0.13052146284741317
24790,NA,NA,NA,NA,0.07665136644410103,0.2650873883562679,0.38509848110702877,0.2731627640926024
24791,NA,NA,NA,NA,0.1340986476801605,0.1437182021380858,0.5448126371855813,0.17737051299617246
24792,NA,NA,NA,NA,0.32984692410200606,0.10536119976714356,0.3286810054048352,0.23611087072601522
24793,NA,NA,NA,NA,0.17183764082922326,0.08399197336582294,0.5359134715624582,0.20825691424249554
24794,NA,NA,NA,NA,0.0883264420759025,0.6520290606501411,0.09152341882638307,0.16812107844757343
24795,NA,NA,NA,NA,0.22940437324198765,0.22787421473660394,0.13718479762135302,0.4055366144000555
24796,NA,NA,NA,NA,0.49246125942753716,0.23005494583481437,0.20422832343681427,0.07325547130083418
24797,NA,NA,NA,NA,0.1423919134167537,0.5224731749424074,0.12419643449926598,0.2109384771415729
24798,NA,NA,NA,NA,0.04978629430748272,0.05790599716044772,0.574605919969752,0.31770178856231757
24799,NA,NA,NA,NA,0.3594835677263903,0.11012163203762423,0.25058416903558006,0.2798106312004054
24800,NA,NA,NA,NA,0.06322396384130775,0.2849144084845103,0.4212022450053922,0.23065938266878985
24801,NA,NA,NA,NA,0.5222058883245297,0.23595723790366563,0.14785738522662653,0.09397948854517811
24802,NA,NA,NA,NA,0.17005995586502648,0.3107832379959419,0.22109274608787732,0.29806406005115427
24803,NA,NA,NA,NA,0.07272595809178593,0.11327804901220201,0.4902093603937824,0.32378663250222967
24804,NA,NA,NA,NA,0.6005173530042642,0.08087013695204577,0.09678337004808865,0.22182913999560144
24805,NA,NA,NA,NA,0.16317545631038638,0.3148996069594132,0.08482848501002582,0.4370964517201745
24806,NA,NA,NA,NA,0.3198270449202316,0.38640408265991616,0.06566744469403375,0.2281014277258184
24807,NA,NA,NA,NA,0.3652619917334575,0.5022529200683559,0.032092313060883317,0.10039277513730326
24808,NA,NA,NA,NA,0.42030389887342956,0.18720483475966948,0.2541384307670531,0.13835283559984787
24809,NA,NA,NA,NA,0.6852570531160238,0.053766621431384796,0.0653253117666306,0.19565101368596094
24810,NA,NA,NA,NA,0.12318341574265944,0.25190527632899334,0.2862906754697952,0.33862063245855206
24811,NA,NA,NA,NA,0.19096235974733072,0.03508450653442131,0.6348150879529172,0.13913804576533076
24812,NA,NA,NA,NA,0.08538203362701217,0.05499524013365258,0.6960014878025146,0.16362123843682075
24813,NA,NA,NA,NA,0.1836678255392661,0.05906831079730147,0.4986836354069571,0.25858022825647536
24814,NA,NA,NA,NA,0.2682374859505202,0.4040757028844515,0.044907623615481014,0.2827791875495474
24815,NA,NA,NA,NA,0.5822646981506876,0.16284284245556357,0.14588128618550933,0.10901117320823944
24816,NA,NA,NA,NA,0.25693218061085143,0.14646089826041744,0.4129497218755401,0.18365719925319104
24817,NA,NA,NA,NA,0.19804488877378712,0.22362021070488858,0.24701750151486424,0.33131739900646
24818,NA,NA,NA,NA,0.3055645580715022,0.3942031970528001,0.2381460480137257,0.062086196861972
24819,NA,NA,NA,NA,0.12060284156331137,0.552572695705597,0.25167853910013616,0.07514592363095562
24820,NA,NA,NA,NA,0.41969610460705997,0.10855195324339462,0.15609575715440704,0.3156561849951383
24821,NA,NA,NA,NA,0.6343068116872947,0.1704635925543928,0.05919730324242463,0.1360322925158879
24822,NA,NA,NA,NA,0.16219008636764892,0.5562450157846592,0.14881488173265905,0.1327500161150327
24823,NA,NA,NA,NA,0.14301293529401818,0.19076424653492977,0.5596840122330772,0.10653880593797485
24824,NA,NA,NA,NA,0.2073680362373354,0.14018885632271375,0.2872546976278785,0.36518840981207223
24825,NA,NA,NA,NA,0.5861490655370889,0.2512200835523005,0.07287576706859306,0.08975508384201757
24826,NA,NA,NA,NA,0.07286194941173481,0.06696393932392672,0.8070594380602396,0.05311467320409891
24827,NA,NA,NA,NA,0.3609530773736462,0.5446981408926664,0.03315796909031568,0.06119081264337167
24828,NA,NA,NA,NA,0.15494536354114988,0.6933788802395755,0.07996185135079929,0.07171390486847534
24829,NA,NA,NA,NA,0.18547629930908505,0.19482525338119777,0.16077417799306415,0.45892426931665303
24830,NA,NA,NA,NA,0.24187070107168038,0.3633349767087582,0.3229533090058799,0.07184101321368161
24831,NA,NA,NA,NA,0.1319216124662341,0.44210297780633023,0.3039781506438382,0.12199725908359749
24832,NA,NA,NA,NA,0.20488326965869058,0.248787999331053,0.22832860920127093,0.31800012180898546
24833,NA,NA,NA,NA,0.25049506863441184,0.30112515178631005,0.39414523228207343,0.05423454729720466
24834,NA,NA,NA,NA,0.22177466160437156,0.20863844644945415,0.16200786907264053,0.4075790228735338
24835,NA,NA,NA,NA,0.30856373828546685,0.3236402868248628,0.25347417896304403,0.11432179592662622
24836,NA,NA,NA,NA,0.19068268085916637,0.31256606590412817,0.29588421850690566,0.2008670347297998
24837,NA,NA,NA,NA,0.7071611295003857,0.06132343952156841,0.10670334428753439,0.12481208669051158
24838,NA,NA,NA,NA,0.15974216565583457,0.3031248105291485,0.2073846489231243,0.32974837489189257
24839,NA,NA,NA,NA,0.6613133720650456,0.17277845696991861,0.1006175696651456,0.06529060129989
24840,NA,NA,NA,NA,0.4094861568815931,0.30197670206055327,0.24038945390042915,0.04814768715742453
24841,NA,NA,NA,NA,0.08538712997704803,0.6086720218302953,0.24107933179416188,0.06486151639849481
24842,NA,NA,NA,NA,0.33464623040252206,0.22121966722105085,0.21983441327946535,0.22429968909696169
24843,NA,NA,NA,NA,0.4020955523243056,0.09157556643712002,0.3864189887923446,0.11990989244622975
24844,NA,NA,NA,NA,0.5249383743307564,0.1878951392119545,0.24195139562985585,0.045215090827433344
24845,NA,NA,NA,NA,0.6648756982549224,0.1007883517840528,0.062102461517411695,0.17223348844361303
24846,NA,NA,NA,NA,0.33153495385540105,0.48252922895164546,0.08533514161434383,0.10060067557860965
24847,NA,NA,NA,NA,0.14741838033057938,0.22480559653071097,0.4602385800520927,0.1675374430866168
24848,NA,NA,NA,NA,0.17753703611386024,0.24196267618053163,0.27902884972102426,0.3014714379845839
24849,NA,NA,NA,NA,0.5744031506870526,0.09898396217704769,0.1890590938105949,0.13755379332530476
24850,NA,NA,NA,NA,0.30080626435491153,0.40225214177991153,0.12996033515216132,0.16698125871301556
24851,NA,NA,NA,NA,0.3434256268094438,0.17146473908691223,0.2508508617610345,0.2342587723426095
24852,NA,NA,NA,NA,0.7103098583556688,0.07784195979147321,0.08397019816491293,0.12787798368794515
24853,NA,NA,NA,NA,0.4964767243673395,0.061898494662403755,0.3417696679742093,0.09985511299604757
24854,NA,NA,NA,NA,0.30661994921113817,0.08131173713651159,0.44297770995516966,0.1690906036971806
24855,NA,NA,NA,NA,0.19517477399930763,0.12591395482612283,0.5076399175197079,0.1712713536548615
24856,NA,NA,NA,NA,0.3365316997239541,0.2952564808701498,0.14305833104136115,0.22515348836453497
24857,NA,NA,NA,NA,0.2701562435365277,0.14642285866918522,0.4831029875254317,0.10031791026885531
24858,NA,NA,NA,NA,0.06756917595724223,0.4922108802020307,0.3440991635259146,0.09612078031481244
24859,NA,NA,NA,NA,0.23072574829525222,0.23746738035604117,0.14829578994692746,0.38351108140177914
24860,NA,NA,NA,NA,0.21177435145684015,0.0385745487287451,0.6975922797598444,0.05205882005457022
24861,NA,NA,NA,NA,0.5488533735033152,0.13212072005280598,0.11144448112523327,0.20758142531864554
24862,NA,NA,NA,NA,0.17708130968909636,0.540237900125862,0.16176083340584863,0.12091995677919296
24863,NA,NA,NA,NA,0.31172905819431623,0.06421966629445479,0.38365591771885815,0.24039535779237073
24864,NA,NA,NA,NA,0.182679962707839,0.11661335398837812,0.5562909437102762,0.14441573959350673
24865,NA,NA,NA,NA,0.1907550198758334,0.03765941008762556,0.612285660176356,0.15929990986018502
24866,NA,NA,NA,NA,0.6303625124656977,0.11464730827234744,0.18558728950991402,0.06940288975204087
24867,NA,NA,NA,NA,0.6201499356360609,0.12316297458613934,0.15324334562843767,0.10344374414936218
24868,NA,NA,NA,NA,0.6305073805187005,0.09172092856918136,0.09862667862085353,0.1791450122912647
24869,NA,NA,NA,NA,0.3663353946764546,0.05365507291828432,0.3499423960239193,0.23006713638134174
24870,NA,NA,NA,NA,0.7336063919603713,0.04127694071634282,0.0743856604102089,0.15073100691307706
24871,NA,NA,NA,NA,0.19104923275459942,0.05828207793269867,0.6133372932406901,0.13733139607201175
24872,NA,NA,NA,NA,0.1704972350166707,0.1707095469841898,0.43994953049762203,0.2188436875015174
24873,NA,NA,NA,NA,0.813834904471064,0.11265640432431669,0.015940095035087268,0.057568596169532076
24874,NA,NA,NA,NA,0.09284609457136939,0.45806083745578235,0.30950778832396664,0.13958527964888176
24875,NA,NA,NA,NA,0.16425103426596965,0.5855627050622252,0.12920340972487687,0.12098285094692823
24876,NA,NA,NA,NA,0.052251429146397285,0.4455753210998093,0.3948019329797966,0.10737131677399697
24877,NA,NA,NA,NA,0.34066999071300835,0.10632392597705391,0.4848183622644466,0.06818772104549109
24878,NA,NA,NA,NA,0.1628566277187483,0.06880002255670431,0.6193681291833804,0.14897522054116702
24879,NA,NA,NA,NA,0.5567314426871813,0.16899184645048787,0.12390065745786975,0.15037605340446114
24880,NA,NA,NA,NA,0.36131193010233836,0.27389769936135966,0.2086414209861702,0.1561489495501319
24881,NA,NA,NA,NA,0.6443969613001591,0.0988838443576611,0.10670137240352047,0.15001782193865945
24882,NA,NA,NA,NA,0.7775517004666668,0.0780854405744682,0.05949630966948533,0.0848665492893799
24883,NA,NA,NA,NA,0.08886818343432425,0.13007106702514382,0.7000905124514709,0.0809702370890609
24884,NA,NA,NA,NA,0.4904703619976007,0.0980815459668993,0.33625975636408095,0.07518833567141901
24885,NA,NA,NA,NA,0.3825022173626427,0.334285407695041,0.19917593604642195,0.08403643889589427
24886,NA,NA,NA,NA,0.10102753508841922,0.15433972784757766,0.6021966188666175,0.1424361181973857
24887,NA,NA,NA,NA,0.2592668061080171,0.6461003141702566,0.04354513132777544,0.05108774839395102
24888,NA,NA,NA,NA,0.1771292977700471,0.42172843550971284,0.33270486175758807,0.06843740496265201
24889,NA,NA,NA,NA,0.11507040248592967,0.38579236183814986,0.4344158620843495,0.0647213735915709
24890,NA,NA,NA,NA,0.20691925782747114,0.11783874085165844,0.19562701344483874,0.4796149878760317
24891,NA,NA,NA,NA,0.1772586412467105,0.1716761987750821,0.0512180709585445,0.5998470890196629
24892,NA,NA,NA,NA,0.3625787800776234,0.09365108886033455,0.12832208627592587,0.41544804478611624
24893,NA,NA,NA,NA,0.29170201437032545,0.23837951924147938,0.14566822695429407,0.3242502394339011
24894,NA,NA,NA,NA,0.11714954905222981,0.45918205851319266,0.13615452893808624,0.2875138634964912
24895,NA,NA,NA,NA,0.12816855871500707,0.05116726098703979,0.2851506848723689,0.5355134954255844
24896,NA,NA,NA,NA,0.06879180425514315,0.3010472871154425,0.16949371623231213,0.4606671923971023
24897,NA,NA,NA,NA,0.1859450759940378,0.10329698143581773,0.49145744773450123,0.21930049483564332
24898,NA,NA,NA,NA,0.3106081394504952,0.09088448072331776,0.34776896392667667,0.2507384158995103
24899,NA,NA,NA,NA,0.019190871582880527,0.2398147763937048,0.4966150099648606,0.244379342058554
24900,NA,NA,NA,NA,0.11151401729090282,0.18078435022663253,0.33064761947461635,0.37705401300784824
24901,NA,NA,NA,NA,0.3290783308593665,0.06675143339333416,0.25703833653862995,0.34713189920866944
24902,NA,NA,NA,NA,0.3877639539883405,0.09345840119754822,0.15337348664375575,0.3654041581703556
24903,NA,NA,NA,NA,0.3090105019333457,0.10138022363233651,0.1761818535419743,0.4134274208923436
24904,NA,NA,NA,NA,0.09564584179421257,0.3017373644665047,0.030391581416214234,0.5722252123230684
24905,NA,NA,NA,NA,0.09572201244132118,0.08001209981557707,0.5603586280130343,0.26390725973006746
24906,NA,NA,NA,NA,0.29530087954395623,0.03944182628661716,0.3563596090310497,0.30889768513837695
24907,NA,NA,NA,NA,0.1720108528914039,0.06503428249078723,0.06143573132268708,0.7015191332951218
24908,NA,NA,NA,NA,0.04193355373598337,0.31761199966039966,0.3186078205258449,0.3218466260777721
24909,NA,NA,NA,NA,0.1257669545744286,0.41586398718810297,0.13353073608649785,0.3248383221509706
24910,NA,NA,NA,NA,0.07990247858311508,0.43097500202564015,0.3604937205909255,0.1286287988003193
24911,NA,NA,NA,NA,0.1343865041803239,0.7417136062460173,0.038901341789413055,0.08499854778424577
24912,NA,NA,NA,NA,0.07991897175088854,0.20003820376936712,0.3206071539343566,0.39943567054538764
24913,NA,NA,NA,NA,0.08855552892790741,0.6160520458935905,0.08196345030270794,0.21342897487579418
24914,NA,NA,NA,NA,0.3460716817466634,0.09330645378377615,0.4017400255621488,0.15888183890741178
24915,NA,NA,NA,NA,0.037021107483806624,0.3163804533195746,0.4579044736198318,0.18869396557678697
24916,NA,NA,NA,NA,0.6522824625097813,0.11617014208385357,0.09006122512524972,0.14148617028111535
24917,NA,NA,NA,NA,0.265479596130289,0.14062233268239624,0.28701428136245544,0.3068837898248593
24918,NA,NA,NA,NA,0.21340358646693486,0.14326368589072758,0.18495361629571094,0.45837911134662673
24919,NA,NA,NA,NA,0.10568892680737157,0.25226029852497667,0.4292255908069962,0.21282518386065544
24920,NA,NA,NA,NA,0.011380237235347075,0.4227384760635764,0.5199939995615845,0.045887287139492
24921,NA,NA,NA,NA,0.5664096785209418,0.24697940567659904,0.0628389775537976,0.12377193824866159
24922,NA,NA,NA,NA,0.6613411674846776,0.12078260614980582,0.08837102225175306,0.1295052041137634
24923,NA,NA,NA,NA,0.17645165794334278,0.2398395337294254,0.4813783073354059,0.10233050099182595
24924,NA,NA,NA,NA,0.12870220760745998,0.15642821366594564,0.6202952517067396,0.09457432701985477
24925,NA,NA,NA,NA,0.38807203971003845,0.4759370833737697,0.056950533211734794,0.07904034370445708
24926,NA,NA,NA,NA,0.2685773353468938,0.07675782088747435,0.5648137399350167,0.08985110383061512
24927,NA,NA,NA,NA,0.12264351340949373,0.46324013773557615,0.2007110460384985,0.21340530281643155
24928,NA,NA,NA,NA,0.11868249353649696,0.31177825736977827,0.39183941472727624,0.17769983436644865
24929,NA,NA,NA,NA,0.34655699824189257,0.4748136841778793,0.13654389632950759,0.042085421250720595
24930,NA,NA,NA,NA,0.33516244281173346,0.379117249542508,0.20466865026124165,0.08105165738451693
24931,NA,NA,NA,NA,0.3040030410151607,0.16704476896004972,0.28227554795872783,0.24667664206606182
24932,NA,NA,NA,NA,0.11410709938756738,0.3230461679995044,0.3091391083410258,0.2537076242719023
24933,NA,NA,NA,NA,0.4147621371932099,0.43591568823014193,0.07177317955151537,0.07754899502513293
24934,NA,NA,NA,NA,0.5872710792653075,0.1673257739629559,0.09893975649700282,0.1464633902747336
24935,NA,NA,NA,NA,0.12759842483863382,0.4602807879648114,0.28816567024929235,0.12395511694726247
24936,NA,NA,NA,NA,0.3922366705999273,0.09069191910786747,0.44497336824523975,0.0720980420469655
24937,NA,NA,NA,NA,0.1335161388810782,0.519200101467346,0.29243655834577814,0.05484720130579774
24938,NA,NA,NA,NA,0.4006189307732306,0.1202470031949198,0.4134302087400627,0.0657038572917868
24939,NA,NA,NA,NA,0.12623828683005534,0.19994493393209245,0.5779304587547073,0.095886320483145
24940,NA,NA,NA,NA,0.4321386237264827,0.38502139200537344,0.10952504603020363,0.07331493823794025
24941,NA,NA,NA,NA,0.30769518538889573,0.3948749950693665,0.18489794465584355,0.11253187488589413
24942,NA,NA,NA,NA,0.6813681442036529,0.17513575053279823,0.06062740445037601,0.0828687008131729
24943,NA,NA,NA,NA,0.3843615183544077,0.15979087597067632,0.19586897423574906,0.2599786314391669
24944,NA,NA,NA,NA,0.6525206024927045,0.13111388967783136,0.17434350022046458,0.04202200760899955
24945,NA,NA,NA,NA,0.1821531417204864,0.11526579400798526,0.410193278556788,0.29238778571474033
24946,NA,NA,NA,NA,0.13642948664737806,0.38359074410265254,0.15268220095752943,0.32729756829244
24947,NA,NA,NA,NA,0.41850602212105686,0.1640807511341194,0.3261161057486838,0.09129712099613982
24948,NA,NA,NA,NA,0.6321601404138298,0.2030413094237295,0.07476446904330954,0.09003408111913104
24949,NA,NA,NA,NA,0.13295384043291428,0.5076218431406837,0.3068937470858836,0.05253056934051851
24950,NA,NA,NA,NA,0.12817691395783795,0.43049576058255046,0.16104069964740433,0.2802866258122072
24951,NA,NA,NA,NA,0.10374261888913434,0.3687460703471832,0.1412412576249615,0.3862700531387209
24952,NA,NA,NA,NA,0.42777079662762707,0.16293151144511475,0.27248198005444985,0.13681571187280842
24953,NA,NA,NA,NA,0.3831473237573843,0.11824862466001922,0.3139580667549222,0.1846459848276744
24954,NA,NA,NA,NA,0.24006769469903583,0.6001527654628194,0.06913969197134613,0.09063984786679863
24955,NA,NA,NA,NA,0.6909827607208214,0.15624710982248088,0.04049184376621474,0.11227828569048297
24956,NA,NA,NA,NA,0.24296554598518036,0.24917968292073786,0.3758592709543426,0.13199550013973918
24957,NA,NA,NA,NA,0.15954070280943985,0.5853654385068676,0.10166440520345824,0.15342945348023423
24958,NA,NA,NA,NA,0.07989260127623951,0.7237208232486734,0.12051682260343456,0.07586975287165257
24959,NA,NA,NA,NA,0.11201838541328847,0.4128527906093108,0.24969376358594986,0.2254350603914508
24960,NA,NA,NA,NA,0.2597510434917083,0.3184554413222927,0.1935808872793208,0.22821262790667826
24961,NA,NA,NA,NA,0.5304808203246258,0.2192147799210236,0.17100373171971037,0.07930066803464009
24962,NA,NA,NA,NA,0.045864176683223463,0.6039249979521948,0.14042638777732822,0.20978443758725357
24963,NA,NA,NA,NA,0.12722749568468578,0.48997250933445985,0.09668737881030472,0.2861126161705496
24964,NA,NA,NA,NA,0.07967687478413268,0.37487860235433407,0.38258503690655987,0.16285948595497335
24965,NA,NA,NA,NA,0.18504317116713628,0.6021173654088824,0.07143708900168594,0.1414023744222953
24966,NA,NA,NA,NA,0.1894109380112531,0.2683984965928025,0.47694122777692366,0.0652493376190207
24967,NA,NA,NA,NA,0.4431423518849617,0.05360342397305415,0.4412091808402266,0.06204504330175758
24968,NA,NA,NA,NA,0.1307140118662062,0.3964869389349906,0.3978253240090953,0.07497372518970791
24969,NA,NA,NA,NA,0.1467754150291088,0.5230703536737622,0.13434047547114703,0.19581375582598204
24970,NA,NA,NA,NA,0.4932171801437637,0.3082908597486436,0.11246186573684336,0.08603009437074939
24971,NA,NA,NA,NA,0.1777678679782939,0.6461352431425935,0.10832979923628192,0.06776708964283067
24972,NA,NA,NA,NA,0.1306985036107677,0.4867867822115454,0.13805665124161465,0.2444580629360722
24973,NA,NA,NA,NA,0.11506885750348704,0.6889131882615419,0.15080170842923799,0.0452162458057331
24974,NA,NA,NA,NA,0.21771305101513996,0.2846633614310939,0.4071567033617134,0.0904668841920527
24975,NA,NA,NA,NA,0.11793455979466505,0.4918027285415649,0.30893388578308734,0.0813288258806827
24976,NA,NA,NA,NA,0.2637948597752172,0.09383364671788946,0.5544704791436613,0.08790101436323203
24977,NA,NA,NA,NA,0.4455630471393924,0.31526545151411123,0.14072459030548215,0.09844691104101433
24978,NA,NA,NA,NA,0.3275173046481342,0.2967786755655309,0.2856134715872256,0.09009054819910918
24979,NA,NA,NA,NA,0.29652362985526176,0.4930493429609986,0.18088990052925352,0.029537126654486115
24980,NA,NA,NA,NA,0.06929314868676152,0.3243232995860733,0.5342136759187414,0.07216987580842377
24981,NA,NA,NA,NA,0.11308783302779724,0.11905572244963225,0.6062399166085383,0.16161652791403214
24982,NA,NA,NA,NA,0.2170614158180606,0.5310285907884887,0.2052497498302202,0.046660243563230445
24983,NA,NA,NA,NA,0.6421541800351475,0.2771781484826476,0.027273961064223286,0.053393710417981674
24984,NA,NA,NA,NA,0.06861633955004554,0.635888434378721,0.1595692280995546,0.13592599797167895
24985,NA,NA,NA,NA,0.09375254902010305,0.531980716832123,0.3298579874442422,0.04440874670353168
24986,NA,NA,NA,NA,0.38049526249171167,0.14242794061361175,0.17089297107210466,0.3061838258225718
24987,NA,NA,NA,NA,0.06547676084287639,0.5028619649840882,0.3612183392870971,0.07044293488593835
24988,NA,NA,NA,NA,0.14892514977959004,0.4237226619816719,0.1305456305070465,0.2968065577316915
24989,NA,NA,NA,NA,0.19377180133796887,0.5661381988569388,0.12686221850649204,0.11322778129860026
24990,NA,NA,NA,NA,0.04820634308819873,0.5011113955086027,0.30172656979488405,0.1489556916083144
24991,NA,NA,NA,NA,0.26054030068269945,0.08348265823117962,0.4517021695656251,0.2042748715204958
24992,NA,NA,NA,NA,0.09175648277855959,0.24544479121242477,0.5152863476285489,0.14751237838046688
24993,NA,NA,NA,NA,0.5705089955387932,0.1531141145113897,0.1364550700048135,0.1399218199450037
24994,NA,NA,NA,NA,0.33573868632864307,0.37854178440701547,0.17820104270270817,0.10751848656163322
24995,NA,NA,NA,NA,0.41389697594452596,0.3664206185655271,0.12102419528534777,0.09865821020459922
24996,NA,NA,NA,NA,0.23015619427475098,0.22832769307727205,0.1559946048456635,0.38552150780231353
24997,NA,NA,NA,NA,0.1746514451902902,0.5883140872892025,0.10716968624250513,0.12986478127800205
24998,NA,NA,NA,NA,0.3070230741118992,0.12486676119250083,0.3110569956128889,0.257053169082711
24999,NA,NA,NA,NA,0.18428386910055625,0.5179074924840069,0.06023780310328228,0.2375708353121547
25000,NA,NA,NA,NA,0.08390362689626478,0.2837645857108763,0.32386701526415634,0.30846477212870255
25001,NA,NA,NA,NA,0.15042077600597803,0.6510818151960833,0.05315615966189629,0.1453412491360422
25002,NA,NA,NA,NA,0.12874497842298277,0.1673542400218063,0.5231380066099107,0.1807627749453002
25003,NA,NA,NA,NA,0.24309475839817124,0.2959840328422498,0.3017858984617066,0.15913531029787237
25004,NA,NA,NA,NA,0.04182656517500037,0.08670005838621159,0.6775023837986307,0.19397099264015744
25005,NA,NA,NA,NA,0.06778826986652028,0.6120368297141937,0.18888227428197996,0.13129262613730613
25006,NA,NA,NA,NA,0.20378929991028596,0.19172330283737954,0.5316449293338318,0.07284246791850275
25007,NA,NA,NA,NA,0.273608834423072,0.46378730611955815,0.13181065933176714,0.13079320012560286
25008,NA,NA,NA,NA,0.020834950780974828,0.07591268154435463,0.7759347452616864,0.12731762241298414
25009,NA,NA,NA,NA,0.23666125795669246,0.04986805339601682,0.5703937583095199,0.143076930337771
25010,NA,NA,NA,NA,0.20223056180748789,0.06271532940993862,0.5885372829878509,0.14651682579472264
25011,NA,NA,NA,NA,0.06111682268526927,0.7370963390268453,0.11685257618099208,0.0849342621068933
25012,NA,NA,NA,NA,0.05001998245148367,0.485520567947941,0.2877993003757218,0.17666014922485335
25013,NA,NA,NA,NA,0.1044531658697261,0.1300312838257744,0.5957739254083372,0.1697416248961623
25014,NA,NA,NA,NA,0.06996660086573,0.09784767191858368,0.793008226670698,0.03917750054498816
25015,NA,NA,NA,NA,0.1814536612763441,0.337936009841408,0.3959647690415583,0.08464555984068972
25016,NA,NA,NA,NA,0.09317677310031912,0.45208236714578887,0.1513161611959917,0.30342469855790033
25017,NA,NA,NA,NA,0.013072575169658113,0.1287944292988883,0.7909874115177052,0.06714558401374834
25018,NA,NA,NA,NA,0.3571453275631422,0.38402300017352403,0.12431258184825804,0.13451909041507576
25019,NA,NA,NA,NA,0.24670204565517767,0.4793137836297886,0.16292381621050678,0.11106035450452695
25020,NA,NA,NA,NA,0.13310827878337378,0.19341688697388404,0.37915169356863215,0.29432314067411003
25021,NA,NA,NA,NA,0.09721747965627026,0.17123868649821083,0.5000553395151013,0.23148849433041757
25022,NA,NA,NA,NA,0.10932467809921073,0.198413927256583,0.4708846415379068,0.22137675310629945
25023,NA,NA,NA,NA,0.01799450067396668,0.2888521963387133,0.6499242283308143,0.04322907465650584
25024,NA,NA,NA,NA,0.6785433850785966,0.06291393862202471,0.10083371938341645,0.15770895691596232
25025,NA,NA,NA,NA,0.31241380304635197,0.20086195377771812,0.13268819980150579,0.3540360433744241
25026,NA,NA,NA,NA,0.45605074378462374,0.24752592203585957,0.1464954750170951,0.14992785916242168
25027,NA,NA,NA,NA,0.0681965056967603,0.20074956322513185,0.35919467606502076,0.37185925501308703
25028,NA,NA,NA,NA,0.7358750932557956,0.10113920651525649,0.06990854306705975,0.09307715716188822
25029,NA,NA,NA,NA,0.13425891286057898,0.14117697716442654,0.6095669323389645,0.11499717763602993
25030,NA,NA,NA,NA,0.08105482544213606,0.06723410253027615,0.5404411004684065,0.31126997155918124
25031,NA,NA,NA,NA,0.09132377781797976,0.08193398294845607,0.4013093622449484,0.42543287698861576
25032,NA,NA,NA,NA,0.05408997096602357,0.05444241992286807,0.7274810690591408,0.16398654005196756
25033,NA,NA,NA,NA,0.4046283556905124,0.1748939213326397,0.2671354135066517,0.15334230947019614
25034,NA,NA,NA,NA,0.31175285449853163,0.2960660048602365,0.12444559956889054,0.2677355410723413
25035,NA,NA,NA,NA,0.17257849009667617,0.23961308604869958,0.16760225355530375,0.42020617029932045
25036,NA,NA,NA,NA,0.0820123085716059,0.23367335740743386,0.18237436042044206,0.5019399736005182
25037,NA,NA,NA,NA,0.3380898089483185,0.4022516971823033,0.06463315238712344,0.19502534148225487
25038,NA,NA,NA,NA,0.33534344167444113,0.3113482152427662,0.1468169741801513,0.2064913689026414
25039,NA,NA,NA,NA,0.11078712341494823,0.39948547470647755,0.2637105452336832,0.2260168566448911
25040,NA,NA,NA,NA,0.09249327848769436,0.29324458701528827,0.47178881557205893,0.1424733189249585
25041,NA,NA,NA,NA,0.2137670668183146,0.5689429396005276,0.04793649534066642,0.16935349824049128
25042,NA,NA,NA,NA,0.07378480264537636,0.24350398656786995,0.34686835897958845,0.33584285180716533
25043,NA,NA,NA,NA,0.19380817010334495,0.4803898654292571,0.15575531914774124,0.17004664531965671
25044,NA,NA,NA,NA,0.4946600841724266,0.062374837321987786,0.3388350687184334,0.10413000978715234
25045,NA,NA,NA,NA,0.19041958740384102,0.2819164272833244,0.42226579261441916,0.10539819269841547
25046,NA,NA,NA,NA,0.16932866955569287,0.6725585934917453,0.03150683586301171,0.12660590108955003
25047,NA,NA,NA,NA,0.5518260293371688,0.08773928422500239,0.29015093763403393,0.07028374880379487
25048,NA,NA,NA,NA,0.08951230221146657,0.5649250358991237,0.2159544524857156,0.1296082094036941
25049,NA,NA,NA,NA,0.15833807479292533,0.38515682830069525,0.417253106160493,0.039251990745886485
25050,NA,NA,NA,NA,0.5093300230071379,0.34397839404077374,0.040887631061019544,0.10580395189106881
25051,NA,NA,NA,NA,0.1105199427669037,0.4567750800186681,0.32647277876637254,0.10623219844805572
25052,NA,NA,NA,NA,0.14019651944337636,0.6797163157903926,0.041962748470397236,0.13812441629583375
25053,NA,NA,NA,NA,0.3766045207636326,0.2502649170035211,0.17126358218324134,0.20186698004960493
25054,NA,NA,NA,NA,0.08531321972368963,0.5514421031356748,0.25139473054786043,0.11184994659277511
25055,NA,NA,NA,NA,0.24871497061706785,0.6001887159001473,0.04632597037020281,0.10477034311258204
25056,NA,NA,NA,NA,0.31805381850155817,0.16454283886401352,0.1626630353565922,0.35474030727783606
25057,NA,NA,NA,NA,0.3694354393180746,0.5093884909439329,0.051907374181957074,0.06926869555603543
25058,NA,NA,NA,NA,0.5718046029424434,0.31392732230817477,0.07842879377966729,0.035839280969714483
25059,NA,NA,NA,NA,0.674675480060388,0.07656806769659513,0.10939337852636392,0.13936307371665282
25060,NA,NA,NA,NA,0.2037898941339856,0.46451858741742613,0.22895369476462873,0.1027378236839595
25061,NA,NA,NA,NA,0.15105919471117366,0.4540656816686322,0.2563955641345457,0.13847955948564852
25062,NA,NA,NA,NA,0.2032482378496475,0.5350567358744625,0.04158426836490845,0.22011075791098164
25063,NA,NA,NA,NA,0.026011562549481382,0.39791045737175734,0.1921020049365616,0.38397597514219955
25064,NA,NA,NA,NA,0.2812780294096052,0.38933360074342943,0.048950277107493945,0.28043809273947146
25065,NA,NA,NA,NA,0.10895956316336038,0.5893598226455385,0.05895973452190046,0.2427208796692007
25066,NA,NA,NA,NA,0.16414984201163146,0.09874856916656737,0.32316253737384987,0.41393905144795134
25067,NA,NA,NA,NA,0.10426411737408864,0.09587953858390758,0.29823584679469606,0.5016204972473077
25068,NA,NA,NA,NA,0.08830883331139981,0.24723479432915427,0.22659910579852838,0.43785726656091756
25069,NA,NA,NA,NA,0.05763624158851422,0.35740230964406494,0.312532759428925,0.2724286893384959
25070,NA,NA,NA,NA,0.07537859128019558,0.1820374010227119,0.17163152832342857,0.570952479373664
25071,NA,NA,NA,NA,0.17947788604283027,0.5654444577262063,0.06556727109968513,0.18951038513127827
25072,NA,NA,NA,NA,0.09054763316384244,0.6476394948489829,0.06025943843771924,0.20155343354945537
25073,NA,NA,NA,NA,0.1553033632085416,0.44460868751902943,0.03572091183789514,0.36436703743453375
25074,NA,NA,NA,NA,0.14661958420576893,0.5449431981732007,0.1333004500850958,0.17513676753593455
25075,NA,NA,NA,NA,0.1627596608054317,0.09774708126423166,0.3271114649778115,0.41238179295252503
25076,NA,NA,NA,NA,0.07136855254868571,0.13226072617217002,0.2853638359087528,0.5110068853703915
25077,NA,NA,NA,NA,0.03868280241416653,0.26340412863579615,0.43882760087499834,0.259085468075039
25078,NA,NA,NA,NA,0.27885831052867405,0.0723729984988167,0.4013157030686312,0.24745298790387799
25079,NA,NA,NA,NA,0.11032244380116855,0.08522650510003033,0.5643864600225555,0.24006459107624556
25080,NA,NA,NA,NA,0.45701200134099956,0.10491921614293451,0.07225291580780951,0.3658158667082565
25081,NA,NA,NA,NA,0.3138329988327345,0.16778383721498338,0.36113349735445416,0.157249666597828
25082,NA,NA,NA,NA,0.045263024893211226,0.42012786567339055,0.4115841393791375,0.1230249700542607
25083,NA,NA,NA,NA,0.06392992055437159,0.46951158882215294,0.2704118495845968,0.19614664103887877
25084,NA,NA,NA,NA,0.36616739867743453,0.10292399727353964,0.48842969643750417,0.04247890761152173
25085,NA,NA,NA,NA,0.14966074923194023,0.38181948334694005,0.42738506404348886,0.04113470337763074
25086,NA,NA,NA,NA,0.7272461882590412,0.07490359543306505,0.09692257869611542,0.1009276376117782
25087,NA,NA,NA,NA,0.1358683269250832,0.4230733494830953,0.3906097296408491,0.0504485939509725
25088,NA,NA,NA,NA,0.5811260701993962,0.0927823223411772,0.2778512235610826,0.04824038389834403
25089,NA,NA,NA,NA,0.09037555402942257,0.03113693208875543,0.8301808739176456,0.048306639964176445
25090,NA,NA,NA,NA,0.3749536744778385,0.11090177936355534,0.43788383396309666,0.07626071219550959
25091,NA,NA,NA,NA,0.405342543490103,0.11971884328735943,0.3806003044749124,0.0943383087476252
25092,NA,NA,NA,NA,0.22964854465710016,0.21632531361571497,0.13789787649932703,0.4161282652278578
25093,NA,NA,NA,NA,0.48428281168937964,0.12828326223671657,0.2847294753378603,0.10270445073604349
25094,NA,NA,NA,NA,0.026464485014453778,0.055208216368926186,0.8660933510772788,0.05223394753934115
25095,NA,NA,NA,NA,0.07802513464603586,0.45380500176159266,0.4164618700529183,0.05170799353945321
25096,NA,NA,NA,NA,0.14977404254062948,0.3049028516256485,0.18695428402647213,0.3583688218072499
25097,NA,NA,NA,NA,0.025971189335594967,0.10611876467509612,0.7597773151815204,0.10813273080778858
25098,NA,NA,NA,NA,0.2560828117634943,0.13805502692317795,0.46129381069614467,0.144568350617183
25099,NA,NA,NA,NA,0.03366120633843391,0.1747947009417915,0.7088377678189621,0.08270632490081234
25100,NA,NA,NA,NA,0.08431965096390161,0.13349566689222991,0.7097745559327825,0.07241012621108599
25101,NA,NA,NA,NA,0.28124541259421176,0.20382454966210214,0.4724564713290779,0.04247356641460795
25102,NA,NA,NA,NA,0.2665056241102354,0.3380434639750329,0.16707706696377733,0.22837384495095436
25103,NA,NA,NA,NA,0.2987251621971155,0.48885596622455657,0.14799964045176664,0.06441923112656141
25104,NA,NA,NA,NA,0.25707987462042015,0.11464245652110337,0.5648725739968203,0.06340509486165623
25105,NA,NA,NA,NA,0.05693216190194362,0.3824762385345121,0.49348985659456646,0.0671017429689777
25106,NA,NA,NA,NA,0.21940359033371315,0.45288729689177193,0.2400988343671869,0.0876102784073281
25107,NA,NA,NA,NA,0.24592504663890197,0.3479314691636402,0.15090739576364293,0.2552360884338149
25108,NA,NA,NA,NA,0.06096100874522424,0.5223464165186846,0.35422838429969156,0.062464190436399676
25109,NA,NA,NA,NA,0.061855138815343415,0.5779873024231507,0.2967695204283992,0.06338803833310648
25110,NA,NA,NA,NA,0.20353506103903882,0.2926993669221134,0.20030963264126894,0.30345593939757887
25111,NA,NA,NA,NA,0.31770541152291243,0.14749995080921469,0.2656972163204616,0.2690974213474112
25112,NA,NA,NA,NA,0.15470141498693799,0.4596923796098072,0.2839251739551178,0.10168103144813702
25113,NA,NA,NA,NA,0.4617700269323498,0.3574207096758348,0.08697828104010495,0.09383098235171042
25114,NA,NA,NA,NA,0.3075527712683123,0.340788843685977,0.27861612730334656,0.07304225774236406
25115,NA,NA,NA,NA,0.07633298157736043,0.05449374271164978,0.7506304344354154,0.11854284127557442
25116,NA,NA,NA,NA,0.20442623452915415,0.575098081970518,0.10951340511241135,0.11096227838791636
25117,NA,NA,NA,NA,0.5263818895369718,0.19168213063105885,0.24173820809373625,0.040197771738232975
25118,NA,NA,NA,NA,0.5702669618824983,0.09155276674538666,0.19757146107434648,0.14060881029776873
25119,NA,NA,NA,NA,0.09638363763321073,0.20116321407268306,0.5929930035953108,0.10946014469879539
25120,NA,NA,NA,NA,0.47094804132256995,0.23490026332201674,0.07943780207773184,0.21471389327768162
25121,NA,NA,NA,NA,0.6483557322483867,0.10628307953091365,0.13379998569183454,0.11156120252886498
25122,NA,NA,NA,NA,0.671068277024483,0.1419937496520774,0.12117105743664325,0.06576691588679628
25123,NA,NA,NA,NA,0.5354258626412498,0.03646814302416263,0.36704598544763745,0.06106000888695006
25124,NA,NA,NA,NA,0.20743264447525725,0.1450521004264254,0.4998977246969668,0.14761753040135048
25125,NA,NA,NA,NA,0.7115836561888884,0.15874951186115724,0.05953823357477819,0.07012859837517602
25126,NA,NA,NA,NA,0.05485489693200395,0.4270359875768646,0.40138811042876754,0.11672100506236392
25127,NA,NA,NA,NA,0.328979457047122,0.2721345346441257,0.21400981498761634,0.18487619332113606
25128,NA,NA,NA,NA,0.3124876363404616,0.20348619878261995,0.17134678138960574,0.31267938348731267
25129,NA,NA,NA,NA,0.3375977459112019,0.15242599430972129,0.49354554857549027,0.016430711203586426
25130,NA,NA,NA,NA,0.3220254911743691,0.20919438781787042,0.17246807677663742,0.296312044231123
25131,NA,NA,NA,NA,0.3129995000119614,0.404077356892397,0.054967814546223355,0.22795532854941825
25132,NA,NA,NA,NA,0.41745856821265204,0.285334203455467,0.19700010543273225,0.10020712289914856
25133,NA,NA,NA,NA,0.8185410640233826,0.034714538711347984,0.08182122636653238,0.06492317089873717
25134,NA,NA,NA,NA,0.40726933929489,0.3275101986562652,0.09377033334086982,0.17145012870797488
25135,NA,NA,NA,NA,0.10947907812148083,0.6517545243735121,0.08802556219547707,0.1507408353095299
25136,NA,NA,NA,NA,0.26766584737677307,0.31571406958869713,0.36078614089867533,0.05583394213585438
25137,NA,NA,NA,NA,0.23056412681120403,0.492744987298083,0.11769613590353595,0.15899474998717697
25138,NA,NA,NA,NA,0.20431069989018247,0.33834750778073525,0.23865649087729496,0.21868530145178736
25139,NA,NA,NA,NA,0.18814663177053412,0.41687343552128686,0.21247027239791133,0.1825096603102676
25140,NA,NA,NA,NA,0.11600369510355982,0.09288116010196806,0.5701753886569356,0.22093975613753655
25141,NA,NA,NA,NA,0.34386069908534117,0.3898080776622237,0.16556747587880874,0.10076374737362633
25142,NA,NA,NA,NA,0.24985686007035107,0.3355778729472151,0.12630960583438863,0.2882556611480452
25143,NA,NA,NA,NA,0.12599518100416257,0.28873088949374376,0.25689361696558427,0.3283803125365095
25144,NA,NA,NA,NA,0.1909019350238947,0.3739753870254023,0.11684081696269259,0.31828186098801037
25145,NA,NA,NA,NA,0.35979187112715616,0.27508993325254744,0.09128005170590993,0.2738381439143865
25146,NA,NA,NA,NA,0.40955230467162207,0.4257698660849346,0.056494805504175176,0.10818302373926826
25147,NA,NA,NA,NA,0.1249333333907392,0.19811615832423501,0.4967660143748329,0.1801844939101929
25148,NA,NA,NA,NA,0.45327097961642693,0.2946914428012162,0.033039382930679234,0.2189981946516778
25149,NA,NA,NA,NA,0.07834167565653422,0.6541657009542395,0.16450404956478779,0.10298857382443842
25150,NA,NA,NA,NA,0.1832793802270673,0.12457085382310334,0.5200774132926049,0.17207235265722445
25151,NA,NA,NA,NA,0.06497509760782108,0.6416154220410378,0.11694163993696517,0.17646784041417582
25152,NA,NA,NA,NA,0.5402603758506873,0.12375764951343239,0.1143748224732217,0.2216071521626586
25153,NA,NA,NA,NA,0.44607830602436926,0.4703203938612106,0.04030884943050686,0.04329245068391331
25154,NA,NA,NA,NA,0.19000688239170077,0.15478156006083424,0.5214498868466998,0.13376167070076514
25155,NA,NA,NA,NA,0.06884290921488374,0.6509513270795234,0.0421049154948897,0.23810084821070313
25156,NA,NA,NA,NA,0.15260414193908306,0.6400022592486477,0.06434684849416902,0.1430467503181001
25157,NA,NA,NA,NA,0.06578443499382425,0.6621901185198602,0.11125504225894646,0.16077040422736918
25158,NA,NA,NA,NA,0.6263876657796567,0.2988792829262715,0.01689846874499619,0.05783458254907568
25159,NA,NA,NA,NA,0.17196108432031637,0.4706512934564968,0.15980095087606067,0.1975866713471262
25160,NA,NA,NA,NA,0.21704524404322634,0.20526542279312207,0.4531140430365691,0.12457529012708256
25161,NA,NA,NA,NA,0.3801348834338266,0.11830873655812732,0.2146811497101305,0.2868752302979155
25162,NA,NA,NA,NA,0.4980246880789345,0.08314884962790939,0.1551653875893202,0.26366107470383576
25163,NA,NA,NA,NA,0.16161079677148524,0.11892765782946278,0.5485444407393948,0.17091710465965723
25164,NA,NA,NA,NA,0.384243391635797,0.5084346701658259,0.028450027337641935,0.07887191086073518
25165,NA,NA,NA,NA,0.22162504680945627,0.1506246219495765,0.23301865458378865,0.3947316766571785
25166,NA,NA,NA,NA,0.2886453598494389,0.12992969106715002,0.3780988633951892,0.20332608568822202
25167,NA,NA,NA,NA,0.41207420148524326,0.454314894710951,0.03188654400478973,0.10172435979901596
25168,NA,NA,NA,NA,0.2855164084394221,0.3725228237241366,0.05969857157706243,0.282262196259379
25169,NA,NA,NA,NA,0.26668267441379184,0.33375743162968136,0.11135101407758739,0.28820887987893945
25170,NA,NA,NA,NA,0.5318275505826597,0.36709263769816497,0.02956522515486521,0.0715145865643102
25171,NA,NA,NA,NA,0.4888347965542798,0.2258162788503471,0.16058010166462594,0.12476882293074709
25172,NA,NA,NA,NA,0.15122998484622835,0.5069151612072244,0.23287739101784932,0.1089774629286981
25173,NA,NA,NA,NA,0.3857490421876943,0.13587621093507365,0.21551101123506586,0.2628637356421662
25174,NA,NA,NA,NA,0.38289146392370754,0.08889423149937828,0.4094076130082604,0.11880669156865387
25175,NA,NA,NA,NA,0.7719104485948243,0.05001705011601005,0.05434966899463982,0.12372283229452583
25176,NA,NA,NA,NA,0.04690837894914321,0.31028406330172714,0.5864807756684616,0.05632678208066805
25177,NA,NA,NA,NA,0.1935819998990343,0.20179207600079294,0.4976351395619836,0.10699078453818922
25178,NA,NA,NA,NA,0.3529960982310039,0.09586905954142604,0.4865244066559807,0.06461043557158944
25179,NA,NA,NA,NA,0.6945118748457987,0.1438110425380586,0.11764744295292778,0.04402963966321483
25180,NA,NA,NA,NA,0.3361456510134743,0.03813361633384627,0.5513681256191741,0.07435260703350521
25181,NA,NA,NA,NA,0.07201461298812666,0.02560882323004826,0.8633493165890791,0.039027247192745966
25182,NA,NA,NA,NA,0.3662176037028049,0.2636024524714549,0.2247443648146801,0.14543557901106005
25183,NA,NA,NA,NA,0.4193484218119995,0.171687189439478,0.33211375666310333,0.07685063208541913
25184,NA,NA,NA,NA,0.11943247818473653,0.29540998701151633,0.48990776368926764,0.09524977111447945
25185,NA,NA,NA,NA,0.29691791955286845,0.2949382772862569,0.31938220353243124,0.08876159962844335
25186,NA,NA,NA,NA,0.23324559225396177,0.686239953129685,0.0250330200804091,0.05548143453594418
25187,NA,NA,NA,NA,0.3358085463418953,0.31122377005420265,0.13780517007587625,0.21516251352802582
25188,NA,NA,NA,NA,0.22999008072405644,0.10645371532447528,0.5453060280170765,0.11825017593439174
25189,NA,NA,NA,NA,0.5346496738447314,0.1414901769821452,0.2677696672332093,0.0560904819399142
25190,NA,NA,NA,NA,0.48200719343396636,0.40608365634476923,0.04131398167232658,0.07059516854893787
25191,NA,NA,NA,NA,0.060301384005233105,0.7459354835702191,0.10580563902743349,0.08795749339711424
25192,NA,NA,NA,NA,0.1255780808948932,0.4381667206389153,0.3024984185280533,0.13375677993813817
25193,NA,NA,NA,NA,0.515804266847065,0.3176814605564822,0.07083740656035718,0.09567686603609554
25194,NA,NA,NA,NA,0.17626902431853028,0.38198575495873693,0.3720493514474852,0.06969586927524762
25195,NA,NA,NA,NA,0.12286684185603015,0.246433730281748,0.2706240243418683,0.3600754035203536
25196,NA,NA,NA,NA,0.057412604579204156,0.40448039353959936,0.18695189514098756,0.35115510674020894
25197,NA,NA,NA,NA,0.07233635619999101,0.6479047672783701,0.08551859636712171,0.19424028015451722
25198,NA,NA,NA,NA,0.18722788581962613,0.46084614974804744,0.052298171371978903,0.2996277930603476
25199,NA,NA,NA,NA,0.34926108395299976,0.14627776629512518,0.3272498833228939,0.17721126642898125
25200,NA,NA,NA,NA,0.11296330798620013,0.46775324475559527,0.0964275366327429,0.32285591062546154
25201,NA,NA,NA,NA,0.21575382095684745,0.15652482657903574,0.30443844532971953,0.3232829071343972
25202,NA,NA,NA,NA,0.36377797489318453,0.10202051813903647,0.28630408491709186,0.24789742205068713
25203,NA,NA,NA,NA,0.2464432032684304,0.5274758015991058,0.09381036888291538,0.1322706262495486
25204,NA,NA,NA,NA,0.05912507245809769,0.16131433184041813,0.34742600123443607,0.4321345944670481
25205,NA,NA,NA,NA,0.15826443007739974,0.3270897961613675,0.2563264937378916,0.2583192800233411
25206,NA,NA,NA,NA,0.18642618540244632,0.32188920825646034,0.3082473408560955,0.18343726548499786
25207,NA,NA,NA,NA,0.16655483030846233,0.19198803109843585,0.24927439798809475,0.39218274060500713
25208,NA,NA,NA,NA,0.3309284933646564,0.3021012457814084,0.18648487329427033,0.18048538755966498
25209,NA,NA,NA,NA,0.18824406664884996,0.09375628716224238,0.3762489737913827,0.3417506723975249
25210,NA,NA,NA,NA,0.07998390925642238,0.29790631528576866,0.42372158784363606,0.19838818761417282
25211,NA,NA,NA,NA,0.06777437741237881,0.43165724345687534,0.3095301377821501,0.19103824134859565
25212,NA,NA,NA,NA,0.3986936987760237,0.2979287872500353,0.09909929979717753,0.20427821417676342
25213,NA,NA,NA,NA,0.18616265981218985,0.23627988612210887,0.3482118573965676,0.22934559666913365
25214,NA,NA,NA,NA,0.15611523486422244,0.24927026845449118,0.38902335494566537,0.2055911417356209
25215,NA,NA,NA,NA,0.5442258240928302,0.13172443387179508,0.08192588571902922,0.2421238563163456
25216,NA,NA,NA,NA,0.43387432500819206,0.38275259139777396,0.06961254272930302,0.11376054086473085
25217,NA,NA,NA,NA,0.41145621978004115,0.46117692135720695,0.04660112813702865,0.0807657307257232
25218,NA,NA,NA,NA,0.33705324331899583,0.4587610247919312,0.04309112034010244,0.1610946115489705
25219,NA,NA,NA,NA,0.1426041826325581,0.6699029770463375,0.024729018186224496,0.16276382213488
25220,NA,NA,NA,NA,0.10597988365235779,0.0468222517394042,0.6532669871361015,0.1939308774721366
25221,NA,NA,NA,NA,0.21945452330658627,0.6071814673975696,0.09129524615964454,0.0820687631361995
25222,NA,NA,NA,NA,0.20301384895000427,0.3113792453389627,0.41766107662492885,0.06794582908610426
25223,NA,NA,NA,NA,0.1777706538413276,0.3630023598596018,0.17096335862502604,0.28826362767404456
25224,NA,NA,NA,NA,0.1266935496392131,0.5735949607534729,0.14466449736489306,0.15504699224242094
25225,NA,NA,NA,NA,0.48065112459299414,0.1019716899451104,0.2086877134341689,0.20868947202772664
25226,NA,NA,NA,NA,0.5709949767561673,0.22214812104113335,0.11042989323011397,0.09642700897258547
25227,NA,NA,NA,NA,0.10661605920228281,0.7261286584098924,0.055914777419362426,0.11134050496846226
25228,NA,NA,NA,NA,0.10281773019886131,0.08359522528172324,0.6236150943436096,0.18997195017580584
25229,NA,NA,NA,NA,0.056663883327750825,0.04918206872667361,0.7730875962947228,0.12106645165085277
25230,NA,NA,NA,NA,0.23167375334197576,0.10498161891508195,0.5437782029135232,0.11956642482941905
25231,NA,NA,NA,NA,0.054512467502925786,0.5206172142411372,0.23252383669788027,0.19234648155805686
25232,NA,NA,NA,NA,0.2311899564756169,0.5061024109629494,0.06606285805825206,0.19664477450318169
25233,NA,NA,NA,NA,0.043952729986055844,0.42310604493224296,0.48046073057257443,0.052480494509126646
25234,NA,NA,NA,NA,0.32713224046576583,0.125636324904781,0.5070378489478101,0.04019358568164308
25235,NA,NA,NA,NA,0.23652417537918632,0.07192148540370566,0.6327101314653346,0.05884420775177334
25236,NA,NA,NA,NA,0.6341099361240679,0.13130584684197363,0.16394205441614865,0.07064216261781
25237,NA,NA,NA,NA,0.5601488621544876,0.37306602339116074,0.03582276190040436,0.03096235255394731
25238,NA,NA,NA,NA,0.07246394626991295,0.1284332175169797,0.7340887505121377,0.06501408570096961
25239,NA,NA,NA,NA,0.3743615819689043,0.51652874086511,0.06243084473341505,0.04667883243257062
25240,NA,NA,NA,NA,0.08558526152361662,0.07170296055569822,0.7841164439834802,0.05859533393720504
25241,NA,NA,NA,NA,0.3100892043643558,0.1892028134094801,0.48638389740658083,0.014324084819583171
25242,NA,NA,NA,NA,0.07415579321500572,0.20925017514253644,0.6492369302942333,0.06735710134822445
25243,NA,NA,NA,NA,0.09548266241168843,0.5021269998744939,0.378947192299368,0.023443145414449636
25244,NA,NA,NA,NA,0.4686524960685675,0.4150515190952956,0.07249051375154203,0.043805471084594906
25245,NA,NA,NA,NA,0.3625394420631279,0.02804170950829837,0.5912295092503459,0.018189339178227768
25246,NA,NA,NA,NA,0.28656263383263675,0.44451182560438707,0.24645194424187256,0.022473596321103805
25247,NA,NA,NA,NA,0.3522830244481269,0.1673352146125494,0.420021644976836,0.0603601159624876
25248,NA,NA,NA,NA,0.279308346904347,0.24093489298639265,0.3695126374050816,0.11024412270417867
25249,NA,NA,NA,NA,0.1556257941669105,0.6577487101932857,0.14400387250063101,0.042621623139172664
25250,NA,NA,NA,NA,0.30791276684749885,0.3245705925468089,0.3371526834387174,0.030363957166974972
25251,NA,NA,NA,NA,0.27960772006747275,0.3979111673349444,0.24865827616531444,0.07382283643226842
25252,NA,NA,NA,NA,0.7844201573871298,0.10254744578609362,0.05785051823984302,0.05518187858693363
25253,NA,NA,NA,NA,0.12280103468950118,0.6975450429908827,0.07699661151279052,0.10265731080682557
25254,NA,NA,NA,NA,0.4109575611067821,0.3449856463879559,0.08113728789226336,0.16291950461299856
25255,NA,NA,NA,NA,0.45416290383489744,0.37278214180852814,0.06881191190988509,0.1042430424466892
25256,NA,NA,NA,NA,0.033606765717796486,0.8901686041386621,0.02608144262648141,0.05014318751705987
25257,NA,NA,NA,NA,0.20201816264521633,0.1452655215184189,0.5627924842508606,0.08992383158550418
25258,NA,NA,NA,NA,0.46878346058831954,0.2936494672157561,0.12042146373963428,0.11714560845629005
25259,NA,NA,NA,NA,0.18782391737373202,0.6525123832956613,0.11967680718345534,0.03998689214715142
25260,NA,NA,NA,NA,0.05661140340216125,0.5926000962409582,0.24760448770563023,0.10318401265125039
25261,NA,NA,NA,NA,0.5563440313296077,0.23358614109486603,0.17260805085269657,0.037461776722829666
25262,NA,NA,NA,NA,0.31222397725759166,0.47094960901889166,0.0832733085791636,0.13355310514435312
25263,NA,NA,NA,NA,0.4306552440538438,0.223288656877381,0.282088499354193,0.06396759971458207
25264,NA,NA,NA,NA,0.08746533151922524,0.3634146362779746,0.4181333288024737,0.13098670340032648
25265,NA,NA,NA,NA,0.7874721911754446,0.126344229461336,0.04472709287253259,0.04145648649068669
25266,NA,NA,NA,NA,0.07138084270064934,0.6841588321642802,0.18254524495501465,0.06191508018005577
25267,NA,NA,NA,NA,0.1215904112224963,0.2088593951299131,0.6088107627457391,0.060739430901851535
25268,NA,NA,NA,NA,0.06928229063875173,0.4143678737986895,0.48131721996638666,0.03503261559617204
25269,NA,NA,NA,NA,0.3002371688709629,0.36635619763159133,0.13238636364989248,0.20102026984755322
25270,NA,NA,NA,NA,0.41810024891715064,0.3356930742211976,0.17414484930734597,0.07206182755430575
25271,NA,NA,NA,NA,0.02465643725807376,0.23514082963858235,0.6820308794357758,0.058171853667568135
25272,NA,NA,NA,NA,0.2624815074614387,0.4316881166254724,0.20610417380877957,0.09972620210430919
25273,NA,NA,NA,NA,0.277174939967606,0.34885494765082803,0.21686035593649283,0.15710975644507322
25274,NA,NA,NA,NA,0.2310845294809587,0.3264557322657237,0.28969446612278643,0.15276527213053123
25275,NA,NA,NA,NA,0.6507526596311188,0.2398018706175645,0.03984110787012129,0.06960436188119545
25276,NA,NA,NA,NA,0.3430605383807333,0.46674382432736133,0.10300514892013105,0.08719048837177433
25277,NA,NA,NA,NA,0.12215492444694127,0.07949738747628017,0.6268141963236293,0.17153349175314922
25278,NA,NA,NA,NA,0.3121745947713769,0.5143453285866265,0.09551277946253438,0.07796729717946217
25279,NA,NA,NA,NA,0.6671504047261544,0.15983170500863592,0.03933841260522607,0.13367947765998361
25280,NA,NA,NA,NA,0.14139812667703963,0.212650477717721,0.5879143554685987,0.058037040136640704
25281,NA,NA,NA,NA,0.36988474994957365,0.07350486718846849,0.4772059520926814,0.07940443076927643
25282,NA,NA,NA,NA,0.7396182444826516,0.05803432397915735,0.08845398617730332,0.11389344536088777
25283,NA,NA,NA,NA,0.26101947322962565,0.1366535384084151,0.44716819872741953,0.15515878963453972
25284,NA,NA,NA,NA,0.24099216208502278,0.6433838649348902,0.058831651473320166,0.05679232150676678
25285,NA,NA,NA,NA,0.4007321409907502,0.3059112254135707,0.20714995412294623,0.0862066794727329
25286,NA,NA,NA,NA,0.6879003625047181,0.13710079728239633,0.06664218907025991,0.10835665114262584
25287,NA,NA,NA,NA,0.160013324307413,0.6234871276461115,0.13209895224656762,0.08440059579990788
25288,NA,NA,NA,NA,0.1968154027306675,0.1611202551569835,0.30745044496051316,0.33461389715183587
25289,NA,NA,NA,NA,0.08554771952908506,0.5781331855975541,0.20660212769043895,0.12971696718292183
25290,NA,NA,NA,NA,0.24018412101296294,0.5517450302640559,0.11505987334245216,0.09301097538052899
25291,NA,NA,NA,NA,0.6807084077976703,0.13701471352587372,0.05580580949101299,0.1264710691854431
25292,NA,NA,NA,NA,0.24228026344492576,0.14154313632674073,0.3685053106071585,0.24767128962117504
25293,NA,NA,NA,NA,0.10659192538596285,0.3524405135028836,0.3046368325073142,0.2363307286038395
25294,NA,NA,NA,NA,0.27002591287173955,0.44208766142701317,0.10568927006158092,0.18219715563966643
25295,NA,NA,NA,NA,0.139738381435947,0.17250747091979982,0.475052233222961,0.2127019144212921
25296,NA,NA,NA,NA,0.1915708924615471,0.643536435729103,0.06741382252306029,0.09747884928628955
25297,NA,NA,NA,NA,0.1028564521437875,0.5805918501177735,0.14518650409233155,0.17136519364610733
25298,NA,NA,NA,NA,0.8400320451134276,0.056968903036782204,0.022529007382372207,0.08047004446741804
25299,NA,NA,NA,NA,0.475294455695319,0.11178522236441597,0.36080887469788686,0.05211144724237829
25300,NA,NA,NA,NA,0.4873215669559996,0.3881109080014945,0.04745799255916599,0.07710953248333989
25301,NA,NA,NA,NA,0.5566790243950995,0.061742376201528504,0.21898710326088525,0.16259149614248677
25302,NA,NA,NA,NA,0.7234388778118813,0.08192165253512336,0.11528575783511252,0.0793537118178828
25303,NA,NA,NA,NA,0.08195574036832037,0.5253514568574585,0.2551277046905835,0.1375650980836375
25304,NA,NA,NA,NA,0.0874561401417984,0.10574008944154484,0.7159890751688993,0.09081469524775734
25305,NA,NA,NA,NA,0.8076005707754783,0.044332352867493756,0.0911530220288778,0.05691405432815034
25306,NA,NA,NA,NA,0.3204515560999055,0.39439148124846596,0.09732603038568197,0.18783093226594666
25307,NA,NA,NA,NA,0.14976696562788402,0.5282488917034646,0.10189676339277363,0.2200873792758778
25308,NA,NA,NA,NA,0.1987984149938636,0.6240093992735264,0.09488613919591629,0.08230604653669372
25309,NA,NA,NA,NA,0.3172271640476976,0.1451834244000248,0.24982129767231842,0.28776811387995926
25310,NA,NA,NA,NA,0.6132572103271091,0.24229284230235285,0.04421075954071223,0.10023918782982577
25311,NA,NA,NA,NA,0.3368568469841888,0.17325291102097282,0.43173065727207416,0.05815958472276413
25312,NA,NA,NA,NA,0.20199018587829018,0.03270820940954248,0.6783670629129741,0.0869345417991933
25313,NA,NA,NA,NA,0.4527948273145089,0.11799126417764344,0.3332054492254937,0.09600845928235391
25314,NA,NA,NA,NA,0.6629994207008018,0.10341623275367554,0.07392737658832191,0.15965696995720072
25315,NA,NA,NA,NA,0.69443095154041945,0.07455751806527736,0.19135371054204228,0.039657819852261064
25316,NA,NA,NA,NA,0.48135604528064996,0.21774934113545033,0.10949694411252739,0.19139766947137238
25317,NA,NA,NA,NA,0.14956216955998355,0.36541717307937166,0.3695386373861394,0.11548201997450548
25318,NA,NA,NA,NA,0.6772943582552629,0.1258611250083238,0.10096099008882752,0.09588352664758575
25319,NA,NA,NA,NA,0.22894666152034293,0.6086366507595866,0.07852149056197454,0.08389519715809594
25320,NA,NA,NA,NA,0.1674606419905359,0.10533024546942357,0.6590528633868159,0.06815624915322471
25321,NA,NA,NA,NA,0.07057291714536772,0.032681517430677445,0.8335235985291688,0.06322196689478604
25322,NA,NA,NA,NA,0.49454559970304507,0.03433158612236783,0.4310146067272103,0.040108207447376774
25323,NA,NA,NA,NA,0.3111096924075801,0.05600332224880554,0.5869032590716126,0.04598372627200175
25324,NA,NA,NA,NA,0.3348218671930105,0.49839925198018353,0.07708332472690423,0.08969555609990168
25325,NA,NA,NA,NA,0.4211111054989605,0.3686831305086805,0.09660712878157936,0.11359863521077945
25326,NA,NA,NA,NA,0.2580484438841173,0.07594300733264478,0.5037710610775418,0.16223748770569613
25327,NA,NA,NA,NA,0.11888605290099696,0.3490997096373994,0.36037819008564326,0.17163604737596044
25328,NA,NA,NA,NA,0.08747910695434939,0.08975236709723763,0.6462685690356856,0.17649995691272724
25329,NA,NA,NA,NA,0.21903269735867706,0.1273267982134376,0.12946245666336592,0.5241780477645195
25330,NA,NA,NA,NA,0.050446458883417596,0.17555782013022025,0.5598014378922465,0.21419428309411567
25331,NA,NA,NA,NA,0.14977885902028323,0.38231522185700917,0.060077432920346424,0.4078284862023612
25332,NA,NA,NA,NA,0.2859499953183202,0.28086955779553185,0.10783155949227427,0.32534888739387374
25333,NA,NA,NA,NA,0.20879722567576098,0.28024767492945485,0.16886874609970265,0.34208635329508147
25334,NA,NA,NA,NA,0.2977613482844128,0.42172279302085225,0.05851412709024011,0.22200173160449482
25335,NA,NA,NA,NA,0.059696650064840796,0.3938138739873578,0.2550885968781078,0.2914008790696938
25336,NA,NA,NA,NA,0.04610474041478021,0.28382572517435595,0.4421717628173611,0.22789777159350272
25337,NA,NA,NA,NA,0.1203878502466962,0.07562091190676527,0.3697443678272495,0.43424687001928913
25338,NA,NA,NA,NA,0.10170708865914069,0.1635430051727479,0.5094276001225991,0.22532230604551226
25339,NA,NA,NA,NA,0.27802509073641557,0.04744911976232393,0.5035660088649719,0.17095978063628858
25340,NA,NA,NA,NA,0.10801156804869347,0.5916198083691777,0.10061817248198002,0.19975045110014872
25341,NA,NA,NA,NA,0.040690474679557255,0.5882903482473606,0.09032595100214344,0.2806932260709388
25342,NA,NA,NA,NA,0.04324798120545927,0.3056209687547478,0.5236560509765661,0.1274749990632268
25343,NA,NA,NA,NA,0.19004797107660767,0.4218227671139892,0.2703619679026667,0.1177672939067364
25344,NA,NA,NA,NA,0.20305621151878167,0.1587778123043811,0.49792665982317025,0.14023931635366702
25345,NA,NA,NA,NA,0.08100529809301357,0.3035837083917687,0.4298819956936666,0.18552899782155124
25346,NA,NA,NA,NA,0.31915319296313543,0.11644752110884028,0.1773907164087964,0.3870085695192279
25347,NA,NA,NA,NA,0.35067493943055006,0.42366207008244505,0.08620787185388047,0.13945511863312438
25348,NA,NA,NA,NA,0.3114001620586264,0.15162906299079482,0.13007022076284483,0.40690055418773396
25349,NA,NA,NA,NA,0.06890631857720844,0.1697555040846979,0.6042507859826936,0.15708739135540023
25350,NA,NA,NA,NA,0.4642622027421499,0.2353032860713676,0.09401403416743177,0.20642047701905072
25351,NA,NA,NA,NA,0.13289295356509725,0.17006574227275909,0.43761171614061156,0.25942958802153215
25352,NA,NA,NA,NA,0.28287820776274425,0.21744104858246946,0.14574056066887023,0.35394018298591606
25353,NA,NA,NA,NA,0.1908271901469497,0.1605641869243039,0.2585836325782107,0.3900249903505357
25354,NA,NA,NA,NA,0.521276372453379,0.054878372296213146,0.33682256435060776,0.08702269089980018
25355,NA,NA,NA,NA,0.14174363139082474,0.34662467732644625,0.11413712638750834,0.3974945648952206
25356,NA,NA,NA,NA,0.12065707873050284,0.24168673676880514,0.10082488411953368,0.5368313003811583
25357,NA,NA,NA,NA,0.12035487069085854,0.33131039525908546,0.44731327134690185,0.10102146270315424
25358,NA,NA,NA,NA,0.43773450834514005,0.1500780507205051,0.27483794334522554,0.13734949758912937
25359,NA,NA,NA,NA,0.4014927070446262,0.08257479286262966,0.4293797546046993,0.08655274548804483
25360,NA,NA,NA,NA,0.10141497635913224,0.17686102877227336,0.5138138702082692,0.2079101246603253
25361,NA,NA,NA,NA,0.3452718086636092,0.078457850888301,0.4307995845330948,0.1454707559149951
25362,NA,NA,NA,NA,0.06722277703274897,0.11263537716790199,0.5005212205578642,0.31962062524148493
25363,NA,NA,NA,NA,0.1295196506453132,0.13550518370729733,0.37665593166600325,0.3583192339813862
25364,NA,NA,NA,NA,0.07508012314498123,0.13525616370046728,0.5485447635375619,0.24111894961698965
25365,NA,NA,NA,NA,0.4259832542851678,0.0847944665049701,0.1812878182442484,0.30793446096561367
25366,NA,NA,NA,NA,0.1570356563601287,0.3244834738245107,0.4892438246898307,0.029237045125529937
25367,NA,NA,NA,NA,0.13363563659469946,0.5605669859467145,0.28756406873614737,0.018233308722438685
25368,NA,NA,NA,NA,0.6868764267735835,0.274597972958169,0.030583250087413576,0.007942350180833953
25369,NA,NA,NA,NA,0.25709952248293333,0.05624981443884607,0.6794766750747685,0.007173988003452167
25370,NA,NA,NA,NA,0.3165358712287436,0.30167528064535276,0.3598023494225837,0.0219864987033199
25371,NA,NA,NA,NA,0.27438256968608293,0.47068916258968757,0.23900056804875558,0.015927699675473795
25372,NA,NA,NA,NA,0.22593049469239743,0.011229039074510207,0.7582710135535375,0.004569452679554763
25373,NA,NA,NA,NA,0.05573216939417326,0.4730421577537423,0.4572191682664182,0.014006504585666164
25374,NA,NA,NA,NA,0.12280430039999957,0.046347860787861225,0.8255459408828432,0.005301897929295962
25375,NA,NA,NA,NA,0.08320642227330345,0.449913015527145,0.4555545414178885,0.011326020781663096
25376,NA,NA,NA,NA,0.3668035647827557,0.15989847250631956,0.4542944087532649,0.019003553957659784
25377,NA,NA,NA,NA,0.3233103543685996,0.3973043230360632,0.2614285094012043,0.017956813194132847
25378,NA,NA,NA,NA,0.5057877564724955,0.06501644094018676,0.42039183804436264,0.008803964542955135
25379,NA,NA,NA,NA,0.22817736045102627,0.6619368831754538,0.09682211867796098,0.013063637695558891
25380,NA,NA,NA,NA,0.18730275155558826,0.4331753086488936,0.36743228273045336,0.01208965706506483
25381,NA,NA,NA,NA,0.47123996562755177,0.13449263925224456,0.3628925349163281,0.03137486020387554
25382,NA,NA,NA,NA,0.6471307715251206,0.17339222500872437,0.1638571913277573,0.015619812138397783
25383,NA,NA,NA,NA,0.05706148418783557,0.29584270998133294,0.6381439431332238,0.008951862697607777
25384,NA,NA,NA,NA,0.20189703241492693,0.07209658089260189,0.7102526888050696,0.01575369788740152
25385,NA,NA,NA,NA,0.046607322126348126,0.20741284088856557,0.576851257932651,0.16912857905243522
25386,NA,NA,NA,NA,0.1945885151008916,0.13989141685776976,0.12936682936063457,0.5361532386807042
25387,NA,NA,NA,NA,0.12275736103239941,0.19118108249299873,0.1889883603525199,0.4970731961220819
25388,NA,NA,NA,NA,0.03530925005802979,0.1352568317496838,0.6663417116378472,0.16309220655443918
25389,NA,NA,NA,NA,0.15483072639846107,0.6143278790820882,0.05756319883414883,0.17327819568530198
25390,NA,NA,NA,NA,0.031233962722290613,0.12642667573913652,0.673190922310253,0.16914843922831985
25391,NA,NA,NA,NA,0.10679002717010803,0.2151165033495116,0.3884593234342153,0.28963414604616505
25392,NA,NA,NA,NA,0.10373248303301287,0.057820587860153226,0.5991405941326426,0.23930633497419138
25393,NA,NA,NA,NA,0.09721776375987164,0.5986127520493775,0.16220212010173188,0.14196736408901903
25394,NA,NA,NA,NA,0.011720091428404847,0.24833542301768882,0.688748730234754,0.05119575531915237
25395,NA,NA,NA,NA,0.042335498668068634,0.2526493542145406,0.3722038735227695,0.3328112735946212
25396,NA,NA,NA,NA,0.13519648570082876,0.5908131059688173,0.14601368916423793,0.12797671916611597
25397,NA,NA,NA,NA,0.10727253640119949,0.09531299880168155,0.6283434279690908,0.1690710368280282
25398,NA,NA,NA,NA,0.14776452541367976,0.13675191403647402,0.3757907640295367,0.33969279652030937
25399,NA,NA,NA,NA,0.08970406593056944,0.3722159260242479,0.2502922673643382,0.2877877406808445
25400,NA,NA,NA,NA,0.0791008639484515,0.4260245096934433,0.26730142501907656,0.22757320133902859
25401,NA,NA,NA,NA,0.12871647368013583,0.18220972114986733,0.30669358032696337,0.3823802248430335
25402,NA,NA,NA,NA,0.29279331406490505,0.16550232940400245,0.20450683215004795,0.33719752438104456
25403,NA,NA,NA,NA,0.053044534494712255,0.3588970477607532,0.4636486858186032,0.12440973192593142
25404,NA,NA,NA,NA,0.29140322668380075,0.18208487300826726,0.14140354422690948,0.3851083560810224
25405,NA,NA,NA,NA,0.39686830669084416,0.09879035556711165,0.2340566981514253,0.2702846395906189
25406,NA,NA,NA,NA,0.060584033866971206,0.3083521218532934,0.17396695472135076,0.4570968895583845
25407,NA,NA,NA,NA,0.09714624400578592,0.06930493726821488,0.5438335286364144,0.2897152900895848
25408,NA,NA,NA,NA,0.12383984664465131,0.39845524891465073,0.09853077289947593,0.379174131541222
25409,NA,NA,NA,NA,0.13213880974656708,0.08540911463036022,0.6275996007868218,0.1548524748362509
25410,NA,NA,NA,NA,0.014138652447175392,0.16962929029875434,0.60390309318443125,0.21232896406963903
25411,NA,NA,NA,NA,0.07190963270651057,0.11546141622422318,0.1866877415249363,0.6259412095443299
25412,NA,NA,NA,NA,0.4793036057415406,0.0937688300386656,0.12138944968942308,0.30553811453037083
25413,NA,NA,NA,NA,0.4449690425588075,0.15796050712046428,0.2262968296273738,0.1707736206933544
25414,NA,NA,NA,NA,0.03536266230001522,0.02971696795167066,0.7572910258660589,0.1776293438822552
25415,NA,NA,NA,NA,0.03835030191318865,0.20000476208161255,0.4535590014239072,0.3080859345812915
25416,NA,NA,NA,NA,0.09788175850907707,0.23737155320787603,0.38272881110465434,0.2820178771783925
25417,NA,NA,NA,NA,0.016958172599661158,0.12662636963904542,0.6828051968714621,0.17361026088983122
25418,NA,NA,NA,NA,0.029568620283350132,0.4482680115799762,0.13533939756191712,0.38682397057475665
25419,NA,NA,NA,NA,0.077384382524104,0.3530669809533818,0.4229939931377139,0.1465546433848003
25420,NA,NA,NA,NA,0.05137099846144622,0.31024283807031106,0.3142150684168195,0.3241710950514232
25421,NA,NA,NA,NA,0.23360857455502057,0.2445252399797356,0.4285947725785469,0.09327141288669696
25422,NA,NA,NA,NA,0.19254407364320064,0.0944936224861108,0.09546336308330484,0.6174989407873837
25423,NA,NA,NA,NA,0.4824835077772388,0.059633294163838654,0.25252050362421025,0.20536269443471242
25424,NA,NA,NA,NA,0.1495698525780004,0.2230796457454102,0.42454853857691477,0.20280196309967458
25425,NA,NA,NA,NA,0.188114479108845,0.15038912353909215,0.4207767175054156,0.24071967984664716
25426,NA,NA,NA,NA,0.24745893829092921,0.5535721846118324,0.05996590762871378,0.13900296946852458
25427,NA,NA,NA,NA,0.04761763786261159,0.270420703865622,0.4493468033008626,0.2326148549709038
25428,NA,NA,NA,NA,0.16305325919745262,0.15103077190990286,0.31108015664409977,0.37483581224854484
25429,NA,NA,NA,NA,0.3765593983561325,0.1058771235087622,0.2900987611360352,0.22746471699907003
25430,NA,NA,NA,NA,0.3845541589559745,0.09532050857744742,0.37469788660828685,0.14542744585829104
25431,NA,NA,NA,NA,0.07015052625126264,0.4979071666372567,0.2968955207943461,0.1350467863171345
25432,NA,NA,NA,NA,0.19295613902019543,0.2101760183701948,0.2406455609651421,0.3562222816444677
25433,NA,NA,NA,NA,0.07457298256177958,0.15953848554922237,0.4196797891448212,0.34620874274417696
25434,NA,NA,NA,NA,0.18779175296122513,0.21179791110966803,0.435564022565718,0.16484631336338876
25435,NA,NA,NA,NA,0.2629058866341579,0.4579165778010001,0.18430849908654287,0.09486903647829907
25436,NA,NA,NA,NA,0.12163271655258197,0.5257899062538562,0.1062210300355194,0.24635634715804244
25437,NA,NA,NA,NA,0.39473537273993775,0.391958367424993,0.11940302854821665,0.09390323128685257
25438,NA,NA,NA,NA,0.25277051494518993,0.15556204838078533,0.4447647857430944,0.14690265093093038
25439,NA,NA,NA,NA,0.1583469256160377,0.12584515782199585,0.5046639956658076,0.21114392089615894
25440,NA,NA,NA,NA,0.04634023039973363,0.0917273107395106,0.533727304419275,0.32820515444148085
25441,NA,NA,NA,NA,0.3475624822165228,0.2989810766933323,0.20734532738468517,0.1461111137054596
25442,NA,NA,NA,NA,0.07238805617809117,0.06897413598801723,0.7047329108252723,0.15390489700861923
25443,NA,NA,NA,NA,0.5381706818244079,0.2383286658468546,0.11098255960586223,0.11251809272287544
25444,NA,NA,NA,NA,0.11764646806526786,0.21011424567552978,0.4177606220020021,0.25447866425720034
25445,NA,NA,NA,NA,0.2228513230515712,0.5684075403520161,0.1505408435135844,0.058200293082828106
25446,NA,NA,NA,NA,0.6685311158021955,0.11699275358026376,0.09039639293479712,0.12407973768274361
25447,NA,NA,NA,NA,0.18364425529964515,0.37957092894324856,0.16417596633728926,0.27260884941981717
25448,NA,NA,NA,NA,0.4772251380331363,0.32322545030932154,0.08822504576727734,0.11132436589026481
25449,NA,NA,NA,NA,0.18814841033521837,0.5225614084643231,0.10666719349712843,0.18262298770333005
25450,NA,NA,NA,NA,0.6365139703230772,0.13643434362920553,0.16590162930640426,0.06115005674131314
25451,NA,NA,NA,NA,0.5975529886955291,0.2499701981970716,0.1075917085084962,0.044885104598903096
25452,NA,NA,NA,NA,0.7235182087302502,0.11000708473961177,0.04802531539934768,0.11844939113079031
25453,NA,NA,NA,NA,0.21049502260877118,0.17074740237991914,0.21484335013576067,0.40391422487554896
25454,NA,NA,NA,NA,0.4549138780289822,0.11485513979898462,0.37299278076735587,0.05723820140467741
25455,NA,NA,NA,NA,0.5255173571202968,0.13865614922224156,0.14776272368955373,0.18806376996790788
25456,NA,NA,NA,NA,0.25462907635238474,0.2447191785433009,0.27442505500583675,0.22622669009847757
25457,NA,NA,NA,NA,0.24831497492707924,0.16182722526449286,0.5158590800166206,0.0739987197918073
25458,NA,NA,NA,NA,0.5100250989145199,0.15503369493567312,0.21436539078264832,0.1205758153671586
25459,NA,NA,NA,NA,0.7765465743786379,0.04710610485296584,0.11915094452691986,0.05719637624147628
25460,NA,NA,NA,NA,0.23582396851541948,0.21653768233929982,0.47342211536191714,0.07421623378336359
25461,NA,NA,NA,NA,0.06365884531146593,0.15799416196466545,0.290623110220187,0.48772388250368154
25462,NA,NA,NA,NA,0.10514827580674892,0.4509232249327989,0.07273279847884795,0.37119570078160424
25463,NA,NA,NA,NA,0.3161276273870945,0.12574637715713868,0.21540460322234625,0.34272139223342063
25464,NA,NA,NA,NA,0.03432770198842381,0.4629551235811385,0.2357311581925633,0.26698601623787444
25465,NA,NA,NA,NA,0.4563795841721624,0.30248157213698756,0.09020603953961676,0.15093280415123322
25466,NA,NA,NA,NA,0.08111733331239109,0.23128949464556378,0.5554730758039875,0.13212009623805757
25467,NA,NA,NA,NA,0.1867206661369986,0.2667802793325157,0.14422582334090855,0.4022732311895773
25468,NA,NA,NA,NA,0.13604771222005038,0.48931469164049984,0.1768375970885542,0.19779999905089557
25469,NA,NA,NA,NA,0.17395132425197948,0.4989114301364849,0.07056906665183957,0.256568178959696
25470,NA,NA,NA,NA,0.18086679362876132,0.3177906691647594,0.3685588850569924,0.13278365214948687
25471,NA,NA,NA,NA,0.0631965013829207,0.40508080084571035,0.06328557978247612,0.4684371179888928
25472,NA,NA,NA,NA,0.20663617125166744,0.24243173177657384,0.25787986046650424,0.29305223650525447
25473,NA,NA,NA,NA,0.252955243305948,0.273629219040659,0.31510365552130604,0.15831188213208694
25474,NA,NA,NA,NA,0.13518578191655264,0.5644766679087853,0.06306763381056306,0.23726991636409903
25475,NA,NA,NA,NA,0.10506190218545114,0.4856029028632152,0.16840968505522244,0.24092550989611136
25476,NA,NA,NA,NA,0.18792491540654965,0.49767627247881213,0.050521672429486214,0.2638771396851521
25477,NA,NA,NA,NA,0.14729616443016857,0.2507296702288654,0.25085771088520675,0.3511164544557593
25478,NA,NA,NA,NA,0.11232996094316018,0.39453094282144097,0.06707649737407728,0.4260625988613217
25479,NA,NA,NA,NA,0.031536477596145515,0.040743732345964935,0.7550334292990627,0.1726863607588269
25480,NA,NA,NA,NA,0.13454300281474868,0.16593929639543203,0.3772337496656534,0.3222839511241659
25481,NA,NA,NA,NA,0.13312744824884762,0.6961453331759949,0.06427244069795462,0.10645477787720284
25482,NA,NA,NA,NA,0.36236745507128404,0.28829347617638107,0.2586936093966953,0.09064545935563958
25483,NA,NA,NA,NA,0.30144328893119804,0.4169962318495342,0.23458206909822982,0.04697841012103795
25484,NA,NA,NA,NA,0.3578964633385952,0.11510443445478646,0.248988216100211,0.2780108861064074
25485,NA,NA,NA,NA,0.44422810587200545,0.22790852146897614,0.24391330655726218,0.08395006610175627
25486,NA,NA,NA,NA,0.2571112774788305,0.3416595995880977,0.2696801292090225,0.13154899372404935
25487,NA,NA,NA,NA,0.48904462491616435,0.1589544951213974,0.16899194271446685,0.18300893724797157
25488,NA,NA,NA,NA,0.3968887056243588,0.1692203415054257,0.2345118204339181,0.19937913243629746
25489,NA,NA,NA,NA,0.284280295911501,0.3960206835205679,0.19069531745831186,0.1290037031096191
25490,NA,NA,NA,NA,0.1133134494612246,0.10488737947879642,0.7333388544820305,0.04846031657794841
25491,NA,NA,NA,NA,0.15699809803153614,0.39070387692456837,0.19610389070505416,0.2561941343388413
25492,NA,NA,NA,NA,0.4365587581706597,0.3088877323086582,0.17636535061462327,0.07818815890605864
25493,NA,NA,NA,NA,0.15800294365794282,0.228568013013481,0.28914953726101217,0.3242795060675641
25494,NA,NA,NA,NA,0.5763860180770869,0.25929710835454683,0.05115155207635099,0.11316532149201537
25495,NA,NA,NA,NA,0.32126103596378136,0.1519317338950921,0.445396794675322,0.08141043546580452
25496,NA,NA,NA,NA,0.07422167546830767,0.23731363956466053,0.518735933138799,0.1697287518282329
25497,NA,NA,NA,NA,0.06132372443317264,0.07880067530884317,0.7470629293258777,0.11281267093210638
25498,NA,NA,NA,NA,0.7108079073938269,0.08890996292597028,0.07094914384440562,0.1293329858357972
25499,NA,NA,NA,NA,0.06260107397515,0.16799440198780846,0.6535993285601891,0.11580519547685243
25500,NA,NA,NA,NA,0.6900741325428615,0.0393889925130923,0.16809503262423411,0.10244184231981204
25501,NA,NA,NA,NA,0.2597328497764067,0.39683797766981577,0.17839659624297485,0.16503257631080256
25502,NA,NA,NA,NA,0.3539484804276424,0.04733948639398943,0.4965400472774101,0.10217198590095806
25503,NA,NA,NA,NA,0.16434562540974693,0.16207807760472567,0.4314472542766693,0.24212904270885802
25504,NA,NA,NA,NA,0.2809254148840938,0.5621751293878372,0.057643808364532687,0.09925564736353638
25505,NA,NA,NA,NA,0.035085484402391315,0.44498247265945545,0.3478116543871325,0.17212038855102071
25506,NA,NA,NA,NA,0.31735809647170043,0.19337162205625036,0.38638250642951244,0.10288777504253677
25507,NA,NA,NA,NA,0.22878130390271031,0.29406908623724626,0.1429247305014729,0.33422487935857054
25508,NA,NA,NA,NA,0.031567374109531726,0.3146607566469992,0.5471198465417267,0.10665202270174243
25509,NA,NA,NA,NA,0.5322866612479602,0.07740229876244989,0.2725154587554335,0.11779558123415654
25510,NA,NA,NA,NA,0.2646676744611858,0.16518947367056214,0.4332858960023507,0.13685695586590133
25511,NA,NA,NA,NA,0.6248168460249727,0.100925200067867,0.07714699513283294,0.19711095877432724
25512,NA,NA,NA,NA,0.46780264779674413,0.0482508657165058,0.3748333639814246,0.10911312250532548
25513,NA,NA,NA,NA,0.1283658478722822,0.22931085545044597,0.3035570432814971,0.3387662533957747
25514,NA,NA,NA,NA,0.07835751602953168,0.33259260074708863,0.45589397435945966,0.13315590886392006
25515,NA,NA,NA,NA,0.18933121204443418,0.3307402404406436,0.19421193267205042,0.2857166148428719
25516,NA,NA,NA,NA,0.29311782772537986,0.4406863348333068,0.07364943146045537,0.19254640598085804
25517,NA,NA,NA,NA,0.34648396067819237,0.11352404209742742,0.3159194858760917,0.22407251134828857
25518,NA,NA,NA,NA,0.29634363940019626,0.35230265563489627,0.1561934346031823,0.1951602703617251
25519,NA,NA,NA,NA,0.05059490900605841,0.45424471647619913,0.35861472825288815,0.13654564626485435
25520,NA,NA,NA,NA,0.2006412845213619,0.24294733750576641,0.47487719544484647,0.08153418252802531
25521,NA,NA,NA,NA,0.28022397793163134,0.36035353661969693,0.11974337897601575,0.2396791064726558
25522,NA,NA,NA,NA,0.09034195146881267,0.4681536936547722,0.12720967394608762,0.3142946809303274
25523,NA,NA,NA,NA,0.6884777494843742,0.046773236041858,0.12381176999693892,0.14093724447682884
25524,NA,NA,NA,NA,0.14193075862343887,0.28631109306827324,0.35191436871223936,0.21984377959604853
25525,NA,NA,NA,NA,0.46855096809457464,0.1871073803995062,0.1323023626790544,0.21203928882686468
25526,NA,NA,NA,NA,0.2685543394042347,0.6131177940910514,0.04136024037901135,0.07696762612570261
25527,NA,NA,NA,NA,0.4368366179625339,0.24628216350672302,0.07984653691489385,0.23703468161584912
25528,NA,NA,NA,NA,0.4662055881618153,0.1576241640011908,0.28106702688675467,0.0951032209502392
25529,NA,NA,NA,NA,0.4810556356564214,0.17453764912868971,0.22943408226443437,0.11497263295045451
25530,NA,NA,NA,NA,0.16127564104350128,0.5609491422759956,0.14309262979209494,0.13468258688840826
25531,NA,NA,NA,NA,0.03496551059001865,0.17533430911360484,0.72897165237637,0.06072852792000646
25532,NA,NA,NA,NA,0.2703319034186666,0.3959637765427562,0.26005949262008016,0.07364482741849691
25533,NA,NA,NA,NA,0.27561158070297587,0.07487369160548038,0.5459732823081136,0.10354144538343012
25534,NA,NA,NA,NA,0.07619965082822222,0.6278104098414435,0.12938080024157467,0.16660913908875968
25535,NA,NA,NA,NA,0.4429452180806231,0.34335420680188333,0.053120965587183634,0.1605796095303099
25536,NA,NA,NA,NA,0.06656174975643663,0.330021919646783,0.45371417135191017,0.14970215924487007
25537,NA,NA,NA,NA,0.050974606520742725,0.0961720585790004,0.3827934566815575,0.47005987821869927
25538,NA,NA,NA,NA,0.5050881880190036,0.09749080579297,0.1701560461202599,0.22726496006776642
25539,NA,NA,NA,NA,0.5670749338340194,0.2420161596864257,0.056674319925586934,0.134234586553968
25540,NA,NA,NA,NA,0.15840271177514162,0.041667937095271376,0.6709309277132989,0.128998423416288
25541,NA,NA,NA,NA,0.2824079475659151,0.3995493282909562,0.2036451256403909,0.11439759850273774
25542,NA,NA,NA,NA,0.26733948982903105,0.30690607779676954,0.12103192971406347,0.30472250266013584
25543,NA,NA,NA,NA,0.18804393758824928,0.17506022033864255,0.4845875438523249,0.15230829822078343
25544,NA,NA,NA,NA,0.5340465749575897,0.1526373484853921,0.03899873946393624,0.274317337093082
25545,NA,NA,NA,NA,0.2085247455109514,0.3538799898471553,0.3027648758579541,0.13483038878393921
25546,NA,NA,NA,NA,0.32261518613908585,0.4460275497142467,0.11669949731806607,0.11465776682860132
25547,NA,NA,NA,NA,0.08798804729924381,0.21029863114898611,0.5675632598036601,0.13415006174810998
25548,NA,NA,NA,NA,0.13549014825195588,0.17463584237397048,0.3394740267891157,0.3503999825849579
25549,NA,NA,NA,NA,0.09474089710258557,0.104371686567905,0.4449991967779209,0.35588821955158845
25550,NA,NA,NA,NA,0.1869717093633781,0.13423676291551914,0.10938880356915091,0.5694027241519518
25551,NA,NA,NA,NA,0.22693590421066237,0.18380740679666646,0.21001448215827662,0.37924220683439447
25552,NA,NA,NA,NA,0.07736470314205313,0.47822717379940244,0.25036720883261854,0.1940409142259258
25553,NA,NA,NA,NA,0.09134000366813223,0.5543603927690892,0.09831779054529474,0.2559818130174838
25554,NA,NA,NA,NA,0.03470507895961684,0.6495300205920347,0.07665480604518515,0.23911009440316322
25555,NA,NA,NA,NA,0.2598952881578023,0.18025735162601408,0.05704327449994874,0.5028040857162348
25556,NA,NA,NA,NA,0.33567229209952143,0.42533033056694725,0.18325159899915475,0.055745778334376696
25557,NA,NA,NA,NA,0.49962597526169983,0.3449935042548537,0.09779043341013256,0.0575900870733139
25558,NA,NA,NA,NA,0.4567620724640178,0.27753678120285263,0.0956990356214108,0.17000211071171867
25559,NA,NA,NA,NA,0.49763250416457105,0.2079436730187931,0.24538412970437,0.04903969311226573
25560,NA,NA,NA,NA,0.36767450244757705,0.32044050089630927,0.19237868730247235,0.11950630935364137
25561,NA,NA,NA,NA,0.22447264492367652,0.49158857891778496,0.15472661516250097,0.12921216099603772
25562,NA,NA,NA,NA,0.18530074160829352,0.1834670148640616,0.4860126618452491,0.1452195816823958
25563,NA,NA,NA,NA,0.5168195844477526,0.16593162367634548,0.2521679416523926,0.06508085022350932
25564,NA,NA,NA,NA,0.11129742422086482,0.12445079277170974,0.6883980009256443,0.07585378208178101
25565,NA,NA,NA,NA,0.4463671397593918,0.06764029285278429,0.2841416801288055,0.20185088725901842
25566,NA,NA,NA,NA,0.14354439212772047,0.5351065333473709,0.10259358844970609,0.21875548607520254
25567,NA,NA,NA,NA,0.042591891643880955,0.45717681733004834,0.41829387112428174,0.08193741990178909
25568,NA,NA,NA,NA,0.5206129890381727,0.32119559423073046,0.11818414976087008,0.040007266970226725
25569,NA,NA,NA,NA,0.34720992273759826,0.23643043193569194,0.3636678409365539,0.052691804390156
25570,NA,NA,NA,NA,0.43590198429845367,0.12829992562963163,0.33929111870122985,0.09650697137068498
25571,NA,NA,NA,NA,0.5426901337765072,0.17847047000306512,0.08046549845541007,0.19837389776501743
25572,NA,NA,NA,NA,0.6538407810833282,0.1085560124725312,0.11684705135330897,0.12075615509083155
25573,NA,NA,NA,NA,0.08621917354176528,0.7367148825793143,0.09902669273637331,0.07803925114254716
25574,NA,NA,NA,NA,0.11150154203024785,0.08964981444934142,0.6367648399619678,0.16208380355844293
25575,NA,NA,NA,NA,0.6744573265426773,0.04808894213442024,0.18538192172597917,0.09207180959692322
25576,NA,NA,NA,NA,0.46438298720006227,0.030786448318438787,0.4212557538115303,0.08357481066996866
25577,NA,NA,NA,NA,0.48384882799485474,0.09306128652707639,0.12302892761754262,0.3000609578605262
25578,NA,NA,NA,NA,0.4601954030298103,0.33283475398468154,0.10007025825814544,0.1068995847273625
25579,NA,NA,NA,NA,0.6821640656129409,0.1692924496562711,0.05853193877913777,0.0900115459516502
25580,NA,NA,NA,NA,0.4416855014483475,0.27601207480532974,0.14025112751929933,0.14205129622702325
25581,NA,NA,NA,NA,0.5935014618571735,0.16216044256228646,0.07330600621187609,0.17103208936866401
25582,NA,NA,NA,NA,0.1593998575485496,0.13963930349664755,0.2089771230383721,0.49198371591643075
25583,NA,NA,NA,NA,0.6318890472513897,0.031747616099865116,0.2799360815481008,0.05642725510064446
25584,NA,NA,NA,NA,0.3591704479630638,0.28190158494420403,0.14485828986896201,0.2140696772237701
25585,NA,NA,NA,NA,0.2772099876528089,0.2604377045728673,0.16595625220934118,0.2963960555649827
25586,NA,NA,NA,NA,0.06504436344236189,0.1546554563447084,0.6928016934678731,0.08749848674505657
25587,NA,NA,NA,NA,0.7828484818960124,0.05898839931237979,0.08665524953099049,0.07150786926061752
25588,NA,NA,NA,NA,0.45544760436543996,0.11550213501553853,0.19638896096601405,0.23266129965300741
25589,NA,NA,NA,NA,0.5179992220904712,0.3301201162218667,0.08300613453049936,0.06887452715716265
25590,NA,NA,NA,NA,0.3335791782183039,0.2927957124596354,0.05018059527054604,0.3234445140515147
25591,NA,NA,NA,NA,0.2791532988171497,0.4268717368409623,0.11208046097155411,0.181894503370334
25592,NA,NA,NA,NA,0.5773653264733395,0.3376512725279692,0.021226489007681485,0.06375691199100968
25593,NA,NA,NA,NA,0.321994030074906,0.43754380408916344,0.16232612786248463,0.07813603797344588
25594,NA,NA,NA,NA,0.21541427749513137,0.5220466007434506,0.16140740050515223,0.10113172125626584
25595,NA,NA,NA,NA,0.40343897935966,0.38492547708062624,0.1338079415893528,0.077827601970361
25596,NA,NA,NA,NA,0.08536497370930587,0.10469734412941557,0.6653067903685107,0.14463089179276778
25597,NA,NA,NA,NA,0.3180942817253344,0.28436256922186504,0.17077519882926429,0.2267679502235362
25598,NA,NA,NA,NA,0.3904877552067655,0.3779847746386966,0.07913419708929363,0.15239327306524433
25599,NA,NA,NA,NA,0.20562227122358673,0.20091138786808996,0.475410708768744,0.11805563213957934
25600,NA,NA,NA,NA,0.0888343535404122,0.10544532563165906,0.6987118172350605,0.10700850359286825
25601,NA,NA,NA,NA,0.4595778039150813,0.04693632699508018,0.41399837693599667,0.07948749215384189
25602,NA,NA,NA,NA,0.3834718430914018,0.21949743056437915,0.1885589251895287,0.2084718011546902
25603,NA,NA,NA,NA,0.4941781423048145,0.40901345251987903,0.0444441074774975,0.052364297697808905
25604,NA,NA,NA,NA,0.16415653235891578,0.6704413828204424,0.135712507250352,0.02968957757028978
25605,NA,NA,NA,NA,0.16761154752727334,0.1864300109135559,0.28834574697995013,0.35761269457922057
25606,NA,NA,NA,NA,0.09366296206656911,0.6880287377190508,0.06339963877249129,0.1549086614418887
25607,NA,NA,NA,NA,0.42311457049572865,0.41059721758106366,0.05579093782843206,0.1104972740947755
25608,NA,NA,NA,NA,0.1370055972721786,0.44538016587740775,0.2853428463239385,0.13227139052647513
25609,NA,NA,NA,NA,0.6356050751182672,0.16491657661441858,0.1097035158260917,0.08977483244122247
25610,NA,NA,NA,NA,0.3104992845290343,0.33810305562568865,0.20793533313346843,0.14346232671180856
25611,NA,NA,NA,NA,0.06489423521380755,0.4732258870778052,0.3892218095334275,0.07265806817495987
25612,NA,NA,NA,NA,0.1170996915151272,0.4620873193091795,0.3707782671870567,0.05003472198863665
25613,NA,NA,NA,NA,0.5244441926542373,0.09682957166198232,0.20730305770336607,0.1714231779804143
25614,NA,NA,NA,NA,0.1998505606525869,0.25586584508637017,0.2257801309813016,0.3185034632797414
25615,NA,NA,NA,NA,0.29432553461362887,0.31810825319548586,0.2514879870904134,0.1360782251004717
25616,NA,NA,NA,NA,0.03503789801789451,0.205385607768195,0.4908898744060952,0.2686866198078152
25617,NA,NA,NA,NA,0.5867620445930405,0.16058941948243402,0.14827448420479983,0.10437405171972561
25618,NA,NA,NA,NA,0.06106709833262503,0.12786966097472777,0.7375030471728394,0.07356019351980783
25619,NA,NA,NA,NA,0.03877750562823203,0.06405161485525318,0.6877452913226852,0.20942558819382942
25620,NA,NA,NA,NA,0.04755804015644465,0.08496569699109305,0.5559012279776099,0.3115750348748522
25621,NA,NA,NA,NA,0.02323244860478033,0.046564520429647906,0.8311476750667023,0.09905535589886962
25622,NA,NA,NA,NA,0.24097592849471502,0.20741088289119303,0.423181890806068,0.12843129780802404
25623,NA,NA,NA,NA,0.1937720579510146,0.36644494328363564,0.2057493722097098,0.23403362655563992
25624,NA,NA,NA,NA,0.10232961809212965,0.28292068286016525,0.2643460366447888,0.35040366240291626
25625,NA,NA,NA,NA,0.04717848537667647,0.26767858776007614,0.279066046762196,0.40607688010105153
25626,NA,NA,NA,NA,0.21326627582748,0.5052746000824676,0.10844853882082278,0.1730105852692296
25627,NA,NA,NA,NA,0.20494469460576184,0.3789070799867382,0.2386719566712764,0.1774762687362236
25628,NA,NA,NA,NA,0.05753353102456737,0.413116187444448,0.36428182263534375,0.16506845889564095
25629,NA,NA,NA,NA,0.04338842784844826,0.2739259783445283,0.5886940452335688,0.09399154857345461
25630,NA,NA,NA,NA,0.12483552168464855,0.6616153481622487,0.07446323896937981,0.13908589118372303
25631,NA,NA,NA,NA,0.037767655469948265,0.24819821747569745,0.47227619180765734,0.241757935246697
25632,NA,NA,NA,NA,0.20087551661748507,0.4649845057052004,0.3098098916891611,0.024330085988153432
25633,NA,NA,NA,NA,0.08247605886917103,0.32265514708943105,0.4335015144251896,0.16136727961620828
25634,NA,NA,NA,NA,0.451564394374668,0.21706602508392847,0.23658747373633893,0.09478210680506471
25635,NA,NA,NA,NA,0.667024133379194,0.19185208247043867,0.06646059164475292,0.07466319250561451
25636,NA,NA,NA,NA,0.43138010531973864,0.1840241658623059,0.30094816120263135,0.083647567615324
25637,NA,NA,NA,NA,0.23248488943941178,0.3241316967652904,0.3817077322651792,0.061675681530118515
25638,NA,NA,NA,NA,0.3418737830224555,0.3923328170790745,0.12096568000753588,0.14482771989093404
25639,NA,NA,NA,NA,0.20423177608630338,0.5543265191166484,0.17446496950755416,0.06697673528949412
25640,NA,NA,NA,NA,0.5389161473715551,0.17846191934270575,0.17303516865072044,0.10958676463501861
25641,NA,NA,NA,NA,0.18552830467522552,0.46985587318166,0.31102361535011364,0.03359220679300087
25642,NA,NA,NA,NA,0.041277547600213675,0.6131580023873868,0.21685297734216,0.12871147267023936
25643,NA,NA,NA,NA,0.18389457215222235,0.62670633223918,0.13541914382009812,0.05397995178849954
25644,NA,NA,NA,NA,0.5657909653719257,0.1017927593087003,0.22881953808813768,0.1035967372312362
25645,NA,NA,NA,NA,0.02268173620239555,0.8865260277228697,0.03400375435281514,0.056788481721919616
25646,NA,NA,NA,NA,0.19681542418224793,0.09079575817884691,0.6691819897429638,0.04320682789594129
25647,NA,NA,NA,NA,0.19431023980428688,0.27697334961774156,0.42994065251179275,0.09877575806617889
25648,NA,NA,NA,NA,0.22904006926008302,0.23420144288948969,0.40368245756858273,0.13307603028184478
25649,NA,NA,NA,NA,0.11936952347737731,0.6944224024459432,0.11209442078969492,0.07411365328698451
25650,NA,NA,NA,NA,0.0487114862346532,0.08584745039252238,0.7542867728575197,0.11115429051530486
25651,NA,NA,NA,NA,0.43325111332504057,0.31458337655546154,0.17325894175647366,0.07890656836302416
25652,NA,NA,NA,NA,0.4821876525281908,0.11782585403779361,0.11665606194812633,0.28333043148588927
25653,NA,NA,NA,NA,0.1130300293094796,0.4138432794371607,0.3590117873740771,0.11411490387928262
25654,NA,NA,NA,NA,0.10768481749119692,0.46744316977891304,0.28433124736968707,0.14054076536020296
25655,NA,NA,NA,NA,0.0960132288383038,0.0692740356931894,0.7233372140369828,0.11137552143152406
25656,NA,NA,NA,NA,0.5434786100612397,0.16536749438755088,0.14319216252257225,0.14796173302863708
25657,NA,NA,NA,NA,0.20187870564167484,0.5316362741606966,0.10171555545633083,0.1647694647412978
25658,NA,NA,NA,NA,0.2799369987253089,0.5137028657463528,0.07064154299921625,0.1357185925291221
25659,NA,NA,NA,NA,0.5269429091666901,0.12778400188473832,0.26250105517212213,0.08277203377644927
25660,NA,NA,NA,NA,0.21956002518142967,0.6280118868147542,0.046269581218829195,0.10615850678498714
25661,NA,NA,NA,NA,0.15570272725387263,0.10194256263167485,0.44881935663913636,0.2935353534753161
25662,NA,NA,NA,NA,0.31508458076193735,0.5250287869631848,0.039420158871267444,0.12046647340361039
25663,NA,NA,NA,NA,0.11276610726475493,0.1611365790232275,0.2148063603343002,0.5112909533777175
25664,NA,NA,NA,NA,0.0299298852413451,0.43679278368386454,0.38753385687171066,0.14574347420307984
25665,NA,NA,NA,NA,0.058790605066395406,0.3663303783296176,0.36325727113171863,0.2116217454722682
25666,NA,NA,NA,NA,0.18594181508790564,0.12493198412622039,0.336296175234414,0.35283002555146
25667,NA,NA,NA,NA,0.6608564950444569,0.0703248160916446,0.12402996340912165,0.14478872545477675
25668,NA,NA,NA,NA,0.3366521000510731,0.23611848567062033,0.06410802667548572,0.36312138760282076
25669,NA,NA,NA,NA,0.0520256765875946,0.5524660518404392,0.17915825502076585,0.21635001655120034
25670,NA,NA,NA,NA,0.38583184052383873,0.312985635136674,0.1252257599239134,0.17595676441557398
25671,NA,NA,NA,NA,0.05481676868404666,0.5285935877325866,0.3472386436236954,0.06935099995967133
25672,NA,NA,NA,NA,0.0501694511948699,0.4255665281254815,0.17297871017832894,0.35128531050131967
25673,NA,NA,NA,NA,0.03900805403245511,0.3501817617242166,0.14574246841529281,0.46506771582803547
25674,NA,NA,NA,NA,0.21123119557068779,0.203198760782693,0.3692429208640668,0.21632712278255234
25675,NA,NA,NA,NA,0.1794910674156757,0.13990788332923376,0.403623232889696,0.2769778163653946
25676,NA,NA,NA,NA,0.10737437150235765,0.67795016138338,0.08486367202649456,0.12981179508776763
25677,NA,NA,NA,NA,0.4440061574178669,0.25357288827586755,0.07140305599583795,0.23101789831042766
25678,NA,NA,NA,NA,0.10443764982711493,0.27051669380165594,0.44336880321758565,0.18167685315364351
25679,NA,NA,NA,NA,0.066247880079234,0.613898547326103,0.11585022332099815,0.20400334927366479
25680,NA,NA,NA,NA,0.03219644490197706,0.7366165476286975,0.1332835334779147,0.09790347399141065
25681,NA,NA,NA,NA,0.043726223077535764,0.4070211022347544,0.2674778474161198,0.2817748272715901
25682,NA,NA,NA,NA,0.11167104375543069,0.3457808937360191,0.22838796621725857,0.31416009629129166
25683,NA,NA,NA,NA,0.2935144928049026,0.3063364954653176,0.25965274494162754,0.1404962667881523
25684,NA,NA,NA,NA,0.01745038525173071,0.5803412864813918,0.14662485937729272,0.2555834688895847
25685,NA,NA,NA,NA,0.04996763035201958,0.48601372450646296,0.10420895207440611,0.3598096930671113
25686,NA,NA,NA,NA,0.030669931743784313,0.36445189650829246,0.40414384168690537,0.2007343300610179
25687,NA,NA,NA,NA,0.07858838244938426,0.6458556813438896,0.08326001851940275,0.19229591768732343
25688,NA,NA,NA,NA,0.07941511375139332,0.2842151541279957,0.5487700985137958,0.08759963360681511
25689,NA,NA,NA,NA,0.7070090375684851,0.04047097168823209,0.20318506202391207,0.04933492871937072
25690,NA,NA,NA,NA,0.06578483536252229,0.7457339988446932,0.12148544417582441,0.06699572161696031
25691,NA,NA,NA,NA,0.2603074511033154,0.09500986009525567,0.5998583503297321,0.04482433847169677
25692,NA,NA,NA,NA,0.33414128707706137,0.3686160195575122,0.12560256014556942,0.17164013321985713
25693,NA,NA,NA,NA,0.04132363727392097,0.5881319410854041,0.29006896598294835,0.08047545565772653
25694,NA,NA,NA,NA,0.4506925667547383,0.15295196274128053,0.19391223832342155,0.2024432321805595
25695,NA,NA,NA,NA,0.4708002672190665,0.33371565073915965,0.10280206869529623,0.09268201334647751
25696,NA,NA,NA,NA,0.3143700371139498,0.3354007424665307,0.30449750100436895,0.04573171941515076
25697,NA,NA,NA,NA,0.1402485975426888,0.22655122195914654,0.561874539840569,0.07132564065759561
25698,NA,NA,NA,NA,0.20986396533743829,0.3566418107044935,0.31549506483847123,0.11799915911959688
25699,NA,NA,NA,NA,0.25683310464218595,0.23047312988257468,0.38308007884624284,0.1296136866289965
25700,NA,NA,NA,NA,0.16853080601493342,0.21392186200805488,0.5296553665801027,0.08789196539690892
25701,NA,NA,NA,NA,0.31674108919215416,0.5650377640081605,0.05753580678116482,0.060685340018520426
25702,NA,NA,NA,NA,0.18112097293846868,0.4240250299071068,0.2801355153664437,0.11471848178798096
25703,NA,NA,NA,NA,0.350931946567084,0.4432854093678712,0.08758006929057319,0.1182025747744717
25704,NA,NA,NA,NA,0.6970273679764795,0.16491765296006927,0.08700473768703443,0.051050241376416804
25705,NA,NA,NA,NA,0.032642707267661795,0.3086510811927396,0.5563754344149343,0.10233077712466433
25706,NA,NA,NA,NA,0.5742903807766657,0.11731329796251554,0.25844848435860945,0.049947836902209296
25707,NA,NA,NA,NA,0.20737770944145648,0.6548367207836195,0.07662151370478414,0.06116405607013992
25708,NA,NA,NA,NA,0.40662217707928655,0.020634082163737903,0.5123469021946667,0.06039683856230893
25709,NA,NA,NA,NA,0.1772257338521547,0.3076926658180261,0.4735427803119306,0.041538820017888466
25710,NA,NA,NA,NA,0.13149277991830752,0.10139163456074957,0.6515415578564405,0.11557402766450246
25711,NA,NA,NA,NA,0.3746565351618007,0.07947629641367968,0.45719469530071055,0.08867247312380906
25712,NA,NA,NA,NA,0.5418164778004497,0.20774956219340268,0.10179217778882141,0.1486417822173262
25713,NA,NA,NA,NA,0.3246567792419747,0.2511180118189966,0.39074275635658867,0.03348245258244007
25714,NA,NA,NA,NA,0.5302178211561437,0.1619042128262639,0.17327455557933932,0.13460341043825302
25715,NA,NA,NA,NA,0.2975014622467621,0.18601857655482756,0.4768796215944173,0.0396003396039931
25716,NA,NA,NA,NA,0.21781302437346303,0.3031707869995774,0.37573203862090465,0.10328415000605473
25717,NA,NA,NA,NA,0.09497306787846152,0.4749129726435066,0.17579438415799256,0.2543195753200392
25718,NA,NA,NA,NA,0.5591349520783964,0.1362807114396882,0.09363764259102537,0.21094669389089002
25719,NA,NA,NA,NA,0.507928046043248,0.31182467640934336,0.12274851192586204,0.0574987656215466
25720,NA,NA,NA,NA,0.16654043957449094,0.454701077074913,0.23765476709979425,0.14110371625080187
25721,NA,NA,NA,NA,0.4146277228807326,0.03715014106332385,0.4943550982003482,0.0538670378555955
25722,NA,NA,NA,NA,0.3061223037186776,0.2537564030328074,0.1344682905927936,0.30565300265572126
25723,NA,NA,NA,NA,0.20880072654886936,0.09530481740988739,0.6067896698148746,0.08910478622636868
25724,NA,NA,NA,NA,0.21042367298088352,0.16665674328264984,0.40055645285995845,0.22236313087650825
25725,NA,NA,NA,NA,0.18986049666973817,0.1532068407439815,0.6270842153335336,0.029848447252746622
25726,NA,NA,NA,NA,0.13908485776007642,0.2879630968296373,0.45995301170724723,0.11299903370303911
25727,NA,NA,NA,NA,0.04639131059628617,0.34955249299165103,0.5363400488130937,0.06771614759896907
25728,NA,NA,NA,NA,0.19097206263848224,0.2267648263227898,0.45395848247948084,0.1283046285592471
25729,NA,NA,NA,NA,0.35633468630828113,0.11023852108498194,0.4541434506379624,0.07928334196877457
25730,NA,NA,NA,NA,0.6804671818734898,0.1605042217771125,0.10658847052609664,0.05244012582330111
25731,NA,NA,NA,NA,0.3430699627235247,0.044333284523744944,0.5203518272596425,0.09224492549308787
25732,NA,NA,NA,NA,0.0760477705203456,0.030805069608316412,0.8430486441005848,0.050098515770753325
25733,NA,NA,NA,NA,0.34841267611165644,0.2856741172424377,0.1977168903073768,0.1681963163385292
25734,NA,NA,NA,NA,0.4129703631482751,0.19259653995886347,0.3024342462675209,0.09199885062534034
25735,NA,NA,NA,NA,0.11654899266849379,0.3283809619599374,0.4420797598232999,0.11299028554826898
25736,NA,NA,NA,NA,0.28656798121850185,0.3242568141408912,0.285037629527981,0.1041375751126259
25737,NA,NA,NA,NA,0.21097858103546882,0.7070785093711781,0.02093815443472905,0.06100475515862404
25738,NA,NA,NA,NA,0.3111333220409456,0.3284689009955851,0.11806482346407506,0.24233295349939424
25739,NA,NA,NA,NA,0.2301646226141782,0.12135481310000201,0.5046264305062558,0.14385413377956396
25740,NA,NA,NA,NA,0.5285121444342545,0.15932307196559906,0.2447638485390349,0.0674009350611115
25741,NA,NA,NA,NA,0.4510638454164285,0.4328792076320808,0.03575047201918816,0.08030647493230272
25742,NA,NA,NA,NA,0.054093331914281284,0.7622271894651227,0.08776583657214472,0.09591364204845124
25743,NA,NA,NA,NA,0.11769111051600675,0.46777383412642926,0.26215198880561935,0.15238306655194472
25744,NA,NA,NA,NA,0.48684321465810965,0.34155667616007485,0.061825419689006296,0.10977468949280908
25745,NA,NA,NA,NA,0.16946503941067967,0.41832902716396986,0.33075384191033513,0.08145209151501531
25746,NA,NA,NA,NA,0.6967641830454073,0.10676856397849534,0.1466213844214027,0.049845868554694646
25747,NA,NA,NA,NA,0.497602662373088,0.3718850569754037,0.05106938533601426,0.07944289531549412
25748,NA,NA,NA,NA,0.07811244784318895,0.77726545468225,0.03125310644049776,0.11336899103406331
25749,NA,NA,NA,NA,0.6179993131197031,0.12318667848907155,0.11861708538999054,0.14019692300123474
25750,NA,NA,NA,NA,0.10847518702079473,0.2791292657414353,0.4841787243676228,0.12821682287014716
25751,NA,NA,NA,NA,0.14121030920152847,0.34842254036840886,0.40998198981203265,0.10038516061802993
25752,NA,NA,NA,NA,0.2863708282889787,0.25539508674304945,0.2379338037653111,0.22030028120266082
25753,NA,NA,NA,NA,0.4383561911898813,0.1466270019363767,0.3332564959087425,0.08176031096499939
25754,NA,NA,NA,NA,0.7219833397573766,0.05276905841045094,0.06400291536436262,0.16124468646780984
25755,NA,NA,NA,NA,0.3573355963242731,0.10762639481150539,0.2464562285256721,0.2885817803385493
25756,NA,NA,NA,NA,0.24574747757523802,0.6402145486276017,0.04850037764737272,0.06553759614978748
25757,NA,NA,NA,NA,0.4079985343140445,0.1477601789061741,0.09717260643237864,0.3470686803474027
25758,NA,NA,NA,NA,0.24962911981668356,0.15196304292510762,0.3396867299654701,0.25872110729273873
25759,NA,NA,NA,NA,0.43040584842213053,0.4536816189429,0.04861470147640592,0.06729783115856347
25760,NA,NA,NA,NA,0.3132920483117366,0.3916126213631666,0.201711811243471,0.0933835190816258
25761,NA,NA,NA,NA,0.1849590342675104,0.38771978579678773,0.16518548808947622,0.26213569184622565
25762,NA,NA,NA,NA,0.14764518307832764,0.6487269665358844,0.04222552095087687,0.16140232943491115
25763,NA,NA,NA,NA,0.36465605931812645,0.3239768209431253,0.2144627898572696,0.09690432988147869
25764,NA,NA,NA,NA,0.3195121319988251,0.14932681422120198,0.3889243318302444,0.14223672194972842
25765,NA,NA,NA,NA,0.1625295814597098,0.18444661331408324,0.34300878294264897,0.31001502228355793
25766,NA,NA,NA,NA,0.07265143690277247,0.6369683503026836,0.1324691455011105,0.15791106729343335
25767,NA,NA,NA,NA,0.46710456626041347,0.23471528872151137,0.09783927194245294,0.2003408730756223
25768,NA,NA,NA,NA,0.34073642169264046,0.25682423260783394,0.08512404482911169,0.31731530087041393
25769,NA,NA,NA,NA,0.5388617450560902,0.23038791835401598,0.06626777404380386,0.16448256254608992
25770,NA,NA,NA,NA,0.327933443627506,0.15168715069284247,0.21851099521432502,0.3018684104653265
25771,NA,NA,NA,NA,0.0389325628510522,0.5962245221273632,0.102312295820969,0.2625306192006156
25772,NA,NA,NA,NA,0.15375089820861593,0.36959964226655084,0.11256826976145852,0.3640811897633747
25773,NA,NA,NA,NA,0.452955561012565,0.14024919807142797,0.0650986139972267,0.34169662691878033
25774,NA,NA,NA,NA,0.3150894774596831,0.2032265805704982,0.3859144199103385,0.09576952205948028
25775,NA,NA,NA,NA,0.28183357585373414,0.14239959053599727,0.4605576810009597,0.11520915260930881
25776,NA,NA,NA,NA,0.32081730632962535,0.10279326683468341,0.170892028425429,0.4054973984102621
25777,NA,NA,NA,NA,0.09006203769229103,0.13411415085006353,0.5663554339646378,0.20946837749300756
25778,NA,NA,NA,NA,0.36304662718674374,0.42887274769961026,0.06482129831681563,0.14325932679683032
25779,NA,NA,NA,NA,0.27777100812244154,0.502434385614629,0.049970174288367905,0.1698244319745616
25780,NA,NA,NA,NA,0.10866987035491638,0.40593924479215737,0.24857852994532795,0.23681235490759825
25781,NA,NA,NA,NA,0.4158535332035678,0.2118976798118893,0.06819094879056499,0.30405783819397786
25782,NA,NA,NA,NA,0.08731673501701258,0.44082932248869566,0.021513374540068325,0.45034056795422356
25783,NA,NA,NA,NA,0.3311462765409704,0.0945820352428246,0.3664685311158938,0.20780315710031116
25784,NA,NA,NA,NA,0.1887004370805374,0.3394802903199675,0.39728363556140944,0.07453563703808563
25785,NA,NA,NA,NA,0.22594671154043858,0.34254560741539014,0.34381578587759876,0.08769189516657253
25786,NA,NA,NA,NA,0.34220178942844465,0.35005787731533355,0.2665954631954453,0.04114487006077638
25787,NA,NA,NA,NA,0.12046718461847891,0.4933736318942438,0.35634477332388964,0.029814410163387615
25788,NA,NA,NA,NA,0.385427147499736,0.315096021638924,0.2638292839407771,0.03564754692056289
25789,NA,NA,NA,NA,0.5250806202509835,0.1749175052860964,0.26119160887384996,0.038810265589070074
25790,NA,NA,NA,NA,0.4038071317792371,0.3561792568922917,0.1395722354532755,0.1004413758751957
25791,NA,NA,NA,NA,0.08285052526654116,0.7368277255750344,0.11780090730970778,0.06252084184871659
25792,NA,NA,NA,NA,0.27181926941230855,0.15286835350506936,0.5283105346000017,0.04700184248262048
25793,NA,NA,NA,NA,0.20838658688814155,0.6239996721706264,0.10262778951978027,0.0649859514214518
25794,NA,NA,NA,NA,0.35206444071143467,0.4864750391027236,0.0931869973488503,0.06827352283699147
25795,NA,NA,NA,NA,0.10286644881819398,0.44389231628971215,0.42613956129372854,0.027101673598365253
25796,NA,NA,NA,NA,0.22769973743781768,0.08661128017306152,0.6370963325570661,0.04859264983205472
25797,NA,NA,NA,NA,0.20698738136083794,0.6430744454276248,0.09394230372139085,0.05599586949014647
25798,NA,NA,NA,NA,0.23439921952473763,0.414302970424828,0.2402576113039877,0.11104019874644665
25799,NA,NA,NA,NA,0.18136414090338915,0.08096469026055142,0.6980152726704902,0.03965589616556915
25800,NA,NA,NA,NA,0.46682434663584105,0.2613738688477847,0.1630510699689137,0.10875071454746066
25801,NA,NA,NA,NA,0.28390519215012555,0.32260383138094906,0.27824975077635944,0.11524122569256602
25802,NA,NA,NA,NA,0.41497679868623305,0.38058246112981586,0.09498048891748069,0.10946025126647053
25803,NA,NA,NA,NA,0.3884337720395216,0.17745450840909163,0.09443117616987846,0.33968054338150827
25804,NA,NA,NA,NA,0.23218594615307267,0.07126042015348936,0.42912823312331405,0.26742540057012376
25805,NA,NA,NA,NA,0.30127582245746204,0.5512893432275118,0.0478358820886834,0.09959895222634266
25806,NA,NA,NA,NA,0.6019411903876213,0.10946791290385487,0.1129391806411003,0.17565171606742347
25807,NA,NA,NA,NA,0.3054749171299171,0.44171040562131625,0.06404384733097869,0.18877082991778793
25808,NA,NA,NA,NA,0.4110747965285161,0.1772192382205773,0.07777213145207183,0.33393383379883484
25809,NA,NA,NA,NA,0.06858680745211956,0.07878965189799737,0.4586800889153984,0.39394345173448464
25810,NA,NA,NA,NA,0.17379073696482256,0.08565254341869186,0.41654283054402613,0.3240138890724595
25811,NA,NA,NA,NA,0.146326591423622,0.6901418340224859,0.03792442847820523,0.12560714607568668
25812,NA,NA,NA,NA,0.25720569667088905,0.29062705351746476,0.3176988499852173,0.1344683998264289
25813,NA,NA,NA,NA,0.6695621507298392,0.1133617362238701,0.09859192364430705,0.11848418940198374
25814,NA,NA,NA,NA,0.1895172293710723,0.3453578513762449,0.11515690515368138,0.3499680140990014
25815,NA,NA,NA,NA,0.0811692344621486,0.5337205007645143,0.2494985002773884,0.1356117644959488
25816,NA,NA,NA,NA,0.1234009121414568,0.348543622032279,0.30159638315027043,0.2264590826759937
25817,NA,NA,NA,NA,0.1535394867314265,0.10942674969654143,0.11785405356606404,0.6191797100059679
25818,NA,NA,NA,NA,0.11927568157716353,0.47792027700989675,0.20362940965167017,0.1991746317612695
25819,NA,NA,NA,NA,0.487732252762279,0.11347716657756532,0.24080416227322654,0.15798641838692912
25820,NA,NA,NA,NA,0.18364616647555923,0.13157485306935546,0.25775417306222764,0.42702480739285764
25821,NA,NA,NA,NA,0.1767043356688305,0.07194231402135505,0.5023766348733096,0.24897671543650468
25822,NA,NA,NA,NA,0.10776693953347033,0.29927384721892175,0.535168239934539,0.057790973313069
25823,NA,NA,NA,NA,0.2969520533631693,0.18413336302351754,0.34788576281906974,0.17102882079424336
25824,NA,NA,NA,NA,0.42753285197789015,0.13066763353291957,0.32120456431472694,0.12059495017446321
25825,NA,NA,NA,NA,0.034008685960965644,0.33695388261949577,0.5232302435420062,0.10580718787753234
25826,NA,NA,NA,NA,0.18022421524612414,0.5490088026409179,0.13878934720465097,0.13197763490830697
25827,NA,NA,NA,NA,0.24464879045696436,0.14973369284968793,0.24859424834551216,0.3570232683478356
25828,NA,NA,NA,NA,0.2709629753974966,0.5021852396810512,0.1626381382881609,0.06421364663329134
25829,NA,NA,NA,NA,0.2008004658127732,0.5795442813678405,0.09615419997655664,0.12350105284282964
25830,NA,NA,NA,NA,0.15745662941061098,0.20080184531515102,0.5878361735047404,0.05390535176949758
25831,NA,NA,NA,NA,0.2595644277648583,0.27729799021929846,0.15484073284799862,0.3082968491678446
25832,NA,NA,NA,NA,0.040539023662711546,0.5725734338102753,0.2091255349863066,0.1777620075407067
25833,NA,NA,NA,NA,0.11821779786474725,0.42159798507664553,0.4009717438251454,0.05921247323346189
25834,NA,NA,NA,NA,0.5353009339127756,0.12044074641402007,0.25860843517188364,0.08564988450132079
25835,NA,NA,NA,NA,0.17515582356601217,0.08487780058207384,0.5332530678673609,0.2067133079845531
25836,NA,NA,NA,NA,0.18491422205683203,0.09064825110497406,0.6171225862482947,0.10731494058989909
25837,NA,NA,NA,NA,0.10013255636622735,0.21989487511047556,0.5572948117541604,0.12267775676913667
25838,NA,NA,NA,NA,0.21932796007828523,0.5995795909203548,0.05177798782469881,0.12931446117666098
25839,NA,NA,NA,NA,0.6522049332443131,0.20207559796462185,0.07590004148833372,0.06981942730273133
25840,NA,NA,NA,NA,0.04293560436712736,0.39081781543819616,0.4578047193524235,0.108441860842253
25841,NA,NA,NA,NA,0.15669254580886738,0.1689824398912051,0.4983289669904725,0.17599604730945498
25842,NA,NA,NA,NA,0.1765341063541609,0.6235943169037123,0.08367242780138294,0.116199148940744
25843,NA,NA,NA,NA,0.3462658555779729,0.46806115233621665,0.12113472593952658,0.06453826614628398
25844,NA,NA,NA,NA,0.6419533878506528,0.051068630723564365,0.20870991489639806,0.09826806652938491
25845,NA,NA,NA,NA,0.17726647996996242,0.16588883562377038,0.6229003758874005,0.03394430851886664
25846,NA,NA,NA,NA,0.34500225843139526,0.1571196915691572,0.33992080959139254,0.15795724040805514
25847,NA,NA,NA,NA,0.6248188449339063,0.09497381202470392,0.0927588774552218,0.18744846558616785
25848,NA,NA,NA,NA,0.156877229786686,0.6898452114256791,0.04622610306569088,0.10705145572194405
25849,NA,NA,NA,NA,0.2700846508061949,0.25354667728144037,0.43063916297947274,0.04572950893289177
25850,NA,NA,NA,NA,0.11083742653211712,0.36529155147855524,0.43408120010556905,0.08978982188375861
25851,NA,NA,NA,NA,0.696715260383892,0.12301412803434222,0.08216455972131473,0.09810605186045095
25852,NA,NA,NA,NA,0.19763989130672946,0.37423379677643925,0.3042856513016954,0.12384066061513596
25853,NA,NA,NA,NA,0.06376544608094382,0.3069330403491223,0.564743764551432,0.06455774901850188
25854,NA,NA,NA,NA,0.3811823742558133,0.3467250806100064,0.07866380363959738,0.19342874149458292
25855,NA,NA,NA,NA,0.7112371803640924,0.08681917996596372,0.0951141593841271,0.10682948028581675
25856,NA,NA,NA,NA,0.5339376496946164,0.3213144436015567,0.04517401143816645,0.09957389526566038
25857,NA,NA,NA,NA,0.1669551965653217,0.2080447897422521,0.27330341925623547,0.3516965944361907
25858,NA,NA,NA,NA,0.20027057046896213,0.4994377053055655,0.1523403842246496,0.14795134000082288
25859,NA,NA,NA,NA,0.24496205008468375,0.130145104189084,0.48982869657172096,0.13506414915451131
25860,NA,NA,NA,NA,0.41302204398208875,0.2295952560304982,0.1299211452198127,0.22746155476760033
25861,NA,NA,NA,NA,0.11212463476706902,0.22320753034355253,0.588633682233718,0.07603415265566035
25862,NA,NA,NA,NA,0.14495689950532709,0.06163950495453735,0.6869244120764295,0.10647918346370598
25863,NA,NA,NA,NA,0.043071045802425996,0.05066168660288942,0.8490096868622166,0.057257580732467894
25864,NA,NA,NA,NA,0.527346750865489,0.18485099686575573,0.1128331803245653,0.17496907194418995
25865,NA,NA,NA,NA,0.049882922409643385,0.4354396440532474,0.4468387964999617,0.06783863703714749
25866,NA,NA,NA,NA,0.149619677614745,0.18998715541343306,0.5734606080590888,0.08693255891273309
25867,NA,NA,NA,NA,0.1672815016378064,0.4373290949665653,0.314096267200494,0.08129313619513431
25868,NA,NA,NA,NA,0.26000966175196555,0.4104748214474544,0.16318576117788314,0.16632975562269695
25869,NA,NA,NA,NA,0.058569487171283935,0.46360714421117377,0.3208987983999169,0.15692457021762546
25870,NA,NA,NA,NA,0.1270387308025858,0.16270106993443403,0.3831582492279251,0.32710195003505504
25871,NA,NA,NA,NA,0.02492040962254085,0.3024079292460675,0.5522878164409326,0.12038384469045901
25872,NA,NA,NA,NA,0.06707303622849675,0.12530581221960913,0.7235498530341583,0.08407129851773576
25873,NA,NA,NA,NA,0.10397572001445583,0.2636290300037142,0.3620116107091565,0.2703836392726735
25874,NA,NA,NA,NA,0.45653829529007317,0.05788799328631128,0.38200877803509375,0.10356493338852191
25875,NA,NA,NA,NA,0.11581112643545857,0.2822933762255489,0.48835950385855825,0.11353599348043425
25876,NA,NA,NA,NA,0.43267104843015713,0.12264677129633465,0.27614201697298907,0.16854016330051927
25877,NA,NA,NA,NA,0.5120194428316907,0.10294180334084614,0.17839456770741302,0.20664418612005023
25878,NA,NA,NA,NA,0.22256661179041498,0.24630958980023168,0.3979589837483837,0.13316481466096958
25879,NA,NA,NA,NA,0.08536647592887021,0.7532082553712867,0.07317168968788325,0.0882535790119599
25880,NA,NA,NA,NA,0.18621996525435236,0.7251519165565442,0.048795186984000496,0.03983293120510296
25881,NA,NA,NA,NA,0.38311581255688676,0.3965008782453273,0.19543722619229367,0.02494608300549221
25882,NA,NA,NA,NA,0.37893967219122554,0.29695630589536576,0.27809852308594274,0.04600549882746605
25883,NA,NA,NA,NA,0.6773994822105642,0.1730580007034604,0.08025381344917402,0.06928870363680147
25884,NA,NA,NA,NA,0.4567019693745701,0.13734298926037014,0.3796180222218253,0.026337019143234563
25885,NA,NA,NA,NA,0.48092332078385397,0.16725884392281207,0.1976414022061944,0.1541764330871395
25886,NA,NA,NA,NA,0.06954653912301542,0.6916746116976588,0.20987580699328057,0.028903042186045447
25887,NA,NA,NA,NA,0.43191193701885366,0.21559272062263263,0.2951135783762847,0.05738176398222905
25888,NA,NA,NA,NA,0.7145509395381018,0.17338195820794502,0.0752851943096048,0.03678190794434827
25889,NA,NA,NA,NA,0.32768331620875607,0.09455523271061954,0.5073038754980335,0.07045757558259098
25890,NA,NA,NA,NA,0.6725757861994781,0.1878240551319532,0.08764165074756987,0.05195850792099887
25891,NA,NA,NA,NA,0.12046723289265575,0.14762585651703872,0.7030127478946668,0.028894162695638888
25892,NA,NA,NA,NA,0.3327240235448733,0.2600959590223151,0.3258922407016515,0.08128777673116012
25893,NA,NA,NA,NA,0.4507374980608538,0.4357899688813763,0.07007402143941227,0.043398511618357775
25894,NA,NA,NA,NA,0.629532894024581,0.2918535995236088,0.04113957299947776,0.03747393345233249
25895,NA,NA,NA,NA,0.5221659351988178,0.09208814801182608,0.3134633557581916,0.07228256103116447
25896,NA,NA,NA,NA,0.10559454797024867,0.3707224292549751,0.4909132855257275,0.03276973724904875
25897,NA,NA,NA,NA,0.08880556100364455,0.587121899991614,0.2886891582924837,0.03538338071225773
25898,NA,NA,NA,NA,0.4910050805371173,0.28544035821828817,0.02136136201667974,0.20219319922791476
25899,NA,NA,NA,NA,0.07043082460040065,0.21007426378848565,0.03171326565038599,0.6877816459607278
25900,NA,NA,NA,NA,0.10432461261314227,0.04357737684903023,0.25211366939185464,0.5999843411459729
25901,NA,NA,NA,NA,0.5022047133385936,0.1252496861530806,0.14232262209315158,0.23022297841517428
25902,NA,NA,NA,NA,0.05956114467893264,0.08448010288694746,0.2626806985368174,0.5932780538973025
25903,NA,NA,NA,NA,0.0991569340221716,0.22705193222149903,0.20353360815134072,0.4702575256049888
25904,NA,NA,NA,NA,0.08462370631766634,0.2540783233596568,0.3013700099120064,0.35992796041067043
25905,NA,NA,NA,NA,0.10414023136727167,0.257507619650164,0.22576577381968896,0.41258637516287533
25906,NA,NA,NA,NA,0.6067433637610409,0.23237786149748973,0.01425511867211251,0.14662365606935696
25907,NA,NA,NA,NA,0.46896341735481356,0.24411788708776608,0.0859615834791183,0.20095711207830208
25908,NA,NA,NA,NA,0.25193578609956835,0.033158658377854415,0.07416520568768138,0.6407403498348959
25909,NA,NA,NA,NA,0.579945836316184,0.20536848756834178,0.00724526744629622,0.207440408669178
25910,NA,NA,NA,NA,0.07016191609210803,0.3017678856832138,0.18846294233519142,0.4396072558894868
25911,NA,NA,NA,NA,0.4414863520659089,0.05126328870387354,0.029943325852725543,0.4773070333774921
25912,NA,NA,NA,NA,0.4902063946462828,0.193984444139397,0.037801532818658515,0.27800762839566173
25913,NA,NA,NA,NA,0.1169371122463289,0.0872572366466007,0.18596077774628791,0.6098448733607825
25914,NA,NA,NA,NA,0.23716731357400864,0.05509694338192279,0.36321912588370964,0.34451661716035886
25915,NA,NA,NA,NA,0.6289709999191624,0.04798761153540864,0.034858878098576344,0.2881825104468527
25916,NA,NA,NA,NA,0.24971354171706137,0.2645606714910308,0.045329333456965784,0.44039645333494215
25917,NA,NA,NA,NA,0.23848235285108751,0.575706794933273,0.06855439231560309,0.1172564599000364
25918,NA,NA,NA,NA,0.13991741967060956,0.232900067821649,0.41878906476425487,0.2083934477434866
25919,NA,NA,NA,NA,0.37963139760024206,0.0982685828713929,0.25377983941849197,0.26832018010987313
25920,NA,NA,NA,NA,0.3278267934305847,0.5201011578804882,0.06058881629698302,0.0914832323919443
25921,NA,NA,NA,NA,0.030278162279477633,0.05148829288325724,0.7989623216848936,0.1192712231523716
25922,NA,NA,NA,NA,0.09658987746425099,0.10177078891887957,0.3803968853769849,0.42124244823988455
25923,NA,NA,NA,NA,0.2241693574467057,0.24955808004312358,0.1279946247608508,0.39827793774931974
25924,NA,NA,NA,NA,0.5498027587203659,0.1660959367179577,0.12406879561878355,0.16003250894289273
25925,NA,NA,NA,NA,0.18452728685867484,0.2042486285316013,0.4687814425839158,0.14244264202580811
25926,NA,NA,NA,NA,0.33235778003888433,0.5660173930794162,0.04940299428612758,0.05222183259557195
25927,NA,NA,NA,NA,0.1554453485558836,0.5402070882445441,0.1911115119783639,0.11323605122120846
25928,NA,NA,NA,NA,0.14156190534339833,0.5758077055726152,0.22059890132323295,0.0620314877607534
25929,NA,NA,NA,NA,0.06196093122086895,0.5518662239480926,0.10871862694550088,0.27745421788553754
25930,NA,NA,NA,NA,0.27101374899490366,0.3821098536012728,0.2901363864873123,0.05674001091651127
25931,NA,NA,NA,NA,0.058907176530009465,0.10877650775456728,0.727746753892591,0.1045695618228321
25932,NA,NA,NA,NA,0.1006767704220114,0.5909792911898059,0.11199802867360219,0.19634590971458057
25933,NA,NA,NA,NA,0.09944745951232119,0.12141587728382015,0.5691065487375594,0.2100301144662993
25934,NA,NA,NA,NA,0.04459709223246475,0.12830147915001028,0.6252271239150874,0.20187430470243758
25935,NA,NA,NA,NA,0.28118132082958575,0.39243454899210617,0.10242165829600011,0.22396247188230803
25936,NA,NA,NA,NA,0.3134936267456006,0.18361904938300572,0.3563894121870834,0.14649791168431017
25937,NA,NA,NA,NA,0.7002407649788178,0.07161038632009088,0.06228585781837231,0.1658629908827189
25938,NA,NA,NA,NA,0.07049271253008313,0.6605563541007891,0.0883161344059421,0.18063479896318563
25939,NA,NA,NA,NA,0.16818240889384667,0.07881824937017053,0.5397511827093481,0.21324815902663477
25940,NA,NA,NA,NA,0.14266054072643655,0.29710763142720836,0.205123605277939,0.35510822256841607
25941,NA,NA,NA,NA,0.19890623316540992,0.4109898469276949,0.2888317462034025,0.10127217370349263
25942,NA,NA,NA,NA,0.11932355552929554,0.44931625235135064,0.2533768672599317,0.1779833248594222
25943,NA,NA,NA,NA,0.050688110309353586,0.5391708732333382,0.22830370545680795,0.18183731100050027
25944,NA,NA,NA,NA,0.42215722804049344,0.17200657895808652,0.15637326836485665,0.24946292463656336
25945,NA,NA,NA,NA,0.17015246691771926,0.24992511919240176,0.2957009213129311,0.284221492576948
25946,NA,NA,NA,NA,0.4982071285230274,0.17264362690559554,0.1801463438465505,0.14900290072482647
25947,NA,NA,NA,NA,0.295356864862754,0.37460069861611534,0.23796657384216424,0.09207586267896661
25948,NA,NA,NA,NA,0.12856312060826044,0.11472012347878578,0.19332222685070807,0.5633945290622457
25949,NA,NA,NA,NA,0.06082064203717188,0.41736228178320006,0.3408262391375539,0.1809908370420742
25950,NA,NA,NA,NA,0.6969933457899005,0.0896894968450496,0.10100381713800174,0.11231334022704803
25951,NA,NA,NA,NA,0.09197522821128835,0.3800063517551945,0.3591499431784813,0.16886847685503598
25952,NA,NA,NA,NA,0.06671457336325455,0.14398045192255415,0.5505754700643987,0.2387295046497926
25953,NA,NA,NA,NA,0.38888679089352285,0.16208865923706514,0.2739546079978112,0.1750699418716007
25954,NA,NA,NA,NA,0.7276472793826584,0.04453820846108307,0.029079954610320452,0.19873455754593825
25955,NA,NA,NA,NA,0.17913826366526067,0.6122194135699551,0.15687480905463527,0.05176751371014907
25956,NA,NA,NA,NA,0.16330957724681236,0.21545278347828103,0.6091302932024965,0.012107346072410053
25957,NA,NA,NA,NA,0.5017049763151291,0.4556036655270081,0.0251482922133374,0.01754306594452528
25958,NA,NA,NA,NA,0.39422486662722817,0.32221960675083394,0.21161371264654436,0.0719418139753937
25959,NA,NA,NA,NA,0.06225987893411156,0.1178261897452678,0.7645855666717412,0.05532836464887964
25960,NA,NA,NA,NA,0.45751796465083155,0.4507830379666561,0.07403306081873731,0.017665936563775162
25961,NA,NA,NA,NA,0.33830392655526975,0.02384231841239829,0.6265637194630351,0.011290035569296862
25962,NA,NA,NA,NA,0.5299259283925586,0.32799725032147337,0.10338936305286697,0.03868745823310117
25963,NA,NA,NA,NA,0.052501398971038074,0.438822443177591,0.47418262037645714,0.03449353747491393
25964,NA,NA,NA,NA,0.5730904060907219,0.30152099976141195,0.09570957506726621,0.029679019080600045
25965,NA,NA,NA,NA,0.08631029411150522,0.2321068850778519,0.6442956628282748,0.037287157982368035
25966,NA,NA,NA,NA,0.15045153726568164,0.1526691654119528,0.6723452004323136,0.0245340968900519
25967,NA,NA,NA,NA,0.4776602931460813,0.19350195199477838,0.19712058336652286,0.13171717149261739
25968,NA,NA,NA,NA,0.14348341271861806,0.5634083678490125,0.25350126589604355,0.03960695353632601
25969,NA,NA,NA,NA,0.06946327706059978,0.3017403347695003,0.6075793686078055,0.021217019562094416
25970,NA,NA,NA,NA,0.21365302344729076,0.48814955304257374,0.27644924773058377,0.02174817577955184
25971,NA,NA,NA,NA,0.47652723051534507,0.3725842361348689,0.12602295600219293,0.024865577347593208
25972,NA,NA,NA,NA,0.3114450179198645,0.5498384418437747,0.1038817353961841,0.03483480484017667
25973,NA,NA,NA,NA,0.08745226581886238,0.3916007068164964,0.504809534250418,0.016137493114223345
25974,NA,NA,NA,NA,0.3279543885580896,0.23725486437324733,0.34299066794107974,0.09180007912758319
25975,NA,NA,NA,NA,0.04283971304447539,0.5380648594520723,0.35404731052395005,0.06504811697950226
25976,NA,NA,NA,NA,0.060620022984486495,0.602432524928124,0.23304368595576963,0.1039037661316198
25977,NA,NA,NA,NA,0.37629418932546715,0.1431247182585931,0.45619402048006974,0.02438707193587012
25978,NA,NA,NA,NA,0.13886532537178164,0.47939571682254495,0.3604167214534623,0.02132223635221115
25979,NA,NA,NA,NA,0.7473686179806704,0.10416126167509032,0.09052698462551732,0.05794313571872191
25980,NA,NA,NA,NA,0.12447279509532562,0.5244716843074996,0.32523626225171154,0.025819258345463215
25981,NA,NA,NA,NA,0.5892849971044579,0.12731231840305987,0.2560749101583915,0.027327774334090702
25982,NA,NA,NA,NA,0.09887719247299472,0.046096838004700935,0.8255009314326855,0.029525038089618726
25983,NA,NA,NA,NA,0.38831064075991917,0.15541407741394359,0.41215472178154855,0.04412056004458864
25984,NA,NA,NA,NA,0.4196274378076644,0.16770822554071033,0.358105103539006,0.05455923311261937
25985,NA,NA,NA,NA,0.260913264754533,0.3325752807516857,0.14239335740755477,0.2641180970862264
25986,NA,NA,NA,NA,0.4971962401421957,0.17821692209827034,0.26568124548446664,0.05890559227506741
25987,NA,NA,NA,NA,0.028843713150518546,0.08142196887623336,0.8579305152222589,0.03180380275098916
25988,NA,NA,NA,NA,0.07096472550743735,0.5585054836783763,0.34425712337967407,0.026272667434512224
25989,NA,NA,NA,NA,0.16061976246874407,0.44246006249513836,0.1822206279087072,0.21469954712741046
25990,NA,NA,NA,NA,0.028213886899518002,0.1559959888005133,0.7501655142582262,0.06562461004174251
25991,NA,NA,NA,NA,0.2715875408302074,0.1981215882263436,0.4446381583890096,0.08565271255443926
25992,NA,NA,NA,NA,0.03504079752417948,0.2462196623367574,0.6706421499961601,0.048097390142903006
25993,NA,NA,NA,NA,0.17365813681020367,0.5970566664681494,0.11253560549665668,0.11674959122499035
25994,NA,NA,NA,NA,0.21323951426460158,0.1623787229405364,0.31428310024760847,0.3100986625472536
25995,NA,NA,NA,NA,0.1651466905427598,0.6135133071367546,0.128791281010125,0.09254872131036058
25996,NA,NA,NA,NA,0.21517091161054988,0.16335650982376684,0.5890854475211531,0.03238713104453023
25997,NA,NA,NA,NA,0.5424058692786393,0.19416672819968192,0.2019203254258098,0.06150707709586905
25998,NA,NA,NA,NA,0.39742921725063823,0.4101769036066504,0.1542371799238985,0.03815669921881293
25999,NA,NA,NA,NA,0.17640338568298242,0.45310398056992013,0.3378181941231093,0.03267443962398796
26000,NA,NA,NA,NA,0.08149164276392343,0.5219597339511929,0.34264717881929735,0.053901444465586375
26001,NA,NA,NA,NA,0.1452942582428718,0.7267715582454333,0.10014629128087266,0.02778789223082246
26002,NA,NA,NA,NA,0.49846283454495,0.21288517249488276,0.2546656477214551,0.03398634523871219
26003,NA,NA,NA,NA,0.3246555754005334,0.3443689331811846,0.21932378720010626,0.11165170421817575
26004,NA,NA,NA,NA,0.03839064185450452,0.7824709998712531,0.10607603874005411,0.07306231953418829
26005,NA,NA,NA,NA,0.09719198732749872,0.26194296842798687,0.5573562005233091,0.08350884372120522
26006,NA,NA,NA,NA,0.14168144224805346,0.5799279219056345,0.18912728124030143,0.08926335460601055
26007,NA,NA,NA,NA,0.3669620581960162,0.5642256869904038,0.04197890527107314,0.02683334954250702
26008,NA,NA,NA,NA,0.11067165101525306,0.04704600402122252,0.7823082039588595,0.05997414100466497
26009,NA,NA,NA,NA,0.23779984086450406,0.5850982621464913,0.16247330597992243,0.014628591009082257
26010,NA,NA,NA,NA,0.3921536694080289,0.2770267344179158,0.2545449812089054,0.07627461496514983
26011,NA,NA,NA,NA,0.8129427590075674,0.10695749058679394,0.03701544884944785,0.04308430155619076
26012,NA,NA,NA,NA,0.1536847897087148,0.20949783322555993,0.38218229152136807,0.2546350855443572
26013,NA,NA,NA,NA,0.17940237565068412,0.2060855573293686,0.3224481430140123,0.292063924005935
26014,NA,NA,NA,NA,0.31253322323445004,0.2422483118536021,0.28759317259917183,0.15762529231277597
26015,NA,NA,NA,NA,0.11580385802764809,0.35936617085946665,0.4046099542866517,0.12022001682623362
26016,NA,NA,NA,NA,0.3551221631134295,0.2199811083918268,0.28712458321605927,0.13777214527868445
26017,NA,NA,NA,NA,0.4651153448218739,0.11740185051623274,0.27327871142974053,0.14420409323215275
26018,NA,NA,NA,NA,0.32051606555282564,0.2142157659735299,0.13085392531722848,0.33441424315641605
26019,NA,NA,NA,NA,0.0794688482499682,0.5355186515307954,0.13346340190350658,0.25154909831572986
26020,NA,NA,NA,NA,0.22486134595714624,0.09582065661493645,0.5162210837525896,0.16309691367532766
26021,NA,NA,NA,NA,0.19384508417447321,0.43982142521016476,0.11276177609906304,0.2535717145162989
26022,NA,NA,NA,NA,0.315151311020441,0.3299624402103808,0.0985290229679275,0.25635722580125064
26023,NA,NA,NA,NA,0.09738964163113405,0.31843708341878213,0.47654374933857685,0.10762952561150697
26024,NA,NA,NA,NA,0.18220728133487024,0.052515154281674824,0.6021715123066929,0.1631060520767621
26025,NA,NA,NA,NA,0.19900702914440113,0.4684818689722101,0.10668359813371453,0.22582750374967428
26026,NA,NA,NA,NA,0.18060109354021944,0.24187403572328953,0.2186519081680965,0.3588729625683946
26027,NA,NA,NA,NA,0.14702867799335617,0.0497339871239409,0.6683861728755313,0.13485116200717168
26028,NA,NA,NA,NA,0.3553685625350543,0.15076296271762735,0.1466091457019986,0.34725932904531986
26029,NA,NA,NA,NA,0.2118055797102983,0.1823646141778295,0.2451945135329944,0.3606352925788778
26030,NA,NA,NA,NA,0.3255520243945058,0.22623111921621183,0.08801220214638807,0.3602046542428943
26031,NA,NA,NA,NA,0.15978354974819756,0.5958876012552603,0.15151182254988213,0.09281702644666011
26032,NA,NA,NA,NA,0.41953161779698944,0.16302998859226944,0.3724627102227806,0.04497568338796056
26033,NA,NA,NA,NA,0.49813737751512666,0.3487764464930956,0.0816671406175562,0.07141903537422145
26034,NA,NA,NA,NA,0.05878324678116892,0.08846769264235135,0.7450134168343995,0.10773564374208039
26035,NA,NA,NA,NA,0.47879638432702365,0.04167305949060704,0.3927138893976108,0.08681666678475836
26036,NA,NA,NA,NA,0.42812274585390203,0.054840890510095934,0.4240072645023148,0.0930290991336873
26037,NA,NA,NA,NA,0.14186186548537125,0.7067054314887286,0.09230410025974939,0.05912860276615068
26038,NA,NA,NA,NA,0.1245848042131001,0.499503399428474,0.24394340217327473,0.13196839418515124
26039,NA,NA,NA,NA,0.2536366214684687,0.13042098599865534,0.49232245849715134,0.12361993403572444
26040,NA,NA,NA,NA,0.17848441169485801,0.10310252238715162,0.6884382833004412,0.029974782617549205
26041,NA,NA,NA,NA,0.37710208646826976,0.2900927989281132,0.28004482367288086,0.05276029093073619
26042,NA,NA,NA,NA,0.22058316761966376,0.4420705135773122,0.12190676919981801,0.2154395496032059
26043,NA,NA,NA,NA,0.036762717350734685,0.14960730963136357,0.7569964324722693,0.056633540545632396
26044,NA,NA,NA,NA,0.5968148749979538,0.2650703668409768,0.07069481400352372,0.06741994415754571
26045,NA,NA,NA,NA,0.46247367504262815,0.37114486912402,0.1039385476060021,0.062442908227349825
26046,NA,NA,NA,NA,0.30933496633582624,0.18566396132984214,0.29985738573160703,0.20514368660272458
26047,NA,NA,NA,NA,0.23853978482691401,0.17355120358233175,0.41755370139358033,0.17035531019717395
26048,NA,NA,NA,NA,0.2615894260826576,0.19610262530159078,0.38343725508086696,0.1588706935348845
26049,NA,NA,NA,NA,0.04844401454739526,0.32120720376076656,0.5954439084344376,0.034904873257400604
26050,NA,NA,NA,NA,0.23067361177833368,0.15252953249740686,0.5984146216932028,0.018382234031056575
26051,NA,NA,NA,NA,0.08424116799939958,0.8034316201194488,0.07379391255394532,0.03853329932720621
26052,NA,NA,NA,NA,0.26892788152112135,0.4571566345783178,0.1886030356794728,0.08531244822108813
26053,NA,NA,NA,NA,0.059954615995875295,0.46629035840365785,0.45462632908297934,0.01912869651748745
26054,NA,NA,NA,NA,0.20180248346786284,0.5932278365067687,0.17494188376939596,0.030027796255972523
26055,NA,NA,NA,NA,0.49458409483022514,0.42190667683379013,0.06342834790035445,0.020080880435630336
26056,NA,NA,NA,NA,0.39034866713053007,0.1889018015802722,0.38223153273430815,0.038517998554889646
26057,NA,NA,NA,NA,0.20375270830492306,0.428417858092554,0.3589696053097338,0.00885982829278903
26058,NA,NA,NA,NA,0.1888042398573574,0.676817788359504,0.10053865362809525,0.033839318155043444
26059,NA,NA,NA,NA,0.33768966472148404,0.45657423582086215,0.1966209143093769,0.009115185148277126
26060,NA,NA,NA,NA,0.3609227793230205,0.5598475889012412,0.06503513560685509,0.014194496168883164
26061,NA,NA,NA,NA,0.6544965683559405,0.2366382715355767,0.09599296485796695,0.012872195250515769
26062,NA,NA,NA,NA,0.10856054111094912,0.4709356168218224,0.40199544909743007,0.01850839296979833
26063,NA,NA,NA,NA,0.40137263551928865,0.11334446052918815,0.4616984377614874,0.023584466190035857
26064,NA,NA,NA,NA,0.21703831954366887,0.118719227686574,0.6336567342993974,0.03058571847035965
26065,NA,NA,NA,NA,0.5578850393966447,0.39902177627748964,0.03240415871723603,0.010689025608629742
26066,NA,NA,NA,NA,0.28344549021109344,0.4970655527046283,0.20123057418849313,0.018258382895785207
26067,NA,NA,NA,NA,0.5295768386508517,0.289750542071927,0.1636747286208859,0.01699789065633539
26068,NA,NA,NA,NA,0.17577014363743235,0.5649048213335379,0.24095941615347646,0.01836561887555319
26069,NA,NA,NA,NA,0.11642934741663775,0.336702073884697,0.5231526753259199,0.02371590337274538
26070,NA,NA,NA,NA,0.5367133753163638,0.2507368249774891,0.12954016403870172,0.08300963566744539
26071,NA,NA,NA,NA,0.35736625823354284,0.3616702251836273,0.1997364618681147,0.08122705471471511
26072,NA,NA,NA,NA,0.09434213149055101,0.23484333536409688,0.6463540653358962,0.024460467809455846
26073,NA,NA,NA,NA,0.26481924257819306,0.6828014762338411,0.0357432140467558,0.01663606714120996
26074,NA,NA,NA,NA,0.08504101023629351,0.22368758501136377,0.6654200279720092,0.025851376780333685
26075,NA,NA,NA,NA,0.2644203674137745,0.3461304254984771,0.34919341947778443,0.04025578760996395
26076,NA,NA,NA,NA,0.27866199848818585,0.10093628481656125,0.5843163162679592,0.03608540042729357
26077,NA,NA,NA,NA,0.17577801338516755,0.7033422849389125,0.10647110106973967,0.01440860060618024
26078,NA,NA,NA,NA,0.027510995744984158,0.37880510360598224,0.5869382534366004,0.006745647212433191
26079,NA,NA,NA,NA,0.11749338477593776,0.4556472641897011,0.3750126504196801,0.05184670061468086
26080,NA,NA,NA,NA,0.23337136274168385,0.6627261679089456,0.09150230356632164,0.01240016578304903
26081,NA,NA,NA,NA,0.2636886076160896,0.15224982087616717,0.5607330941658941,0.023328477341849008
26082,NA,NA,NA,NA,0.37682929063732945,0.22662599406952205,0.34791797399005986,0.04862674130308863
26083,NA,NA,NA,NA,0.20452222138854181,0.5514741539640553,0.20717249645958113,0.036831128187821784
26084,NA,NA,NA,NA,0.1698312760097101,0.5943918828372229,0.20835024421137396,0.027426596941693044
26085,NA,NA,NA,NA,0.3387910018631917,0.31165285968887907,0.29306146304642,0.056494675401509195
26086,NA,NA,NA,NA,0.5932821887140425,0.21792452328370127,0.15044032760271928,0.03835296039953706
26087,NA,NA,NA,NA,0.1149207585974563,0.5052770426936426,0.3646726297374448,0.0151295689714563
26088,NA,NA,NA,NA,0.20883791950795064,0.3662245635523147,0.21401086891986504,0.21092664801986963
26089,NA,NA,NA,NA,0.23091309037951313,0.10976389110206843,0.499418125405258,0.1599048931131603
26090,NA,NA,NA,NA,0.2841278512315539,0.07395080839370365,0.5312485884502485,0.11067275192449402
26091,NA,NA,NA,NA,0.059295186183071676,0.059087337328237004,0.7766353148713524,0.10498216161733893
26092,NA,NA,NA,NA,0.28814718680779855,0.34432095591641826,0.07340916591792475,0.2941226913578583
26093,NA,NA,NA,NA,0.49586142868525873,0.3037874844888841,0.046810182572644375,0.1535409042532127
26094,NA,NA,NA,NA,0.3271664339066745,0.11234050787009091,0.2568453040182407,0.30364775420499396
26095,NA,NA,NA,NA,0.0806249603601323,0.24450349738767377,0.3533371885298129,0.3215343537223811
26096,NA,NA,NA,NA,0.45096068832428526,0.27845257766404846,0.19538661668487523,0.07520011732679077
26097,NA,NA,NA,NA,0.10985038969830893,0.4499242934898842,0.1677804803420947,0.2724448364697122
26098,NA,NA,NA,NA,0.5326877836863845,0.2335227955607215,0.14087422616486017,0.0929151945880338
26099,NA,NA,NA,NA,0.184723447066522,0.36200885325369114,0.19124464709890904,0.2620230525808778
26100,NA,NA,NA,NA,0.6047824025642894,0.17898045332003698,0.11544184723090473,0.10079529688476903
26101,NA,NA,NA,NA,0.5377516802559315,0.35106107824746857,0.04572905280520572,0.0654581886913942
26102,NA,NA,NA,NA,0.13963246602143772,0.23124696107055207,0.2665704161105516,0.36255015679745856
26103,NA,NA,NA,NA,0.05383001344112747,0.5166847284484632,0.2500312734749297,0.17945398463547949
26104,NA,NA,NA,NA,0.09950646108059079,0.29815919071075103,0.25205007851565236,0.3502842696930059
26105,NA,NA,NA,NA,0.3584427739569073,0.18268856652898693,0.13100092032291494,0.3278677391911908
26106,NA,NA,NA,NA,0.06278678200078239,0.5997276665723652,0.1772986424208641,0.16018690900598845
26107,NA,NA,NA,NA,0.3075301571297257,0.25955115082257346,0.3252838022316164,0.10763488981608428
26108,NA,NA,NA,NA,0.18231594741257218,0.14182436434749648,0.4263644991959015,0.24949518904402992
26109,NA,NA,NA,NA,0.23869034630433542,0.2656666729210871,0.24612248433586834,0.24952049643870922
26110,NA,NA,NA,NA,0.39719156243031895,0.2149357898490579,0.28938212113067785,0.09849052658994531
26111,NA,NA,NA,NA,0.14106974535008412,0.04330114943688836,0.6916078677067308,0.12402123750629672
26112,NA,NA,NA,NA,0.05436736642268179,0.591386911587534,0.15054305247437108,0.20370266951541297
26113,NA,NA,NA,NA,0.5090667228716196,0.22193348129687746,0.07783309030590098,0.1911667055256019
26114,NA,NA,NA,NA,0.36439642185908655,0.18300052353041038,0.31235012770401865,0.1402529269064845
26115,NA,NA,NA,NA,0.14913745688854002,0.20291719492905103,0.5866467487065989,0.061298599475810005
26116,NA,NA,NA,NA,0.06998443606052641,0.2522153274026517,0.5276631627615308,0.15013707377529106
26117,NA,NA,NA,NA,0.23506112210497743,0.14771842089858891,0.41658342370189333,0.2006370332945403
26118,NA,NA,NA,NA,0.2170413041130538,0.11751432177459126,0.2704969847971775,0.3949473893151775
26119,NA,NA,NA,NA,0.15007522645219182,0.6069342209352055,0.11964255198878011,0.12334800062382252
26120,NA,NA,NA,NA,0.15997198589317116,0.40819240283574976,0.26513986510282767,0.1666957461682515
26121,NA,NA,NA,NA,0.20378966251493483,0.05555141750901134,0.46141447068523816,0.2792444492908157
26122,NA,NA,NA,NA,0.08057424686191374,0.11064106658029677,0.49450534366914206,0.3142793428886475
26123,NA,NA,NA,NA,0.0419827871443744,0.14478605696295546,0.4689435339304472,0.34428762196222285
26124,NA,NA,NA,NA,0.07849364456551251,0.04374607815431794,0.650565674881215,0.2271946023989545
26125,NA,NA,NA,NA,0.20071552619123034,0.06143126423215772,0.67864543014952206,0.05920777942708991
26126,NA,NA,NA,NA,0.6233461262994723,0.06279571398160542,0.1313197753300772,0.18253838438884512
26127,NA,NA,NA,NA,0.35953855859344164,0.4817093321244504,0.06955875135492313,0.08919335792718482
26128,NA,NA,NA,NA,0.22922431039482163,0.20720194706282738,0.144363861873167,0.4192098806691841
26129,NA,NA,NA,NA,0.047645856539285686,0.4584841794600409,0.37163097003950357,0.1222389939611698
26130,NA,NA,NA,NA,0.5485025898666295,0.12078979266251835,0.1090105482422679,0.22169706922858437
26131,NA,NA,NA,NA,0.40417849964133384,0.07145323622449357,0.29517473614729606,0.22919352798687662
26132,NA,NA,NA,NA,0.1309843609731795,0.08566918186647449,0.5598892834295467,0.2234571737307992
26133,NA,NA,NA,NA,0.053245611687122836,0.5336178139310961,0.2888858845290379,0.12425068985274318
26134,NA,NA,NA,NA,0.12923952156212465,0.6496104271526731,0.15093163934355747,0.07021841194164474
26135,NA,NA,NA,NA,0.1601029018695898,0.30397835573336845,0.3680305036693434,0.1678882387276984
26136,NA,NA,NA,NA,0.2503489783644973,0.37334529357354646,0.21595323574640926,0.160352492315547
26137,NA,NA,NA,NA,0.20656562989120936,0.4996288572817061,0.16486553826872088,0.12893997455836376
26138,NA,NA,NA,NA,0.16217662616692055,0.2999702601511286,0.10321884399327796,0.43463426968867286
26139,NA,NA,NA,NA,0.17846926976549068,0.603075306237537,0.08778085231845319,0.13067457167851912
26140,NA,NA,NA,NA,0.33284598655698666,0.057594717371721595,0.4272868521554719,0.18227244391581976
26141,NA,NA,NA,NA,0.23580567064334204,0.17493656620642176,0.22126758644381028,0.3679901767064259
26142,NA,NA,NA,NA,0.04481528919769756,0.5696143426010423,0.17547362839351655,0.2100967398077436
26143,NA,NA,NA,NA,0.08569228115254963,0.5013628328307818,0.29874643681062524,0.11419844920604341
26144,NA,NA,NA,NA,0.05566639711831591,0.16708963708972707,0.5472667560559821,0.22997720973597494
26145,NA,NA,NA,NA,0.7144123687155026,0.13816107042025416,0.11722792879195894,0.030198632072284248
26146,NA,NA,NA,NA,0.2334863230016616,0.1864901252079137,0.5607812651464363,0.01924228664398833
26147,NA,NA,NA,NA,0.09323905269036038,0.7164531517720212,0.1747238800737568,0.015583915463861687
26148,NA,NA,NA,NA,0.44286357011658917,0.4027719912789123,0.14097883007070627,0.013385608533792255
26149,NA,NA,NA,NA,0.028826079000969233,0.6957189305227452,0.2591526622899197,0.01630232818636575
26150,NA,NA,NA,NA,0.40746265207730875,0.3225614842670249,0.18656919832838562,0.0834066653272806
26151,NA,NA,NA,NA,0.4527161079038028,0.2659683024636128,0.25436340418356806,0.026952185449016276
26152,NA,NA,NA,NA,0.08805558368234097,0.8158311969957656,0.06989527313747014,0.026217946184423215
26153,NA,NA,NA,NA,0.11624792902173389,0.1616467849534322,0.6794453288443363,0.04265995718049765
26154,NA,NA,NA,NA,0.24779367276554642,0.4763482052357385,0.22824470477139958,0.04761341722731549
26155,NA,NA,NA,NA,0.02610304622773292,0.7786583445107328,0.18323251572817578,0.012006093533358617
26156,NA,NA,NA,NA,0.15206459186215615,0.4031973191641756,0.4185490580398831,0.02618903093378514
26157,NA,NA,NA,NA,0.09873880043262635,0.277533331012885,0.6048089066904374,0.01891896186405118
26158,NA,NA,NA,NA,0.5001143315588257,0.4256388980970746,0.06562627854860567,0.008620491795494026
26159,NA,NA,NA,NA,0.10165626567462285,0.2457924003740543,0.6317689868115747,0.020782347139748206
26160,NA,NA,NA,NA,0.20838878468244829,0.24029792755715615,0.5172931425867956,0.03402014517360011
26161,NA,NA,NA,NA,0.10956721561465164,0.5839485888451758,0.28039106460378493,0.02609313093638773
26162,NA,NA,NA,NA,0.20939581687622666,0.1306270372453224,0.6376021129297714,0.022375032948679575
26163,NA,NA,NA,NA,0.768404141570475,0.06628886956879802,0.14384916869773778,0.02145782016298917
26164,NA,NA,NA,NA,0.033429680607288736,0.3379240576071956,0.42828573405213705,0.20036052773337865
26165,NA,NA,NA,NA,0.3052475431950269,0.2110957908184844,0.2601197432475653,0.22353692273892348
26166,NA,NA,NA,NA,0.12636988020837464,0.0595069365743114,0.7375840725198575,0.07653911069745645
26167,NA,NA,NA,NA,0.09319619977895113,0.33996197699027403,0.19902339302224226,0.36781843020853267
26168,NA,NA,NA,NA,0.05428125705507493,0.349240932994674,0.4925981013688343,0.1038797085814166
26169,NA,NA,NA,NA,0.5052427933232461,0.074289092982997,0.27610000790895567,0.1443681057848013
26170,NA,NA,NA,NA,0.08565994843737842,0.5365169272235207,0.20144942410397584,0.17637370023512502
26171,NA,NA,NA,NA,0.0663092325282457,0.14304077787987335,0.6966893498530785,0.09396063973880239
26172,NA,NA,NA,NA,0.11693438124333548,0.3920341250707002,0.31521158514240705,0.17581990854355734
26173,NA,NA,NA,NA,0.0415415716166719,0.3152054951197795,0.5731532019214958,0.07009973134205287
26174,NA,NA,NA,NA,0.09855804125856601,0.2885466981718859,0.4848640218018681,0.1280312387676801
26175,NA,NA,NA,NA,0.06463967690586675,0.66212324214067,0.0503489233070926,0.22288815764637074
26176,NA,NA,NA,NA,0.1673799705669479,0.13683610528893644,0.5811832591775243,0.11460066496659144
26177,NA,NA,NA,NA,0.03571308849222106,0.06010606868801624,0.6532123887075232,0.25096845411223945
26178,NA,NA,NA,NA,0.06663497424670224,0.25111256889760003,0.2139186422887787,0.46833381456691914
26179,NA,NA,NA,NA,0.5118877119958949,0.23623667663165807,0.07683704099864284,0.17503857037380416
26180,NA,NA,NA,NA,0.44914862777991427,0.19435344221208858,0.1010722658758732,0.25542566413212403
26181,NA,NA,NA,NA,0.2781188275735082,0.2807264741785987,0.21899495516763687,0.22215974308025618
26182,NA,NA,NA,NA,0.028454674546883236,0.40931136871106305,0.30953538372487543,0.25269857301717824
26183,NA,NA,NA,NA,0.055675205346238876,0.24789742575455115,0.6541362446821616,0.04229112421704852
26184,NA,NA,NA,NA,0.06272201391230986,0.12580250465400208,0.609372364740578,0.2021031166931101
26185,NA,NA,NA,NA,0.229482190616645,0.6628573539747515,0.04219439725028308,0.06546605815832035
26186,NA,NA,NA,NA,0.17972912572987762,0.11620464541966392,0.5785035267175267,0.12556270213293172
26187,NA,NA,NA,NA,0.635609024246685,0.1474241678461837,0.11440379221010197,0.1025630156970293
26188,NA,NA,NA,NA,0.1309665570233874,0.41281448781983104,0.3700282595521045,0.08619069560467714
26189,NA,NA,NA,NA,0.36114395824242684,0.10288128520504014,0.3712943804337331,0.16468037611879988
26190,NA,NA,NA,NA,0.5126533382109546,0.36910284315576836,0.05795433380152413,0.060289484831752976
26191,NA,NA,NA,NA,0.4259778658200529,0.4575801202944071,0.07390008225481678,0.04254193163072328
26192,NA,NA,NA,NA,0.10266652050959223,0.05427164651851422,0.7767586820159911,0.06630315095590263
26193,NA,NA,NA,NA,0.36647110343190775,0.19531543119665673,0.32913677044086276,0.10907669493057268
26194,NA,NA,NA,NA,0.10129650522753995,0.7222945539595754,0.07212124759411517,0.10428769321876946
26195,NA,NA,NA,NA,0.19731429650149293,0.41303767914643696,0.3210186268182171,0.06862939753385301
26196,NA,NA,NA,NA,0.35619719484065676,0.0891195457801087,0.423301189186599,0.1313820701926355
26197,NA,NA,NA,NA,0.2444642781803886,0.19597396135633172,0.33835814062461445,0.22120361983866527
26198,NA,NA,NA,NA,0.05579504730242936,0.8141488517380506,0.07451840092008398,0.05553770003943596
26199,NA,NA,NA,NA,0.41696690075275017,0.13192997903483672,0.1825152010243303,0.26858791918808284
26200,NA,NA,NA,NA,0.19774387885307765,0.43204750457562774,0.1706523139874609,0.19955630258383375
26201,NA,NA,NA,NA,0.4800561810889462,0.33298012534097676,0.10070276622033209,0.08626092734974478
26202,NA,NA,NA,NA,0.5412949791975247,0.1362881545771091,0.2254584750110629,0.09695839121430341
26203,NA,NA,NA,NA,0.37687342436439747,0.24541454156579282,0.29133187060555704,0.08638016346425265
26204,NA,NA,NA,NA,0.2743806847409492,0.17988822755433775,0.32993176295420845,0.2157993247505047
26205,NA,NA,NA,NA,0.10228198438847916,0.4163152954574825,0.29084044670767795,0.19056227344636031
26206,NA,NA,NA,NA,0.11298585769359007,0.23972990770946698,0.13006131743517274,0.5172229171617703
26207,NA,NA,NA,NA,0.18794292390240436,0.296137487495821,0.3583928058621616,0.15752678273961318
26208,NA,NA,NA,NA,0.49563144949411486,0.08713671273871076,0.2717080429573658,0.14552379480980854
26209,NA,NA,NA,NA,0.2951163530324132,0.5735048228059132,0.02516528506693456,0.10621353909473909
26210,NA,NA,NA,NA,0.6819138932318001,0.12204787968918439,0.055221583702032596,0.14081664337698283
26211,NA,NA,NA,NA,0.33593660805998005,0.42042920019708074,0.09459005609506296,0.1490441356478761
26212,NA,NA,NA,NA,0.11786438624233689,0.5298863812693156,0.21919266307449825,0.13305656941384916
26213,NA,NA,NA,NA,0.29771424578138217,0.395421967679266,0.22329946855523486,0.08356431798411695
26214,NA,NA,NA,NA,0.03477800226487654,0.13624054036353433,0.714530890395052,0.11445056697653706
26215,NA,NA,NA,NA,0.0838805337813445,0.6887887402473937,0.07872862885378856,0.1486020971174732
26216,NA,NA,NA,NA,0.12498960965636097,0.2839067612304697,0.410304294604356,0.18079933450881325
26217,NA,NA,NA,NA,0.15691020142093243,0.11808845822402653,0.4171289994803852,0.307872340874656
26218,NA,NA,NA,NA,0.03451296703373518,0.6633459700941152,0.2292470420486375,0.07289402082351223
26219,NA,NA,NA,NA,0.5365633605658018,0.08057216580748144,0.19031807898851041,0.19254639463820625
26220,NA,NA,NA,NA,0.05981652803950621,0.1161213373333287,0.7341207998670002,0.08994133476016497
26221,NA,NA,NA,NA,0.07486514664730635,0.2620669231649128,0.6271975611527384,0.03587036903504233
26222,NA,NA,NA,NA,0.7643135067721092,0.05690758593618193,0.14939137823320028,0.02938752905850842
26223,NA,NA,NA,NA,0.2696366415096194,0.5373840354050077,0.14860501308585408,0.04437430999951894
26224,NA,NA,NA,NA,0.4210715543901567,0.07346134865657246,0.4739854393473055,0.03148165760596521
26225,NA,NA,NA,NA,0.20944451156984045,0.2694353761334488,0.44119787625769963,0.07992223603901118
26226,NA,NA,NA,NA,0.2586306766402108,0.6751187000880995,0.04258302786678719,0.023667595404902608
26227,NA,NA,NA,NA,0.037356812283262215,0.6180231484421426,0.2971538293022015,0.04746620997239375
26228,NA,NA,NA,NA,0.3501759573133618,0.27832292908857126,0.34209684218579495,0.02940427141227193
26229,NA,NA,NA,NA,0.28118840336536455,0.47146097608193416,0.14095455823112563,0.10639606232157571
26230,NA,NA,NA,NA,0.03474074773457839,0.4517132097956785,0.4831456139080569,0.030400428561686146
26231,NA,NA,NA,NA,0.6032052590281257,0.11441761717823103,0.24780242219178142,0.034574701601861685
26232,NA,NA,NA,NA,0.3065896058586366,0.2496079417691324,0.40274109456007057,0.04106135781216049
26233,NA,NA,NA,NA,0.7186572725677184,0.15142173484516988,0.07120048918460621,0.05872050340250563
26234,NA,NA,NA,NA,0.5441006122452245,0.07320506875497444,0.34982403712942883,0.03287028187037217
26235,NA,NA,NA,NA,0.16916868879595343,0.39419817376236127,0.3210004722876539,0.11563266515403144
26236,NA,NA,NA,NA,0.0858711708995109,0.47544338770569783,0.4008902044014313,0.03779523699335995
26237,NA,NA,NA,NA,0.22258631001410759,0.5072041246005617,0.18320908796723354,0.08700047741809716
26238,NA,NA,NA,NA,0.3000403154738028,0.58841870209177,0.060492515785775,0.051048466648652195
26239,NA,NA,NA,NA,0.42982755453331023,0.18370393867910909,0.3144723018565076,0.07199620493107307
26240,NA,NA,NA,NA,0.10463001479471952,0.06487701856884888,0.7549911244264409,0.07550184220999076
26241,NA,NA,NA,NA,0.028605889828234355,0.1670205246013576,0.7677028516857153,0.03667073388469277
26242,NA,NA,NA,NA,0.02099459465746155,0.5871152704941653,0.3553640725179137,0.03652606233045936
26243,NA,NA,NA,NA,0.17757055563226742,0.5699566345022861,0.14681123170228708,0.1056615781631595
26244,NA,NA,NA,NA,0.17687033153425777,0.27485736243552045,0.41786325587546863,0.13040905015475307
26245,NA,NA,NA,NA,0.14176026437486197,0.04595496916088071,0.767249022535497,0.04503574392876033
26246,NA,NA,NA,NA,0.23043686214694753,0.4036372318079911,0.3430852051993432,0.022840700845718234
26247,NA,NA,NA,NA,0.35190861637930904,0.07252916681188194,0.5394056479544317,0.03615656885437732
26248,NA,NA,NA,NA,0.08892422529310094,0.7623085849499199,0.09333736385619072,0.05542982590078845
26249,NA,NA,NA,NA,0.3345509212668353,0.49191996884974626,0.10033725207491376,0.07319185780850472
26250,NA,NA,NA,NA,0.6733423294558254,0.10482602690572844,0.15663564862871343,0.06519599500973276
26251,NA,NA,NA,NA,0.18563334775657886,0.10778563372066759,0.3765278496864546,0.33005316883629904
26252,NA,NA,NA,NA,0.14255647831018503,0.5832170384303879,0.14057275924498833,0.13365372401443884
26253,NA,NA,NA,NA,0.20051845160469603,0.3343986702956145,0.3389384422040053,0.12614443589568422
26254,NA,NA,NA,NA,0.10321370490965585,0.08072954205228382,0.754958798353394,0.06109795468466639
26255,NA,NA,NA,NA,0.2091216289671357,0.2628754906187029,0.35854690895932423,0.1694559714548372
26256,NA,NA,NA,NA,0.47638724382600717,0.12467025923971194,0.3381759524605555,0.06076654447372542
26257,NA,NA,NA,NA,0.2750234206332443,0.10270166144346964,0.5332404380012506,0.08903447992203546
26258,NA,NA,NA,NA,0.11786291875356326,0.15033561924576766,0.6904461208457763,0.041355341154892755
26259,NA,NA,NA,NA,0.33264381292219786,0.06829890965993046,0.4688825704034231,0.13017470701444858
26260,NA,NA,NA,NA,0.5534069948925948,0.13631825403006412,0.12082909610163281,0.18944565497570814
26261,NA,NA,NA,NA,0.2254029677585495,0.2644601952884239,0.17793215576287458,0.33220468119015195
26262,NA,NA,NA,NA,0.7277669648188578,0.07188834954941595,0.0622710924284386,0.1380735932032876
26263,NA,NA,NA,NA,0.1351421618711787,0.5177043096665072,0.17366672849959347,0.17348679996272073
26264,NA,NA,NA,NA,0.13892329733382439,0.21291669560551219,0.40204105542056706,0.24611895164009634
26265,NA,NA,NA,NA,0.37222046134285236,0.1717269981292086,0.2004014256820775,0.2556511148458616
26266,NA,NA,NA,NA,0.2705425968323342,0.2585964260856646,0.2220942002946655,0.24876677678733572
26267,NA,NA,NA,NA,0.33448818143914455,0.058178113697904967,0.5052882280624124,0.10204547680053812
26268,NA,NA,NA,NA,0.2518607677049391,0.06588240482871333,0.538911920390799,0.14334490707554864
26269,NA,NA,NA,NA,0.4021767245321129,0.14495859263694388,0.2240262553333466,0.22883842749759653
26270,NA,NA,NA,NA,0.23244139437798902,0.5382183180468941,0.1525815473351621,0.07675874023995483
26271,NA,NA,NA,NA,0.30136493114683577,0.11280084525989574,0.47139988197701244,0.1144343416162561
26272,NA,NA,NA,NA,0.14277643522957806,0.5681826623371176,0.1041180986005049,0.1849228038327993
26273,NA,NA,NA,NA,0.3405730014786225,0.18006341889272767,0.2632529775633658,0.21611060206528399
26274,NA,NA,NA,NA,0.5727758781329049,0.13211327971189663,0.2061616291448155,0.088949213010383
26275,NA,NA,NA,NA,0.045582530193795635,0.8310938129787258,0.019506817628190336,0.10381683919928837
26276,NA,NA,NA,NA,0.21851691122750994,0.1094692032097453,0.48629864221666724,0.1857152433460775
26277,NA,NA,NA,NA,0.05349693796871806,0.09136111650247024,0.5512496828635489,0.30389226266526287
26278,NA,NA,NA,NA,0.04027962107787424,0.40046329856356,0.43947949158420424,0.11977758877436148
26279,NA,NA,NA,NA,0.3077235782664173,0.1220581037459222,0.47605704884493566,0.09416126914272473
26280,NA,NA,NA,NA,0.2172195840956304,0.06821754059292887,0.5799752014392011,0.13458767387223958
26281,NA,NA,NA,NA,0.5716378848408076,0.12225157951741825,0.1475122247897816,0.1585983108519926
26282,NA,NA,NA,NA,0.5292836960409519,0.36406985841802175,0.033785108614836565,0.07286133692618982
26283,NA,NA,NA,NA,0.0658925153197504,0.12061614290996062,0.6662601964459933,0.1472311453242956
26284,NA,NA,NA,NA,0.344590887362015,0.49104464028078254,0.05735785750330247,0.10700661485390006
26285,NA,NA,NA,NA,0.07864788626287943,0.06805172361277055,0.7192002496371604,0.1341001404871896
26286,NA,NA,NA,NA,0.3020433603440943,0.19033743192769606,0.472871380231085,0.034747827497124566
26287,NA,NA,NA,NA,0.06704670439879036,0.19539441667209395,0.5858909115857293,0.15166796734338642
26288,NA,NA,NA,NA,0.09087579048896344,0.49357280709297424,0.3599843079068124,0.055567094511249956
26289,NA,NA,NA,NA,0.4344343381262749,0.39736461152259,0.06707112378540432,0.1011299265657308
26290,NA,NA,NA,NA,0.35303698774939846,0.02820222685568862,0.5746484557280924,0.04411232966682056
26291,NA,NA,NA,NA,0.2735396325151449,0.4382258449126072,0.23480867745084524,0.05342584512140274
26292,NA,NA,NA,NA,0.3218194697470653,0.15787810777222813,0.3829776809181631,0.13732474156254346
26293,NA,NA,NA,NA,0.23841557050591702,0.21240482105845482,0.3148191857628238,0.23436042267280432
26294,NA,NA,NA,NA,0.14345706991709384,0.6262018545725784,0.132493856563856,0.0978472189464718
26295,NA,NA,NA,NA,0.291787115569935,0.3176592833889879,0.3188939133705649,0.07165968767051231
26296,NA,NA,NA,NA,0.249069251980313,0.3660758292009993,0.22108285870390929,0.16377206011477852
26297,NA,NA,NA,NA,0.04989330829122354,0.020428879613416006,0.04527454323440783,0.8844032688609527
26298,NA,NA,NA,NA,0.04684089979968739,0.1440421494030166,0.13403470954334984,0.6750822412539461
26299,NA,NA,NA,NA,0.038839025272132816,0.15983296359059004,0.04907672394172606,0.7522512871955511
26300,NA,NA,NA,NA,0.07165369344400042,0.029191469176057524,0.07765776035360819,0.8214970770263338
26301,NA,NA,NA,NA,0.16711337631290907,0.13245522096753257,0.016850185268102107,0.6835812174514563
26302,NA,NA,NA,NA,0.15097420971464068,0.24427370312115013,0.01118354259268863,0.5935685445715205
26303,NA,NA,NA,NA,0.17355020205530744,0.15672460661096096,0.021496129900405343,0.6482290614333263
26304,NA,NA,NA,NA,0.08483046168754031,0.054166440195505657,0.08386846978384248,0.7771346283331115
26305,NA,NA,NA,NA,0.3233036620079245,0.03759980312978232,0.005758797649781798,0.6333377372125115
26306,NA,NA,NA,NA,0.10845867653089389,0.022003093792901527,0.019358445556888964,0.8501797841193156
26307,NA,NA,NA,NA,0.038443221367141615,0.3286777247090194,0.09946260756681821,0.5334164463570208
26308,NA,NA,NA,NA,0.06301357291732425,0.01847681273834788,0.01226361721471766,0.9062459971296103
26309,NA,NA,NA,NA,0.03546684917505222,0.11307034752687742,0.0158918848050412,0.8355709184930292
26310,NA,NA,NA,NA,0.07876526346214348,0.09965387531622202,0.11183437996520175,0.7097464812564327
26311,NA,NA,NA,NA,0.3061258829229106,0.10150267195256316,0.015612111863346982,0.5767593332611793
26312,NA,NA,NA,NA,0.22787922090229062,0.22277960025946375,0.04827557083621237,0.5010656080020333
26313,NA,NA,NA,NA,0.22848548224238843,0.15652787888894903,0.04314855256805942,0.5718380863006031
26314,NA,NA,NA,NA,0.01915480819587153,0.10735737227079352,0.04197700053559136,0.8315108189977435
26315,NA,NA,NA,NA,0.19301891900698112,0.043403306882453786,0.010857405169595212,0.7527203689409698
26316,NA,NA,NA,NA,0.0989276184288215,0.08747892178464646,0.0727190616334009,0.7408743981531312
26317,NA,NA,NA,NA,0.23136124670586825,0.2280928954776885,0.1912431907895453,0.34930266702689794
26318,NA,NA,NA,NA,0.11912124915511174,0.18353684793101963,0.18599716272654487,0.5113447401873237
26319,NA,NA,NA,NA,0.5121457510229145,0.04174506593165888,0.07776062669947277,0.36834855634595387
26320,NA,NA,NA,NA,0.07998835638181409,0.14266982939729003,0.10449375559560538,0.6728480586252905
26321,NA,NA,NA,NA,0.5552489039324849,0.13635574768782704,0.08500818744836917,0.22338716093131888
26322,NA,NA,NA,NA,0.36192163434854246,0.25087201041973617,0.21379485928863748,0.17341149594308392
26323,NA,NA,NA,NA,0.07333122033802196,0.49134131967237576,0.20833536732515465,0.2269920926644477
26324,NA,NA,NA,NA,0.19945419202389505,0.12393227396308674,0.1318437167450003,0.5447698172680179
26325,NA,NA,NA,NA,0.29443772580174543,0.06302999192454616,0.2847273411953302,0.35780494107837824
26326,NA,NA,NA,NA,0.46484954181739807,0.15639507869469446,0.21559502970108063,0.16316034978682686
26327,NA,NA,NA,NA,0.4362836520565838,0.06216447583609378,0.04100566151732284,0.46054621058999956
26328,NA,NA,NA,NA,0.25882911546857496,0.35408773459314014,0.06703756735954365,0.32004558257874127
26329,NA,NA,NA,NA,0.09798145865456745,0.1404438856178007,0.3078093543480625,0.4537653013795692
26330,NA,NA,NA,NA,0.092745582172724,0.11881084869171536,0.14667628536937388,0.6417672837661867
26331,NA,NA,NA,NA,0.40501840653927645,0.06560338274472279,0.13414115666579116,0.39523705405020965
26332,NA,NA,NA,NA,0.20186677649822496,0.2537346563689876,0.08775973882051194,0.4566388283122754
26333,NA,NA,NA,NA,0.20064409469418826,0.09416119425523543,0.14747411804375785,0.5577205930068184
26334,NA,NA,NA,NA,0.511354747865704,0.052673437830109145,0.0608283668042167,0.37514344749997025
26335,NA,NA,NA,NA,0.14515980345171905,0.2882147662391911,0.4491200196325721,0.11750541067651768
26336,NA,NA,NA,NA,0.22691349397368024,0.2514247187661151,0.25506466074162726,0.26659712651857737
26337,NA,NA,NA,NA,0.4113357096653095,0.023155109589637107,0.5019470821213894,0.06356209862366397
26338,NA,NA,NA,NA,0.08169792699029972,0.3636125563923517,0.1434306003183935,0.411258916298955
26339,NA,NA,NA,NA,0.1737710738108396,0.5152795923894734,0.1212805692660257,0.18966876453366124
26340,NA,NA,NA,NA,0.15125982732666302,0.11941484503351038,0.38668251757267025,0.34264281006715636
26341,NA,NA,NA,NA,0.04042523522821441,0.044404932585816695,0.8242879980172534,0.09088183416871545
26342,NA,NA,NA,NA,0.2808533269280916,0.13854673589945138,0.5011263695533853,0.07947356761907157
26343,NA,NA,NA,NA,0.2089181168266261,0.31149966700400034,0.41967873235533143,0.059903483814042126
26344,NA,NA,NA,NA,0.1852782494164595,0.3214045696457817,0.3939424501977499,0.09937473074000884
26345,NA,NA,NA,NA,0.1941652447113778,0.15915854818403347,0.6062322229805227,0.04044398412406599
26346,NA,NA,NA,NA,0.08916219902503718,0.10366878135219716,0.1789007116896325,0.6282683079331332
26347,NA,NA,NA,NA,0.2327053274354224,0.6202807344031089,0.02631102471990498,0.12070291344156374
26348,NA,NA,NA,NA,0.0528233086571068,0.13367735020479218,0.7132251505482069,0.10027419058989427
26349,NA,NA,NA,NA,0.04470520225395435,0.1279290552351256,0.6965756208330198,0.13079012167790016
26350,NA,NA,NA,NA,0.38738651883377545,0.08924652210637292,0.31567410827849507,0.20769285078135666
26351,NA,NA,NA,NA,0.019528476468126166,0.4315657243365611,0.36816486802266774,0.18074093117264503
26352,NA,NA,NA,NA,0.11368921332551055,0.25228124928425866,0.10600749459898451,0.5280220427912463
26353,NA,NA,NA,NA,0.07232337670951333,0.4017583498631107,0.348358383438357,0.17755988998901898
26354,NA,NA,NA,NA,0.2775150901379685,0.4563281589817493,0.11825813489912554,0.14789861598115656
26355,NA,NA,NA,NA,0.14112708987418313,0.19593742634508274,0.19977599603738938,0.4631594877433448
26356,NA,NA,NA,NA,0.27712334732451077,0.07961667380160697,0.5953885519919679,0.04787142688191439
26357,NA,NA,NA,NA,0.04973256125652658,0.2970674075685691,0.21838857657517888,0.4348114545997254
26358,NA,NA,NA,NA,0.17786636540893058,0.14770054654038312,0.6061197897533195,0.06831329829736679
26359,NA,NA,NA,NA,0.21790389144824668,0.1996636480059494,0.14837975917790863,0.4340527013678953
26360,NA,NA,NA,NA,0.28194864996186647,0.42877072429576024,0.19589631702246724,0.09338430871990602
26361,NA,NA,NA,NA,0.12149475801171973,0.17085638180066032,0.5864470686809815,0.1212017915066384
26362,NA,NA,NA,NA,0.3808741839255734,0.11668431130485213,0.13733273843370067,0.36510876633587397
26363,NA,NA,NA,NA,0.06326511792742139,0.6511282100847177,0.09585727934805809,0.18974939263980278
26364,NA,NA,NA,NA,0.6529557884191748,0.17080925458928886,0.04691714391677349,0.1293178130747628
26365,NA,NA,NA,NA,0.056820215179183065,0.4316447420533767,0.21068585024444908,0.30084919252299125
26366,NA,NA,NA,NA,0.41401495743727385,0.11354816619664136,0.32124582729212536,0.15119104907395958
26367,NA,NA,NA,NA,0.400675111545902,0.17632230227894535,0.12043308644793764,0.3025694997272151
26368,NA,NA,NA,NA,0.13476550069338653,0.19340424394084824,0.59071709376956,0.08111316159620524
26369,NA,NA,NA,NA,0.07211730681256305,0.5921419593164625,0.15843960062925871,0.1773011332417157
26370,NA,NA,NA,NA,0.6521980464518011,0.13892067961914079,0.09822689435909766,0.11065437956996044
26371,NA,NA,NA,NA,0.11567671995140195,0.18754786039776647,0.18998508774463707,0.5067903319061945
26372,NA,NA,NA,NA,0.2520600697482757,0.5940254960628418,0.0782962000779356,0.07561823411094683
26373,NA,NA,NA,NA,0.08184040728904977,0.7521712901989414,0.11119517024224207,0.054793132269766696
26374,NA,NA,NA,NA,0.20020268741821215,0.25312998825275795,0.2848241666789937,0.26184315765003624
26375,NA,NA,NA,NA,0.05728164111165202,0.12007928651373252,0.7394583542468425,0.08318071812777289
26376,NA,NA,NA,NA,0.5181886460659122,0.2959127174175729,0.13727751748615077,0.048621119030364125
26377,NA,NA,NA,NA,0.2883286538814488,0.38385224643326865,0.18135123672236922,0.14646786296291345
26378,NA,NA,NA,NA,0.20458497734696074,0.184950343624938,0.4703988941266094,0.14006578490149194
26379,NA,NA,NA,NA,0.06655559615612985,0.14151768335680218,0.7304598118183735,0.061466908668694316
26380,NA,NA,NA,NA,0.10443574194432068,0.40350432510843115,0.3701462655937637,0.12191366735348459
26381,NA,NA,NA,NA,0.5463557417848433,0.06531741098259577,0.33664245879451127,0.05168438843804971
26382,NA,NA,NA,NA,0.3163301669934901,0.3149584760243499,0.2949863658210469,0.07372499116111308
26383,NA,NA,NA,NA,0.2288612057547033,0.6389508963396772,0.0760190262952931,0.056168871610326375
26384,NA,NA,NA,NA,0.14554654260965078,0.1353453965623294,0.6324960990647852,0.0866119617632345
26385,NA,NA,NA,NA,0.1259976988357016,0.491497071641114,0.1363266921260249,0.24617853739715953
26386,NA,NA,NA,NA,0.07498564611816956,0.21175017236832475,0.6203617530600717,0.09290242845343401
26387,NA,NA,NA,NA,0.1318181849835946,0.20957651018535087,0.43524208949136733,0.22336321533968717
26388,NA,NA,NA,NA,0.21709948844654708,0.21270617684673718,0.44050168420071356,0.12969265050600223
26389,NA,NA,NA,NA,0.16019079577605763,0.7042341838747387,0.094895064965726,0.04067995538347757
26390,NA,NA,NA,NA,0.26364648537924107,0.6056515631719647,0.09012341093868989,0.040578540510104316
26391,NA,NA,NA,NA,0.3169155905598183,0.08815795959878966,0.5570921183948915,0.037834331446500516
26392,NA,NA,NA,NA,0.21908277782023486,0.49251610567636606,0.23863906913610958,0.04976204736728949
26393,NA,NA,NA,NA,0.08209742895106803,0.31191838765740054,0.3047595403064488,0.30122464308508257
26394,NA,NA,NA,NA,0.44833038804133124,0.2093008839742262,0.16589575260244696,0.17647297538199574
26395,NA,NA,NA,NA,0.6411827410818722,0.17910492054589774,0.045120043939352955,0.13459229443287704
26396,NA,NA,NA,NA,0.4404021009295556,0.18245881544473466,0.21699313700229908,0.1601459466234107
26397,NA,NA,NA,NA,0.24930764647191947,0.3375694172284511,0.28909252335185903,0.12403041294777034
26398,NA,NA,NA,NA,0.31657008305491274,0.3528250667090991,0.07910998057246996,0.25149486966351814
26399,NA,NA,NA,NA,0.2060026132137566,0.54301996130144,0.12428613666322724,0.12669128882157607
26400,NA,NA,NA,NA,0.5182123098764202,0.16666055029614638,0.1175130081371796,0.19761413169025382
26401,NA,NA,NA,NA,0.20067884025498556,0.49357913158205713,0.23760184354532868,0.06814018461762876
26402,NA,NA,NA,NA,0.04002498541415729,0.5774181345120059,0.14850727150954018,0.23404960856429666
26403,NA,NA,NA,NA,0.18586266266481125,0.6151599455734107,0.09666479665806728,0.10231259510371087
26404,NA,NA,NA,NA,0.5544075059952832,0.09687031308052545,0.15835479994951485,0.1903673809746765
26405,NA,NA,NA,NA,0.022364790279886578,0.8489473339629146,0.023679931365762675,0.10500794439143617
26406,NA,NA,NA,NA,0.23468464680774787,0.10514577608935838,0.563553078280878,0.09661649882201578
26407,NA,NA,NA,NA,0.204067244316394,0.28249861216793376,0.31889753159334827,0.19453661192232394
26408,NA,NA,NA,NA,0.23108368618311367,0.22948172718476256,0.2876489093433965,0.2517856772887273
26409,NA,NA,NA,NA,0.11796173664079912,0.6664570150455537,0.07823421495282046,0.1373470333608267
26410,NA,NA,NA,NA,0.055781386869434235,0.0954742052501925,0.6100416028391088,0.23870280504126445
26411,NA,NA,NA,NA,0.25461527101416204,0.474046774766038,0.23389959417683034,0.03743836004296963
26412,NA,NA,NA,NA,0.3286339874449949,0.5107043494490702,0.09366242805671239,0.06699923504922253
26413,NA,NA,NA,NA,0.15995935101685604,0.08950465599506316,0.6637119022399086,0.08682409074817214
26414,NA,NA,NA,NA,0.18505620142875362,0.1722463335212962,0.35926712659686816,0.28343033845308196
26415,NA,NA,NA,NA,0.18769689986420213,0.4751802537295525,0.29752244439336945,0.039600402012875804
26416,NA,NA,NA,NA,0.05011832717598525,0.26948540854782194,0.6253764361374847,0.055019828138708086
26417,NA,NA,NA,NA,0.08916013639999976,0.6537861880205382,0.12130699413209788,0.1357466814473642
26418,NA,NA,NA,NA,0.2624531695989791,0.234074333178886,0.194841699669095,0.30863079755303985
26419,NA,NA,NA,NA,0.1851262913351539,0.37521258916206834,0.23624953656912648,0.2034115829336514
26420,NA,NA,NA,NA,0.4565100087189216,0.062111742877575496,0.30684695197452033,0.17453129642898263
26421,NA,NA,NA,NA,0.6493366997162512,0.12835014511907472,0.1375867195678606,0.08472643559681364
26422,NA,NA,NA,NA,0.4213882879931511,0.11452546042255887,0.35637788627486466,0.10770836530942542
26423,NA,NA,NA,NA,0.05203949136456184,0.4587072885823616,0.3677448296690548,0.12150839038402185
26424,NA,NA,NA,NA,0.6762000145989672,0.09215582853050412,0.11034796123254864,0.12129619563798003
26425,NA,NA,NA,NA,0.3381847407684557,0.129275226159748,0.4592281917595468,0.07331184131224955
26426,NA,NA,NA,NA,0.1616945170674058,0.0970928943412691,0.6074757600657248,0.13373682852560032
26427,NA,NA,NA,NA,0.1074633654234637,0.5463279487532295,0.23541300168777615,0.11079568413553059
26428,NA,NA,NA,NA,0.3271163795720647,0.39387614984581726,0.14630649712196075,0.13270097346015736
26429,NA,NA,NA,NA,0.02843374537234603,0.7214172190933593,0.16125091366976427,0.08889812186453025
26430,NA,NA,NA,NA,0.4238945967100863,0.32746223145966574,0.20812642842022427,0.04051674341002364
26431,NA,NA,NA,NA,0.44405730851831265,0.4985603066381743,0.03371526468960378,0.023667120153909125
26432,NA,NA,NA,NA,0.10644968975512603,0.564672279039215,0.21426761541725908,0.11461041578839985
26433,NA,NA,NA,NA,0.2706182425403965,0.49974859961524865,0.14252935081847426,0.08710380702588044
26434,NA,NA,NA,NA,0.2842290104969353,0.40711243770443356,0.1985293850151339,0.11012916678349724
26435,NA,NA,NA,NA,0.3512235173800895,0.23052267351621528,0.21722687422834489,0.20102693487535042
26436,NA,NA,NA,NA,0.5395059268781104,0.22111308550947573,0.19403817428850875,0.04534281332390512
26437,NA,NA,NA,NA,0.07347545408317692,0.15101822209270951,0.70029300023248,0.0752133235916336
26438,NA,NA,NA,NA,0.11262256366920398,0.19140466223518127,0.6589994307052922,0.03697334339032263
26439,NA,NA,NA,NA,0.045007536928097225,0.10988248324784301,0.788675322292432,0.05643465753162774
26440,NA,NA,NA,NA,0.07748584297876131,0.6088512442343187,0.2687128879224562,0.04495002486446376
26441,NA,NA,NA,NA,0.16682211059603855,0.6957174955294205,0.09543663976669667,0.042023754107844244
26442,NA,NA,NA,NA,0.49092866109534655,0.3124449622911454,0.09706975709709771,0.0995566195164103
26443,NA,NA,NA,NA,0.725740614099414,0.0800560859408446,0.1556185558440339,0.038584744115707365
26444,NA,NA,NA,NA,0.6400771717906472,0.1880195265716021,0.14229333773282235,0.029609963904928406
26445,NA,NA,NA,NA,0.5232775734210978,0.3439755124361782,0.09000140359155527,0.04274551055116883
26446,NA,NA,NA,NA,0.5132745207151063,0.3815863375211563,0.04626304847067099,0.058876093293066534
26447,NA,NA,NA,NA,0.1844514342745597,0.33653913030116644,0.4558072196257999,0.023202215798473855
26448,NA,NA,NA,NA,0.32682776143037395,0.12926846086595806,0.4925119620221461,0.051391815681521784
26449,NA,NA,NA,NA,0.4470813408745683,0.16579235260635117,0.06221737900913055,0.32490892750995004
26450,NA,NA,NA,NA,0.2726267240945453,0.1723708801084612,0.0319381701842575,0.523064225612736
26451,NA,NA,NA,NA,0.17209618649534453,0.489205855601596,0.2081533404812606,0.1305446174217989
26452,NA,NA,NA,NA,0.06839047646999984,0.43515849053431854,0.1027551250124246,0.39369590798325704
26453,NA,NA,NA,NA,0.06613818195926774,0.3098774035439801,0.4016694483866109,0.22231496611014134
26454,NA,NA,NA,NA,0.27499533154322353,0.09255608582075643,0.2243788975224712,0.40806968511354885
26455,NA,NA,NA,NA,0.056172577732270926,0.462384846249292,0.03743705491930386,0.44400552109913316
26456,NA,NA,NA,NA,0.15538769792194143,0.2241815727118398,0.20264189225551177,0.41778883711070697
26457,NA,NA,NA,NA,0.15967601237634774,0.25601868095416397,0.30396298893833334,0.28034231773115503
26458,NA,NA,NA,NA,0.11067030658258756,0.5066793892356942,0.0731338164672885,0.30951648771442963
26459,NA,NA,NA,NA,0.04938731044796676,0.10333541471019475,0.3306617669110372,0.5166155079308014
26460,NA,NA,NA,NA,0.06838673656190164,0.16022365042695505,0.07887775061733197,0.6925118623938114
26461,NA,NA,NA,NA,0.1609956248131403,0.35015606912976766,0.3242060410681141,0.1646422649889779
26462,NA,NA,NA,NA,0.4190291182702298,0.35105401154892335,0.022578884586986377,0.20733798559386032
26463,NA,NA,NA,NA,0.12122338361894641,0.14297921803561092,0.40540525977785136,0.33039213856759136
26464,NA,NA,NA,NA,0.06177866504328936,0.33965743037416263,0.17985524977342868,0.41870865480911945
26465,NA,NA,NA,NA,0.021449169712211315,0.38192804437868333,0.16218691423067222,0.4344358716784332
26466,NA,NA,NA,NA,0.10246377861462631,0.47151056404955005,0.04888922672271767,0.3771364306131061
26467,NA,NA,NA,NA,0.5824798542974469,0.06169142510456718,0.04183043214197184,0.31399828845601424
26468,NA,NA,NA,NA,0.291669955422881,0.32538861205486164,0.3636484812745898,0.019292951247667667
26469,NA,NA,NA,NA,0.39574918395986824,0.4331121621091982,0.1301564000851109,0.04098225384582278
26470,NA,NA,NA,NA,0.09422217323479808,0.5571685655759973,0.27369019793997296,0.07491906324923175
26471,NA,NA,NA,NA,0.4056560110066817,0.14737411719214447,0.422569663097537,0.024400208703636714
26472,NA,NA,NA,NA,0.05735113298998228,0.11819157603126684,0.8107056951827102,0.013751595796040753
26473,NA,NA,NA,NA,0.7130990704446261,0.1280415812306903,0.09600540686569706,0.0628539414589865
26474,NA,NA,NA,NA,0.03721455227492867,0.16140472848606746,0.7564093785030457,0.044971340735958217
26475,NA,NA,NA,NA,0.5122430402919412,0.1476444532522228,0.2787310649644047,0.0613814414914313
26476,NA,NA,NA,NA,0.07241017951174074,0.6237584432045796,0.2498796148198978,0.053951762463781784
26477,NA,NA,NA,NA,0.1189833826289635,0.17650574794523802,0.6794033356916412,0.02510753373415732
26478,NA,NA,NA,NA,0.3106422450174891,0.4105717788466267,0.2413808315389555,0.037405144596928924
26479,NA,NA,NA,NA,0.0887811574153011,0.24564903569236204,0.6096264579506174,0.055943348941719456
26480,NA,NA,NA,NA,0.37333288439136897,0.4545604432214513,0.14730486719984362,0.024801805187336094
26481,NA,NA,NA,NA,0.08161653105752523,0.2972436552908115,0.5684039571064776,0.05273585654518571
26482,NA,NA,NA,NA,0.12499553973387639,0.14107406798708555,0.7039541068763058,0.029976285402732315
26483,NA,NA,NA,NA,0.35118857047237045,0.11813373582327771,0.48509812698757654,0.04557956671677528
26484,NA,NA,NA,NA,0.16508034051341336,0.08497284036258262,0.7136722085722336,0.03627461055177049
26485,NA,NA,NA,NA,0.09473793883085599,0.7364876075059642,0.1360794314196517,0.03269502224352822
26486,NA,NA,NA,NA,0.31293608808596535,0.3273515771538787,0.25941017084289214,0.10030216391726386
26487,NA,NA,NA,NA,0.01872000746176736,0.18012938183823626,0.7421450016719442,0.05900560902805205
26488,NA,NA,NA,NA,0.23297145012882464,0.3865938164623554,0.262180153006064,0.11825458040275583
26489,NA,NA,NA,NA,0.2410500172894276,0.30611098143408155,0.2702977344197133,0.1825412668567777
26490,NA,NA,NA,NA,0.19587479387734064,0.27919831820470037,0.35193050651527963,0.17299638140267937
26491,NA,NA,NA,NA,0.6240444300739313,0.23202401851201962,0.05475704465708513,0.08917450675696402
26492,NA,NA,NA,NA,0.3182062158306222,0.4368147477111712,0.13693228737205262,0.10804674908615405
26493,NA,NA,NA,NA,0.09185351362326998,0.06031404687801755,0.6755113536179687,0.17232108588074377
26494,NA,NA,NA,NA,0.2911559932327306,0.4840205440975322,0.12767289182996003,0.0971505708397771
26495,NA,NA,NA,NA,0.6273796099693061,0.15165278720914468,0.0530191195796982,0.16794848324185105
26496,NA,NA,NA,NA,0.11080509410747509,0.1681369836880182,0.6602967663568449,0.06076115584766196
26497,NA,NA,NA,NA,0.29972792247879754,0.06009767804594732,0.5542116665375064,0.0859627329377486
26498,NA,NA,NA,NA,0.6866708319698621,0.05436341526768011,0.11769755149066612,0.14126820127179168
26499,NA,NA,NA,NA,0.20930524024379168,0.110562765314937,0.5139100815436131,0.16622191289765825
26500,NA,NA,NA,NA,0.22944134918039905,0.6180445102885798,0.08027657664379516,0.07223756388722623
26501,NA,NA,NA,NA,0.3573340262293154,0.2752304168857536,0.26473665183566525,0.10269890504926574
26502,NA,NA,NA,NA,0.6450026865838447,0.12970501964017694,0.08955591472113424,0.13573637905484418
26503,NA,NA,NA,NA,0.1466423597463672,0.5765163156365093,0.17350488237037573,0.10333644224674787
26504,NA,NA,NA,NA,0.15782295754954817,0.13035931016333596,0.3533419934091063,0.35847573887800954
26505,NA,NA,NA,NA,0.0751555772413386,0.5124617970855079,0.2601336904033616,0.15224893526979194
26506,NA,NA,NA,NA,0.07953460157317735,0.3414840568044393,0.37422700327606856,0.20475433834631485
26507,NA,NA,NA,NA,0.5569042764620276,0.18307966124631647,0.09135434258772218,0.16866171970393373
26508,NA,NA,NA,NA,0.3291017937189507,0.4439926395132454,0.028978513507633624,0.1979270532601703
26509,NA,NA,NA,NA,0.15686361793367767,0.6340683008809229,0.049516872824979116,0.1595512083604203
26510,NA,NA,NA,NA,0.25914387821400403,0.3531398354830447,0.1396806817139267,0.24803560458902463
26511,NA,NA,NA,NA,0.13504518517731853,0.37787503028311725,0.3993592062768714,0.08772057826269278
26512,NA,NA,NA,NA,0.13282232396015298,0.1870435547905073,0.21250955512427508,0.46762456612506464
26513,NA,NA,NA,NA,0.11077870437307206,0.43583522961196003,0.364990871788059,0.08839519422690884
26514,NA,NA,NA,NA,0.11270805932990864,0.52724980719624,0.15904871753798647,0.2009934159358648
26515,NA,NA,NA,NA,0.2163401525393537,0.21821423882915275,0.481727905505655,0.08371770312583858
26516,NA,NA,NA,NA,0.21854444918965718,0.17141316358286607,0.2515693600517429,0.3584730271757339
26517,NA,NA,NA,NA,0.32740746673297283,0.22862977199849768,0.23199776913121056,0.21196499213731898
26518,NA,NA,NA,NA,0.18038731100001626,0.08184513457513638,0.46739775252764926,0.270369801897198
26519,NA,NA,NA,NA,0.4295939844849027,0.2648851904166091,0.10839245801231906,0.19712836708616907
26520,NA,NA,NA,NA,0.7165968413247568,0.07097764524114333,0.05234804142658922,0.1600774720075107
26521,NA,NA,NA,NA,0.24170228091041746,0.488985895050544,0.08096042299215613,0.18835140104688247
26522,NA,NA,NA,NA,0.8318312419402617,0.05110735166620756,0.044138211836199766,0.07292319455733075
26523,NA,NA,NA,NA,0.10073335620763033,0.34111858335573103,0.39915788189382495,0.15899017854281364
26524,NA,NA,NA,NA,0.3820231915473285,0.1451659196281764,0.13040591388642966,0.34240497493806543
26525,NA,NA,NA,NA,0.2683537284879525,0.15582349310034962,0.13571010994530033,0.44011266846639746
26526,NA,NA,NA,NA,0.06162090912373276,0.5011687771032693,0.32959573944031184,0.10761457433268591
26527,NA,NA,NA,NA,0.22974490280744897,0.14239793531368056,0.36638640400559835,0.26147075787327206
26528,NA,NA,NA,NA,0.035426841686123874,0.6060878200881821,0.20432815020366815,0.15415718802202583
26529,NA,NA,NA,NA,0.33355517104233484,0.1558635624029479,0.3854448384609701,0.12513642809374725
26530,NA,NA,NA,NA,0.6158595506969978,0.17973739156924132,0.10004183681440557,0.10436122091935532
26531,NA,NA,NA,NA,0.1954793218246428,0.178603984980609,0.47297242292031605,0.1529442702744322
26532,NA,NA,NA,NA,0.19571896838790764,0.6270264141000825,0.06260641161962631,0.11464820589238343
26533,NA,NA,NA,NA,0.08629306173962989,0.5960616343456897,0.09361456986897851,0.2240307340457019
26534,NA,NA,NA,NA,0.6263401858172865,0.15069414944561707,0.12777305949119624,0.09519260524590029
26535,NA,NA,NA,NA,0.03965258043929914,0.4401126848448834,0.37936913651226734,0.14086559820355024
26536,NA,NA,NA,NA,0.16557286913141311,0.14897499998891325,0.17386638402001175,0.511585746859662
26537,NA,NA,NA,NA,0.2687649590964507,0.39680482494454833,0.11973182778646567,0.21469838817253534
26538,NA,NA,NA,NA,0.06342479212023683,0.06466691169514983,0.6280679301255698,0.24384036605904347
26539,NA,NA,NA,NA,0.06386892349263755,0.3094522739953598,0.47534615663437135,0.1513326458776312
26540,NA,NA,NA,NA,0.3099919077769803,0.396966093848257,0.191959155943956,0.10108284243080666
26541,NA,NA,NA,NA,0.2672148951141086,0.20523283596988326,0.05635310488351429,0.4711991640324938
26542,NA,NA,NA,NA,0.4340842722663012,0.24044181935508144,0.14447318694711103,0.18100072143150633
26543,NA,NA,NA,NA,0.22867626154048698,0.3954671758278142,0.05697800269271323,0.31887855993898545
26544,NA,NA,NA,NA,0.08757324695064884,0.61972106332974,0.10192963291887612,0.19077605680073514
26545,NA,NA,NA,NA,0.27328924339528216,0.2623288390132703,0.1317954873468481,0.33258643024459944
26546,NA,NA,NA,NA,0.2595887376556371,0.37990319802335376,0.241021239256192,0.1194868250648172
26547,NA,NA,NA,NA,0.6501514080212628,0.11293140735648427,0.0520660870066894,0.1848510976155635
26548,NA,NA,NA,NA,0.5047214258959309,0.14650840242132188,0.2743247961320318,0.0744453755507154
26549,NA,NA,NA,NA,0.06873273929949346,0.10159048045319044,0.6559380760144324,0.1737387042328838
26550,NA,NA,NA,NA,0.12992663588953157,0.2692641416441223,0.48767248461237556,0.11313673785397042
26551,NA,NA,NA,NA,0.09653686033462887,0.41578363266915846,0.40651710581816647,0.08116240117804614
26552,NA,NA,NA,NA,0.4444161466530027,0.12246140700856217,0.2771690942111965,0.15595335212723851
26553,NA,NA,NA,NA,0.0990989566053842,0.6074126453318963,0.14289474424717905,0.1505936538155403
26554,NA,NA,NA,NA,0.318482870281199,0.3012151383754741,0.3189986879052504,0.061303303438076634
26555,NA,NA,NA,NA,0.12598521296099977,0.06854144563935954,0.5580851519330569,0.2473881894665838
26556,NA,NA,NA,NA,0.18463307768123347,0.13143974619499083,0.37747291681846556,0.3064542593053101
26557,NA,NA,NA,NA,0.32172204357097667,0.15218756605708975,0.12098365025686231,0.40510674011507125
26558,NA,NA,NA,NA,0.13096438302509766,0.27495495621293536,0.5233122501398657,0.07076841062210133
26559,NA,NA,NA,NA,0.4354447695808243,0.3408571304775909,0.04291165974168322,0.18078644019990164
26560,NA,NA,NA,NA,0.11536311019284205,0.3194123702481187,0.4629839993831143,0.10224052017592494
26561,NA,NA,NA,NA,0.07105332786724848,0.649342535796316,0.07688311995750556,0.20272101637893
26562,NA,NA,NA,NA,0.13017456919228979,0.35029180729771153,0.4118862883389125,0.10764733517108624
