No,Ch1,Ch2,Ch3,Ch4
21566,0.22316529211712588,0.12585093464756927,0.5394319531289278,0.11155182010637704
21567,0.036283016344111026,0.32305033933787214,0.5655866113434116,0.07508003297460532
21568,0.32067152476406474,0.4206339923935,0.1869286477751114,0.0717658350673239
21569,0.44631519057021046,0.16059832679061437,0.32993246314826397,0.06315401949091118
21570,0.25124561245361315,0.18405599849503046,0.5446777366750906,0.020020652376265866
21571,0.07954950324708131,0.8120267975788841,0.07715945650929691,0.03126424266473772
21572,0.19625590806279966,0.07000122005975887,0.6435140394892779,0.09022883238816354
21573,0.1526195217019976,0.24348249440973468,0.32129463981714934,0.2826033440711184
21574,0.1495279301617363,0.3262245554364995,0.4563833726418459,0.06786414175991826
21575,0.031396983062644865,0.07470307123051079,0.8547971284638796,0.039102817242964806
21576,0.2446477403114637,0.14446493413554298,0.43059335845512814,0.18029396709786522
21577,0.15452458083987983,0.11824571918127465,0.6975467919099598,0.02968290806888571
21578,0.21176324186791315,0.3663599634870953,0.27893305974600047,0.14294373489899106
21579,0.06783185297049417,0.2181386398677296,0.3235133459750282,0.3905161611867481
21580,0.13782395223456204,0.43571866456085234,0.24705969255814783,0.17939769064643768
21581,0.24880685445527975,0.1755334992283938,0.369227163419842,0.20643248289648444
21582,0.06034482696665052,0.20658132978692292,0.6185930183936714,0.11448082485275504
21583,0.08064972690625948,0.2880008653785237,0.42548608048480363,0.20586332723041315
21584,0.36121120380594063,0.2587398596041813,0.14100826806618938,0.23904066852368874
21585,0.384292922964057,0.22076966606687762,0.14800312004792107,0.24693429092114427
21586,0.09869619877168127,0.5011432538445998,0.28356227013943724,0.11659827724428178
21587,0.02796801202769744,0.5085252829517495,0.25648917551731487,0.20701752950323823
21588,0.030941040678571514,0.05246794142479083,0.659883599839891,0.25670741805674674
21589,0.11665014440004837,0.0580121176570895,0.6513919751975825,0.17394576274527973
21590,0.024956599532408388,0.08085435047938419,0.7176104232261424,0.17657862676206496
21591,0.03933709752288908,0.28468977094915926,0.4172313353902298,0.2587417961377219
21592,0.14745763890830646,0.23558697778723875,0.06505689872719692,0.551898484577258
21593,0.6532829684444004,0.13022986063024733,0.14715132130130132,0.06933584962405098
21594,0.13140484840763123,0.16108411594344443,0.2801469080114347,0.42736412763748965
21595,0.483214995211905,0.06415295567708192,0.060580231625869396,0.3920518174851436
21596,0.0786212702245699,0.8262349894064818,0.04907297428548215,0.046070766083466205
21597,0.48013712996163876,0.17474035157107298,0.0651204347561105,0.2800020837111778
21598,0.07649296185393165,0.3623448180570482,0.3801185494577917,0.1810436706312283
21599,0.2679258526211033,0.44258783134745827,0.17607136712144025,0.11341494890999805
21600,0.10901530658055097,0.19588759338157474,0.04184434130348808,0.6532527587343863
21601,0.05148673021811869,0.12738571808122676,0.3252233212107595,0.49590423048989496
21602,0.02881154431768619,0.5673626409058398,0.29715862546028843,0.10666718931618563
21603,0.5764293080144159,0.053631474188602285,0.12620787075616813,0.2437313470408137
21604,0.04956856047074,0.0792800778342353,0.7163701058578491,0.15478125583717559
21605,0.048313943300589135,0.03439893338796515,0.8485922965617775,0.06869482674966824
21606,0.46870837069406734,0.026817588064724614,0.37280578371906725,0.13166825752214079
21607,0.644331978545533,0.0834098394655889,0.04524352647172456,0.22701465551715352
21608,0.16437757378403442,0.6984412991462692,0.011261099890614476,0.12592002717908182
21609,0.04371948817910194,0.07011001498404654,0.659585145433442,0.22658535140340938
21610,0.32107038601959814,0.46549524683124466,0.018401776640257342,0.19503259050889993
21611,0.060602119698214434,0.0404433818290508,0.7583311047133089,0.14062339375942587
21612,0.761109681873193,0.05653068793855056,0.15275522113648632,0.029604409051770232
21613,0.015184034552417191,0.20253218852390714,0.6017002221166482,0.18058355480702737
21614,0.08160794685984796,0.4719560733242915,0.3615608681671979,0.08487511164866268
21615,0.4439392755331149,0.3651514515717708,0.01695939443801254,0.17394987845710175
21616,0.08733441976617462,0.013989648033916719,0.8480920341382726,0.05058389806163606
21617,0.20259874988692594,0.4108293300571926,0.2646837616963039,0.12188815835957743
21618,0.3511870172855548,0.0814820671559172,0.36198852358929773,0.20534239196923026
21619,0.2395257922487288,0.22574821496720965,0.05384586677114696,0.48088012601291463
21620,0.05901409907260722,0.8496147891851165,0.04342776429999172,0.04794334744228454
21621,0.170738463642098,0.430097225622765,0.17706841533369294,0.222095895401444
21622,0.06707739705014779,0.4597824461162232,0.16961981791510747,0.3035203389185215
21623,0.2753827087172565,0.5856721581787665,0.09823004306242068,0.040715090041556226
21624,0.36424264394171035,0.5338079683220434,0.06822447338071477,0.03372491435553155
21625,0.15801551553314436,0.14558207633318238,0.6355677938057034,0.060834614327969855
21626,0.488048372267127,0.24344719609473017,0.21500484540142129,0.053499586236721554
21627,0.1941838178763046,0.26320862489419694,0.49282129914131556,0.049786258088182905
21628,0.12780317322568605,0.7141982124462865,0.13584771411762026,0.022150900210407276
21629,0.5072116398889863,0.298363945560026,0.12708080768276045,0.06734360686822724
21630,0.29947947604614,0.30636512691274687,0.2653357124940637,0.1288196845470495
21631,0.2472638774045519,0.23431853035042913,0.4921940191372057,0.02622357310781327
21632,0.1239410722896916,0.30102578410931524,0.5028207153075558,0.0722124282934374
21633,0.21602840597931933,0.44345544462821307,0.24334042653808394,0.0971757228543836
21634,0.20086158010426097,0.7106346874413108,0.07748027198026414,0.011023460474164113
21635,0.042817653183248656,0.6852385663443898,0.2620122577113105,0.009931522761051094
21636,0.49048326061445185,0.33948499587657355,0.10109349318690455,0.06893825032207004
21637,0.38408068944398355,0.4985500694762471,0.08835539274718157,0.029013848332587834
21638,0.21699282296141978,0.6304469623999797,0.1356120374374494,0.016948177201151195
21639,0.10016293795593775,0.7796178055825692,0.10236341147460568,0.017855844986887387
21640,0.3327876609263517,0.4833190229410144,0.1676129473045492,0.016280368828084677
21641,0.35408265472591494,0.30416049662211464,0.32270081797437633,0.01905603067759407
21642,0.6371629918853454,0.15359390721268973,0.14669828764745171,0.06254481325451305
21643,0.1136957497389662,0.17612725405326055,0.645128427786436,0.06504856842133717
21644,0.4007476026828462,0.2216706112935868,0.24328282154197256,0.13429896448159448
21645,0.07910070808538856,0.7100366526747692,0.12915831299929567,0.08170432624054658
21646,0.13784766559809275,0.12050915404434527,0.663781154000669,0.07786202635689297
21647,0.35234868577606054,0.1539499250659349,0.3930998076635819,0.10060158149442264
21648,0.29623831817319657,0.058003358803139796,0.573093352777693,0.07266497024597061
21649,0.726550372979416,0.06339580921393274,0.175213651217982,0.034840166588669196
21650,0.2614318652635931,0.40753099013536176,0.23990407128973426,0.09113307331131087
21651,0.43026361474000685,0.11091661103474226,0.2538861197586082,0.2049336544666427
21652,0.25778440493776256,0.12928328007298534,0.26942425758732047,0.34350805740193174
21653,0.7685522295083709,0.10015236653141454,0.0955020911505155,0.03579331280969898
21654,0.6768703545323429,0.1061942051947882,0.19468646479956841,0.022248975473300504
21655,0.6096302408810363,0.043318858875245385,0.30967483859037626,0.03737606165334199
21656,0.5622454062013745,0.09467649664841882,0.23326428042097452,0.1098138167292321
21657,0.6860990134854598,0.050252333367233795,0.18688290796704832,0.07676574518025817
21658,0.48477331826418196,0.12042161262943553,0.29843516671066206,0.09636990239572042
21659,0.8170708667618879,0.057651768252822096,0.07256649719364691,0.05271086779164298
21660,0.23298631837179481,0.08830048744658828,0.4431464634264297,0.23556673075518716
21661,0.3199381367724961,0.4555456445045287,0.11578970908150715,0.10872650964146807
21662,0.05989413260904202,0.8390007936327623,0.043724243851741715,0.05738082990645395
21663,0.22371351873197284,0.13604611237526304,0.6176131415427268,0.022627227350037284
21664,0.07933802781476147,0.5384365338261164,0.2660111538374861,0.11621428452163603
21665,0.34079899330059243,0.40323553706599913,0.18646639050466757,0.06949907912874086
21666,0.13270951725747526,0.43414909604854873,0.3668993574888104,0.06624202920516548
21667,0.025786427834427215,0.5303946539853703,0.3948843832243821,0.048934534955820355
21668,0.473638418706813,0.23126997007875782,0.22662272794147192,0.06846888327295726
21669,0.37587023685328164,0.33961350187895034,0.14388035957723191,0.14063590169053608
21670,0.136214621709854,0.7068378092093482,0.10675274157771843,0.050194827503079284
21671,0.07477255509968062,0.3421007211464194,0.5741028925315116,0.009023831222388479
21672,0.08573773875759234,0.23914160466398193,0.6220036956051415,0.05311696097328429
21673,0.40419187161649395,0.45330101329483624,0.03449152244827993,0.10801559264038982
21674,0.49802468979872233,0.13718275413127762,0.31304677575819245,0.05174578031180762
21675,0.5793039685357751,0.18525483636083395,0.11377116657179961,0.1216700285315913
21676,0.026438008635668604,0.8579405656488861,0.09900894764981934,0.01661247806562597
21677,0.7523464914165965,0.0474644675926506,0.1782314727376054,0.021957568253147458
21678,0.1450498680874115,0.4103072661901114,0.4304017595165587,0.014241106205918537
21679,0.21808509179330163,0.6584657114066239,0.0570006483464085,0.06644854845366593
21680,0.2834676070506727,0.09722318998140395,0.5747414401176508,0.044567762850272565
21681,0.4432237627145853,0.04784992919291396,0.11851933466333558,0.39040697342916514
21682,0.530763912245542,0.25635144238610347,0.048625811450432356,0.1642588339179222
21683,0.4083177149034739,0.019713888777650172,0.3533778309090511,0.21859056540982477
21684,0.4093062782940507,0.04483168073868916,0.3268025861102838,0.21905945485697634
21685,0.14264868841078784,0.43661315140276485,0.08830900323752133,0.332429156948926
21686,0.06201503984516814,0.560069083456906,0.23347036189752476,0.14444551480040116
21687,0.18793900346624265,0.059355273562087134,0.49672461262792206,0.2559811103437481
21688,0.37479581693556313,0.09473527284170762,0.07258567629807719,0.4578832339246521
21689,0.1857504153292364,0.7470001425618507,0.03687863751307522,0.030370804595837707
21690,0.859248136388911,0.10870028454847153,0.011802291876327987,0.02024928718628954
21691,0.23310332933341135,0.5239844181656308,0.10353746052037346,0.1393747919805845
21692,0.029116584289672967,0.37020057468820144,0.562947145987419,0.03773569503470656
21693,0.13461042757191932,0.7180126170897064,0.020456785444348206,0.12692016989402596
21694,0.09333537204335961,0.4099994224129277,0.175406807189001,0.3212583983547117
21695,0.3446356354554942,0.32447499354015374,0.2961744348097847,0.03471493619456729
21696,0.6215717526700657,0.2663460762159608,0.031634772168325095,0.08044739894564834
21697,0.4780517325972967,0.1892844580752804,0.2504083926252556,0.08225541670216732
21698,0.07547820223092194,0.04667273527353588,0.854482016679812,0.023367045815730215
21699,0.31678936174466155,0.48292362869889743,0.01533581729306808,0.18495119226337306
21700,0.44661832847750105,0.1854999397051265,0.08855416605307723,0.27932756576429524
21701,0.5698127908564494,0.1139648995530814,0.05042756543654995,0.2657947441539191
21702,0.0743343485437291,0.22004991672049032,0.10318912719767649,0.6024266075381041
21703,0.09464785921839455,0.31446773295705627,0.03487397668474066,0.5560104311398086
21704,0.08346290411947342,0.2782704025907357,0.23912656572607616,0.3991401275637147
21705,0.13022605093703452,0.03917608229553843,0.39558724760483605,0.43501061916259104
21706,0.0729082173168399,0.4943430893511258,0.023681369998917776,0.4090673233331166
21707,0.05781834048982487,0.583876475149784,0.13603629714757803,0.22226888721281315
21708,0.02764042355643146,0.43974469583026704,0.15200022506065916,0.38061465555264234
21709,0.23810525663139967,0.1176015711944969,0.013629254515058383,0.6306639176590451
21710,0.2475511615709846,0.06209313674528344,0.040952299900131446,0.6494034017836005
21711,0.02836474948851592,0.4619778092897899,0.12091223304393219,0.38874520817776215
21712,0.0785070222693188,0.2822458121193909,0.018416552962631418,0.6208306126486589
21713,0.5809176888332069,0.1284428174703943,0.13699528077302106,0.15364421292337765
21714,0.041978396637634495,0.5503040538855982,0.034140485146549396,0.37357706433021787
21715,0.47314987206692166,0.13579786246829564,0.12701552348677317,0.2640367419780095
21716,0.1185739076096888,0.13413434327135543,0.16134007705553718,0.5859516720634185
21717,0.22752719987375306,0.024064853495447156,0.37441711943592504,0.37399082719487464
21718,0.33738643647726263,0.5386167618022949,0.01875634031870668,0.10524046140173582
21719,0.20356071841712894,0.09883000707020027,0.11607177374852222,0.5815375007641486
21720,0.5131658599660306,0.24569130286803073,0.018908957358922396,0.22223387980701625
21721,0.1353937533867248,0.17521984694105194,0.46314949615792483,0.22623690351429837
21722,0.7381692618177832,0.14541295917805852,0.029466086400687368,0.0869516926034709
21723,0.08966373839767415,0.3387118850706173,0.19374444491159584,0.3778799316201127
21724,0.20764032817622638,0.2748709041426602,0.3440896374400301,0.17339913024108333
21725,0.06380294825977749,0.21210249407736462,0.2252493630808724,0.49884519458198545
21726,0.03338391364039277,0.3465258407150992,0.42139537838368823,0.19869486726081972
21727,0.24702208768260261,0.03479970503783202,0.6395025516563254,0.07867565562323997
21728,0.08261278347309328,0.06734494468930953,0.40299470497046824,0.44704756686712904
21729,0.2494127799352596,0.31923668260899524,0.06001176647342989,0.3713387709823153
21730,0.4489459258063305,0.05870939625884432,0.11582780286898424,0.376516875065841
21731,0.1932628150817057,0.11076761114191071,0.5856487167680225,0.11032085700836108
21732,0.3733776388491609,0.18874082768870817,0.05468312763999716,0.38319840582213377
21733,0.5091816666167999,0.36084851938238727,0.0779268581124351,0.05204295588837781
21734,0.030013497722002475,0.46641260769509446,0.4611774603781096,0.04239643420479354
21735,0.26846210867126435,0.3643449811958362,0.06864339951575696,0.29854951061714247
21736,0.8644895981982713,0.0560203563739664,0.03504040581218622,0.044449639615576096
21737,0.3118551675981004,0.37821320009796355,0.28502086875481636,0.024910763549119645
21738,0.43435856542125123,0.30265084583043256,0.24116406578542493,0.021826522962891302
21739,0.23821457194462015,0.41598569195694435,0.32423650381305275,0.021563232285382792
21740,0.04149602485156076,0.6830345721489602,0.26413907465030084,0.01133032834917814
21741,0.177198455981541,0.5998822920308746,0.1757364335072143,0.04718281848037007
21742,0.31200935714285977,0.3539153610218293,0.29011497826359783,0.04396030357171312
21743,0.542724144613823,0.2845749637664139,0.1274348604146825,0.04526603120508061
21744,0.2901711686047268,0.47646224575340773,0.211550128196865,0.021816457445000468
21745,0.294672835465516,0.22300806101609857,0.4140295698367463,0.0682895336816391
21746,0.49890303103309885,0.37811972971576135,0.08079997161010062,0.04217726764103916
21747,0.3533513754576121,0.5314134485831313,0.09822814773907136,0.01700702822018526
21748,0.28647290346137033,0.6037833917562822,0.09163280983072924,0.01811089495161828
21749,0.06930807197260956,0.6730182788928525,0.22437183101257976,0.03330181812195814
21750,0.10586799413908499,0.2557719841608777,0.5500633764950227,0.08829664520501464
21751,0.6336603591082277,0.10576463374371825,0.22903627996015385,0.03153872718790027
21752,0.5060670461678841,0.2270310155113691,0.18749958027056665,0.07940235805018014
21753,0.3414005532530399,0.40547713034631755,0.18164311767205213,0.07147919872859032
21754,0.05591057281304629,0.7962392247211683,0.08984713275702297,0.05800306970876251
21755,0.26305281882032644,0.4653181077954367,0.20126832191782776,0.07036075146640909
21756,0.0615578788981953,0.29589758206638717,0.09932951977803572,0.5432150192573818
21757,0.20173894134296794,0.4039993253425295,0.018927832288369476,0.37533390102613307
21758,0.08166645426578831,0.2443945335742432,0.10502684368814424,0.5689121684718242
21759,0.22527391715357037,0.3561725671619839,0.20679289289718203,0.21176062278726365
21760,0.10225644289260864,0.013211131651761555,0.4091391727143638,0.47539325274126604
21761,0.07889608935153944,0.04834836413696314,0.5662821613862372,0.30647338512526023
21762,0.04322796127626562,0.7700491216899226,0.028928282642914263,0.15779463439089753
21763,0.5000020103995453,0.04040189818173531,0.011930638857943172,0.4476654525607762
21764,0.2204862126456341,0.020875496311898216,0.6551342711242467,0.10350401991822097
21765,0.33956809773833335,0.10329703813591942,0.0929813443217547,0.46415351980399255
21766,0.037432207446717644,0.28860235834447645,0.019947615315280814,0.6540178188935251
21767,0.043354604758357056,0.1330027304530087,0.39672521681871487,0.42691744796991943
21768,0.06974320803901735,0.414036290037089,0.3434003644160019,0.17282013750789166
21769,0.17624438603325007,0.08442748501817016,0.05337079031129322,0.6859573386372865
21770,0.05131665874200397,0.19441591665008331,0.3855907062034607,0.368676718404452
21771,0.008213755809037495,0.04987286825097616,0.4875616621118682,0.4543517138281181
21772,0.1802963583467607,0.2381784098073722,0.1951166942847529,0.3864085375611143
21773,0.15017138240109415,0.3491096018492735,0.1048604012869356,0.39585861446269677
21774,0.013584594282318696,0.06978710016137196,0.6725693494407821,0.24405895611552733
21775,0.27965266966920066,0.2705172438380315,0.15560253856437478,0.29422754792839306
21776,0.35321332522966714,0.31279264683688873,0.15377391709459812,0.18022011083884598
21777,0.018599932375423803,0.02082009008306225,0.7352868369809289,0.22529314056058503
21778,0.34368542532488733,0.0791275627790187,0.08399424476935442,0.4931927671267395
21779,0.29678320648170803,0.21708343810310604,0.08102081996836805,0.40511253544681786
21780,0.16177467426919973,0.09616574503916595,0.5443249968445841,0.19773458384705023
21781,0.0416398491498106,0.041384218479533,0.7766830974327215,0.14029283493793487
21782,0.5749752422630188,0.03281719010274531,0.354723117490741,0.037484450143495086
21783,0.2881772394407026,0.05504636795526376,0.1709157295861345,0.4858606630178991
21784,0.8491116804771918,0.07198694733265566,0.03906933671869481,0.03983203547145779
21785,0.05891450461732268,0.7098471286430464,0.2103661717319406,0.020872195007690234
21786,0.02230241917446189,0.044476658042074665,0.3268467292674646,0.6063741935159989
21787,0.04955018432005903,0.8216831871399142,0.04183310807001253,0.08693352047001426
21788,0.5469070080320712,0.20921202189852448,0.046095450091617626,0.1977855199777867
21789,0.06781968302756947,0.1861831316786389,0.23687013959773373,0.5091270456960579
21790,0.6853563524407258,0.08188559575550079,0.0615343068639583,0.17122374493981504
21791,0.3524209373837555,0.14582524148892487,0.14739022997231674,0.35436359115500293
21792,0.05063178102614228,0.23403874450974324,0.5782232888373062,0.13710618562680818
21793,0.08795838285096175,0.11555561621406542,0.7358628824620758,0.060623118472896996
21794,0.043460778491036925,0.5753399092565692,0.29161671664107036,0.08958259561132348
21795,0.20009183876060885,0.008890097755103205,0.7453558301389848,0.045662233345303095
21796,0.23764734068709203,0.26041286708695605,0.22403919490516466,0.27790059732078726
21797,0.2808886983626697,0.5194153690597784,0.0667089244516784,0.13298700812587358
21798,0.7186376525432207,0.021340245171625825,0.15421336122920298,0.10580874105595056
21799,0.10439127641720844,0.049630469642850845,0.25485546551573773,0.591122788424203
21800,0.07216018667093992,0.04657401585583875,0.4372016612045229,0.44406413626869845
21801,0.13713817989082222,0.15670056156528345,0.4326992791765278,0.2734619793673666
21802,0.018839634821481804,0.18942129616849565,0.583247463261094,0.2084916057489285
21803,0.0832897136434136,0.09468572144716962,0.6462894534954339,0.17573511141398296
21804,0.2116443041084852,0.5729009862193953,0.052911165195900584,0.16254354447621897
21805,0.7056670939798488,0.033977340138435244,0.0928596764898711,0.16749588939184465
21806,0.08692047489934225,0.4872240410238866,0.22916800195741988,0.19668748211935136
21807,0.10073363809470554,0.46155354609151966,0.14632372180925604,0.29138909400451873
21808,0.2514549749772137,0.1288443905059107,0.144249038637975,0.4754515958789007
21809,0.785379684694,0.023042751497610158,0.04678694213466268,0.1447906216737271
21810,0.8845715347875466,0.02617393918884262,0.06650210874340452,0.022752417280206286
21811,0.207454482918147,0.5799434671575472,0.1758048217677594,0.03679722815654638
21812,0.12171213062171062,0.0333327560032552,0.6134793950120266,0.23147571836300757
21813,0.18550090039066738,0.6187532457790501,0.06305726367513195,0.13268859015515053
21814,0.10616854494474774,0.5716034131974316,0.2671151635838215,0.05511287827399928
21815,0.42682332860128297,0.06570054061890361,0.3390184168938453,0.16845771388596809
21816,0.2628317087460099,0.4355506604696564,0.12360880035264354,0.17800883043169002
21817,0.164864504555932,0.1767177945257572,0.607504136282496,0.05091356463581475
21818,0.05263737933713006,0.09775931353799265,0.5928428320698819,0.2567604750549954
21819,0.23006705236627295,0.21606689635635404,0.1522425711994396,0.40162348007793347
21820,0.7740381985165747,0.10365049278634557,0.08239260868939552,0.03991870000768413
21821,0.11112511927729622,0.22947784339239816,0.501101692558313,0.15829534477199253
21822,0.29863740377892034,0.5862527186905494,0.07712474953397164,0.037985127996558656
21823,0.11653639962659122,0.38476268768046784,0.34450543570424774,0.15419547698869326
21824,0.1224611996183953,0.6381541626350011,0.18982206956193512,0.04956256818466846
21825,0.03295707966971875,0.6632523843138948,0.10299855835660063,0.2007919776597859
21826,0.13611772575022527,0.5775392731238262,0.260317424108665,0.026025577017283467
21827,0.031568050617731366,0.11556008035098399,0.8040315930581715,0.04884027597311319
21828,0.09495601986591021,0.6728772815324995,0.09571070322431459,0.13645599537727568
21829,0.10551409712053364,0.2588713993214197,0.5508205040572615,0.08479399950078513
21830,0.1877941700220676,0.16048179657693337,0.46351076061485147,0.1882132727861475
21831,0.17588682744106682,0.45935500555898223,0.13296282952155644,0.2317953374783945
21832,0.14809084357497632,0.6332500618665244,0.03825712300552895,0.18040197155297033
21833,0.4925167293134816,0.05682637650463926,0.38832527513323484,0.06233161904864438
21834,0.6277327784307053,0.2312723106732385,0.08516769718658768,0.055827213709468554
21835,0.04464202523629588,0.4245048847570928,0.2373528497535867,0.29350024025302457
21836,0.02937045490363579,0.12271256768233557,0.7111085076575191,0.1368084697565095
21837,0.08031391675579809,0.04700290937142505,0.6375347201938815,0.23514845367889534
21838,0.1917582573271552,0.096813383467037,0.640388870694476,0.07103948851133174
21839,0.10048261077703265,0.5824422470234953,0.19816781705045675,0.11890732514901524
21840,0.5758532421064959,0.07013404176091569,0.27243606974858087,0.08157664638400747
21841,0.6117016916035547,0.08243570815857251,0.17904463870610132,0.12681796153177155
21842,0.021445391771419804,0.2829522070048529,0.6416924368451258,0.053909964378601474
21843,0.4304607376169815,0.08232446806876945,0.2749684774808071,0.21224631683344194
21844,0.011055494022051495,0.6768808330978817,0.20628176510567134,0.10578190777439542
21845,0.22729091465288664,0.1319430352231342,0.4858574573855604,0.1549085927384187
21846,0.08402925770793207,0.6375533730490194,0.1365672611885615,0.1418501080544871
21847,0.5635321502330911,0.06424513707734203,0.28779510415493526,0.08442760853463167
21848,0.12595651271023608,0.1624511371547689,0.08070946182801507,0.6308828883069799
21849,0.50035951113809,0.40778013179522626,0.040093100176590776,0.05176725689009294
21850,0.5841454417532136,0.163306666954067,0.08364997637582153,0.16889791491689785
21851,0.1517659056623603,0.7622331250269555,0.04756888515883599,0.03843208415184823
21852,0.4869303306082633,0.23575167935581176,0.21242322487040802,0.06489476516551684
21853,0.10028271267442004,0.28761600455074754,0.45744705890706044,0.15465422386777194
21854,0.5241073162385009,0.149991562643483,0.16064517865823877,0.16525594245977726
21855,0.10112125996518136,0.5970374243979985,0.17541041598648494,0.12643089965033533
21856,0.6545934711508837,0.10277592448048098,0.20852330056063959,0.03410730380799573
21857,0.14675365946515637,0.6406940969429746,0.08025071855777058,0.1323015250340983
21858,0.8729427034285832,0.03566734921489692,0.02184979710280727,0.06954015025371274
21859,0.826792492810583,0.04576599576537442,0.057154082129558734,0.07028742929448382
21860,0.7100250194050913,0.18723944184920688,0.07145949258080624,0.031276046164895516
21861,0.22390190679320432,0.2849296752593701,0.46169857875755743,0.02946983918986802
21862,0.027947097891647187,0.7100828904361385,0.22624538073969264,0.035724630932521616
21863,0.048237763179621855,0.5174578780699358,0.2639640005766305,0.1703403581738118
21864,0.21210684669370722,0.6951403394561542,0.05860573920972,0.0341470746404186
21865,0.18192323350560421,0.2399140669026821,0.5312855210167681,0.046877178574945604
21866,0.4673255573819758,0.11310044891830225,0.36823144982132233,0.051342543878399635
21867,0.07916043181653569,0.14215725807369833,0.3956071293961415,0.38307518071362456
21868,0.3121530825174547,0.09434587957720846,0.4873092502426246,0.10619178766271212
21869,0.40070325886124997,0.0838558316285721,0.23905828846908558,0.27638262104109235
21870,0.31380631619301913,0.28182587965855205,0.26788166506498917,0.13648613908343973
21871,0.866333995503371,0.056443830901269,0.04338952797215086,0.033832645623209104
21872,0.030657731840729716,0.6070847320493062,0.3376575184964074,0.024600017613556652
21873,0.4012059337838287,0.3928435395413769,0.19466568163687764,0.011284845037916744
21874,0.059265144123020454,0.8617897918089675,0.055751852379365516,0.023193211688646607
21875,0.36657351153337725,0.5215460630165621,0.05742922206346101,0.05445120338659966
21876,0.6922222070761507,0.1341064121924138,0.14397359694166276,0.029697783789772714
21877,0.12297279650843816,0.6402322518855209,0.1155145258451934,0.12128042576084758
21878,0.4976243889646555,0.44066642595827704,0.054087733551728925,0.007621451525338519
21879,0.3115412255169842,0.49933014288308203,0.067438023408445,0.1216906081914888
21880,0.37101954204663457,0.1599370194227112,0.4511615315439238,0.017881906986730426
21881,0.11820806557429071,0.42086751109117,0.3943859255625334,0.06653849777200596
21882,0.4063296595427239,0.18338823502118992,0.3364568292395343,0.07382527619655199
21883,0.08464573245226224,0.403735139038669,0.4294424613673869,0.08217666714168192
21884,0.2016268884558304,0.7138321711076633,0.03565180343202676,0.04888913700447961
21885,0.19022824029534813,0.533808175348782,0.09850028868495468,0.17746329567091518
21886,0.41569602813744205,0.3363511567741805,0.15145106392179059,0.0965017511665869
21887,0.34176831843661126,0.05802769024719208,0.5375923278852978,0.06261166343089895
21888,0.06520370967945455,0.5905480169760635,0.3158355388845197,0.028412734459962175
21889,0.08197439706498234,0.2359225393646598,0.4033446148327684,0.2787584487375895
21890,0.22662243778731078,0.20521954686061517,0.20186985007045113,0.36628816528162295
21891,0.5220642947234063,0.05139099010665461,0.35349807077233497,0.07304664439760412
21892,0.06597697687088373,0.4746990033122457,0.0813279113291368,0.3779961084877338
21893,0.09824815073377945,0.44074196933219745,0.0684134919001499,0.39259638803387314
21894,0.08856010049166267,0.07497388807457404,0.31148313879497636,0.5249828726387868
21895,0.012574104585875346,0.06115964584183173,0.89216654773204,0.03409970184025296
21896,0.42688662328504845,0.14642359595197327,0.31976665637154206,0.10692312439143617
21897,0.22311933131492923,0.5101458830486636,0.16732006002269253,0.09941472561371463
21898,0.128329467924224,0.33645982765134175,0.2290228367784288,0.3061878676460054
21899,0.16546496561383414,0.07610423615186944,0.7061348694173019,0.05229592881699458
21900,0.07437796634763755,0.08573175651276457,0.15949473366444566,0.6803955434751522
21901,0.14652498647497927,0.7803557342649847,0.024958148954335527,0.048161130305700454
21902,0.043831253726745886,0.10695471963559185,0.744393576936388,0.1048204497012743
21903,0.0429419393590088,0.05329176822345155,0.796426117626447,0.10734017479109272
21904,0.23682210374520293,0.07461268664424592,0.26728600918801937,0.42127920042253175
21905,0.04106189277596989,0.3161035589285202,0.4732464269634594,0.16958812133205045
21906,0.06010830441394477,0.2805856908539463,0.05751554040488684,0.601790464327222
21907,0.05415338593739576,0.3012781506741059,0.22901785091460478,0.41555061247389347
21908,0.4449283396338089,0.18877395832508345,0.23866279159692805,0.1276349104441796
21909,0.24710107173632778,0.08732825686869496,0.461785393556563,0.20378527783841427
21910,0.419555213400306,0.24217121790549184,0.17154891306952208,0.16672465562468017
21911,0.19689597151711982,0.5617650481734211,0.1918688309353743,0.04947014937408488
21912,0.11070043140904623,0.5922168256861962,0.08684053787850213,0.21024220502625554
21913,0.12728225840195842,0.45398758351364904,0.20606511866016405,0.2126650394242285
21914,0.07703438681302585,0.13828281836927192,0.48914536823099497,0.29553742658670723
21915,0.31451262341847797,0.124008892001813,0.3474769361593811,0.21400154842032795
21916,0.04022131469452384,0.13009346886768425,0.42052689256306525,0.40915832387472667
21917,0.14515369117254753,0.19890546601797107,0.33439666726567574,0.32154417554380554
21918,0.049131084118594126,0.08905461265660526,0.8134227028640549,0.048391600360745676
21919,0.14753459664805438,0.078884140041319,0.7307135196885677,0.04286774362205901
21920,0.226758612105371,0.2750580480914976,0.23121477691076697,0.2669685628923644
21921,0.1657264016014645,0.5872080539463568,0.16223122372820692,0.08483432072397182
21922,0.296626100563791,0.34318357571093244,0.12842230770015717,0.23176801602511934
21923,0.1467427340581682,0.10816382546795739,0.4476302534151077,0.29746318705876673
21924,0.22639255157500465,0.1188311238043346,0.3930659791910927,0.26171034542956806
21925,0.6828967042172118,0.12053455711688862,0.1210656418504151,0.07550309681548449
21926,0.46541279984704614,0.10826832029718085,0.11687658430018576,0.3094422955555872
21927,0.06350031808470523,0.13208025435730222,0.43183850444685506,0.37258092311113744
21928,0.03817723397283951,0.661706386834779,0.029292306344901976,0.2708240728474796
21929,0.013370221388041555,0.018018353054924333,0.0315914259784425,0.9370199995785916
21930,0.0066014918941207845,0.12039923806444526,0.10513687622029258,0.7678623938211415
21931,0.054501022844608046,0.1849326564046004,0.02203804102440364,0.738528279726388
21932,0.02709626603015777,0.026026737160763088,0.2788492391043937,0.6680277577046854
21933,0.02668562555376347,0.24792179268717435,0.01641224928783166,0.7089803324712305
21934,0.05189055687643855,0.2564419741820085,0.09349120789410578,0.5981762610474474
21935,0.048501542082030405,0.08862554799360148,0.06048793273633289,0.8023849771880351
21936,0.060625204199545826,0.09478250288165964,0.047965764253445564,0.796626528665349
21937,0.04123849570745999,0.09559634864057741,0.4085725209738202,0.45459263467814237
21938,0.0108008486421928,0.2756751943644423,0.0885067224651533,0.6250172345282116
21939,0.019587020266544207,0.17698666401689347,0.03947183885649827,0.763954476860064
21940,0.34738274112725953,0.21413046179571638,0.08293390501988422,0.3555528920571398
21941,0.02243164594413379,0.012254262995505893,0.056295502130277626,0.9090185889300827
21942,0.0658715053287612,0.6881592967552609,0.06311579049253464,0.18285340742344328
21943,0.02172060893072855,0.1923394116851121,0.019795378304646404,0.7661446010795129
21944,0.038525349286903245,0.30297825382224086,0.12496620447973728,0.5335301924111187
21945,0.04974820182363058,0.15892389061055626,0.028709697369875126,0.762618210195938
21946,0.28799344895947354,0.31799281715129774,0.0709652116069925,0.32304852228223635
21947,0.4917221066398911,0.24283507124642753,0.06710192109892192,0.1983409010147595
21948,0.045278858606681335,0.6568327247689056,0.10719512995650056,0.19069328666791252
21949,0.092389351365997,0.3267753766922912,0.07453464624477618,0.5063006256969357
21950,0.06121120582700642,0.5248311024497161,0.03391454754554242,0.3800431441777351
21951,0.07825817752216786,0.3089573261407795,0.20494164634870937,0.40784284998834325
21952,0.2536641232977236,0.056471430534979473,0.061486380674909843,0.6283780654923871
21953,0.37598474702140045,0.3031799058642999,0.026026255649887357,0.29480909146441225
21954,0.2134370525195193,0.055749701067276225,0.1132279721539855,0.6175852742592189
21955,0.4091648623621095,0.08206310973533344,0.17968209689253523,0.32908993101002176
21956,0.027037530521420595,0.13217824622718688,0.07112122212452272,0.7696630011268698
21957,0.345783246137222,0.1498388433220297,0.18736105886752827,0.31701685167322
21958,0.0163848161943394,0.831696357348344,0.06289550802392008,0.08902331843339636
21959,0.032512412327539514,0.08961985359342597,0.039264487379805174,0.8386032466992294
21960,0.06924933870735958,0.6840925461439031,0.030469994183105482,0.21618812096563186
21961,0.15050132140838549,0.19939816295018528,0.29022797985468046,0.35987253578674866
21962,0.6295808827226244,0.1822237517899867,0.07046998572696926,0.1177253797604197
21963,0.05510286975161954,0.7142066191108175,0.15677192246542346,0.07391858867213962
21964,0.10326836038520969,0.025173243062404288,0.7752442087446523,0.09631418780773364
21965,0.11399014399856461,0.07896525189734074,0.33498999547688946,0.4720546086272052
21966,0.06678394340363315,0.037657057814318176,0.2731147184176681,0.6224442803643807
21967,0.5829536239531422,0.05711033394130782,0.1506821623295753,0.2092538797759746
21968,0.15942865323710229,0.5531969858042901,0.04762934757342052,0.23974501338518714
21969,0.021448843227203515,0.24570710973907986,0.1545710988963749,0.5782729481373418
21970,0.14378915575350051,0.1807356099898684,0.07073101059464534,0.6047442236619858
21971,0.171571423989829,0.30493515354811496,0.4573833017499399,0.06611012071211618
21972,0.26853897318427056,0.17511606790634612,0.14893429383415727,0.4074106650752261
21973,0.38784803779523797,0.16618817233782426,0.030391966553559385,0.41557182331337833
21974,0.47030006589847667,0.20528236059824911,0.030879842710988772,0.2935377307922855
21975,0.01738448563893112,0.11676223250224377,0.3142405853776634,0.5516126964811617
21976,0.41876711415202733,0.30337149042285994,0.2102088782693886,0.06765251715572411
21977,0.1591628583218173,0.4594557658291002,0.11053111196902887,0.27085026388005357
21978,0.21850876878796993,0.03374587271423711,0.21593233041080545,0.5318130280869875
21979,0.2779447411511092,0.18948230984365103,0.03233789635373216,0.5002350526515076
21980,0.0692907833763818,0.6615736083295085,0.05249379357852428,0.21664181471558544
21981,0.15677189610481262,0.40576406711758506,0.16523167432604896,0.27223236245155336
21982,0.13706930268654682,0.25940934404565485,0.16161539667122926,0.44190595659656895
21983,0.056499400550971614,0.07401757470415078,0.2423106979944649,0.6271723267504128
21984,0.28303093712584176,0.31606698331726923,0.1426900606013404,0.25821201895554863
21985,0.05044540298183571,0.7441297979482048,0.08040501074234233,0.12501978832761723
21986,0.1575638410898103,0.12937547502842722,0.6554953681172653,0.057565315764497145
21987,0.0626705808316093,0.42915125857869957,0.20538630183798484,0.3027918587517062
21988,0.2871075638131012,0.31154225459746965,0.21373444743839295,0.1876157341510363
21989,0.1753798649026063,0.23851291205083644,0.37713332407344036,0.20897389897311694
21990,0.031229158973750743,0.3562879467398183,0.4635592364951785,0.1489236577912525
21991,0.22908978567827398,0.1726576027526724,0.3114344046687607,0.28681820690029297
21992,0.1963059687049301,0.30181838253363585,0.1860596902207054,0.3158159585407285
21993,0.10230322849950887,0.5568833807766943,0.18202767410164114,0.15878571662215568
21994,0.0740606980296825,0.33621612330125517,0.5739938478727836,0.015729330796278657
21995,0.09972663193733272,0.1683605604541265,0.5912535969542181,0.14065921065432271
21996,0.1733454409862356,0.5549722912346333,0.033453776654744374,0.23822849112438668
21997,0.34013633474668686,0.13046033784957786,0.3465289939652606,0.18287433343847467
21998,0.3869264730536143,0.19084413910770417,0.16271258913856082,0.25951679870012073
21999,0.024812952101377246,0.7534712036905752,0.1761147699531136,0.04560107425493394
22000,0.7431706539746935,0.03686846143045289,0.17358537736777063,0.046375507227082946
22001,0.11290473576312185,0.570807383346676,0.2784949112474463,0.03779296964275592
22002,0.2003802824872718,0.5532849211676245,0.11046454397973404,0.13587025236536965
22003,0.04920754079656072,0.2602835599136274,0.5733085522045667,0.11720034708524518
22004,0.5697253047209755,0.21641139890578115,0.057428343819003164,0.15643495255424023
22005,0.41819664436749815,0.045401044699819634,0.1745607080233251,0.3618416029093571
22006,0.04027488573281576,0.3223290225298564,0.24505895199941133,0.3923371397379165
22007,0.22208059129497346,0.528520220577175,0.12768793053277183,0.12171125759507978
22008,0.03855135542820531,0.1791404686128147,0.5964784566309369,0.18582971932804299
22009,0.3539587011016351,0.1423706696669501,0.2514413258731386,0.2522293033582761
22010,0.10978810836407651,0.599714507117116,0.06474362423391426,0.22575376028489322
22011,0.10177754637471498,0.4099168866936017,0.22501408781684815,0.2632914791148352
22012,0.3377791067020434,0.14053972075132473,0.1315435769610035,0.3901375955856283
22013,0.39363677894836363,0.07224911551615033,0.4003696786289187,0.13374442690656735
22014,0.11269491915663082,0.10320664493796561,0.6971724085116916,0.08692602739371194
22015,0.0799220447760559,0.0775344077634393,0.5502060745138208,0.292337472946684
22016,0.03942016622330326,0.567353112898624,0.06320096789345167,0.3300257529846211
22017,0.06213373962598377,0.8024422120984396,0.043362556011332404,0.09206149226424429
22018,0.29561870084213077,0.15697153579220038,0.38157239726317327,0.16583736610249564
22019,0.1958290303013658,0.15081871179316955,0.38103881039606025,0.2723134475094044
22020,0.20677019674083735,0.08702954507994554,0.40997296175920706,0.29622729642001
22021,0.06240312007137325,0.3338341012647811,0.370451043001578,0.23331173566226762
22022,0.36641277853453447,0.054327899282975635,0.1782829979868533,0.40097632419563656
22023,0.2287197026431066,0.0832410719084125,0.269571939997123,0.41846728545135803
22024,0.16722974922767017,0.0236529633874565,0.061193658822109344,0.747923628562764
22025,0.30811634916296454,0.13369132367607414,0.04263888024280711,0.5155534469181542
22026,0.644754343673217,0.06574610494978042,0.01648021707055941,0.27301933430644304
22027,0.17650882862327813,0.11601694249192225,0.05651713801844397,0.6509570908663557
22028,0.20708222300720217,0.07422501893777318,0.029814985613372594,0.688877772441652
22029,0.02187115900837744,0.06421270491138759,0.02649066730471478,0.8874254687755201
22030,0.33641186892876074,0.03921832392928991,0.41359902244591307,0.21077078469603622
22031,0.14401658158139954,0.11818492422987727,0.03542777498211092,0.7023707192066122
22032,0.0399053702485817,0.13886370635210168,0.0359659682916477,0.7852649551076689
22033,0.02823048176203975,0.07277862548398034,0.7786287181294667,0.12036217462451322
22034,0.5096165905381231,0.13516546119684852,0.07330166432208263,0.2819162839429457
22035,0.21723940329107985,0.05813478115702757,0.04254900267574204,0.6820768128761504
22036,0.47706897894837763,0.15219035187961089,0.06123066720407002,0.30951000196794154
22037,0.05638138595879336,0.15793375488881153,0.013321211626034177,0.772363647526361
22038,0.06890686489874065,0.15513222196751592,0.021944423284417147,0.7540164898493263
22039,0.32990103014668887,0.31086204835724124,0.021729576145244983,0.33750734535082494
22040,0.05725513279699922,0.37252695373265887,0.08266035493059029,0.48755755853975163
22041,0.12061904797849554,0.046735541730119776,0.5472274326677231,0.2854179776236615
22042,0.27096146889464706,0.09275770682437305,0.3157317046738849,0.32054911960709487
22043,0.15961930273735173,0.4204455428938409,0.0900115224120926,0.3299236319567148
22044,0.047845414932913756,0.06683308878662386,0.22250793193245275,0.6628135643480096
22045,0.021661588656558144,0.4908046276859342,0.09683999060198284,0.3906937930555248
22046,0.12246172336106964,0.09979856983152822,0.3170561335870527,0.4606835732203494
22047,0.1338939884574321,0.37092222916627454,0.0795046705049508,0.4156791118713426
22048,0.08634614870584086,0.7711334726166463,0.037090455060451034,0.10542992361706183
22049,0.09083580595134617,0.44725023409739073,0.051915967264761886,0.40999799268650133
22050,0.15735135832029593,0.2830125937758877,0.43307417940964793,0.1265618684941684
22051,0.05093934585629853,0.07962218753055299,0.7166915337111881,0.15274693290196042
22052,0.18487848126278292,0.35668873073470164,0.13314223026920283,0.3252905577333127
22053,0.028286785044500353,0.6058562392960141,0.2037195441025708,0.1621374315569148
22054,0.030152001266137457,0.05248753313914354,0.8338179939143056,0.08354247168041339
22055,0.09259161672756408,0.17142200611829758,0.5945256029304928,0.14146077422364553
22056,0.1289172342760513,0.09846789893720453,0.6363442409886355,0.1362706257981086
22057,0.24794476980982885,0.06515953453010984,0.28907762788624236,0.397818067773819
22058,0.16329386925767214,0.6336662180984616,0.11320231053052583,0.0898376021133405
22059,0.2543099932474596,0.34524970940787186,0.04644426788921076,0.3539960294554578
22060,0.1359796185391214,0.2547375729501512,0.047591532233821024,0.5616912762769064
22061,0.08713572885332599,0.1231349624249425,0.541926043655617,0.2478032650661144
22062,0.053487973894669076,0.14272400874830327,0.7178937137244832,0.08589430363254456
22063,0.009915581234824085,0.7993503105287477,0.10248153567687389,0.08825257255955435
22064,0.5161914933486134,0.20140333240751657,0.1349237880120473,0.1474813862318228
22065,0.09840409244252238,0.11985319840684104,0.4867869506471779,0.29495575850345873
22066,0.5370758375856673,0.1042784348250794,0.0641443750327588,0.29450135255649434
22067,0.4279939607694557,0.15321389322467927,0.02815635008955271,0.3906357959163123
22068,0.15532560449011618,0.7521478043583597,0.018671958400772133,0.07385463275075202
22069,0.04813933133951268,0.5568977545995493,0.061091036160557784,0.33387187790038036
22070,0.45456167377444034,0.03641496634752385,0.07102694167268002,0.4379964182053557
22071,0.30588238255133243,0.14289742481689305,0.04706857172953585,0.5041516209022388
22072,0.019290076829697883,0.6391503310727392,0.2964884126103416,0.04507117948722129
22073,0.08267633560190372,0.08620230604771802,0.266566031572031,0.5645553267783472
22074,0.03635899327690877,0.7736315181126486,0.1076631749846838,0.08234631362575884
22075,0.05205349275900677,0.2624990548147582,0.16996024976934015,0.5154872026568947
22076,0.7935705409552224,0.08234294665773112,0.04402214689635182,0.08006436549069461
22077,0.1610832109087287,0.04624951324308258,0.04622922622240602,0.7464380496257826
22078,0.27882679476193695,0.20474260759943658,0.06329130125195874,0.4531392963866677
22079,0.29668989848692456,0.02190911240463869,0.04036387299915885,0.6410371161092778
22080,0.042117178364451585,0.0541170774760389,0.5322421484109688,0.3715235957485406
22081,0.05669585166316212,0.5505089285842346,0.0775642381888638,0.3152309815637394
22082,0.5895325777102908,0.07424464713157887,0.0668988769906369,0.26932389816749347
22083,0.019072364397841306,0.5355554848038949,0.11023000463297825,0.33514214616528554
22084,0.04655549481988412,0.09065034219039472,0.016745352717476958,0.8460488102722442
22085,0.21020162685740695,0.04792056411169216,0.1328972659892317,0.6089805430416693
22086,0.023109244694030855,0.3191187384724425,0.016104804805476713,0.64166721202805
22087,0.0183493203511005,0.01580917674243512,0.424228892190601,0.5416126107158634
22088,0.04988829206069921,0.08785009200453336,0.056563206804583266,0.8056984091301842
22089,0.010802336058530643,0.5576618459130931,0.11450602751505501,0.31702979051332114
22090,0.06881811047633554,0.10384502533722308,0.2191817364007659,0.6081551277856755
22091,0.06521949078580805,0.08115344136293054,0.6644510321314641,0.18917603571979727
22092,0.5943382715536296,0.1506926185322343,0.02287888005570605,0.23209022985843009
22093,0.04584782663962113,0.06224268778189666,0.39675836035844564,0.4951511252200365
22094,0.0791685770225269,0.037664421474550486,0.2770612448705576,0.606105756632365
22095,0.0438937138637073,0.15788081554278924,0.08529640724039135,0.712929063353112
22096,0.06534706814945503,0.016949573968812737,0.7472463313027641,0.17045702657896825
22097,0.34874027900238724,0.01580382124567178,0.057211755479423,0.578244144272518
22098,0.06724078715067525,0.03703453068721109,0.8675310199950286,0.02819366216708521
22099,0.04508298133468594,0.5987494992434534,0.2105926880459372,0.14557483137592345
22100,0.0631521510265577,0.1907584868718493,0.6856989518568751,0.06039041024471796
22101,0.521314156844457,0.2555220026359558,0.12061864116520352,0.10254519935438368
22102,0.09340182476524157,0.48110504381185815,0.16750479835914162,0.2579883330637587
22103,0.22052277447709873,0.44904556724201583,0.169288285974198,0.16114337230668735
22104,0.24199889873011626,0.3774243881434726,0.146159026700607,0.23441768642580416
22105,0.022393859886079774,0.5042849021463144,0.25806474017774234,0.2152564977898636
22106,0.7769403928966393,0.10756241297122571,0.03435434897198165,0.08114284516015341
22107,0.156333696975959,0.07274561841934288,0.6870163738284346,0.0839043107762635
22108,0.45367609790404906,0.19805325125218204,0.18916789830230055,0.15910275254146827
22109,0.2531949945758483,0.5202268334485286,0.1112642900772566,0.11531388189836636
22110,0.09625990443773706,0.09204935230935674,0.3725473781973688,0.43914336505553747
22111,0.5757789611649634,0.16342300227834886,0.09009364950700265,0.17070438704968505
22112,0.05769456004032908,0.26701554593208315,0.5802940315781638,0.09499586244942393
22113,0.060722249914108906,0.676897897810196,0.1653284062692704,0.09705144600642472
22114,0.4306955926952516,0.11988702640039166,0.17989574560246746,0.2695216353018892
22115,0.2649108547195858,0.1699258557785352,0.10389452590015198,0.46126876360172697
22116,0.05394211148059912,0.24630228849270425,0.6388766885279976,0.060878911498698916
22117,0.33897885881638906,0.09306617646554033,0.4568576861321184,0.11109727858595218
22118,0.810407958183906,0.03845596974402198,0.04733127153483546,0.10380480053723658
22119,0.0927532999958931,0.5726362665703356,0.07279082099567043,0.2618196124381008
22120,0.10618752730678763,0.05201128691262005,0.6025634429501154,0.23923774283047683
22121,0.039045041038386304,0.23854827574025605,0.15965673438820868,0.5627499488331489
22122,0.048116126069007524,0.24246643780448612,0.6641423063061562,0.04527512982035013
22123,0.06716019286081676,0.4711321371899602,0.21753162696033873,0.24417604298888426
22124,0.046001690016664196,0.4438719208854279,0.1729091363177554,0.33721725278015263
22125,0.32953960871336363,0.09748933985838619,0.08748297633100843,0.48548807509724173
22126,0.23845980349508744,0.11970784608554576,0.23343833279349435,0.4083940176258724
22127,0.7177366513685277,0.06245726845867206,0.10525870203042496,0.11454737814237534
22128,0.4937382746672511,0.21772631330062914,0.14586586317329633,0.1426695488588233
22129,0.03112514916323291,0.0389166007486052,0.14233036082225375,0.7876278892659081
22130,0.050482674679890455,0.3120347583883372,0.5114939420910205,0.1259886248407517
22131,0.822237532400979,0.04833742542632421,0.06725963934646713,0.06216540282622973
22132,0.10554925944095188,0.26901019205718574,0.34782431678358716,0.27761623171827526
22133,0.019904834643434628,0.09702882410656907,0.6831316973034632,0.19993464394653312
22134,0.41905108235454075,0.1164118560736463,0.15345174938547754,0.3110853121863354
22135,0.7774114233770248,0.021997785396940032,0.03393890455164429,0.1666518866743908
22136,0.21140405158020362,0.12193505014816453,0.025463580322404814,0.641197317949227
22137,0.16049464671608274,0.11494189260264817,0.16199271341945023,0.562570747261819
22138,0.17485754381136823,0.2679383922390841,0.08746221227186006,0.46974185167768756
22139,0.06091857128420621,0.21261368778651682,0.1169673284004561,0.6095004125288208
22140,0.014453661981406898,0.024665070223467183,0.52872200660694,0.4321592611881859
22141,0.014777418589645997,0.17218713815203296,0.19300301609083506,0.620032427167486
22142,0.13494175409444223,0.04240940816566309,0.5944637236947591,0.2281851140451356
22143,0.10251424036415219,0.2000410656590287,0.24361742762656535,0.4538272663502538
22144,0.01592537788908082,0.15216422704401736,0.6868147439936304,0.1450956510732713
22145,0.054875724708727355,0.06944258159272912,0.30073316824419044,0.5749485254543532
22146,0.21904640407736214,0.02608452481415899,0.41060639597726784,0.34426267513121106
22147,0.229400735932744,0.04456508287687769,0.15649286237711424,0.5695413188132641
22148,0.28682134706732604,0.05113799119113792,0.05869817564060462,0.6033424861009313
22149,0.031659559797401864,0.3388198309959389,0.010668918200859414,0.6188516910058
22150,0.056458499696377284,0.05809227684628477,0.6638505878758478,0.2215986355814901
22151,0.0774773534273583,0.043753635480665985,0.35898516955147663,0.5197838415404991
22152,0.13212706778553307,0.031914001834525224,0.02296971642099963,0.8129892139589421
22153,0.019066807842178998,0.388147823363824,0.45832031097926745,0.13446505781472962
22154,0.054813586948274956,0.4537497830467099,0.06536722246301924,0.4260694075419959
22155,0.07331677724071026,0.2921290750117711,0.2516704846543189,0.38288366309319977
22156,0.012933441351461489,0.5488636619961327,0.05242424649013492,0.38577865016227086
22157,0.051983420406475855,0.3503007220432589,0.350215788898462,0.24750006865180313
22158,0.02197732597318951,0.3423696114609333,0.04875373323144032,0.5868993293344369
22159,0.07921917921530826,0.208587657792831,0.4765828187423922,0.23561034424946847
22160,0.047458128117369734,0.10943197970231515,0.054587476500024636,0.7885224156802905
22161,0.019205914785564947,0.2140272509382851,0.07899973530623323,0.6877670989699167
22162,0.04227382083112953,0.23874847827490822,0.2817610030672784,0.4372166978266838
22163,0.29531273515786266,0.06868664834170629,0.0380414634761758,0.5979591530242553
22164,0.011138007560882924,0.01464881509833702,0.49659631749304084,0.4776168598477392
22165,0.024602529653860866,0.5014633501851434,0.05118851051408164,0.422745609646914
22166,0.4017352055117043,0.4844605826548188,0.04249794046887473,0.0713062713646023
22167,0.4283923618937103,0.17253300905189345,0.16946903412709194,0.22960559492730426
22168,0.0958853891684248,0.15604089638208274,0.33063952539731045,0.4174341890521821
22169,0.26720926993652044,0.024549709094113418,0.15692502352130522,0.551315997448061
22170,0.04681209029547927,0.21987585126024772,0.607174563769334,0.12613749467493893
22171,0.039881384681604876,0.25361920929972603,0.28745003078804526,0.41904937523062374
22172,0.02171391985104098,0.10551325743819479,0.0444145461939956,0.8283582765167687
22173,0.11561231751097276,0.5263645591506408,0.04102152742052354,0.317001595917863
22174,0.591577623486181,0.07903423706546267,0.05291358577921864,0.27647455366913753
22175,0.07672898486311062,0.41603403204568973,0.07536173020893895,0.43187525288226075
22176,0.31483075199064303,0.052945481471736146,0.19474934584517384,0.4374744206924471
22177,0.0825703536413041,0.051606057579158676,0.14518326254002437,0.7206403262395129
22178,0.2306210178091591,0.38287586045089095,0.08055743455219458,0.30594568718775533
22179,0.05477006038841908,0.32032841343003443,0.022680971247787587,0.6022205549337589
22180,0.1428586300898658,0.13092718638436002,0.49856667085668777,0.22764751266908645
22181,0.14524373343499558,0.5379639020709329,0.08322311691005649,0.23356924758401498
22182,0.3617276123236932,0.11146627786209755,0.19465787524707603,0.3321482345671332
22183,0.19016128217503223,0.4368101299234022,0.07412859261208923,0.2988999952894764
22184,0.36309494107317986,0.05235087408949548,0.038279112547870225,0.5462750722894545
22185,0.12346173153492741,0.3566181773884088,0.03229834011319148,0.4876217509634723
22186,0.06536095834933085,0.41962193822282434,0.07286636270136856,0.4421507407264763
22187,0.051992242456627265,0.27265454119258614,0.032808530893865824,0.6425446854569208
22188,0.13742157375854916,0.18031470079549156,0.364137480158382,0.31812624528757727
22189,0.16626294543359882,0.033441769843123664,0.5167633475720435,0.28353193715123415
22190,0.04206835020959468,0.49178651513682337,0.06352072275623734,0.4026244118973446
22191,0.24194721206671926,0.1372302632296832,0.43826340564408034,0.1825591190595173
22192,0.13734465003035054,0.11558250241968727,0.1931923292846462,0.5538805182653159
22193,0.12600896575737608,0.1868429370012634,0.06558698067794132,0.6215611165634192
22194,0.2633997739211546,0.22976559323125054,0.016657551329466315,0.4901770815181285
22195,0.21817253861667601,0.5634665952501886,0.191649374342575,0.02671149179056042
22196,0.32548888669662673,0.03353965337097293,0.03548045593225428,0.605491004000146
22197,0.12384274502411005,0.42190823655618326,0.03285064387870243,0.4213983745410043
22198,0.08349537021210769,0.049239459723470984,0.05806696949333782,0.8091982005710835
22199,0.9106212325281141,0.026317455219263656,0.019847833222770835,0.04321347902985141
22200,0.44326189263676125,0.057608730765039334,0.07903241820925677,0.42009695838894257
22201,0.25442441233486596,0.44184054479344687,0.19347835175217523,0.11025669111951193
22202,0.7250030700857663,0.19374705366933095,0.019427485860265565,0.06182239038463727
22203,0.7025488475827153,0.18495112619656787,0.03889782231927643,0.07360220390144043
22204,0.21115573516526429,0.19922460610574363,0.015678181506217602,0.5739414772227746
22205,0.28606688766282284,0.1185950203596819,0.3467199505214177,0.2486181414560775
22206,0.043205839043803304,0.1438336873618338,0.5044191600278305,0.3085413135665324
22207,0.0715473712547691,0.0593277767274471,0.4340929979299798,0.43503185408780404
22208,0.2327438368065381,0.47966573414864555,0.04725627269506576,0.24033415634975058
22209,0.1823312220993151,0.07422506818794056,0.03287506656985053,0.7105686431428938
22210,0.0710638049990102,0.06806770678566601,0.17211573247824255,0.6887527557370813
22211,0.10672173322854651,0.311647119281101,0.01629740926004863,0.5653337382303038
22212,0.016946405549509463,0.37726185091016046,0.2803187061315879,0.3254730374087422
22213,0.04641593407758542,0.1869007154778931,0.12112681177613897,0.6455565386683826
22214,0.030710384106460622,0.20103085617207228,0.3713015477593232,0.39695721196214395
22215,0.052658958756624026,0.11624793083880357,0.690301671742455,0.14079143866211735
22216,0.477542941760658,0.13270483146303128,0.09407569261568849,0.2956765341606223
22217,0.06777159507554588,0.06110647848449258,0.6069044386608057,0.26421748777915594
22218,0.0542864418943783,0.34413399804250094,0.02485248006010555,0.5767270800030152
22219,0.26095699841270187,0.06433122503222051,0.054299875657353995,0.6204119008977237
22220,0.8331559402259541,0.019386171003218624,0.05612624068912072,0.09133164808170668
22221,0.04417773844797614,0.11964323456139032,0.05821108390052941,0.7779679430901042
22222,0.8018308997240027,0.08491133457528537,0.039868271755699444,0.07338949394501251
22223,0.12726839750271224,0.2835805728957472,0.04592261156407305,0.5432284180374677
22224,0.2284827885758082,0.06587661603747474,0.12424938109970093,0.5813912142870161
22225,0.7252426967838205,0.11414839102019006,0.10354152151128143,0.057067390684707966
22226,0.07688961931597893,0.05000007315176961,0.7169840814889828,0.15612622604326862
22227,0.6025989378558972,0.20251133358534854,0.11851600950143337,0.07637371905732089
22228,0.016602200587042145,0.693306350727315,0.04975894092848787,0.240332507757155
22229,0.1757293514788739,0.4272602561346919,0.07767088226605244,0.31933951012038175
22230,0.09960883276231801,0.0490515301675805,0.7915064121519266,0.05983322491817486
22231,0.6793095558653961,0.12906473389335213,0.08798068433075558,0.10364502591049621
22232,0.5805177570326264,0.13560759595317146,0.043412647752611735,0.24046199926159034
22233,0.10315622403901101,0.06393376259010099,0.4928807862056114,0.34002922716527656
22234,0.3637322703770389,0.3103522197806,0.07427017859849427,0.25164533124386673
22235,0.4639778181204811,0.0911493216408222,0.0556195460416855,0.3892533141970112
22236,0.6605184133687312,0.08758802777713144,0.06482959198684826,0.18706396686728918
22237,0.24059662511222155,0.07522583408953132,0.3827998317789286,0.30137770901931865
22238,0.032556783677241664,0.2520642219623777,0.3805207119976274,0.3348582823627533
22239,0.16395301750730132,0.48253625734661526,0.19884676590052183,0.15466395924556153
22240,0.08378139381308644,0.1703443577154429,0.3217508328705064,0.4241234156009643
22241,0.22165600824450452,0.2543596672211567,0.13003163323947622,0.39395269129486254
22242,0.46937666309700693,0.22320463739548646,0.03667064863548991,0.2707480508720167
22243,0.0625950899476664,0.62705529962389,0.05510842890012383,0.2552411815283198
22244,0.17030220447746436,0.5480343266169271,0.16114932456771186,0.12051414433789664
22245,0.36373538783482884,0.09456088118940838,0.08844777607447354,0.45325595490128917
22246,0.05082507348892827,0.6963956541543571,0.048575489430601027,0.20420378292611358
22247,0.04846364986553961,0.04121784528323023,0.7112472370192283,0.19907126783200177
22248,0.5727456894774197,0.09933231920468573,0.24483192745440271,0.08309006386349192
22249,0.07434775269175382,0.13676075886613026,0.33152797885264834,0.4573635095894675
22250,0.4215568013328276,0.06192125677800977,0.1359207506242996,0.380601191264863
22251,0.07006925647012052,0.11331388189625663,0.4580335497859976,0.35858331184762526
22252,0.057981236387700044,0.06173224080431664,0.6134084944611107,0.2668780283468727
22253,0.058740829390376594,0.6836978823239932,0.024614432209526003,0.23294685607610416
22254,0.03772346026002037,0.07510587359348933,0.4687527084218131,0.4184179577246772
22255,0.04606310090508155,0.04025081695014272,0.41170599989575635,0.5019800822490195
22256,0.28420196730934694,0.03513456190748346,0.1469389978721423,0.5337244729110273
22257,0.7005018518940692,0.04390856435013696,0.09601362601035644,0.15957595774543742
22258,0.06316407226229746,0.5551676520955916,0.1493129398466088,0.23235533579550205
22259,0.2667595062908799,0.07220377725462114,0.10566978195743298,0.5553669344970659
22260,0.023040749163751404,0.03548967574709448,0.4551015488381704,0.4863680262509838
22261,0.1925923014849324,0.06116657268950529,0.3424588305706097,0.4037822952549526
22262,0.453815455571357,0.24571983177949397,0.059184993314209615,0.2412797193349394
22263,0.10196364950496925,0.35297357352357317,0.027302035175356853,0.5177607417961008
22264,0.36556671557110465,0.2636729763494055,0.08198919901813638,0.28877110906135356
22265,0.16367119542266614,0.17016938485917293,0.5565746476837413,0.10958477203441953
22266,0.08022865512079967,0.03735708623125115,0.33942000323441796,0.5429942554135312
22267,0.023636895706866914,0.023134068982164618,0.5199081901510594,0.433320845159909
22268,0.35062332980198035,0.13632209153939448,0.069499560390041,0.44355501826858423
22269,0.23272850046905433,0.7109755913331073,0.01736205252288671,0.03893385567495177
22270,0.059768137626241793,0.16756392660134722,0.35693933298641617,0.4157286027859948
22271,0.2021433232515392,0.2995688114439279,0.36587179627751393,0.13241606902701897
22272,0.20201519146497307,0.5517132177412599,0.0511156280271719,0.19515596276659525
22273,0.23859183408074908,0.2139896481677691,0.2693564865852992,0.2780620311661826
22274,0.1941925087683918,0.6548119697131586,0.037755277448631414,0.11324024406981818
22275,0.16464111938760456,0.5086838743623104,0.15673176592989044,0.1699432403201945
22276,0.024331560662466015,0.1890878146461563,0.4653114168783179,0.32126920781305973
22277,0.19776930467648413,0.2893823771206807,0.43831820966422447,0.07453010853861071
22278,0.10947022469866378,0.5685602836593295,0.1751457015144277,0.14682379012757898
22279,0.40501512040708126,0.2918860830557795,0.12326678353762041,0.17983201299951881
22280,0.2933592948215744,0.064603334612382,0.3196697396793593,0.3223676308866843
22281,0.5697782639778385,0.08274193615384917,0.17709588533311135,0.17038391453520102
22282,0.07821606536441218,0.35072592915882217,0.5227345023213641,0.04832350315540156
22283,0.14155305506319987,0.29786401630386117,0.10658372541701273,0.45399920321592613
22284,0.4076249768825882,0.14595095773877403,0.3550037151471458,0.09142035023149193
22285,0.06746577736739343,0.41841307510339437,0.19972543892750866,0.3143957086017035
22286,0.2456731387736442,0.03432867741984372,0.5073288046264781,0.21266937918003392
22287,0.42402652162200555,0.23154219243681076,0.08550193088725037,0.2589293550539333
22288,0.3167813094907337,0.38423272427961563,0.20972553207153746,0.08926043415811329
22289,0.1519559803740245,0.5872934424327174,0.21387648013386792,0.046874097059390246
22290,0.4788702463334364,0.06335458226376445,0.4099307184715525,0.0478444529312466
22291,0.7158419078843682,0.09054878955424073,0.13921355559880538,0.05439574696258571
22292,0.31912689035479225,0.37271996559111276,0.18772678143374127,0.1204263626203537
22293,0.3180904918495244,0.4757415341844145,0.11535313987341841,0.0908148340926427
22294,0.39486510001292197,0.2940558057393568,0.14228649528040968,0.16879259896731164
22295,0.14317285314146957,0.347970170010346,0.4566122806582598,0.052244696189924514
22296,0.32323252574205213,0.11611587930867086,0.4022116652217224,0.15843992972755463
22297,0.15871240712491386,0.2517111927378469,0.5205602427588724,0.06901615737836682
22298,0.27881299378139873,0.3476623587732547,0.2908143677782329,0.08271027966711367
22299,0.05737043906801879,0.8107842014469675,0.08252460801709614,0.049320751467917555
22300,0.6415834926586151,0.265659225063112,0.0424537218321032,0.05030356044616964
22301,0.07166239038009362,0.25313528892966847,0.6531238802745019,0.0220784404157361
22302,0.14647620066501071,0.5894511913685645,0.20171339578486214,0.06235921218156256
22303,0.45146013843484983,0.24749655688077937,0.21509062969624443,0.08595267498812645
22304,0.3612915262221748,0.45532993590123466,0.0704164583025263,0.11296207957406433
22305,0.16581394356615098,0.3653714335385031,0.3520192854036407,0.1167953374917053
22306,0.17245044627201342,0.22660029387837138,0.5566157951204352,0.044333464729179844
22307,0.07153043011853598,0.38162777191253805,0.04136129044135375,0.5054805075275723
22308,0.14275362728831004,0.31059623781661266,0.15855008956258057,0.3881000453324967
22309,0.612672361483202,0.051954260674513315,0.02570772925856336,0.30966564858372125
22310,0.39977950525335515,0.044914806399183695,0.2380196928697374,0.31728599547772374
22311,0.15591152050735319,0.41827311142191415,0.09113899633207434,0.3346763717386584
22312,0.7282911888514821,0.09270470890120042,0.05202412176627189,0.12697998048104556
22313,0.5601118560504377,0.2068716249369324,0.06576231943259608,0.16725419958003387
22314,0.27840116181619007,0.24929538060506393,0.29631690786988724,0.17598654970885877
22315,0.24577207957637512,0.2739029919025387,0.19551305401732424,0.2848118745037619
22316,0.029811501361226126,0.45520148259847326,0.12917510950918268,0.38581190653111797
22317,0.0679152396386501,0.565872311246039,0.17222583506048375,0.19398661405482717
22318,0.1477395949572218,0.05093970405125556,0.6269214512145547,0.17439924977696808
22319,0.37488323879210056,0.2630323679369683,0.045445342196474135,0.31663905107445695
22320,0.1856154041799235,0.3024623073766196,0.39199363414161015,0.11992865430184674
22321,0.32812388939816656,0.1947842014756092,0.14756320401436576,0.32952870511185856
22322,0.024496352375216426,0.1264208767489297,0.6130031373629431,0.23607963351291078
22323,0.026472827567601342,0.29780650047273494,0.1941221549878296,0.4815985169718342
22324,0.0881805456270579,0.3557235870614135,0.3909850783191592,0.16511078899236947
22325,0.2508990441857146,0.2905951163562616,0.055988788005689134,0.4025170514523345
22326,0.5047788436538245,0.03686007063587943,0.12288747668882764,0.33547360902146844
22327,0.4541811012102146,0.11648436724903798,0.34263576335040963,0.08669876819033782
22328,0.26965331298317474,0.06318460541506159,0.20353304212908835,0.46362903947267525
22329,0.3263135221980282,0.07720567880237247,0.1764194210289635,0.4200613779706358
22330,0.22967517936554674,0.1102513349329062,0.0994093672551515,0.5606641184463954
22331,0.16943508238472363,0.15256689299046,0.06216295288289929,0.6158350717419171
22332,0.06709697054064513,0.08222547819448604,0.3096429699292349,0.541034581335634
22333,0.7337542479547908,0.013797939736797316,0.21102321862699985,0.04142459368141189
22334,0.09568301161010226,0.03556931491781881,0.36133666874989645,0.5074110047221825
22335,0.31688074436337443,0.23074396322593715,0.15590583914017928,0.29646945327050916
22336,0.45727241052647216,0.1824473938227263,0.14395133217014663,0.21632886348065497
22337,0.0845795160619048,0.31474217993852016,0.4087138155441871,0.19196448845538788
22338,0.03383763108097865,0.11387968458556547,0.08100716416962946,0.7712755201638265
22339,0.15739358454558017,0.09543409585173804,0.4766799302859356,0.27049238931674613
22340,0.044943790532155185,0.44838323866415397,0.15283777930444453,0.3538351914992462
22341,0.1917388339453803,0.058656390143712364,0.2511664106545978,0.49843836525630947
22342,0.13781345541388898,0.25029966547766314,0.43229481302248024,0.1795920660859677
22343,0.07015543966642923,0.6666017325947156,0.14566636925682663,0.11757645848202856
22344,0.09732568401509557,0.3772671795031547,0.4719224980997344,0.053484638382015386
22345,0.8011000692418625,0.05633580209712189,0.12461077669206855,0.017953351968947165
22346,0.6902741753802829,0.1546838151404063,0.06240821219229698,0.09263379728701379
22347,0.17467903430680856,0.26870645243854313,0.5249020342939372,0.031712478960711006
22348,0.04474163885528398,0.31229357856766277,0.6318897870490369,0.011074995528016432
22349,0.16636292608597525,0.511841242703185,0.3087055707943787,0.013090260416461186
22350,0.2675871418284121,0.25074642509007083,0.46464961046171943,0.017016822619797575
22351,0.20663202349874568,0.17671294325165368,0.6010416286993058,0.015613404550294849
22352,0.6390481102183809,0.09961924157977593,0.2424145726908515,0.018918075510991606
22353,0.20986476552613736,0.10997397405455005,0.636973817593607,0.04318744282570555
22354,0.2828147882026601,0.3968164718212207,0.2815423445803468,0.03882639539577236
22355,0.3929167221959828,0.2006755174150789,0.37782831274656736,0.02857944764237098
22356,0.17927671037521065,0.18552768134875747,0.5854178929333405,0.049777715342691355
22357,0.1816425198332236,0.5148677274493728,0.2714790991531556,0.03201065356424794
22358,0.8291392331306487,0.07919305560391067,0.07933580118738541,0.012331910078055158
22359,0.18910402466576226,0.2741874549973723,0.5235110968836562,0.013197423453209263
22360,0.2320621182691497,0.6569452235655587,0.05775928959570626,0.05323336856958536
22361,0.4140445771857642,0.18713528289850984,0.3329723395075136,0.06584780040821234
22362,0.35097045782383013,0.2392904186073541,0.37433109081974875,0.03540803274906714
22363,0.11416393139183251,0.17303337450456766,0.6149748053165387,0.09782788878706107
22364,0.2953708172987832,0.31768635184521143,0.15235519205665587,0.23458763879934946
22365,0.2228439678264863,0.27400890707326414,0.34332870208708727,0.15981842301316235
22366,0.22900565801812336,0.5048786190325909,0.22476087233015105,0.04135485061913473
22367,0.676337234354092,0.06540418087932437,0.1423757077716318,0.11588287699495184
22368,0.19092584810764915,0.5883318677517543,0.0745902195619932,0.1461520645786034
22369,0.10995696141357472,0.748600583561383,0.09530515638619554,0.04613729863884668
22370,0.058392723373690794,0.632984513031617,0.10636277026485644,0.20225999332983577
22371,0.6317141164601859,0.07921216748776475,0.12610471880251706,0.16296899724953226
22372,0.34923950623615146,0.5243143920774705,0.041116873444452015,0.08532922824192607
22373,0.365021330500616,0.05769514778811699,0.3087071375397497,0.26857638417151725
22374,0.20610394976187832,0.6760393671902578,0.054370075608147855,0.06348660743971606
22375,0.07046676619291824,0.7427329266552521,0.04983005664327891,0.1369702505085508
22376,0.4299638998624378,0.09397025609125943,0.12271326204160773,0.35335258200469505
22377,0.33866758288769555,0.3950480077990019,0.1434014305231016,0.12288297879020094
22378,0.09829042339938979,0.08067271203585459,0.7873430013136463,0.03369386325110929
22379,0.38771669529654335,0.4240812506550041,0.025331320146819762,0.16287073390163273
22380,0.10556323750847187,0.29779058194011016,0.34634568531006144,0.25030049524135645
22381,0.05840852887343491,0.5015571771219138,0.19793316292246244,0.24210113108218884
22382,0.056483510699707584,0.7212798053559625,0.06537018347106507,0.15686650047326492
22383,0.2402389869834326,0.13539998007771822,0.4869260222944715,0.13743501064437763
22384,0.16908314982038675,0.7292608104180957,0.045587160253260386,0.056068879508257105
22385,0.33692488046474983,0.16410020683679055,0.42937298896711,0.06960192373134953
22386,0.17119282770405386,0.40030444583873476,0.40032641306973193,0.02817631338747949
22387,0.20475231890469503,0.09821857431850184,0.36853958887919525,0.32848951789760794
22388,0.39247216852656625,0.3443254249329913,0.19228737160589413,0.07091503493454837
22389,0.16968374417386461,0.2353576650206415,0.5283552996013486,0.06660329120414532
22390,0.273598249022535,0.39174758172528723,0.070920555461515,0.2637336137906629
22391,0.5724935457361009,0.1215078448375331,0.17964265429650414,0.12635595512986184
22392,0.20354013412708047,0.4758039849056026,0.22914606158693235,0.0915098193803845
22393,0.07658362959266425,0.14676081802093524,0.7379291241022481,0.03872642828415238
22394,0.13990507414257983,0.43638780943655386,0.24973930879351283,0.17396780762735353
22395,0.5535379163258398,0.22572536574307753,0.14570388582953972,0.07503283210154296
22396,0.05666566681319799,0.07888224414236263,0.37216421441811476,0.4922878746263247
22397,0.6953172496680744,0.2037354037840593,0.04570703860639211,0.055240307941474255
22398,0.13904099145038462,0.12544390265696642,0.6663225628132513,0.06919254307939755
22399,0.07959456437557264,0.18863550291863224,0.6954194043297781,0.03635052837601691
22400,0.04606762401177044,0.07404755620853203,0.8112121832159237,0.06867263656377377
22401,0.8564184354556578,0.033653194937158265,0.057729529669626634,0.0521988399375574
22402,0.14668246599884102,0.5346165058199467,0.2430904412329723,0.07561058694824006
22403,0.24993311613176294,0.2728578457564718,0.31920585981772903,0.15800317829403623
22404,0.5142681816011501,0.038256445289101285,0.4256047178444511,0.021870655265297585
22405,0.04309295113117123,0.7277774643223283,0.06428090153885604,0.1648486830076444
22406,0.07887784393953189,0.742917941499776,0.08570589971300294,0.09249831484768932
22407,0.1970791101115675,0.10913114949321982,0.4087348934592437,0.28505484693596905
22408,0.027735241077831933,0.08533118360531772,0.8640735925455263,0.022859982771324085
22409,0.4724627549099871,0.17066511060849546,0.33040250018672074,0.02646963429479659
22410,0.3600576688665347,0.38007519789493266,0.23135929290265542,0.028507840335877308
22411,0.1188776111842641,0.6402520069841322,0.1958945587450199,0.044975823086583745
22412,0.22835761511859537,0.170636724879798,0.573365653979594,0.027640006022012543
22413,0.0580535535314892,0.08727849081544534,0.42698685344307313,0.4276811022099924
22414,0.1330228110449011,0.8269070034596945,0.01988590056041827,0.020184284934986193
22415,0.026289698922095848,0.14623055815673955,0.7977086635295957,0.029771079391568908
22416,0.032337083604557934,0.08052699452972586,0.8289525682941029,0.05818335357161319
22417,0.47632236274207457,0.08195151947707865,0.21470226528799521,0.22702385249285154
22418,0.01341316710495938,0.5976146932079117,0.34337840456179325,0.045593735125335766
22419,0.05630780776563333,0.6949240110091708,0.07302249488893349,0.17574568633626253
22420,0.041601504054753755,0.7558812162456385,0.10603626707441256,0.09648101262519512
22421,0.25472193704985513,0.04420942083015263,0.6394942581502837,0.06157438396970853
22422,0.052036232866742964,0.2964368220536152,0.1432292615476576,0.5082976835319842
22423,0.05963417614632682,0.11514550302086551,0.7708876259588484,0.05433269487395931
22424,0.7036181207255238,0.10740040085328323,0.063795557000129,0.12518592142106397
22425,0.1447868874351123,0.3653597556848676,0.07646508476875566,0.41338827211126444
22426,0.34024707702717255,0.2273720565789459,0.13473934230116008,0.29764152409272143
22427,0.47152645528503423,0.13695384935607607,0.07844770376477123,0.3130719915941185
22428,0.0413317908860965,0.2984189673413737,0.15076131409976767,0.5094879276727622
22429,0.8597836738716637,0.05883586420672048,0.018869031902871022,0.06251143001874478
22430,0.11478046710157394,0.1325581417561637,0.5939273432087369,0.15873404793352552
22431,0.4865213904591666,0.06668566902303695,0.11182219905138016,0.33497074146641626
22432,0.17374501342426568,0.5992250121130734,0.08570549151751326,0.1413244829451476
22433,0.1320258334648874,0.06942415015761057,0.13380125505844753,0.6647487613190546
22434,0.41558462991558687,0.15864589664314882,0.055353328717472144,0.3704161447237922
22435,0.0642732942245185,0.1920681567115046,0.5717782879220011,0.1718802611419758
22436,0.10431915793790268,0.49191173500211954,0.17266597229098343,0.2311031347689944
22437,0.18356060922165618,0.11112894894469004,0.11165396762617759,0.5936564742074762
22438,0.16297470984510892,0.1403641465795695,0.046443700525129625,0.650217443050192
22439,0.053333680097212295,0.19619343719537538,0.515255956978937,0.23521692572847536
22440,0.06313790722422921,0.6509052422000928,0.15840683546995254,0.12755001510572542
22441,0.2790481350220914,0.11658903310451785,0.5479087236703948,0.056454108202995915
22442,0.06788077839790235,0.41991212977141384,0.4581409690793703,0.05406612275131346
22443,0.06579822759791336,0.8453822513257093,0.043559301631025504,0.04526021944535193
22444,0.3883393127479559,0.3085374628033277,0.20802712119016314,0.09509610325855317
22445,0.06321990615161367,0.5747398138678342,0.26486120649668615,0.09717907348386588
22446,0.1047116745774752,0.23793865136724635,0.6391210076935032,0.018228666361775225
22447,0.18923783615815168,0.6010654995889484,0.1343800818801321,0.07531658237276787
22448,0.13272228470735167,0.36426645960652587,0.4704302149774922,0.032581040708630334
22449,0.11791082270501299,0.5789871647010029,0.13353201983508867,0.1695699927588955
22450,0.07379765605905321,0.25717813033443027,0.3033346966057883,0.3656895170007282
22451,0.04965942004556099,0.6543329534307565,0.23385248101731512,0.06215514550636748
22452,0.10690247449631148,0.4910150129878789,0.2501793220603115,0.15190319045549808
22453,0.13685083659174518,0.1607721661029135,0.3469492944401796,0.35542770286516184
22454,0.25818595611017614,0.4844354918351871,0.2249013942201697,0.03247715783446707
22455,0.4420086132165858,0.16188488141107124,0.29928770752956085,0.09681879784278209
22456,0.3437865495645735,0.12914234397771623,0.2661717472340266,0.2608993592236837
22457,0.164115364654763,0.4704672578270251,0.29125079323736824,0.0741665842808437
22458,0.02604390222580436,0.6356568333214079,0.23262653313349024,0.1056727313192975
22459,0.14820599220456412,0.6148256213575274,0.22070576787991228,0.01626261855799619
22460,0.2116434996431711,0.3053449914122026,0.42177947607842053,0.061232032866205724
22461,0.3152985174706451,0.4287374694732528,0.19814486745422594,0.05781914560187615
22462,0.33565633870306866,0.41352906548598223,0.15762151059377383,0.09319308521717538
22463,0.06388720282581355,0.6906738272317522,0.08181675803749443,0.16362221190493972
22464,0.30134404841984885,0.36616695742338135,0.22158820409995986,0.11090079005680983
22465,0.5172779261548517,0.3765758585542715,0.08234063923260206,0.023805576058274765
22466,0.29240692821153175,0.5097765130169031,0.07541849637264655,0.12239806239891865
22467,0.17745700060055816,0.7098858272168184,0.08996766222529935,0.022689509957324213
22468,0.3752355583379055,0.3725237720171296,0.17060264822668156,0.08163802141828332
22469,0.2821966581821081,0.39561226537233213,0.2762672643759384,0.0459238120696213
22470,0.3407492492553661,0.591103944780218,0.03133926625973344,0.036807539704682514
22471,0.6501787033903106,0.21379652313203507,0.10162805326811178,0.034396720209542625
22472,0.057442436723009,0.6767637618920277,0.18811231285377225,0.0776814885311911
22473,0.5575318905806,0.2673748932751227,0.13623793598198802,0.03885528016228933
22474,0.6387249307067622,0.14131404521752938,0.1921484738341906,0.027812550241517794
22475,0.36026098970364806,0.5650323495301506,0.055550512225589446,0.019156148540611925
22476,0.07725988792197552,0.25636803075277964,0.5723134749317195,0.09405860639352524
22477,0.1450870425485259,0.29029011879757477,0.4896040341528549,0.07501880450104438
22478,0.07118079969323848,0.05348414611809099,0.8089807874710567,0.0663542667176138
22479,0.4448948808452617,0.20762233472110087,0.11483906462135351,0.23264371981228388
22480,0.06214279554484198,0.28461646085799597,0.5210155949035711,0.13222514869359103
22481,0.19113642110782136,0.5619433049517107,0.06515980324858217,0.1817604706918857
22482,0.3420865016109246,0.4239001372984224,0.07211856861985319,0.16189479247079983
22483,0.19417561968733615,0.46320482287117715,0.12054049368913898,0.2220790637523477
22484,0.2862123452942588,0.5324076001262191,0.02986513822549303,0.15151491635402903
22485,0.029107142312129516,0.39856362307829896,0.3610889015780868,0.21124033303148473
22486,0.08580938385583652,0.2995409904306983,0.48928980262135147,0.1253598230921137
22487,0.05816108947136398,0.040803853036489805,0.7732434735900844,0.12779158390206172
22488,0.13036830100108449,0.09922437412769432,0.651531659216859,0.11887566565436229
22489,0.3353500348765507,0.12531275941718045,0.39890075246625584,0.140436453240013
22490,0.03095179141098402,0.8103514313746425,0.07870532046398598,0.07999145675038757
22491,0.07456791180056416,0.693643463620543,0.09220958958043704,0.1395790349984559
22492,0.08797836416576225,0.3014652025782288,0.4972589580910471,0.11329747516496179
22493,0.07842903328867558,0.43461366679430485,0.4212738371289147,0.0656834627881049
22494,0.2259493709046359,0.1664525482693231,0.5003276031963344,0.10727047762970664
22495,0.1827857329694405,0.2809027086487572,0.40317026301158326,0.13314129537021896
22496,0.3513934894441229,0.11383358085135048,0.39337994968552303,0.14139298001900358
22497,0.05136224330749647,0.6426766656708627,0.20917630493959335,0.09678478608204755
22498,0.05525839493952889,0.1491281373871536,0.17377213592985305,0.6218413317434643
22499,0.3930263431695302,0.11245410422812567,0.08537157079834409,0.40914798180399997
22500,0.634972958160613,0.09691181611448259,0.032482657787191616,0.23563256793771276
22501,0.5161000743112433,0.06689073766502918,0.08728453962368947,0.3297246484000381
22502,0.22261652561179054,0.17451725641921562,0.14935693779510986,0.453509280173884
22503,0.30538285876639193,0.12282910604459436,0.028219382860597712,0.543568652328416
22504,0.0656119541851788,0.397492901731651,0.06177272549037893,0.47512241859279114
22505,0.26209972944866156,0.05147924787955471,0.13645775797612608,0.5499632646956576
22506,0.2283771644047692,0.3030500393971249,0.2154899543443261,0.25308284185377977
22507,0.020503925718318675,0.42364871763418227,0.07116025826443077,0.48468709838306834
22508,0.07996481191732749,0.706605333235342,0.038167365924452676,0.1752624889228778
22509,0.6677904743995368,0.052561776483914885,0.04300515035822575,0.23664259875832247
22510,0.01611290638142293,0.9221069518228457,0.019888611340052452,0.04189153045567891
22511,0.18231388165941573,0.07802074038306694,0.6047491201258753,0.13491625783164202
22512,0.15947054546505832,0.06895776851665696,0.3280859753358862,0.44348571068239856
22513,0.15611426441817688,0.05217553758380308,0.1588601866331289,0.6328500113648912
22514,0.08728165690668406,0.705964846263405,0.06614985549021948,0.14060364133969128
22515,0.04080792806571048,0.03160804630573334,0.3251594209028665,0.6024246047256896
22516,0.07391089611690889,0.4374029291976726,0.41700063421504757,0.07168554047037086
22517,0.42566604722935925,0.10902040916324325,0.35977093392694237,0.10554260968045513
22518,0.13665321302859212,0.2623753761920512,0.4876925237042243,0.11327888707513245
22519,0.2705905197338412,0.47833456178179895,0.06894975716168043,0.18212516132267947
22520,0.5165929279629939,0.31727127027787383,0.11071704603766373,0.05541875572146855
22521,0.10591464262602572,0.47930538891147595,0.353271638290452,0.06150833017204646
22522,0.02681051714673847,0.1746491250715275,0.7324956184454033,0.06604473933633075
22523,0.021577554555746663,0.8391366388497575,0.1103658987795567,0.02891990781493905
22524,0.11443971535916364,0.14353800066707806,0.5042857984248508,0.23773648554890747
22525,0.3321797563910738,0.03459768563780554,0.61703444325664,0.016188114714480797
22526,0.5405884331078165,0.35571937500831,0.04236770329900062,0.061324488584872765
22527,0.13648378478674886,0.6127788873745565,0.18527221541304617,0.06546511242564851
22528,0.07348057622917493,0.08285761058113311,0.7673819147891998,0.07627989840049215
22529,0.15015031938007503,0.7329469235500954,0.07120801161377903,0.0456947454560505
22530,0.2488393765968061,0.21920418480556841,0.320119119817822,0.21183731877980347
22531,0.03212111765728035,0.027519434158309368,0.9233713890830451,0.01698805910136524
22532,0.3821459639254136,0.2702664674100979,0.1613026926660037,0.18628487599848476
22533,0.1005605115730488,0.6422776894696329,0.16688067683145588,0.09028112212586235
22534,0.3022273274003566,0.43277773351471827,0.17168706061000252,0.0933078784749226
22535,0.12891491915964032,0.3813048233577639,0.41105029400756893,0.07872996347502684
22536,0.023530483980146226,0.6250984675720611,0.26442240047519133,0.08694864797260134
22537,0.06261840258990917,0.3820020140389682,0.48551465782345604,0.06986492554766657
22538,0.0855090078152328,0.5575986342385544,0.17630767531639716,0.18058468262981558
22539,0.10322899481777892,0.28436834454866616,0.5676339427143091,0.04476871791924578
22540,0.2637805549108991,0.24227188164044422,0.22426698144110505,0.26968058200755174
22541,0.08995997150613602,0.305625582069454,0.4105923788404616,0.1938220675839483
22542,0.10336817767199596,0.312577998518932,0.45157976909937775,0.13247405470969428
22543,0.5082135948715407,0.13687625735757186,0.13639562452862233,0.21851452324226517
22544,0.02592501849314793,0.03276203744655218,0.8060820635311763,0.13523088052912355
22545,0.04776599396614261,0.7916903698173176,0.08054175919409888,0.08000187702244088
22546,0.3425349703401992,0.5399089166540826,0.08807343932915562,0.029482673676562696
22547,0.4017438234359613,0.2537462556253639,0.2629249702533777,0.081584950685297
22548,0.11539966071219332,0.2217994879869731,0.5907667096945014,0.07203414160633224
22549,0.5337009601016585,0.03558858153293883,0.2635425759222896,0.1671678824431132
22550,0.051767047029122736,0.29958787484044136,0.6064002623472374,0.04224481578319845
22551,0.07662072484150745,0.4212284235523398,0.438391542694414,0.06375930891173866
22552,0.12313834201627426,0.47698305767291493,0.1424916776467469,0.2573869226640639
22553,0.22749877032748056,0.5730939272627837,0.11325104714358224,0.08615625526615345
22554,0.30855610713605536,0.12301969598108103,0.45192465497162077,0.11649954191124284
22555,0.1630325648084786,0.533128862485895,0.23784566346464656,0.06599290924097972
22556,0.3590506407229767,0.46839455146847664,0.15068762173588957,0.02186718607265704
22557,0.14600376938159845,0.5182642121895076,0.19648820878361992,0.13924380964527394
22558,0.07098686583656975,0.28971555545441013,0.6162012096453411,0.023096369063679012
22559,0.10294925533752686,0.3840794206438297,0.3862796966565786,0.12669162736206482
22560,0.16902556244645273,0.28244868537744316,0.4294663054667764,0.1190594467093277
22561,0.09461458971733452,0.37451500364768553,0.5044808905970394,0.02638951603794055
22562,0.1720322646320539,0.45803664742217415,0.3564573030713332,0.013473784874438682
22563,0.49729361373075304,0.18841512853633352,0.2702293372689634,0.04406192046395011
22564,0.4884442882573241,0.08272959376917857,0.33203852713695214,0.09678759083654512
22565,0.04798229960673907,0.15456621425687522,0.678607072915324,0.1188444132210618
22566,0.16167011036913034,0.45650838087924794,0.36207039250511713,0.019751116246504594
22567,0.1853120697049756,0.14887123349779796,0.5562276427962916,0.10958905400093487
22568,0.3436013885414795,0.2024492787370638,0.28322645438012595,0.1707228783413308
22569,0.4673356368606499,0.14612286955733328,0.35381011223842623,0.03273138134359076
22570,0.2537724247178495,0.39195495201437774,0.25725186142929274,0.09702076183847991
22571,0.26989186775578966,0.5277347711704152,0.11308020025550206,0.08929316081829311
22572,0.2847159481084479,0.4751872152896344,0.14014586499454942,0.09995097160736827
22573,0.323337641205781,0.24357334450937942,0.26170614624646044,0.17138286803837913
22574,0.09443345818549029,0.06856388424233112,0.6554055741943612,0.18159708337781733
22575,0.056209911026665074,0.47229955369276927,0.37140557068348706,0.10008496459707869
22576,0.18743410709047043,0.43196351105256153,0.2426763838992989,0.13792599795766902
22577,0.32085964135367395,0.44467099099268265,0.20777651941475636,0.026692848238887023
22578,0.026447813107179273,0.33667071818139815,0.6145600861078898,0.02232138260353274
22579,0.052211450270534816,0.37039085893815216,0.35612255803620285,0.2212751327551101
22580,0.5432348072116685,0.18163279478404556,0.23779781409622353,0.03733458390806234
22581,0.023707936251408525,0.23444450827684973,0.6064424466010371,0.13540510887070453
22582,0.31884091140056986,0.1834941102424746,0.47143747214945747,0.026227506207498107
22583,0.24815843136956947,0.3170495242811753,0.35044107809387404,0.08435096625538123
22584,0.07472259380367717,0.3786242981836257,0.46391251124767885,0.08274059676501833
22585,0.21231896550542653,0.5165334326005868,0.2306306337427693,0.04051696815121737
22586,0.03638818281854561,0.6426894729700466,0.26873277581058763,0.052189568400820105
22587,0.29105698072967057,0.0978881212245249,0.32273389933931745,0.2883209987064872
22588,0.37788446910230994,0.15028206862121055,0.31414626494811676,0.15768719732836273
22589,0.2602601472363503,0.5463294866110844,0.17605527843742366,0.017355087715141732
22590,0.08302665964971057,0.05145703738114976,0.6436371259728939,0.22187917699624568
22591,0.1777318032500738,0.06572309414058725,0.7382164834962192,0.01832861911311985
22592,0.16481075501140055,0.4694396560109111,0.2808138063363153,0.08493578264137308
22593,0.21923293782944567,0.380420872922977,0.18191918648128913,0.2184270027662883
22594,0.07479224205552362,0.09028183237874907,0.5801737181614744,0.2547522074042528
22595,0.06030089619594552,0.122327688519368,0.29077084552498844,0.526600569759698
22596,0.19642211079913952,0.5933945289152173,0.09692225059894492,0.11326110968669839
22597,0.04424496695063,0.24506875097214442,0.5870219006668126,0.12366438141041293
22598,0.04035538829328852,0.49918146006886466,0.0677025806487887,0.3927605709890581
22599,0.17002981839434633,0.13624683204120708,0.18154915094439347,0.512174198620053
22600,0.0578600111174937,0.20624299289836553,0.16527897712630651,0.5706180188578344
22601,0.3419308081079519,0.04165508304476745,0.20525742162459223,0.41115668722268844
22602,0.5616617633347006,0.15040949218094257,0.14546368942101048,0.14246505506334628
22603,0.2146614216923656,0.11187417454382374,0.2515653475891009,0.42189905617470985
22604,0.032445716225528394,0.42121109758642594,0.3022734062221734,0.24406977996587223
22605,0.539722196559147,0.10625821385600565,0.12711027970823038,0.226909309876617
22606,0.11086491366876121,0.15473089326928188,0.6234159468999169,0.1109882461620401
22607,0.1618905699375712,0.07809674292976553,0.4449573244665633,0.31505536266610007
22608,0.04525526199657878,0.5780645114844536,0.1868221782633204,0.1898580482556472
22609,0.2012342927557737,0.40723288161131915,0.11406791060502727,0.2774649150278799
22610,0.02576878653810911,0.731492689903974,0.11596662213150924,0.12677190142640762
22611,0.06822028234882967,0.1934621290083461,0.6452660370595429,0.09305155158328131
22612,0.10172355579457748,0.23176771985162334,0.4643882523814588,0.20212047197234037
22613,0.6370344476078441,0.1921998050629695,0.09202713229507467,0.07873861503411175
22614,0.528305916648642,0.19284267473494507,0.21930674733813896,0.059544661278273965
22615,0.15249429070936685,0.4392876000341318,0.36647863347456167,0.041739475781939706
22616,0.774005267960395,0.08821594768245943,0.11842614101814491,0.019352643339000636
22617,0.11336024538812046,0.29076089779555686,0.5453729874474643,0.050505869368858355
22618,0.6853716012244219,0.046655516690118214,0.21061828317969847,0.05735459890576148
22619,0.04356615216355433,0.512276665106893,0.3065761311428306,0.1375810515867221
22620,0.05437114422493758,0.8511660430631978,0.057190550990973345,0.03727226172089138
22621,0.11766627213323376,0.12048301769110338,0.6596010170824046,0.10224969309325829
22622,0.4051294092582176,0.14190961583620507,0.21426626260237489,0.2386947123032024
22623,0.13375324518456663,0.5776326402182048,0.18946939518962977,0.09914471940759889
22624,0.19679923952673883,0.6189323396329965,0.07393684371300464,0.11033157712726005
22625,0.46540377290704515,0.2796680619692272,0.1429510860891872,0.1119770790345404
22626,0.38979528717758,0.07933917871145996,0.4131454825161417,0.11772005159481841
22627,0.4294290089774602,0.15421330171907618,0.29221041046336055,0.1241472788401031
22628,0.06529537166195246,0.36817894338170093,0.5449307407773745,0.021594944178972137
22629,0.1400572191010096,0.5536193577466192,0.20547952041139447,0.10084390274097668
22630,0.18281483440131654,0.5138381154916523,0.2830878165177832,0.02025923358924796
22631,0.2803449844370994,0.5876925780530912,0.0933742925870042,0.038588144922805226
22632,0.22869718809622344,0.31166895110121984,0.41384583285596893,0.04578802794658772
22633,0.1367463368545142,0.2003626819084722,0.5633907790524629,0.09950020218455076
22634,0.11940536902210021,0.5408647402027648,0.28844619191635595,0.05128369885877917
22635,0.3258041431720367,0.4657582890004203,0.15219302136353663,0.05624454646400631
22636,0.11442801514930855,0.4467643385509834,0.4061102054375485,0.032697440862159526
22637,0.4385569686835272,0.2089678073176079,0.27653172574278895,0.07594349825607599
22638,0.12750286010660258,0.3812594003567731,0.3661113113717956,0.12512642816482875
22639,0.15073067045569793,0.5228497162534516,0.23261952498382346,0.093800088307027
22640,0.07362658658381803,0.11609991400148723,0.7865918620869974,0.023681637327697413
22641,0.30540635843096836,0.5048953393130833,0.16050965918509166,0.02918864307085673
22642,0.12426494574642181,0.5154074858207703,0.23193283032618628,0.12839473810662164
22643,0.1636313287556028,0.22766494459182415,0.5460388737216563,0.06266485293091666
22644,0.03761328402725898,0.27477221381584077,0.670276155152358,0.017338347004542204
22645,0.19734992541000587,0.11378276441350907,0.6182287083023541,0.0706386018741309
22646,0.15219385211658476,0.42533094872665406,0.3371238938505385,0.0853513053062227
22647,0.45810392032983616,0.2891996946858829,0.21505901425913662,0.037637370725144316
22648,0.3925037613374362,0.4743182881785097,0.11301170482115316,0.0201662456629009
22649,0.022192266368642844,0.22985786452770784,0.15665094208648309,0.5912989270171661
22650,0.033164987546230734,0.31905502501298383,0.06322923730277825,0.5845507501380072
22651,0.04954584233012561,0.07219171064146147,0.23013000397991581,0.648132443048497
22652,0.042275222523999643,0.060533814356691716,0.07784394897056889,0.8193470141487397
22653,0.021208188267738407,0.2515507577098245,0.42307909655426607,0.3041619574681711
22654,0.0253366212456336,0.04785376745774515,0.07075957337522484,0.8560500379213964
22655,0.0652155867213938,0.4225707458815045,0.10276917528610759,0.40944449211099415
22656,0.1129020097352787,0.1498198614443778,0.3513306740360808,0.3859474547842627
22657,0.38076746520652577,0.120253717396241,0.07467325183349584,0.42430556556373744
22658,0.01335610027783272,0.020738426579419465,0.04366940742524534,0.9222360657175026
22659,0.08948206535730052,0.06655694779476262,0.5047275274463912,0.3392334594015457
22660,0.5101943501151183,0.24269411567550153,0.02574820144926713,0.2213633327601131
22661,0.31973597659068637,0.12083970741388532,0.27403164997397533,0.28539266602145297
22662,0.04287225704522501,0.13873497545475977,0.6776364699976479,0.14075629750236718
22663,0.21538836747779896,0.5175009040151222,0.08951331930359493,0.17759740920348396
22664,0.08058282166719226,0.31029552755831646,0.0958637146492616,0.5132579361252296
22665,0.31562607973313006,0.250533361476541,0.214270380863893,0.21957017792643602
22666,0.29942038156262185,0.12144801601704201,0.027521769422602843,0.5516098329977334
22667,0.044752712732212666,0.2309907916451733,0.43902867498903503,0.28522782063357904
22668,0.09619786637515687,0.29380064980383996,0.0705821468161585,0.5394193370048446
22669,0.07864541746088434,0.053580960134598836,0.11391475150756022,0.7538588708969566
22670,0.05063846645114157,0.37651698416646323,0.10007620017070241,0.4727683492116928
22671,0.15283589032473544,0.11461321545922139,0.5327245577373559,0.19982633647868722
22672,0.5169853260321384,0.06225375279793569,0.09317552246158005,0.32758539870834585
22673,0.37064515875234305,0.2073105898675369,0.0876550260094978,0.33438922537062227
22674,0.06556365836525051,0.24433877784888608,0.49864855839241823,0.1914490053934451
22675,0.11849687981239451,0.3172029760118135,0.12630298409022334,0.43799716008556866
22676,0.15353370591901774,0.4574795361300571,0.09709651432715877,0.2918902436237664
22677,0.40019425918417734,0.1397696397247848,0.11956092494318114,0.3404751761478567
22678,0.17350627101569704,0.08120539746554692,0.14186878090238572,0.6034195506163703
22679,0.037641852454893675,0.41881601901066995,0.05551651183332233,0.4880256167011141
22680,0.029615067539111296,0.22661333846347045,0.36966230965463204,0.37410928434278623
22681,0.06822604543144509,0.4388936986571028,0.07372549170046702,0.4191547642109851
22682,0.29962282410730906,0.5755006461600779,0.026924553125526638,0.09795197660708645
22683,0.03915880379270386,0.019298354409475995,0.6907292431030289,0.2508135986947913
22684,0.06284757126062586,0.7566798206482066,0.09488319760140512,0.0855894104897625
22685,0.17159381772600038,0.14632545781623235,0.17972034971987297,0.5023603747378944
22686,0.7650580067486823,0.03545297487156795,0.037273505766047904,0.16221551261370185
22687,0.06591324477964053,0.5701026278080203,0.1945195330562771,0.16946459435606195
22688,0.6469819723846848,0.25151499618401496,0.08868576954472089,0.012817261886579428
22689,0.13154466938755238,0.5371359972129629,0.2576718230817151,0.07364751031776959
22690,0.08306553188603948,0.388658650216002,0.4832496619040818,0.045026155993876764
22691,0.10629237731853738,0.5032779390473863,0.36771028301194053,0.022719400622135892
22692,0.1993751631752946,0.3622659013283559,0.24609401370251577,0.19226492179383373
22693,0.25410010837950625,0.5032165604011817,0.14616363321843162,0.09651969800088053
22694,0.6068746698351787,0.09121980255052332,0.266757304233867,0.03514822338043097
22695,0.25638055093591006,0.15857530270935072,0.5097859640468091,0.07525818230793019
22696,0.07224062460554971,0.680842087410397,0.08980708806202148,0.15711019992203182
22697,0.047364294648464735,0.5878799324993239,0.17699793029709585,0.18775784255511554
22698,0.2680531859283194,0.6265851739767067,0.04195587631269215,0.06340576378228183
22699,0.6384078104675835,0.04233821695141073,0.23654527376869539,0.08270869881231029
22700,0.5200111302602575,0.1196999479604641,0.126077590595037,0.23421133118424145
22701,0.10976120435726731,0.6115708378818802,0.041926570534639745,0.23674138722621274
22702,0.11600154828927448,0.10589703739759998,0.6903672570685684,0.08773415724455709
22703,0.19345681080393967,0.04696224201621289,0.7091615296931112,0.05041941748673631
22704,0.09688052562985602,0.6538224865211919,0.10716841295937779,0.1421285748895744
22705,0.04062736290793175,0.416658501015246,0.3226121903602822,0.22010194571654013
22706,0.40344007490864425,0.09870076693208506,0.3679192302459637,0.12993992791330705
22707,0.044663382593497926,0.7432618735216726,0.1324183145822925,0.07965642930253705
22708,0.09631897357307978,0.27871805065421723,0.5299039835123069,0.09505899226039596
22709,0.15554650875385637,0.7273475686876071,0.05253176259482262,0.0645741599637139
22710,0.16511193722698192,0.6064633551600205,0.09540176560673308,0.13302294200626463
22711,0.6670044531432129,0.13455680378606835,0.13958679936870091,0.058851943702017864
22712,0.21970414622895043,0.4630764718543304,0.11527852575517646,0.20194085616154278
22713,0.1738322016304864,0.3118062890401416,0.3154531897035175,0.19890831962585448
22714,0.12068628961724577,0.23334157630275704,0.590612872361449,0.05535926171854812
22715,0.2502079882567418,0.3653533648453542,0.19530520824474767,0.18913343865315627
22716,0.1051662441559987,0.2600108645110788,0.364187994903722,0.27063489642920047
22717,0.13629370864698376,0.21481618953454296,0.4774932769604304,0.17139682485804295
22718,0.5085312920192067,0.18776708903962516,0.1024276542830632,0.20127396465810501
22719,0.607012064057554,0.17681703222187878,0.14148106284273249,0.07468984087783463
22720,0.07843956555269754,0.36281357473949705,0.37076813591223723,0.18797872379556818
22721,0.593205282810942,0.18755578293731143,0.10300242784725061,0.11623650640449591
22722,0.14462696512210674,0.26110223119165116,0.253501112024797,0.3407696916614451
22723,0.1886863048055258,0.43614335358587963,0.11367871009395887,0.26149163151463567
22724,0.18825123819481668,0.1585845517261328,0.6110959196342544,0.042068290444796014
22725,0.1449037059851267,0.5368433408393566,0.15111408395972883,0.16713886921578783
22726,0.05379851209080033,0.7138803487109752,0.07650327777408047,0.155817861424144
22727,0.14937229781064668,0.2841485991281116,0.4218384781224585,0.14464062493878324
22728,0.058954900172792826,0.5971021636077222,0.16293152042373021,0.1810114157957548
22729,0.22221935102672713,0.3080752491928589,0.24882022876322146,0.22088517101719252
22730,0.10468204523420097,0.386239858814316,0.36935116118630595,0.13972693476517709
22731,0.036486640167887704,0.49467671098611404,0.3267067242030094,0.14212992464298874
22732,0.19851372588348387,0.4143656078743405,0.23964756404087278,0.14747310220130286
22733,0.20292996061127508,0.3964736834287737,0.14946774329763732,0.25112861266231384
22734,0.13978628044703767,0.5597199314058519,0.13681110827814538,0.1636826798689651
22735,0.10619870879070765,0.6105800612721074,0.2569430402856084,0.02627818965157659
22736,0.089478266889752,0.22803317111202268,0.6007922156182771,0.08169634637994824
22737,0.3785543585981034,0.28449081488975797,0.07401464135185497,0.26294018516028367
22738,0.3266839769858254,0.3036733255523046,0.21840911861520343,0.15123357884666655
22739,0.34092833083303087,0.27647733112060036,0.1486896935919442,0.23390464445442452
22740,0.08297624903111155,0.6536351576383177,0.2019258116383233,0.061462781692247476
22741,0.44410269539857355,0.2517342502865919,0.20799614257538,0.09616691173945453
22742,0.1458236140353971,0.5922212170752176,0.222945643512986,0.039009525376399325
22743,0.11561822773854881,0.6004903268128269,0.10851416632007752,0.17537727912854684
22744,0.17003466277987248,0.45483497737924594,0.2296606798175123,0.14546968002336938
22745,0.4322568634187062,0.3382870298839241,0.1254084215334971,0.1040476851638726
22746,0.22568689068995582,0.40455917846573725,0.2925209641533958,0.07723296669091118
22747,0.6848932966840381,0.17489669297449187,0.08519834793938022,0.055011662402089864
22748,0.6353941604818011,0.11635187168060027,0.23461060579746792,0.013643362040130684
22749,0.0520484523352457,0.2868580437910886,0.6117387774956095,0.049354726378056275
22750,0.32249778168298227,0.07403829590635518,0.5793105639320072,0.0241533584786554
22751,0.0767432973803925,0.4169354647192053,0.47023524270888095,0.03608599519152128
22752,0.4391817838880751,0.27686753698349,0.22581041742224164,0.05814026170619329
22753,0.30802472423705146,0.44037155053694077,0.19410406673367114,0.057499658492336625
22754,0.4301807968331111,0.3299141383761362,0.22382336147271684,0.016081703318035923
22755,0.18271897579696442,0.13618120614602833,0.4662594132698907,0.21484040478711658
22756,0.43951532031809093,0.20953464207450362,0.2560080529176685,0.09494198468973698
22757,0.4019823078372913,0.2066921727173654,0.3049159433087743,0.08640957613656906
22758,0.167964884613715,0.1860807272151643,0.5994701687699496,0.046484219401171055
22759,0.4825817184596993,0.40782126720233547,0.05196330896842009,0.0576337053695451
22760,0.17538373346999117,0.18571356835531572,0.5824196751044239,0.05648302307026914
22761,0.04646181498296582,0.6984415677472654,0.1518733487111404,0.1032232685586284
22762,0.12454806547082052,0.2744345607872933,0.5474467596741516,0.053570614067734605
22763,0.10759748906635931,0.48804698423703774,0.20334657212361235,0.20100895457299056
22764,0.13532335390937988,0.6372565537398062,0.05423535038464408,0.17318474196616984
22765,0.17795327731880906,0.3447686283001525,0.20156812786280148,0.2757099665182368
22766,0.43481550489788307,0.33998648076254845,0.17276229870300192,0.052435715636566654
22767,0.17228647339141911,0.06420366380263239,0.5376679397623902,0.22584192304355835
22768,0.19722434811575795,0.13439325427279375,0.4700046531080401,0.19837774450340817
22769,0.04841054969715445,0.8674352044977017,0.037997893480678294,0.04615635232446546
22770,0.7853732541766963,0.07797059689538456,0.04599596926594517,0.09066017966197397
22771,0.2914941102437477,0.08031792504788123,0.5241343296964711,0.1040536350118999
22772,0.5165273768762066,0.18547957453737196,0.1102481995510398,0.1877448490353817
22773,0.0793922851979599,0.5310026079498074,0.09970693120795272,0.28989817564427994
22774,0.06231757515134423,0.29345589177370707,0.4416813897316049,0.20254514334334375
22775,0.11119494958471966,0.6565252362174254,0.15742267596897483,0.07485713822888009
22776,0.2467752113131947,0.3136963975243039,0.1154546770913336,0.32407371407116786
22777,0.1118223576847143,0.44940467420661045,0.259415933038021,0.17935703507065429
22778,0.03752204196547188,0.14726912026698266,0.5465899624844865,0.26861887528305894
22779,0.23319255710354386,0.39451454681491466,0.15210044249636945,0.22019245358517195
22780,0.24118359916113594,0.24563088886864912,0.38022401398069366,0.13296149798952142
22781,0.04243994060532344,0.15972154582126946,0.6201888248905124,0.17764968868289477
22782,0.03696157001064871,0.02689049321188374,0.7246840380508047,0.21146389872666274
22783,0.10930401463988093,0.08008536759172546,0.5272808953143227,0.28332972245407106
22784,0.031693223145380436,0.37025506000541153,0.07935495016469585,0.5186967666845121
22785,0.1913052197063764,0.4394472308733198,0.22298226396618948,0.1462652854541143
22786,0.2634705081604618,0.0200316710475679,0.3916174793706463,0.324880341421324
22787,0.46024965539182383,0.08198903043600402,0.11817970089104018,0.339581613281132
22788,0.6712005265250641,0.018849827256268492,0.13162305036345065,0.17832659585521665
22789,0.6380428216808564,0.04006782440997899,0.07139450018519682,0.2504948537239678
22790,0.04653789937657667,0.23089356355332818,0.6000183613985829,0.12255017567151226
22791,0.16115644175052765,0.3392375479767377,0.05318065833501415,0.4464253519377205
22792,0.04958871168253379,0.025543438575200042,0.8554099589043386,0.06945789083792771
22793,0.9050814905694083,0.036533233721984026,0.022275354924126328,0.03610992078448129
22794,0.14574375400129247,0.1671651062128622,0.46964592431759694,0.2174452154682484
22795,0.13990785251637547,0.3666979438974465,0.03886067216979422,0.4545335314163839
22796,0.6601931384428994,0.01977629079087255,0.16599555793235324,0.1540350128338747
22797,0.033659697058600564,0.04439356942011042,0.856197990034408,0.065748743486881
22798,0.075469333736414193,0.039394849068578854,0.33543444844303283,0.5497013687519741
22799,0.7540026582970126,0.03594542930446276,0.03748018736075525,0.17257172503776935
22800,0.3270356313180071,0.06380988277372772,0.24914746136345006,0.36000702454481515
22801,0.039663978957746815,0.19121541458836208,0.21912655252054294,0.5499940539333482
22802,0.02559072980185504,0.2969212302219008,0.2566951769457326,0.4207928630305115
22803,0.709841063710679,0.1708034793244458,0.03863851094098031,0.08071694602389488
22804,0.2719559225456165,0.04887153741832862,0.42736421620326914,0.2518083238327857
22805,0.1825445190589163,0.13041962021944256,0.14401935517761444,0.5430165055440267
22806,0.11511318848787604,0.3838586757795823,0.07345226544584912,0.42757587028669247
22807,0.41051943144046965,0.032131313965866874,0.34541689425060546,0.21193236034305798
22808,0.02707832947831282,0.34160573755847906,0.11648287701935754,0.5148330559438505
22809,0.07774963215861015,0.11852709422983224,0.5624456823128643,0.24127759129869336
22810,0.045114046475290104,0.4311571778486024,0.1575392763148989,0.3661894993612086
22811,0.152005366606278,0.09839239595111156,0.2906632963012495,0.45893894114136086
22812,0.10439151382929368,0.2950958576535336,0.15743924462660772,0.4430733838905651
22813,0.5568264532196009,0.053225374034090424,0.18921316650746084,0.20073500623884785
22814,0.23346506071786802,0.46817649196114586,0.09969748181511363,0.19866096550587242
22815,0.16360968014356392,0.3649956660825905,0.14217942315918625,0.3292152306146594
22816,0.0878215298510872,0.1454718946582924,0.1395128022074492,0.6271937732831713
22817,0.49630300327632965,0.10054651216226057,0.054600718389700015,0.34854976617170974
22818,0.03596458281112979,0.36933304792941524,0.31131411702441925,0.2833882522350357
22819,0.1138585349500659,0.06700444961973588,0.4717897585604817,0.34734725686971646
22820,0.10275580115177718,0.17919597313491795,0.444433799823097,0.27361442589020796
22821,0.03535755885826423,0.08793171127939753,0.45300972135475953,0.42370100850757875
22822,0.206461287621583,0.032060216846198315,0.5471990855691646,0.21427940996305406
22823,0.09441853008629687,0.34391078210218146,0.102276678313387,0.4593940094981347
22824,0.04607337261517843,0.24391187524297503,0.3416536961905161,0.3683610559513304
22825,0.08064652375088327,0.017760803865386983,0.8576545277296549,0.043938144654074855
22826,0.10363257478868357,0.0822288217500761,0.34077550253565453,0.47336310092558587
22827,0.6410404897153951,0.011040445531034556,0.15345304609775923,0.19446601865581117
22828,0.03891208725123913,0.1524586886679866,0.7459175558602363,0.0627116682205379
22829,0.053237905088337194,0.5028092663411777,0.2019192182201805,0.24203361035030452
22830,0.05283397844482539,0.021180587148528683,0.8528119418690768,0.07317349253756916
22831,0.10043291750350415,0.5736220726650413,0.055155549642936945,0.27078946018851763
22832,0.08646891196453646,0.03437098043181481,0.7572615222006657,0.12189858540298305
22833,0.14822565913751876,0.6714446786452833,0.0616497031575096,0.11867995905968831
22834,0.021958574315077986,0.02548976858400289,0.4781197960670454,0.4744318610338738
22835,0.20724007581740203,0.09256529931244907,0.12733156470159757,0.5728630601685514
22836,0.1845487307012682,0.2794786411624133,0.09239831575301337,0.4435743123833052
22837,0.03464592807166535,0.2510469894481984,0.28032676162976855,0.4339803208503677
22838,0.30263311252865854,0.12507391982260677,0.061838033618544314,0.5104549340301904
22839,0.1077769057950161,0.18387366788977366,0.2820664462051405,0.4262829801100698
22840,0.5195039691039639,0.04222954399631045,0.1883438283175788,0.24992265858214685
22841,0.16802498733680646,0.10554132391020164,0.0739315587928151,0.6525021299601768
22842,0.5095522506595889,0.028569727268017025,0.057564465174481,0.40431355689791315
22843,0.2769030072120492,0.07093592607580297,0.3548056615847792,0.29735540512736863
22844,0.5243349909358331,0.09547259872815808,0.2950432635898192,0.08514914674618954
22845,0.43789358399100886,0.19952615356462255,0.2970890119296487,0.06549125051471992
22846,0.08608512682450101,0.672003430792768,0.019208352902138265,0.22270308948059267
22847,0.275227212211344,0.483388319548299,0.08859948693951146,0.15278498130084564
22848,0.18966342298465255,0.2701657970223016,0.055517196483742585,0.4846535835093033
22849,0.42503622695605864,0.03468964959202852,0.4546884651106451,0.08558565834126784
22850,0.41929646080888816,0.10172263591878923,0.31797609955621264,0.16100480371610998
22851,0.15665635040578912,0.3626198684233667,0.09218830975701044,0.38853547141383377
22852,0.5299844130681156,0.10439540100044419,0.04370105793199467,0.32191912799944555
22853,0.4617142700362208,0.13939679060311158,0.33669257357858723,0.06219636578208049
22854,0.07601195629638238,0.2118580323144381,0.027019585810315213,0.6851104255788643
22855,0.37640184960066997,0.3326528368552813,0.032745115872310535,0.2582001976717382
22856,0.02637342481264155,0.11272788283225837,0.3899025025149921,0.470996189840108
22857,0.0243834889106883,0.03491717458744845,0.3441438173946805,0.5965555191071829
22858,0.13847280254223962,0.14101461699105122,0.6344462804135882,0.08606630005312092
22859,0.0927830334019139,0.8277324585649893,0.03258533313801561,0.04689917489508112
22860,0.16510087972131623,0.2005070764229311,0.18124619547626522,0.45314584837948735
22861,0.13657043400157565,0.3884203274576773,0.3157914186486148,0.15921781989213218
22862,0.1285758084490532,0.26492954244593475,0.1167984792161321,0.48969616988888
22863,0.1449321145597178,0.7383539052256903,0.07600446656491054,0.04070951364968142
22864,0.03894359668774982,0.4583081869039962,0.14895110758825678,0.3537971088199971
22865,0.34587385582123664,0.27738975635036384,0.1853455144422168,0.19139087338618274
22866,0.17044163307900034,0.04794575185335754,0.6523185100854615,0.12929410498218075
22867,0.18537624207649323,0.06835511215018933,0.6224963637675657,0.12377228200575183
22868,0.13097142752101681,0.22027782160956186,0.35323415139285663,0.2955165994765646
22869,0.32800398680084525,0.14978393951869512,0.3091435728813326,0.21306850079912698
22870,0.3405840367179447,0.2494662718963623,0.2498880799416436,0.1600616114440494
22871,0.12112569634584017,0.7170908410917723,0.04617378794753747,0.11560967461485004
22872,0.09085550852336217,0.7718106771146709,0.053648348034500484,0.08368546632746643
22873,0.06029039013148478,0.3893599385123782,0.3561291293653756,0.19422054199076139
22874,0.30325281778897484,0.4999564964703724,0.046664288377064836,0.15012639736358793
22875,0.04149930681762449,0.8118754824222364,0.039029499801926826,0.10759571095821233
22876,0.32520415982966905,0.39324697859593216,0.20810535175935926,0.07344350981503955
22877,0.3361129236928092,0.15228627170324327,0.10143055645566516,0.4101702481482824
22878,0.09714462588716231,0.0541101418993856,0.5370259310003682,0.3117193012130839
22879,0.22177021356602938,0.13969287692693597,0.5841497982309435,0.054387111276091214
22880,0.08176763216399607,0.18072460696219816,0.7005226893057938,0.03698507156801197
22881,0.2576828675017802,0.21568042166041884,0.25642981257600084,0.27020689826180017
22882,0.03919743876019278,0.8309164096370093,0.024830786026009823,0.10505536557678807
22883,0.1546234247631605,0.09901921254168226,0.4968951732359902,0.24946218945916707
22884,0.11876910458804586,0.3458071432035715,0.2968267824918492,0.2385969697165336
22885,0.4202231468229295,0.26495709801707795,0.030825152979087375,0.2839946021809051
22886,0.28027616635389735,0.048044757777214286,0.14899626379016465,0.5226828120787237
22887,0.13150320259918086,0.626923896484886,0.1013090294783409,0.14026387143759217
22888,0.562249061129735,0.3293964694642031,0.03661305416675536,0.07174141523930647
22889,0.012962489290591937,0.06204342495331589,0.8538751143283848,0.07111897142770723
22890,0.1604210506995973,0.7256690626077402,0.05999839065493981,0.05391149603772274
22891,0.10749949361977874,0.4262670903611925,0.3064435697876333,0.15978984623139544
22892,0.23516867247330528,0.09475364497060386,0.4994745234523526,0.17060315910373813
22893,0.4034202266426219,0.31983829907965244,0.19975539726623145,0.07698607701149417
22894,0.05503602604308166,0.11514884909621091,0.048669846072101036,0.7811452787886064
22895,0.187025075116657,0.33673704457609943,0.21834168389755604,0.2578961964096876
22896,0.5259522541643676,0.41410241300059786,0.018418922104661388,0.0415264107303732
22897,0.07254803592022122,0.15792909319604223,0.43664422823073956,0.3328786426529971
22898,0.1606514640706677,0.15048207550073314,0.30219860396234144,0.3866678564662578
22899,0.5480910913953468,0.09548913571732784,0.07896888759746548,0.27745088528985984
22900,0.44381175402716205,0.05947108277156364,0.04815605600071987,0.44856110720055453
22901,0.2469128520528151,0.24646309129786353,0.1012628674491747,0.40536118920014674
22902,0.13317099035610053,0.21136165465145426,0.08900150682655544,0.5664658481658899
22903,0.14170714175398816,0.24311859909290057,0.4521556883899464,0.16301857076316476
22904,0.7040931018853017,0.10924164383599727,0.0692613669031817,0.11740388737551939
22905,0.36184337466186106,0.23211796722353675,0.04681885125060126,0.35921980686400107
22906,0.6140381319312279,0.17184986502209193,0.04549658573970562,0.16861541730697457
22907,0.1320591593705916,0.16000918003868894,0.43511117543074723,0.27282048515997215
22908,0.28670178307881994,0.2280113134415617,0.18711301151778842,0.29817389196183003
22909,0.2722800330409896,0.5886430801279909,0.03428710960850961,0.10478977722250994
22910,0.21070356824569395,0.16236179973141046,0.09738546608515518,0.5295491659377404
22911,0.10503424657275431,0.09229344274976146,0.1728539815938569,0.6298183290836273
22912,0.22490607664214668,0.45601782060065227,0.24865302253238164,0.07042308022481947
22913,0.14474518142662404,0.14449478027710957,0.6122675975036037,0.09849244079266264
22914,0.12037677187904527,0.2752736600588532,0.1473632958827544,0.456986272179347
22915,0.6249508049965427,0.05863555762812263,0.07539143523611275,0.241022202139222
22916,0.22775099091444725,0.20765144870254545,0.045142793222837506,0.5194547671601698
22917,0.3250797516089474,0.10371683492662159,0.023257094400006093,0.5479463190644248
22918,0.41441921774157386,0.15179121238967608,0.037101723499527256,0.39668784636922283
22919,0.10658443384900802,0.5821791032191266,0.05338201269788765,0.2578544502339778
22920,0.13924089300656092,0.08212440673414446,0.48690055019824086,0.2917341500610537
22921,0.3487675836899229,0.1509995500030583,0.06196833079340555,0.43826453551361333
22922,0.13229010901080238,0.3305881323365106,0.08267709257920583,0.4544446660734812
22923,0.01924727028952246,0.45409783489205324,0.13407163078178408,0.39258326403664023
22924,0.5499822948161138,0.14076549859056334,0.12473465572953364,0.18451755086378918
22925,0.14733768259785182,0.18764713823730453,0.029982335597256486,0.635032843567587
22926,0.2908639117221807,0.07101758399503325,0.15330746690506108,0.48481103737772496
22927,0.07718176458965686,0.06483807195541662,0.25852157698843115,0.5994585864664954
22928,0.47234260181674115,0.1952451403205866,0.0534157167830771,0.2789965410795951
22929,0.12496791025676089,0.45618518924681006,0.23755543459736905,0.18129146589906
22930,0.0897410583501232,0.1396964507693495,0.32133847596540943,0.4492240149151179
22931,0.13940040188590533,0.19631490405128219,0.46251806167375153,0.20176663238906098
22932,0.0621480408161143,0.0982576377223563,0.042320616990849436,0.7972737044706799
22933,0.23189461589171534,0.16427656651946287,0.12471469108712498,0.47911412650169677
22934,0.06071620781765161,0.06838180032142184,0.45367689754328283,0.4172250943176437
22935,0.06333888101604666,0.4876936863063629,0.30702050169656164,0.14194693098102884
22936,0.4415381531266334,0.07284572131080908,0.26726710998981507,0.2183490155727424
22937,0.4129786921531691,0.11054077358883754,0.29504468696556335,0.18143584729243
22938,0.41408354577407724,0.3560123401369172,0.09705900217606724,0.13284511191293827
22939,0.06934021645099081,0.259639855585265,0.2694461372153421,0.40157379074840205
22940,0.06737642079946912,0.04158154976904247,0.6836378246331716,0.20740420479831684
22941,0.1512069729512336,0.052772263616129855,0.6134332800611905,0.18258748337144617
22942,0.02941168618221916,0.3364753425419884,0.5687626125317506,0.0653503587440417
22943,0.07556623732420097,0.3497017863259285,0.11031845756227901,0.4644135187875915
22944,0.03184133163846822,0.25253157837589696,0.10579280285179982,0.6098342871338349
22945,0.10490234562548098,0.3243325273268204,0.22336371262989138,0.3474014144178071
22946,0.03151185968575187,0.08393215933845023,0.6043155516662437,0.28024042930955423
22947,0.36986674306289025,0.3104298741330728,0.17678552009505552,0.14291786270898144
22948,0.2787565903714498,0.15147698844777213,0.21368856716701717,0.3560778540137609
22949,0.0324090811666579,0.44339789431617965,0.2125197370905013,0.3116732874266611
22950,0.1270999278803757,0.23452427248536273,0.1471018431449351,0.49127395648932654
22951,0.15562185996393763,0.38424484919624646,0.24721487852678314,0.2129184123130328
22952,0.21835109841691122,0.2742939191873338,0.16593301201444202,0.3414219703813129
22953,0.5930695533483504,0.11485788207720926,0.1733293201763337,0.11874324439810666
22954,0.077121410085072,0.13677517177493298,0.49087823835744326,0.2952251797825517
22955,0.19116253240656753,0.6658444302097897,0.09600195901562798,0.04699107836801487
22956,0.34330954720324347,0.22074798622477465,0.1879000152201061,0.2480424513518758
22957,0.20437296573450317,0.18167129682788308,0.4498243198051635,0.16413141763245032
22958,0.6532955149932131,0.16910341854232525,0.10432202641411577,0.07327904005034577
22959,0.08192741796480285,0.17357378239493898,0.6172565849776798,0.12724221466257837
22960,0.4759169462433207,0.36908879556425356,0.12367294876714224,0.031321309425283446
22961,0.11443130505850238,0.23662867061236756,0.5102789692769145,0.13866105505221543
22962,0.1222995443501335,0.11764520563200391,0.7285891599328085,0.03146609008505417
22963,0.10256007931010575,0.45406321733869487,0.0840837184948696,0.3592929848563298
22964,0.07636010867355306,0.07922757719202314,0.7559516971801535,0.08846061695427027
22965,0.2743352305156546,0.420903509856916,0.1174899740683952,0.18727128555903416
22966,0.09768806202871638,0.06680278632490926,0.7704115175988046,0.06509763404756978
22967,0.035592203040865134,0.7016414544317605,0.24611703445496877,0.01664930807240565
22968,0.1876493149240895,0.2706771084693602,0.4675010569167148,0.0741725196898354
22969,0.2592858149328048,0.30382278196160817,0.37770794895668847,0.05918345414889863
22970,0.35729103990450667,0.159827365050285,0.40441750787478425,0.07846408717042415
22971,0.1316895296513162,0.18534388058645537,0.6441478540358281,0.038818735726400384
22972,0.26696919142015985,0.6740375425112566,0.03648007530658944,0.022513190761994074
22973,0.03828676444924505,0.4715498921622624,0.044798546667718944,0.4453647967207735
22974,0.07177236437013498,0.11592718842545419,0.6459982969319323,0.16630215027247855
22975,0.4422860718224407,0.1408776062085871,0.39077241912555766,0.02606390284341455
22976,0.03397813241924174,0.1471945889124529,0.6659987119263933,0.1528285667419121
22977,0.10693695186275878,0.5255005863830883,0.29974208707167443,0.06782037468247845
22978,0.056699414038075345,0.2255760074734688,0.5781015292373233,0.13962304925113256
22979,0.11556588149971637,0.46353708021468976,0.2970551633943238,0.12384187489127009
22980,0.32245918964058484,0.6255529231167886,0.028081354945643823,0.023906532296982717
22981,0.20279503898591644,0.7101648204424408,0.05904969404307912,0.0279904465285637
22982,0.22269235339340954,0.17326155732162,0.21616658845685602,0.3878795008281145
22983,0.33173811771308837,0.6129840592562444,0.024347969941755747,0.030929853088911427
22984,0.05968774288494231,0.4097700092077557,0.3828236687217348,0.14771857918556705
22985,0.5058279106184521,0.07625842843958569,0.14334492431358936,0.27456873662837283
22986,0.43056587908384536,0.31687843016444317,0.12482879221571816,0.12772689853599337
22987,0.06310534323769146,0.08389274572237332,0.6867689187884861,0.16623299225144916
22988,0.13151535689763919,0.06981552616767654,0.7134342785818568,0.08523483835282741
22989,0.5011657823170748,0.1244080691126215,0.22203630136307018,0.15238984720723345
22990,0.28414370250170295,0.3709762415550809,0.08322579905781037,0.2616542568854057
22991,0.8397053075197354,0.05476876838949486,0.01265971087134656,0.09286621321942326
22992,0.2102287568840411,0.6662090228815097,0.08040191582159496,0.04316030441285427
22993,0.20120183602632483,0.15673396513592391,0.5708032329533514,0.07126096588439981
22994,0.745099969403561,0.19528776121677432,0.02607429559474154,0.03353797378492303
22995,0.12620754422717867,0.4875246319779302,0.23034893989695832,0.15591888389793276
22996,0.7261434005611018,0.1523169399827141,0.057954305700163335,0.06358535375602074
22997,0.394946539971458,0.34584699110718464,0.17682607389598934,0.08238039502536787
22998,0.2285599040689437,0.32739538019043185,0.10590737089536996,0.33813734484525443
22999,0.7586629898488643,0.0785233862058593,0.08466799236045536,0.07814563158482099
23000,0.14793259147921445,0.1567905503956329,0.657731165588581,0.03754569253657173
23001,0.26919861550942914,0.5878614732880738,0.05956608946268366,0.0833738217398134
23002,0.14529550389158177,0.4746484484885511,0.1550211825968651,0.22503486502300207
23003,0.6930385607756839,0.13782489679447846,0.08688455508246541,0.08225198734737227
23004,0.0907492220999465,0.5878622664259398,0.2544859354278065,0.0669025760463073
23005,0.23976132456125068,0.5670975594057028,0.13223688975352887,0.06090422627951763
23006,0.06841945818370392,0.15786754852913373,0.7295628842466837,0.044150109040478676
23007,0.02999113934430709,0.4732242064394225,0.4756507220113767,0.021133932204893693
23008,0.06221197441872658,0.692622483408295,0.17280163213498528,0.07236391003799317
23009,0.15654723532764983,0.27988454298657073,0.4039304887512356,0.1596377329345438
23010,0.611301677924898,0.13538157626205022,0.1490596619565752,0.1042570838564767
23011,0.3535134661419358,0.043014368242398585,0.379244969477534,0.2242271961381317
23012,0.25536730666997703,0.06228263072511885,0.5257185304459466,0.15663153215895761
23013,0.381209429876387,0.041906240636482184,0.3199058373372351,0.2569784921498957
23014,0.09166790025679458,0.28225261962032966,0.45863504099786107,0.16744443912501478
23015,0.23777910223083878,0.0688566529516828,0.5074576194673103,0.1859066253501681
23016,0.2763390050464928,0.07889472282680171,0.5843848017801648,0.06038147034654067
23017,0.15520971164129452,0.14032411012659246,0.5557431594217463,0.14872301881036662
23018,0.5789868749007588,0.07409505852241918,0.2607210243967824,0.08619704218003961
23019,0.05266134640117308,0.06557722269912708,0.8451060035521007,0.036655427347599016
23020,0.4271564883728561,0.07072560802166968,0.1295411867194064,0.3725767168860678
23021,0.4813670445067722,0.29614642567095967,0.053110326555219405,0.16937620326704866
23022,0.4187303072382179,0.1724303511066875,0.07725428561940094,0.33158505603569366
23023,0.6639060874768832,0.08686137325561491,0.08928326357292071,0.15994927569458114
23024,0.2918539606625108,0.3620097584553326,0.14867331771193168,0.19746296317022485
23025,0.15782455940558054,0.34183663318080076,0.24789470225365717,0.2524441051599615
23026,0.8387521618910468,0.04349465912956112,0.07690785235435064,0.04084532662504141
23027,0.15382720610949072,0.3264426232039267,0.19413108164504475,0.3255990890415377
23028,0.32311883589906354,0.5056547742771353,0.04618094899066448,0.12504544083313665
23029,0.03019174098812606,0.034574974925714916,0.792098816004768,0.14313446808139108
23030,0.5013837854082219,0.32333310107905977,0.03686956189496496,0.13841355161775326
23031,0.06654157830330704,0.23878260696594622,0.42877844816577815,0.26589736656496865
23032,0.1611344295187013,0.6013690683089918,0.13331894778162134,0.10417755439068557
23033,0.5992462550625982,0.15545605592370715,0.02872631402662617,0.21657137498706844
23034,0.0841720745524508,0.45682568931181544,0.08696558249340232,0.3720366536423314
23035,0.38297928013564936,0.3019314214912071,0.06883233945184741,0.2462569589212961
23036,0.04443513754261635,0.741369947871467,0.04566035006208327,0.16853456452383336
23037,0.5889667614192462,0.23104729420361964,0.11657917790541629,0.06340676647171788
23038,0.22854371402091195,0.6748142881818671,0.07133252869596932,0.025309469101251657
23039,0.6882728624100036,0.1629660851679725,0.04182153573962251,0.10693951668240151
23040,0.1543094119957379,0.11875200536123627,0.225185598275823,0.5017529843672028
23041,0.23805863556252585,0.15944773786528904,0.4725500262084537,0.12994360036373137
23042,0.37810183891463706,0.3325416396124203,0.035118547583878695,0.25423797388906405
23043,0.2648951797635042,0.18943313833040565,0.21510684094102403,0.33056484096506605
23044,0.10916934752683118,0.3073074823516011,0.47927006554989354,0.10425310457167425
23045,0.3680377198905305,0.19806104022418913,0.255647975248122,0.1782532646371583
23046,0.7869936572941163,0.051533614950558526,0.09734041793199479,0.06413230982333039
23047,0.0718224591753791,0.3229230120702583,0.5586863819477023,0.046568146806660334
23048,0.8358685190932531,0.04044531144756279,0.06975715898205641,0.05392901047712766
23049,0.34301265115303364,0.3611456686660601,0.11467073182673339,0.18117094835417275
23050,0.19260417863962384,0.582648164024565,0.1524612810204294,0.07228637631538179
23051,0.3810144734575658,0.17341965790196578,0.3698587706579905,0.07570709798247796
23052,0.21383399281699197,0.6772854087032012,0.09209878068830038,0.01678181779150644
23053,0.6317671442719375,0.09168998255905061,0.15966954697698155,0.11687332619203045
23054,0.5551673948068216,0.02793360642482571,0.3685857931342375,0.048313205634115196
23055,0.7944346237729204,0.10497763915899877,0.0748589300100614,0.025728807058019464
23056,0.2923848889598097,0.09240112916125516,0.3081787704762233,0.30703521140271195
23057,0.2124947732186827,0.6776883450288064,0.02771951634619932,0.08209736540631157
23058,0.06054288969121861,0.5705970007468943,0.3204047159097519,0.04845539365213518
23059,0.5729569649478734,0.11670268972350113,0.16461105058044437,0.14572929474818108
23060,0.6624024166156803,0.09664818993884461,0.04183223114600528,0.1991171622994698
23061,0.6168338706459546,0.12063901441484604,0.23957595015784686,0.02295116478135245
23062,0.2298552633867415,0.19484910801153335,0.25568024925763144,0.3196153793440936
23063,0.25642982321555,0.07527341756384202,0.5823291594626234,0.08596759975798447
23064,0.1981792577828748,0.11037766851918726,0.5860254135715032,0.10541766012643485
23065,0.19634223163125342,0.21008145362053438,0.4486196508917081,0.14495666385650413
23066,0.06161444318253935,0.8754945793983266,0.0184388343150666,0.044452143104067504
23067,0.20240769283299978,0.05396718514304691,0.2458140895284244,0.49781103249552894
23068,0.7975065498406134,0.1372846778159176,0.009912956790218079,0.05529581555325095
23069,0.03154559244860135,0.5488539678823667,0.10487985196380299,0.314720587705229
23070,0.08537543980695383,0.5339006802315563,0.053168455362576035,0.32755542459891385
23071,0.016944922042994207,0.46897272442687327,0.32060715780471727,0.1934751957254152
23072,0.17303616302046165,0.04451563991473762,0.6247907840099292,0.15765741305487152
23073,0.059761849284308464,0.023487471369222423,0.6273318850135505,0.2894187943329185
23074,0.4920984616309249,0.11383894362480314,0.08708409105268208,0.3069785036915898
23075,0.3150117769989309,0.21235284053688558,0.1034425383510219,0.3691928441131615
23076,0.5829101353969903,0.025507853509134648,0.029946348116200432,0.36163566297767463
23077,0.7995094002857657,0.031173396312489478,0.08017182611889898,0.08914537728284593
23078,0.04429362697911219,0.07596831556878174,0.8284048203875344,0.05133323706457181
23079,0.5286908651125388,0.10228728925890045,0.23595785624863755,0.1330639893799232
23080,0.27271243435189707,0.3939459081528988,0.09290426114467014,0.24043739635053402
23081,0.033413664247245185,0.049039551992182843,0.7634758963895742,0.1540708873709978
23082,0.14061344438029788,0.7718785335472809,0.031818318505927985,0.05568970356649329
23083,0.10010914154995339,0.42342234387455613,0.20276994899009787,0.2736985655853926
23084,0.05236374063447498,0.21314702766036853,0.5261654532445552,0.20832377846060132
23085,0.06924796844867942,0.03532356892854483,0.045035921862031994,0.8503925407607438
23086,0.20427028253354026,0.5725556784898278,0.11861378973594026,0.10456024924069164
23087,0.11612559966244265,0.36385311876302384,0.4315172453510995,0.08850403622343407
23088,0.19545627459775322,0.346898082667103,0.39759377038679256,0.06005187234835116
23089,0.3481685876544084,0.45013597896136875,0.17088906957923375,0.030806363804988992
23090,0.07123465462578393,0.35115343403823296,0.4536774535636452,0.12393445777233786
23091,0.22559191798616898,0.4304790324353527,0.27461543082305473,0.06931361875542356
23092,0.22825932684257477,0.19548970966509835,0.4986873318572551,0.07756363163507177
23093,0.3927803649058895,0.2143851983824285,0.2835948805499034,0.10923955616177858
23094,0.3088730929107363,0.29252298018374323,0.31492697992140056,0.08367694698412
23095,0.10854897141212248,0.47191969276567397,0.301330441931597,0.11820089389060641
23096,0.4026005438229568,0.20843344290485732,0.28461486677140735,0.1043511465007786
23097,0.43724023126008277,0.17997266869684367,0.33902188262234334,0.043765217420730106
23098,0.301592284342491,0.3485974626947462,0.2758680775047901,0.07394217545797262
23099,0.2911853196564756,0.40081732298974326,0.23643846676505154,0.0715588905887296
23100,0.13419118133366256,0.36781918920311857,0.44441868717101285,0.053570942292205985
23101,0.13358806103203588,0.6315566226893742,0.17313195401598333,0.061723362262606676
23102,0.3019350328166527,0.238470134599412,0.33407000942521503,0.12552482315872035
23103,0.21572578223866457,0.15606781667715666,0.6002238416831067,0.027982559401072027
23104,0.11905088752755592,0.45506395131818456,0.33183977413896293,0.0940453870152966
23105,0.08140586074322971,0.5262694167708833,0.2630300849050416,0.12929463758084528
23106,0.2866037051680275,0.2797908411249928,0.2916666930981407,0.1419387606088389
23107,0.16052356829586606,0.12631931559892556,0.6633607034992003,0.04979641260600812
23108,0.2830679598888083,0.30605653404727684,0.14145171919751856,0.26942378686639634
23109,0.07062245937662512,0.5049269286310263,0.3165479281343239,0.1079026838580246
23110,0.5777334676025833,0.05977354842549459,0.25915123471353846,0.10334174925838377
23111,0.1318731499977634,0.6684208597184911,0.10967945350514133,0.09002653677860423
23112,0.14346524725536677,0.09230670686243032,0.7061317950306686,0.058096250851534303
23113,0.21870974021145417,0.4124033018085702,0.2381184549578986,0.13076850302207704
23114,0.09082051379994298,0.290803812690968,0.538865255515542,0.07951041799354709
23115,0.1602327202727076,0.36598514438833957,0.33446854413148525,0.13931359120746764
23116,0.0381921662277557,0.8642038751364854,0.0173797835468159,0.08022417508894299
23117,0.11608539857985735,0.16854908726306198,0.6162830934710201,0.09908242068606056
23118,0.06872290155288906,0.0659087083436476,0.6063250628141134,0.25904332728935003
23119,0.055341785014872,0.505081969211431,0.15154933430818904,0.288026911465508
23120,0.6646560414350122,0.1545120316178179,0.04527630816366624,0.1355556187835036
23121,0.40034251163381407,0.3694344779228746,0.06135504595987228,0.16886796448343913
23122,0.20648363921090732,0.36441142401177107,0.1790389080547652,0.2500660287225565
23123,0.053259289548976886,0.5951198496764729,0.19173500641209396,0.1598858543624562
23124,0.29839201503571144,0.49648201967725303,0.10511406107870237,0.10001190420833314
23125,0.19404812484983566,0.579973751799497,0.15385010701086957,0.07212801633979786
23126,0.29870146183043533,0.36973213286333184,0.25237704636051517,0.07918935894571767
23127,0.2035208724467734,0.3360656748341073,0.40569791213440043,0.05471554058471891
23128,0.6424731081544651,0.13284094319740178,0.12937283815372286,0.09531311049441031
23129,0.24851047565483708,0.4994911016078463,0.1594544650729972,0.09254395766431947
23130,0.14046963804832438,0.7056234713589983,0.08734307385363296,0.06656381673904437
23131,0.18977087418824284,0.14517719723221806,0.6108670492792252,0.054184879300313925
23132,0.4048164629196184,0.2886452052067165,0.2210541724027513,0.08548415947091391
23133,0.07127471268316234,0.3444001221874725,0.5612332511969926,0.023091913932372577
23134,0.2870429903878403,0.30673106599875954,0.28584181424516436,0.12038412936823574
23135,0.1440001581096672,0.6315427561851593,0.17050741544612813,0.05394967025904538
23136,0.3531700716819366,0.21721133512266144,0.35734394165211053,0.07227465154329143
23137,0.15867869585356023,0.4936855161533523,0.09406687780236267,0.25356891019072475
23138,0.1951114645546274,0.27605063878473407,0.4983782321114938,0.03045966454914478
23139,0.23637011937568148,0.47433371163467236,0.20346914331942387,0.08582702567022227
23140,0.12497883675940719,0.6883037376654937,0.10578705176274267,0.08093037381235653
23141,0.11666445226546712,0.7052347008111575,0.08584212165987572,0.09225872526349962
23142,0.41187109928345944,0.14248919309717964,0.4167244566512405,0.02891525096812033
23143,0.14545211888413534,0.391772838413144,0.44638328497832136,0.0163917577243993
23144,0.06547511582525921,0.5860211159648072,0.3223538931543248,0.026149875055608778
23145,0.07227857709613285,0.7330003690923705,0.15739025733485168,0.03733079647664499
23146,0.16123223486343052,0.5771104535974415,0.25525094324847175,0.0064063682906562855
23147,0.17783609193673178,0.32336334545135026,0.3800038992220402,0.11879666338987767
23148,0.09200732802863967,0.8102353044626741,0.06515057973361356,0.03260678777507268
23149,0.4169513581922907,0.4377433953014221,0.07993564968366791,0.06536959682261932
23150,0.09400812928782644,0.6238397064093097,0.17700696398971788,0.10514520031314592
23151,0.25476805201796543,0.2224048640520866,0.5031272192898837,0.01969986464006422
23152,0.10962425561748217,0.1855378334647807,0.6669837555692755,0.03785415534846173
23153,0.26936846242745716,0.5868142437557644,0.10325675010183122,0.040560543714947175
23154,0.12144941671940943,0.6006388445770076,0.20446140503650367,0.07345033366707933
23155,0.5640607166069147,0.298340628981117,0.08515831120424164,0.05244034320772673
23156,0.3522924252336025,0.411092432153192,0.09393262759335577,0.14268251501984971
23157,0.06454919797304412,0.8385761929577863,0.07288245770425328,0.023992151364916305
23158,0.5493806280625981,0.309674664352825,0.1123851645288944,0.028559543055682583
23159,0.3016402582438369,0.3307369146358657,0.2932830899447094,0.07433973717558806
23160,0.055652433106695605,0.33510109850169717,0.3209304332889697,0.28831603510263754
23161,0.3111974536451579,0.45937534457092827,0.19388727906533687,0.035539922718576936
23162,0.3836322848974842,0.39251939621868964,0.05574566404161305,0.1681026548422131
23163,0.03293978481766381,0.928045209190708,0.024302007741753832,0.014712998249874456
23164,0.08899102356184853,0.7219364704608917,0.16116679522826935,0.027905710748990377
23165,0.02732712680894226,0.28172041292787825,0.5232358145156226,0.1677166457475569
23166,0.8198015200754435,0.08011249840148232,0.03993685578762723,0.06014912573544692
23167,0.4232884637969211,0.1637243068905419,0.20114123180135643,0.21184599751118058
23168,0.34635463471921296,0.06945869330460357,0.3515535421762216,0.2326331297999619
23169,0.2905615379351086,0.24111624702874612,0.44366901102403394,0.02465320401211137
23170,0.09750624799581313,0.24023523498435842,0.3380033489448367,0.3242551680749918
23171,0.3471796424987904,0.22422538057713398,0.2669254074882234,0.1616695694358521
23172,0.2723886783145811,0.6293151796195643,0.05952209931301474,0.03877404275283987
23173,0.06495025596108059,0.14821210101459076,0.5269746958334658,0.25986294719086295
23174,0.8887809412663622,0.05219806686312528,0.024435261175096264,0.03458573069541621
23175,0.6943737960498922,0.08213701664686164,0.1419695053635082,0.081519681939738
23176,0.02615086985320625,0.811950858582618,0.08837016159365456,0.07352810997052127
23177,0.6682321800149758,0.124390043540859,0.19579588101590842,0.011581895428256784
23178,0.16529612540967525,0.49930932985408233,0.2555919789363462,0.07980256579989621
23179,0.10985446440108498,0.8092722596034871,0.02813790236897638,0.05273537362645152
23180,0.019405807995961134,0.2156477226800893,0.7245785023167916,0.040367967007158084
23181,0.18051034840287977,0.4285979467423921,0.1737848004286255,0.21710690442610267
23182,0.6278011963333857,0.21145388398840723,0.12536378949091972,0.03538113018728727
23183,0.2158538242266443,0.33178709539402856,0.2113964263941447,0.24096265398518243
23184,0.30267370254103343,0.25858333171579573,0.2510372669644886,0.1877056987786823
23185,0.4030404383746248,0.10587948464928645,0.14222273380745407,0.3488573431686347
23186,0.5002299289523298,0.14991575611011024,0.08981917421042072,0.26003514072713924
23187,0.17499666837591074,0.1590506515879538,0.5654181189700344,0.10053456106610117
23188,0.5776751189768198,0.3019304211942185,0.057456178841009106,0.06293828098795269
23189,0.275936194186904,0.16162559571350657,0.1879914308802214,0.37444677921936814
23190,0.19533527815217824,0.10051479176069784,0.259832104293741,0.4443178257933829
23191,0.4864190996976763,0.35503876035916954,0.06354813239935912,0.09499400754379493
23192,0.3820688624577207,0.30133779935273347,0.06526389397234168,0.25132944421720416
23193,0.2618962950490757,0.15218721068972482,0.15497029070331328,0.43094620355788615
23194,0.5756252192734241,0.2437661705950074,0.0962504421494257,0.08435816798214277
23195,0.5958540505525513,0.14866775921582634,0.1439655824352356,0.1115126077963869
23196,0.2854277915251501,0.3268943124873773,0.1584707845932372,0.22920711139423527
23197,0.49054571088476506,0.12393491474268493,0.10899974467158607,0.27651962970096394
23198,0.38834906021382387,0.13406750784852398,0.18720742250500055,0.2903760094326516
23199,0.7962965203580754,0.07178911208344664,0.036684615367494657,0.09522975219098331
23200,0.21783131054117025,0.25190391718288513,0.5063673196516357,0.02389745262430892
23201,0.4202152360913052,0.28565047728091275,0.25128819648862893,0.04284609013915307
23202,0.2226122938000125,0.2965206735167864,0.45416156480002795,0.026705467883173146
23203,0.09199099114308384,0.7173057047242589,0.16815482228480108,0.022548481847856162
23204,0.24874396992449987,0.5315727033007555,0.14745087592955972,0.07223245084518488
23205,0.23732973987261433,0.3073593875649788,0.39337183437561696,0.06193903818678997
23206,0.46083183514479836,0.4117784359694073,0.0477001528781892,0.07968957600760519
23207,0.376726981106841,0.27582292571485123,0.2973518996286369,0.050098193549670836
23208,0.2815145399444368,0.21300225481261148,0.350947065363778,0.1545361398791737
23209,0.4322228324789943,0.45330640242039494,0.06746196589982964,0.04700879920078114
23210,0.5883308647748013,0.3296597201171349,0.05734830889596296,0.024661106212100832
23211,0.3203512281961655,0.5522465385533691,0.09172475507886241,0.03567747817160302
23212,0.09546909646862532,0.5802484358269102,0.25754345973675563,0.06673900796770887
23213,0.10311139345524253,0.25983924272172165,0.5210458670761655,0.11600349674687026
23214,0.6155789677059436,0.13657259028086977,0.19662445967556455,0.0512239823376221
23215,0.5407037042602533,0.26240574265301886,0.10957110823458062,0.08731944485214727
23216,0.3336564578859541,0.32417605063141713,0.20161149500205783,0.1405559964805709
23217,0.06165318343507129,0.7639754112683762,0.0896509594757563,0.08472044582079613
23218,0.34604433431567405,0.2878836505278554,0.26361762766831626,0.10245438748815423
23219,0.29161757739543914,0.0765266592218611,0.09111033317555323,0.5407454302071466
23220,0.7333680727775956,0.11643777826463839,0.08328556567767353,0.06690858328009228
23221,0.8662419222988549,0.017742254495459665,0.033332911082071204,0.08268291212361423
23222,0.17187907285305698,0.11570702598430732,0.4542055050381357,0.2582083961245001
23223,0.257035550838395,0.3192580823549955,0.09615874393459141,0.32754762287201805
23224,0.06294741450953262,0.3073450540149495,0.3239258916769224,0.30578163979859546
23225,0.3831417388354863,0.44920539550691496,0.02813987472951483,0.13951299092808392
23226,0.05918296251876174,0.057978572246258846,0.5936798367246914,0.2891586285102881
23227,0.7897459211803923,0.07938409850219844,0.051635918682927565,0.07923406163448166
23228,0.07177529673601434,0.05555923274987917,0.12417720283698584,0.7484882676771206
23229,0.2901786789060832,0.09586583039680961,0.335642519198036,0.2783129714990712
23230,0.12871370672334198,0.4245802658853463,0.08652471260588687,0.36018131478542487
23231,0.04280113244104056,0.23526009280408416,0.20953931145512938,0.512399463299746
23232,0.38630029310290115,0.22548133235726317,0.17207191858272144,0.2161464559571143
23233,0.13145297561149877,0.107307681216153,0.3632616902748747,0.3979776528974735
23234,0.2746322740109242,0.02326769414163504,0.10325074537744607,0.5988492864699947
23235,0.18571214409495854,0.02110110758958827,0.41001213914987716,0.383174609165576
23236,0.5786053444138485,0.0190690071930098,0.24451697228276617,0.15780867611037555
23237,0.04286710855673437,0.20223983358868738,0.3402070454684593,0.414686012386119
23238,0.050367536495885656,0.1551545011285268,0.2347622450493268,0.5597157173262608
23239,0.2056054689386946,0.403923683223177,0.03946129005753212,0.3510095577805963
23240,0.10827240269002346,0.5739657549014382,0.033215177398795565,0.28454666500974274
23241,0.3037499311994202,0.10220062727896499,0.1052101282646005,0.48883931325701435
23242,0.4666605596986256,0.20409005307913253,0.04281349376370469,0.28643589345853715
23243,0.20404930671074417,0.05794541889237812,0.34716281397398974,0.390842460422888
23244,0.0771643774659483,0.6329252075494662,0.06939358532618436,0.22051682965840105
23245,0.5541062211054754,0.03256000411526974,0.08982926527186635,0.3235045095073886
23246,0.2174471731094059,0.14708935186558342,0.0724216484031492,0.5630418266218614
23247,0.05451080749872215,0.027644147661045827,0.3729706948186052,0.5448743500216269
23248,0.10832207488501677,0.49300829326127876,0.1344302086741573,0.26423942317954724
23249,0.17994399303307787,0.17060657456113237,0.1969716402259809,0.45247779217980877
23250,0.21881339465008284,0.0659156350189319,0.626404597586954,0.08886637274403121
23251,0.060231216502466683,0.7325531721476432,0.07526280097645174,0.13195281037343837
23252,0.09913582612058851,0.20227186658498977,0.2887157444900937,0.4098765628043281
23253,0.06151194268202589,0.12754675890361766,0.6261446173255503,0.1847966810888062
23254,0.534285645853386,0.0900251410253408,0.2269079037086429,0.14878130941263032
23255,0.2839581182357199,0.2366062267159169,0.042401678058809206,0.4370339769895539
23256,0.6396171679644658,0.04230807040145019,0.11166649386450671,0.2064082677695773
23257,0.13087603590299898,0.7397685507675495,0.01909565155564297,0.11025976177380845
23258,0.8071657416611061,0.03074122443778846,0.07815945047197223,0.08393358342913312
23259,0.21536492831838794,0.13589453347914973,0.35413878549811617,0.2946017527043462
23260,0.20893741484968198,0.06469665757192634,0.5853429487121755,0.14102297886621623
23261,0.1173909812946908,0.5417013551712865,0.13174194047396062,0.20916572306006206
23262,0.718599032590868,0.048538487690694854,0.1062462293204451,0.12661625039799207
23263,0.5705478447020352,0.09582294116243263,0.2744758461641045,0.059153367971427694
23264,0.04603334747024455,0.3468203868738761,0.4297756871052725,0.17737057855060676
23265,0.7465638538711067,0.08567288254808757,0.06776139809842124,0.10000186548238442
23266,0.40810744859143605,0.11070995945158522,0.11013738978872586,0.3710452021682529
23267,0.48532097346170655,0.1390463237602238,0.2957280253568804,0.07990467742118924
23268,0.25979379800746166,0.10206132105175533,0.06917208506445534,0.5689727958763277
23269,0.4135813259385801,0.34647413886164924,0.050832756598343166,0.18911177860142753
23270,0.26196703525695086,0.21717805137526727,0.46685793729939556,0.05399697606838631
23271,0.5152640527467335,0.0716888417284792,0.053857654549008635,0.3591894509757787
23272,0.19013789073056708,0.17850998501998208,0.5216826226928258,0.10966950155662497
23273,0.21225092669010165,0.584401461013582,0.07830675029034086,0.12504086200597556
23274,0.6291430824851816,0.1319657669192843,0.06061381518005064,0.17827733541548346
23275,0.10964630570806261,0.18320806186525324,0.3934345293367818,0.3137111030899024
23276,0.18922762935542345,0.3867543445175577,0.20570630907963652,0.2183117170473823
23277,0.6715159822357559,0.21492026198039446,0.02616525731792712,0.08739849846592251
23278,0.13388553283532462,0.12580543736807503,0.3964955503021876,0.3438134794944127
23279,0.555187817396145,0.26842765648287525,0.0934097341605853,0.0829747919603945
23280,0.4416074905910663,0.16241639670218874,0.19600946047409573,0.19996665223264923
23281,0.23364337986150804,0.5220356862820102,0.1506020809491606,0.09371885290732104
23282,0.28843999796746966,0.3393308770349329,0.2674419537308846,0.10478717126671284
23283,0.07225521451722253,0.28349889045196114,0.527246997669432,0.11699889736138451
23284,0.10994337408259941,0.2543084620621774,0.44133080218736304,0.19441736166786017
23285,0.47224275321091547,0.19676795938147437,0.06987000592650308,0.2611192814811071
23286,0.29015104402137115,0.02718745707380658,0.5952148605511958,0.08744663835362645
23287,0.11930650110259874,0.20613920126867918,0.5037874215783229,0.17076687605039914
23288,0.7895177135646295,0.058504583873015666,0.08135381945848853,0.07062388310386626
23289,0.2443706605792405,0.4731623933009124,0.1979731693358293,0.08449377678401787
23290,0.23931337332265235,0.2919205726776606,0.11614760413637559,0.3526184498633115
23291,0.5459760969105117,0.11838078807219954,0.13257692033362461,0.2030661946836641
23292,0.1387682413214049,0.14945491604578467,0.6326300902302883,0.07914675240252221
23293,0.7551479939680232,0.11605774491291918,0.05003946342825699,0.07875479769080056
23294,0.3025514404778736,0.2534058260316828,0.14710325428722534,0.2969394792032182
23295,0.0986458959172369,0.010785708878867895,0.8054798191358848,0.08508857606801036
23296,0.11628266529220876,0.26912462100899565,0.5345540915999317,0.08003862209886375
23297,0.05672328784663002,0.02222822916845665,0.7122546158655477,0.2087938671193656
23298,0.4524906153287124,0.01985210402194245,0.30532768985730074,0.22232959079204437
23299,0.5474570975657195,0.12192610867774888,0.034226111579569604,0.296390682176962
23300,0.19402415205574527,0.11285598653626806,0.6415068845829786,0.05161297682500803
23301,0.5926426593237657,0.0451608531628574,0.04371288757491096,0.3184835999384659
23302,0.18413472792932545,0.08494650473137191,0.6737855342775961,0.05713323306170639
23303,0.14896374774652058,0.13923293797678418,0.4506371768828498,0.2611661373938455
23304,0.03370334067285159,0.5266331132335285,0.06146063684983948,0.37820290924378047
23305,0.49031632578787865,0.02421791340542169,0.02314392940994165,0.462321831396758
23306,0.12516193575656367,0.7150621650731294,0.09580131670770443,0.0639745824626025
23307,0.1611553114924059,0.16924847206573118,0.21127855736223627,0.4583176590796267
23308,0.2579423411549508,0.04831894939846681,0.5609919795719731,0.13274672987460923
23309,0.1096364679990203,0.10996440596428564,0.027933546058093745,0.7524655799786003
23310,0.07797274990641265,0.034399319018007954,0.7488080294187086,0.13881990165687078
23311,0.08205510230919388,0.026113592327892402,0.32075733822798635,0.5710739671349274
23312,0.1318211422502411,0.09582239310343936,0.7324586332551132,0.039897831391206326
23313,0.1251428151336788,0.2930677659939869,0.26774735092376456,0.31404206794856976
23314,0.4933929841849083,0.06324482064725485,0.17459006413309588,0.2687721310347409
23315,0.27293286097375874,0.12907048500853252,0.5596659787240011,0.03833067529370764
23316,0.23247855730105998,0.13485207941395372,0.4759823289400796,0.15668703434490674
23317,0.3113505218452851,0.21243323723939492,0.2710267124994569,0.205189528415863
23318,0.11801586133845256,0.09687185673539211,0.5884789376984848,0.19663334422767054
23319,0.3091280838076576,0.34918581452323355,0.03759868719067063,0.3040874144784382
23320,0.11201569278073374,0.07685278151616405,0.43556192749163125,0.3755695982114709
23321,0.49711965811862846,0.018855446838330233,0.4370824488359623,0.046942446207078964
23322,0.11803935160992061,0.032992313805084904,0.7450027982409231,0.10396553634407144
23323,0.3916498120089593,0.3753805794815005,0.07419118100747941,0.1587784275020608
23324,0.5362706795465682,0.12409817376708229,0.21797369001939565,0.121657456666954
23325,0.05113679076891742,0.4449219841799815,0.4384138397673015,0.06552738528379957
23326,0.132540522266019,0.17318301210243778,0.16168467286662652,0.5325917927649166
23327,0.11546712905525981,0.042759536879076084,0.7382133598055537,0.10355997426011047
23328,0.04213069475118921,0.7238980664082526,0.049059328658356216,0.184911910182202
23329,0.22889228868621758,0.09623445919433928,0.47031491181064344,0.20455834030879966
23330,0.16816414436699162,0.10658234635338665,0.63510484399882,0.09014866528080186
23331,0.1278559688188366,0.7791148763216419,0.04167184688923058,0.05135730797029099
23332,0.07022071814803832,0.288260306281358,0.6025968675039773,0.038922108066626306
23333,0.6584968112237528,0.09735714275899034,0.10526119401879619,0.13888485199846057
23334,0.353547111962296,0.14886805674707845,0.20195659987373946,0.29562823141688604
23335,0.3711709754736159,0.13947905144993694,0.0663908665654929,0.42295910651095436
23336,0.04457950683234673,0.3895597913392606,0.38744813572440634,0.17841256610398626
23337,0.6702396369721147,0.050275489605515894,0.16393040474468834,0.11555446867768097
23338,0.1349485125309075,0.07675283829800301,0.7127583788894585,0.07554027028163102
23339,0.07782112380432804,0.20531781170658123,0.38170898849458373,0.335152075994507
23340,0.06893618922142482,0.09775205781422014,0.465077836387561,0.368233916576794
23341,0.053564727971155,0.07880897047154921,0.7239678160899236,0.14365848546737234
23342,0.4534958368367606,0.07923803993513646,0.19400649400083755,0.27325962922726543
23343,0.16435571752628161,0.29378035316098633,0.09467297451085392,0.4471909548018781
23344,0.04904377985369552,0.12481365361326516,0.16021674977479106,0.6659258167582484
23345,0.06346880550908124,0.3849550421310147,0.10223638694869329,0.4493397654112108
23346,0.1454917719795529,0.4298314679073915,0.15954382340792903,0.2651329367051265
23347,0.2924818589518352,0.1793305851951711,0.06487904953612582,0.46330850631686793
23348,0.19381643586248823,0.3426075978649987,0.2931308662575616,0.1704451000149515
23349,0.22556282786954723,0.32707793644196653,0.3331970985328409,0.11416213715564526
23350,0.2494177495262481,0.3598227637936195,0.17856927732540992,0.2121902093547224
23351,0.14270004938303615,0.3257835375546256,0.1948116189492064,0.33670479411313176
23352,0.23109305728949192,0.1644747973666333,0.3854935537550544,0.21893859158882045
23353,0.14525877738168505,0.37637339489735494,0.21816341225041283,0.2602044154705472
23354,0.23967405552906887,0.4874864459827066,0.1090591724305268,0.16378032605769774
23355,0.2033318326713073,0.43444118941688453,0.0963091088202632,0.2659178690915449
23356,0.30869216537595967,0.11441017122407471,0.4832682659204898,0.09362939747947573
23357,0.1550545984280985,0.3753672548954646,0.22522489291613776,0.2443532537602991
23358,0.30537161998440504,0.09048953559331767,0.33246257316268873,0.27167627125958843
23359,0.38222537492628134,0.19166590574740017,0.20547029044528783,0.22063842888103066
23360,0.5977090778820077,0.18742282774431507,0.15082132497960174,0.06404676939407551
23361,0.24522546465923853,0.14433572492954105,0.3579361149820602,0.2525026954291603
23362,0.25562112221147903,0.2271036438229115,0.24982766013009028,0.2674475738355193
23363,0.18280764172059397,0.4361288886076596,0.20717543048589873,0.17388803918584764
23364,0.301874197218565,0.19608566985155013,0.18743180398163942,0.3146083289482455
23365,0.37949182148797167,0.2879622397340139,0.19472198414350692,0.1378239546345075
23366,0.14645204374327192,0.05382696033936817,0.6091565566407807,0.19056443927657915
23367,0.2056770695884356,0.2093915236625427,0.5156189699644236,0.06931243678459806
23368,0.13522188103172186,0.31683866759494594,0.36576523073174777,0.18217422064158445
23369,0.35651173230658634,0.23371388005012936,0.18127097520685195,0.2285034124364323
23370,0.11942843701775477,0.1773798157452278,0.5649174928227938,0.13827425441422372
23371,0.6963106194983425,0.03730124472543517,0.13474276528881723,0.13164537048740507
23372,0.47543449730068865,0.06265928997380514,0.023736937315579874,0.43816927540992634
23373,0.13536302510805653,0.33392961927795123,0.3724168506084981,0.15829050500549416
23374,0.03609140558878688,0.3827064537376086,0.5031562812834759,0.07804585939012858
23375,0.17703766295109946,0.41301646639129797,0.334295833580275,0.07565003707732754
23376,0.21648126834187773,0.29578363398173835,0.38351914881656085,0.10421594885982297
23377,0.24491569058041507,0.23198780902924215,0.4439063147700457,0.07919018562029706
23378,0.5652927202076382,0.04629158151017295,0.2568865429635578,0.13152915531863107
23379,0.16092744792831282,0.07930549457098582,0.49102124604833736,0.268745811452364
23380,0.3690759809060405,0.36062698358935613,0.09376822164304176,0.17652881386156158
23381,0.15676251779787567,0.2699684927680583,0.36331089619213586,0.20995809324193015
23382,0.06244130022157563,0.04102882794584169,0.6795300461508433,0.2169998256817394
23383,0.12595453129744189,0.6691490186805935,0.09582055006938926,0.10907589995257537
23384,0.7555953624262538,0.08347181666437571,0.0917955502092083,0.06913727070016228
23385,0.12527500701780206,0.4649573992700702,0.36583717445205105,0.04393041926007663
23386,0.22703377993403848,0.5502852597612602,0.01646062947855991,0.2062203308261414
23387,0.2467429695561619,0.18535541626044802,0.07782644610722178,0.4900751680761683
23388,0.11007192110219106,0.16249159276597952,0.4869152495932074,0.24052123653862198
23389,0.03619925336697667,0.05516826126430077,0.3802464535928189,0.5283860317759036
23390,0.16210037276228495,0.5668556171906901,0.17947686785458694,0.09156714219243808
23391,0.10459402516836849,0.33125498285990507,0.4962415175631836,0.06790947440854292
23392,0.14900497758394465,0.20551872748489247,0.6151198767007622,0.03035641823040066
23393,0.055688016636623656,0.7295422559319635,0.1792882536134319,0.03548147381798087
23394,0.22229540338259332,0.3572603189472424,0.3740892180872505,0.04635505958291371
23395,0.0760216025265781,0.4173758326186056,0.42558507698299003,0.08101748787182636
23396,0.5590984468679169,0.26177621126588546,0.10732418397509935,0.07180115789109835
23397,0.31142341814145413,0.4531913351472512,0.14939356140219362,0.08599168530910105
23398,0.15456164182760884,0.6482862077782948,0.16506995232781987,0.03208219806627648
23399,0.05683640124859988,0.7986496487700195,0.0812784870442183,0.06323546293716234
23400,0.6154186080739763,0.17581016344711514,0.13346947536039352,0.07530175311851502
23401,0.32681659951508996,0.3872125525592067,0.18071645283116455,0.10525439509453877
23402,0.06834808557816474,0.7157890469365303,0.20204463299125086,0.013818234494054012
23403,0.1540447807897246,0.2009240578032437,0.518780186202197,0.1262509752048347
23404,0.056687245761152555,0.6742999874300187,0.24624755975495508,0.022765207053873537
23405,0.0578882572343913,0.5375691134900707,0.30089614739344517,0.10364648188209279
23406,0.44590888419357944,0.19937670368606195,0.3173312816715667,0.037383130448792004
23407,0.27734727123047725,0.30811136660900096,0.1889527641758975,0.2255885979846243
23408,0.31990036920021947,0.22893456718026983,0.3532380510776232,0.09792701254188746
23409,0.2778815086390996,0.38144762020059425,0.27312798061330845,0.06754289054699762
23410,0.22429942140713927,0.5214396700861806,0.19542301872947862,0.05883788977720147
23411,0.19583057949119664,0.2324231455398234,0.49733039559860526,0.07441587937037478
23412,0.11222793172418838,0.5872918136109286,0.23671596110451007,0.0637642935603729
23413,0.17595831902795367,0.3525395303145515,0.3372812845835156,0.1342208660739793
23414,0.43495609346563763,0.2835918642351621,0.19061778903788767,0.09083425326131257
23415,0.5003196047085692,0.22325452321178904,0.19971874652953564,0.07670712555010611
23416,0.12214931054391871,0.7491185441535261,0.08888608881097974,0.0398460564915755
23417,0.42722839694691983,0.1627779618695849,0.34009230216465586,0.06990133901883948
23418,0.1267175646731309,0.4827189368427379,0.2677389157941851,0.12282458268994621
23419,0.2462585513909149,0.5169594171698262,0.13660678594222261,0.1001752454970363
23420,0.15938738237665603,0.1366070169272139,0.612554213209199,0.09145138748693112
23421,0.3908739411601962,0.40734769486393535,0.07664454809625734,0.12513381587961112
23422,0.23708369220702363,0.10328281423622569,0.5473562784142249,0.11227721514252575
23423,0.5197016563415486,0.15404551911120432,0.28451499521739826,0.04173782932984872
23424,0.44413674247788104,0.194069347744595,0.20939959041712278,0.1523943193604012
23425,0.4730026541040757,0.23991735599024197,0.17969049166461032,0.10738949824107201
23426,0.4155687151114886,0.3806290999545638,0.12277258950873578,0.08102959542521182
23427,0.4657461017819271,0.12314216154292988,0.36455661999942524,0.0465551166757178
23428,0.44006087960299706,0.29854164015258056,0.22332240511212278,0.03807507513229965
23429,0.22904710143025717,0.6169223042432996,0.12626360998519262,0.027766984341250526
23430,0.47800588016837514,0.28503019121875756,0.213918565723081,0.023045362889786303
23431,0.20348867447285357,0.32355347453595734,0.458504092422552,0.014453758568637048
23432,0.17089511640964883,0.3614572529030915,0.37407919777115883,0.09356843291610088
23433,0.3197700304265715,0.5377037380115878,0.11516091820656532,0.02736531335527538
23434,0.21153862142056,0.2230696798924648,0.5346627688983507,0.03072892978862452
23435,0.26628726187760476,0.5553045079828769,0.12521337116733758,0.05319485897218074
23436,0.3759310617192589,0.34575142885459714,0.2227126761730284,0.05560483325311565
23437,0.23758263747182726,0.45241250496239654,0.2436912008321388,0.06631365673363743
23438,0.28456865560966066,0.1239916456197103,0.557120033809238,0.03431966496139103
23439,0.3946881702500921,0.30438305817526556,0.22170965806177384,0.07921911351286846
23440,0.44857483627168593,0.3762329687472841,0.12504669377038094,0.050145501210649
23441,0.14727257154062043,0.21288333274799087,0.5079442784187453,0.13189981729264325
23442,0.47694944656424876,0.31636702129570515,0.1591409517708404,0.04754258036920569
23443,0.4868355125399736,0.24808519025336168,0.21367037239815354,0.05140892480851119
23444,0.1939088276306379,0.34190270982376186,0.4441750669367078,0.02001339560889231
23445,0.058751400200427205,0.343866086092378,0.5742643242049753,0.023118189502219492
23446,0.7194739296693933,0.11968134976614578,0.11754297100532758,0.04330174955913342
23447,0.28356191751856347,0.13007746225957884,0.4251449266718908,0.16121569354996693
23448,0.17502221527584402,0.26658877674534415,0.13051301547243066,0.4278759925063811
23449,0.5917660798525434,0.06990905169595737,0.1580487838974685,0.18027608455403085
23450,0.04896996492604151,0.11421363295984283,0.5162072033510983,0.32060919876301747
23451,0.13867122190569595,0.28174815545900694,0.37354098975667455,0.20603963287862254
23452,0.06060945463243483,0.6026506493588343,0.03286584914754961,0.30387404686118114
23453,0.4280765306609157,0.16231665342375823,0.24642332657048815,0.16318348934483803
23454,0.2408874769917778,0.10556475794148065,0.047116717142429015,0.6064310479243125
23455,0.22291639165597468,0.12530659888235446,0.1380355553145448,0.5137414541471261
23456,0.19168243936980947,0.7192520129964529,0.030100438817351843,0.0589651088163857
23457,0.12765066357997862,0.05318729948127266,0.2706896224955891,0.5484724144431596
23458,0.022354469231912217,0.5013795119794884,0.268125088375116,0.20814093041348336
23459,0.18289721698336106,0.6563439684579717,0.03626766845109475,0.12449114610757245
23460,0.0962875083813554,0.8597354829194227,0.025458648744014375,0.018518359955207547
23461,0.019505091762811254,0.21165582550104348,0.6278148406059008,0.14102424213024456
23462,0.6901158182353717,0.16675362332966076,0.05853723315331537,0.08459332528165213
23463,0.03858296578735776,0.11684427431344986,0.6432170650117662,0.20135569488742616
23464,0.0470515308324914,0.0455668471915288,0.6579740862168765,0.24940753575910335
23465,0.2717645738642716,0.36351795575156115,0.12165197566781243,0.24306549471635483
23466,0.17061888592012206,0.08732335995744331,0.17676123343187397,0.5652965206905606
23467,0.022843054683798162,0.7420242368072615,0.07551288485961631,0.15961982364932406
23468,0.4182374918357692,0.10862544071357161,0.061374750710890075,0.4117623167397691
23469,0.08814617310222343,0.06480623101423444,0.7833594280044681,0.06368816787907405
23470,0.4529140460813585,0.2986203667586292,0.13751759592917262,0.11094799123083963
23471,0.03577701868507921,0.4094296571299009,0.5009536391650846,0.053839685019935225
23472,0.19324218270275328,0.32971183538214366,0.2772955554380417,0.19975042647706137
23473,0.1882266958477789,0.06580556066444328,0.34115187885390597,0.4048158646338718
23474,0.22092075896975363,0.11543239668511768,0.2897309475681419,0.3739158967769867
23475,0.13154768220617813,0.663768740094387,0.0482906310071032,0.15639294669233172
23476,0.22941390357092242,0.5077811471198712,0.08594535981188059,0.1768595894973258
23477,0.2578487401519118,0.10996366528562625,0.32318484247778906,0.30900275208467287
23478,0.1133769378334014,0.5993437863423524,0.12216318016652991,0.16511609565771623
23479,0.043932876912540796,0.1274190124097293,0.2724019270485333,0.5562461836291965
23480,0.051103879244241354,0.42343850760494023,0.4647836025595932,0.060674010591225166
23481,0.20432148035643263,0.6434327317257781,0.0937211238916934,0.05852466402609588
23482,0.6235026455569311,0.07581474569509086,0.17048994914307636,0.13019265960490162
23483,0.1684045315575071,0.25318208805631925,0.17085809372538863,0.4075552866607851
23484,0.0892109137100415,0.27178143813304473,0.5935239822809716,0.045483665875942256
23485,0.13767406840146762,0.48320148729898915,0.016633579814023157,0.36249086448552004
23486,0.01431087138360839,0.2928354968869764,0.0913930033928639,0.6014606283365513
23487,0.20944255763412534,0.3018364905477659,0.020959072869792098,0.4677618789483166
23488,0.12193281636940101,0.524874322302999,0.027494933063847257,0.3256979282637528
23489,0.1414139138159948,0.023214618528864778,0.13734684229863114,0.6980246253565092
23490,0.03535576684878668,0.016955706352912717,0.41192608292986793,0.5357624438684327
23491,0.03183523320811691,0.13967292831071973,0.11023999329059735,0.7182518451905661
23492,0.03244002247145772,0.5237469997198069,0.1756659620484173,0.268147015760318
23493,0.04475609678210019,0.07309645046026454,0.03791715153553638,0.8442303012220989
23494,0.12695744221683986,0.48585377964716303,0.03506478075567733,0.35212399738031974
23495,0.0342447096123523,0.8039451149305155,0.031087354743420444,0.13072282071371177
23496,0.05930338414685004,0.44438763036934564,0.01193301482762958,0.4843759706561747
23497,0.1270102049799164,0.5314563867393776,0.06304334731105408,0.27849006096965184
23498,0.0904228350861392,0.026997049126596943,0.23205576470087982,0.6505243510863841
23499,0.016573375938637,0.0320609244736864,0.18528935646664135,0.7660763431210352
23500,0.021447464134671548,0.10118629046745654,0.4661645487688945,0.4112016966289775
23501,0.3769288164259194,0.05171500315548383,0.21297204925123292,0.3583841311673638
23502,0.10541811239760271,0.03254330379365732,0.45111753479696304,0.41092104901177695
23503,0.44459172635366107,0.0430395355245212,0.052175679437131924,0.46019305868468585
23504,0.40028678561261327,0.2662099629458947,0.22271212727549577,0.11079112416599621
23505,0.0694832572128345,0.2758395949741618,0.568335224720505,0.0863419230924987
23506,0.2898959585927253,0.07136650745861216,0.5847708619816147,0.0539666719670479
23507,0.6143747000624908,0.2404610995105879,0.12014728883551262,0.025016911591408696
23508,0.122881972317367,0.1937624982390266,0.46484638406014467,0.21850914538346183
23509,0.36235223247824766,0.3916172034226272,0.0926030177184677,0.1534275463806575
23510,0.3349252369159654,0.05343715425047303,0.48587038710535835,0.1257672217282033
23511,0.6239577497656205,0.09260732474858652,0.05331656574107362,0.23011835974471942
23512,0.7009194672356002,0.1331369977396783,0.1257884042471799,0.04015513077754166
23513,0.2232385580774481,0.30870727947984505,0.08735985933826029,0.3806943031044466
23514,0.4327516849996152,0.10227815123539948,0.2763363906558769,0.1886337731091084
23515,0.5822949207307876,0.05016798364053474,0.33865486439273884,0.028882231235938836
23516,0.5284872014246745,0.09955761996464527,0.26268615360049447,0.10926902501018576
23517,0.6779951644843133,0.1803429630941604,0.07122223005886581,0.07043964236266043
23518,0.07314908063537366,0.05142557409441874,0.8494223909958117,0.026002954274395865
23519,0.08321131345724433,0.7311059295726845,0.06454683784033341,0.1211359191297379
23520,0.6128956973579229,0.07612365972732839,0.19098829674533865,0.11999234616941006
23521,0.1287241912202187,0.3784872433914365,0.46983917092824534,0.022949394460099498
23522,0.17311490139290406,0.4256185111123883,0.20043308684900646,0.20083350064570116
23523,0.06267798770076834,0.7351019634323966,0.13321960261532023,0.06900044625151476
23524,0.037266567423738906,0.8021491283527744,0.0638802105192779,0.09670409370420881
23525,0.24467121779662995,0.2267574077304196,0.0987813732141694,0.42979000125878103
23526,0.10739969199487952,0.19908564252134142,0.6412081782997582,0.052306487184020894
23527,0.15741540876244206,0.39907999492630186,0.25489745440873984,0.18860714190251635
23528,0.03205225574318588,0.8538746340132022,0.07343114876287914,0.0406419614807328
23529,0.179767871601199,0.5671556899697744,0.08181491405025343,0.17126152437877318
23530,0.1307879479078263,0.06980675434332564,0.7258357295976773,0.0735695681511707
23531,0.6156686044081762,0.04522338961356498,0.0855669871086597,0.25354101886959907
23532,0.3302898746448093,0.26038886285803053,0.1331686982656055,0.27615256423155465
23533,0.4836805850616846,0.19326742519122578,0.10082856674624158,0.22222342300084796
23534,0.4089961098280664,0.13838409561330217,0.20902994551872486,0.2435898490399066
23535,0.08726687102916869,0.18583103290517178,0.18033041195781654,0.546571684107843
23536,0.13997191437546225,0.1452208433299605,0.3312411170324044,0.3835661252621728
23537,0.2783341029145052,0.2661668378045108,0.044471500154352944,0.4110275591266311
23538,0.5122984480795193,0.20056580362442072,0.026202556324265817,0.26093319197179415
23539,0.09302546081097161,0.2826493212376196,0.1668657533524266,0.45745946459898224
23540,0.06955790226190851,0.05509902230399641,0.5147020246620968,0.36064105077199826
23541,0.13545610244014997,0.4408423668611938,0.08638195836915055,0.3373195723295057
23542,0.021610197108340033,0.15586137273755518,0.5736409478946835,0.24888748225942128
23543,0.5032933878769472,0.18519919744298344,0.066266520909294,0.24524089377077535
23544,0.028407400498252855,0.15432904649592996,0.7330465982651987,0.08421695474061841
23545,0.21958155452394718,0.06853227575946791,0.05875169837913507,0.65313447133745
23546,0.03483614648767483,0.17997714024477526,0.6639569332118471,0.1212297800557028
23547,0.27059460699748994,0.5252378626217312,0.019907343988312617,0.18426018639246622
23548,0.3583686365151072,0.11848123206152768,0.03214859513166706,0.4910015362916982
23549,0.3046713965348833,0.07817239249433783,0.20931361076316707,0.40784260020761176
23550,0.0574197597446806,0.1598915363746387,0.18327249161400577,0.5994162122666749
23551,0.42079726918677474,0.200005216290868,0.2626395153286201,0.11655799919373715
23552,0.033387206957063945,0.3974563214388435,0.5536096737628777,0.01554679784121481
23553,0.02946108207388547,0.7607912277844354,0.1097199583590582,0.10002773178262092
23554,0.5566134294652948,0.2503054924818982,0.12981901567881807,0.06326206237398893
23555,0.049486580172507004,0.3688574396180883,0.45601842380834967,0.12563755640105498
23556,0.45595130121166383,0.09125550596616794,0.1023838236341355,0.3504093691880328
23557,0.030401797591947156,0.03498623867072586,0.7376090058524615,0.1970029578848655
23558,0.15643529848427462,0.10635655633777769,0.5318113420343927,0.2053968031435549
23559,0.188332879028572,0.05696006341856758,0.5083071958898877,0.24639986166297265
23560,0.054115214052344617,0.07528756303150891,0.4997962158383532,0.3708010070777933
23561,0.576346671882158,0.2508647894338616,0.14008013472642764,0.032708403957552784
23562,0.6449561144485719,0.1288955450800502,0.061080142022622026,0.1650681984487559
23563,0.22278338302730638,0.579104124185127,0.14059403689308247,0.05751845589448411
23564,0.11204480662628413,0.5305824269069623,0.26670038346838176,0.09067238299837177
23565,0.10002132402605131,0.07514650696760368,0.7415666252679055,0.08326554373843945
23566,0.713412456782555,0.15341409308244539,0.05474442528170381,0.07842902485329575
23567,0.15021726770817623,0.7418582389470565,0.06654818093174523,0.041376312413022046
23568,0.15668024659949445,0.7258739125294748,0.03042424380807298,0.08702159706295783
23569,0.8730448078160533,0.04382258495327235,0.06032714938628379,0.02280545784439064
23570,0.041814809556755525,0.89874367298702,0.04300725654229191,0.01643426091393256
23571,0.1611206803600285,0.0998858261210189,0.41974312298768324,0.31925037053126937
23572,0.16152572508923105,0.7563226964142276,0.028529185822279625,0.053622392674261735
23573,0.18041618622582692,0.16299076528494466,0.209950302956128,0.44664274553310035
23574,0.03878063455858844,0.7728694308247775,0.13993367952130023,0.04841625509533364
23575,0.1041148358433327,0.40127196352802835,0.28670033614284623,0.20791286448579277
23576,0.2293512522509893,0.2829089940188726,0.12953652439922758,0.3582032293309106
23577,0.8172687677412936,0.06186592765376548,0.07038489091151744,0.05048041369342348
23578,0.3321762210707003,0.22490190979242,0.10392106134018109,0.33900080779669856
23579,0.0711966823159653,0.6558262972054383,0.11667750921226301,0.1562995112663333
23580,0.21663030713709916,0.6590203375944964,0.03192351763076466,0.09242583763763981
23581,0.22649883190195255,0.3498494522037185,0.32542783261405955,0.09822388328026944
23582,0.08230425665089819,0.13393060215001637,0.7516352217091454,0.032129919489940005
23583,0.7678962844569058,0.061740358753553,0.03727761930577233,0.1330857374837689
23584,0.57165207506485,0.21921751977045423,0.09038769164888634,0.1187427135158094
23585,0.7377254873631358,0.17181377508223553,0.04144513757743476,0.049015599977193916
23586,0.30854521797988743,0.30524529319706933,0.2895737084290782,0.09663578039396507
23587,0.11699925871498539,0.20279036105024478,0.5139324084816637,0.1662779717531062
23588,0.3110741812481445,0.0920677802891635,0.3208716425034075,0.27598639595928454
23589,0.8412531897733055,0.030890780955679455,0.040278733253381674,0.08757729601763334
23590,0.43629405172467994,0.1269081755451731,0.24721909410234497,0.189578678627802
23591,0.8200756426379243,0.053335511962787324,0.07138017849276229,0.055208666906526066
23592,0.6950103690286336,0.055981931696998805,0.04509019509474357,0.20391750417962404
23593,0.04379044720779993,0.6638474991964688,0.2059070801238112,0.08645497347192
23594,0.7006774718380292,0.031347612762394214,0.23602441094335452,0.031950504456221995
23595,0.2007112177699407,0.11860444322840373,0.6359126975455814,0.044771641456074186
23596,0.21206663208911666,0.33463003982105327,0.24761440043296587,0.2056889276568642
23597,0.4762236260372611,0.06084802280639663,0.3088279370764348,0.15410041407990746
23598,0.7095588929345501,0.09955444730912132,0.048457759233901096,0.14242890052242754
23599,0.05933317807277981,0.6311658520176819,0.15126932446979957,0.1582316454397387
23600,0.5425117311009777,0.26644655148483193,0.11046309769038071,0.08057861972380961
23601,0.1619929480987471,0.5264994465670164,0.1997448532731447,0.11176275206109175
23602,0.2539587363807873,0.6432724782932874,0.0520552337360227,0.05071355158990267
23603,0.10303657289217225,0.29661366155567226,0.42199366842799757,0.17835609712415795
23604,0.37929173896987856,0.5125730957022471,0.05077211970600817,0.05736304562186627
23605,0.38239376543133624,0.14211178197349125,0.12198829250213711,0.3535061600930354
23606,0.19979745424843115,0.540489954022193,0.060475529087768314,0.19923706264160748
23607,0.23197687412660337,0.42548770659301927,0.10427058296251446,0.23826483631786288
23608,0.4929625658888073,0.1582131181608971,0.11135288946706348,0.23747142648323216
23609,0.22731447631083596,0.35961932477251685,0.27911857358996073,0.13394762532668644
23610,0.23086051447168612,0.5811864907163793,0.12857755784872846,0.05937543696320613
23611,0.32699884972207677,0.1656844545925635,0.39126948489448515,0.11604721079087454
23612,0.2684892878912142,0.3395483931933536,0.13101358801191332,0.2609487309035189
23613,0.35767682029855735,0.3427072864769496,0.2565543041774419,0.04306158904705117
23614,0.46445285338434783,0.44203074164168493,0.05940064305113175,0.034115761922835525
23615,0.3044767065664328,0.4382629442948498,0.0399315500495937,0.21732879908912375
23616,0.46719424258051806,0.22875593831549015,0.22282864502674404,0.08122117407724777
23617,0.1822167079480675,0.6687763355069873,0.0551852083553356,0.09382174818960953
23618,0.3363637915008061,0.0225119835789936,0.10266781829442397,0.5384564066257763
23619,0.062476997039753714,0.15224344727919367,0.1535905468955249,0.6316890087855277
23620,0.03316854269496073,0.12415270339695687,0.017011123362800095,0.8256676305452824
23621,0.20163198510899183,0.08995138692141649,0.03368398297239916,0.6747326449971925
23622,0.09639868202390459,0.32453234382648904,0.020925475234733815,0.5581434989148726
23623,0.014414302008207194,0.06009384657219194,0.024234717540684552,0.9012571338789163
23624,0.03099023093749167,0.863557068922162,0.019297044740624228,0.08615565539972211
23625,0.07981970292398885,0.10218836158053077,0.08259219374125745,0.735399741754223
23626,0.05742977180591791,0.32385905436284534,0.07857163100362854,0.5401395428276083
23627,0.12029307457420561,0.03062029422616959,0.4373259016202291,0.41176072957939575
23628,0.1435459085316597,0.09239756614700105,0.014954380295051313,0.7491021450262879
23629,0.0898558176919692,0.17361817922851183,0.04296880691760629,0.6935571961619127
23630,0.29818661790007345,0.30183981313415087,0.0928447533056826,0.30712881566009304
23631,0.01859813000046309,0.20715137615496235,0.33773849567965397,0.4365119981649206
23632,0.046089144026153044,0.020799933283834653,0.15780109094513398,0.7753098317448784
23633,0.043838843076037935,0.5944873961600875,0.062034367639125176,0.2996393931247493
23634,0.7237362623951688,0.048013122959200655,0.007421076748824348,0.22082953789680626
23635,0.007899412218779465,0.19667357706980312,0.04930799600804747,0.7461190147033698
23636,0.037997145776694705,0.38827291248559215,0.20406078511085124,0.3696691566268619
23637,0.28230097674661125,0.4800872984805555,0.11747935905800283,0.12013236571483038
23638,0.6153326654575347,0.12649779123043461,0.19462570917380384,0.06354383413822681
23639,0.19005997411948525,0.1571266157870299,0.580411517771401,0.0724018923220839
23640,0.22208576909617422,0.14385347348159008,0.46002007385677407,0.1740406835654615
23641,0.15396847106566322,0.4107364804727622,0.2087323432583044,0.2265627052032702
23642,0.23527750608998602,0.2128937870977799,0.3233513099595332,0.2284773968527008
23643,0.37682834181811337,0.4435187380997306,0.14984895302626045,0.029803967055895702
23644,0.20358385165210302,0.4709840259948851,0.1577878189977928,0.16764430335521904
23645,0.14127379030768078,0.33461739707395766,0.19413008875465393,0.32997872386370763
23646,0.1909559266818079,0.37382423549290766,0.23026873313727295,0.20495110468801156
23647,0.15368262365191213,0.7200454119824107,0.05533872324143165,0.07093324112424551
23648,0.1932229641163656,0.6088007117593922,0.06460891216266586,0.13336741196157628
23649,0.29048299302071334,0.22529307484957398,0.24820993544927508,0.2360139966804376
23650,0.2585702001406134,0.24506348716833198,0.1662251320059669,0.33014118068508763
23651,0.13451227429697826,0.5809817517665127,0.16473341671603012,0.11977255722047901
23652,0.055014395376867524,0.2290135808343516,0.6871538179514255,0.028818205837355358
23653,0.06305336696475305,0.06434084296513783,0.7922910252168235,0.0803147648532856
23654,0.05503902764946811,0.2517430328029343,0.5805386157448074,0.11267932380279028
23655,0.2520394871598002,0.4730053014295526,0.17082179845977644,0.10413341295087084
23656,0.17902844701700765,0.11739696286486957,0.163252054085637,0.5403225360324858
23657,0.5928630984049932,0.14144895816996708,0.07429721242906863,0.19139073099597106
23658,0.24960677430059283,0.06489461296362643,0.253510086343008,0.43198852639277274
23659,0.5999407893502546,0.2527587348667432,0.05957361192435151,0.08772686385865057
23660,0.27338359496938014,0.14773177301104093,0.08446987964346758,0.4944147523761113
23661,0.17860484198808724,0.06228266481153621,0.0625051533358894,0.6966073398644871
23662,0.1470456171794559,0.4063114755180359,0.07862551295202232,0.3680173943504859
23663,0.24706984762089762,0.15786841378334027,0.21368714129611985,0.3813745972996422
23664,0.04267014004338378,0.46397926117451577,0.07514302960296297,0.41820756917913754
23665,0.27587032106069326,0.17943649138100567,0.0353791064682462,0.5093140810900548
23666,0.43693599757320556,0.06014971640642939,0.18723976233318654,0.31567452368717847
23667,0.2415556390666396,0.08724198538457978,0.5774839264273388,0.09371844912144178
23668,0.5996629090944096,0.034484870045719186,0.06665382333535115,0.2991983975245201
23669,0.16959552538781256,0.44661866099909525,0.07525414925719963,0.3085316643558926
23670,0.15599929831510123,0.09321110601388084,0.598186520573934,0.15260307509708407
23671,0.06550617096415871,0.29610350856006845,0.4589727053672256,0.17941761510854715
23672,0.26914838972631566,0.21025130563179312,0.2091080277223269,0.3114922769195644
23673,0.40325849813131176,0.4234489625243716,0.03291403021720654,0.14037850912711003
23674,0.03154202246700703,0.32322539779871706,0.5584911935087541,0.08674138622552183
23675,0.05585222338601209,0.5908106155368152,0.03793425633470365,0.315402904742469
23676,0.12139458940981201,0.1135596061930056,0.053486917523905324,0.711558886873277
23677,0.23318947408884377,0.2748285257551816,0.17828462572360568,0.31369737443236895
23678,0.5335852702812449,0.07597896052289158,0.03811106228531334,0.3523247069105501
23679,0.5901178572554621,0.06981943109163057,0.2932825124094237,0.04678019924348356
23680,0.030339582193506257,0.18280316157170073,0.5965412416774755,0.19031601455731745
23681,0.09905504152470042,0.17710083358898646,0.6299720699162998,0.09387205497001315
23682,0.05602544535721885,0.3035697200394849,0.43695115472549784,0.20345367987779836
23683,0.4814509520532885,0.09100957959020016,0.17161833348065192,0.25592113487585944
23684,0.19812029651038346,0.4751043264958789,0.1321053918405348,0.19466998515320275
23685,0.2610569442862792,0.3901497129050638,0.28795318124827507,0.06084016156038201
23686,0.04913553776929114,0.110672532226589,0.3244444963932037,0.5157474336109162
23687,0.12302720813078026,0.10373239199864277,0.206010351259581,0.567230048610996
23688,0.21528006493644883,0.07557509834321942,0.09968146170779318,0.6094633750125386
23689,0.09383122476543124,0.301978071981187,0.4536827585918967,0.15050794466148507
23690,0.34807053153863277,0.24056736428078118,0.022577533402852512,0.38878457077773354
23691,0.05147351684991004,0.16880738590474212,0.5169752190060709,0.26274387823927686
23692,0.024681938911200917,0.458132567208264,0.04416172595653018,0.4730237679240049
23693,0.07532303577574795,0.5868916150066057,0.21303398403431376,0.12475136518333263
23694,0.05664538059739033,0.36145818699830923,0.29051458967124644,0.2913818427330541
23695,0.041272836379930025,0.5916694371562828,0.25342783370571537,0.1136298927580717
23696,0.8031863643919158,0.14694106455337633,0.027855302183893576,0.022017268870814302
23697,0.4051552347572691,0.07081184739624047,0.40754308272599843,0.11648983512049194
23698,0.23367272482172885,0.40922441338191984,0.1865584992711378,0.17054436252521357
23699,0.09678869366496248,0.6939328619648851,0.06012627689082722,0.14915216747932528
23700,0.4277935838607638,0.025535357192721563,0.4691690088711991,0.07750205007531559
23701,0.030622753323443008,0.7623106653241255,0.11559750640732006,0.09146907494511144
23702,0.07249923654893764,0.1688200313924943,0.690101887456011,0.06857884460255718
23703,0.126477510783865,0.590210767652467,0.21367469286393662,0.06963702869973151
23704,0.22159331115076114,0.1503379696470742,0.40954488929528293,0.21852382990688174
23705,0.11065085498177056,0.6712575282868108,0.11591049489100323,0.1021811218404153
23706,0.6559708174095672,0.08334120552115758,0.15613976969040827,0.10454820737886693
23707,0.22409492794238453,0.6912968984706961,0.053088947852518116,0.031519225734401385
23708,0.13133992419804377,0.6983420617634379,0.0989627381031045,0.07135527593541371
23709,0.15456890022039413,0.36819442639923095,0.14376797091033724,0.3334687024700377
23710,0.634625445256055,0.1722102683726128,0.04581995452002022,0.14734433185131188
23711,0.03826179896439799,0.44458946809397504,0.47524821287444313,0.041900520067183804
23712,0.10367248685205561,0.06098783966876455,0.721444994998475,0.11389467848070481
23713,0.1965387158752287,0.2980333191723974,0.3965010779490575,0.10892688700331654
23714,0.04351624377105392,0.20417464171755426,0.7141319625522424,0.038177151959149315
23715,0.20092256154809193,0.07458991678207456,0.6648288942073578,0.059658627462475564
23716,0.5491688788642526,0.2361097502552271,0.14550678386866742,0.06921458701185276
23717,0.19224409847982085,0.6967116800900619,0.05098414693586759,0.060060074494249584
23718,0.17557914332585833,0.16324042927304513,0.603018363868091,0.05816206353300545
23719,0.32938202536221833,0.4922672250441608,0.08805760783641903,0.09029314175720186
23720,0.09640127364497961,0.15759666545406245,0.6950791323153785,0.05092292858557941
23721,0.6091011241233683,0.14987860655158602,0.22181175284799232,0.01920851647705335
23722,0.2005421142141109,0.28828655904240263,0.40960241139436676,0.10156891534911981
23723,0.11428900088669772,0.5006596410628144,0.30260651873550853,0.08244483931497935
23724,0.3639799710991674,0.49407008132631697,0.06274798380222413,0.07920196377229144
23725,0.06906352233421184,0.08920864845660705,0.8168192796341328,0.02490854957504827
23726,0.2013329218660494,0.2911196445621699,0.4508266022809599,0.056720831290820846
23727,0.27794277505585885,0.19893337571954606,0.4476902156114986,0.07543363361309662
23728,0.4896037378614182,0.2081528889256435,0.17303100351739775,0.1292123696955406
23729,0.12327749657731799,0.6674809204360985,0.1570508566779409,0.05219072630864268
23730,0.18726601462056902,0.4116625271612803,0.2740141557868322,0.1270573024313185
23731,0.06858144679956726,0.3472957189879136,0.4899669133175467,0.09415592089497234
23732,0.40732397875347814,0.30544613153327355,0.13585997023945892,0.1513699194737893
23733,0.6104760868016194,0.08586555324117554,0.13911168919160574,0.16454667076559937
23734,0.048366137607942575,0.030312497577108632,0.7921994453891044,0.1291219194258445
23735,0.5630229320404792,0.06230253228701058,0.18484300963270361,0.18983152603980663
23736,0.06411365964294394,0.15735727847954434,0.5794542834025442,0.19907477847496743
23737,0.096181151703743,0.6688704533086146,0.17755191420606378,0.05739648078157856
23738,0.3565677625473346,0.17650644742528124,0.23158714829353713,0.23533864173384703
23739,0.15577507264921356,0.106531988895588,0.4014614834286561,0.3362314550265424
23740,0.09475336762283657,0.03163694367397762,0.840386190308487,0.03322349839469883
23741,0.0358888015989034,0.09665120745283148,0.7111192731982569,0.15634071775000832
23742,0.1070742640332116,0.21562821822272407,0.37626342828411524,0.3010340894599491
23743,0.06702069902999509,0.8283674888101251,0.07176195962702356,0.032849852532856244
23744,0.014163220000404285,0.7101649360088124,0.24500024035032958,0.030671603640453727
23745,0.48873941988353703,0.1286051057799358,0.1458058639173782,0.236849610419149
23746,0.40410609895461913,0.36558310456130494,0.1368861791389049,0.09342461734517093
23747,0.08067980077671567,0.28901083541489303,0.573195560737461,0.05711380307093027
23748,0.25520435195503366,0.5056188490676721,0.17335673892231182,0.06582006005498232
23749,0.4528339881224109,0.2944566665097847,0.19494757738453397,0.057761767983270484
23750,0.3103592485443832,0.1638003611373484,0.4430067806308331,0.082833609687435375
23751,0.21530084011354791,0.28357697023761236,0.4040493586795986,0.09707283096924105
23752,0.23574488301316632,0.46810154075307525,0.15027279173332772,0.1458807845004308
23753,0.3014197131448322,0.29527180314127605,0.1432522831891378,0.260056200524754
23754,0.18083390649610095,0.307302701517423,0.344875774362776,0.16698761762370004
23755,0.5127889028579838,0.1882705840149922,0.25658376091017465,0.04235675221684934
23756,0.14193206664096258,0.401297058342351,0.24360030048111248,0.21317057453557386
23757,0.2790731603625859,0.5594313095780873,0.1220868228748014,0.03940870718452533
23758,0.5227310215218862,0.1942294215445519,0.08732598546775183,0.19571357146581017
23759,0.07145115145073265,0.31566498619580696,0.5337865672373486,0.07909729511611176
23760,0.27177210842488625,0.107267559003782,0.5763427129314415,0.04461761963989032
23761,0.21890992987739238,0.18877960753291229,0.42734759626734853,0.16496286632234677
23762,0.26907456844362476,0.19235917502633737,0.44386855310966516,0.09469770342037266
23763,0.6411707709684697,0.1438227245406428,0.1369936410695317,0.07801286342135584
23764,0.500928466256079,0.09337141076177968,0.27942456926858655,0.12627555371355478
23765,0.03949346640433294,0.08884601870146171,0.7314089530062549,0.1402515618879506
23766,0.06436557404330666,0.08738836182266535,0.8247570521951666,0.023489011938861354
23767,0.2898379714243521,0.38037443813226746,0.2298886593690697,0.09989893107431087
23768,0.07448030478387149,0.0980991016840059,0.5751868674733808,0.2522337260587418
23769,0.12637066537830338,0.16258548326621117,0.5441971375379122,0.16684671381757327
23770,0.11461506923042403,0.086417202718814215,0.6020113288682302,0.19695639918253155
23771,0.032393224850387384,0.45717951896578796,0.08414515209329228,0.4262821040905323
23772,0.02456185434149022,0.2480406418122995,0.10541122467293776,0.6219862791732725
23773,0.043207700997620765,0.3130596572764468,0.5161361408270737,0.12759650089885885
23774,0.08033515956797187,0.4010458706615095,0.12299997552045885,0.3956189942500599
23775,0.222228795507542,0.21084362611866597,0.10275473390137424,0.46417284447241786
23776,0.2544202557055289,0.06790754229269827,0.2141734826991453,0.4634987193026276
23777,0.15939553047578017,0.41864621559906245,0.32634147067015973,0.09561678325499769
23778,0.05572545344545755,0.541310686823105,0.06901029687758922,0.33395356285384814
23779,0.40948548692268794,0.2811683602731493,0.14397092316616905,0.16537522963799373
23780,0.40685249172471794,0.30742012961638376,0.07800878478303637,0.20771859387586183
23781,0.5631796711491693,0.11399545434398144,0.07109875191503683,0.25172612259181243
23782,0.05949882279975238,0.24760397017575103,0.3781231017153742,0.31477410530912237
23783,0.2405411652091233,0.048557245285386394,0.39596212569820965,0.3149394638072807
23784,0.07966114540225404,0.04152537834181299,0.5836717375568088,0.29514173869912413
23785,0.5618268540607376,0.13807076700400547,0.07901290671431947,0.2210894722209374
23786,0.25447609562025925,0.3888212547886789,0.0810989711311052,0.2756036784599567
23787,0.5267817228208818,0.18750425916127586,0.12470973996089209,0.16100427805695036
23788,0.09318761059701457,0.4626815224157912,0.16526207793376396,0.2788687890534303
23789,0.5135628947787984,0.12486756330735771,0.09651253886987397,0.26505700304396995
23790,0.02144840674232888,0.1440934923968162,0.5404663865118854,0.2939917143489696
23791,0.17377675528713815,0.09848759519649497,0.4353722821807998,0.2923633673355671
23792,0.13079362000847486,0.751546873301364,0.03351309200902186,0.0841464146811392
23793,0.2230558419302958,0.10202589178689922,0.2642667390873951,0.41065152719540976
23794,0.49246702753610405,0.12931339338996728,0.08975551147104142,0.28846406760288723
23795,0.35520951047296634,0.19464069332461045,0.07498174035103279,0.3751680558513904
23796,0.2729390164971038,0.24153381305638308,0.043368953560367365,0.44215821688614576
23797,0.365203791792483,0.19472754092424294,0.3604224708344436,0.07964619644883034
23798,0.1840481829107184,0.0354679199116566,0.18843722023590442,0.5920466769417205
23799,0.37166462119325167,0.0399970646360236,0.06900248740169236,0.5193358267690324
23800,0.18188405645603012,0.7191796200261763,0.029222162196580727,0.06971416132121294
23801,0.041434997408556454,0.14183296010751367,0.7006193343867807,0.11611270809714921
23802,0.07326722306729906,0.7720895824904234,0.04651786454341863,0.10812532989885898
23803,0.2152798791800724,0.26041839175411174,0.12206021345648396,0.40224151560933186
23804,0.364935902506347,0.13494552767619675,0.18358118136984117,0.31653738844761503
23805,0.2696048822697737,0.05834579889940795,0.5046595425427007,0.1673897762881176
23806,0.09214735420409534,0.34479943216632886,0.09675213224312182,0.46630108138645393
23807,0.520260688273588,0.12307575726017128,0.08865006321825492,0.26801349124798585
23808,0.2267252125299459,0.6164181426754396,0.12701880745340327,0.0298378373412112
23809,0.4198278487368887,0.45954213347693273,0.06885974451633729,0.0517702732698412
23810,0.08651039847812624,0.8057119414902919,0.09541848255435975,0.012359177477222132
23811,0.5119009907044682,0.20739656399497336,0.24284679459267972,0.03785565070787873
23812,0.28526183203446115,0.40355054345199143,0.2797974947789585,0.03139012973458904
23813,0.6778757326879334,0.25450181844912856,0.0382672672895175,0.0293551815734205
23814,0.4409355870444602,0.2948212828883837,0.23622009164266797,0.028023038424488247
23815,0.03752578137682257,0.1856570974395714,0.730730400676544,0.04608672050706199
23816,0.28298803329902683,0.45028651815653425,0.22458028141932143,0.0421451671251175
23817,0.42659304858037395,0.20557657027112225,0.3153682841689688,0.05246209697953503
23818,0.20904971734956368,0.39694989929986557,0.3263061770242845,0.06769420632628624
23819,0.10807639881480566,0.7162217110903523,0.14649603340383105,0.029205856691011035
23820,0.26602545865910937,0.2135242900812445,0.4766015768978769,0.043848674361769244
23821,0.11050117312267091,0.36025750460359784,0.32330820300981733,0.2059331192639139
23822,0.19099206840811833,0.44774758475420207,0.29347236262501614,0.06778798421266344
23823,0.10203836524218914,0.22288806632944133,0.5953007310824736,0.0797728373458959
23824,0.13599162766245082,0.7389464273798374,0.09023131621503934,0.034830628742672405
23825,0.5067338976247012,0.19393771795086504,0.263465023662933,0.03586336076150059
23826,0.14249021877484855,0.6812115633572465,0.1306549780215068,0.04564323984639818
23827,0.3778384764882194,0.24431617605596118,0.23421204369968837,0.14363330375613106
23828,0.05076108917273482,0.20252201741918274,0.6411640649501177,0.10555282845796474
23829,0.19098753143071803,0.3079917895965702,0.2379000630629966,0.2631206159097152
23830,0.0643108872291388,0.7810603523294565,0.061962226717180886,0.09266653372422376
23831,0.1175853826355389,0.21734641325866408,0.5850093003904125,0.08005890371538454
23832,0.0933530304932444,0.2058827758655951,0.6049400098202155,0.09582418382094503
23833,0.32753982187377945,0.14280204479301312,0.36700350035038737,0.16265463298282004
23834,0.38065435569488437,0.15793554548703378,0.3523962974663189,0.10901380135176292
23835,0.09001925483563515,0.5669402209853542,0.2236606470372129,0.11937987714179775
23836,0.5254456844194686,0.06460423292747361,0.14228126653076198,0.26766881612229576
23837,0.061507022165047,0.1265622296990061,0.2150109905044339,0.596919757631513
23838,0.6321090454127553,0.2199629816320895,0.08441885440158563,0.06350911855356962
23839,0.6466259797765944,0.15928094448412788,0.12137437906387116,0.07271869667540656
23840,0.2640719673594985,0.06820268702470644,0.6271909122743874,0.04053443334140761
23841,0.4783845649563471,0.08348662519232432,0.274100477581554,0.16402833226977453
23842,0.6188821319703893,0.1153355405377642,0.1588970767102773,0.10688525078156916
23843,0.39113538337339926,0.13973887912628083,0.24045407415144662,0.2286716633488732
23844,0.6776647961422962,0.09235975229233256,0.07528797789012721,0.154687473675244
23845,0.1413414631605624,0.0834652679489832,0.2713763210652009,0.5038169478252535
23846,0.6964790706132696,0.2025225642166802,0.08155835254348222,0.019440012626567988
23847,0.08886031528744591,0.8230450225270861,0.06716510000469189,0.020929562180776004
23848,0.04464873287522282,0.1335549034601601,0.720595632503673,0.10120073116094407
23849,0.5179423061122325,0.16342713131137962,0.23945195000836436,0.07917861256802361
23850,0.08877853510649111,0.2790432656793276,0.5446005395497721,0.08757765966440915
23851,0.6382412480514859,0.1620814041552572,0.17966566330460537,0.020011684488651506
23852,0.24956125189035946,0.4293585549472716,0.2031287582399219,0.1179514349224471
23853,0.1424706529332671,0.2682225779483358,0.5411076097223816,0.04819915939601545
23854,0.6258612081685729,0.15762395817336633,0.17596596926799588,0.040548864390064866
23855,0.27999502352678435,0.45899365410777926,0.10237563204102296,0.15863569032441346
23856,0.33421224793578197,0.5543969929736415,0.04315099551009406,0.06823976358048248
23857,0.5273854301269169,0.40652893814861674,0.04440079894579049,0.021684832778675948
23858,0.3971275637934699,0.1607152649990568,0.39057983586896,0.0515773353385133
23859,0.8657822025935681,0.05879934280108676,0.051968969125316185,0.02344948548002885
23860,0.21434923741557796,0.48053582476099177,0.1834423824249395,0.12167255539849085
23861,0.21552191350349997,0.1135791389399767,0.622099734511812,0.04879921304471138
23862,0.158852575281726,0.2161051220964326,0.5815440111490885,0.043498291472752894
23863,0.39445744116573866,0.10653135569757581,0.4344104575280309,0.0646007456086545
23864,0.23316192656448026,0.6529734772941135,0.03190913008182229,0.08195546605958402
23865,0.024846257464503193,0.12603202614488693,0.4160478413018279,0.43307387508878187
23866,0.28641723884579884,0.32602887848056256,0.0694963660367262,0.31805751663691234
23867,0.023154594497256018,0.26074389914626744,0.07928688546013556,0.636814620896341
23868,0.015004203664205282,0.052873883306603586,0.4884304730242263,0.4436914400049648
23869,0.19053519966004026,0.04776028835769479,0.08445603043126124,0.6772484815510038
23870,0.13101436016765122,0.05158325116564128,0.6597261089540998,0.15767627971260773
23871,0.025412461315021766,0.06757067804069078,0.7508451924195737,0.15617166822471373
23872,0.012493254845229965,0.2222161724870481,0.5289324535132348,0.23635811915448707
23873,0.1038408117743467,0.28427516099862615,0.38840465764903664,0.22347936957799053
23874,0.6075397842965727,0.2035882867964895,0.0364164452550034,0.15245548365193434
23875,0.028978787816044325,0.6398346660440904,0.25876348784770453,0.07242305829216078
23876,0.2394612532231942,0.2955031976345928,0.06929928786780082,0.39573626127441214
23877,0.2227110198526669,0.11544888895314402,0.017432057534370722,0.6444080336598184
23878,0.08928939515328992,0.15010294843869076,0.13174255432814802,0.6288651020798712
23879,0.15294732753863788,0.5655008424267058,0.17904006589233412,0.102511764142322
23880,0.5230723678975412,0.12185614333908037,0.05712606168470356,0.2979454270786748
23881,0.48821353228708325,0.08378826344170676,0.2555773276908132,0.17242087658039684
23882,0.1587531202857977,0.6379800274581939,0.050864690252369,0.1524021620036394
23883,0.2864620097171971,0.104055378143436,0.39730501902073767,0.2121775931186292
23884,0.13552853081102792,0.6536209083279462,0.19657553525495325,0.01427502560607268
23885,0.44290734441614993,0.3811600702524657,0.03212615209089774,0.14380643324048678
23886,0.22233211757292798,0.3461218175592514,0.30637695155890005,0.1251691133089205
23887,0.3877858699177774,0.3376581726898873,0.11799866283627665,0.15655729455605866
23888,0.26243481496256993,0.4380777931582279,0.283929525093005,0.015557866786197125
23889,0.44203845090399535,0.4553939443984856,0.07804235172560328,0.02452525297191588
23890,0.10061455216575348,0.8523952614567478,0.01988669158648501,0.027103494791013618
23891,0.5445086194468653,0.16144400217803326,0.12277665399411823,0.17127072438098306
23892,0.04200002705108398,0.7409097324604528,0.09375298568548096,0.12333725480298222
23893,0.3260779053709212,0.4718318844740307,0.04754128073568271,0.15454892941936535
23894,0.1782342321693582,0.5466621180166071,0.1971653391148169,0.07793831069921778
23895,0.17720455451742823,0.2657736890856921,0.5313350301049874,0.025686726291892368
23896,0.0858697218321555,0.2404852304518693,0.577628801901001,0.09601624581497424
23897,0.28241246666652936,0.43185104787672013,0.09251605299426245,0.19322043246248805
23898,0.08396510101973444,0.8190353060022894,0.05691893355437613,0.04008065942360005
23899,0.3433237717597015,0.3431459881290655,0.1437298855265273,0.16980035458470571
23900,0.09211533217464196,0.6869279176297591,0.10749628203450276,0.11346046816109615
23901,0.1654160458930756,0.7266117227766438,0.06944741978727155,0.03852481154300908
23902,0.044028649827212225,0.6924902433998781,0.22005064412754782,0.0434304626453619
23903,0.477879669661087,0.13034966269211307,0.11315096237066677,0.27861970527613317
23904,0.12083558260677205,0.5738084770605257,0.16758732192126968,0.13776861841143243
23905,0.7801657924374642,0.024685053048219455,0.14038176630627097,0.054767388208045345
23906,0.8182964463938562,0.0243460028458163,0.0519165315762487,0.10544101918407874
23907,0.3955856575323054,0.17337183543392756,0.16260073559714278,0.26844177143662434
23908,0.25556891140983323,0.26700572381457893,0.09319230157039239,0.38423306320519546
23909,0.3413631126933379,0.08979240285135269,0.055788004015550105,0.5130564804397592
23910,0.25340752610451395,0.14253274073408198,0.45888958547752334,0.1451701476838807
23911,0.30487530282785974,0.019137187595311557,0.08531916956246904,0.5906683400143595
23912,0.32147371249440593,0.1511841644181002,0.2835298697415542,0.2438122533459396
23913,0.1132489057805803,0.22893129644176696,0.4527115152253045,0.20510828255234825
23914,0.03628399244411787,0.810123355904897,0.03683157491877344,0.11676107673221164
23915,0.8415163514032142,0.06532585256988965,0.030084248304819722,0.06307354772207632
23916,0.04386686435330143,0.1580031203525111,0.7443015016789886,0.05382851361519888
23917,0.2758038714791995,0.4204824030065046,0.12960818652092015,0.17410553899337564
23918,0.40861062234124346,0.1251183479523591,0.08057894461707464,0.3856920850893228
23919,0.25278744637012485,0.5016328046046363,0.0479493535534011,0.1976303954718378
23920,0.22382322502617463,0.292635486437319,0.31472803263117166,0.16881325590533475
23921,0.3041534355700657,0.08650136378095213,0.565229444957131,0.04411575569185124
23922,0.06336610503634246,0.30751850971988487,0.504275655603373,0.12483972964039966
23923,0.44247325274336274,0.41991817565580003,0.05422582385646127,0.0833827477443759
23924,0.1304764145318855,0.679679747734628,0.15981081750008713,0.030033020233399464
23925,0.16573048398228768,0.26130291325471544,0.11467317088806951,0.4582934318749274
23926,0.3098735737652728,0.5505450304790059,0.10137587670801618,0.03820551904770514
23927,0.24945179767807893,0.09712010044547774,0.1990351870194167,0.4543929148570267
23928,0.08623767673877136,0.29450253289930606,0.4850735738396324,0.13418621652229026
23929,0.02987016802181323,0.5141174523858164,0.08182981960392824,0.3741825599884421
23930,0.056570253275042226,0.28094241292103156,0.1461568110427296,0.5163305227611966
23931,0.05994346161082055,0.7997105256998613,0.09458219532752846,0.045763817361789624
23932,0.25984035468096184,0.40611532313193593,0.08555271894851983,0.2484916032385824
23933,0.07990078565716845,0.7287094702440992,0.1099374632285028,0.08145228087022954
23934,0.020793322045479325,0.7391853919098498,0.1781592327260969,0.06186205331857403
23935,0.24922923785470277,0.13627743300101663,0.2232523591712352,0.3912409699730453
23936,0.5568430804767742,0.0925490288733031,0.11647946780796546,0.23412842284195728
23937,0.04777847236999341,0.12273937746694029,0.6708719885470263,0.15861016161603986
23938,0.3856516507812379,0.12842138906706124,0.04311170569752334,0.44281525445417746
23939,0.24160308860062765,0.0750201808147662,0.4424121748840467,0.24096455570055939
23940,0.3162722246166142,0.02741713862937004,0.14682514771797356,0.5094854890360422
23941,0.05407833889424453,0.3279926597110936,0.4857857864693225,0.13214321492533934
23942,0.45690676021029036,0.12124366269728097,0.13509124187318858,0.2867583352192401
23943,0.1139451510993145,0.24679171996725846,0.09132636484317859,0.5479367640902485
23944,0.4841363725894362,0.06249450074273057,0.3675910849166414,0.08577804175119183
23945,0.05977225187544756,0.11774473200676054,0.2583984414366362,0.5640845746811556
23946,0.17001140241488222,0.7332834732000612,0.03006704949512594,0.06663807488993062
23947,0.12683504334225312,0.5711710553576198,0.13183788106570052,0.1701560202344265
23948,0.1952096916475296,0.13770793519565794,0.4568378830084271,0.21024449014838537
23949,0.14249687714593406,0.23949748274009777,0.05390906766542629,0.5640965724485419
23950,0.03893492382369339,0.7442980178395494,0.15798279661586384,0.058784261720893356
23951,0.4861704302131964,0.10499852724581042,0.12537030569916424,0.2834607368418289
23952,0.38186727318879854,0.10786972024566355,0.2974169437040874,0.2128460628614506
23953,0.49254787931627797,0.10134069231028327,0.05166183016245015,0.35444959821098865
23954,0.5458822541247319,0.05404726359020349,0.24787540885504172,0.15219507343002286
23955,0.06547172365171,0.3202708826696963,0.0987553739202963,0.5155020197582976
23956,0.17080435446162223,0.2985383397090033,0.3646271784620957,0.16603012736727887
23957,0.05058579429308662,0.4470611250283836,0.04595629258964004,0.4563967880888899
23958,0.18043586220279748,0.6395269089705251,0.03864475435212954,0.14139247447454792
23959,0.2732198276101087,0.12602714147593222,0.12581643588151098,0.47493659503244806
23960,0.3284817238283038,0.12695089577409113,0.31273501910281654,0.23183236129478854
23961,0.835099643758204,0.11359784174660556,0.0086913978116817045,0.042611116683508726
23962,0.05929064376193796,0.6823638733655055,0.13154647673758513,0.1267990061349714
23963,0.13208548859575225,0.5305973911405645,0.07809254206565372,0.2592245781980296
23964,0.02219792939693685,0.6544521084053002,0.271935259865316,0.05141470233244695
23965,0.26178098057732235,0.11401005370810074,0.5385979629072546,0.08561100280732234
23966,0.11211022997178478,0.04603569828085886,0.6241627173922175,0.21769135435513892
23967,0.7267778716504998,0.09122813711728046,0.035588265894070284,0.1464057253381494
23968,0.5055225066775195,0.22171621350027704,0.10325290002574501,0.16950837979645839
23969,0.7478167439301693,0.052384166176385145,0.036980156230032146,0.16281893366341335
23970,0.9034512913776311,0.03375429132110646,0.03384960347994592,0.02894481382131652
23971,0.056773980825485876,0.23217259189596628,0.6724786357076412,0.038574791570906555
23972,0.6768122380158851,0.09251154893524784,0.19491102436693045,0.03576518868193653
23973,0.40514998388289647,0.3726035340381938,0.07992901877269444,0.14231746330621525
23974,0.05067360802896588,0.09161088905070229,0.7446094456611468,0.11310605725918496
23975,0.1716497374903637,0.7803872927350403,0.031222128546539968,0.016740841228056105
23976,0.21562103710575772,0.5312491631015791,0.18585684427804966,0.06727295551461356
23977,0.055534356246069116,0.17002388128571153,0.7103581477123083,0.06408361475591111
23978,0.13953819284892177,0.12904872689642513,0.04753453523293659,0.6838785450217165
23979,0.5008208272867144,0.09759326019418432,0.2073683989392984,0.19421751357980288
23980,0.0795014045712412,0.6956814926826032,0.1240292723671866,0.10078783037896896
23981,0.17308816300337646,0.3252688219995557,0.4289716676805103,0.07267134731655758
23982,0.1528781761295581,0.03696741797329527,0.7634651009614806,0.04668930493566616
23983,0.23174765748798073,0.31854223002802506,0.25726498963635097,0.19244512284764323
23984,0.36663066376313797,0.33843920845757175,0.14312543446026077,0.15180469331902957
23985,0.20337875033084357,0.1328878155144899,0.38373955716883174,0.2799938769858347
23986,0.3878717226863363,0.44280857379514815,0.08977055154021692,0.0795491519782987
23987,0.1826046914052568,0.5218503147687371,0.13799622530426603,0.15754876852174007
23988,0.2882608775828094,0.37220195144694795,0.3119543450031563,0.027582825967086413
23989,0.11565966030678401,0.1325080135706956,0.6652098574275529,0.08662246869496742
23990,0.20214906572490268,0.49775108092414005,0.16364937854798636,0.13645047480297087
23991,0.057521447972898966,0.19714930677521375,0.5554766946751947,0.18985255057669265
23992,0.10412280028308357,0.6550882789573327,0.15969033208292452,0.08109858867665923
23993,0.10693001047686514,0.3430060901645805,0.4793697011167136,0.07069419824184078
23994,0.12122627432357089,0.3336930087482942,0.3262628390118449,0.21881787791628984
23995,0.0493555740780061,0.3120709612595937,0.48108519449833215,0.15748827016406797
23996,0.060476003318797766,0.15171658313821232,0.7532485038624559,0.03455890968053404
23997,0.3584708839229071,0.3086915716851787,0.22810295478278064,0.10473458960913365
23998,0.23526693562289863,0.17521532773359347,0.40762075888077115,0.18189697776273667
23999,0.5522534324454653,0.17766542698155688,0.0927347678831959,0.1773463726897819
24000,0.28233813627070203,0.49251677302387875,0.07750555731292973,0.14763953339248942
24001,0.48778783982898327,0.3597249859103916,0.09695517984176666,0.05553199441885853
24002,0.3839089590211155,0.36389719826611316,0.11589445418215881,0.1362993885306125
24003,0.23727393287522144,0.622816590875805,0.0310425601391144,0.1088669161098592
24004,0.1940218058629566,0.1671089074332979,0.41683753471300333,0.22203175199074215
24005,0.0704429875444467,0.780506368703941,0.07759364023955694,0.07145700351205546
24006,0.19199991966963167,0.20538505328990267,0.5480827737662027,0.054532253274262914
24007,0.3223091816265318,0.22855764165300793,0.1450069256328477,0.3041262510876126
24008,0.06842796771594217,0.7822831808530382,0.07328485743916256,0.07600399399185703
24009,0.5158153431466955,0.07995349476308053,0.2185012875492331,0.1857298745409908
24010,0.8223183804107103,0.057284331586415035,0.08725985157513681,0.03313743642773784
24011,0.08494360578535357,0.7799748061746888,0.07432400147750676,0.06075758656245089
24012,0.12985420038735393,0.06883150695809843,0.6114828009129559,0.18983149174159167
24013,0.0901887200050495,0.0955849273175979,0.6123744506353648,0.20185190204198789
24014,0.1172426822544043,0.18957919133436058,0.6331245041452233,0.060053622266011845
24015,0.07239200335385944,0.3875093623727357,0.27312451616043665,0.2669741181129683
24016,0.1914687372237672,0.5862246408784676,0.05541025906915162,0.16689636282861353
24017,0.44813910350403413,0.30172634628955824,0.22126594505754973,0.028868605148857925
24018,0.5145134922038209,0.20140627468000458,0.06509060171455845,0.21898963140161604
24019,0.16260684883455404,0.39069654865821907,0.36749170903900197,0.07920489346822504
24020,0.040811290420088596,0.5251098578816605,0.3223459867207675,0.11173286497748346
24021,0.05034892993562392,0.09649945248281976,0.789705589054375,0.06344602852718122
24022,0.636449608516386,0.23697348997474202,0.04208611173667989,0.08449078977219217
24023,0.14444291813484827,0.5427521458042992,0.2148780812825097,0.09792685477834277
24024,0.3337101013139843,0.5288343603488067,0.03601908830936117,0.10143645002784786
24025,0.7502873135637719,0.12290791577656615,0.10429284349407861,0.022511927165583426
24026,0.14768373336825522,0.7099035074051303,0.10245835865794738,0.039954400568667066
24027,0.13140689535992436,0.056865996834055146,0.5138902205939962,0.2978368872120242
24028,0.18828650878872583,0.7250516578773525,0.021218890837126473,0.06544294249679528
24029,0.1617748981988796,0.11028066639048985,0.2657556437828621,0.4621887916277685
24030,0.08953634896185894,0.5770283051005772,0.24009942526454903,0.09333592067301469
24031,0.034999264472325646,0.4836653305777444,0.2317735187011295,0.2495618862488005
24032,0.18859673633597024,0.10841849984023058,0.3158109658976559,0.38717379792614337
24033,0.8186364411663125,0.06700438381546958,0.07811564105239849,0.036243533965819454
24034,0.374333387357245,0.1793753810748399,0.05844845511557922,0.38784277645233584
24035,0.053600284261071225,0.6326660979247651,0.10518478426391988,0.20854883355024367
24036,0.21983516161474867,0.14049372054905276,0.6141459044680131,0.025525213368185504
24037,0.1915808869669977,0.6874683610295472,0.0734479428011794,0.04750280920227572
24038,0.10154296128494643,0.1308972099184028,0.5828564174996111,0.18470341129703963
24039,0.39256669899798974,0.49545839217652105,0.041371264007535255,0.07060364481795399
24040,0.05927108902364148,0.21849187036802795,0.6579365110585619,0.06430052954976868
24041,0.39981616666719616,0.3026784481634162,0.16088044421164285,0.1366249409577448
24042,0.11193560121265386,0.4087306642298066,0.4157184924197089,0.06361524213783076
24043,0.5101300229870012,0.2487690183737158,0.14416208504411845,0.09693887359516462
24044,0.1792563585525742,0.6511955097866651,0.13125974875353527,0.038288382907225416
24045,0.4374495205690609,0.09017234212810474,0.26323142562554475,0.20914671167728968
24046,0.07117346588552245,0.6706345516630232,0.2334041108450361,0.024787871606418255
24047,0.3810541442721736,0.08279354352015607,0.5002026899694195,0.035949622238250795
24048,0.10905498829627037,0.2655593343553543,0.5628042280438741,0.06258144930450121
24049,0.7968686868094585,0.06710300056736375,0.0961154655467093,0.03991284707646842
24050,0.07112829130826198,0.16764454620083544,0.4701899246704443,0.29103723782045826
24051,0.08368921330164918,0.7069061277456282,0.06968626922638915,0.1397183897263335
24052,0.8015891133043207,0.10872246326697976,0.07342664692312956,0.016261776505569998
24053,0.36069859527465176,0.05766075012716674,0.47859227822081263,0.10304837637736895
24054,0.48785333035546274,0.15484805045715935,0.13002245318462788,0.22727616600275005
24055,0.4359854172036149,0.25954231223376334,0.19414983527837093,0.11032243528425091
24056,0.17664460656777994,0.5770285194968525,0.12162981677368868,0.12469705716167875
24057,0.22554385487240816,0.1333155889448416,0.23414775440184676,0.40699280178090347
24058,0.034985606288281464,0.3930321633587818,0.2212175336533322,0.3507646966996045
24059,0.16120618689788818,0.5127283543531393,0.039908361768144385,0.2861570969808281
24060,0.51004326852192,0.08446794046773039,0.05525927156349754,0.3502295194468521
24061,0.059023208177031966,0.3668494550747818,0.28858304119894895,0.28554429554923727
24062,0.45902608917501936,0.1487551204504045,0.24191471140758114,0.150304078966995
24063,0.08260043016799291,0.28711466516897416,0.5480761392402649,0.08220876542276806
24064,0.4680532559348865,0.11008223756675586,0.205756288226956,0.21610821827140164
24065,0.0948375187014004,0.18705800807090361,0.6453792536296853,0.07272521959801075
24066,0.43940962333072264,0.37679165595275027,0.07186409559882574,0.11193462511770129
24067,0.20479902684763066,0.3810410043959879,0.1231419658235452,0.29101800293283625
24068,0.7193640224826325,0.09911373533298076,0.09178688629180387,0.08973535589258279
24069,0.24014350990934713,0.16569252872901544,0.1460072095372789,0.4481567518243585
24070,0.7335126949096719,0.12320232329701215,0.06580598617061244,0.07747899562270358
24071,0.06970582224785847,0.10097884243176956,0.34376905351195675,0.48554628180841525
24072,0.07659724374567344,0.47263669399939884,0.08611351202307028,0.36465255023185744
24073,0.4559424607819149,0.0902192147981413,0.12737366842472905,0.3264646559952148
24074,0.46399376400100606,0.05494187990502135,0.16001734331917178,0.32104701277480086
24075,0.31204637845867034,0.10637111187725397,0.25275671326880617,0.32882579639526943
24076,0.08593695165321873,0.4241751569173557,0.21319681831458195,0.2766910731148437
24077,0.605740206378543,0.08411403356855225,0.0874817638144237,0.2226639962384811
24078,0.2631065787318812,0.22622704153878656,0.1922146612523221,0.3184517184770102
24079,0.4827571625381668,0.19050675759756872,0.015422381732376662,0.3113136981318878
24080,0.6327213759634667,0.07321503954685282,0.031781709561912244,0.26228187492776817
24081,0.13476931236554845,0.11321945935983359,0.10611107842255701,0.6459001498520608
24082,0.24637198475053576,0.26976231936475964,0.2969585583821403,0.18690713750256432
24083,0.2570955077395778,0.22236626678611535,0.03383150543697814,0.4867067200373287
24084,0.6500657349069405,0.2381650352333759,0.04486110037868283,0.06690812948100083
24085,0.21150283484927648,0.11821041962296418,0.036598223387871075,0.6336885221398882
24086,0.34145278241163235,0.13585789424886532,0.18025286426008033,0.3424364590794219
24087,0.2672389384575524,0.19668169624891163,0.1392364521364181,0.3968429131571178
24088,0.12530386745948063,0.03524099917541473,0.685215833977086,0.15423929938801859
24089,0.2519215313537991,0.4670312125853901,0.0699005775359129,0.21114667852489796
24090,0.059928421560956936,0.05720828263525255,0.4789552019519813,0.40390809385180915
24091,0.09671994275390475,0.06432800433673794,0.6986510014263065,0.14030105148305075
24092,0.6362979708830515,0.038302837493340174,0.044490397449625865,0.28090879417398246
24093,0.41235932867313513,0.3030991901815051,0.24467177073568547,0.03986971040967422
24094,0.04425397089048882,0.8007986596711356,0.14251793874906768,0.012429430689307944
24095,0.29946421236813614,0.10561089059352854,0.5489552951641291,0.045969601874206165
24096,0.12862116595151632,0.6758486294085729,0.1382414658863012,0.05728873875360962
24097,0.05108115440675304,0.19837987750772762,0.7185509448366535,0.031988023248865904
24098,0.7676908601818875,0.11596583109754206,0.08134314215094536,0.03500016656962507
24099,0.14028136422370607,0.5700111998094629,0.2338959305909947,0.05581150537583625
24100,0.47623417875251456,0.4612673158215245,0.040835631635682657,0.021662873790278207
24101,0.20639591031880522,0.4918937597011874,0.1936937913628233,0.10801653861718398
24102,0.4930575744777523,0.19572888270850253,0.21875433430830207,0.09245920850544322
24103,0.10311643962242331,0.6751478317442091,0.18209732700692643,0.03963840162644117
24104,0.7496398766447587,0.085820525074827,0.10698598699384032,0.05755361128657398
24105,0.38948621305054076,0.20102508274671563,0.35814424939057005,0.05134445481217355
24106,0.05356485888298693,0.7574152125783797,0.1630990023827109,0.025920926155922428
24107,0.14290937388968517,0.08909070254799725,0.7147420645725486,0.053257858989768904
24108,0.0726573631210155,0.05175568248993663,0.8317284198242292,0.043858534564818814
24109,0.2618798843673997,0.5841569247705203,0.10864735299993919,0.04531583786214074
24110,0.37571592369497114,0.2934456336803336,0.2683599251201851,0.06247851750451011
24111,0.08918610927446474,0.5073220730582692,0.12067005606131245,0.2828217616059537
24112,0.29897698785990623,0.08612152892686319,0.05630009861934746,0.5586013845938832
24113,0.09031809987979857,0.6368016141695211,0.20456371807920273,0.06831656787147768
24114,0.16809774984005066,0.2265713448774694,0.1794573732768197,0.42587353200566014
24115,0.029761712051140417,0.7417618228685599,0.18340536058329943,0.0450711044970004
24116,0.09383146773913961,0.08770979579461978,0.7363033886996275,0.0821553477666131
24117,0.47505985479391327,0.17798162705068812,0.07812954619956715,0.26882897195583155
24118,0.10756563643053127,0.4116516856284809,0.30777231372820746,0.1730103642127803
24119,0.16419462145270997,0.6856309034246348,0.03171657787674702,0.1184578972459082
24120,0.18677472858609095,0.6561436809929742,0.03860628183454938,0.11847530858638551
24121,0.6133644680167578,0.22335902307668415,0.06241488363449728,0.10086162527206076
24122,0.04787546452564861,0.35860705142777805,0.4461754748639541,0.1473420091826193
24123,0.1266237746192255,0.1400413572509607,0.10220615259850974,0.631128715531304
24124,0.27217424591981815,0.5830728276822242,0.02880657021191956,0.11594635618603795
24125,0.08029048066625641,0.10202910311776718,0.6188317019733607,0.19884871424261563
24126,0.14697504305283246,0.44459534505962833,0.24150956397787338,0.16692004790966575
24127,0.2237501834016679,0.43379354770820266,0.08823159910975124,0.2542246697803782
24128,0.3070837691718217,0.13271255814253224,0.03486699148551054,0.5253366812001354
24129,0.24061553969564287,0.37986247135905177,0.07221463902020031,0.30730734992510506
24130,0.15667093057538123,0.4383157006977216,0.028490686770520305,0.37652268195637684
24131,0.14837423525684948,0.5891750547901061,0.15460352626945723,0.10784718368358716
24132,0.16647944629808573,0.6759874734930917,0.09302185879503624,0.06451122141378635
24133,0.2794553690823563,0.44543842074377865,0.1886139155905393,0.08649229458332576
24134,0.38669047183001787,0.3226073931593188,0.2457704942873384,0.04493164072332493
24135,0.18742875109370813,0.1076143008432225,0.596397026937587,0.10855992112548238
24136,0.19400201747141432,0.13412398473432124,0.6027174280411096,0.06915656975315472
24137,0.06551481107339333,0.8657298886861801,0.030482880658408804,0.03827241958201783
24138,0.7955112509126566,0.10244733424069777,0.044599776033283876,0.05744163881336173
24139,0.39968215884612357,0.15624156530412794,0.39393150893436013,0.05014476691538837
24140,0.5064663649609145,0.23989380913059632,0.16690448728516236,0.08673533862332695
24141,0.08855084128541756,0.7192200862557936,0.06551856140899043,0.12671051104979839
24142,0.11822881689233,0.3598633605244963,0.4188802849490714,0.10302753763410226
24143,0.15280578044703977,0.5983754013227343,0.21159260537130223,0.03722621285892361
24144,0.35567510361295535,0.39031628416342595,0.09104697957876928,0.16296163264484936
24145,0.0810780391784616,0.49458761543459717,0.35728350880063375,0.06705083658630744
24146,0.04595109328616776,0.2383340862597537,0.5663893439374432,0.1493254765166352
24147,0.3352557436799917,0.48615018305567315,0.09475392148182794,0.08384015178250712
24148,0.32921075028472474,0.29680709122721355,0.22505385475020936,0.14892830373785232
24149,0.06480057033422333,0.27044076602139183,0.5780494543222151,0.08670920932216969
24150,0.3981886086393322,0.29400653792135195,0.14444714682612128,0.16335770661319457
24151,0.13814427201922697,0.4994604760083147,0.2773327731013869,0.08506247887107146
24152,0.07393946166057531,0.509208358108924,0.27272549968862986,0.14412668054187083
24153,0.12057384181618276,0.08569548688075992,0.6669720546135582,0.12675861668949906
24154,0.28077331544770134,0.136363248980999,0.47731811168638866,0.10554532388491102
24155,0.08301710104205252,0.15755661667568494,0.6709886961468532,0.08843758613540938
24156,0.06152951555712928,0.3616352640249882,0.4242116572976909,0.15262356312019157
24157,0.13534579509673342,0.48212035309909246,0.06592728088141037,0.3166065709227638
24158,0.719326370003237,0.12035016924421472,0.10969147619642923,0.05063198455611909
24159,0.17022092467206623,0.22427809056983264,0.359957784440816,0.24554320031728508
24160,0.43939505825200975,0.26372109290959767,0.05457827057853975,0.24230557825985288
24161,0.3041666208299041,0.5260172754114198,0.10348849383634907,0.06632760992232707
24162,0.5132096177745685,0.27040394677174595,0.06450362136786945,0.15188281408581594
24163,0.12315183967995645,0.3196295993580288,0.4631263921012878,0.0940921688607269
24164,0.31244999055233075,0.4442408654230509,0.18813187952442634,0.0551772645001919
24165,0.2139064897855665,0.26655041239336025,0.09588027492147018,0.423662822899603
24166,0.19615143778264574,0.28202304788957155,0.22559585689577216,0.29622965743201046
24167,0.04102128571867184,0.6126817333112508,0.2757187755429332,0.07057820542714412
24168,0.736737260409969,0.04688893163535206,0.09248702825392753,0.12388677970075146
24169,0.3620838274262028,0.2053000891529805,0.32814424915214335,0.10447183426867329
24170,0.2853052912638695,0.27470170671710353,0.35809994959383024,0.08189305242519668
24171,0.08834759881405849,0.5562917208173515,0.32167390922083783,0.03368677114775224
24172,0.3804647953088561,0.18731542196438222,0.35940798188657563,0.0728118008401861
24173,0.14780793674709236,0.7187441790046584,0.04476639752613743,0.08868148672211182
24174,0.045135749817873605,0.9041246142819895,0.03653987934795209,0.014199756552184743
24175,0.5312975554473842,0.2601727063753951,0.1369324042433098,0.07159733393391093
24176,0.12037910144425844,0.13600251120458506,0.6390280162598215,0.10459037109133501
24177,0.745227726503106,0.1446456487884066,0.06272634382073972,0.047400280887747726
24178,0.29711751706881245,0.17402785155048792,0.29634613890304634,0.23250849247765326
24179,0.10216617209508981,0.6957727260808126,0.18350130352024535,0.018559798303852185
24180,0.25843263953174506,0.08354892109822318,0.27103563274763975,0.38698280662239204
24181,0.07004840087250983,0.7235407700452685,0.07630855865508393,0.1301022704271377
24182,0.16089529050767887,0.4655876557760925,0.3256211401748298,0.04789591354139882
24183,0.30871445521459456,0.4830831236614244,0.15844850303127822,0.049753918092702736
24184,0.030371653264769045,0.9004851946923577,0.05753022927647727,0.011612922766395957
24185,0.09528220643167053,0.7255488698269957,0.12318083866545557,0.055988085075878144
24186,0.04549800059172209,0.5739509356132476,0.2814322219429042,0.09911884185212617
24187,0.45134947627290095,0.3587538957487818,0.09577987386243506,0.09411675411588213
24188,0.047252113032067666,0.3889567341993385,0.3917941937365698,0.17199695903202403
24189,0.11379836529745672,0.3707769506624547,0.3410937794358007,0.1743309046042878
24190,0.03768285299532522,0.11928752344122355,0.7895975065503129,0.05343211701313835
24191,0.06869170950570663,0.37838383347109095,0.4929991812160173,0.05992527580718508
24192,0.14063904176680722,0.5059116317694311,0.2869060147276018,0.0665433117361599
24193,0.1394819281154396,0.19015605573653543,0.6048350472807265,0.06552696886729852
24194,0.14859547367544942,0.65101831593207,0.08941755238120154,0.11096865801127895
24195,0.3011704437823323,0.11272295485968759,0.4002021518204403,0.18590444953753982
24196,0.6188950275066664,0.11334348213396057,0.19865836636883483,0.0691031239905383
24197,0.10306428648616874,0.4896428750918319,0.2350773557914514,0.17221548263054792
24198,0.41125302502650785,0.37139538802344624,0.15370560583259713,0.06364598111744878
24199,0.2764684195037855,0.4708861323853583,0.12124920526710811,0.13139624284374812
24200,0.40664408915233163,0.22428238614499565,0.24986209422028646,0.11921143048238626
24201,0.5761805444947797,0.18270452088214648,0.20687882671974422,0.03423610790332952
24202,0.08565066754080279,0.1153347051515545,0.7341971002094725,0.06481752709817008
24203,0.3858552783837042,0.43551304981376254,0.12105134226205179,0.057580329540481374
24204,0.047578346503065326,0.7147613234528783,0.1417398198535345,0.0959205101905218
24205,0.2167425451479573,0.461016890451932,0.25110697205164156,0.07113359234846917
24206,0.09038411572286979,0.2123682236151429,0.6549971335748777,0.04225052708710964
24207,0.4665027413992304,0.0719017325110678,0.16690049882973432,0.2946950272599675
24208,0.12183670679557924,0.567861127888525,0.11285645368229494,0.19744571163360072
24209,0.17742753000606626,0.25752931074388735,0.3126866559234057,0.25235650332664056
24210,0.061953240685932026,0.10674280708128932,0.3646950546719601,0.4666088975608186
24211,0.08022243579802033,0.061940426056129275,0.32324353305104053,0.5345936050948098
24212,0.47606478868374746,0.04032183405349461,0.0694163948561463,0.4141969824066116
24213,0.08776895891156095,0.14725057519870652,0.5991507808040547,0.16582968508567772
24214,0.12347113840949968,0.04750848137668724,0.35392328288469493,0.4750970973291182
24215,0.1618138046686003,0.1418654304252393,0.4456461784270121,0.25067458647914825
24216,0.21267167292998948,0.14875969130308256,0.28101824607485176,0.35755038969207614
24217,0.10498090641515419,0.2840882391404528,0.0821673284672464,0.5287635259771466
24218,0.14103946828950714,0.04953219951302393,0.3449910749196722,0.46443725727779667
24219,0.24989592727073723,0.18973048934443434,0.25085591262988627,0.3095176707549422
24220,0.22436545341972372,0.11638354082857448,0.1981024803695688,0.4611485253821331
24221,0.31111437156349525,0.4917520629109843,0.12020010808083968,0.07693345744468079
24222,0.5673875558114103,0.1776668079382953,0.1597772447098256,0.09516839154046876
24223,0.3106317629526054,0.09212491911772296,0.1540615556040338,0.44318176232563794
24224,0.13722072450395528,0.12597050445271546,0.17702811939813362,0.5597806516451957
24225,0.23418796052259572,0.17415616434797754,0.16043753348432144,0.4312183416451054
24226,0.2232432878159874,0.4625172983966754,0.2287084766132857,0.08553093717405155
24227,0.22199376343080898,0.2538768467245529,0.48400042258626175,0.04012896725837637
24228,0.19009260474765172,0.4805676526948897,0.2401501702612034,0.08918957229625513
24229,0.1067876508641332,0.6404480397290885,0.2251319501497745,0.027632359257003792
24230,0.08438657131791374,0.6749008020368965,0.10889036156486967,0.13182226508032013
24231,0.18053423587528863,0.5069329220523834,0.24759885880878235,0.06493398326354557
24232,0.12257177254806625,0.6008287041755253,0.20821896699990164,0.06838055627650684
24233,0.44499174345199666,0.39456036798523,0.0964663869465047,0.06398150161626864
24234,0.19741070757193452,0.28411779675673005,0.48838432642088103,0.030087169250454373
24235,0.3773113631493486,0.3990218374153043,0.18391921746780768,0.0397475819675395
24236,0.06482904015229028,0.133729539706734,0.7841293212065615,0.01731209893441417
24237,0.6381941951600263,0.17394666533226108,0.14347684127223465,0.04438229823547794
24238,0.048706116890143876,0.4272529875595733,0.466510416971333,0.05753047857894987
24239,0.6485231369827962,0.1893773686168181,0.13178043147991333,0.03031906292047243
24240,0.23102955419917845,0.5811089272325265,0.13852564007326948,0.0493358784950256
24241,0.053491695195323374,0.6144885516112267,0.1701179645793524,0.1619017886140974
24242,0.18722961399701837,0.4194101794818316,0.35542495025995025,0.037935256261199854
24243,0.21622296279701314,0.5343268611702708,0.17178163286390732,0.07766854316880864
24244,0.1329728087079833,0.39913414273985054,0.43634583440035735,0.03154721415180885
24245,0.11495283065945584,0.4603148625941506,0.38264345791338783,0.04208884883300581
24246,0.3114587006733548,0.32983621603102775,0.2984812005241128,0.06022388277150474
24247,0.369318170248333,0.33013697129231,0.2793242225670129,0.021220635892343992
24248,0.33248563694703354,0.23232061741997084,0.26779831740081694,0.16739542823217868
24249,0.35153244450695387,0.39320235466496134,0.18377700328677715,0.07148819754130767
24250,0.28100079562075103,0.45129823282205134,0.1272459682508135,0.1404550033063841
24251,0.11487040443803477,0.5292852720625592,0.22886182292365076,0.1269825005757553
24252,0.18930297136491642,0.546033353297198,0.10173173333085521,0.16293194200703034
24253,0.13659548075408065,0.39186400710467456,0.42069576873158693,0.05084474340965795
24254,0.13927201519883606,0.3720904772248119,0.4140035646947684,0.07463394288158365
24255,0.08041585029876547,0.3108548787591557,0.5050246017749948,0.10370466916708414
24256,0.1408733634947258,0.47762843766447377,0.20398569830447083,0.17751250053632964
24257,0.22472731201378504,0.44510064905664654,0.25723525785848833,0.0729367810710801
24258,0.18455734210438587,0.6244085781232027,0.07118874792111725,0.11984533185129408
24259,0.14626342208717724,0.4008991289372786,0.27964741435621243,0.17319003461933172
24260,0.1397975292958727,0.4812446134733168,0.3072601532504685,0.07169770398034196
24261,0.4658835548597524,0.1544555085484081,0.13605624448916662,0.24360469210267297
24262,0.3188373513276023,0.38464797474561274,0.2116342117239804,0.08488046220280449
24263,0.2777934177044333,0.3473787475801962,0.24989791061040498,0.1249299241049655
24264,0.12371015853854318,0.5955845362671213,0.2032976751014371,0.07740763009289843
24265,0.3962706493367037,0.33250377734913544,0.2096840468029888,0.061541526511172014
24266,0.08363691623002754,0.34145966838399094,0.38854419286771597,0.18635922251826553
24267,0.2855117657712828,0.533262278789316,0.12263734773017444,0.05858860770922681
24268,0.20874645633435335,0.18822367240649865,0.47831908747676233,0.12471078378238576
24269,0.10845659268619295,0.7236040781065507,0.10376476144108755,0.0641745677661687
24270,0.08760402318554829,0.5168402350822532,0.3423676044432039,0.05318813728899479
24271,0.06418678566495759,0.4947956995283694,0.35341222986780313,0.08760528493886982
24272,0.09486694354300512,0.49736825011286456,0.3180102107515933,0.08975459559253696
24273,0.24396773379869408,0.40777138786167655,0.24621304066278119,0.10204783767684815
24274,0.18688661604122164,0.1280428503749761,0.6206951069712713,0.06437542661253101
24275,0.0981829891187828,0.4780653931195847,0.29985762002154975,0.1238939977400828
24276,0.37420691763757175,0.40237869480686045,0.18332829047479313,0.04008609708077482
24277,0.11866588768468206,0.6089397136254043,0.23806316343503103,0.034331235254882526
24278,0.18366437182505846,0.5663854590468927,0.14011709681487347,0.10983307231317527
24279,0.2742987704207741,0.48000025063450036,0.17209343099462956,0.07360754795009607
24280,0.10290125531278377,0.22886092766244845,0.604892051584947,0.06334576543982086
24281,0.3380156283474866,0.433684137901824,0.1949121475982842,0.03338808615240515
24282,0.2563610588768853,0.4674660899031957,0.1297994406878683,0.14637341053205066
24283,0.3792553687767314,0.39008669268578183,0.1877547559227464,0.04290318261474028
24284,0.20622686672106003,0.10572413114718365,0.6728240236126692,0.01522497851908716
24285,0.03440713205180702,0.7444193972487212,0.17569978433219913,0.04547368636727262
24286,0.04958331891305991,0.06289762020198111,0.8657638106317742,0.021755250253184758
24287,0.2459089220656257,0.6192211852168251,0.05172970880238231,0.08314018391516684
24288,0.1111122916949333,0.7149790377939577,0.1456241545058829,0.028284516005226006
24289,0.09150103583808658,0.6151343374185483,0.28012322001955464,0.013241406723810453
24290,0.2742608548178908,0.41433531332882306,0.24004255120442625,0.07136128064885981
24291,0.5671495389776506,0.17940216742074194,0.16009306970378395,0.09335522389782354
24292,0.1634407400156188,0.11938086343347357,0.6333066632951168,0.08387173325579082
24293,0.11542496049004572,0.5511774507104582,0.3247834362381671,0.008614152561329035
24294,0.19626095651866396,0.672371310387959,0.10322232634106226,0.028145406752314684
24295,0.1128070708450271,0.3537214348863823,0.49855186235138255,0.03491963191720809
24296,0.6055144148269618,0.24555091018898798,0.07213508059205982,0.07679959439199048
24297,0.7237539560644362,0.13262672249974145,0.09222951150533888,0.0513898099304835
24298,0.47714025025815093,0.2988966306520691,0.17413273782276195,0.04983038126701791
24299,0.2904537851678345,0.3391043971810499,0.19869110288823819,0.17175071476287743
24300,0.6219592745282736,0.12897928788308533,0.18919063302745612,0.05987080456118495
24301,0.25471907724168563,0.07777465775558683,0.5100222480010986,0.1574840170016289
24302,0.765985573151802,0.08818749571326846,0.09383066040666395,0.05199627072826543
24303,0.6200155143325534,0.09714982177758003,0.05841322230718254,0.22442144158268398
24304,0.11482321494701174,0.06998334117575297,0.4613953189326544,0.3537981249445809
24305,0.3014066101705127,0.5313663026596949,0.05956293911033253,0.10766414805945992
24306,0.4435880263387892,0.03562407693250975,0.07650417976673445,0.4442837169619666
24307,0.6665390588198147,0.12185569968186366,0.0892358470044735,0.12236939449384819
24308,0.23965303638917246,0.037001332397646795,0.46539808828717616,0.2579475429260047
24309,0.033505224422722996,0.21532959033271426,0.5997494091264425,0.1514157761181203
24310,0.19037699755560875,0.5903416566274918,0.14606915977988308,0.07321218603701639
24311,0.21095871576272118,0.28832597271018556,0.26674991115612456,0.23396540037096872
24312,0.340947921439348,0.12124999843079269,0.2650467884626239,0.2727552916672354
24313,0.5451008579885241,0.17987747965718998,0.03118186616360476,0.2438397961906811
24314,0.07362550252112886,0.7592451346668839,0.03547555685694017,0.13165380595504708
24315,0.2360148829755783,0.6090808728300731,0.09561606474065781,0.059288179453690845
24316,0.6350153235939144,0.061742538740846,0.07188366001246597,0.23135847765277362
24317,0.22336743693829839,0.5892739459753021,0.060904882065928305,0.12645373502047105
24318,0.06344551294659402,0.0560410683966818,0.7225859631711264,0.15792745548559783
24319,0.7301887942602142,0.05992569065001706,0.18627007879214078,0.023615436297628033
24320,0.06641556422891247,0.11934903912230403,0.4086723650981606,0.40556303155062295
24321,0.4648393570562106,0.23386856485663365,0.05131203863571216,0.2499800394514436
24322,0.47058589869244893,0.2832472639883889,0.06995042192904154,0.17621641539012062
24323,0.06759695850539908,0.02686449730476827,0.7838969647137589,0.12164157947607374
24324,0.15103928953135853,0.1418545771074473,0.3079108304415727,0.3991953029196215
24325,0.40167906392077335,0.14317323099388177,0.0490895391148634,0.40605816597048155
24326,0.04546909179375151,0.11836327279489267,0.5464405660707529,0.289727069340603
24327,0.12197446094042101,0.3809240453633504,0.08808658118979623,0.4090149125064323
24328,0.05974504278767468,0.06923535017066637,0.44838550679118017,0.4226341002504788
24329,0.21033910243963055,0.476883812899955,0.04524612812635824,0.2675309565340561
24330,0.4507290808362224,0.09503379493978656,0.3030973747237333,0.15113974950025774
24331,0.06695295460825253,0.12075751868528237,0.32772490649173464,0.4845646202147304
24332,0.5136717650065072,0.15698070886789023,0.15956955070183393,0.16977797542376855
24333,0.4055578536143956,0.2899130445677139,0.07309068826271471,0.2314384135551757
24334,0.22694722185986943,0.3783157032563509,0.06864729736401125,0.3260897775197685
24335,0.1003779287134365,0.5392660969510596,0.02361403123595865,0.33674194309954525
24336,0.08080306598735863,0.2992910807514301,0.09980993066126634,0.5200959225999449
24337,0.5582848462330167,0.0906439587895674,0.24112002718473258,0.10995116779268344
24338,0.6103561960021125,0.05047899053955078,0.15314860707537334,0.1860162063829634
24339,0.28707999177029747,0.44350937672690666,0.04069561244629374,0.22871501905650216
24340,0.17222512884730926,0.508375449158795,0.019694650426913037,0.29970477156698283
24341,0.636824359551406,0.02889076223732615,0.21188685693140988,0.12239802127985794
24342,0.8091625362132552,0.07431661281977411,0.04285852095021039,0.07366233001676034
24343,0.03021280968413932,0.45507027863363225,0.07640232544479822,0.43831458623743025
24344,0.024992009750207267,0.08329864938667086,0.6162671540141635,0.2754421868489583
24345,0.03058265421839334,0.02055235144207211,0.5760321672183861,0.37283282712114846
24346,0.13775808274038634,0.0589207064387232,0.642698819980223,0.16062239084066748
24347,0.09026091184873963,0.6061600467683089,0.0751042850673338,0.22847475631561756
24348,0.7186727233945872,0.027000943752791787,0.16430264720785234,0.09002368564476868
24349,0.5718373727822654,0.07531943132763655,0.09024643033880199,0.26259676555129596
24350,0.020323686872424578,0.23028004924435785,0.5808385219215975,0.16855774196162007
24351,0.48791366973642675,0.04567491969108453,0.11518631204047226,0.3512250985320164
24352,0.009449983371958326,0.6536332597405806,0.1274539451133663,0.20946281177409481
24353,0.28584046083102693,0.08427742552714787,0.32094908536533756,0.3089330282764876
24354,0.04339759735674942,0.6092708427646727,0.09820636435551285,0.2491251955230651
24355,0.5351772669705285,0.05675671107117335,0.24826330974292754,0.1598027122153706
24356,0.09176048383345747,0.05793561341905882,0.02830164960302776,0.822002253144456
24357,0.7183038849288927,0.15942473560867546,0.02203765814671705,0.10023372131571474
24358,0.6307183285737246,0.06610546513289992,0.04148342969908685,0.26169277659428875
24359,0.10067828174087458,0.8208629210118487,0.019994901294667182,0.05846389595260962
24360,0.0887867168834423,0.3818147767023381,0.2827141434952569,0.24668436291896267
24361,0.21125517110249098,0.4990955949566275,0.05418156917474615,0.23546766476613548
24362,0.7628270134859858,0.047053106273057796,0.15290850373828455,0.03721137650267188
24363,0.14501813261378485,0.14922690461510205,0.5012243373414168,0.2045306254296963
24364,0.06977654189062961,0.779433258698532,0.08381469534730517,0.06697550406353332
24365,0.32003956571826486,0.16254092675866175,0.22095404154562276,0.2964654659774506
24366,0.1527828700875059,0.3264877285685105,0.2625236947095708,0.2582057066344127
24367,0.46281533480974996,0.1921435715599969,0.02771434354794279,0.31732675008231037
24368,0.09450870790847044,0.2940292357927377,0.4146035568293229,0.19685849946946898
24369,0.5276260889009401,0.1894746722709361,0.18082427067964926,0.10207496814847451
24370,0.13676590918869713,0.3511184500657459,0.4493705110897951,0.06274512965576189
24371,0.3358227319737689,0.1628558709665033,0.3481771641224046,0.15314423293732318
24372,0.08712975749949799,0.05804328177816576,0.6402884487984909,0.21453851192384532
24373,0.23356823459969034,0.4947399681085608,0.21218291320232344,0.05950888408942538
24374,0.45161867556701796,0.26951226800352746,0.15403648611239504,0.12483257031705947
24375,0.1871886711629794,0.07034690194160767,0.3944562326323722,0.3480081942630408
24376,0.10166134872257407,0.12029775530726107,0.73634750768869,0.041693388281474904
24377,0.13057109205705894,0.7409763966728291,0.0807755053852033,0.0476770058849086
24378,0.03844042877334263,0.6381363874010911,0.05515593007657342,0.26826725374899285
24379,0.06023515996402052,0.6111644931150295,0.12202618424474757,0.2065741626762024
24380,0.1015704854548196,0.43368599695824295,0.09317261269075358,0.3715709048961839
24381,0.5074355652096441,0.13725847489047938,0.08327754735432386,0.2720284125455527
24382,0.5730844858159453,0.10682138453777901,0.2661228123828791,0.0539713172633966
24383,0.15081960272557504,0.07149005054828275,0.6792543575451621,0.0984359891809802
24384,0.10491918166937823,0.17052915998825496,0.5921754969181878,0.13237616142417902
24385,0.7167431640623146,0.08010019309968014,0.14887812895339342,0.054278513884611836
24386,0.031179023644189882,0.0644371238958443,0.8070215689641286,0.09736228349583734
24387,0.5801218255212551,0.07251485659716111,0.15487886114649016,0.19248445673509365
24388,0.6226267274885757,0.045255236630004234,0.1295333891541111,0.20258464672730897
24389,0.5726961449789253,0.1861553189476766,0.08583654271353133,0.15531199335986673
24390,0.3625339407555427,0.14217198577844592,0.43887286155087424,0.05642121191513712
24391,0.2946281336255434,0.2100007026547768,0.0813609351926824,0.41401022852699737
24392,0.05541113040062493,0.38636084116268715,0.29672811730252263,0.2614999111341654
24393,0.036055482821405305,0.08963653058810805,0.8290050752206523,0.04530291136983429
24394,0.06870124320860252,0.8270668843022329,0.06450078347062951,0.03973108901853503
24395,0.36019544458543734,0.28799855006391206,0.32993261736473817,0.021873387985912398
24396,0.5624237650679725,0.28293253307357713,0.056433125093510436,0.09821057676493994
24397,0.096548377606251,0.16212604027748348,0.43481594684909963,0.3065096352671659
24398,0.3718263468020419,0.2884098081667713,0.16328816405962304,0.17647568097156366
24399,0.16760657280347405,0.3306792271071255,0.15802462736084927,0.34368957272855116
24400,0.06073966018915589,0.1862179033994794,0.48486937261595714,0.2681730637954075
24401,0.37056781128883365,0.14213958744737837,0.20993316936047873,0.27735943190330925
24402,0.1720136982109378,0.05969472434244741,0.6094421562776368,0.15884942116897804
24403,0.049987587623096685,0.12220795542867549,0.6701907643449213,0.15761369260330652
24404,0.047691682523992064,0.3017216154263547,0.41721907315005186,0.23336762889960136
24405,0.21256827602640094,0.29775096444471094,0.3205789904776899,0.16910176905119814
24406,0.5382491057481861,0.18873201852504276,0.14318917390176814,0.12982970182500292
24407,0.13335974884629156,0.6338283814463254,0.17747610014380216,0.0553357695635809
24408,0.18806500862044326,0.4477358435899518,0.16491326408313214,0.1992858837064728
24409,0.3799747953858612,0.32739465079688224,0.04786927994749439,0.24476127386976207
24410,0.20263618173943626,0.1691098052289221,0.2742352730911043,0.35401873994053734
24411,0.1600491166427523,0.6298216995189825,0.11665303219793924,0.09347615164032608
24412,0.5087707852003254,0.12297432840535898,0.15682967431012035,0.21142521208419526
24413,0.4765670800661883,0.2038725775810649,0.1983184231758792,0.12124191917686758
24414,0.39512976806862204,0.4412408240818713,0.07620324769273122,0.08742616015677546
24415,0.2358715667391723,0.18745299568901086,0.4037641013817023,0.1729113361901145
24416,0.6744802073284349,0.046496946859669,0.08308366372220759,0.19593918208968847
24417,0.10534901202442107,0.042402744662050525,0.34126366094752375,0.5109845823660046
24418,0.09402708117022117,0.08723628909323591,0.03603399857176547,0.7827026311647773
24419,0.1839709416174884,0.5642508445641008,0.13118012626009634,0.12059808755831443
24420,0.09975813338645333,0.47661789817912975,0.09705851533427555,0.3265654531001414
24421,0.06093740041533722,0.03266310481823395,0.04292006301542685,0.8634794317510021
24422,0.3107046185537641,0.19100607496816108,0.03531959868263585,0.46296970779543895
24423,0.03234226479653105,0.4920131806406493,0.0818787959197757,0.393765758643044
24424,0.05787436403512417,0.18203930973883817,0.3160769314304503,0.4440093947955874
24425,0.043604087285101664,0.01725501543970855,0.04603212917374594,0.8931087681014439
24426,0.6577660555928141,0.07627239528509888,0.02187953708253716,0.24408201203954996
24427,0.03766571837099815,0.12601345836998679,0.6015187239404045,0.23480209931861065
24428,0.232747059128453,0.6071420889515163,0.021642569231572414,0.1384682826884583
24429,0.06700602159975558,0.7851604182452906,0.022705832538911015,0.12512772761604277
24430,0.053828762146375164,0.09085705667365669,0.03006349135185448,0.8252506898281137
24431,0.11952886584589217,0.46171545310200585,0.1139394113015069,0.30481626975059506
24432,0.04974196375810196,0.38505598982732486,0.08121691992464918,0.483985126489924
24433,0.0985708903189976,0.07134105132681119,0.09809046458219506,0.7319975937719961
24434,0.10539512476574217,0.27314409699023257,0.3170010842908978,0.3044596939531275
24435,0.43768138747903673,0.13960396951348752,0.12843900941552067,0.294275633591955
24436,0.11340319265156672,0.05887262068453494,0.230049521042535,0.5976746656213633
24437,0.2870679419246119,0.1423117642388715,0.09131557340598834,0.47930472043052824
24438,0.7540442607015843,0.04934945087201142,0.11220312212724178,0.08440316629916268
24439,0.06816713884172354,0.03657873723634123,0.6540645724522418,0.24118955146969345
24440,0.022694659572907786,0.4376571648285518,0.033794232045992995,0.5058539435525473
24441,0.42308754172362867,0.07684351019231528,0.025081119631318018,0.4749878284527381
24442,0.5947136627655522,0.11887540031748603,0.12246889107496113,0.16394204584200064
24443,0.5227281254403451,0.09219755285888183,0.3257767076623732,0.05929761403839992
24444,0.042892303019952546,0.07419918775113825,0.6209866058485093,0.2619219033804
24445,0.15405952422062597,0.06423259599943522,0.13077665546427902,0.6509312243156598
24446,0.2627370420213038,0.0357422855699071,0.034296925207705234,0.6672237472010839
24447,0.08731595764806932,0.8398561483468153,0.0217906244765781,0.05103726952853726
24448,0.10595398500129694,0.5582565487255958,0.05683991356464897,0.2789495527084582
24449,0.319575538060546,0.023332227269993164,0.09788798264827166,0.5592042520211892
24450,0.05191327648354389,0.03446904536367626,0.19030449510809178,0.7233131830446882
24451,0.03330160702886361,0.03887908338870038,0.4155318354144155,0.5122874741680206
24452,0.1087054994337183,0.029334024255690754,0.3580209553320892,0.5039395209785017
24453,0.3283087780966059,0.06882025935656484,0.45033239178675566,0.15253857076007363
24454,0.30152300390194525,0.47388625251976874,0.12002572269341173,0.10456502088487427
24455,0.3802177556997499,0.06256541431609147,0.4336919118908202,0.12352491809333842
24456,0.0932575659804627,0.07339855593533473,0.5156476095599339,0.31769626852426863
24457,0.3973419380450718,0.0600729796089855,0.16522965133692064,0.3773554310090221
24458,0.05592047181659699,0.3500203906686767,0.13383436882125524,0.4602247686934711
24459,0.1544210291050275,0.10572807361923324,0.6317681660586464,0.10808273121709294
24460,0.07049193206521304,0.18416904669238218,0.34207555961840486,0.403263461624
24461,0.027422470439096326,0.0834549659722782,0.6305163366446855,0.25860622694394
24462,0.19943064861150023,0.2627773451326164,0.16833877326216956,0.36945323299371374
24463,0.24029120277697794,0.6520268896544678,0.06837040824718235,0.03931149932137203
24464,0.14505280278517518,0.21409998353426676,0.45657912435557085,0.18426808932498717
24465,0.08638952221151358,0.8281441950317229,0.032376104926846123,0.053090177829917456
24466,0.5282404769966755,0.2015301415678099,0.038105903481406384,0.23212347795410818
24467,0.14438843144317118,0.47076224746161216,0.025063335116028533,0.3597859859791881
24468,0.07129293942675725,0.5964322562540129,0.16374591377847986,0.16852889054075013
24469,0.10517793268050969,0.5536068627116973,0.052195011799143425,0.2890201928086495
24470,0.10515256158058775,0.23675101358034864,0.08941690386891546,0.5686795209701482
24471,0.10780765022431565,0.6901302214384533,0.10458328429183601,0.09747884404539497
24472,0.6706778441660917,0.06196095853807066,0.2171226580565498,0.050238539239287866
24473,0.3090206447600356,0.0725991385934015,0.4055860494157883,0.21279416723077452
24474,0.7995196818082395,0.12223151611873015,0.013748937890236273,0.06449986418279403
24475,0.07096388022072254,0.6020474405330367,0.17823222968798302,0.14875644955825768
24476,0.1594149175102781,0.5333714249362284,0.10964250610666235,0.19757115144683127
24477,0.03964893631823983,0.49582032426847616,0.3502053948900131,0.11432534452327092
24478,0.2625277051216761,0.048655361686229706,0.6129203332309723,0.07589659996112189
24479,0.0788874067613166,0.031116051533319995,0.7582563656883312,0.1317401760170322
24480,0.6768871161857444,0.08639673470735287,0.09880133641613541,0.13791481269076744
24481,0.3961273347523264,0.20667783142172375,0.2135554354726059,0.18363939835334403
24482,0.6845282985606429,0.04105233269410533,0.06483601854890116,0.20958335019635066
24483,0.8588694269304423,0.025596797539816113,0.059650500225441855,0.0558832753042997
24484,0.09943445700452004,0.27595284656439956,0.5548957635930686,0.06971693283801177
24485,0.6241757093802162,0.0611279709465077,0.25558513168101266,0.059111187992263475
24486,0.4024256325700087,0.3428005664107435,0.11372400747899793,0.14104979354024988
24487,0.04032285518626614,0.04199243455840076,0.8454989013299825,0.07218580892535065
24488,0.2203511203451157,0.6861992420317332,0.05298600935800871,0.040463628265142444
24489,0.20593549482327117,0.40187051824067543,0.28034917248219277,0.11184481445386074
24490,0.08743273978710175,0.22041461911975016,0.6086286001900567,0.08352404090309144
24491,0.09430232363216975,0.05432146849991174,0.1452332830392956,0.7061429248286228
24492,0.17775325387654528,0.10304182313413932,0.4466026116079732,0.2726023113813422
24493,0.1324461307695565,0.27582774958623846,0.5077422482965909,0.08398387134761424
24494,0.12600614087887105,0.492181287934134,0.2900754850981147,0.09173708608888023
24495,0.20226870912428363,0.4337649814537645,0.08330767193954908,0.2806586374824027
24496,0.0668836393312609,0.22617712189800615,0.30337013306337024,0.40356910570736265
24497,0.1508711058910198,0.07074943648308347,0.6595813892632294,0.11879806836266738
24498,0.14287419840416113,0.27848573017794215,0.5031499301539343,0.0754901412639626
24499,0.43463380969269777,0.12477523016368934,0.27465445014199324,0.16593651000161969
24500,0.09334974877361131,0.48853490063036387,0.19831368503313468,0.21980166556289008
24501,0.2656880446100553,0.2890973128379361,0.09319035293044585,0.35202428962156285
24502,0.4637856517542934,0.10030277640617842,0.09942625457753299,0.33648531726199515
24503,0.10608213735345855,0.15665843672420998,0.08740864389096466,0.6498507820313668
24504,0.14990747420232814,0.3144370502384351,0.19839559523554834,0.3372598803236884
24505,0.20486469763704593,0.1322852251585203,0.1892627157067155,0.47358736149771835
24506,0.1991072271493843,0.06837388949227051,0.5095349211160574,0.22298396224228778
24507,0.12336196716747955,0.16932560745345812,0.2962026050366576,0.41110982034240473
24508,0.3080980160381239,0.12615092805968134,0.35767637092751137,0.20807468497468337
24509,0.16958005112866534,0.06239928504968695,0.4234778718861575,0.3445427919354903
24510,0.08545589635055183,0.08833040940958149,0.6793624472017241,0.14685124703814256
24511,0.19677041008025864,0.6910368803666835,0.05842363908244524,0.053769070470612586
24512,0.3521013249251067,0.0956140505057276,0.2535017400631529,0.2987828845060128
24513,0.6026799171772004,0.08559589407083723,0.1626058860224088,0.14911830272955365
24514,0.2075424382793516,0.3673975257019407,0.13679851809619178,0.288261517922516
24515,0.261498474524498,0.26386334689850277,0.22677996843894324,0.247858210138056
24516,0.39195661346608285,0.10423846403001769,0.18401755668410183,0.3197873658197976
24517,0.5338665525302887,0.22781087962622112,0.1408540641111798,0.0974685037323104
24518,0.0548022859061967,0.1227394534281551,0.15768593462891484,0.6647723260367333
24519,0.07656737195266149,0.16278156548780873,0.713441606371231,0.047209456188298846
24520,0.028411686829204176,0.2735997057082839,0.2873097438117875,0.4106788636507244
24521,0.13141690457253413,0.5031982587133519,0.06003722585187383,0.30534761086224016
24522,0.04295627710869427,0.13462214836892494,0.7153342548096981,0.1070873197126827
24523,0.05026424515516435,0.18262187766117743,0.5524314143962691,0.21468246278738914
24524,0.12525798874281246,0.10610750128500408,0.6068577903278952,0.16177671964428822
24525,0.14191860460939182,0.24398255481825118,0.0776494166782464,0.5364494238941105
24526,0.5515171758866279,0.09474047313431275,0.2904220601124067,0.06332029086665268
24527,0.1572910198694517,0.03767060755029801,0.5905031483882043,0.21453522419204596
24528,0.6682995576896615,0.16302346819231167,0.06933534876418997,0.09934162535383685
24529,0.1735378729658987,0.06845917304764537,0.3040252417354076,0.45397771225104827
24530,0.23148580287631354,0.16028105125315983,0.31896414499081505,0.2892690008797116
24531,0.07917501082282596,0.6719259729175567,0.10691499228398005,0.14198402397563722
24532,0.09003782137152823,0.360456788073521,0.3591640276291171,0.19034136292583376
24533,0.23478830941961468,0.3147137746942426,0.05014915891765931,0.40034875696848343
24534,0.09184328121157198,0.5487519738637201,0.06672986336451538,0.29267488156019245
24535,0.5763628741004219,0.03848355195519928,0.20401979043757495,0.18113378350680395
24536,0.1144862366562909,0.14591146145055633,0.4284330776822054,0.3111692242109474
24537,0.33697194726069485,0.20814424053917344,0.0657383904877277,0.389145421712404
24538,0.12902635632647994,0.5515640834515438,0.1650807293214069,0.15432883090056929
24539,0.2382814429446258,0.14482697238276962,0.11087477573320548,0.5060168089393992
24540,0.4380686533317205,0.06705594135076551,0.3614895534862468,0.1333858518312672
24541,0.40034422113721235,0.1663427113195414,0.22613755207649003,0.2071755154667562
24542,0.11835343523184459,0.44344823935084876,0.09351584211243524,0.34468248330487145
24543,0.018465796026424532,0.1888029420531283,0.6953060044947895,0.09742525742565765
24544,0.05295574886766968,0.44185412229567944,0.3780733175358358,0.12711681130081504
24545,0.22208349135804675,0.11113731191115624,0.4722595868113639,0.19451960991943312
24546,0.0780260517843958,0.5454648135836343,0.14478583145861723,0.23172330317335263
24547,0.24181683048455402,0.4428179797093464,0.06657930746429211,0.2487858823418076
24548,0.04274459638883172,0.2576611094592007,0.4606591349301995,0.2389351592217681
24549,0.6911925471587382,0.17816087586151655,0.03950998339484073,0.09113659358490457
24550,0.14200419332721623,0.3578298224628919,0.45551440653865655,0.04465157767123525
24551,0.03605969771205661,0.5298124318484265,0.1371631659205228,0.2969647045189941
24552,0.029778999645310743,0.5415909857619088,0.0989871189153628,0.3296428956774177
24553,0.41910907996090413,0.08697453688040425,0.29278199308315817,0.2011343900755335
24554,0.3094968076159781,0.10370521593349512,0.16826503819530028,0.41853293825522647
24555,0.13766457612068606,0.6662427404559312,0.04337225584953186,0.15272042757385088
24556,0.6207058960846862,0.16757547907060957,0.04708974913651277,0.16462887570819154
24557,0.07491046087611988,0.3547952688007416,0.24302385906349966,0.3272704112596389
24558,0.09411895377270396,0.6800908389916785,0.028366652678938294,0.19742355455667923
24559,0.037769901900547305,0.788015852054642,0.10702357679721372,0.06719066924759697
24560,0.07060042860415175,0.5118342830071263,0.18816877773438767,0.22939651065433428
24561,0.18923116828809422,0.18999866115263783,0.09956052819809307,0.5212096423611748
24562,0.7220398123280503,0.10172672879630057,0.11142958215763549,0.06480387671801362
24563,0.021234787916480487,0.48163119552564654,0.066986332058554,0.430147684499319
24564,0.045442888506610934,0.5226142709160353,0.07249331827008532,0.35944952230726845
24565,0.07650145779941954,0.3187788978116477,0.3095855235710944,0.29513412081783835
24566,0.12070531109124011,0.7390218252757095,0.04475377684712651,0.09551908678592393
24567,0.11317830058375994,0.4712082758192486,0.35568343857044643,0.059929985026544993
24568,0.3367064788556719,0.34973835179805224,0.12992291172186574,0.18363225762441016
24569,0.2941864291789654,0.11108721293773513,0.366220053479152,0.22850630440414746
24570,0.1396878004018373,0.4938403698958223,0.10182592822582684,0.26464590147651357
24571,0.08244391142607828,0.2891487902792438,0.4513321480503531,0.17707515024432482
24572,0.1839342919769817,0.24317637885840734,0.35595842153135937,0.21693090763325162
24573,0.1733311829834524,0.20430426862692355,0.540463383610887,0.08190116477873705
24574,0.26861124768479533,0.1852574714044778,0.46588008304692363,0.08025119786380326
24575,0.2706468498269462,0.1131168331073874,0.1932298773724499,0.42300643969321644
24576,0.05214028035417508,0.13496934803841298,0.7377164794824115,0.07517389212500038
24577,0.15398715077833114,0.31221226052726664,0.32586790842275315,0.20793268027164913
24578,0.30060941024732923,0.1628882265969311,0.2764203499749121,0.2600820131808276
24579,0.38209855226634654,0.41095880496112175,0.12449312250406207,0.08244952026846954
24580,0.21686689744664214,0.11303192624260193,0.4941549254151263,0.17594625089562965
24581,0.15229903976441247,0.10204936012274904,0.678737693877,0.06691390623583843
24582,0.09894673395547046,0.07494235214802897,0.7925883950279491,0.033522518868551426
24583,0.051120244355770124,0.21040019010361347,0.6027333316984989,0.1357462338421175
24584,0.02570944169133683,0.05979205460325632,0.885690302263599,0.028808201441807738
24585,0.09357388932274492,0.28303344411276354,0.06080819348990366,0.5625844730745879
24586,0.11735465010325773,0.1787890594257919,0.341564213049378,0.36229207742157227
24587,0.44684469947385047,0.13026897095501316,0.198990607541001,0.22389572203013547
24588,0.3936391857760747,0.2213263969892396,0.23184114654779434,0.15319327068689134
24589,0.07920761282701483,0.5721887775559708,0.1928152996732244,0.15578830994379006
24590,0.39649250223969107,0.2035141423130785,0.22966280914742088,0.1703305462998095
24591,0.3393325853638119,0.1487679905017217,0.36003975964842905,0.15185966448603738
24592,0.3260104579510548,0.2451813807053971,0.08163329185303836,0.3471748694905098
24593,0.2722233833765226,0.25006067833248635,0.14509503552112682,0.3326209027698642
24594,0.13343516611008457,0.09930560081358948,0.14945606668749611,0.6178031663888297
24595,0.2622119198820539,0.4076993243922295,0.2768527241601324,0.05323603156558423
24596,0.1809397282246328,0.2011461034670866,0.11307626779382696,0.5048379005144537
24597,0.41121781066430213,0.39519500327393786,0.11484372248916074,0.07874346357259918
24598,0.22450978101076152,0.11231384974598961,0.11626178264040213,0.5469145866028468
24599,0.2567188560311071,0.19981022384043232,0.20542978279487736,0.3380411373335832
24600,0.2833775712040765,0.17514444385365316,0.25492381223346794,0.2865541727088024
24601,0.12212531517468558,0.151222690047529,0.5341898597026401,0.19246213507514529
24602,0.2811250774560709,0.4847427511651873,0.15956927445335217,0.0745628969253897
24603,0.12802034532840478,0.16817361207025044,0.26753645088483313,0.43626959171651175
24604,0.11691760564496782,0.1179898129298687,0.6788766794596778,0.08621590196548568
24605,0.42286920319228627,0.09083196598679971,0.09822487092173603,0.3880739598991779
24606,0.04708020019310792,0.4808415151469465,0.23481455500721554,0.23726372965273002
24607,0.5030600421151016,0.19034299302844404,0.16470044012724339,0.14189652472921108
24608,0.13626917957014506,0.36943030394215054,0.13296547190480762,0.3613350445828968
24609,0.6924939241638184,0.08396813191453617,0.11841454721697173,0.10512339670467379
24610,0.06552981674673083,0.10649840267101629,0.21705726649300136,0.6109145140892515
24611,0.1565080570789443,0.2783502103755739,0.14537204765282735,0.4197696848926544
24612,0.03830738922852654,0.7112620136077468,0.09053873174301627,0.15989186542071035
24613,0.1506826453515108,0.14652782949986634,0.5121328966778983,0.1906566284707246
24614,0.12388430623683092,0.09739915346289983,0.49201032404021205,0.2867062162600572
24615,0.374784516569406,0.20666721147028935,0.05996837194796751,0.3585799000123372
24616,0.09072328155449691,0.15933850710932265,0.5774622929572458,0.1724759183789346
24617,0.4590364427321201,0.08346349646079874,0.323119799721821,0.13438026108526016
24618,0.32996857159028486,0.10328638015177317,0.4740428011264309,0.09270224713151111
24619,0.0772349524779554,0.413107180851795,0.4029594513613833,0.10669841530886624
24620,0.1039055743195467,0.2440154394303828,0.08501071778809119,0.5670682684619793
24621,0.12360883972545801,0.12664460905252983,0.4120342333517638,0.3377123178702483
24622,0.08122394281157909,0.29732368048189367,0.24771663160015706,0.37373574510637014
24623,0.18311755945730795,0.07696229566431753,0.30665855266669684,0.43326159221167754
24624,0.26822618865514375,0.2755620581229253,0.35760493342071903,0.09860681980121197
24625,0.3671163312182956,0.08120552892139223,0.24075593418253793,0.3109222056777742
24626,0.5305071891141974,0.15858151237980367,0.09264561456556067,0.21826568394043822
24627,0.2037576241152067,0.24699964587989554,0.07976624583767332,0.46947648416722443
24628,0.6137414559710137,0.0696434209007495,0.0668292041720972,0.24978591895613955
24629,0.07117409750646798,0.5928777611129602,0.0828686574038129,0.2530794839767589
24630,0.18374450136929504,0.2240783629756291,0.1658699677451934,0.4263071679098825
24631,0.25547421819098354,0.13359871590242672,0.16103449776367965,0.44989256814291
24632,0.1953871785361815,0.3233458987270044,0.18710732935144941,0.2941595933853646
24633,0.15265374487453187,0.075438965540321,0.5295275190113091,0.242379770573838
24634,0.11568977964697873,0.04388932713323102,0.5711626579036777,0.2692582353161125
24635,0.49014110724177434,0.06845125472618821,0.07588402837150908,0.3655236096605283
24636,0.25275170845766176,0.40974112872432084,0.15402918485135034,0.18347797796666698
24637,0.13286735502389554,0.14426387410661407,0.6486443009837533,0.07422446988573714
24638,0.08748488356548442,0.4579431063743614,0.146637132103194,0.3079348779569601
24639,0.3882590130494552,0.22299012826276843,0.08454340732741075,0.30420745136036564
24640,0.6784837929995514,0.16932025359263195,0.07573441588195443,0.07646153752586222
24641,0.10552033643544358,0.8229102949547346,0.016470225616631463,0.055099142993190416
24642,0.21772713239762628,0.09038785649596726,0.4668344752723708,0.22505053583403573
24643,0.04895906452494826,0.045713831453177624,0.4436139978135656,0.4617131062083085
24644,0.08647975037545479,0.5793625217939055,0.1822065234957276,0.15195120433491208
24645,0.17859645098628874,0.7422388532370572,0.01431631906950645,0.06484837670714766
24646,0.2854655984185825,0.36112553468475206,0.21617747525231482,0.13723139164435055
24647,0.4554669348665304,0.38392687317923074,0.141672761759351,0.018933430194887902
24648,0.229116333770931,0.03925718068697829,0.5284503295021187,0.20317615603997213
24649,0.123304587531426,0.09625387974167128,0.7324785289148033,0.04796300381209933
24650,0.04737361953310111,0.9174002468690103,0.01570463257883987,0.019521501019048582
24651,0.8629725138931829,0.04579447821618546,0.015832098409010467,0.07540090948162116
24652,0.46752096163723944,0.02917393589261325,0.47484271786392906,0.02846238460621829
24653,0.6564544031657973,0.1560721978884114,0.09840207178166364,0.08907132716412768
24654,0.070384746827196365,0.602043472897808,0.03875172375084652,0.2888200565241491
24655,0.14588169676453724,0.21370010471042963,0.4381185250809371,0.20229967344409597
24656,0.10654881668688918,0.5727735221020239,0.2931878091386989,0.027489852072388063
24657,0.4395757744740226,0.20838765214774943,0.059851415142473365,0.2921851582357546
24658,0.09392665506252543,0.46057563821817504,0.38040714371395895,0.06509056300534052
24659,0.028689629495201072,0.09880299544477864,0.7166034932650374,0.15590388179498288
24660,0.27247968269697825,0.43702856165451476,0.15243506199540033,0.1380566936531067
24661,0.2460767225831295,0.5764981339722368,0.09953018519706237,0.07789495824757141
24662,0.02656841124056743,0.11267979555261759,0.7541532336093018,0.10659855959751315
24663,0.138455812882177,0.31286745690693973,0.5137907273938546,0.03488600281702871
24664,0.0728861233230256,0.31232307293668515,0.5367816350174727,0.07800916872281657
24665,0.3178289811150447,0.06693280177363228,0.5821169588516816,0.03312125825964143
24666,0.0828536623077901,0.7340410715429482,0.1098388079237503,0.07326645822551159
24667,0.03914598118303157,0.6303830147397789,0.28319654257170174,0.047274461505487815
24668,0.15534912185422128,0.04510041852491722,0.7829569175145396,0.016593542106322023
24669,0.25725913008663137,0.24360696352020006,0.3902670844692991,0.1088668219238696
24670,0.7623182761881845,0.03894160460767584,0.16219035916944205,0.03654976003469763
24671,0.10689054212665049,0.41888599991154296,0.4488765804599985,0.02534687750180802
24672,0.09831196165713915,0.6718384246819531,0.19719501291613448,0.03265460074477324
24673,0.16241778250324473,0.08802716366115422,0.7081743597967083,0.04138069403889281
24674,0.12907336653281276,0.7374526632567784,0.09064203153249888,0.0428319386779101
24675,0.15687219321358498,0.107565078757955,0.7039758784726432,0.03158684955581685
24676,0.0945096020034253,0.7237207704821002,0.16251166031437903,0.01925796720009561
24677,0.0585935325754567,0.1855867778162238,0.49007323273889564,0.26574645686942383
24678,0.3537920986579315,0.3004354096981144,0.26286074212593585,0.08291174951801818
24679,0.20485321108394197,0.6209133766963898,0.08984208033092816,0.08439133188874003
24680,0.13782899839579046,0.529545242681183,0.24129452033484783,0.09133123858817875
24681,0.2602158540241988,0.5631939874785998,0.09354059657530304,0.08304956192189837
24682,0.4795187936541422,0.4898473452923499,0.01298117436094473,0.01765268669256323
24683,0.13693372398599377,0.1726971926822128,0.5644981565491047,0.1258709267826887
24684,0.16368749517852116,0.18655861783423852,0.3912598039273694,0.2584940830598708
24685,0.7997260991337961,0.06058427326121489,0.05732296972344601,0.08236665788154311
24686,0.5872112095485722,0.07908622702189488,0.04503746381607711,0.2886650996134558
24687,0.3659755125721825,0.2016529164984931,0.21716185990346937,0.21520971102585512
24688,0.17540637036464327,0.36581533112421816,0.11093172513065525,0.3478465733804833
24689,0.3459065053396394,0.24706413112541417,0.34242805030154866,0.06460131323339784
24690,0.8707596884772734,0.0566449033224585,0.038932851176134826,0.0336625570241333
24691,0.2515163703475184,0.5491222337982219,0.061631085583507696,0.13773031027075208
24692,0.7282854113459079,0.15932071973203676,0.01854759854174804,0.09384627038030725
24693,0.18175132447225734,0.1666342020294109,0.5244599668001452,0.12715450669818662
24694,0.2059837483586277,0.3894546289071886,0.307982496068522,0.09657912666566165
24695,0.2635554808016988,0.642754339394141,0.04498053467576502,0.04870964512839528
24696,0.2326165399433454,0.3140283137773451,0.10664428951762774,0.3467108567616818
24697,0.22642559917711327,0.15923860291796688,0.1595146689094601,0.45482112899545984
24698,0.21256312122329846,0.5142926671326978,0.24240106437657163,0.03074314726743222
24699,0.25597209802206167,0.08596101598774102,0.6131959443373256,0.04487094165287177
24700,0.15383041355609728,0.38383737960356024,0.12854092671466552,0.33379128012567694
24701,0.19032729432813011,0.08147952182723096,0.6734838648539376,0.05470931899070126
24702,0.15266797980992597,0.6113006722384937,0.21179705793016215,0.02423429002141817
24703,0.14651081576630515,0.41408950356712476,0.3998502443389413,0.03954943632762874
24704,0.1102975334358439,0.5029049381934144,0.3446311860385334,0.042166342332208194
24705,0.37351957937282987,0.4979333553114997,0.09951739392553435,0.029029671390136087
24706,0.37497406353660806,0.3365062172930729,0.2151832786442612,0.07333644052605791
24707,0.5557352133284831,0.1909855592923687,0.12991514298680906,0.12336408439233909
24708,0.7796676632124384,0.10425745172256101,0.07745189612554422,0.03862298893945641
24709,0.07007869561736105,0.13644882774958567,0.7550302116342543,0.03844226499879895
24710,0.5653965114155222,0.25484665039966553,0.12319110113791275,0.05656573704689948
24711,0.5591885046767746,0.14618718389910704,0.2472085129145211,0.04741579850959724
24712,0.23448507256889478,0.5569182545037642,0.18002988924665614,0.028566783680684833
24713,0.24636482918567346,0.5527598339000468,0.1357470530267333,0.0651282838875466
24714,0.3218491471748084,0.4565124252445774,0.15476314900743224,0.066875278573182
24715,0.19481526096132065,0.38123615381272635,0.32306021480962965,0.10088837041632334
24716,0.43939767029568416,0.37888654251834913,0.14798358765340117,0.03373219953256556
24717,0.3539242447452173,0.44627848210123394,0.181269178691359,0.018528094462189695
24718,0.18615260186169238,0.7233375412537401,0.058427682430882456,0.03208217445368513
24719,0.39982897715786586,0.23145805915032858,0.24629521888795425,0.12241774480385131
24720,0.1373719701630658,0.6453323614447168,0.11320732893735332,0.10408833945486404
24721,0.41325183619163086,0.46282835146139123,0.0715938574045314,0.05232595494244642
24722,0.05191268582279339,0.7998753766948079,0.12607920200304412,0.022132735479354525
24723,0.40575201443788195,0.31753259670796535,0.21588984219451648,0.06082554665963621
24724,0.22782762144374658,0.3506845007172821,0.3603235165808205,0.0611643612581508
24725,0.560926931917124,0.35851493000993934,0.038115360083687204,0.04244277798924951
24726,0.3548888231236355,0.3741610929990485,0.2253363593266585,0.045613724550657535
24727,0.024599838404271514,0.13518000858644044,0.7289815823204654,0.11123857068882269
24728,0.17195730876441534,0.5125559036507651,0.2642497112193971,0.05123707636542244
24729,0.35889307819059163,0.11700578291633394,0.4438514380169974,0.08024970087607701
24730,0.17702042738071344,0.34471586889644307,0.35910292532219573,0.11916077840064769
24731,0.07444664774399144,0.7437831610465659,0.13610562162599735,0.045664569583445364
24732,0.18414145181173944,0.17701322370244083,0.5397301347439365,0.09911518974188314
24733,0.10304338784011212,0.32257576384310377,0.2672457760633284,0.3071350722534557
24734,0.14261536173439024,0.4622559825016657,0.30814574804846445,0.08698290771547953
24735,0.05697861083082108,0.1257317016368654,0.6811802904334208,0.13610939709889283
24736,0.14029895694577427,0.6836007375922923,0.10653079844743167,0.0695695070145017
24737,0.46251694062279414,0.17031762450832105,0.3135103490081373,0.05365508586074762
24738,0.047150602219190846,0.7524644952083382,0.12587613583617835,0.0745087667362925
24739,0.44815716333382294,0.04962888145886736,0.2220644627630701,0.2801494924442395
24740,0.40092524715095545,0.34316197239187424,0.10140740590061956,0.15450537455655072
24741,0.11237439340704729,0.35092246150165174,0.47040162185896206,0.06630152323233894
24742,0.2347067859355547,0.41868885199715133,0.07144231080894609,0.2751620512583478
24743,0.25789059319794755,0.310363688380348,0.10166421683786711,0.33008150158383737
24744,0.47343187930846253,0.04916179696189931,0.28446355952994545,0.19294276419969272
24745,0.16684430657828575,0.1983126414473727,0.1628658921570637,0.4719771598172778
24746,0.18532371681004955,0.12291718423784363,0.05755613057632151,0.6342029683757853
24747,0.07568284114343587,0.6163413439952664,0.12686811812520427,0.18110769673609345
24748,0.02994789471813382,0.034060770456420086,0.6516504983421064,0.28434083648333974
24749,0.16882392211055755,0.4398060291556252,0.2506829831690258,0.14068706556479138
24750,0.48415345615921,0.12376023191644955,0.2864114563116581,0.10567485561268235
24751,0.4841770315468171,0.09234385986527818,0.12243732107488137,0.30104178751302335
24752,0.18735140130031427,0.5946715867772066,0.04839904412116159,0.16957796780131754
24753,0.13699051020949524,0.024783801002493156,0.7001732504538553,0.1380524383341563
24754,0.2093254254192246,0.26631019853835636,0.15987095861779319,0.3644934174246258
24755,0.07994108225884013,0.2563381718987039,0.5042409789980407,0.1594797668444154
24756,0.1399276643534932,0.2666025193025294,0.3925811806749999,0.2008886356689776
24757,0.3080230667092004,0.08343985756461421,0.13786360690099406,0.47067346882519123
24758,0.13224199578627482,0.08799243380840392,0.6605236437691803,0.11924192663614104
24759,0.06513762901370043,0.42535786748755045,0.41187351337690553,0.09763099012184365
24760,0.5508837312100737,0.3592651589815681,0.04506323640777463,0.04478787340058365
24761,0.25665616700125876,0.14362526477155038,0.5354381368689556,0.06428043135823533
24762,0.22505315770602421,0.5203386059018628,0.06315259849036434,0.19145563790174858
24763,0.0724625795878302,0.8255728409640811,0.04338319905695559,0.058581380391133045
24764,0.8265222171729306,0.04005792202139088,0.04804074689609576,0.08537911390958265
24765,0.28560865466047203,0.4375807304651547,0.23302486940938152,0.04378574546499171
24766,0.04360945616336846,0.6096354955282304,0.24488478965513205,0.10187025865326908
24767,0.16842927046387116,0.2222035873204193,0.13273255546945048,0.476634586746259
24768,0.13730340333997543,0.5254209737770069,0.22477006238047936,0.11250556050253827
24769,0.14811830734216577,0.2251787446560389,0.5997970490104295,0.026905898991365824
24770,0.2069327156841659,0.2774590111899143,0.15396302166309525,0.36164525146282456
24771,0.1646169886611216,0.07775785170616105,0.5290329967497762,0.22859216288294115
24772,0.3580975810893377,0.3815163362403446,0.07214825571086672,0.18823782695945107
24773,0.03028866877039161,0.5797775763035004,0.36999579704017654,0.019937957885931584
24774,0.5134059916451521,0.22567763585744427,0.12787734617700544,0.13303902632039818
24775,0.06296775647530532,0.8538809026342774,0.028794635948874797,0.054356704941542516
24776,0.56676817707839,0.04457338631531128,0.3335080483735344,0.05515038823276438
24777,0.4045953090772012,0.3213489596548285,0.15317575546746068,0.12087997580050965
24778,0.3469439873392268,0.3189645067030334,0.08174200446124343,0.25234950149649626
24779,0.052876287941545363,0.2728570032179104,0.3268704663560251,0.3473962424845192
24780,0.4777829708383987,0.20807817239053308,0.2166433967293099,0.09749546004175831
24781,0.07703664771066344,0.07900464292082475,0.783433591623646,0.06052511774486577
24782,0.5586786749366427,0.06659317837202633,0.05109189126708203,0.323636255424249
24783,0.03468480063642401,0.21462693978398245,0.5696494088831578,0.1810388506964357
24784,0.29196338126367005,0.09443481340287478,0.18666248214116063,0.42693932319229455
24785,0.038318307242560606,0.23140823254202125,0.16264300950347907,0.5676304507119391
24786,0.15393671538598913,0.11295258052887731,0.5504679759085024,0.18264272817663119
24787,0.1386136798224129,0.2575771026604276,0.2982632403487526,0.3055459771684069
24788,0.10588731735398017,0.2709260130558023,0.33220340001829135,0.29098326957192616
24789,0.44909480968529114,0.2243307228947239,0.06496564632437211,0.26160882109561284
24790,0.07919829544101742,0.07220864766429508,0.6116640164170294,0.23692904047765823
24791,0.21732777055067312,0.1006478006554736,0.4326603395340181,0.24936408925983522
24792,0.42054233112663586,0.11600588295693512,0.22828610789851925,0.23516567801790977
24793,0.11651987422785003,0.04206095763741395,0.6537263908824125,0.18769277725232358
24794,0.1154270081794001,0.6826270542724511,0.09807467146609042,0.10387126608205836
24795,0.3106832370294906,0.1700600747415214,0.06952073182939797,0.44973595639959
24796,0.6257678834355672,0.20330093615775638,0.0649761633808083,0.1059550170258681
24797,0.08258775670060849,0.7212782049140032,0.07892694465776226,0.11720709372762601
24798,0.010067935729203356,0.04159570309528385,0.5246030065543851,0.4237333546211278
24799,0.2118261569037193,0.12402937314664046,0.11358978362470412,0.5505546863249361
24800,0.02498976160273759,0.08142641309417951,0.5867336325227204,0.3068501927803626
24801,0.5511612704122033,0.22117522503574402,0.13003388482197262,0.09762961973007997
24802,0.13190322947379365,0.19421776981683692,0.15952405696316918,0.5143549437462003
24803,0.038897481329238544,0.10938694328550044,0.6974952305386164,0.1542203448466446
24804,0.28991600266859785,0.1872827558312845,0.17603101465402965,0.346770226846088
24805,0.08974142110053587,0.16579901616326193,0.04648623598921399,0.6979733267469882
24806,0.19894094276930613,0.32023764562538604,0.05811626051208553,0.4227051510932224
24807,0.42350320551331744,0.4294455597663729,0.04054300881333263,0.10650822590697699
24808,0.3474838257924147,0.09439803928514856,0.16473683640247047,0.3933812985199662
24809,0.566161893505535,0.06681320683426553,0.05251112944230954,0.3145137702178899
24810,0.099002259604242,0.2633110457235499,0.08548163349413211,0.552205061178076
24811,0.05686517289572127,0.07205307274055056,0.6686201360054973,0.20246161835823082
24812,0.06379716489299347,0.10363799450133908,0.693627239742212,0.13893760086345558
24813,0.18777315851825893,0.054993908068412777,0.3518266040913484,0.4054063293219799
24814,0.1641284228369505,0.4052231662973155,0.034542770364353284,0.3961056405013808
24815,0.5137244596103723,0.1697391243064852,0.11996349520587594,0.19657292087726652
24816,0.2217127218915548,0.0753753631223748,0.38325498616508313,0.3196569288209872
24817,0.24515020939012577,0.15610769086470994,0.06775807008055723,0.530984029664607
24818,0.21857630196266953,0.4867548691238247,0.18395708837634123,0.11071174053716457
24819,0.1380076771560387,0.4052525925860145,0.15112808323932458,0.3056116470186223
24820,0.24018471039849568,0.08618702273453886,0.07175695293286032,0.6018713139341052
24821,0.3405164412541166,0.20905062961579485,0.08245673630465038,0.36797619282543825
24822,0.10951930199274873,0.47607448077446013,0.11392733012968492,0.30047888710310616
24823,0.14525887189187067,0.17644357637806674,0.37602110534155014,0.3022764463885124
24824,0.19935321100866912,0.05804233171285961,0.09397761133002817,0.6486268459484432
24825,0.5558517845506847,0.15133843988226972,0.05819112736450394,0.23461864820254158
24826,0.0791935136783083,0.1411096798236482,0.5718923900521427,0.20780441644590086
24827,0.3117236556097002,0.5318075594138868,0.030298443929859732,0.12617034104655322
24828,0.17922228241899277,0.629016175107744,0.046204901753319635,0.14555664071994356
24829,0.21365404154488224,0.11805050518142757,0.06688048312957728,0.6014149701441129
24830,0.13991393846211597,0.44082732605337843,0.11059761661684768,0.3086611188676579
24831,0.18128560126964083,0.2889674271638689,0.18015357535486817,0.3495933962116221
24832,0.22726688519311292,0.15245485675195217,0.17439152483269033,0.44588673322224454
24833,0.17706117504715846,0.2317819570913263,0.28878034204912617,0.30237652581238905
24834,0.1734586719973303,0.07119860230645977,0.20884015627738448,0.5465025694188255
24835,0.32467823343417707,0.21664418529322127,0.16497949432328154,0.29369808694932004
24836,0.06576011459939732,0.231205942489635,0.5498258007932559,0.15320814211771178
24837,0.6763686889238437,0.03404069888135245,0.10992072390800711,0.17966988828679673
24838,0.08904541253399849,0.35279307734012605,0.12576241703401672,0.43239909309185875
24839,0.7303258048133784,0.08325367707043294,0.10830719317277668,0.07811332494341199
24840,0.3967073800674682,0.2739272684704083,0.27317827144092377,0.056187080021199716
24841,0.031099147991834282,0.6618216375117864,0.28870503785094676,0.018374176645432626
24842,0.1841384791978903,0.2540643180109707,0.1535088917069142,0.4082883110842248
24843,0.25083598735519713,0.056740649762168624,0.472622073491463,0.2198012893911712
24844,0.7693292464852054,0.0861141341249242,0.12961943520999053,0.01493718417987989
24845,0.6182276016827671,0.06523698848560296,0.07907380238455845,0.23746160744707148
24846,0.18904303441733963,0.672279915715171,0.03058927090258495,0.1080877789649044
24847,0.0535044476817687,0.08619352306230847,0.7204571835977782,0.13984484565814456
24848,0.1395298720356728,0.09715018848127514,0.25693570955993,0.506384229923122
24849,0.426057350942813,0.11877363061852261,0.16737414885352722,0.2877948695851372
24850,0.1601735191019768,0.5038430186655043,0.04605252749063396,0.28993093474188497
24851,0.297386011874175,0.10384465240594842,0.224488159584542,0.3742811761353346
24852,0.6561183192115316,0.0727588539760769,0.06843678330529174,0.20268604350709973
24853,0.2664557461554528,0.056866585151214635,0.5296062062238305,0.1470714624695021
24854,0.35711976321369027,0.045723147301951816,0.33265010153309715,0.26450698795126076
24855,0.1595758398998,0.14047072675168543,0.3597635825032214,0.3401898508452931
24856,0.1878483532635467,0.5236330196430135,0.03951073881558076,0.24900788827785902
24857,0.08304258792883344,0.26875223854528496,0.5735788624679765,0.07462631105790504
24858,0.2043241953388244,0.3561830259433824,0.26180710884563574,0.17768566987215745
24859,0.19014415995446288,0.3048543325551434,0.05996669263738264,0.44503481485301116
24860,0.2215141223909525,0.04919493650955541,0.6769853108547234,0.05230563024476875
24861,0.49067258764618177,0.1414726869663698,0.091603059092213,0.27625166629523545
24862,0.08883195105976742,0.6061906466093092,0.13571316286119298,0.1692642394697304
24863,0.5321211664522965,0.08182206966602579,0.14187114179993912,0.24418562208173866
24864,0.13666276108436196,0.06684882582361391,0.5805889003367521,0.21589951275527194
24865,0.24204716776163712,0.03756366627188562,0.5324650230848347,0.1879241428816427
24866,0.8263576151073232,0.05110462616849523,0.08969319057408401,0.032844568150097515
24867,0.6238157618696036,0.07919698606431974,0.15409710491580705,0.14289014715026954
24868,0.4885854325294494,0.14392893770027163,0.1270160521536403,0.24046957761663862
24869,0.5533299396670234,0.04315817355432527,0.20328488511442658,0.2002270016642247
24870,0.545365688371826,0.06737101972991762,0.24843163762061118,0.13883165427764527
24871,0.19038781692387374,0.0715830339830471,0.467009358802781,0.27101979029029816
24872,0.36894845001440135,0.19529125954030108,0.35158952351426354,0.08417076693103406
24873,0.6884705461625479,0.25095633209877455,0.04012983311530719,0.02044328862337037
24874,0.086420038722703,0.6900676285203181,0.16873401986962577,0.0547783128873531
24875,0.16219810762074716,0.6106356345529669,0.14614041991838808,0.08102583790789782
24876,0.051571382846843025,0.6258963219946141,0.28764087042062914,0.03489142473791367
24877,0.3330941487211651,0.14029252899127537,0.4947234513728883,0.03188987091467116
24878,0.09892937243134202,0.13424615628977873,0.6911273858658469,0.07569708541303234
24879,0.6606733073052385,0.18298783466106225,0.10129919311429027,0.055039664919408975
24880,0.4335973566669803,0.3129966533518435,0.19099168231395106,0.06241430766722517
24881,0.5867721058711162,0.19601529857158262,0.12498928081219696,0.09222331474510423
24882,0.6557491213664106,0.21474446985621512,0.10927308140255154,0.02023332737482274
24883,0.09816735938194422,0.5209554356148249,0.3562460640364479,0.024631140966782962
24884,0.5090171341573113,0.16051480895940734,0.3087660153266754,0.02170204155660588
24885,0.3785042123052441,0.48346430797532997,0.08901931890185608,0.04901216081756985
24886,0.04890537094147887,0.18926787800728062,0.714927574058853,0.046899176992387624
24887,0.22375871759285917,0.6965829373400182,0.06819406683625273,0.011464278230870047
24888,0.23701887109179512,0.49041071586947993,0.23000341419350304,0.04256699884522201
24889,0.10961624750984522,0.3828678123988964,0.46501351831309423,0.04250242177816418
24890,0.21258943508800068,0.2609317195764486,0.3215261754454162,0.20495266989013464
24891,0.22087512149469993,0.0652077166534911,0.032672263558736016,0.681244898293073
24892,0.23304942854568667,0.11441113624876223,0.1983664062261562,0.45417302897939493
24893,0.17661299449827592,0.19164461108094535,0.11469184458729477,0.517050549833484
24894,0.08667853337240827,0.2877775875516813,0.1446425395370298,0.4809013395388807
24895,0.024791731289519354,0.06944188470878501,0.26644407905584117,0.6393223049458544
24896,0.02263544349111039,0.20920603836253365,0.22700332619599972,0.5411551919503563
24897,0.20178495858382858,0.029389742756203173,0.6096682927207709,0.15915700593919724
24898,0.14275223662152525,0.13629616318878124,0.2535750779447083,0.4673765222449852
24899,0.019658020716295337,0.30040427814630616,0.48701570736420047,0.192921993773198
24900,0.050307508010400584,0.08274018711255307,0.3062185580673021,0.5607337468097443
24901,0.31654090803782464,0.02237049569908804,0.25431710096643056,0.40677149529665674
24902,0.2317272071355764,0.05865616966284364,0.13714444936888912,0.5724721738326909
24903,0.3227079597481913,0.048425166625076566,0.08551962990931443,0.5433472437174177
24904,0.03471521221280992,0.30057969033191095,0.014885611629673457,0.6498194858256057
24905,0.08060017149960788,0.08459876551459988,0.6632539432055518,0.17154711978024045
24906,0.11999137812271296,0.025826745785663466,0.3997835148354305,0.4543983612561931
24907,0.1404013867158464,0.03762214217389477,0.029549815196242803,0.792426655914016
24908,0.028959713287678726,0.32635070099857155,0.5247967060907381,0.1198928796230116
24909,0.10262781353331836,0.45179735430827345,0.07489855147355416,0.3706762806848539
24910,0.12079837721789648,0.4208988059228014,0.3583932274553369,0.09990958940396515
24911,0.10672839685633333,0.7464876889670687,0.10475245488084195,0.04203145929575595
24912,0.08195312660805384,0.0997352355020841,0.45695175226465856,0.36135988562520344
24913,0.05986869285101361,0.7396988826950921,0.09878114326469103,0.10165128118920326
24914,0.27748763208012805,0.2129147709975101,0.377247241239784,0.1323503556825779
24915,0.021670324767133806,0.39421232798602457,0.4598145635587025,0.12430278368813914
24916,0.7447991946793235,0.1126107171848521,0.07060443110006999,0.07198565703575435
24917,0.2701524903179572,0.06445262683124069,0.455269574818153,0.21012530803264917
24918,0.24176873774666255,0.1340618571401172,0.2933898667114046,0.3307795384018156
24919,0.04889191107530507,0.26470098973035255,0.567070715394474,0.1193363837998684
24920,0.025161835429157457,0.3736564231081985,0.56683751901316,0.03434422244948394
24921,0.7113992838737625,0.18943803602091255,0.0555195796411621,0.04364310046416277
24922,0.7390115812406092,0.10646867308777094,0.06281926653339864,0.09170047913822116
24923,0.21021575292564038,0.20034832463853972,0.5480632256635473,0.04137269677227267
24924,0.16115886345501507,0.20458915016454812,0.5328692127814844,0.1013827735989525
24925,0.20781112854523576,0.6887784651921125,0.07683326943733235,0.026577136825319377
24926,0.23570786834724594,0.08912345390407128,0.5609286116202101,0.11424006612847262
24927,0.13662141968769498,0.5136655461595324,0.16941052320167754,0.18030251095109517
24928,0.10581146859897132,0.35760492285194845,0.4360830282200218,0.10050058032905836
24929,0.20472256098118422,0.23745285389088977,0.23716435120528798,0.32066023392263804
24930,0.22051212428453432,0.40676191002351686,0.13242428864085232,0.24030167705109656
24931,0.1599872353378657,0.18822409628646988,0.19911572213513432,0.45267294624053006
24932,0.059965390311418024,0.1831799936035359,0.26253593377424345,0.49431868231080267
24933,0.25214128243084405,0.25237543047962535,0.043489297957042955,0.4519939891324877
24934,0.3034681573148772,0.12160253904360932,0.08351773657510736,0.49141156706640615
24935,0.10613965656301559,0.23086629500802838,0.196054064491622,0.46693998393733405
24936,0.28061027820014955,0.3146839499033822,0.15610835603645112,0.24859741586001713
24937,0.1234701179693472,0.5659898040426916,0.1550902741194888,0.1554498038684723
24938,0.4103820298570697,0.09137659787564871,0.15177743329485166,0.34646393897243
24939,0.15529196987295402,0.22122908382504775,0.381239905724724,0.24223904057727427
24940,0.5280469661715768,0.17272894129211794,0.08443981809088652,0.21478427444541887
24941,0.11243520816995999,0.20417215921245294,0.11810713230699525,0.5652855003105918
24942,0.5782878889730877,0.06714417836084517,0.1808137937210191,0.17375413894504807
24943,0.1338482952855428,0.22652109797700248,0.20777125255521137,0.43185935418224336
24944,0.4830993046988585,0.19292854443699387,0.06767960752831673,0.25629254333583085
24945,0.03658322421760695,0.1035073540634636,0.29704106105507594,0.5628683606638535
24946,0.02997532511805454,0.30693793828035365,0.1024848346268416,0.5606019019747501
24947,0.40882945610385474,0.08397317502731746,0.054619314803229436,0.45257805406559837
24948,0.4874072631926635,0.3028044701879162,0.1576786003055529,0.05210966631386738
24949,0.3035386752240254,0.3308912617037814,0.33828359100078953,0.027286472071403643
24950,0.15542525688121742,0.40174181715716956,0.33557730631087845,0.10725561965073455
24951,0.1874622322190882,0.6090578046617269,0.13938328427048194,0.0640966788487029
24952,0.4195581469998417,0.13704319132388104,0.4017930706801803,0.04160559099609713
24953,0.2953491211815516,0.24043493824683615,0.38088943685471616,0.08332650371689618
24954,0.2124860125237238,0.5287738973405441,0.16379130236856085,0.09494878776717118
24955,0.42345697170448215,0.23101548859124352,0.2713093913354319,0.07421814836884241
24956,0.08324917009836402,0.45758974120119245,0.37640385629400774,0.0827572324064358
24957,0.2284273273567773,0.6110382924190855,0.10071746547832762,0.05981691474580962
24958,0.10068302415322525,0.5819005711945948,0.29210015519841376,0.025316249453766156
24959,0.12939420295427603,0.4835859024303707,0.30666465513690916,0.08035523947844413
24960,0.21172386838643675,0.35614552440176167,0.29267635950219706,0.13945424770960443
24961,0.5746794142356463,0.11841562494074576,0.21905000850546716,0.0878549523181408
24962,0.12136898066280676,0.6353315135453016,0.1542999806276041,0.08899952516428754
24963,0.1888534743849966,0.5029656900734372,0.1718077062807083,0.1363731292608579
24964,0.232628990528988,0.3440903566846898,0.32315197377974386,0.10012867900657826
24965,0.1271774890419859,0.6896647501751745,0.14717334206584798,0.035984418716991706
24966,0.10061516972039791,0.44941836632001575,0.4196561363931894,0.030310327566397028
24967,0.5629539430011066,0.10265726953469621,0.2682465812623908,0.06614220620180646
24968,0.2220600773231574,0.42615361880935676,0.29453529308927184,0.05725101077821389
24969,0.16933353216269573,0.6416295336454784,0.07869771571779557,0.11033921847403033
24970,0.34799790761872645,0.4149742767076794,0.13181191990541463,0.1052158957681795
24971,0.30682023926584723,0.49685278332178695,0.14394627392859835,0.052380703483767506
24972,0.1288804913777942,0.48768260597507057,0.2416103654838214,0.14182653716331378
24973,0.153240292104356,0.7724996234849644,0.0580738459774928,0.016186238433186773
24974,0.2564932924983723,0.31054893521334664,0.37436851589833237,0.05858925638994872
24975,0.1927620242940368,0.4163512279968908,0.3435655883639643,0.047321159345108145
24976,0.21759994510968564,0.08449825819320592,0.6249359302677587,0.07296586642934966
24977,0.46955664936897584,0.2652943945405773,0.1428890754490902,0.12225988064135668
24978,0.2819518256376371,0.4551075563464392,0.18429485599242612,0.0786457620234975
24979,0.35445816977998496,0.3792096764152094,0.23522706009822808,0.03110509370657745
24980,0.07170237515568734,0.46911772140958574,0.4159019708898333,0.04327793254489369
24981,0.3004707522920239,0.07545693989656439,0.51938473771958,0.10468757009183158
24982,0.17159505639657843,0.6235244677398397,0.1660726208202326,0.03880785504334928
24983,0.8113771014988915,0.12808377161140752,0.028486402548026334,0.032052724341674624
24984,0.024602103768752336,0.6228518629284405,0.24940291148864407,0.10314312181416298
24985,0.08260609540319239,0.3754617066686509,0.5136689016163349,0.028263296311821732
24986,0.19747408073385092,0.2995510184089078,0.38328290959206135,0.11969199126517982
24987,0.03123277460654177,0.5881793860709338,0.36088904291271656,0.019698796409807914
24988,0.09458459246337701,0.4157578067438807,0.3587333192120829,0.13092428158065939
24989,0.27088704042447304,0.2884298959230187,0.4009247257433765,0.0397583379091318
24990,0.05720225264597667,0.8029406534612682,0.08118707741432377,0.0586700164784315
24991,0.19196010908654015,0.08586168818215867,0.6338250235000722,0.08835317923122896
24992,0.03994141530458718,0.31931934137083184,0.605908777360031,0.034830465964549896
24993,0.45227982434630504,0.354291940141135,0.15964954388316152,0.033778691629398463
24994,0.3659265572231065,0.21994569341371256,0.3337082060518788,0.08041954331130206
24995,0.4403221159473998,0.2105705536342332,0.299533816686604,0.04957351373176309
24996,0.1154180165258658,0.5260816625111778,0.16975002352916138,0.18875029743379496
24997,0.18299780081765255,0.578122059552064,0.1626629359032783,0.07621720372700518
24998,0.3108152328567505,0.13012287983353935,0.43427786114279426,0.12478402616691589
24999,0.1590935140473498,0.6212661655819952,0.09482476683372516,0.12481555353692972
25000,0.11531458190936078,0.3830154067052936,0.3023035439366015,0.1993664674487441
25001,0.10018947545705902,0.6199906865092384,0.21637898479228554,0.06344085324141716
25002,0.08763303280573422,0.13957495665094588,0.704834300359514,0.06795771018380589
25003,0.15196168369476323,0.5276448820862176,0.22344800676950574,0.09694542744951336
25004,0.04158911828094057,0.26805720033461167,0.6015618366680479,0.08879184471639988
25005,0.3201206688902447,0.3542074870350212,0.20042950019199005,0.12524234388274408
25006,0.4832992202278796,0.16244824106594666,0.25214776241041187,0.1021047762957619
25007,0.4083445511594922,0.2872609951203251,0.11902259008442012,0.18537186363576252
25008,0.1275618286422055,0.3085462485721562,0.453619001257163,0.11027292152847529
25009,0.42116563742263513,0.04365902716117917,0.4470549801387694,0.0881203552774163
25010,0.3202738652225396,0.041433751818968634,0.527304519641862,0.11098786331662984
25011,0.12580598830707637,0.6509889098073967,0.18610347287268517,0.03710162901284178
25012,0.055762389637021285,0.5502230439417988,0.14025201613690513,0.25376255028427486
25013,0.37264978921750375,0.05970277174555336,0.37074194657801246,0.19690549245893033
25014,0.11580628392274843,0.26382516881182044,0.5820582851045489,0.03831026216088219
25015,0.4421916761425622,0.23446018365666838,0.2313500757567052,0.0919980644440642
25016,0.08525314282735189,0.6017181511673397,0.0965083867822753,0.21652031922303305
25017,0.061885588460189066,0.3130374534494989,0.5788363564620722,0.04624060162823993
25018,0.6764699750381085,0.1552907932632261,0.08758729967737193,0.08065193202129353
25019,0.18190592507165382,0.6270711539088614,0.11631788683640257,0.07470503418308232
25020,0.4017321965754976,0.11222705825038531,0.16257883938787265,0.3234619057862444
25021,0.3245995574434199,0.16745387084025948,0.2983096136457874,0.20963695807053317
25022,0.09439689020605693,0.31400513240033634,0.3964450203129282,0.19515295708067854
25023,0.040850756200888245,0.23324953907462553,0.6402639768522096,0.0856357278722766
25024,0.44653537769019264,0.07879357629985387,0.404026477372604,0.07064456863734937
25025,0.3331152510490187,0.11216414298973973,0.3489421838232018,0.20577842213803985
25026,0.3848756587438209,0.2780737273274453,0.12005205314547782,0.21699856078325608
25027,0.08507232443246641,0.24258138647529925,0.4388964777686136,0.23344981132362064
25028,0.5539395071091234,0.13066133820948253,0.24663971764098086,0.06875943704041323
25029,0.102865705383607,0.21645169834550224,0.6157153775320529,0.06496721873883779
25030,0.11334505851387978,0.06829965519033539,0.5540873351569705,0.2642679511388143
25031,0.0644104750932011,0.0870616811725631,0.46963283677841033,0.3788950069558254
25032,0.11378886623818868,0.05959888193026639,0.6373462117074311,0.18926604012411394
25033,0.28604866387088285,0.23614805788616425,0.3407282716676437,0.13707500657530916
25034,0.1529533514764044,0.4890286170813243,0.14159313331243728,0.21642489812983406
25035,0.13197580827999114,0.2877035455824534,0.29501403975031115,0.2853066063872443
25036,0.06484086225457425,0.26799949095530184,0.24886162593633485,0.418298020853789
25037,0.09206148458948542,0.61009110240734,0.1599660389587975,0.1378813740443772
25038,0.17927027378135826,0.37598284162875345,0.15155740701103373,0.2931894775788545
25039,0.12366324105764394,0.4470989621828742,0.22520774536015642,0.20403005139932542
25040,0.33431947112053717,0.27630254398781573,0.31697245119936923,0.07240553369227778
25041,0.1139084644383322,0.7072565430447051,0.04092260619828048,0.13791238631868227
25042,0.10745031591425967,0.29727070407142836,0.3766810537343934,0.21859792627991853
25043,0.11358641720858531,0.6435064191246441,0.09843565102078317,0.14447151264598743
25044,0.6073974753989625,0.05339984440179221,0.2729154074973612,0.0662872727018841
25045,0.09256876554035774,0.15105962677862028,0.7066813118709261,0.049690295810095854
25046,0.04982489983804572,0.8676811205193986,0.012366263200473885,0.07012771644208177
25047,0.5298201435231018,0.1430302849981711,0.2058971807697193,0.12125239070900785
25048,0.03597574663436368,0.728009394462817,0.12001389946409252,0.11600095943872674
25049,0.11381096383076597,0.19265831284354482,0.6732584949701844,0.020272228355504875
25050,0.34864349480651724,0.5205036123233219,0.04917453971601056,0.08167835315415034
25051,0.19509307543015633,0.3993757754624657,0.346895046494958,0.05863610261241997
25052,0.19311484624622768,0.6508035038001952,0.0485710304140573,0.10751061953951971
25053,0.25605284496396746,0.275427175613656,0.25118522764959034,0.2173347517727861
25054,0.028093525234283483,0.678470891989625,0.21856878319646117,0.07486679957963047
25055,0.11984568159309483,0.7560335466374948,0.04844694553309378,0.07567382623631665
25056,0.42836390784023043,0.0655216149493755,0.2314801439305865,0.27463433327980763
25057,0.22477839388164841,0.6682177298040332,0.048849901520480986,0.058153974793837424
25058,0.7250768009352186,0.146132450481805,0.07109777921403841,0.05769296936893797
25059,0.7118260456979428,0.04271791885253296,0.12758415347163077,0.11787188197789343
25060,0.14277442701395637,0.39774607793792605,0.39878201507580574,0.06069747997231181
25061,0.05131590943855292,0.587071496303419,0.24870078085497904,0.11291181340304893
25062,0.11255723345751423,0.8120006590942617,0.015840262921483998,0.05960184452674009
25063,0.025474342652542326,0.5827449364339145,0.13525778470450645,0.2565229362090366
25064,0.3058371445816647,0.49074647860381354,0.03330358894433567,0.1701127878701861
25065,0.21292233530079946,0.6142768296052886,0.060577199733808186,0.11222363536010371
25066,0.323215145625278,0.038495339793239124,0.2765670137016716,0.3617225008798113
25067,0.0854957510720297,0.035063317484599406,0.6486963913596722,0.2307445400836988
25068,0.09769454988034246,0.3250583549258863,0.29710126646897334,0.28014582872479793
25069,0.033029064577068966,0.7000663974047873,0.19944977516956625,0.06745476284857756
25070,0.12495583638142783,0.16546662705433196,0.1973938737574185,0.5121836628068217
25071,0.16265875079022754,0.6432987125437535,0.07102752899325723,0.12301500767276174
25072,0.05406523355122408,0.8650797327113682,0.04544811973414156,0.035406914003266225
25073,0.17898286552634013,0.47507242500733626,0.03407101896661624,0.31187369049970737
25074,0.21011312475070876,0.6311505706040892,0.07787861546449414,0.08085768918070792
25075,0.24560537932856602,0.0483110896783528,0.40532802475068885,0.3007555062423923
25076,0.056853814019980096,0.08985289761076859,0.43675022281792325,0.41654306555132803
25077,0.04875807212599119,0.12321341365816858,0.6491343142373827,0.17889419997845757
25078,0.5250433231401552,0.05462061336230546,0.2856363218564828,0.13469974164105664
25079,0.26275215706445526,0.03733342547179761,0.4999662318781742,0.1999481855855729
25080,0.6377288414233532,0.0797258645670118,0.07472973217391345,0.20781556183572156
25081,0.4978338327958849,0.09740432583647304,0.3306244045313729,0.07413743683626917
25082,0.17752014198769464,0.45108893455833854,0.2836521128265593,0.0877388106274075
25083,0.20481968695116043,0.37928767578591244,0.31384332185141245,0.10204931541151471
25084,0.46470040000066803,0.16609633084500508,0.3298064951472094,0.039396774007117476
25085,0.2658659314112878,0.4707272879928792,0.22476866078892155,0.0386381198069115
25086,0.6659379156329595,0.11529846529152286,0.1522575570701496,0.06650606200536799
25087,0.08496848311356868,0.5319175300743906,0.3527112203506886,0.030402766461352183
25088,0.5826175604902866,0.13967495987128267,0.23910430084118556,0.038603178797245154
25089,0.06774788706876157,0.066750420122119,0.8100348692825918,0.05546682352652757
25090,0.41471863649818336,0.29650582756530564,0.2554272376881844,0.03334829824832655
25091,0.3822120550456155,0.24417259720033496,0.2712538722967295,0.10236147545732008
25092,0.2988389365458744,0.31251055063564087,0.11572880327737341,0.27292170954111133
25093,0.6094235241002941,0.09934070661534782,0.20687636435947687,0.08435940492488117
25094,0.09040455178340276,0.10907788912733396,0.7797278875978257,0.02078967149143749
25095,0.11286306880377873,0.40148470060467345,0.4562644023197534,0.029387828271794467
25096,0.14623963304680182,0.4232407934597727,0.20540271592575307,0.2251168575676724
25097,0.10141666263329258,0.13840996996416685,0.714965855023351,0.045207512379189484
25098,0.5037167489422862,0.2168776386796765,0.16920082560072708,0.11020478677731016
25099,0.07322847344495996,0.4909719868320807,0.3941290338862835,0.04167050583667579
25100,0.17795819691047415,0.2193781926207974,0.5460914285867604,0.05657218188196797
25101,0.6436101666872689,0.07840528792641312,0.2600390535744839,0.017945491811833924
25102,0.2286351612960957,0.47302486863629234,0.1570399519181636,0.14130001814944823
25103,0.32559541296552835,0.5189241176009014,0.09146751578458685,0.0640129536489834
25104,0.08286381237988048,0.4247416796140184,0.45860622578657007,0.033788282219531174
25105,0.11787039488618346,0.33835989237686465,0.4868185961735896,0.05695111656336231
25106,0.3771404717765748,0.3558792047869582,0.19397048435275976,0.07300983908370728
25107,0.28514882577754985,0.43887732366031573,0.1579662785353999,0.1180075720267345
25108,0.22924386787154877,0.5127372024550552,0.19609329281890014,0.06192563685449597
25109,0.10186111064827731,0.659677027850407,0.1899294651054777,0.048532396395837944
25110,0.21288210797642274,0.4228914264448538,0.13751704528277342,0.22670942029595015
25111,0.22352093247296617,0.3749589521429339,0.22108146887891342,0.18043864650518648
25112,0.19558452267360726,0.395570490528289,0.2934149998087218,0.11542998698938181
25113,0.527411240299174,0.24348089517745275,0.1699195422614004,0.059188322261972966
25114,0.26614237260065554,0.38250657171335994,0.29118950559184614,0.06016155009413838
25115,0.1400002327671995,0.45721750305908454,0.327943621154188,0.07483864301952788
25116,0.34800977594553173,0.372687744290079,0.16664480214549784,0.11265767761889134
25117,0.5045964278748508,0.3172230250386448,0.14978013909579121,0.028400407990713254
25118,0.43142929142701353,0.2788791820730673,0.201350659961821,0.08834086653809818
25119,0.16607621662550578,0.19697879396176657,0.440649785359075,0.1962952040536526
25120,0.4163922941366815,0.27079745118302045,0.05549395935049954,0.2573162953297985
25121,0.573440609773174,0.11509622603973806,0.16618484343180914,0.14527832075527872
25122,0.5096480754776397,0.16134062479090536,0.2447781631125904,0.08423313661886454
25123,0.5565533027677532,0.04722436634281593,0.3607536083564097,0.03546872253302115
25124,0.32050031035575577,0.06144934107062215,0.5091528663284591,0.10889748224516292
25125,0.8194140639104444,0.07640374233683898,0.04618578822821666,0.05799640552450012
25126,0.049520956632460846,0.6031325734377547,0.20547174766877363,0.1418747222610108
25127,0.423687915409616,0.15353957120930822,0.14000271806295703,0.2827697953181187
25128,0.42136783280874557,0.06424784288904574,0.11528393913260018,0.39910038516960855
25129,0.3465179909987478,0.15768962531904063,0.4756627560383561,0.020129627643855594
25130,0.32605593671687016,0.11401893166837004,0.10896278397942481,0.450962347635335
25131,0.2547763381466602,0.4034797106272916,0.02848438007733663,0.3132595711487116
25132,0.7246695542253689,0.11375731566606842,0.07250555394178047,0.08906757616678218
25133,0.8022793230226012,0.02278402940587681,0.12548748252023798,0.04944916505128405
25134,0.5669901367228976,0.2042491741637334,0.028441002472431226,0.20031968664093766
25135,0.0823649040943552,0.4909155901206082,0.10976732791609496,0.31695217786894164
25136,0.326087923506947,0.29151878464580805,0.2906839357257165,0.09170935612152856
25137,0.17015465681285652,0.5576486376296704,0.10021502169305044,0.17198168386442256
25138,0.18886703284889048,0.4998545195776195,0.1188634554355155,0.1924149921379744
25139,0.13555634092406607,0.4723892948946264,0.23590353554519483,0.15615082863611263
25140,0.05220081812127097,0.07086761357871123,0.7199279759240846,0.15700359237593312
25141,0.4094788583548819,0.25196203597304845,0.23977846396655023,0.09878064170551945
25142,0.5333594380955793,0.3106767603681346,0.03666322815084764,0.1193005733854385
25143,0.1412880077615844,0.20985381807099449,0.3005882228426403,0.34826995132478084
25144,0.20981345330317372,0.4898217142473621,0.07129694453817526,0.2290678879112889
25145,0.6801612816143469,0.15712584608850289,0.02949248447883566,0.1332203878183146
25146,0.20971464752511446,0.6994551105214043,0.01749972373160684,0.07333051822187434
25147,0.20500823344352026,0.1228940388097496,0.515300546048664,0.15679718169806614
25148,0.5996926335457734,0.3166962438240707,0.010342876828467629,0.07326824580168828
25149,0.076287574710752,0.8034119853867566,0.09267295956605621,0.027627480336435115
25150,0.17841510403366365,0.09326325209806949,0.5066516188398683,0.22167002502839844
25151,0.03043742161252821,0.5750967393091222,0.19798265840639415,0.19648318067195547
25152,0.6641734530322073,0.0741420755708639,0.05244444741672938,0.20924002398019947
25153,0.3065800411420011,0.6498123635087791,0.030201278373266402,0.01340631697595338
25154,0.18414088244514504,0.10794863947376693,0.6124275112165433,0.0954829668645448
25155,0.08810250571880729,0.6346448188261461,0.045146562836288845,0.23210611261875772
25156,0.08865850918417703,0.8682393627340762,0.013248481148510906,0.0298536469332359
25157,0.060962332346688,0.5222106340654834,0.09111298381181493,0.32571404977601365
25158,0.6649054082094809,0.16683598005805197,0.09117804500942216,0.07708056672304499
25159,0.07752297027239831,0.36284614777969826,0.0883213827732533,0.4713094991746501
25160,0.14614497698787202,0.12678803683492118,0.439406794691778,0.28766019148542876
25161,0.2275772494329565,0.04088041115730705,0.24630552112128082,0.4852368182884556
25162,0.24509115686390132,0.08156055089831314,0.09550833918571769,0.5778399530520679
25163,0.03284318550603227,0.06805387489445845,0.818883918593902,0.08021902100560721
25164,0.3982824153958818,0.44919264629008526,0.051432640803596816,0.10109229751043615
25165,0.07522735441771933,0.04212106881805952,0.14564932335092784,0.7370022534132933
25166,0.10540105841683457,0.09568242115627568,0.14330899253243654,0.6556075278944532
25167,0.27144668385803644,0.5209319302582632,0.03726525994774267,0.17035612593595775
25168,0.14956773089094194,0.2886986168807642,0.0696827354019644,0.4920509168263295
25169,0.22706341307867428,0.11817561254485244,0.052532733054765926,0.6022282413217074
25170,0.5875215039971312,0.2805018986666117,0.06003254824127486,0.07194404909498228
25171,0.41153773884485256,0.14886116625269594,0.1898207097956693,0.24978038510678213
25172,0.08601669699889541,0.4406548318543175,0.1790687658298901,0.2942597053168969
25173,0.1994095592600804,0.05009165788247206,0.10784266986002042,0.6426561129974271
25174,0.20097328918081692,0.1032826237449478,0.18921547168060335,0.5065286153936319
25175,0.6493757084813576,0.04072156728929088,0.05582582440936594,0.2540768998199855
25176,0.05615452146453739,0.20211920803681957,0.6881665901073251,0.05355968039131804
25177,0.22180299628616496,0.35098999497944344,0.36259878930922296,0.06460821942516852
25178,0.20524126952300303,0.17684838099216732,0.5581352365820643,0.05977511290276528
25179,0.7889679523547571,0.07661509912005869,0.1194141871472398,0.01500276137794438
25180,0.3281572434221723,0.04461011886456733,0.5630481846664135,0.06418445304684693
25181,0.13436235021060292,0.044318390927438896,0.7887814418782135,0.0325378169837446
25182,0.37219751497447273,0.15487589166657992,0.3721838110737763,0.10074278228517093
25183,0.4005970244206234,0.2499228167782606,0.3045877890714017,0.044892369729714346
25184,0.10657413424015655,0.15816990640020667,0.69399579460090155,0.04126016475873518
25185,0.15933405323350017,0.13465795982433162,0.6646984095812505,0.04130957736091764
25186,0.17947555799887308,0.5353794326891405,0.221968345984139,0.0631766633278475
25187,0.38951907561589383,0.35652488648156283,0.14463421068243418,0.10932182722010915
25188,0.0775910337279876,0.051564531832624556,0.8400009384803134,0.030843495959074367
25189,0.5687331681358263,0.12996392103854001,0.23988680329961776,0.06141610752601584
25190,0.6308993938925591,0.29069956567171784,0.03898760439313233,0.03941343604259072
25191,0.053907536288121956,0.7447958760794438,0.16612624380910276,0.03517034382333157
25192,0.27633005819822903,0.2791115988990359,0.35415452981340817,0.09040381308932695
25193,0.44916241897259707,0.29105170989199847,0.19834161886929258,0.061444252266111915
25194,0.1557214852628562,0.36154775278582313,0.45498279256943935,0.027747969381881416
25195,0.08964353501041727,0.08186013705572555,0.25926985563719296,0.5692264722966642
25196,0.07059680082211911,0.23097071153388285,0.12949670144010839,0.5689357862038897
25197,0.08624766312715904,0.4981855781348017,0.05775878159962286,0.3578079771384165
25198,0.1510265247600552,0.33269541278806875,0.027287941334975897,0.4889901211169001
25199,0.29675506411532976,0.09526515388448041,0.40688970174145905,0.2010900802587308
25200,0.06971602787192978,0.3971496767385727,0.09704333407575784,0.4360909613137397
25201,0.17904345172304575,0.03286467664236493,0.2811352162342071,0.5069566554003822
25202,0.40666753764901425,0.10023270669026373,0.13760535596724038,0.3554943996934816
25203,0.46320230521345496,0.31255081956733116,0.06982700306164073,0.15441987215757308
25204,0.09345546087496383,0.0769445181720301,0.3520723529820987,0.47752766797090734
25205,0.1225265679158411,0.195144746855903,0.1964112415361284,0.4859174436921275
25206,0.13532738259545382,0.40946513480192676,0.16664847215876963,0.2885590104438499
25207,0.053602969393355675,0.10147555636659199,0.06169791647281975,0.7832235577672326
25208,0.4098778625501148,0.14834420507240295,0.24152795834587493,0.20024997403160733
25209,0.1564315826415654,0.01724603309818603,0.30191759234756604,0.5244047919126825
25210,0.15491418277905322,0.24605730131768253,0.4192964776186219,0.1797320382846423
25211,0.08001642179936694,0.229075562311228,0.4582357557184839,0.2326722601709211
25212,0.3295128836750472,0.24022616520569007,0.07484697647284966,0.35541397464641306
25213,0.2569813992877139,0.07387451734311486,0.3469791230807866,0.32216496028838465
25214,0.24645627110483964,0.2705332790797411,0.3281026395265415,0.1549078102888778
25215,0.561145089149687,0.23171869221263464,0.06429833842696084,0.14283788021071753
25216,0.3763996969976088,0.4552793889522337,0.04734635794341247,0.120974556106745
25217,0.6074192189682502,0.3246230145168682,0.03163018331525179,0.03632758319962973
25218,0.38094398386695355,0.39899822656357775,0.06702223856014604,0.15303555100932273
25219,0.3221153303933004,0.5438797444342393,0.020455953535734858,0.11354897163672538
25220,0.2323318559796759,0.20340179742192485,0.2813642380280523,0.28290210857034687
25221,0.05757170339445805,0.8224885609818143,0.05193489430745589,0.06800484131627174
25222,0.15664021145369608,0.23328882892757677,0.5707176980088958,0.03935326160983128
25223,0.2322997063763094,0.3153239059439091,0.08847174739811357,0.36390464028166797
25224,0.09241406633866349,0.7789976762496451,0.059093510473470445,0.06949474693822102
25225,0.5126840115625059,0.05675621584818734,0.161327414397346,0.2692323581919608
25226,0.8375968001548233,0.06526230932048388,0.07694880694675961,0.02019208357793328
25227,0.08833000051474629,0.8099222480587056,0.03939413044555972,0.06235362098098838
25228,0.10022947970930077,0.07888452257815289,0.5958550512587956,0.22503094645375074
25229,0.07758933032736129,0.09803078844953685,0.519837169371306,0.30454271185179577
25230,0.1304194372327441,0.19355065921587142,0.62647530633265,0.049554597218734474
25231,0.024274620982130363,0.6259130394140571,0.1904886253624985,0.15932371424131403
25232,0.2663705260990959,0.5186611383519671,0.032932669971051105,0.18203566557788586
25233,0.08790413423705483,0.3092725287484807,0.5713822442093904,0.031441092805074004
25234,0.08508343016535339,0.3538436939575541,0.5468930317930691,0.014179844084023334
25235,0.2428019597067914,0.08227056085714247,0.6286531802751328,0.04627429916093327
25236,0.5034245474425131,0.3403142592874691,0.12706284838333592,0.02919834488668181
25237,0.20101854256412616,0.6664949734482318,0.11072809747966116,0.021758386507980777
25238,0.07439416968924019,0.16943776942597588,0.732631168481387,0.023536892403396844
25239,0.36130800310418437,0.4818634325511513,0.1323715182544867,0.024457046090177608
25240,0.06645496876888805,0.13621232853126528,0.7568101926299201,0.04052251006992658
25241,0.6981754411990934,0.14181853091062013,0.15034082461990378,0.009665203270382757
25242,0.06485267047781552,0.22881616831038712,0.6564883844209581,0.04984277679083923
25243,0.14681351433183154,0.6246846941269049,0.2112907294717628,0.017211062069500845
25244,0.23348407032501728,0.6224816053980953,0.11900346602347382,0.02503085825341364
25245,0.11408245459226789,0.23904600975551482,0.6297420558681934,0.01712947978402387
25246,0.18870102509316763,0.5008391573473056,0.29275503085722665,0.0177047867023002
25247,0.3260135966100296,0.184346641435026,0.4522776744248328,0.037362087530111596
25248,0.3719001025055067,0.2486553078294835,0.3158085275666294,0.06363606209838031
25249,0.1192476747139606,0.7277025596420921,0.1365588269221736,0.01649093872177361
25250,0.17453461838869735,0.6220404242124905,0.17305491785494373,0.0303700395438684
25251,0.07989692042800177,0.3094558432407627,0.5604153318883603,0.05023190444287527
25252,0.6138990539691204,0.1958531395425261,0.07116497783240087,0.11908282865595277
25253,0.19541073429914765,0.455004278628043,0.2100329305980103,0.13955205647479915
25254,0.33541989178267745,0.15988121755319396,0.2014457844403573,0.30325310622377133
25255,0.3909639608945255,0.23777263699500648,0.14149341366218166,0.22976998844828642
25256,0.08562407172152374,0.7277092853891884,0.1268547595205216,0.0598118833687663
25257,0.19994949601730555,0.15340438254267197,0.5641026653676348,0.0825434560723877
25258,0.49654366982288883,0.14269772743188658,0.17364898283200803,0.1871096199132166
25259,0.17122924910179776,0.5774893197765351,0.1591435603963534,0.09213787072531383
25260,0.04075100869592047,0.5938726120059682,0.2311767388840204,0.1341996404140909
25261,0.6411394613661203,0.13464514746922554,0.18722237417612253,0.03699301698853174
25262,0.43961855223930485,0.20882892211280776,0.17588078892406583,0.17567173672382155
25263,0.3215705297202804,0.1187431939356259,0.39474481432353964,0.16494146202055412
25264,0.15537193974363633,0.18204627245113542,0.3669465782704193,0.2956352095348088
25265,0.5457980807986265,0.20908052534238233,0.1415129587071062,0.10360843515188496
25266,0.19365314332671266,0.5087499746869686,0.24600256324111838,0.05159431874520038
25267,0.11637942941193474,0.2359322124904408,0.4854397747078468,0.16224858338977768
25268,0.2697064618113348,0.19746823883249537,0.47732547819734056,0.055499821158829316
25269,0.18975804675696284,0.23720437984858164,0.20756117316696893,0.36547640022748656
25270,0.33775339900299073,0.15819851857807726,0.33236215908502575,0.17168592333390623
25271,0.02605661281905624,0.2005373980879678,0.7082295530555739,0.06517643603740204
25272,0.2315273314070406,0.2924161999379492,0.21038916915321507,0.2656672995017952
25273,0.3080682089462651,0.21170209925755437,0.21986732626639832,0.26036236552978215
25274,0.48877598218330387,0.1848712267731491,0.16084933950402477,0.16550345153952237
25275,0.6684896389920961,0.23914246494374303,0.04000531227629478,0.05236258378786597
25276,0.26281353846592276,0.4718366136723607,0.17186980706016833,0.09348004080154823
25277,0.1399263899014776,0.06649399854013545,0.5571336483285743,0.23644596322981268
25278,0.2777427125112746,0.5815496009695266,0.054672707395659555,0.08603497912353941
25279,0.5888519496968145,0.1070079717059378,0.025204523681150063,0.2789355549160976
25280,0.19998498801599973,0.05119945785652663,0.6767263989163845,0.0720891552110891
25281,0.30097599079559595,0.029187293034442553,0.5766405353968517,0.0931961807731098
25282,0.6445167136486085,0.11412326033089489,0.03130302659765606,0.21005699942284056
25283,0.3191039770132391,0.06432146703025973,0.29761828577605354,0.3189562701804477
25284,0.24010363140686836,0.5217127642306909,0.07345054246942126,0.1647330618930194
25285,0.5269583901466603,0.22971288298697368,0.09830690129193945,0.14502182557442658
25286,0.4597176740577876,0.21637549945492152,0.0735876497468092,0.2503191767404817
25287,0.12603695362468265,0.6736867197660497,0.1175666215282599,0.08270970508100789
25288,0.1943341196752996,0.08643475623758902,0.20441943797806797,0.5148116861090433
25289,0.07854620712745958,0.5642770998918017,0.1794748659331152,0.1777018270476234
25290,0.13230445849792716,0.5780669553129634,0.033125211030975134,0.2565033751581343
25291,0.37783180461741217,0.14023070846987506,0.03299446621198789,0.448943020700725
25292,0.18856468726681921,0.025001947563412723,0.11667336227553354,0.6697600028942345
25293,0.04945073816765728,0.45792140070359183,0.058190107814061365,0.4344377533146896
25294,0.19991884152892453,0.3254457348039795,0.025102353833474773,0.44953306983362123
25295,0.05291437386997849,0.058967009323893635,0.3790695306753127,0.5090490861308151
25296,0.080506864014544,0.776643729709896,0.031157464408105094,0.111691941867455
25297,0.04351625400372117,0.7149634781170864,0.05573632160118864,0.18578394627800382
25298,0.7929840488409892,0.04374849784992973,0.012735376260263704,0.15053207704881735
25299,0.6522022816710068,0.0974630353919799,0.15544301771259597,0.09489166522441729
25300,0.28627402345740277,0.4152032663160695,0.037680826983930146,0.2608418832425976
25301,0.4369715898816616,0.03846327252106353,0.11769067673920316,0.40687446085807166
25302,0.6778688220324512,0.035759500631452425,0.057671677194512945,0.2287000001415834
25303,0.03555365936588609,0.6450860120066294,0.1603643319230024,0.15899599670448206
25304,0.017988932950525744,0.059969556191692655,0.7085154459075016,0.21352606495028
25305,0.8928060594352993,0.03278908916548523,0.031901742369363204,0.042503109029852264
25306,0.20744838041675326,0.35905567902314334,0.021373701833174368,0.412122238726929
25307,0.09066715812003365,0.27189904381578556,0.06263787983125309,0.5747959182329276
25308,0.16817457966882093,0.7185164121291236,0.02507196315702441,0.08823704504503109
25309,0.16168007185454208,0.175557182235874,0.28363133102776666,0.3791314148818173
25310,0.35645548476124717,0.30289108688605754,0.1287850186434048,0.21186840970929052
25311,0.5706981184080617,0.14828779045301954,0.2107413128190266,0.0702727783198921
25312,0.19935165842675645,0.1837722987908109,0.5467181482821342,0.07015789450029845
25313,0.3078758145550622,0.11610200025484296,0.27919109622902344,0.29683108896107147
25314,0.4607046492768087,0.15714491238500808,0.06156343657763093,0.3205870017605523
25315,0.49440221758922964,0.1854748444830178,0.2553599456543502,0.06476299227340222
25316,0.20258350566059108,0.1747366952890185,0.22449577484468078,0.39818402420570964
25317,0.39471635121682985,0.15813331894575205,0.27350164852502035,0.17364868131239775
25318,0.6590421513537839,0.1062865090707176,0.11960595974234554,0.11506537983315307
25319,0.17306923491748177,0.6909402714294858,0.08650003579168851,0.049490457861344025
25320,0.12136625121529539,0.12634984525629894,0.6158565241735054,0.13642737935490032
25321,0.14363919891776553,0.17715406168244557,0.49264493306279283,0.18656180633699607
25322,0.5673187918969818,0.11160426555030385,0.28481463007924507,0.03626231247346931
25323,0.3160570361145688,0.09466386989144152,0.4492003783665001,0.1400787156274895
25324,0.3838726902130588,0.32139011505913995,0.11684862120860398,0.17788857351919735
25325,0.17160401208427217,0.428522381696913,0.1753496346247461,0.22452397159406876
25326,0.1473061167679096,0.09687895328386747,0.36873255107359454,0.3870823788746283
25327,0.1455303837384847,0.40864670984784773,0.21362176723443144,0.23220113917923624
25328,0.08998780170395329,0.054692726546877096,0.6101043785232996,0.24521509322587004
25329,0.5281104044959548,0.04352699213340257,0.06045127593984022,0.36791132743080235
25330,0.02795712750827131,0.21615485400349116,0.3838793492806544,0.3720086692075832
25331,0.11536100137477949,0.43132745361132924,0.022788871682964205,0.43052267333092703
25332,0.2246513648697074,0.2795405431171761,0.03916393434255588,0.4566441576705606
25333,0.13181469690645303,0.24075018084680727,0.051988982962826405,0.5754461392839133
25334,0.24690206258320618,0.39624215117152595,0.013411149578263474,0.3434446366670044
25335,0.020099399800696992,0.2832688691748005,0.1733833469448743,0.5232483840796283
25336,0.028639215945817583,0.29357848902747935,0.43189588139860763,0.24588641362809552
25337,0.05779813516051129,0.02767404477849256,0.42761054850544183,0.4869172715555543
25338,0.05434090531586616,0.09731792596875687,0.5410639875871328,0.30727718112824426
25339,0.5114685505556933,0.04381603570582588,0.3032295607879863,0.1414858529504945
25340,0.07252195149847726,0.7440474081665568,0.054331235241935505,0.12909940509303036
25341,0.02068235746429067,0.7552256767955723,0.03509469710169994,0.1889972686384371
25342,0.032242570157729425,0.325184756180504,0.3766411418359867,0.26593153182578
25343,0.1291595979889987,0.35869207804450753,0.4462228152551251,0.06592550871136865
25344,0.16302038067608288,0.13752015330494652,0.44664981724429487,0.2528096487746757
25345,0.09184104708330311,0.36360395915464855,0.20555478082910494,0.3390002129329433
25346,0.4080788618479792,0.036245307450209256,0.18193978404722963,0.3737360466545819
25347,0.3690460544017156,0.4367804996098413,0.0512506211947865,0.14292282479365667
25348,0.292459511435964,0.08669841491434649,0.058360607766095564,0.5624814658835939
25349,0.06819822457905363,0.12421565850829608,0.48239840112249527,0.325187715790155
25350,0.3823285676250749,0.2061854270716677,0.062192181112945354,0.34929382419031213
25351,0.13189910572463626,0.14715268365430612,0.25497703247028164,0.46597117815077604
25352,0.2632852794080315,0.12621134322545274,0.09516672625578738,0.5153366511107283
25353,0.08904279327826181,0.0656715286986261,0.22800154768985395,0.6172841303332581
25354,0.41446916026859404,0.05122004205943982,0.40067958259706304,0.1336312150749032
25355,0.1179585291275819,0.339541238758579,0.026205465204989953,0.5162947669088491
25356,0.03693446130305754,0.30143735724968895,0.057792977486399603,0.6038352039608539
25357,0.17818082813003328,0.2795663930310143,0.41612552083577053,0.12612725800318186
25358,0.5054319913863565,0.10081937729480413,0.147783286593527,0.24596534472531245
25359,0.3334235889589718,0.07414425675442314,0.4829660938983182,0.10946606038828698
25360,0.06493796703320223,0.19944899930816917,0.34996431951591256,0.385648714142716
25361,0.152012555283628,0.12579786080752292,0.41831917787608974,0.3038704060327592
25362,0.025554961386917648,0.06469927776970903,0.41093925839498396,0.4988065024483893
25363,0.14751283741342294,0.11519645389334421,0.21328951711564392,0.5240011915775888
25364,0.05509014705211726,0.08548119816960989,0.3377953244510718,0.521633330327201
25365,0.2293974443610771,0.03699283947649389,0.11437451081447009,0.619235205347959
25366,0.10467631003597154,0.342931434935315,0.2398610375543301,0.3125312174743834
25367,0.045643372250154766,0.5127848240098828,0.29069056562862444,0.15088123811133802
25368,0.509009093873423,0.266047538854544,0.1540713350781841,0.07087203219384892
25369,0.29491050480734754,0.13555715423348375,0.45165552044170293,0.11787682051746586
25370,0.1708624513872955,0.2706771277581727,0.26981501384435896,0.2886454070101727
25371,0.09705055300956925,0.628593957110745,0.11893781360930707,0.15541767627037867
25372,0.26897290370579063,0.08475575614822205,0.5144482873006826,0.13182305284530477
25373,0.06953126522820381,0.6169164934057234,0.18838858434315253,0.12516365702292037
25374,0.06143553419521304,0.4061122746628436,0.43935066531424655,0.09310152582769672
25375,0.18176348319108326,0.6534031862982241,0.08814901846150719,0.07668431204918541
25376,0.16443374094211258,0.19697164923782465,0.4125439518121536,0.22605065800790922
25377,0.11250830145103127,0.4429688682208653,0.2686892745357914,0.17583355579231202
25378,0.4328359902266063,0.20937387888208958,0.24035541935788557,0.11743471153341857
25379,0.18674961764329914,0.6065195750795498,0.1546101425435794,0.05212066473357159
25380,0.1428620613358627,0.6301457690164817,0.1285217248022927,0.09847044484536299
25381,0.09749323870656962,0.5129712133591157,0.121538556736835,0.2679969911974798
25382,0.4049147042860455,0.19893532922214932,0.2071812254053222,0.18896874108648298
25383,0.06467603027241312,0.6354751778587989,0.23623184286243126,0.06361694900635671
25384,0.05621293997966116,0.14590819776333283,0.6686173373442481,0.12926152491275794
25385,0.05533991498088244,0.15042182217528952,0.7374949096369182,0.05674335320690995
25386,0.3880053729638019,0.13459954989759115,0.3962559174471382,0.08113915969146876
25387,0.35894555781616794,0.1475904662848249,0.3104903368884776,0.18297363901052954
25388,0.14248454872269906,0.13421491787156112,0.7081574217787115,0.01514311162702829
25389,0.13794201554373997,0.5217401282050145,0.26869320394232876,0.07162465230891676
25390,0.050950967696154995,0.10264617244320436,0.8247609760060317,0.021641883854609027
25391,0.339821930654601,0.20966039345347331,0.35865174302309816,0.0918659328688276
25392,0.1032410154993715,0.10817861708300484,0.7470460618029171,0.04153430561470652
25393,0.13201424462674702,0.5451164875506047,0.2827113928020304,0.040157875020617906
25394,0.03919925957923342,0.10354609458521144,0.8486998378098273,0.008554808025727853
25395,0.06314565684408226,0.19326794459772684,0.6401580014776853,0.10342839708050565
25396,0.09567720776370317,0.7344388869068658,0.13488035727164754,0.03500354805778347
25397,0.10554388355225988,0.10536305010591614,0.7457194226067861,0.043373643735037916
25398,0.22649551975715115,0.17633890319363887,0.5359469722163187,0.0612186048328912
25399,0.2311444965040839,0.22743754368224905,0.43587356150978,0.10554439830388695
25400,0.13570922048422995,0.6165759076057824,0.193566342154901,0.054148529755086626
25401,0.0888955600337401,0.15008663554302468,0.7017947286327981,0.05922307579043703
25402,0.3136658132241,0.31500556358148235,0.2876492326955975,0.08367939049882009
25403,0.14086442454880174,0.26055954323570163,0.5716044704437977,0.02697156177169893
25404,0.2597733216456336,0.25180507287096626,0.08361464008401305,0.40480696539938715
25405,0.4242132132967092,0.3995870780246273,0.07989793181452917,0.0963017768641343
25406,0.046223114165156703,0.3891111881059726,0.07660181562640439,0.4880638821024664
25407,0.2616028799986854,0.08166154644395898,0.24152643130013834,0.4152091422572172
25408,0.17494637902394367,0.4785769223053003,0.07138626742088848,0.27509043124986754
25409,0.11490490474322144,0.11115800862273756,0.5724949346799983,0.2014421519540427
25410,0.023836598874717545,0.2716961969870326,0.3732820133173719,0.33118519082087794
25411,0.11244252565741462,0.09335494923615345,0.12274184658900159,0.6714606785174303
25412,0.6000130768732815,0.11144259950268885,0.1282430827617115,0.16030124086231812
25413,0.6588087949110851,0.109064096092361,0.09583522101429652,0.1362918879822574
25414,0.06405187437427946,0.04915227596924523,0.7784772922567558,0.10831855739971957
25415,0.0672484860898798,0.17245445038437762,0.3007072855465735,0.45958977797916917
25416,0.12011663997092482,0.23930789463287946,0.17586910674580536,0.46470635865039034
25417,0.05620535085428291,0.19733078752844466,0.6595459611246935,0.08691790049257879
25418,0.03350552951658995,0.5932693326858908,0.06546504946453847,0.3077600883329809
25419,0.27505367539655756,0.3385634307998744,0.3082923146748369,0.07809057912873107
25420,0.0717693717015699,0.31012869885177674,0.1787699179229063,0.43933201152374707
25421,0.37083813782218683,0.3698390401643591,0.21112133285379958,0.04820148915965455
25422,0.4497728836954275,0.079305142751007085,0.045431752146177645,0.42549022140738785
25423,0.5953741115922403,0.05162303558507499,0.24457512573569273,0.10842772708699205
25424,0.10232894319328772,0.1161650870093505,0.5728628510966651,0.20864311870069663
25425,0.13281670056534864,0.062292279305290923,0.6541104623565356,0.1507805577728247
25426,0.1229404982607338,0.5936749794239115,0.0695540739140078,0.213830448401347
25427,0.08536900970352579,0.17638835757443094,0.4597530602035208,0.2784895725185224
25428,0.06446473049162378,0.03305394816987971,0.7268172313689389,0.17566408996955749
25429,0.47997331455804965,0.04936341145499676,0.22589543193509468,0.24476784205185884
25430,0.658947584876295,0.057427632142384374,0.19177121321545393,0.0918535697658666
25431,0.0692886328898356,0.6242027495522531,0.18615857738516178,0.12035004017274965
25432,0.25794993635468594,0.08905234140532915,0.3670706815538143,0.2859270406861707
25433,0.0667098707547669,0.07496258125006153,0.5677560766234805,0.29057147137169104
25434,0.33564872867466966,0.07546600274247015,0.3188078053208508,0.27007746326200954
25435,0.42707117246565746,0.3035019609136965,0.16084320520359474,0.1085836614170513
25436,0.16775724954313215,0.5175724525074478,0.04943493374191371,0.2652353642075063
25437,0.425594893651507,0.3073209805653177,0.13143785162705537,0.13564627415611988
25438,0.24972234643559246,0.12050327533021808,0.5722589313666255,0.05751544686756386
25439,0.22477791856897197,0.048978777937946416,0.47861097589682805,0.24763232759625356
25440,0.040404112953815824,0.03816149782680982,0.6780049404042031,0.24342944881517123
25441,0.36725128604668317,0.17330193129839658,0.20109122525502476,0.25835555739989546
25442,0.0490166706316998,0.03227578434638339,0.7770220353452403,0.14168550967667654
25443,0.4856163022871017,0.20019813773546763,0.04466445172926638,0.2695211082481643
25444,0.0695483964112893,0.16884192422072677,0.3124802445558301,0.4491294348121537
25445,0.10770734820862218,0.5987517222189314,0.16808949757879763,0.12545143199364883
25446,0.6408219515241755,0.0955811893226271,0.033297099391512715,0.23029975976168465
25447,0.15574927335317365,0.32852033194491154,0.07886198506966352,0.4368684096322513
25448,0.31986239753515544,0.2974387640270711,0.06970961736002057,0.31298922107775284
25449,0.10710440334245894,0.5321276955530378,0.07640582422245874,0.28436207688204446
25450,0.6663026430430501,0.15504542344219432,0.07899270653405814,0.09965922698069746
25451,0.3003406476539253,0.5552057398609874,0.09266789966066814,0.0517857128244192
25452,0.7019215355394514,0.1445955105134226,0.029542680814295452,0.12394027313283056
25453,0.13700209583083287,0.09902913890503845,0.15841235874047876,0.6055564065236498
25454,0.18743604330486405,0.21344508844403146,0.37148322246932647,0.22763564578177797
25455,0.320998797438603,0.22355928656241725,0.058550419782447925,0.39689149621653186
25456,0.21640171491071913,0.1650893453443315,0.27785801093864443,0.34065092880630493
25457,0.12333084614472406,0.1418632582446951,0.4982796616073451,0.23652623400323575
25458,0.4121674877833438,0.22286170199398164,0.1591171883942988,0.20585362182837566
25459,0.7580050670106676,0.06846824272590214,0.09782290602164799,0.0757037842417823
25460,0.07999704683453167,0.3371152789214133,0.5023931165697364,0.08049455767431854
25461,0.019924617571980573,0.08787887256935654,0.5189556957556325,0.37324081410303045
25462,0.23558159080274346,0.3641538519910329,0.034953002105875694,0.3653115551003479
25463,0.22303335910663188,0.08739599190446636,0.23897529119039862,0.4505953577985031
25464,0.02782587042142547,0.45796872199288374,0.28535654273239414,0.2288488648532967
25465,0.7210577446048694,0.14619510574952088,0.056955410753374194,0.07579173889223553
25466,0.09379474430992402,0.2013274506853946,0.6052288139460074,0.09964899105867406
25467,0.23063001216728973,0.2159860877821314,0.07645842672500183,0.476925473325577
25468,0.13697144850767984,0.31494317238137076,0.30100125690569196,0.2470841222052574
25469,0.12122507894265169,0.6454468156830823,0.03199811789970469,0.20132998747456132
25470,0.06983676619824504,0.19565228466203433,0.6587509649298113,0.07575998420990936
25471,0.03398006113016908,0.4172548869915354,0.02611751941566724,0.5226475324626283
25472,0.12429673016940222,0.2710700212275187,0.16970966966586642,0.4349235789372126
25473,0.40216388474381876,0.17848310445512167,0.21055830970081407,0.20879470110024556
25474,0.05916090499649972,0.6724197640923234,0.02889982245216177,0.2395195084590151
25475,0.15011248660955184,0.5069098764625372,0.08305443431093693,0.2599232026169741
25476,0.1753042782155463,0.33603046789709695,0.02068815983877898,0.4679770940485778
25477,0.13958069595342212,0.0995814915529357,0.34743620676083037,0.4134016057328118
25478,0.07488402207274694,0.4235982907153392,0.028540147227539524,0.47297753998437425
25479,0.02365623396598785,0.020098404800014718,0.9157720044910559,0.04047335674294151
25480,0.4256935936349286,0.07567255303896142,0.23050384423174797,0.2681300090943619
25481,0.18781666149777404,0.568682190599101,0.10141778605660827,0.14208336184651676
25482,0.4228357839187867,0.1711538003618029,0.23291571239640027,0.1730947033230102
25483,0.10597480591412353,0.4020640653076335,0.4316141053636245,0.060347023414618436
25484,0.15658021497711375,0.08282562517570781,0.37230356251153207,0.3882905973356463
25485,0.49726745811448175,0.23221070865036897,0.13816124560004414,0.13236058763510525
25486,0.15279856299171957,0.14721604456242338,0.553124340038146,0.14686105240771094
25487,0.17283743588506933,0.39591606272459495,0.1053056856933859,0.32594081569694977
25488,0.5531947827892916,0.05132589715294574,0.11572822726815524,0.27975109278960747
25489,0.2453654722533151,0.2935445773132231,0.29074935862084456,0.17034059181261726
25490,0.2881270519910908,0.12262259727563574,0.5005725191986137,0.08867783153465973
25491,0.1756292810356162,0.35306157497454715,0.15232991320874242,0.3189792307810943
25492,0.4960495250229423,0.1385918433524059,0.2004843303263714,0.16487430129828043
25493,0.03609836263676559,0.046882869190778394,0.3429240160897594,0.5740947520826966
25494,0.35600384429006254,0.4035056007570874,0.08799479647677998,0.15249575847607005
25495,0.36504910136955737,0.12286247737071171,0.3797477479409105,0.1323406733188205
25496,0.17615095853628518,0.22928118080523607,0.5331752334481008,0.06139262721037789
25497,0.0636226130034942,0.12510775280400654,0.6523064052573361,0.15896322893516332
25498,0.6732106997166543,0.04810377627709111,0.09398086347238048,0.1847046605338742
25499,0.04779872288889233,0.27150266120195804,0.6034767181938345,0.077221897715315
25500,0.5427840319744586,0.06423430816847282,0.23169482797171134,0.1612868318853572
25501,0.12688198548854132,0.42799248007009877,0.24179347411279176,0.20333206032856818
25502,0.3261901954957297,0.2133732366148629,0.41061209661674064,0.04982447127266671
25503,0.07324994860618692,0.1154856881025829,0.585392567741098,0.22587179555013218
25504,0.157415200468068,0.7282127277234351,0.061957409872517175,0.05241466193597963
25505,0.09956925762422289,0.4279908306800252,0.26716233875678963,0.2052775729389623
25506,0.15441867268530846,0.21218010663099154,0.4751627310102154,0.15823848967348467
25507,0.11286045014418068,0.3399890594816875,0.20276777062903864,0.3443827197450933
25508,0.03476878821832778,0.7744546696143724,0.16554535596165262,0.0252311862056472
25509,0.3404384564725743,0.1436078359196403,0.38697785707371885,0.12897585053406657
25510,0.2661488940163789,0.16836711432019563,0.36227892773864595,0.20320506392477952
25511,0.4860360100540756,0.09445067237001172,0.16966576439035594,0.24984755318555663
25512,0.4217900061374275,0.23395402808561383,0.2729935464977729,0.07126241927918582
25513,0.10198730906065326,0.23182798331266907,0.28622535452120706,0.3799593531054705
25514,0.11561612811159053,0.24847690730362745,0.47191914801699764,0.1639878165677843
25515,0.05709672146726048,0.5255522636138591,0.1599477278318729,0.25740328708700755
25516,0.13884430873065723,0.5556924355727976,0.13433492629336974,0.1711283294031755
25517,0.41702665648868203,0.20315668676657475,0.13871634368921343,0.2411003130555298
25518,0.3786054821574953,0.1879298928814994,0.34425071319177414,0.08921391176923116
25519,0.08389385218975205,0.6880981651194951,0.18890784601897398,0.03910013667177891
25520,0.1087468183740074,0.4858321713173318,0.36839532132337893,0.03702568898528189
25521,0.31634245139970013,0.4334733338770313,0.0938172899662285,0.15636692475703995
25522,0.05752749890168463,0.8159634438017759,0.03021620025816653,0.09629285703837293
25523,0.7874471348374731,0.035006085024074145,0.08064027698380988,0.09690650315464291
25524,0.15652392171774224,0.25269964849533033,0.4878566596983929,0.10291977008853449
25525,0.5427498944786919,0.15761999106121063,0.14872209874423345,0.15090801571586399
25526,0.21212353384015034,0.6837822281882244,0.03629988844589886,0.06779434952572624
25527,0.2942861393852561,0.2774401586528059,0.13830321571693546,0.28997048624500255
25528,0.49512445817486544,0.08164996827343617,0.3707935303741005,0.052432043177597934
25529,0.526319245336466,0.12152008193651688,0.2581100064600611,0.09405066626695606
25530,0.2201574165582835,0.5071971139140636,0.11390285515883639,0.15874261436881643
25531,0.019401354080352356,0.08534557613843839,0.8718775847647298,0.023375485016479448
25532,0.08810970875843557,0.5908637094481568,0.2877921336622246,0.03323444813118297
25533,0.3773585403565674,0.06960056573888365,0.4883654393427427,0.06467545456180623
25534,0.08136764202544425,0.7721068253741794,0.07224246077023613,0.07428307183014021
25535,0.29242699674970146,0.5943383168840802,0.031145385100553497,0.08208930126566477
25536,0.06266094639503342,0.34034514582192354,0.5114690593219384,0.08552484846110471
25537,0.04762252340642723,0.35271535143732574,0.1794765577712529,0.42018556738499413
25538,0.6113905592547083,0.061184059007114995,0.10015955838681995,0.22726582335135673
25539,0.33884616133016726,0.23254509787466715,0.29357454042651737,0.13503420036864824
25540,0.08643872973938353,0.06133017038119009,0.6348230621702022,0.21740803770922412
25541,0.16041917906111566,0.3668610340129949,0.42005169027645106,0.05266809664943842
25542,0.0583754145527095,0.48926337833366784,0.10767264019423514,0.34468856691938743
25543,0.24804649279269267,0.13220263073580532,0.37856494443659916,0.24118593203490285
25544,0.24461351210902513,0.439188476819407,0.03448564198268641,0.2817123690888814
25545,0.20980524225178981,0.38359291033449194,0.1916585107155441,0.2149433366981741
25546,0.21170973758329303,0.5419904660795994,0.09697450069572677,0.1493252956413807
25547,0.08920193248076715,0.21237952214562533,0.5575326305856814,0.1408859147879261
25548,0.11364710133006463,0.3008926186637938,0.20615273970902737,0.3793075402971142
25549,0.09107388882321882,0.08636303942306171,0.3543796633611367,0.4681834083925828
25550,0.1892500108422128,0.06484004868513499,0.07636855044443319,0.6695413900282191
25551,0.11116495784310644,0.2171602031959498,0.05592868520730857,0.6157461537536352
25552,0.14849864904578208,0.5224153239603426,0.11123040489508737,0.21785562209878792
25553,0.08673823715277036,0.4726878543493014,0.27720524408017033,0.16336866441775785
25554,0.08280702670767412,0.6934020433825171,0.03749418657022038,0.18629674333958837
25555,0.4476876528125339,0.2216303865307702,0.04310086109606425,0.28758109956063166
25556,0.1736455670338144,0.6718747789720444,0.11703483337336372,0.03744482062077748
25557,0.4098623926164967,0.3009456693471862,0.22727524816831246,0.06191668986800463
25558,0.5111173209718185,0.1765043966063626,0.11137817538049359,0.20100010704132523
25559,0.5873266076554903,0.16820860368457452,0.22058845013227832,0.02387633852765686
25560,0.2993034921010209,0.4846446688893685,0.10799591751123468,0.10805592149837583
25561,0.22266522511382117,0.5301461569297332,0.14344777676899131,0.1037408411874543
25562,0.14905529354754624,0.36186620183046286,0.37555542176697826,0.11352308285501266
25563,0.5365063252791255,0.09205609634469462,0.3420680767590144,0.029369501617165495
25564,0.06831072518196568,0.12195872363650781,0.7681112892865789,0.041619261894947586
25565,0.5510470101118748,0.061817074051273915,0.20656729689258996,0.1805686189442612
25566,0.11110495513439503,0.549354785099861,0.13232919229207132,0.2072110674736726
25567,0.030325484201935114,0.6255907462294429,0.2726107982525949,0.07147297131602708
25568,0.5583685378009573,0.2556524741304963,0.14985784465464372,0.036121143413902636
25569,0.24893906677355643,0.08589909123703042,0.652884890089881,0.012276951899532092
25570,0.296118017753545,0.3129888771931797,0.30270778914368585,0.08818531590958936
25571,0.2718892650702887,0.39491004535816954,0.12441033787666944,0.20879035169487223
25572,0.6991331686038357,0.13759600836463506,0.0718234701011876,0.09144735293034165
25573,0.2882299731303321,0.5232763329766592,0.11928506244892544,0.06920863144408332
25574,0.08340418276198192,0.04781174112288746,0.7426737086061469,0.12611036750898377
25575,0.366335602107558,0.31338366728984973,0.22493700999085806,0.09534372061173421
25576,0.2755715901266093,0.28738689178448223,0.32610718132317623,0.11093433676573233
25577,0.3841964899146822,0.18088189221514597,0.18949416812298034,0.24542744974719155
25578,0.2670569773318921,0.49971691459927225,0.09900407709781325,0.1342220309710224
25579,0.6683654826879034,0.2320872074100981,0.03847835431480663,0.06106895558719187
25580,0.4247456642399894,0.25885555015563966,0.18918051157172522,0.12721827403264574
25581,0.570049814698116,0.17474976534533448,0.06568080101126159,0.18951961894528804
25582,0.07439812735780338,0.44032616259666574,0.09707029918702424,0.3882054108585067
25583,0.30530890036235264,0.17405679501361893,0.49182168658084335,0.0288126180431851
25584,0.19134567361262908,0.47682502368868174,0.1121229042151703,0.21970639848351883
25585,0.08213844950723648,0.5503208024421268,0.08876223299519222,0.2787785150554445
25586,0.08387772538964973,0.23765170121484336,0.6478347876115297,0.030635785783977184
25587,0.5987128504235754,0.26370938391044524,0.08976975939964069,0.047808006266338764
25588,0.3981281883601039,0.31159304397144144,0.09610074944741093,0.19417801822104366
25589,0.49146164124831393,0.3079065202339912,0.10477105441233499,0.09586078410535993
25590,0.1580894768079029,0.5378760949649916,0.06588522642264003,0.23814920180446555
25591,0.2117180748404303,0.4736426338770652,0.0771061046392928,0.23753318664321163
25592,0.42557436704464324,0.4482295153125697,0.05543496918325049,0.07076114845953661
25593,0.15922947281809977,0.5309721097216391,0.19939054273878254,0.11040787472147864
25594,0.389075542976597,0.40167821106586915,0.13646180579060607,0.07278444016692784
25595,0.5887150246116404,0.2753034627646888,0.09236542281675017,0.04361608980692066
25596,0.02073116000129711,0.021723538051809203,0.8885484688845166,0.06899683306237721
25597,0.5049085052557993,0.11503226524039628,0.09415435470056846,0.28590487480323595
25598,0.5382414275783542,0.25285676599334894,0.0866925197983781,0.1222092866299187
25599,0.1800397566431651,0.09691793193803869,0.6526781823165457,0.0703641291022506
25600,0.06821819864252625,0.07683987206480182,0.7963116606260618,0.05863026866661007
25601,0.6942750198722148,0.03124726312405363,0.24630144954796324,0.02817626745576828
25602,0.49626488072119823,0.08446221823591656,0.14891098053916293,0.2703619205037223
25603,0.8619700941917449,0.0843524443702005,0.037641474582232395,0.01603598685582229
25604,0.07862390832431904,0.8299876389463354,0.08230996443214182,0.009078488297203723
25605,0.04304156920638806,0.07814306723993936,0.48238990576185053,0.396425457791822
25606,0.08302093374358198,0.82754378645986,0.06333665593985051,0.02609862385670741
25607,0.6415762960120307,0.2276223766055107,0.05614739547766579,0.07465393190479279
25608,0.16478009500537907,0.2882355743399233,0.3592109787036299,0.1877733519510677
25609,0.7798777682283669,0.07994343377170056,0.09099153469775893,0.0491872633021736
25610,0.5429087021293849,0.18337448407086815,0.10890873516684185,0.16480807863290503
25611,0.12012226567390637,0.2853924339057845,0.5561797869913898,0.038305513428919476
25612,0.10305565488523345,0.20743423420686596,0.6543836443760985,0.03512646653180204
25613,0.4339222857951194,0.2710292155819129,0.19887315737477296,0.09617534124819477
25614,0.4151769584292915,0.2378453663331736,0.21933063478920228,0.12764704044833267
25615,0.31433879452272895,0.3801977337789535,0.1644819660656006,0.14098150563271694
25616,0.11484484469923845,0.47630858904183643,0.30426044605257585,0.10458612020634933
25617,0.49115199006881277,0.25523951090753366,0.18786057931600486,0.06574791970764876
25618,0.18435901917785708,0.27001230020190403,0.493815155246401,0.05181352537383792
25619,0.10165766424740601,0.2009930101399287,0.5142759053893746,0.18307342022329057
25620,0.08888220016562606,0.19216132857116422,0.47126162624905,0.24769484501415978
25621,0.10137451792656339,0.15390776832032127,0.6386271894133281,0.10609052433978729
25622,0.2597948308705251,0.334757636603484,0.271062484297032,0.13438504822895905
25623,0.15739788984432168,0.5716210841190335,0.148066952149361,0.12291407388728394
25624,0.14463900032314322,0.394878329064811,0.3140096711550244,0.14647299945702133
25625,0.08333816682678671,0.42197373414638417,0.26340586531514504,0.23128223371168408
25626,0.1072639101093875,0.6572089581006368,0.1618820894563993,0.07364504233357641
25627,0.16262078680137237,0.5843358240071636,0.11848438507295934,0.13455900411850477
25628,0.11233571970165211,0.5831045065436601,0.17376313304597318,0.1307966407087146
25629,0.4228696081875015,0.28219870285248805,0.251749574952403,0.043182114007607304
25630,0.11762473834732567,0.7154124334485321,0.07818521169424575,0.08877761650989645
25631,0.13064693053084267,0.37790728709510674,0.3303051535872543,0.16114062878679622
25632,0.0842176514867244,0.6933697149415684,0.1889742772668872,0.03343835630481999
25633,0.0339063758933868,0.22278732999131096,0.3854783234284648,0.3578279706868376
25634,0.4712072701950073,0.2253571051738527,0.08700367116610208,0.21643195346503788
25635,0.711737859458963,0.1148662464140791,0.04312922084853339,0.13026667327842456
25636,0.5880040033929613,0.09330346736256281,0.17134715283923677,0.1473453764052391
25637,0.2652892761138773,0.2189972199432942,0.2730751141539158,0.24263838978891275
25638,0.33792641018533126,0.18868337402847693,0.04633288427584011,0.42705733151035163
25639,0.1488906501822472,0.5962006075996823,0.07011483730528092,0.18479390491278969
25640,0.30670672407436694,0.06955055116628572,0.3464992562433765,0.27724346851597076
25641,0.3130741628554167,0.34210236449008335,0.27057501963145153,0.0742484530230485
25642,0.018089815990514006,0.6406357183560575,0.10708988529923295,0.23418458035419548
25643,0.08100582777559441,0.8084863082427641,0.03847873633090889,0.0720291276507325
25644,0.6477421303678599,0.07629571237574699,0.12054274085184186,0.1554194164045513
25645,0.030552485567927938,0.8849057474865015,0.04594691501572632,0.0385948519298442
25646,0.24873295906615314,0.14016870737451975,0.5333541230938628,0.07774421046546427
25647,0.19452543790017626,0.166482092242592,0.40895412089866956,0.23003834895856223
25648,0.1643650739876596,0.08444930962043277,0.410884877323722,0.3403007390681857
25649,0.1063943220600707,0.7349592450574696,0.08467208344916008,0.0739743494332997
25650,0.032177152915790826,0.059717360761083804,0.6192524722245283,0.28885301409859704
25651,0.46545337286772126,0.26871491928781666,0.18397030539914322,0.08186140244531892
25652,0.5769182121184181,0.19573254909169852,0.04063260227078125,0.18671663651910217
25653,0.20345799155511662,0.5241785760830286,0.20402879655298423,0.06833463580887059
25654,0.06873954338932063,0.5967910743297901,0.23463423491184401,0.09983514736904536
25655,0.08939360724353168,0.058364354665918106,0.7521736858544305,0.10006835223611972
25656,0.6460638685035706,0.1878791264421145,0.04511796838665008,0.12093903666766484
25657,0.1041125480943256,0.7417557446859149,0.07139547586700651,0.08273623135275311
25658,0.34131387132029695,0.48954835370468947,0.03727468723677955,0.1318630877382341
25659,0.7852143490359532,0.0838465129461983,0.10624068867386424,0.02469844934398421
25660,0.044397622885385596,0.8825620402794707,0.04363731691336778,0.029403019921775915
25661,0.12942586630725836,0.06559744175411357,0.40925650341313025,0.3957201885254978
25662,0.16805426167351104,0.685342315134642,0.030535189893452296,0.11606823329839457
25663,0.21511109271245574,0.09694219651619385,0.22408616990382801,0.46386054086752243
25664,0.05985002114844501,0.6675536320640946,0.1769454529123589,0.09565089387510146
25665,0.08881354122121325,0.40871671768595474,0.29150314863916676,0.21096659245366522
25666,0.1278110844624874,0.21843367929178964,0.14763270208383858,0.5061225341618842
25667,0.7460524952310436,0.07304837498585548,0.12283938264411272,0.05805974713898826
25668,0.2909938911455889,0.17881888988587247,0.06680062558637108,0.4633865933821675
25669,0.07051726243359885,0.6166908952013349,0.14365614340221744,0.16913569896284883
25670,0.5336922577141449,0.262039093932322,0.12322456165953982,0.08104408669399345
25671,0.22520470321246697,0.41809266366153414,0.32406295606201857,0.032639677063980244
25672,0.03272535923334963,0.4941847895405307,0.26113497488803805,0.21195487633808163
25673,0.03479826859886599,0.6894873500877984,0.1463638118451917,0.12935056946814397
25674,0.3314904087726045,0.19977666308833036,0.36748524815687506,0.10124767998219002
25675,0.29652369842811754,0.23475856994212144,0.3000257533380087,0.16869197829175245
25676,0.2840543977731152,0.4038505102906443,0.20694880880644426,0.10514628312979639
25677,0.43797086935275714,0.28906583496056054,0.17209061527846853,0.10087268040821372
25678,0.0501061532771336,0.5543821857435847,0.2928837340588165,0.1026279269204652
25679,0.1043685900606864,0.7396645546258596,0.04903730188815255,0.10692955342530155
25680,0.08883191254675334,0.5365932562511386,0.3061699808808566,0.0684048503212514
25681,0.049905414501435756,0.5237517275611719,0.2775824420556755,0.14876041588171682
25682,0.19315446459742652,0.35694035060757084,0.21120335206048096,0.23870183273452159
25683,0.5002502143755242,0.12199411114077428,0.3073037211122202,0.0704519533714814
25684,0.030687192009452496,0.7271271248181975,0.08458722589994097,0.1575984572724089
25685,0.0557257417957135,0.5188802226799285,0.11967582515157871,0.30571821037277935
25686,0.09460642831624606,0.33128752022793884,0.3655841251770688,0.2085219262787463
25687,0.21024479848520697,0.5769351472500232,0.15066171751742535,0.06215833674734456
25688,0.05162675019783943,0.6120491367705657,0.3087759844116319,0.02754812861996289
25689,0.7154463615675074,0.08947372710270923,0.12728981881422397,0.06779009251555927
25690,0.03582071089992698,0.6479291656738412,0.1680676762970126,0.14818244712921913
25691,0.12532497490387493,0.23560456366825105,0.5726417430311839,0.06642871839669016
25692,0.19232260920328992,0.28803065763873786,0.13158352507110654,0.3880632080868656
25693,0.0601068007952704,0.584276760878957,0.2657205902860178,0.08989584803975496
25694,0.33295844697632637,0.11310100151149238,0.19312907795891243,0.36081147355326876
25695,0.3337603811646815,0.3578764726897854,0.18397570136144742,0.12438744478408566
25696,0.12909956865876343,0.4073648170820863,0.3996543705501919,0.06388124370895847
25697,0.09102713181231535,0.18636678219639757,0.5971306387479501,0.1254754472433371
25698,0.11887181830186672,0.37315193574296124,0.18655431029206102,0.321421935663111
25699,0.14488342055585726,0.14833859147905518,0.48812001318570475,0.2186579747793829
25700,0.19020804290902965,0.1844579242793491,0.4676009232056401,0.15773310960598116
25701,0.18978695217927447,0.6558584532966077,0.08661233656729726,0.06774225795682058
25702,0.09747050078812212,0.4849329825678748,0.275196430922774,0.1424000857212291
25703,0.14918727235913362,0.45078513966871325,0.13814381474453727,0.2618837732276159
25704,0.80501839593082,0.06910366669278675,0.06572123471702469,0.06015670265936851
25705,0.028198965075687046,0.44532342059105945,0.431551994496842,0.09492561983641157
25706,0.5540946261177947,0.15179006716451982,0.1527978288677056,0.14131747784997994
25707,0.17506902888189946,0.6650491970678867,0.06656583423838573,0.09331593981182809
25708,0.07953794205980061,0.037907095121071446,0.8426804209522781,0.039874541866849765
25709,0.2549697367382041,0.3339023393020675,0.3395237406855363,0.07160418327419221
25710,0.1234026960979003,0.07612172022080552,0.6627394328116194,0.1377361508696749
25711,0.5345465736208173,0.07178454760189142,0.27512598142197925,0.11854289735531204
25712,0.6288756015945812,0.182353644869469,0.08601208532684343,0.10275866820910631
25713,0.3814376758706962,0.2123184716468239,0.36305833653937686,0.043185515943102944
25714,0.5162445073191325,0.1610772621821827,0.12803358027097914,0.19464465022770563
25715,0.34720758431606585,0.21680621368744077,0.37129436725049525,0.0646918347459982
25716,0.37187280218700414,0.16232176386356184,0.389081085892372,0.07672434805706205
25717,0.06658346444548859,0.6098515460205708,0.18016543619272965,0.14339955334121093
25718,0.46354850672202075,0.0937287483712549,0.13675833153338102,0.3059644133733433
25719,0.20406044941053597,0.6146458148430849,0.12702982786170133,0.05426390788467781
25720,0.24891702527175957,0.24423178030364945,0.33310326735617446,0.17374792706841657
25721,0.2985226645014671,0.17132266619072892,0.4584862133944659,0.0716684559133382
25722,0.11487664533995261,0.20876424686693038,0.12666717803156546,0.5496919297615516
25723,0.1752491640878891,0.18929655845321314,0.5584015255545343,0.07705275190436359
25724,0.133937539320642,0.1058480603271424,0.30778577631244275,0.45242862403977285
25725,0.278287466843289,0.2392990791953078,0.42437869405498746,0.05803475990641587
25726,0.41028642735536325,0.1979450680548466,0.1923067604218113,0.19946174416797888
25727,0.034860982398479505,0.16295677155637106,0.756087447561148,0.0460947984840015
25728,0.31710507662772675,0.3215115596968003,0.24657361585469498,0.11480974782077809
25729,0.29454959590651825,0.2438718704225773,0.41188763168534587,0.049690901985558554
25730,0.7699022768524368,0.11765276436964871,0.08656198382424332,0.025882974953671065
25731,0.49209506446411366,0.0381497193205374,0.36796116666182377,0.10179404955352517
25732,0.1211408162808112,0.08285742033125654,0.7597625718637482,0.036239191524184
25733,0.37860969922871057,0.20620375859032736,0.2168683948293262,0.19831814735163583
25734,0.5230687371182096,0.24524093167096755,0.18558831893919606,0.04610201227162685
25735,0.08845744424027198,0.27127415215104006,0.5734909894237541,0.06677741418493385
25736,0.20904590960909109,0.28291568272131623,0.3902089549059686,0.11782945276362403
25737,0.13894034623240004,0.7894343367048559,0.03988784197574699,0.031737475086997154
25738,0.3273446528453434,0.24827862866064737,0.25014389307701207,0.174232825416997
25739,0.19638643893125193,0.13851792523272802,0.5455452439609202,0.11955039187509996
25740,0.6910698630588008,0.15449899780485166,0.08350824028739323,0.07092289884895442
25741,0.5440289853041969,0.3717826100497621,0.04784177148713301,0.03634663315890786
25742,0.03213744993931207,0.8149064061066297,0.0999275105872779,0.05302863336678029
25743,0.13411227491892708,0.5232626603300307,0.19979407055584592,0.14283099419519635
25744,0.6471865533969445,0.20812079378105294,0.11388654861645883,0.03080610420554376
25745,0.11564989067742541,0.6280888544120934,0.2131093598805409,0.043151895029940185
25746,0.8820366933885739,0.022744208659216995,0.07382853796907352,0.02139055998313544
25747,0.6515175751239882,0.1864728940278629,0.0789259450882247,0.08308358575992426
25748,0.08786995651185019,0.598503128582765,0.07158374388407437,0.24204317102131043
25749,0.4036577427871404,0.12791070520748624,0.22380252946914184,0.24462902253623142
25750,0.24554735023823185,0.0878131461421187,0.6160848531557257,0.050554650463923746
25751,0.15733133614010814,0.15288879650116236,0.6050947126228301,0.08468515473589941
25752,0.22134350585202095,0.15031276530149484,0.2758030985675872,0.3525406302788971
25753,0.6666501149414744,0.06726502201810068,0.19208693961308332,0.07399792342734163
25754,0.8275924469155217,0.022312695686211567,0.04822290262040869,0.10187195477785801
25755,0.3901454084458579,0.08984074999815135,0.09362754554251933,0.4263862960134714
25756,0.23408949732630627,0.7204902004110063,0.026982096518470878,0.018438205744216556
25757,0.3088708167279602,0.13196253765199967,0.12587089524288508,0.4332957503771551
25758,0.19456352487722464,0.031030863623792905,0.36774229915706014,0.40666331234192227
25759,0.3384032458556598,0.42536457341038153,0.14387466749089176,0.09235751324306699
25760,0.5690209412801643,0.13782266424866924,0.245146513191473,0.048009881279693405
25761,0.19949499691526712,0.3475786175779085,0.08287612664389424,0.37005025886293014
25762,0.18104082809914357,0.5848306678136381,0.031546898630538486,0.20258160545667975
25763,0.3406376691774576,0.23199590043340984,0.2242420438153327,0.20312438657379994
25764,0.3843573097189506,0.06748914841318605,0.24854362544481015,0.2996099164230532
25765,0.42627863541969435,0.12485981610660872,0.15679241538618555,0.2920691330875113
25766,0.039689551880177774,0.7314379995043755,0.14215731893575928,0.0867151296796874
25767,0.287553756515596,0.32371638837933947,0.04954868368899811,0.3391811714160664
25768,0.12118087586127275,0.14076925019240508,0.05022337841491268,0.6878264955314095
25769,0.5944921611573601,0.23313862589480477,0.04388579699128114,0.12848341595655383
25770,0.1867197577511858,0.1340258158340067,0.1850360411168142,0.4942183852979932
25771,0.04248859551291032,0.7532183713720683,0.08897909379108435,0.11531393932393713
25772,0.16706040410301104,0.2940947230750378,0.07730694832702112,0.46153792449493003
25773,0.5054204951929295,0.06750897891251065,0.02737633052303781,0.39969419537152195
25774,0.17534342679077405,0.4044428489161725,0.256964680020309,0.16324904427274445
25775,0.3408593209549269,0.2682924242868634,0.3462753276192638,0.0445729271389459
25776,0.1731223337155978,0.04638221292469236,0.19341221062522462,0.5870832427344852
25777,0.1113298879343033,0.1351158397578824,0.6372713855266531,0.11628288678116114
25778,0.21120100339327189,0.5101375235784675,0.06917521674528601,0.20948625628297465
25779,0.2718537220038363,0.3733758757604841,0.03940893327322849,0.31536146896245115
25780,0.07311473076780613,0.33079704186597764,0.2906789084476232,0.305409318918593
25781,0.3365255714230723,0.2540770900867914,0.021011197181802683,0.38838614130833354
25782,0.06972842588948473,0.4837469375110517,0.011582545099969964,0.43494209149949364
25783,0.31284857433526314,0.14631438341284317,0.2683085162035341,0.27252852604835964
25784,0.4350863883206201,0.25175206255081467,0.18526508147180237,0.12789646765676285
25785,0.1055078240110924,0.4041656430804017,0.23560543815071047,0.2547210947577955
25786,0.4269083024311384,0.370732766276848,0.1501241548805751,0.05223477641143853
25787,0.1626306430722159,0.6366203087508425,0.1779571761080678,0.02279187206887376
25788,0.3587832793249799,0.26999991031996873,0.30271431159811274,0.0685024987569386
25789,0.5901714098728221,0.09355219177270584,0.25556042352841046,0.060715974826061586
25790,0.29554242201768666,0.48557214846601365,0.07683670721307768,0.14204872230322207
25791,0.12813987009559463,0.6747093260500824,0.17342791101640764,0.0237228928379153
25792,0.48943667752292175,0.17807906487264244,0.26738722412161353,0.0650970334828223
25793,0.10363594370626611,0.7360673786465591,0.10263193467429625,0.05766474297287843
25794,0.4474221294220818,0.34204907989003924,0.10575069957224528,0.10477809111563365
25795,0.14225973313585916,0.6259673391109043,0.1918788322894308,0.039894095463805734
25796,0.5053349232372535,0.13117024794463314,0.32518006360958385,0.038314765208529576
25797,0.2838700448345493,0.563264839800316,0.08983491760085348,0.06303019776428122
25798,0.20427336738771243,0.500331847868606,0.17763003473921904,0.1177647500044625
25799,0.6815031850545806,0.09633799679666438,0.1971258452253975,0.025032972923357356
25800,0.6203785564079115,0.16207395498658644,0.10077235158958747,0.1167751370159146
25801,0.24498237080148236,0.46294658095803926,0.17388797859096192,0.11818306964951644
25802,0.6186764257507306,0.13171351938256645,0.0832141272065724,0.1663959276601306
25803,0.6713518163469459,0.1802154009431169,0.07272306997681449,0.07570971273312277
25804,0.12299226083266351,0.13803915094591782,0.6817573825786762,0.057211205642742485
25805,0.19372485415521895,0.4351588699207519,0.3439396109146968,0.027176665009332305
25806,0.6410539830133577,0.11386818611431195,0.22184970283583513,0.023228128036495235
25807,0.09924316431127109,0.7934975068119765,0.06583739375818738,0.041421935118565074
25808,0.34147376573657356,0.3630044271422871,0.1400909094644827,0.15543089765665674
25809,0.07666271388893134,0.1448745192964659,0.657081904473755,0.12138086234084766
25810,0.19042947171174807,0.09770276156925219,0.5344164544984253,0.1774513122205744
25811,0.20682192256224788,0.6012303147824689,0.17448174679676212,0.017466015858521106
25812,0.20594143430160436,0.1711483057616221,0.5509769956187947,0.07193326431797892
25813,0.7494186067338192,0.12657084092355592,0.0941298738933911,0.029880678449233825
25814,0.17533501973720578,0.41099811252830526,0.29832544231881297,0.11534142541567588
25815,0.07376786836857067,0.7296744842043422,0.1599284981047003,0.03662914932238692
25816,0.04270601236345029,0.5206893118853048,0.36790012925598636,0.06870454649525848
25817,0.14071329493095108,0.23788042901724601,0.3325582635456781,0.28884801250612474
25818,0.11823594279536187,0.49834356335502344,0.33028929655710887,0.05313119729250573
25819,0.5856427315368534,0.17263774376858085,0.19844891624202443,0.043270608452541194
25820,0.14757816844336025,0.1453773469624046,0.5733796342202672,0.13366485037396805
25821,0.11134803381883573,0.04977592961536489,0.7908595245532104,0.04801651201258901
25822,0.3041790402236169,0.20366022611214585,0.39483716452190576,0.09732356914233148
25823,0.192841042599986,0.33862529905232314,0.1741809545341929,0.294352703813498
25824,0.469535686753355,0.13452374157376884,0.17255862033732414,0.22338195133555203
25825,0.05645282970388656,0.4711739202082878,0.3830591389780128,0.08931411110981292
25826,0.2246205617625404,0.41477521290160096,0.11811401723653202,0.24249020809932673
25827,0.18477011151152062,0.13166269899887179,0.12384911838770832,0.5597180711018993
25828,0.33749621781946826,0.43310116075109095,0.08739754414929421,0.14200507728014658
25829,0.34794635428847975,0.4152713174963371,0.05750751966311982,0.17927480855206332
25830,0.17524236475838248,0.31300645254129883,0.45471941617139694,0.05703176652892174
25831,0.22453431900737253,0.19560202689174108,0.150330989744767,0.4295326643561194
25832,0.03505132783905989,0.638730978519764,0.16039078886584207,0.16582690477533402
25833,0.153095911889472,0.26335189997147546,0.5205285684068816,0.06302361973217104
25834,0.568209503849202,0.11975793696693413,0.14675634167079307,0.16527621751307078
25835,0.10498363968673685,0.04705316484237209,0.5905380195179455,0.25742517595294556
25836,0.11000788382668168,0.1156928702560571,0.5696943825730744,0.20460486334418676
25837,0.1240912061906442,0.25273313324392765,0.4265360624526345,0.19663959811279366
25838,0.11979263714334709,0.5589635344252558,0.03580532256854976,0.28543850586284736
25839,0.6375537431952158,0.19501042953454123,0.06547698139635721,0.10195884587388568
25840,0.05509935452448316,0.4585733775606913,0.3142421291513842,0.17208513876344145
25841,0.18473588726241405,0.11639866337625326,0.4227520602999871,0.27611338906134564
25842,0.21562668137406613,0.658007204707885,0.05118187065235753,0.07518424326569126
25843,0.4790439695780679,0.42221003624007636,0.054302619251609424,0.044443374930246256
25844,0.8053622191167906,0.039729132274217774,0.1072308846240451,0.047677763984946435
25845,0.22148053375040358,0.3512806382218935,0.38401026559238255,0.04322856243532039
25846,0.3640581624296539,0.14066634105186043,0.1975570211342339,0.2977184753842518
25847,0.7785610748171679,0.036071722875480036,0.020196066733765488,0.1651711355735866
25848,0.15405205662413424,0.6784328786537026,0.02142325197191926,0.14609181275024385
25849,0.43358236107400283,0.12533089392854085,0.3894628568182667,0.05162388817918967
25850,0.26154856444754393,0.37425784371531856,0.30811495151880536,0.056078640318332124
25851,0.8869866827919206,0.07169369834742825,0.016084405622631172,0.025235213238020075
25852,0.33724766171916626,0.36148313600598997,0.17925617684132567,0.12201302543351807
25853,0.10759492737455621,0.3723285345117223,0.4678928043860884,0.05218373372763307
25854,0.45823676345620995,0.2028655130529069,0.026038985982841295,0.31285873750804183
25855,0.7958062835396645,0.037987529177290695,0.04447210004466609,0.12173408723837854
25856,0.76703986622257,0.12761519424008286,0.022202828445708873,0.0831421110916382
25857,0.08513290367168275,0.3089890954130384,0.10816509559673793,0.49771290531854095
25858,0.1598939459824928,0.4848737657836099,0.08750183335666788,0.2677304548772294
25859,0.3198463300954159,0.1342757596620053,0.17926003596181092,0.366617874280768
25860,0.7026052043223444,0.06281749363329112,0.045704469530335474,0.18887283251402906
25861,0.1287833318198472,0.14116201366979705,0.611959662479368,0.11809499203098785
25862,0.17418675499551664,0.05357368100147475,0.5654226794394502,0.2068168845635584
25863,0.055504182094327635,0.03626547144537112,0.8627664965790663,0.04546384988123492
25864,0.6511204180706661,0.10870656352609769,0.03858588517729294,0.20158713322594324
25865,0.041036017112525934,0.30565234410755593,0.5871886350966047,0.06612300368331335
25866,0.10519931997825206,0.14090853225469363,0.6184054352313147,0.1354867125357396
25867,0.1190595688516711,0.45610243178930887,0.2121088041603148,0.21272919519870523
25868,0.339509973060415,0.3440713098025144,0.038151260381201126,0.27826745675586945
25869,0.025744028334625003,0.3884042119369415,0.3653151249000902,0.22053663482834318
25870,0.10057706334142937,0.06421323531708331,0.35319785154553746,0.48201184979594996
25871,0.018259989132822792,0.18371628839992957,0.6999884805369438,0.09803524193030379
25872,0.11863241798471927,0.17881784705638865,0.48561880511988403,0.21693092983900805
25873,0.06137036150961374,0.15851626102057503,0.15482573134668107,0.62528764612313
25874,0.6045787456083459,0.03743154510377387,0.24125322535573723,0.11673648393214296
25875,0.0929576301047892,0.2610074569227574,0.4499027246107874,0.19613218836166602
25876,0.6568789332850482,0.02929775417083309,0.09048982391665782,0.22333348862746097
25877,0.7864432391504557,0.03959099161819,0.07052737315334498,0.1034383960780093
25878,0.3394021736068871,0.13914151204507197,0.1634162983807131,0.35804001596732776
25879,0.11398728574489828,0.6735789251695197,0.1728399590986853,0.0395938299868967
25880,0.12678155642281638,0.759744478076723,0.08932078945581119,0.02415317604464955
25881,0.288701423601504,0.5366898629353274,0.16136936815402408,0.013239345309144657
25882,0.47263500998502506,0.23984549052170226,0.251365987000578,0.036153512492694745
25883,0.5826971558530142,0.16848301353993966,0.1966976330233586,0.052122197583687524
25884,0.25504890746005915,0.3894209474245129,0.3158153655291757,0.039714779586252205
25885,0.2640324889175133,0.37819514109960906,0.2745608538967899,0.0832115160860877
25886,0.0510381042527902,0.6697853043060547,0.263117520491243,0.01605907094991219
25887,0.4276522359449412,0.1801813704635562,0.34109105426392144,0.05107533932758122
25888,0.4901148234834752,0.27275526948519513,0.1683606603376277,0.06876924669370199
25889,0.3088976286916094,0.3205320921897878,0.3188103428749628,0.05175993624363995
25890,0.6641581797615822,0.21125538978008426,0.0680184755394474,0.05656795491888605
25891,0.08282571931459999,0.2237253972957689,0.6734961339262141,0.019952749463416946
25892,0.14718926219606399,0.3432718650972578,0.4112487718646791,0.09829010084199905
25893,0.3464242929136059,0.4678465652062083,0.13457613337671653,0.05115300850346925
25894,0.5411787664581457,0.26643152217832083,0.16260741411115515,0.02978229725237833
25895,0.4431607703604847,0.20786141038919564,0.27200484499067745,0.07697297425964218
25896,0.15083624468288423,0.2770797239333589,0.5501438964022405,0.021940134981516316
25897,0.18739620507709812,0.6090348103488197,0.1697166654270084,0.033852319147073866
25898,0.32165881692666065,0.48811544055353995,0.1704990470360438,0.019726695483755587
25899,0.10269280481052213,0.5782872591725715,0.18459316402455,0.1344267719923563
25900,0.12364680866566051,0.18369746970856596,0.6337984720940447,0.05885724953172877
25901,0.4882228557063205,0.15602008545751317,0.33905004354056606,0.01670701529560038
25902,0.11427458030018312,0.2075127941324371,0.5838934414215677,0.09431918414581217
25903,0.2099967634853352,0.5001935079377978,0.272932029064361,0.016877699512505954
25904,0.05679763428058688,0.33954266784003645,0.5475885016488112,0.056071196230565494
25905,0.18256051159835407,0.329475712249298,0.4444231157459314,0.04354066040641659
25906,0.3455723076939101,0.5257343259560469,0.10028778797377244,0.0284055783762705
25907,0.22274934698358587,0.6426503793821792,0.12153104744917852,0.013069226185056541
25908,0.3663716993403011,0.12309798522812403,0.433340421094408,0.07718989433716686
25909,0.4470808249111878,0.4498966418117619,0.08497503090215372,0.01804750237489655
25910,0.04991168520629759,0.40871189944470904,0.482440994359419,0.058935420989574376
25911,0.4113359592720264,0.09538380475834109,0.40184624941462604,0.09143398655500656
25912,0.4984022490857315,0.27239704297665124,0.1870317295634884,0.04216897837412891
25913,0.059319912752695235,0.1041517756498765,0.76614372097990735,0.07038459061752099
25914,0.11925324262801507,0.09132414891711169,0.7645280965533071,0.02489451190156607
25915,0.4095911761589923,0.16539416897592799,0.37851758941897473,0.046497065446104976
25916,0.32789585623710144,0.3382315087269958,0.2398742065929129,0.0939984284429899
25917,0.1301735942038362,0.6474058135564345,0.044976675029575565,0.1774439172101537
25918,0.2772705341024784,0.32657453725964586,0.3298052636751832,0.06634966496269258
25919,0.4111384610437295,0.026234639123080623,0.2890573393266882,0.27356956050650166
25920,0.307689746244653,0.48425852122829127,0.06156973552159966,0.1464819970054561
25921,0.24108429151114574,0.05355140820461941,0.6425265213170039,0.06283777896723097
25922,0.086356324616905,0.13870633834483195,0.3722565690994492,0.4026807679388138
25923,0.28786125548689123,0.0908329405082293,0.0954280134136748,0.5258777905912047
25924,0.8336619955881183,0.040508028418885664,0.056117630500335455,0.06971234549266053
25925,0.1376389137005806,0.12683261411258911,0.6014473903162214,0.13408108187060888
25926,0.2989653065996336,0.5096534994838102,0.1303068594353903,0.06107433448116586
25927,0.08690241540231797,0.4058490137434642,0.30503197260483933,0.20221659824937846
25928,0.15169136012537726,0.5279219714920649,0.2389105657043238,0.08147610267823412
25929,0.07666314936588756,0.42930401595290346,0.04985692849030792,0.44417590619090097
25930,0.08425765027641449,0.5770444054661982,0.30242208453997493,0.0362758597174123
25931,0.03446681567723656,0.04705904821606744,0.8673448964839444,0.05112923962275153
25932,0.12361554999980946,0.5322145964076505,0.06417702444766302,0.27999282914487705
25933,0.149898050250864,0.09116292096615156,0.6572809291647864,0.10165809961819794
25934,0.16512740486807836,0.10520807695979226,0.49253770786726553,0.23712681030486382
25935,0.26177407962034754,0.2031088216701049,0.06534292660170514,0.46977417210784245
25936,0.36053813718767386,0.05074382337003191,0.4906311007604091,0.0980869386818851
25937,0.8060773075324225,0.031213638725496352,0.03799944201285756,0.1247096117292236
25938,0.12046637216536435,0.5769451667607897,0.08517075241595844,0.21741770865788757
25939,0.08148895536376564,0.03447801904596265,0.643854749263177,0.2401782763270947
25940,0.06199977816063328,0.11765686964352465,0.11740358997238043,0.7029397622234617
25941,0.04020159870656104,0.11067023939841884,0.8098607137694,0.039267448125620046
25942,0.06416209957807971,0.4713320685308826,0.2746908374900997,0.1898149944009379
25943,0.08356493601863303,0.3064945982969645,0.22553573799063337,0.38440472769376904
25944,0.2618506265990692,0.08193009750294775,0.05122490473024768,0.6049943711677352
25945,0.2749876324260217,0.08862566182758798,0.2267116459319007,0.4096750598144896
25946,0.7140052193191199,0.056019317291322764,0.08305684267129604,0.1469186207182613
25947,0.6079470978427327,0.09430325208452005,0.14526909499849835,0.1524805550742489
25948,0.02801103021758665,0.047158324484985824,0.1179190098141865,0.806911635483241
25949,0.08654630098884956,0.16857867750142655,0.5873071580797481,0.15756786342997584
25950,0.8429282591114899,0.03188651446187155,0.07156976182798373,0.05361546459865479
25951,0.12317611380453683,0.10414445374745304,0.5719113700930561,0.200768062354954
25952,0.027849077030193833,0.06585388309041817,0.7479143845626879,0.15838265531670015
25953,0.3067543968722217,0.08869868549909328,0.17684579592552424,0.4277011217031608
25954,0.7856891454166244,0.015598179135443948,0.022454744704331096,0.1762579307436006
25955,0.07070706163187307,0.7769180260800619,0.12247955651049301,0.02989535577757209
25956,0.30122820454498256,0.20315254819614031,0.48953911317679927,0.006080134082077802
25957,0.4669443691096427,0.36870771291835935,0.13979949547846485,0.024548422493533055
25958,0.35365449574377866,0.46053547663500216,0.15566169836410734,0.030148329257111858
25959,0.1312184622768021,0.27173872315739384,0.5739950763035343,0.023047738262269718
25960,0.3501540633872012,0.4374269195446283,0.19691383633713885,0.015505180731031635
25961,0.42696284354242753,0.28860137837178684,0.2727288512150188,0.011706926870766878
25962,0.5712673580185088,0.303388345321892,0.10453292421443103,0.020811372445168164
25963,0.050429243969772976,0.5661985841214336,0.3738323015211344,0.009539870387658984
25964,0.36692497452469636,0.4494610035422977,0.16113052599796443,0.02248349593504153
25965,0.15727269236829075,0.19833485304075205,0.6307219270421006,0.013670527548856727
25966,0.23218608091311058,0.13498541737667855,0.6207382982023751,0.012090203507835743
25967,0.40470731911173735,0.4348341999615314,0.07795102317069648,0.08250745775603474
25968,0.19778516741282898,0.5355616778502713,0.23725514927533609,0.029398005461563705
25969,0.086802739974092,0.5025511905083496,0.40368586795463934,0.006960201562919027
25970,0.21019765451204173,0.6461340608309984,0.13106120469629118,0.012607079960668715
25971,0.3399818335652613,0.38178473896150683,0.2630337223847002,0.01519970508853164
25972,0.3649930930902855,0.47706751114617096,0.10974010772256211,0.04819928804098141
25973,0.16056177024051388,0.45961898085908415,0.37266047549270326,0.0071587734076986355
25974,0.5435529123117723,0.05523823837031834,0.2891649615937341,0.11204388772417523
25975,0.12230673998993817,0.4756725616290569,0.3509049637073749,0.05111573467362993
25976,0.11063105385384085,0.4647380755058702,0.25905842212652863,0.16557244851376032
25977,0.576189038680084,0.06240352459777886,0.34444359356907495,0.016963843153062107
25978,0.1565444116654984,0.6919492764164981,0.13756598678769255,0.013940325130311088
25979,0.8593501765488103,0.025266244115020594,0.09329534648166447,0.02208823285450468
25980,0.14457412427405317,0.5104973812621229,0.31842888912794814,0.026499605335875854
25981,0.7110537579613805,0.08166000818186032,0.18676573527254864,0.02052049858421063
25982,0.06789178681699493,0.04323607751774342,0.8496534561978765,0.03921867946738523
25983,0.5599250152826397,0.18256476845425965,0.23382717239319153,0.023683043869909135
25984,0.4468263714881238,0.044633905573429576,0.4417467009653146,0.06679302197313203
25985,0.3411724249385701,0.1738249246840204,0.14170657719302843,0.34329607318438105
25986,0.6759381655956423,0.05826822905629928,0.20137639282847913,0.06441721251957923
25987,0.06522303402547171,0.12537202838182007,0.7732663627431067,0.036138574849601514
25988,0.07392016258378326,0.5013100100296409,0.40807583849144163,0.01669398889513416
25989,0.08391198922031412,0.38794813431179287,0.2179608376502173,0.3101790388176758
25990,0.05603651080096069,0.10160162885180331,0.8119058270058068,0.030456033341429076
25991,0.4622250850838332,0.20598173896309713,0.2022430405343626,0.1295501354187071
25992,0.04818176740249372,0.43459797334719585,0.47781305508722127,0.039407204163089155
25993,0.13026230404570618,0.4179135857620998,0.17921284338853308,0.27261126680366093
25994,0.12726650845975315,0.14410245232458727,0.319877221983617,0.40875381723204257
25995,0.07198842885906205,0.6123495932517885,0.16259886715312327,0.15306311073602616
25996,0.20100566825870508,0.1575994558455931,0.5467739981956018,0.09462087770009998
25997,0.5304126590431548,0.16225399325647508,0.1880544454108069,0.11927890228956317
25998,0.43250359895661605,0.2836881971563404,0.15373220078604416,0.13007600310099945
25999,0.12998231987983516,0.24131626020996202,0.5817456893224123,0.04695573058779044
26000,0.15027739973201795,0.5488321491466025,0.17449765814844326,0.1263927929729363
26001,0.18841331275880122,0.6258838603536087,0.10961426252517253,0.07608856436241761
26002,0.5285918099029454,0.18753282413919606,0.16016430448890118,0.1237110614689574
26003,0.21603476385222542,0.19069309715429944,0.2302282029856576,0.3630439360078176
26004,0.09537763984390603,0.6328930772718384,0.1563882509218704,0.11534103196238518
26005,0.08534717343810554,0.2752727005026116,0.48314978266124287,0.15623034339803998
26006,0.10163117802280604,0.6172146436729488,0.12399217960446823,0.15716199869977698
26007,0.2860880347056412,0.6001815484690729,0.07090858499490083,0.04282183183038511
26008,0.07581399679877227,0.0701358861506412,0.7594721349766128,0.09457798207397379
26009,0.07085120879465398,0.7804416700839342,0.1300981705703042,0.018608950551107617
26010,0.33616872538012904,0.17078327256037715,0.3135688187266771,0.1794791833328168
26011,0.7187764740940278,0.13251864039469696,0.08143115981322899,0.06727372569804621
26012,0.27735298011832765,0.19482440334002177,0.3614109242032369,0.16641169233841366
26013,0.14272507734087847,0.26390672879134935,0.3729615889417535,0.22040660492601863
26014,0.3103275015519479,0.3249232381525005,0.25476109569014727,0.1099881646054043
26015,0.21563917757915088,0.49034901815418497,0.2509932683513931,0.043018535915271126
26016,0.36500524650488964,0.20402040617683198,0.3564924600244098,0.07448188729386859
26017,0.3469453451104379,0.14353603172048246,0.41300840279302176,0.09651022037605789
26018,0.21382502153198266,0.4865544281112568,0.20186039994071955,0.09776015041604096
26019,0.18432925490265772,0.30483065229601636,0.48728802593982795,0.023552066861498046
26020,0.23070932157549487,0.1672063474040165,0.48388027793690874,0.11820405308358001
26021,0.08242248768133338,0.5300894483549936,0.2242103323257256,0.16327773163794745
26022,0.3849558941684373,0.25160866279346317,0.2670081122446796,0.09642733079341997
26023,0.1191038898414786,0.36278329018425587,0.4350686423450779,0.08304417762918762
26024,0.3171153832221315,0.09106564728355489,0.5212966993695788,0.07052227012473475
26025,0.15793962350967772,0.3854403042615776,0.31300812251508836,0.14361194971365632
26026,0.1715289477736244,0.42016429568231134,0.2990715604792385,0.10923519606482568
26027,0.18526783784400094,0.08164668492600655,0.6883741374477811,0.04471133978221152
26028,0.3477852719878816,0.1621169845272177,0.35059929748705426,0.13949844599784647
26029,0.09576957085450363,0.21576717821304836,0.5331458614067849,0.1553173895256631
26030,0.5091251341497429,0.13033756292349977,0.20188481036067013,0.15865249256608716
26031,0.18979298544756176,0.5733323687543761,0.1912335120577171,0.04564113374034498
26032,0.6609710316400541,0.13886565191472353,0.18201362066712237,0.01814969577809991
26033,0.43636834861954016,0.3118315786292211,0.20244065502291644,0.04935941772832222
26034,0.12743677616443583,0.38368965694430746,0.44747622276432825,0.04139734412692842
26035,0.5243764283368457,0.06852898048945535,0.3771563144071213,0.0299382767665777
26036,0.4155764446823256,0.07635727584788876,0.46608421333094946,0.04198206613883614
26037,0.1076419947336137,0.674901877325339,0.2074760323879982,0.009980095553049
26038,0.06014779373413667,0.7105513997996764,0.17425945605383017,0.05504135041235687
26039,0.37743449175730837,0.10678246330123586,0.45486513926913724,0.060917905672318425
26040,0.1291526055278963,0.2356509308705408,0.6244393764935109,0.010757087108052048
26041,0.5447201684140099,0.24730927573479544,0.17059759416278203,0.037372961688412566
26042,0.08968561365698684,0.7290207994212377,0.1273976651318586,0.053895921789916944
26043,0.06699519921239147,0.4285523812899043,0.4813596942361876,0.023092725261516674
26044,0.6917155029253791,0.14529067860573922,0.14719709843475026,0.015796720034131347
26045,0.2639489013288628,0.569139284070665,0.1488611724338174,0.018050642166654817
26046,0.5219863426161873,0.1449280679954423,0.2761911645207935,0.05689442486757703
26047,0.3176132058271191,0.12744323097086957,0.4801372935434573,0.07480626965855401
26048,0.10946866662533025,0.25068662225635846,0.5752399559372008,0.06460475518111047
26049,0.06752666755786832,0.4437461841339324,0.4550578781785622,0.03366927012963697
26050,0.2802511859046716,0.15132388833272384,0.46822452803737064,0.10020039772523398
26051,0.0863409921178733,0.5424012856996528,0.1801565131708303,0.19110120901164354
26052,0.07642684010992719,0.388315559486668,0.19862821992103516,0.3366293804823697
26053,0.16496366635597928,0.3279934091051528,0.4673637081655777,0.039679216373290166
26054,0.15136935501681434,0.515604043990453,0.16267583909866545,0.17035076189406714
26055,0.2787610962922588,0.37646645877740476,0.1461002045403517,0.19867224038998477
26056,0.3985426385759218,0.18525811202389936,0.18633087898632394,0.22986837041385483
26057,0.2160678046292175,0.40601993868442005,0.31900665984041793,0.05890559684594455
26058,0.13586701645148103,0.5047335177096074,0.13413207230518634,0.22526739353372513
26059,0.38530066194420365,0.30028625452955027,0.22817465926322092,0.08623842426302517
26060,0.33283142208786476,0.40262146919304015,0.1497477369754701,0.11479937174362506
26061,0.6333805680096944,0.1425641238703198,0.13870412463765674,0.08535118348232905
26062,0.15523035563140444,0.305708161295361,0.3883058685759438,0.15075561449729072
26063,0.41833171874516273,0.14080238633418848,0.33855705283646953,0.10230884208417929
26064,0.20793296548059,0.17581791554214551,0.47853299620345885,0.13771612277380557
26065,0.5624619488644976,0.16272830173264638,0.18136446508098758,0.09344528432186823
26066,0.34955661141755845,0.3876888530494902,0.12087180147441227,0.14188273405853907
26067,0.4833305834703177,0.2741187432864233,0.1790369584643203,0.0635137147789386
26068,0.15037798140329783,0.5096797505577935,0.20484463600619635,0.1350976320327123
26069,0.050171393633099186,0.23840865748469872,0.6031647782744236,0.10825517060777844
26070,0.5268508022463058,0.17080111524862712,0.13829870527537663,0.16404937722969057
26071,0.28198955834137746,0.2481401453951927,0.19521904364139508,0.2746512526220347
26072,0.1645556359200244,0.15860842499047167,0.6330009946484366,0.04383494444106728
26073,0.11464538661092467,0.6669468303767723,0.1396406366848707,0.07876714632743227
26074,0.09418205403243646,0.19077677548770955,0.6514117445140979,0.06362942596575612
26075,0.3793478458176719,0.20802796968142193,0.25609992915407814,0.15652425534682804
26076,0.3119032679357708,0.12513249975886057,0.43950898314124554,0.12345524916412318
26077,0.09330833087866376,0.7014636127024418,0.12290656071891684,0.08232149569997753
26078,0.07363934260499136,0.1566231658360176,0.7527816299566649,0.01695586160232614
26079,0.044646742751767346,0.193713398081412,0.5190559365267329,0.2425839226400878
26080,0.09022212042896102,0.7298796628866682,0.1265752543775079,0.053322962306862856
26081,0.15602318803624426,0.23383886979523782,0.4949391025782704,0.11519883959024745
26082,0.3545515061036883,0.2124919065461202,0.2953434655348482,0.13761312181534324
26083,0.25513600253059826,0.4574297551187041,0.14586608810590965,0.141568154244788
26084,0.10641937053395598,0.6653026334052056,0.1376143068157347,0.09066368924510378
26085,0.24719850040446387,0.15747412579939102,0.4166412790599399,0.1786860947362052
26086,0.49836839839207353,0.17670046285748306,0.1992620496492491,0.1256690891011942
26087,0.17027556948642128,0.29184610651194826,0.48048527181529277,0.05739305218633757
26088,0.09730634194696633,0.23904571853998227,0.22855809348542697,0.4350898460276245
26089,0.3261946478167745,0.10562570883333725,0.1727924285999266,0.39538721474996164
26090,0.26911882456037894,0.035886694405260745,0.5629373510378782,0.13205712999648192
26091,0.07381400511230048,0.09487088061593087,0.7391518296400119,0.09216328463175674
26092,0.19694460146216,0.32954039674041946,0.04293739957616292,0.4305776022212575
26093,0.5392699928750605,0.20314432457144332,0.08311278584361585,0.17447289670988028
26094,0.25670934218669,0.0394780247476435,0.1618867216819142,0.5419259113837522
26095,0.030024672060684692,0.2535928130885725,0.16318186482566593,0.5532006500250768
26096,0.6475942988074431,0.14235622775295734,0.11595458926023551,0.09409488417936406
26097,0.03228948484513911,0.49438691938171325,0.1082583094931387,0.36506528628000895
26098,0.8158872388449346,0.07525723501470787,0.05718993384339977,0.051665592296957795
26099,0.09659276607373406,0.32498351148607313,0.12482024873221564,0.4536034737079772
26100,0.679262829160459,0.11475511033303233,0.10611037545849718,0.09987168504801149
26101,0.6495317233295888,0.19036057043100477,0.03293575397713642,0.12717195226227013
26102,0.11259364418526817,0.10901403999381581,0.24727208186516145,0.5311202339557546
26103,0.039405044363391296,0.6352413068821868,0.1385170662770885,0.1868365824773334
26104,0.06393835577986025,0.20620444189199338,0.17787004455897176,0.5519871577691746
26105,0.4257928801651567,0.09006162455846592,0.06213824206773363,0.4220072532086437
26106,0.02554211987797938,0.671914113367713,0.12457811095106676,0.17796565580324078
26107,0.48905752337964375,0.19538199620575375,0.09883754881779352,0.21672293159680894
26108,0.1332962697846396,0.17852631911175162,0.21190924218304794,0.47626816892056084
26109,0.199250554054889,0.21117734177099384,0.16909967765782657,0.4204724265162905
26110,0.7224760617495642,0.06834247130303912,0.11606297695159912,0.09311848999579747
26111,0.12295802897918313,0.10350313530665659,0.49396946083163323,0.27956937488252703
26112,0.06447615930949455,0.6394955799859958,0.10858133804111256,0.1874469226633971
26113,0.32180198269109345,0.22809913171620771,0.11276463756668549,0.33733424802601325
26114,0.4613372324709323,0.23914382064813955,0.09263282412238004,0.20688612275854812
26115,0.5427676439874262,0.09429715625905179,0.29115147997609103,0.07178371977743109
26116,0.14038838446166782,0.06005106668694815,0.6335112296598223,0.16604931919156182
26117,0.28156635457910684,0.18706684975488444,0.09584947907850341,0.43551731658750525
26118,0.25354123909229703,0.181119004225413,0.18767569944869147,0.37766405723359847
26119,0.16108829648807718,0.5434977576126978,0.18993164297772414,0.10548230292150075
26120,0.1350224753174138,0.4113204119129761,0.12662734614829652,0.3270297666213136
26121,0.5204972050491992,0.03641859571612546,0.10351432444151962,0.33956987479315587
26122,0.06870272724670834,0.1452690073902342,0.319129217698627,0.4668990476644304
26123,0.0971023935723691,0.09763197248762351,0.403758859636145,0.40150677430386245
26124,0.1180479938002675,0.07870212409678615,0.44193747875634964,0.3613124033465967
26125,0.3017875843275918,0.1706642807972696,0.31501331224706436,0.21253482262807422
26126,0.6976620332027537,0.021496042973026205,0.11536010627833061,0.1654818175458896
26127,0.6077292226765769,0.26732451142023245,0.05416900255490235,0.07077726334828822
26128,0.24399108232964295,0.12049525563100959,0.1021057158207658,0.5334079462185816
26129,0.11010784440463185,0.3308832811837804,0.43335682966921124,0.1256520447423764
26130,0.6887049089219297,0.12052271721541837,0.07939338567559949,0.11137898818705254
26131,0.5415714410032363,0.034697595067844145,0.1892096907268672,0.23452127320205235
26132,0.11875156593726936,0.02089543992428003,0.6925082233666345,0.16784477077181606
26133,0.02995085119851004,0.5265082963766453,0.2681300831407467,0.1754107692840979
26134,0.06822045936149873,0.8239554792549633,0.05862202487101073,0.04920203651252733
26135,0.06727497111497117,0.29277509584701666,0.18718459303963167,0.4527653399983804
26136,0.4329064568463473,0.23982478091357273,0.08074503639702398,0.246523725843056
26137,0.07218522603328602,0.7344224108432258,0.06832227153364875,0.12507009158983942
26138,0.06239468933954716,0.3268992613803278,0.02852986472533332,0.5821761845547918
26139,0.17172602183898572,0.4596714885999182,0.05209197861427833,0.3165105109468177
26140,0.44389133594208907,0.027759796363322594,0.28572407229151225,0.24262479540307613
26141,0.2694167257330153,0.06599284188228184,0.15261481976424324,0.5119756126204597
26142,0.023992986463974155,0.5541369826464126,0.1278407351818139,0.29402929570779934
26143,0.0915786248439248,0.28512087908030725,0.5008542796569391,0.12244621641882894
26144,0.018468577870791453,0.12274740270240597,0.44081327352544014,0.41797074590136235
26145,0.2871878474003554,0.27353129373222257,0.26371851484316805,0.175562344024254
26146,0.20135742895413944,0.18309887428417493,0.507534913359463,0.10800878340222263
26147,0.1766196635620859,0.47459400652927825,0.19635345260895623,0.15243287729967964
26148,0.5169718497904627,0.22599942275114734,0.1687341362888742,0.08829459116951581
26149,0.04268582370435609,0.636175545325859,0.18214685739427744,0.1389917735755075
26150,0.21397043773201807,0.4766211332438734,0.128351471276992,0.18105695774711653
26151,0.3042461628084102,0.2516776956811833,0.29342699192618343,0.15064914958422299
26152,0.08346564207374876,0.6421228003318097,0.14442031136639108,0.1299912462280505
26153,0.029957520217922556,0.1240704261290618,0.6891093175786304,0.15686273607438528
26154,0.2990633659850937,0.2675602803646883,0.19128813075387693,0.24208822289634102
26155,0.04224582678049053,0.5615615258495495,0.2911644083154719,0.1050282390544879
26156,0.17797947872083386,0.26502899979778055,0.33535511918801786,0.22163640229336773
26157,0.23452990153897726,0.2518551905534322,0.45474903288454205,0.05886587502304836
26158,0.5404007267182562,0.26543406887070664,0.11888030641004975,0.07528489800098738
26159,0.19178755613727638,0.19719217198312183,0.4961468790040657,0.11487339287553615
26160,0.1702957021894324,0.18886253918913934,0.47301161044088075,0.16783014818054756
26161,0.24306132062387467,0.2744605763045417,0.3322850385108524,0.15019306456073125
26162,0.1741971195914638,0.13987019809117274,0.6019432098140455,0.08398947250331794
26163,0.46910092348893484,0.11806545514673658,0.20982660178237492,0.2030070195819537
26164,0.010825396567779292,0.4704235437047474,0.4736359523059006,0.045115107421572716
26165,0.19209461671526393,0.41659627646272995,0.33486002492430006,0.05644908189770612
26166,0.14298758958804458,0.4992396196334518,0.33409195942313386,0.023680831355369785
26167,0.14184704431953343,0.5076262712182459,0.19518578023715347,0.15534090422506722
26168,0.07290141424472654,0.4996397246578588,0.3805427317153444,0.04691612938207025
26169,0.367794598340601,0.07795421156883582,0.5075852620143676,0.04666592807619562
26170,0.04663165932425281,0.781958862527538,0.13530467672394322,0.036104801424265844
26171,0.1331559411965217,0.2666504426803092,0.5773855914958698,0.022808024627299365
26172,0.08108835772951613,0.35446071812898033,0.5177568433568692,0.04669408078463426
26173,0.040678538290767605,0.2981539139269022,0.635490432461677,0.02567711532065318
26174,0.06355681345567835,0.4233452901485737,0.4694495220312494,0.04364837436449862
26175,0.017962369400503997,0.926725747737845,0.02140309816791342,0.033908784693737516
26176,0.09455390145422568,0.268843910786626,0.5761422785882099,0.06045990917093853
26177,0.02183832377003379,0.0977380986517096,0.6936926097849325,0.18673096779332407
26178,0.02504453175379316,0.6776123954660087,0.1853443681187503,0.11199870466144782
26179,0.4362608628991498,0.45135305791243346,0.049575572173417896,0.06281050701499893
26180,0.2686879901679969,0.6333334021730482,0.05396330336242376,0.04401530429653122
26181,0.1301786899114188,0.6615273881472452,0.11964167293858233,0.08865224900275359
26182,0.024481219478957025,0.6564948451394996,0.24453687579098765,0.07448705959055565
26183,0.27451245389025175,0.2208820198592994,0.46229269228252634,0.0423128339679225
26184,0.04008067209395863,0.1649384196555591,0.7110957800205719,0.0838851282299103
26185,0.3203637986286229,0.3278902860063007,0.3337644004709894,0.01798151489408698
26186,0.10546320874047777,0.3154833355727826,0.4870061043509438,0.09204735133579585
26187,0.40081565284379117,0.22823918788665196,0.33041050881305983,0.04053465045649702
26188,0.11947487131546544,0.4083116871766563,0.40404274441495047,0.06817069709292792
26189,0.6303914719592386,0.11029520044657311,0.16278333238018056,0.09652999521400768
26190,0.5388317864724806,0.17052802813967471,0.25545477544177614,0.035185409946068516
26191,0.5359651569342058,0.26486585763492904,0.16597092956461887,0.0331980558662462
26192,0.10634996555091399,0.1735469993532355,0.6773316210676734,0.04277141402817713
26193,0.2823723781483201,0.32198077926802193,0.3322031613378587,0.06344368124579923
26194,0.12795843060738893,0.6727081336828352,0.1650209463436936,0.03431248936608237
26195,0.1276831597617816,0.4789645104102459,0.341567376142448,0.051784953685524424
26196,0.18094365568248932,0.07065911926269106,0.6651420117752164,0.08325521327960322
26197,0.2533133100391789,0.2969447071024495,0.31434555810777437,0.1353964247505973
26198,0.07395479953293171,0.7753429740527655,0.13068274686538536,0.020019479548917408
26199,0.4836506512628159,0.16255793233401852,0.2673004566779615,0.08649095972520414
26200,0.15797585807249026,0.34574519153361805,0.40329005271602153,0.0929888976778702
26201,0.48866546600732147,0.2529178055728213,0.18012755046323273,0.07828917795662449
26202,0.6807809007430232,0.13745792383005773,0.14259800152758903,0.03916317389933007
26203,0.5929502279144836,0.29879594808983045,0.07710797423193451,0.031145849763751347
26204,0.457438932838228,0.16282823828321033,0.22079700955306159,0.15893581932550008
26205,0.07784463085451546,0.4518583233372556,0.3531871673788303,0.11710987842939859
26206,0.1444284238189151,0.33695955720111825,0.14266589686174266,0.37594612211822404
26207,0.24456703064243399,0.46569151546459453,0.17354420039183513,0.11619725350113635
26208,0.37809885442528474,0.12850814403247685,0.38615721605336445,0.10723578548887404
26209,0.4183771878905192,0.4595821321242694,0.029565989065357394,0.09247469091985408
26210,0.618438420908841,0.20703936891444014,0.12167902569233711,0.052843184484381724
26211,0.31763364372554326,0.5075833482986392,0.06992600488248175,0.1048570030933359
26212,0.11814638847854661,0.536402182818038,0.25735404130938866,0.08809738739402671
26213,0.2962197796865233,0.5664601746160655,0.08496591362842427,0.05235413206898697
26214,0.04460550896269941,0.21953120773503934,0.7020598642151356,0.03380341908712572
26215,0.12030422049511803,0.6719152785879772,0.10984382868189282,0.09793667223501205
26216,0.1430708564741826,0.30647600725388263,0.4353113325643903,0.11514180370754452
26217,0.11368360836659185,0.12073232736599332,0.5816294583098396,0.18395460595757526
26218,0.0935012998943453,0.7157517839195797,0.17316485633720888,0.017582059848866176
26219,0.45588753128120635,0.10021403427514784,0.23623613134753482,0.20766230309611103
26220,0.056499083234232264,0.22330479892959557,0.686209467308905,0.03398665052726721
26221,0.0939051930157517,0.31959656603766023,0.5660299946838752,0.020468246262713014
26222,0.7516577868459571,0.109249550557521,0.10579006419967357,0.03330259839684833
26223,0.2058776818151043,0.5725557705849172,0.15926297052280114,0.06230357707717731
26224,0.4760479587281638,0.1112031395576786,0.39720732534863723,0.015541576365520351
26225,0.17120119820066765,0.26768507432040123,0.49846128729646544,0.06265244018246556
26226,0.25815711237186056,0.6600753423109289,0.06071672850158726,0.021050816815623256
26227,0.17839800273060127,0.6310090804460682,0.16154925329407227,0.02904366352925828
26228,0.18849306243291028,0.27986587245128947,0.5008373417758756,0.030803723339924607
26229,0.2692095586668294,0.4816134966118643,0.157456698676136,0.09172024604517032
26230,0.054438851440681495,0.6829489075893113,0.2514824017625922,0.011129839207414963
26231,0.5840892220739252,0.18532809262028374,0.19280090078369436,0.03778178452209661
26232,0.3938142099080478,0.2201333948934043,0.3331849502042916,0.05286744499425638
26233,0.7303042594506888,0.14342289996619367,0.08317928413152269,0.04309355645159494
26234,0.5609852681402605,0.13462741757430302,0.27680311370723326,0.0275842005782031
26235,0.15541183171025308,0.49056679301084266,0.27408946053122984,0.0799319147476744
26236,0.11709747785034352,0.39883801214387077,0.45602504430997537,0.028039465695810315
26237,0.14963640765927186,0.6652888578347863,0.1308445012933941,0.054230233212547725
26238,0.16289322288804142,0.6863848276975094,0.11286558840092377,0.03785636101352535
26239,0.4316394353496726,0.34511991672153025,0.15092153288214052,0.07231911504665661
26240,0.1701345467793324,0.10409401207353867,0.6530374425242448,0.07273399862288413
26241,0.07910271609070565,0.4371671910882526,0.46045206230131785,0.023278030519723894
26242,0.06747707335533576,0.6206708462231941,0.29471937148714056,0.017132708934329607
26243,0.06972334955590306,0.8113846041480732,0.07765090134036463,0.04124114495565917
26244,0.09719957550865721,0.23994014977403472,0.45176159228820834,0.2110986824290998
26245,0.1762527602296008,0.10403242936513404,0.678107380689541,0.04160742971572421
26246,0.3294785833028785,0.38613227958289853,0.26767284315300405,0.0167162939612189
26247,0.5153850288607809,0.12865039559333935,0.3145118052496018,0.041452770296278
26248,0.048139693781634046,0.614580133791964,0.2845378553682269,0.052742317058175094
26249,0.38903495548256495,0.4180166984021967,0.10346630879129563,0.08948203732394261
26250,0.5960563665720602,0.1863330250602277,0.15301957844919514,0.06459102991851687
26251,0.09317464978691706,0.22105848720618715,0.2894165344246572,0.39635032858223856
26252,0.053798581853983535,0.7322730990889356,0.15624591740991797,0.05768240164716298
26253,0.13657512420712184,0.42991773267108596,0.3302373183259623,0.10326982479582988
26254,0.12470180186649966,0.06827920653722999,0.7188600238912207,0.0881589677050497
26255,0.10218890069584959,0.3559044404009285,0.33884250440654085,0.203064154496681
26256,0.5196376914469103,0.21757540500387892,0.21938372132681816,0.043403182222392575
26257,0.2732027247884603,0.05614803440469602,0.5598426270243047,0.11080661378253899
26258,0.11360546424906769,0.19253649155945593,0.6366877388570823,0.05717030533439411
26259,0.5268171279928389,0.08819060718327482,0.2859161307814528,0.09907613404243357
26260,0.7490087064032253,0.047342549115685764,0.1104405658568757,0.09320817862421324
26261,0.1871950923830169,0.21436079526511392,0.18336012428596798,0.41508398806590124
26262,0.7804007827686177,0.04255253438892966,0.09526609727740697,0.08178058556504572
26263,0.046394884267425274,0.6448340645672583,0.18796672028415276,0.12080433088116364
26264,0.1937751976948691,0.2003476725182625,0.29974988432542155,0.3061272454614469
26265,0.45770396464330393,0.12267757839584212,0.19751714242753357,0.22210131453332047
26266,0.21541835941125928,0.24825364137653877,0.2656741657117676,0.2706538335004343
26267,0.17431544767686247,0.043918433116807355,0.693745038301401,0.0880210809049291
26268,0.14028726446052944,0.031945510132098856,0.6526245790466361,0.17514264636073554
26269,0.4817519420939848,0.10580016075091443,0.17407161054546336,0.23837628660963733
26270,0.16779938335069888,0.6622596810866208,0.10843383434635162,0.06150710121632877
26271,0.14129766264915702,0.08433654957886312,0.7363696267392522,0.037996161032727606
26272,0.09278976294355636,0.6116518945578673,0.1430199124042542,0.15253843009432222
26273,0.41489612876647025,0.1428423776556614,0.18376428977055187,0.25849720380731644
26274,0.8211389192450446,0.07748365458613327,0.08121346952105504,0.020163956647767135
26275,0.06439889732684244,0.85451393842273,0.03926228680686152,0.041824877443565986
26276,0.21004502311736414,0.07645331529128711,0.5808622039714696,0.1326394576198791
26277,0.020110767054369365,0.05148087514491052,0.7532083127579317,0.17520004504278838
26278,0.15217831546906485,0.3697176832161561,0.39083085312229426,0.08727314819248476
26279,0.0612668429043547,0.2167438237967465,0.6848270986540897,0.03716223464480915
26280,0.22810630142830735,0.1369030907191655,0.5506782680310512,0.0843123398214758
26281,0.6170002248178968,0.25560132762502513,0.05938590654397547,0.06801254101310261
26282,0.22940897875320973,0.6868611160077682,0.03859825112251916,0.04513165411650284
26283,0.19347614959839501,0.28977165654854153,0.44901133460377973,0.06774085924928379
26284,0.36275020078868403,0.4734021387583803,0.09334787405586263,0.0704997863970731
26285,0.11973962432916169,0.23662153593324114,0.5516405670626374,0.09199827267495982
26286,0.8146723131680964,0.06639435917562109,0.10703110763146802,0.011902220024814433
26287,0.19893818541624905,0.30318509938442806,0.40815337715963446,0.0897233380396884
26288,0.12986248145154705,0.6288490933513252,0.19549953550976007,0.04578888968736761
26289,0.2626375200031333,0.6202980712403303,0.0607021238651586,0.05636228489137784
26290,0.1362727268596699,0.14688827063418497,0.6858126697353664,0.031026332770778875
26291,0.20776236902241568,0.3700657446489417,0.3811502291282212,0.04102165720042131
26292,0.3496451710734105,0.19080613882647932,0.3954109981064714,0.0641376919936389
26293,0.40474315197255895,0.2712392991764017,0.19976386478604885,0.12425368406499054
26294,0.1582648204691887,0.712040439681404,0.09458028604218367,0.035114453807223674
26295,0.18758908394675786,0.5286779472823673,0.21655003890450797,0.06718292986636692
26296,0.09643952027422284,0.429882278977834,0.34559841893130216,0.12807978181664095
26297,0.19472710644583202,0.06066212013093573,0.2523165685784361,0.49229420484479613
26298,0.11760286667035898,0.19935005408535314,0.5137370657619253,0.16931001348236255
26299,0.049231610205006444,0.5798253966986752,0.27951367571929925,0.09142931737701916
26300,0.23309701382029419,0.12206231486271686,0.44829201273429437,0.19654865858269469
26301,0.0988559580100102,0.44982020994244226,0.0755913055038155,0.37573252654373207
26302,0.10481582096175569,0.6039068691737782,0.17260657937092425,0.11867073049354183
26303,0.3055253623449575,0.19598369483041844,0.10388799268589126,0.39460295013873287
26304,0.09816408820121633,0.1485900339887244,0.47478112720099147,0.27846475060906783
26305,0.6128734269306647,0.14304329336773636,0.05028794218207615,0.19379533751952277
26306,0.4120692020045239,0.059613661112787784,0.2688208937544969,0.2594962431281914
26307,0.061084008266852174,0.6218355599205911,0.2733596649866963,0.043720766825860444
26308,0.22746683042299148,0.025991700887605544,0.25388683717855354,0.4926546315108494
26309,0.13931661193939968,0.3779137238273308,0.17937411779493617,0.30339554643833333
26310,0.09864408834530981,0.28353615448267333,0.40279720223005555,0.21502255494196126
26311,0.5330058770296038,0.13178987568638958,0.17797896799892354,0.1572252792850831
26312,0.09609951757393571,0.7248144676882948,0.15321549955452932,0.025870515183240083
26313,0.15132183013109005,0.3932092825272224,0.14683257905245262,0.3086363082892349
26314,0.031616878902828556,0.2891729832936278,0.2074138688150245,0.4717962689885191
26315,0.4875326352405645,0.19600604881584208,0.09005936161807442,0.22640195432551907
26316,0.11426900832020372,0.019874798333321564,0.18197813902436216,0.6838780543221125
26317,0.15651706191963782,0.23482353883110024,0.1355272012120019,0.47313219803726003
26318,0.08566158687447775,0.10914860747645261,0.42414774668874994,0.38104205896031973
26319,0.615538551961256,0.013353411662249631,0.07641294840670562,0.29469508796978877
26320,0.1274742709557658,0.19245855019062666,0.09692717265176412,0.5831400062018435
26321,0.7444281372333366,0.06512551519056901,0.07732854566561696,0.11311780191047736
26322,0.666482608001709,0.12490521099840271,0.09836732537915971,0.11024485562072861
26323,0.044164893876865736,0.7119197652889914,0.2131473179491508,0.030768022884992148
26324,0.19589321941005586,0.12456325361752475,0.08712146702123794,0.5924220599511815
26325,0.11593882484593578,0.04377279794335742,0.4133027930405955,0.4269855841701113
26326,0.8722368167358353,0.029911638890932696,0.07835158450071246,0.019499959872519464
26327,0.6279558963935138,0.01848851646377152,0.03189011804029873,0.32166546910241584
26328,0.32705438158960537,0.5531991168229917,0.02533570319532119,0.09441079839208172
26329,0.1500753047958949,0.042926152151182555,0.4600808517263795,0.346917691326543
26330,0.0709812388866299,0.04395043654135742,0.2119035676904913,0.6731647568815214
26331,0.36477370165477846,0.0735973491295688,0.1024457607713421,0.4591831884443108
26332,0.14817092956858643,0.3675732109147946,0.0761942492670981,0.40806161024952087
26333,0.23006336673024738,0.06268055775960213,0.20992818096003873,0.4973278945501117
26334,0.6605502277277727,0.026873784121467313,0.03888538340163482,0.27369060474912527
26335,0.1792050020306576,0.26418605447982585,0.34834497738502207,0.20826396610449452
26336,0.24829225413356606,0.1505509191397245,0.2535953188309558,0.3475615078957536
26337,0.5249065267905467,0.03792990660319432,0.3759357106798341,0.061227855926424775
26338,0.03933651912030877,0.430233106988483,0.20944801452709738,0.32098235936411085
26339,0.06447489184443156,0.3590462459830178,0.30484792043283254,0.27163094173971813
26340,0.22870339183185148,0.05036564619946729,0.20787405852434007,0.5130569034443412
26341,0.04241995593155761,0.07604941362459708,0.8144210041902525,0.06710962625359282
26342,0.5589224671462903,0.09507676221722854,0.2764501924994477,0.06955057813703334
26343,0.39529721705906196,0.3304116536479984,0.2071668904423649,0.06712423885057475
26344,0.23935403653802043,0.3059426138927972,0.3230299916844293,0.13167335788475304
26345,0.22182931790503416,0.08388718633491349,0.6392786995307886,0.05500479622926375
26346,0.038187713412316596,0.04518118277045848,0.33090691690190593,0.585724186915319
26347,0.15648178571504243,0.684415154897003,0.103639998370362,0.05546306101759259
26348,0.06737478869224996,0.17618419793124485,0.61213478929199,0.1443062240845153
26349,0.03620491705218769,0.051506648279185295,0.7706310643120383,0.14165737035658874
26350,0.3292461062580882,0.05084937028988115,0.19211070956664164,0.42779381388538906
26351,0.018465173380113872,0.5170926693359303,0.3576345088767993,0.10680764840715638
26352,0.04632715959984417,0.34992910127517796,0.16237691031997256,0.4413668288050052
26353,0.05051052899075738,0.5446431253863412,0.11728690155102951,0.28755944407187195
26354,0.22882886090755705,0.250892371933926,0.3642098700940161,0.15606889706450094
26355,0.17562718185002404,0.16304606070313393,0.21506156678400926,0.44626519066283277
26356,0.3176685662895098,0.17035381106536818,0.47665731632324476,0.03532030632187741
26357,0.05812155250930787,0.24880996523835924,0.3627074761830436,0.3303610060692893
26358,0.15707514839961362,0.3345129615380005,0.3838482351979724,0.12456365486441341
26359,0.13115131087440066,0.33195262585179613,0.17334387235764345,0.36355219091615965
26360,0.337523454742807,0.4904821430073763,0.13370019332526747,0.03829420892454919
26361,0.15834845025594588,0.2631344905645112,0.4062328955546546,0.17228416362488824
26362,0.3471871368265634,0.21668640810952625,0.09308958096020124,0.34303687410370914
26363,0.08471120507077032,0.42862816872757814,0.1606691619998564,0.3259914642017951
26364,0.6331646611391704,0.15506969130320022,0.09943147279805609,0.11233417475957343
26365,0.04372347269975563,0.48740488942382,0.13612602348295144,0.33274561439347294
26366,0.38142710328743795,0.2551653577483961,0.26154169976014974,0.10186583920401626
26367,0.3732800790730582,0.1281969344393942,0.15683316907178033,0.34168981741576726
26368,0.19588441500782017,0.10597407271716605,0.5762256413101141,0.12191587096489963
26369,0.08660973510052407,0.4327308469857873,0.21339910527680336,0.26726031263688527
26370,0.5863825478225284,0.2832747121213277,0.07719430424862438,0.05314843580751949
26371,0.05787758346412059,0.12755344006171498,0.3246353254482923,0.4899336510258721
26372,0.13526576396255838,0.7505856948118955,0.07524884351269387,0.03889969771285217
26373,0.15902591100378874,0.7174139110631204,0.07561076228669528,0.04794941564639562
26374,0.16840140984493276,0.13654787958579445,0.4116647848956151,0.28338592567365767
26375,0.07894172535847051,0.12383303919060142,0.7504585766642664,0.04676665878666166
26376,0.6554072035192132,0.20263508299463256,0.08001912136762279,0.061938592118531394
26377,0.24961764285983704,0.3412789912976677,0.19118626788999157,0.2179170979525036
26378,0.14809513298607918,0.12548153498876782,0.5738469218599321,0.15257641016522075
26379,0.04054215526624313,0.13269307884253861,0.7821342961855091,0.044630469705709275
26380,0.09476721096463635,0.24158576036428808,0.5748201527118573,0.08882687595921826
26381,0.7654876777288474,0.07035478820666594,0.1306641633239128,0.03349337074057373
26382,0.4589868233849143,0.2128361049929473,0.2431211734597346,0.08505589816240386
26383,0.0979959152049388,0.8143677336689772,0.05388204812581533,0.033754303000268646
26384,0.21310302499783096,0.12398731755068579,0.5376239264877795,0.1252857309637038
26385,0.0606679587740577,0.5689856821115981,0.185279469433273,0.18506688968107107
26386,0.04334730231026808,0.09350002236301744,0.7914864231158466,0.07166625221086802
26387,0.2730818218457964,0.17082881540250777,0.19985491651180057,0.3562344462398953
26388,0.2708580648492842,0.31391194314924764,0.28834283472169736,0.1268871572797708
26389,0.12149945375121574,0.6582143368318,0.17353071828906755,0.046755491127916736
26390,0.16656984533300506,0.46474799899399283,0.33021121060475755,0.03847094506824447
26391,0.49737126107873014,0.17992785985043921,0.2961890715855919,0.02651180748523882
26392,0.08761073576332631,0.643783022875787,0.21479530589555193,0.05381093546533475
26393,0.09269620114828644,0.29806937152198903,0.3347326718691394,0.2745017554605851
26394,0.4985715509318475,0.1646527030365837,0.13020632748443614,0.20656941854713273
26395,0.8081362348503921,0.07867188101988536,0.0401827439404231,0.07300914018929948
26396,0.6905379959412521,0.07347126814853999,0.12081041727110774,0.11518031863910025
26397,0.30280871286602296,0.17975233270969584,0.34558706468446704,0.1718518897398142
26398,0.5402789680294461,0.16646672223096426,0.05302096635537677,0.24023334338421293
26399,0.21701892540174902,0.5095080883161138,0.06765284596905097,0.20582014031308624
26400,0.46213509769312433,0.07016672202423171,0.22562984064986105,0.2420683396327829
26401,0.3218922948436737,0.3041727012892829,0.26713929761918387,0.10679570624785953
26402,0.030021557621397566,0.6350587227975479,0.13092595346929237,0.20399376611176212
26403,0.1526349595233319,0.7440502849969406,0.03663180387022694,0.06668295160950061
26404,0.7445979474827927,0.057994607683599354,0.10634222766864503,0.09106521716496283
26405,0.048264580324426466,0.8797413241598743,0.04402188581830893,0.027972209697390366
26406,0.32260326927160804,0.1201421061009299,0.4763258644292646,0.08092876019819743
26407,0.15735611796632554,0.11331265706260488,0.5288870671259294,0.2004441578451402
26408,0.2964268724322849,0.11018107174068027,0.34252338768291474,0.2508686681441201
26409,0.1323548608287133,0.6939186119357951,0.09797842010579866,0.07574810712969292
26410,0.12059371012388985,0.06159752001112985,0.5329669697749502,0.28484180009003013
26411,0.19348681198012146,0.5646890839179594,0.228890586582346,0.012933517519573296
26412,0.24764388440511373,0.2456109638305102,0.4626527006482376,0.04409245111613852
26413,0.05833652274379437,0.09300284353519091,0.822826150571965,0.025834483149049712
26414,0.08060499633191386,0.2653309554706494,0.5884451043154351,0.06561894388200167
26415,0.5220449733235255,0.31362531522490505,0.14046521265201184,0.02386449879955757
26416,0.13885787654137388,0.1595048237148025,0.6708438151250756,0.03079348461874802
26417,0.07620396459145236,0.5891227714404301,0.30928527590656146,0.025387988061556118
26418,0.23317426411036987,0.27018616510381294,0.3594705310167805,0.13716903976903666
26419,0.05324075479108483,0.14993647774018704,0.7616127160350116,0.03521005143371655
26420,0.28935270273178537,0.11851761233179653,0.5277677358296731,0.06436194910674495
26421,0.5384293757582478,0.28329645495428984,0.151463061157346,0.0268111081301164
26422,0.1770076687662302,0.3133466740396046,0.4633153347954921,0.0463303223986731
26423,0.0849517813024014,0.45028350889421787,0.43132095124411834,0.03344375855926249
26424,0.38206111049546093,0.26481777275053653,0.314562415435292,0.03855870131871052
26425,0.07790606474433613,0.3017647093563412,0.584622328373556,0.035706897525766584
26426,0.22952649980057332,0.1336127495701701,0.5718039880739666,0.06505676255528992
26427,0.2511218149857428,0.3229257976261969,0.4061703234335559,0.01978206395450449
26428,0.27994550408744784,0.38042598422398716,0.2810599316745751,0.05856858001398994
26429,0.05048563831218857,0.6025548346697926,0.33383106383926675,0.013128463178752128
26430,0.20757353026249195,0.2615401541944865,0.437870497550742,0.09301581799227943
26431,0.2482249096194262,0.5549281645915604,0.18661107307024125,0.010235852718772264
26432,0.05086114736858204,0.6959566244235695,0.21637491588780172,0.036807312320046755
26433,0.33585137462531195,0.2295643379234208,0.3905392875667148,0.044044999884552426
26434,0.21475880172952014,0.48586019308471684,0.26024843686156807,0.03913256832419501
26435,0.4979452674860025,0.23685421153902547,0.2052951975395803,0.0599053234353917
26436,0.3325475343340266,0.16278445560502985,0.483117902355917,0.021550107705026557
26437,0.07863286786636606,0.13090750339181936,0.7680238810081796,0.022435747733634864
26438,0.13357589718854243,0.5174907987182351,0.3270538137087128,0.021879490384509735
26439,0.13057055727861733,0.13932624599139862,0.7075827731690324,0.022520423560951613
26440,0.17127869911111104,0.4251271793051552,0.3870650685299646,0.016529053053769168
26441,0.11292792941300504,0.5967036320245672,0.26292781553902034,0.027440623023407357
26442,0.6437967122805665,0.10270904556011196,0.20537649884913245,0.04811774331018909
26443,0.532367670824681,0.2002230726150315,0.2525631257203885,0.014846130839899163
26444,0.6751943496657712,0.11294595883863395,0.1983957041845754,0.01346398731101945
26445,0.3926216355565195,0.345421750892262,0.23980925405998618,0.0221473594912323
26446,0.36159622931382074,0.4634861194199743,0.15326653329791665,0.021651117968288218
26447,0.15387160966802785,0.5102272796127452,0.31383833947538925,0.022062771243837823
26448,0.4649410517975107,0.26544231981440786,0.23504765208687992,0.034568976301201586
26449,0.4965093817177241,0.21092500926221272,0.032667852972038794,0.25989775604802434
26450,0.2998958910772574,0.25146012665855993,0.013993953722765323,0.4346500285414174
26451,0.2665471377675239,0.4449120849507176,0.2239458863533293,0.06459489092842913
26452,0.05684187451373428,0.5679770142725131,0.10622303813540804,0.26895807307834463
26453,0.03938851051610653,0.3430015433715688,0.5159789917682106,0.10163095434411408
26454,0.2968011167057406,0.07089206061027781,0.1933590816318036,0.438947741052178
26455,0.07708661468377372,0.526864260181889,0.02994764518194674,0.36610147995239045
26456,0.16715564428832796,0.19589693487299814,0.21769894344329832,0.4192484773953756
26457,0.10206475705209828,0.1897441220488726,0.4056980317415015,0.3024930891575276
26458,0.1687047579350041,0.42592507694727044,0.06058679980577049,0.34478336531195486
26459,0.021602312061969234,0.06474800775356929,0.5497662504706312,0.3638834297138303
26460,0.0672586950052026,0.40981831441259153,0.046206179281862866,0.476716811300343
26461,0.11014106474368345,0.3934049022258823,0.30640291265281533,0.19005112037761898
26462,0.3925793533212616,0.35814568957823806,0.024470187515348678,0.22480476958515172
26463,0.09889253336301815,0.09570511835980867,0.5659942729987705,0.23940807527840277
26464,0.01643174400621001,0.3512009698731521,0.2765419389991327,0.35582534712150526
26465,0.04048379041789868,0.48036369906791815,0.13368727424221877,0.34546523627196446
26466,0.09006988616199743,0.5285466966491909,0.013070614300186327,0.3683128028886254
26467,0.6620791655458552,0.056894223590817326,0.03809970293246681,0.24292690793086064
26468,0.43357533697311124,0.3804155924461753,0.16953665523090267,0.016472415349810754
26469,0.34032672197396713,0.33112299613436974,0.28861420043882446,0.039936081452838716
26470,0.12163928124334619,0.4787770153392928,0.33385849590258454,0.0657252075147764
26471,0.4376801999047342,0.22779436138035608,0.32383228738154457,0.010693151333365146
26472,0.048952859864941176,0.08576195576084178,0.8520051309202399,0.013280053453977207
26473,0.5560335219610768,0.1552727950764869,0.23639658320460818,0.052297099757828126
26474,0.0866124526853937,0.3419811399028014,0.5435486600816964,0.027857747330108453
26475,0.25577751561634515,0.15314161823006114,0.5353187114254402,0.055762154728153664
26476,0.09348671597165988,0.5640523264653745,0.2065483986633696,0.13591255889959608
26477,0.2647407087969222,0.23986830846410545,0.4732741518810241,0.022116830857948182
26478,0.17491046756361314,0.4297180537365298,0.3613734384345772,0.03399804026527987
26479,0.13571289176526963,0.4238121467499011,0.3895660767722176,0.05090888471261164
26480,0.4748359248273096,0.24761290120259702,0.22441249757504686,0.05313867639504653
26481,0.11947200244680106,0.10045145955783348,0.7443564647127721,0.03572007328259346
26482,0.23365081196022006,0.28031555015903187,0.43963383314630317,0.04639980473444482
26483,0.4792248427221326,0.30502143943312254,0.17504472680649744,0.04070899103824744
26484,0.08727578839764441,0.1530877002977291,0.726717018301276,0.032919493003350536
26485,0.0981564862124214,0.7462369444873983,0.136405790428452,0.01920077887172835
26486,0.31881144963428626,0.2888542838729935,0.3436295545716688,0.048704711921051316
26487,0.03182008895445482,0.15070656053329853,0.7834384739390381,0.034034876573208625
26488,0.2804456346466852,0.34106011452535273,0.2788265976414262,0.09966765318653592
26489,0.31976286426798717,0.23404233762063562,0.35039257303293925,0.095802225078438
26490,0.23089050547337017,0.28513803046366454,0.4080538100368227,0.07591765402614267
26491,0.3958408786226766,0.418655137386315,0.15482199616742714,0.030681987823581284
26492,0.17358834651595814,0.46560406450472297,0.31196514141043596,0.04884244756888285
26493,0.06864793090681422,0.11202943379122512,0.7443427169656407,0.07497991833631992
26494,0.25448383351937254,0.5454439659917076,0.14265912592085073,0.05741307456806899
26495,0.5630420366523409,0.1940159832454349,0.15219416422996215,0.09074781587226215
26496,0.1809189729396138,0.10358795712260956,0.6875211763780893,0.02797189355968742
26497,0.2664896146759033,0.1419325156792416,0.554328472265658,0.03724939737919714
26498,0.4631234350850426,0.1792866118335329,0.17872112065988022,0.17886883242154417
26499,0.28132947849462264,0.12952712473441677,0.4688496467815351,0.12029374998942546
26500,0.20112163129790622,0.49726241303581664,0.23464629436874387,0.06696966129753325
26501,0.4974357417924836,0.21250342490239363,0.20487500393690972,0.08518582936821305
26502,0.3073793364974353,0.2505289671405095,0.35175457083178174,0.09033712553027336
26503,0.1269350465755424,0.6816786266043915,0.1592765751009373,0.03210975171912876
26504,0.16203537364456388,0.1844755538128217,0.4966875985719893,0.15680147397062513
26505,0.0670506362737151,0.5364140135770199,0.29173784787980006,0.104797502269465
26506,0.13849666790350637,0.34190501120139727,0.2810152369985329,0.23858308389656346
26507,0.6258906547502118,0.17116115445035582,0.088142039513531,0.11480615128590145
26508,0.2766064195146066,0.45052382156526327,0.03379104652203605,0.23907871239809406
26509,0.21269099048931492,0.639020108582001,0.05924094289963783,0.08904795802904626
26510,0.36045446710357604,0.24000577307837664,0.13729993165958623,0.26223982815846114
26511,0.0837626813120627,0.5954765581522838,0.2756492164271844,0.04511154410846915
26512,0.0910717622495083,0.43262483174837446,0.1279233782848037,0.34838002771731347
26513,0.1131611571483778,0.4975414147786499,0.33397685069081146,0.05532057738216081
26514,0.10602548122487648,0.4942866866517942,0.19488799175702223,0.20479984036630702
26515,0.5009252822283433,0.08996797922060847,0.37583876489514356,0.03326797365590453
26516,0.3591698585479627,0.1665474668906872,0.17324130855065642,0.30104136601069376
26517,0.338930657086173,0.3288276137210469,0.16687632528806862,0.1653654039047114
26518,0.1819694941131435,0.09218116353662723,0.4864823592296468,0.23936698312058258
26519,0.5892523493876107,0.12181993902531255,0.1245503462434395,0.16437736534363723
26520,0.8127523497246035,0.08009054806438855,0.03457581641196989,0.07258128579903798
26521,0.176979769522718,0.5885133955596948,0.04329216098771882,0.19121467392986838
26522,0.903509241782749,0.051036036603103185,0.026630278859005256,0.018824442755142504
26523,0.0951982990992872,0.5683443120655988,0.2028528217740935,0.13360456706102047
26524,0.47956999849928955,0.14623077773810939,0.07664716115629686,0.2975520626063043
26525,0.4223480704607268,0.09693695936469233,0.1599693546823159,0.32074561549226493
26526,0.11871394519929711,0.6631285165989294,0.1797727126086837,0.038384825593089825
26527,0.24068960569323047,0.20568358357220023,0.39023469123806226,0.16339211949650695
26528,0.04085589180733532,0.46782072116338935,0.44883457927041015,0.04248880775886527
26529,0.18354708856569843,0.18599117610382795,0.5815759918086684,0.0488857435218052
26530,0.5507820253545287,0.2642275620791265,0.11452909039565826,0.07046132217068661
26531,0.24053454631575819,0.30042430646890406,0.358031430148123,0.10100971706721473
26532,0.18080053253827802,0.6697143458655421,0.10107272035210454,0.0484124012440753
26533,0.15085705447721254,0.5914636690877705,0.19700088234144555,0.06067839409357146
26534,0.7570012952146082,0.13408332134091844,0.07641901265770948,0.032496370786763755
26535,0.04623715156893133,0.4386231938846797,0.457506578966174,0.057633075580214986
26536,0.1656028662305339,0.2714370109604983,0.254953921378084,0.3080062014308838
26537,0.4209802229714387,0.4021575204774539,0.1111469753178317,0.06571528123327565
26538,0.08118412243605302,0.08160464159588486,0.6730504710791168,0.1641607648889453
26539,0.10087036179555266,0.49801554550232435,0.34685635872869647,0.054257733973426446
26540,0.26330561495329563,0.41225539042472553,0.257238122400847,0.06720087222113187
26541,0.5195870835529736,0.1522966960048321,0.06971970289820985,0.25839651754398457
26542,0.49357198735824054,0.2517224686398509,0.12050098006476734,0.13420456393714125
26543,0.22550607227713382,0.5552300870435379,0.04851553178899905,0.1707483088903291
26544,0.13280483872551388,0.5174696878634559,0.13294516887728372,0.2167803045337465
26545,0.3352268354571295,0.18828967250331125,0.14685141135164045,0.3296320806879188
26546,0.26614533282565256,0.29849496367060674,0.32259040043719667,0.11276930306654404
26547,0.6924878957941021,0.11021800235312487,0.08519415898079553,0.11209994287197747
26548,0.5961803992503544,0.10001425626877576,0.2637753156900112,0.04003002879085864
26549,0.07757294148797346,0.23150342969639742,0.5848386897795951,0.10608493903603389
26550,0.22727158390658328,0.07741924041809921,0.6503177211990262,0.044991454476291326
26551,0.07324145043224758,0.4346723016700744,0.420194933072514,0.07189131482516395
26552,0.42037325937122766,0.12135944716215133,0.30809484820599026,0.15017244526063073
26553,0.34021576824103006,0.45421661566375965,0.10767221226752921,0.09789540382768112
26554,0.2929466856704741,0.3961123312716118,0.27468882500496644,0.03625215805294771
26555,0.11957890544976811,0.17778954708202746,0.45122086365342134,0.25141068381478315
26556,0.38525721015069514,0.17701268731447675,0.23417056649784443,0.20355953603698365
26557,0.3171150952214423,0.12168829208310479,0.2504996911510855,0.31069692154436734
26558,0.19975558341412536,0.19337550935461117,0.5396747993549559,0.06719410787630758
26559,0.407250403092374,0.34807665542436633,0.08690512729426951,0.15776781418899025
26560,0.11012816777767276,0.15576530293366145,0.6542954671930787,0.07981106209558708
26561,0.08805594590723569,0.5712292600701224,0.14413946714747333,0.19657532687516865
26562,0.16485006751304201,0.352370523850335,0.38773787363719936,0.09504153499942355
