No,Ch1,Ch2,Ch3,Ch4
21566,0.18457208788794602,0.08963907140567347,0.46248308594810594,0.26330575475827456
21567,0.031148399763816205,0.43401141045991226,0.409971832611811,0.12486835716446039
21568,0.3472080058167677,0.45728712964326734,0.10810770250057285,0.08739716203939206
21569,0.6346392546112993,0.08971759915060855,0.14524986827093353,0.13039327796715852
21570,0.07997026223941765,0.4341914013310596,0.4322258606250315,0.0536124758044911
21571,0.07952009594075275,0.6866991859338475,0.13806329421544591,0.09571742390995389
21572,0.1634540355524123,0.051119240910903536,0.6435396701639162,0.14188705337276802
21573,0.12856312376460036,0.19656437643042898,0.19697108186618764,0.47790141793878316
21574,0.12751528451949662,0.3492415131031706,0.44431174562985826,0.07893145674747447
21575,0.03127001153665783,0.05903553369340926,0.7615177784716843,0.14817667629824846
21576,0.22873258945445735,0.3105542876605551,0.32661340091968305,0.13409972196530437
21577,0.2696625857248364,0.12289899599688545,0.5405197097921193,0.06691870848615879
21578,0.37056340178805397,0.34936292077072406,0.17737113808467733,0.10270253935654469
21579,0.08480254204596524,0.22964548338805868,0.20769529146335,0.47785668310262597
21580,0.030279073267619888,0.5990114477403484,0.23503863309644513,0.1356708458955866
21581,0.5821776845817004,0.05376189969073052,0.16556890518913653,0.19849151053843256
21582,0.1129386030396846,0.22521975173436712,0.43479122709222323,0.22705041813372512
21583,0.19788995447661428,0.21034832535667616,0.2983438522523581,0.29341786791435137
21584,0.2844447958936294,0.34781672064890806,0.06101342012735257,0.3067250633301099
21585,0.26782587747066217,0.3457035176537315,0.17835465692045935,0.20811594795514698
21586,0.19145233751948382,0.4611188487826786,0.23047542279855654,0.11695339089928106
21587,0.03264207123911272,0.4592931333667853,0.3098702370976067,0.19819455829649546
21588,0.03517904812783276,0.08059960910499288,0.614991974137906,0.2692293686292684
21589,0.212086474372777,0.06285627759331211,0.5518171723415222,0.17324007569238883
21590,0.04002122270407887,0.14497399120944285,0.5978231190396579,0.2171816670468203
21591,0.05170863541688877,0.25751072448123524,0.41634327733835164,0.2744373627635244
21592,0.1344457346409907,0.26137807937584756,0.10275773295566445,0.5014184530274973
21593,0.3588836067970778,0.23340741624816716,0.24216384132253324,0.1655451356322218
21594,0.11143313672088757,0.17528638224797077,0.29440995377453955,0.418870527256602
21595,0.2670233329683362,0.23454899247855104,0.07714662417955258,0.4212810503735601
21596,0.18733025490597455,0.5868034251615831,0.1001102088502742,0.12575611108216822
21597,0.3176125716642569,0.40499814866418726,0.07831718913250912,0.19907209053904656
21598,0.085022365998026,0.4210555784689495,0.3317779268167569,0.16214412871626757
21599,0.19869387941099187,0.411287867539079,0.3038746880980672,0.08614356495186193
21600,0.09475075545057987,0.19585340195890877,0.11408502518997711,0.5953108174005343
21601,0.062022568674773425,0.24973394370837734,0.23038046515427757,0.45786302246257166
21602,0.03580336631046487,0.420023564479363,0.40076294676397356,0.14341012244619855
21603,0.4769988087138521,0.0609260011168215,0.2116551724245683,0.2504200177447583
21604,0.03674206042587369,0.3049292276952982,0.4032906462986027,0.2550380655802254
21605,0.3240928095068804,0.0742433033825436,0.4145447289002414,0.18711915821033467
21606,0.2193934912721702,0.05243267163813299,0.4513670467655707,0.27680679032412614
21607,0.5326540256987645,0.06798440880106497,0.08314904865574832,0.31621251684442214
21608,0.4971027049512583,0.3171297378603513,0.023083840349684748,0.1626837168387055
21609,0.07419358528537756,0.0827650080280047,0.552685825671046,0.2903555810155719
21610,0.35074980572443853,0.352209299801681,0.044731632751144314,0.25230926172273604
21611,0.0824150278277256,0.05843501235759027,0.5434010549506567,0.31574890486402746
21612,0.36430918012171487,0.15651963456054024,0.38766994522377546,0.09150124009396955
21613,0.06931196722321957,0.15659389927830994,0.44623569130556057,0.3278584421929099
21614,0.11297531647055,0.4057654108903305,0.3296447959859212,0.15161447665319824
21615,0.40699374491561324,0.32923454793579315,0.044590069636902346,0.2191816375116913
21616,0.38452037891563134,0.019990225467733238,0.4755795323658941,0.11990986325074131
21617,0.3435644539987012,0.35385961102174157,0.1746297023352601,0.1279462326442972
21618,0.29163490790373836,0.10389476790977248,0.31278731489551115,0.29168300929097807
21619,0.16661134348053636,0.14213813567342357,0.19462604769569936,0.4966244731503407
21620,0.1382953030305879,0.5316358010212691,0.1104765867959349,0.21959230915220815
21621,0.3053721768532823,0.25175883208330246,0.27155000975060395,0.17131898131281145
21622,0.21432367649102316,0.2767582677947454,0.15750555627150112,0.35141249944273034
21623,0.3098013878931354,0.5649103895069759,0.052119764355129154,0.07316845824475965
21624,0.5527136658999284,0.23856691184236353,0.0824243970614489,0.12629502519625915
21625,0.13843615369350692,0.18386751241865015,0.5171509179892055,0.16054541589863752
21626,0.6207830268292196,0.11817662396113776,0.12955160405755647,0.1314887451520862
21627,0.096380472767836,0.42662450721903583,0.3246656023805943,0.152329417632534
21628,0.04318917937728286,0.801689831147333,0.10767979045498766,0.04744119902039656
21629,0.4893231644398552,0.28530299876383924,0.11187978622953493,0.1134940505667706
21630,0.21701826928038415,0.30874887083018754,0.20286428708808193,0.27136857280134635
21631,0.10034963024164122,0.044209772261638934,0.8208584326950364,0.03458216480168349
21632,0.04575586822272004,0.4660418930193854,0.333610011258338,0.1545922274995566
21633,0.1309722333389662,0.5861190356633422,0.12681114829662596,0.15609758270106563
21634,0.0434212487598438,0.8644733710672708,0.044945648697964816,0.04715973147492075
21635,0.018723742410179347,0.7822237480496261,0.15118363464822018,0.04786887489197432
21636,0.600462901391574,0.17989314377660612,0.09248156528689833,0.12716238954492165
21637,0.33215639876677444,0.498151545313402,0.05926722714320453,0.11042482877661915
21638,0.040399169348636736,0.543949322254361,0.34340219941276134,0.0722493089842409
21639,0.16354083555757107,0.6898571267539991,0.09847281651259293,0.04812922117583677
21640,0.38195320195406335,0.4707793631601976,0.035495497136678746,0.11177193774906033
21641,0.10582650604237741,0.3148900032141722,0.530544401059395,0.048739089684055284
21642,0.4147494168576836,0.34089487906769533,0.16818782891121054,0.07616787516341053
21643,0.05722015745600781,0.3113463173370575,0.529995717779198,0.10143780742773673
21644,0.38400849405251447,0.3327364155566663,0.14435048421390545,0.1389046061769137
21645,0.08005381808849778,0.6411864006986786,0.20728870180002254,0.07147107941280131
21646,0.2451137412597185,0.28273592579976436,0.41500687252160046,0.05714346041891663
21647,0.2654807232045595,0.25817211304931026,0.42185383000246657,0.05449333374366346
21648,0.35916513856453675,0.1046548963162195,0.4492155426352669,0.08696442248397687
21649,0.48841872783689944,0.11763718592741078,0.3433748612396861,0.05056922499600367
21650,0.1912639214981954,0.3894256356089892,0.3472605206862768,0.07204992220653852
21651,0.6367458766326506,0.07716630411085171,0.15555552177058846,0.1305322974859095
21652,0.09120715964054273,0.22273322578607063,0.34231129928767107,0.3437483152857156
21653,0.649989187039397,0.18268522854362307,0.09213595977423876,0.07518962464274137
21654,0.6221922238019633,0.16174632322347499,0.12598859465903542,0.09007285831552637
21655,0.43691057139920714,0.029847812476254558,0.4758363056024361,0.05740531052210215
21656,0.549980081859678,0.1403670648506824,0.22100431991130018,0.08864853337833938
21657,0.5672605712498452,0.0970886839422559,0.21660087411648135,0.11904987069141756
21658,0.43989445266024624,0.11148613487225449,0.3685898397848185,0.08002957268268081
21659,0.6983722033044881,0.11627415880821293,0.10513888778035899,0.08021475010693996
21660,0.2236087251222816,0.12308886318586354,0.40649457909637593,0.24680783259547898
21661,0.09305457270906478,0.43177215225165616,0.26838491361157457,0.2067883614277045
21662,0.04725859217085287,0.7501796944189583,0.04727399873819885,0.15528771467199015
21663,0.14537342917908747,0.14040360430785745,0.5509323156126413,0.16329065090041378
21664,0.07144423146328915,0.4019128059532792,0.2532685499082675,0.27337441267516405
21665,0.43759511698118464,0.2567888302060966,0.17458633845015997,0.13102971436255872
21666,0.08127736272282798,0.4642438089947839,0.29207412985578773,0.16240469842660027
21667,0.05125921154175039,0.51631807761433,0.2826666605480051,0.1497560502959144
21668,0.36716890492932297,0.2496075470603747,0.19925512965805287,0.18396841835224953
21669,0.2611014915433171,0.28457444153996425,0.10780695960836732,0.3465171073083514
21670,0.13428218883140972,0.6212280493070905,0.1050613022329869,0.13942845962851275
21671,0.08195228063620379,0.36277370215414695,0.4861585895811165,0.06911542762853273
21672,0.044639644446706137,0.22574328861273676,0.5975007924220955,0.13211627451846156
21673,0.5265688788096444,0.17452759595065354,0.05735883713028286,0.24154468810941923
21674,0.44774339924728057,0.16280564485352142,0.2677145037883584,0.12173645211083964
21675,0.3210028256781393,0.25333500352610755,0.1834524875560685,0.24220968323968456
21676,0.12840766980422152,0.603684198495625,0.12205089216975595,0.14585723953039761
21677,0.5093480437368615,0.08169313255501116,0.2923474816439215,0.11661134206420587
21678,0.11395522887576306,0.5577542823836349,0.26519622970359613,0.06309425903700591
21679,0.258002684482445,0.4642269390478106,0.10417198090820604,0.1735983955615382
21680,0.2072902182451652,0.07975287154082282,0.6557284249460245,0.05722848526798739
21681,0.31857456764869607,0.08991943991817282,0.25768196620813416,0.333824026224997
21682,0.45017537366991517,0.2904932324399899,0.07163577434635562,0.18769561954373937
21683,0.2844057556227063,0.03581058004534357,0.5279577750097377,0.15182588932221247
21684,0.4109452924172088,0.06243658371154451,0.326078484306093,0.20053963956515367
21685,0.25392962944202674,0.24492743477790688,0.1885715230092553,0.3125714127708111
21686,0.09704445614060288,0.39633630927426566,0.37750214372194263,0.12911709086318887
21687,0.15291586192836365,0.07558200278849053,0.610231171337146,0.16127096394599985
21688,0.27015997932880775,0.2126574555207517,0.14193933305507161,0.375243232095369
21689,0.19865448529485596,0.5757303038776466,0.10550786153038552,0.12010734929711187
21690,0.7565314318370764,0.15426750218710805,0.02444635559253226,0.06475471038328352
21691,0.11717880670821473,0.6271982135013403,0.1165638597225517,0.13905912006789323
21692,0.0434696650800987,0.31063732452490433,0.5770014378288412,0.0688915725661557
21693,0.07100940020556055,0.734563555542635,0.051117287280228595,0.1433097569715759
21694,0.17461818329043502,0.27868999889796614,0.35381935056079034,0.1928724672508084
21695,0.34321171855596555,0.36121289024962916,0.24359430677739327,0.05198108441701198
21696,0.6410627940695494,0.17882593939357383,0.050569473618277926,0.12954179291859885
21697,0.4761211176354672,0.1420354227602628,0.3002373255703261,0.081606134033944
21698,0.1771667235723019,0.04217478987443925,0.7308418892879354,0.04981659726532341
21699,0.20769949246244537,0.4664869491449824,0.025495380318959038,0.30031817807361316
21700,0.314855174478158,0.24883732672055395,0.155798836244062,0.28050866255722595
21701,0.4150675783051793,0.10687789716047517,0.09098291002016644,0.38707161451417904
21702,0.03888734821461842,0.43268564067845916,0.11050783164650907,0.4179191794604133
21703,0.07408104258650519,0.274954123498195,0.05475591535219857,0.5962089185631012
21704,0.10611950524383197,0.2501683016484397,0.21676619833623736,0.4269459947714909
21705,0.13815619995776318,0.04662844650145233,0.2596987787886094,0.5555165747521751
21706,0.08970182003865448,0.3229029926307227,0.06244012126579773,0.5249550660648251
21707,0.09018979877388034,0.5148923851921914,0.12266859126902875,0.2722492247648996
21708,0.04187301436873983,0.40417054047264495,0.09790787631456693,0.4560485688440483
21709,0.21688039406828324,0.10979761750430525,0.03679294847900947,0.636529039948402
21710,0.30793021767767764,0.05393082727233199,0.04623393898340418,0.5919050160665862
21711,0.061270938788796525,0.5143107251226295,0.12145849003623299,0.30295984605234083
21712,0.0776695246232834,0.17314720156144936,0.037015011397454486,0.7121682624178127
21713,0.42518409219705955,0.07298192322969649,0.09428469679212366,0.4075492877811202
21714,0.04005709773425595,0.45401687523882933,0.03312873127608929,0.47279729575082524
21715,0.4720585149268026,0.13618814590661785,0.1212434093202905,0.2705099298462889
21716,0.12417753852631251,0.12113573978366392,0.1089350211536273,0.6457517005363963
21717,0.17340459088994653,0.0428634825415348,0.33222287441632914,0.4515090521521895
21718,0.42188097126653895,0.38779376172348434,0.02087570476754973,0.169449562242427
21719,0.2160977833562733,0.1887423789360041,0.15391174079049047,0.44124809691723216
21720,0.4525728223619356,0.15224609253546817,0.06398517736127553,0.33119590774132074
21721,0.1412629344906718,0.28231024179821557,0.33770886575431563,0.2387179579567971
21722,0.5707799197768154,0.20063786169265008,0.03227385034554364,0.19630836818499095
21723,0.051446424366646044,0.33804099988771286,0.2219496816755416,0.3885628940700995
21724,0.389291061860965,0.22550039216238899,0.19296918649236114,0.1922393594842849
21725,0.08563981815586076,0.21528294359841563,0.29084589584816306,0.40823134239756054
21726,0.025000806523624828,0.43688007985120764,0.32365997861682233,0.21445913500834513
21727,0.22031792344009957,0.04738782453004447,0.5531908504332227,0.17910340159663315
21728,0.0869630698442708,0.102989876595782,0.4023253221139299,0.4077217314460172
21729,0.2627880669843332,0.28623861390696986,0.14059428915770353,0.31037902995099337
21730,0.49142198205344395,0.07604779668716105,0.06282924040222167,0.3697009808571733
21731,0.3096733146569641,0.15689753912125226,0.3355857179588095,0.19784342826297413
21732,0.3115795376134981,0.258659652813878,0.08272837031747995,0.34703243925514393
21733,0.3128259333503304,0.5051709425612776,0.07106315965212043,0.11093996443627156
21734,0.06554108995164877,0.5623748713986819,0.18053325205290202,0.19155078659676722
21735,0.2715692153538376,0.38006645692614655,0.06452423621838459,0.28384009150163125
21736,0.5627877631007889,0.18321892452578806,0.0986146722230615,0.1553786401503616
21737,0.29404471564460205,0.10652166343654397,0.5436210677974253,0.05581255312142871
21738,0.36806495953041246,0.32767406792413095,0.26548113075501684,0.0387798417904397
21739,0.11267508765124952,0.5721891871884265,0.2748731433169882,0.040262581843335594
21740,0.061968329977700624,0.7318092993740755,0.17751339218746456,0.02870897846075938
21741,0.07659329251582747,0.6216348631179356,0.20939086855008365,0.09238097581615343
21742,0.2839694804177595,0.15712399280387637,0.4971167110759189,0.0617898157024451
21743,0.4343032328043735,0.4603343870122874,0.03887778700856113,0.06648459317477788
21744,0.26666263530282625,0.1823542143816389,0.5171659821652556,0.03381716815027929
21745,0.2462067252295655,0.30763560734786755,0.33635327124006387,0.10980439618250298
21746,0.24343672744637526,0.6347206624950824,0.06204836328472203,0.059794246773820406
21747,0.44379275399785595,0.3472925873128142,0.16649403330586007,0.0424206253834697
21748,0.35171358343895,0.47641491613853354,0.13180201348393011,0.04006948693858633
21749,0.06486899072933293,0.5740642575973185,0.3071017597786072,0.05396499189474123
21750,0.05902892673698598,0.1395157157419383,0.7133188418058322,0.08813651571524342
21751,0.5267288532338807,0.041314258912754045,0.400124565119663,0.03183232273370221
21752,0.47824121003109576,0.17433575124123307,0.21828313949289382,0.12913989923477742
21753,0.24805878298725886,0.31073093751460934,0.3527289050649303,0.08848137443320159
21754,0.05891633613381519,0.6772985137437498,0.16243513659427894,0.10135001352815598
21755,0.1686728066831889,0.46503198041301624,0.292673122994345,0.07362208990944989
21756,0.11129441718438814,0.2799662022550677,0.12728636021197953,0.48145302034856474
21757,0.15564429774670915,0.43352948418360915,0.03456787591878218,0.3762583421508996
21758,0.24720130427064885,0.1392791283355329,0.19068681308427968,0.42283275430953843
21759,0.27951040497996166,0.3138171483119187,0.2238039272873435,0.18286851942077614
21760,0.1372684492956799,0.03978253065234694,0.3908291477001634,0.4321198723518099
21761,0.10619109550293472,0.13544545967909297,0.4946874185633857,0.26367602625458647
21762,0.038718762082659355,0.6332688569341474,0.026816498789983493,0.3011958821932099
21763,0.4648671429883145,0.04300169287349047,0.03401264235710804,0.458118521781087
21764,0.16933225991732595,0.03816051533285817,0.545524126207024,0.24698309854279196
21765,0.4494524348449241,0.0945774637750108,0.07627118556300397,0.37969891581706117
21766,0.10267650071706502,0.18452874152765686,0.029477986539656862,0.6833167712156212
21767,0.09864604769782287,0.12679773586091023,0.322298536143661,0.4522576802976059
21768,0.22764721141141783,0.2571235700440726,0.2817096897902287,0.23351952875428084
21769,0.16170033105675896,0.14032775564193614,0.10092934824730115,0.5970425650540038
21770,0.124904097071768,0.2649063121052179,0.3221685870949664,0.28802100372804773
21771,0.04200303664627905,0.0931051760657091,0.34555380666061625,0.5193379806273956
21772,0.1495703322629616,0.31845736529684354,0.2141896607273135,0.31778264171288134
21773,0.10264645353327342,0.3063386075211815,0.04550710021569332,0.5455078387298516
21774,0.026891498196494393,0.06738965983187431,0.622628869247635,0.28308997272399633
21775,0.1996541549036876,0.28278905810022215,0.21129431841602236,0.3062624685800679
21776,0.3861236793597225,0.20020206281246455,0.14816188446693343,0.2655123733608794
21777,0.05623191739804193,0.03758353784795951,0.576068994868529,0.3301155498854695
21778,0.20847656227349298,0.10121681784035316,0.1503706064068592,0.5399360134792947
21779,0.3259864289914277,0.1745401281458446,0.0718222900714927,0.42765115279123506
21780,0.15048649667106842,0.07599174087492735,0.48239893428185426,0.2911228281721499
21781,0.06812782158679627,0.04762532352723275,0.6045925295897,0.27965432529627104
21782,0.3853943286757739,0.013784343655542448,0.4227285853180195,0.17809274235066408
21783,0.2497871124849909,0.09844530283166061,0.1555892061318763,0.49617837855147223
21784,0.557930189625893,0.2171850164076384,0.05317468155666701,0.17171011240980164
21785,0.18609560350116439,0.4938304397618643,0.2009034948574182,0.11917046187955313
21786,0.08050228737101146,0.052077996093756185,0.25451021286306125,0.6129095036721711
21787,0.08692441535520237,0.39598825118703673,0.06689885880017477,0.4501884746575861
21788,0.41152870168077055,0.19377541464890302,0.054750596379515126,0.33994528729081147
21789,0.11211312647158521,0.21769381993907475,0.27410280598917985,0.39609024760016026
21790,0.5291712740485942,0.08759198801780446,0.11108128656100286,0.2721554513725984
21791,0.2696069029340061,0.131654312356597,0.19227017519007705,0.40646860951931985
21792,0.05047601484678399,0.2665606502518166,0.4559367430145979,0.22702659188680158
21793,0.1196434530221745,0.2289586388276124,0.4944678399609996,0.15693006818921346
21794,0.027110002898168863,0.5389128482878338,0.261667760532967,0.17230938828103048
21795,0.18313125147248308,0.026401815913680172,0.5995567209870979,0.1909102116267389
21796,0.2308513815075476,0.3156922209801432,0.15789448965336042,0.2955619078589488
21797,0.23005832612071178,0.38340643810949365,0.17627850433322018,0.21025673143657442
21798,0.3420224971149967,0.05747653095772846,0.39314254953757716,0.20735842238969776
21799,0.0682290999707951,0.09578442401135757,0.20411964923780065,0.6318668267800467
21800,0.07274461266534794,0.12856063240655544,0.2910600274750442,0.5076347274530525
21801,0.14606801023614727,0.16126232650312006,0.3118891177964473,0.3807805454642855
21802,0.033570825772276255,0.23849229485227322,0.35263304636668613,0.37530383300876435
21803,0.09238979665569295,0.13262233502943815,0.5053907160975177,0.26959715221735103
21804,0.16721711727682256,0.5505695497888508,0.11710018062782314,0.1651131523065036
21805,0.4469615624001353,0.06174373213908788,0.15764054297145336,0.33365416248932345
21806,0.06814052181791067,0.4278243918511705,0.23544884804222244,0.2685862382886964
21807,0.11448702025281277,0.4840267902134832,0.1322316008856918,0.2692545886480122
21808,0.3106622704010245,0.1363107000078458,0.19170660618922558,0.36132042340190407
21809,0.5688059058695518,0.07396996927922657,0.05550324227283892,0.3017208825783827
21810,0.511182588119791,0.08015008725473195,0.2635479328734439,0.14511939175203317
21811,0.1955255746118144,0.44968182362152737,0.2661422081088696,0.08865039365778861
21812,0.15394564216641002,0.08306422653515139,0.4478115480514806,0.315178583246958
21813,0.17203695868574193,0.5859828244327452,0.07193528270708263,0.17004493417443023
21814,0.08968754483331189,0.23724709854726586,0.4403439420937787,0.23272141452564366
21815,0.277722413693927,0.08435608947676972,0.2999594678117773,0.337962029017526
21816,0.2665354682557741,0.5401147697046556,0.057511395584299144,0.13583836645527117
21817,0.01967593874785332,0.05151753611896652,0.7858592821657101,0.14294724296747002
21818,0.052623627576834545,0.09194633989487867,0.4135386558076991,0.44189137672058765
21819,0.155840916633048,0.24415866092093838,0.1098167260855054,0.49018369636050824
21820,0.4569541566240595,0.1698874529283519,0.12432604922431267,0.2488323412232759
21821,0.12312132298227754,0.16414464951383365,0.5342858817545425,0.17844814574934637
21822,0.2910658601768718,0.5775011988391252,0.05379484564720799,0.07763809533679498
21823,0.11477277129489183,0.5018424127170628,0.22731096627048142,0.15607384971756402
21824,0.10498095860929967,0.5854551523927592,0.22911557046339645,0.08044831853454469
21825,0.04337446950057193,0.5081038071262737,0.12973384086574116,0.3187878825074133
21826,0.20347568888849854,0.4185726153538243,0.2981780486267807,0.07977364713089642
21827,0.036250550511910916,0.08133618299874963,0.7590043096676119,0.12340895682172752
21828,0.07403121274126707,0.5335722063811965,0.13896021202201292,0.2534363688555234
21829,0.06899097714089589,0.12252713108371513,0.5572430186410732,0.25123887313431587
21830,0.024154194235187255,0.1028858229277804,0.652328716731957,0.22063126610507539
21831,0.21368759742668822,0.3921173845728678,0.10350440282319959,0.29069061517724426
21832,0.2335309368345557,0.4258916408949219,0.07723613377779082,0.2633412884927315
21833,0.525313691820276,0.04981533278557703,0.2695382295417945,0.15533274585235265
21834,0.4900764192555893,0.21932609897100014,0.10127844674334452,0.18931903503006614
21835,0.07843434273189458,0.3396289157455199,0.15243071605671413,0.42950602546587135
21836,0.031141603504331945,0.05445062285968836,0.7068943083137561,0.20751346532222364
21837,0.11819638979681148,0.05230501460090425,0.45148379717462056,0.3780147984276638
21838,0.24718068824664738,0.08503215834195697,0.4687903939624601,0.1989967594489355
21839,0.11916035270532731,0.44889231196084894,0.2531764094274107,0.17877092590641297
21840,0.5196226606469381,0.03332364668350587,0.3168375720796894,0.1302161205898668
21841,0.413350248595393,0.20347421433575266,0.13949220005232665,0.24368333701652767
21842,0.042958704209617705,0.2251714505818805,0.520905934248855,0.21096391095964684
21843,0.5791967109568711,0.07116133570602878,0.09314219317739322,0.2564997601597069
21844,0.04580839497041448,0.5221213400011449,0.22219245706050708,0.20987780796793357
21845,0.2692000169192163,0.14546655988757848,0.3391526553840189,0.24618076780918643
21846,0.06473845100747813,0.39242554606712476,0.23737081490248388,0.30546518802291317
21847,0.21503971572434,0.07898562230666498,0.575921932741818,0.1300527292271771
21848,0.07004094909303954,0.13022713680931827,0.0850922923245261,0.7146396217731161
21849,0.5064979217803438,0.2826700566596764,0.060170286077594906,0.15066173548238462
21850,0.43565268781084127,0.10520909791988982,0.08842473924624689,0.37071347502302204
21851,0.19913892128167143,0.6739780965384671,0.04515154315429411,0.08173143902556741
21852,0.4350879550615532,0.19541460095577218,0.29188723695362667,0.07761020702904797
21853,0.10880004107441388,0.2038033979366041,0.5362706740530456,0.1511258869359363
21854,0.4767912996244265,0.1771641061638932,0.17623626714476973,0.16980832706691051
21855,0.16308286317784706,0.6085347419319461,0.09666231287505919,0.1317200820151475
21856,0.47088569645228406,0.24017765299338506,0.2514779772690904,0.037458673285240725
21857,0.11824929905196434,0.7009174564152338,0.09495299717640603,0.08588024735639581
21858,0.6641192363345713,0.11783013290449,0.058668500782916175,0.1593821299780225
21859,0.5050343486884395,0.15565786253651961,0.13893714027122658,0.20037064850381422
21860,0.4872762733797325,0.39868683879537836,0.06487877749742736,0.04915811032746166
21861,0.1685398196947476,0.11780868663508878,0.6562988586542784,0.0573526350158853
21862,0.026454301274889614,0.3697757912436531,0.5271835309292299,0.07658637655222739
21863,0.086714074601872207,0.5058013358184394,0.27114895563772873,0.13633563394195958
21864,0.3798272858793085,0.5359279944790761,0.03132936313090079,0.05291535651071447
21865,0.11056066593850951,0.39571155943808634,0.4444816310870872,0.04924614353631698
21866,0.20988566974571035,0.20508668330360708,0.503005423659349,0.08202222329133371
21867,0.07517592064762442,0.17957889401066426,0.5244354543995291,0.2208097309421823
21868,0.1469237955628523,0.08232337117712364,0.6875623588926788,0.08319047436734509
21869,0.4714258253496876,0.12267910315078648,0.22448288855072931,0.18141218294879655
21870,0.3163191402568467,0.20005143675717862,0.447726248020076,0.03590317496589873
21871,0.8705390051537146,0.07049917268846559,0.02500532525228262,0.033956496905537065
21872,0.037852845632071114,0.5076762881164649,0.4264685112291105,0.028002355022353435
21873,0.3748034265337674,0.3069951842077957,0.29957724777597156,0.018624141482465422
21874,0.08326806986281399,0.7522463847861213,0.13197146182668618,0.03251408352437864
21875,0.3797644435563292,0.5349820779108461,0.05571922109291001,0.02953425743991477
21876,0.542731967612739,0.15990023674230866,0.25817984509215175,0.03918795055280065
21877,0.11790950532759846,0.6602859248731494,0.13362822759739376,0.08817634220185834
21878,0.40546983944908216,0.5251223304879199,0.04729505985230845,0.022112770210689452
21879,0.4219314357525375,0.37602989805703246,0.13480469735750292,0.06723396883292711
21880,0.4442904031377059,0.11881306058003424,0.4033788889704015,0.033517647311858315
21881,0.1523405278606982,0.5179572943780519,0.2830988820797608,0.04660329568148905
21882,0.29979102318758805,0.24341318390674738,0.40693595665386134,0.04985983625180313
21883,0.07228222846117421,0.5144314380379508,0.3580898291738245,0.055196504327050595
21884,0.24870854301912762,0.6808244351523067,0.029631896399403355,0.04083512542916241
21885,0.10753055822233215,0.7012299320602843,0.10051135127971038,0.09072815843767316
21886,0.3740060262980555,0.39906132425568397,0.15400735587364434,0.07292529357261623
21887,0.21975330913069527,0.08780761620362819,0.634264712899147,0.05817436176652954
21888,0.06132347099999282,0.590612814017694,0.32315413970474166,0.024909575277571327
21889,0.12042763046620376,0.2202656650135995,0.4111307596193704,0.2481759449008263
21890,0.18013490987614,0.13734708305555954,0.24070326399226755,0.44181474307603286
21891,0.4050583721031704,0.016501542269388783,0.43869609960332817,0.13974398602411264
21892,0.05387638116407896,0.21614013139082122,0.09865201047757527,0.6313314769675246
21893,0.13356832951506786,0.3382984142226123,0.11150873738191007,0.4166245188804099
21894,0.11702344745140375,0.05410599213053957,0.3212423427712798,0.5076282176467769
21895,0.03231720316825672,0.02725794280648378,0.7869090618144768,0.15351579221078251
21896,0.30382740243945494,0.09837878789770671,0.43173110459974634,0.16606270506309206
21897,0.1995176426924433,0.24888629773574633,0.4200058233580295,0.13159023621378074
21898,0.20028636469746613,0.2183455884871607,0.36992215293220837,0.2114458938831648
21899,0.2031864948108408,0.11191393477781879,0.5957681073334626,0.08913146307787773
21900,0.045521512676514164,0.04632792102700751,0.1169971316238045,0.7911534346726738
21901,0.23689420386648133,0.46548703431704574,0.027507651008814853,0.27011111080765804
21902,0.04397159009228157,0.1051452135950604,0.6530724190816638,0.19781077723099436
21903,0.0342020377725578,0.0789212065000566,0.6654195084633444,0.22145724726404112
21904,0.3102792858029221,0.046481545889291515,0.2771912312100344,0.366047937097752
21905,0.01660574505575865,0.3110345732189778,0.34174925479536516,0.33061042692989845
21906,0.07395030888644716,0.1378623408717165,0.0684647032789372,0.7197226469628991
21907,0.05355236527351933,0.3006972945044004,0.3062513957692877,0.3394989444527925
21908,0.3149100814939776,0.21027166445393414,0.3655827128034383,0.1092355412486499
21909,0.260393521612526,0.11446890771232905,0.49335088186038006,0.1317866888147648
21910,0.5870344198124093,0.15915819302216944,0.11782634292160904,0.13598104424381208
21911,0.25460521853838897,0.5412012963696488,0.1147010360967369,0.08949244899522531
21912,0.19923139413011837,0.5997958408822742,0.04261622131596005,0.15835654367164737
21913,0.19632711793731442,0.4348412598785878,0.1987765814268439,0.17005504075725397
21914,0.20169748415187885,0.2339027434959591,0.1685785906657076,0.39582118168645447
21915,0.3246091090862737,0.0764731130726871,0.4622239637555817,0.1366938140854576
21916,0.105273148374528,0.12694005457032415,0.3265982824713662,0.4411885145837817
21917,0.1795095099700812,0.19045232316493982,0.35954866110997785,0.2704895057550012
21918,0.07679307727020207,0.0933925379836258,0.7084549331757607,0.12135945157041157
21919,0.18926279858561454,0.08221712914932215,0.6396478102514467,0.08887226201361674
21920,0.26886701828452314,0.25544512473975084,0.24246721074086888,0.23322064623485722
21921,0.1632225054404339,0.6407462344148553,0.12188792681102238,0.07414333333368826
21922,0.5536392979016811,0.22276776088879172,0.0824030247076814,0.1411899165018459
21923,0.24376066520215503,0.1391373695974703,0.28292001233721087,0.3341819528631638
21924,0.31671837173070627,0.1797987214633266,0.2369686323376242,0.26651427446834286
21925,0.3987374946646329,0.17357029912761884,0.3430819891616709,0.08461021704607737
21926,0.5676989414551689,0.09113973517724158,0.1592491452346973,0.18191217813289212
21927,0.050428719506087176,0.0627043994153362,0.24233199175587541,0.6445348893227012
21928,0.05780686270590007,0.24827164701891513,0.031634624655386655,0.6622868656197981
21929,0.017549370625785102,0.0277064038919987,0.02658633602136521,0.928157889460851
21930,0.011919622367396972,0.11495363776908699,0.11178348645397536,0.7613432534095407
21931,0.06255211993532245,0.14317557066627268,0.016390061734268234,0.7778822476641365
21932,0.03538877984289766,0.01552599090598495,0.26071371028050727,0.6883715189706102
21933,0.023421893238732085,0.2102720310401652,0.020085375620828544,0.7462207001002742
21934,0.03338574306556073,0.12135787882940866,0.10677764236866161,0.7384787357363691
21935,0.03535951811107449,0.07370540477892144,0.03946747828502276,0.8514675988249812
21936,0.08133725052184074,0.12080181594258131,0.10541193276450431,0.6924490007710736
21937,0.01533522065768347,0.05732474033205389,0.22518257347237342,0.7021574655378893
21938,0.008917065736720327,0.20367372203371367,0.06743662176130505,0.719972590468261
21939,0.01971156112505556,0.10906395590283778,0.03550809498723457,0.835716387984872
21940,0.18598715447961867,0.11829296002214597,0.04808261314611911,0.6476372723521162
21941,0.020884331464010763,0.020016244129015818,0.10434910857222573,0.8547503158347476
21942,0.08447124576696512,0.2891780163178109,0.1108066249387717,0.5155441129764523
21943,0.016074544765795288,0.10476803508912765,0.029145798327172533,0.8500116218179047
21944,0.026629362893334473,0.12197466630003294,0.1711368217977817,0.680259149008851
21945,0.018528915047643802,0.11780518635201342,0.02148836748548524,0.8421775311148575
21946,0.363240673603974,0.20395763605205544,0.14889870544524098,0.28390298489872956
21947,0.4961993445543591,0.24805064179470732,0.05941071579868248,0.19633929785225096
21948,0.08681422371795539,0.5861867540480297,0.19327487246304834,0.13372414977096675
21949,0.114265153910199,0.4030383935308245,0.17698517497666907,0.3057112775823074
21950,0.1102277937468862,0.4599463522994042,0.11091216253706088,0.31891369141664877
21951,0.15469804894716724,0.2628892474295937,0.19791286294445645,0.3844998406787826
21952,0.3269099983666032,0.11679454685749792,0.06465064103556425,0.49164481374033453
21953,0.28160777812991233,0.4367883197429999,0.05538510136808055,0.22621880075900727
21954,0.1683895818388578,0.1302436337875639,0.10334136635426107,0.5980254180193172
21955,0.41866093642877683,0.14021908312741466,0.21432568152652787,0.22679429891728065
21956,0.05776664005690249,0.15545540401075725,0.11227790516538336,0.674500050766957
21957,0.3492900103737173,0.19411912177322413,0.28463384812046094,0.17195701973259758
21958,0.026909799976038016,0.6893919286416552,0.09255402236201844,0.19114424902028831
21959,0.060762210390602055,0.11872462364833583,0.07669703151291263,0.7438161344481494
21960,0.18245284746521642,0.5672752111337718,0.04436643035101676,0.20590551104999494
21961,0.22388355286154374,0.21577275695935208,0.3204529667252931,0.23989072345381113
21962,0.5392215155437889,0.24738768113914233,0.0361333657032114,0.1772574376138573
21963,0.04579642725450625,0.5272289098971477,0.2881065017105822,0.13886816113776396
21964,0.21187233771589511,0.05010621388616034,0.5137868952661594,0.2242345531317851
21965,0.1405886886677883,0.10173078265167591,0.42329469328694774,0.3343858353935881
21966,0.10673071035380927,0.0758137168341462,0.4286806886100919,0.3887748842019528
21967,0.5352187567675201,0.018808784194581457,0.23986921545973192,0.20610324357816648
21968,0.31694464529870076,0.4706257581114575,0.04091643028962568,0.17151316630021596
21969,0.04430460848820404,0.2143485730429552,0.21191433549993927,0.5294324829689014
21970,0.19785281985169018,0.2099327268348544,0.14061537485566514,0.4515990784577902
21971,0.3441267934511295,0.270231829333777,0.25706867843405845,0.12857269878103514
21972,0.5346741939599075,0.12089724377426282,0.1245777731560278,0.2198507891098019
21973,0.45721313297733596,0.1705989123768565,0.04010721145295219,0.33208074319285524
21974,0.5496741723757671,0.21845230937585047,0.04759525289439751,0.1842782653539849
21975,0.048247104595848335,0.12450114131100293,0.3565496336073907,0.4707021204857579
21976,0.425390410905863,0.2931730602372689,0.18944830324601283,0.09198822561085536
21977,0.18735618714057098,0.4330153446755742,0.20311798296101535,0.1765104852228395
21978,0.24436299427169425,0.0672664245216316,0.36754718468228537,0.3208233965243888
21979,0.2341120023284709,0.31489455418025597,0.06588538299590474,0.38510806049536844
21980,0.07104789965587989,0.6254142837408294,0.11689657106728003,0.18664124553601064
21981,0.14403615815700602,0.3792210280526907,0.293427064368456,0.18331574942184728
21982,0.18085651812286824,0.27514894282542235,0.2739881727471845,0.27000636630452485
21983,0.05223308602672182,0.12391823575301571,0.24873472769813457,0.5751139505221279
21984,0.0787371138677488,0.3621211237794858,0.20808508705929823,0.3510566752934672
21985,0.04124826358575702,0.649004419740797,0.03780840137515879,0.2719389152982873
21986,0.13014821015346076,0.12459163363524228,0.45195219146205284,0.29330796474924425
21987,0.05713817028813948,0.31860197455153055,0.18560151142865713,0.43865834373167295
21988,0.3924655932632889,0.22827729062263072,0.143476397312812,0.23578071880126825
21989,0.07161606507208988,0.40545665338302084,0.23581695537515604,0.28711032616973337
21990,0.04566507699500018,0.45591833960668504,0.2307426867424384,0.26767389665587626
21991,0.3148248814683217,0.2121379293189184,0.15655024425219186,0.31648694496056795
21992,0.19526098096649822,0.21094025419164386,0.07387440512534937,0.5199243597165086
21993,0.11925059929483259,0.5468279111861847,0.08549210738663007,0.24842938213235266
21994,0.07990109234645562,0.3505782174363169,0.4343208920055321,0.1351997982116953
21995,0.04129622767800907,0.20699600371712934,0.50648807536204965,0.24521969324281187
21996,0.42577045384607876,0.13987557915180227,0.04249734074485889,0.3918566262572601
21997,0.407531795325039,0.14687883634669208,0.22327766948377203,0.222311698844497
21998,0.26179404792618516,0.2047875604459971,0.1370931017426502,0.3963252898851675
21999,0.11350926678741889,0.5289414730753959,0.09886040749868207,0.25868885263850305
22000,0.4663649311607543,0.07414028505557611,0.24527409660026406,0.21422068718340556
22001,0.10995426317647605,0.5334309216049291,0.23446943924747754,0.12214537597111719
22002,0.22205332142444933,0.39602339860017327,0.08215330810369856,0.29976997187167886
22003,0.06030388873198688,0.16077150120155526,0.5276267123515441,0.25129789771491384
22004,0.5405206718551855,0.10251242943033705,0.09621840210288825,0.2607484966115892
22005,0.19362535178474485,0.12139615757089296,0.297772539266765,0.3872059513775973
22006,0.05327026397571588,0.2642004619731647,0.23146695026358838,0.45106232378753097
22007,0.2014944268945124,0.43884029610921615,0.233521204246778,0.12614407274949338
22008,0.06881598399739217,0.15335123139520102,0.48090101018958653,0.29693177441782026
22009,0.4743304498354612,0.10990225219455108,0.1552587857339986,0.2605085122359892
22010,0.15159194937610848,0.57706310246546,0.04951277654898157,0.22183217160944996
22011,0.10771138069125023,0.27605393642579434,0.3093811595746232,0.3068535233083322
22012,0.2973449433327624,0.18442732443202553,0.16694275522545798,0.35128497700975403
22013,0.3348556479878259,0.07674309777209719,0.42606479701873406,0.1623364572213429
22014,0.13296003413761973,0.09957203790160744,0.5975949630513328,0.16987296490944015
22015,0.10455971546771323,0.12038673318177939,0.37605116733795807,0.3990023840125493
22016,0.07765067113098727,0.3767244380306467,0.051179103353300795,0.4944457874850652
22017,0.0535523410103465,0.6368497501926078,0.05131151366209894,0.2582863951349467
22018,0.24181535322563755,0.1712241481649751,0.3579106341440995,0.22904986446528777
22019,0.262290208717965,0.10081286295687214,0.3050493360596852,0.3318475922654776
22020,0.17761004151180038,0.20249725910126537,0.26889402724635064,0.3509986721405836
22021,0.06750987014533118,0.32417453584629113,0.3066322041688711,0.3016833898395066
22022,0.524429555882673,0.038396293906971544,0.1572073544324229,0.2799667957779326
22023,0.33743276193720473,0.025381925132433272,0.4174647295812753,0.21972058334908667
22024,0.24286782493578707,0.06847080207420708,0.0756289021508067,0.6130324708391991
22025,0.37082164650064714,0.2407116146335605,0.08090654407337092,0.30756019479242147
22026,0.5644456563940492,0.12484943738915584,0.04203854386781809,0.26866636234897695
22027,0.2952149141808898,0.2199446076956857,0.11526207558417786,0.3695784025392466
22028,0.4005795013561522,0.13083381307493108,0.05911401420180589,0.40947267136711085
22029,0.051425693562799094,0.0860341090179371,0.09491398579172329,0.7676262116275405
22030,0.49175140470361767,0.0328509724520216,0.2861316381488135,0.18926598469554737
22031,0.18945548078984586,0.21946243448755118,0.10303091355730956,0.4880511711652933
22032,0.11531846715558354,0.21422710738438958,0.10454522989438861,0.5659091955656382
22033,0.037756941570299456,0.12651206124933934,0.6235507872674395,0.21218020991292158
22034,0.6320242205250663,0.05686638273004277,0.07474471133305653,0.2363646854118344
22035,0.27085815258928636,0.08612237333661753,0.13941359100196077,0.5036058830721353
22036,0.4332488275058961,0.3006258124309817,0.06700003664109161,0.19912532342203054
22037,0.16272684005155802,0.1618829990668293,0.033561802745018195,0.6418283581365947
22038,0.13099400416418894,0.36590900494754697,0.0728146858391548,0.43028230504910925
22039,0.4210310428499891,0.3476343285133588,0.017543630614978566,0.2137909980216736
22040,0.2557646747525075,0.38136230749458155,0.14360613797120417,0.21926687978170686
22041,0.1375710708380304,0.05598710238663866,0.6226320207823381,0.18380980599299268
22042,0.19543505629442426,0.29052512420608384,0.35880350542394496,0.1552363140755468
22043,0.16194833308658596,0.60001477239818235,0.08527211133871221,0.1527647831765195
22044,0.07529078341754665,0.16451870026665355,0.348361789128237,0.41182872718756286
22045,0.10254349012869962,0.33260236449178465,0.15082074202922321,0.4140334033502926
22046,0.153670586221353,0.269967995887015,0.3421524173141801,0.23420900057745184
22047,0.26330534205397643,0.3921114112919193,0.0656675195814776,0.2789157270726268
22048,0.10947182256819492,0.7570618778685094,0.029636652055271037,0.10382964750802458
22049,0.12530303440735258,0.6674766972025753,0.0569361452296546,0.15028412316041753
22050,0.27309737590673183,0.3023916134340036,0.37116720094349176,0.05334380971577284
22051,0.04719012788983171,0.09236536996446178,0.6713669856677803,0.18907751647792617
22052,0.24275384215465223,0.29817340131810766,0.32618436908681064,0.13288838744042938
22053,0.04434430252263876,0.7127318442861524,0.1326486141730963,0.11027523901811248
22054,0.10163147299353652,0.05713109491513076,0.6813503799289354,0.15988705216239732
22055,0.272844687139902,0.06783350535304764,0.5816313462366508,0.07769046127039964
22056,0.3113525553743322,0.048433219402749646,0.4223581815808414,0.2178560436420769
22057,0.28347989106949545,0.16525395746469795,0.32220502892412095,0.22906112254168565
22058,0.2777447347391221,0.549290440906002,0.10887205130539143,0.06409277304948445
22059,0.24677800459183807,0.4908040407564969,0.07410701723052562,0.18831093742113947
22060,0.24224213353454307,0.30197811165223987,0.06332238521778256,0.3924573695954345
22061,0.09132643530133165,0.25153521438871085,0.4161478500356405,0.24099050027431704
22062,0.07639002605863762,0.4246750911091298,0.3730473060608892,0.12588757677134343
22063,0.028140171913607147,0.5526481797903493,0.25526547467205346,0.1639461736239901
22064,0.3850007298700468,0.25144533869041275,0.15427437888858112,0.20927955255095945
22065,0.21783186172218327,0.2229617300571445,0.3670003833771749,0.1922060248434972
22066,0.4320187771553694,0.20709214234598095,0.16208097128720877,0.19880810921144076
22067,0.3220755810497471,0.340158108399026,0.05665364721400365,0.2811126633372232
22068,0.2163663507680495,0.6353373827733592,0.022358383169106766,0.12593788328948458
22069,0.09757648422966171,0.4615250149996419,0.1130566476090703,0.327841853161626
22070,0.4148729568931244,0.08653917759392928,0.14015646238775675,0.3584314031251895
22071,0.30710943431793125,0.36650083617274,0.09490386655542922,0.23148586295389956
22072,0.03332034851537833,0.6744021744905411,0.17018147414395393,0.12209600285012666
22073,0.2105929439764564,0.19363077719639776,0.2750263878283896,0.32074989099875617
22074,0.048541082125611715,0.628076183868357,0.08999028475886507,0.2333924492471663
22075,0.13113675487320164,0.22879607650156225,0.27825507838760544,0.3618120902376306
22076,0.4860891608325568,0.23108266226882784,0.08765463674211178,0.19517354015650365
22077,0.2755125131897456,0.12286566099982199,0.09615565729434225,0.50546616851609
22078,0.48250989784504844,0.1655504398386496,0.11722433842283005,0.234715323893472
22079,0.3737242821111651,0.03420850066897908,0.05480345536463751,0.5372637618552183
22080,0.1671905913314249,0.0670876938065095,0.3425698305421272,0.42315188431993844
22081,0.08384102919255483,0.3042836943700675,0.12249345040289104,0.48938182603448654
22082,0.40502785228095195,0.15195878880501007,0.10428453633194125,0.33872882258209674
22083,0.023063035590981638,0.30402425102507197,0.2225429156710572,0.4503697977128892
22084,0.11609180001092692,0.05156209864883333,0.0483482964594755,0.7839978048807643
22085,0.2592281616251473,0.08736428062921406,0.12747055091709356,0.5259370068285452
22086,0.06876244976104266,0.2839064353031284,0.04854194519107203,0.5987891697447569
22087,0.049924455962942774,0.04664266165220866,0.29751681837951804,0.6059160640053305
22088,0.10828988854051531,0.1126100618797083,0.08988880924987461,0.6892112403299018
22089,0.022998534510295075,0.4140647695821043,0.19563873767961376,0.3672979582279869
22090,0.09177862064595788,0.12526883522009327,0.25299182553301675,0.5299607186009321
22091,0.06797391334387676,0.10144825643152945,0.44108146835757395,0.38949636186701997
22092,0.47794689092882126,0.17469250219613497,0.04826274830460666,0.29909785857043714
22093,0.07734928146878443,0.08438007673728712,0.39398801348867285,0.44428262830525556
22094,0.10598215765583145,0.06358295887010357,0.24706100918230078,0.5833738742917642
22095,0.066027451181108,0.2059307103894579,0.16542827771510332,0.5626135607143308
22096,0.14921675778618804,0.03484637000039907,0.39728489825272867,0.4186519739606843
22097,0.45462053260669055,0.02144382108230932,0.07356317718503692,0.45037246912596335
22098,0.213185244242656,0.04210060224351242,0.6203592586714488,0.1243548948423828
22099,0.08506575520495144,0.30839449542776354,0.15136513892225362,0.45517461044503144
22100,0.05530842096581021,0.15822047372850093,0.620595674448553,0.1658754308571358
22101,0.4475065947120055,0.22414178968269685,0.17815305098454834,0.15019856462074943
22102,0.09358149211788014,0.3287709219781323,0.1834192661874122,0.3942283197165754
22103,0.21834296632794759,0.39230664158465606,0.21461738434492747,0.17473300774246905
22104,0.3813849655117007,0.3752704677060984,0.06516753026963767,0.17817703651256328
22105,0.05441380636484306,0.28092747258966394,0.261831854888173,0.40282686615732005
22106,0.5853890833265414,0.1941467205138751,0.03716361783664466,0.1833005783229388
22107,0.13450804359979135,0.07490224909848907,0.6280282421304791,0.16256146517124043
22108,0.37243804242957995,0.11532654470434783,0.24001228776671193,0.2722231250993602
22109,0.2851912057326131,0.4798146833915903,0.09867258033325978,0.13632153054253682
22110,0.10353840620023454,0.0899712623298687,0.22411764806756596,0.5823726834023308
22111,0.3455629377808147,0.26742661699993675,0.16268124657959804,0.22432919863965048
22112,0.030749100597820742,0.23798904081454922,0.5667195251557308,0.16454233343189925
22113,0.04739347154387336,0.5738093497036572,0.19110087926152264,0.18769629949094663
22114,0.2537511637577415,0.1556855889994298,0.1887114423628068,0.4018518048800218
22115,0.19740225584371254,0.21949063632041416,0.08524899032157171,0.49785811751430165
22116,0.044989525527475545,0.21306508762557985,0.5691614194547301,0.17278396739221447
22117,0.30739042570423863,0.14837830390882725,0.37496253613490693,0.16926873425202715
22118,0.6598356968654392,0.05700607155265522,0.05783360751348961,0.22532462406841602
22119,0.0624003991599998,0.59489632758676,0.10077581394664038,0.2419274593065997
22120,0.1582149604490752,0.062243391096031254,0.5435547455832662,0.23598690287162738
22121,0.10088556763931801,0.26531453109117226,0.20584087026338527,0.4279590310061243
22122,0.20005485820114557,0.34794981438516187,0.3216771763202024,0.13031815109349024
22123,0.10877609598427732,0.39459755867975776,0.28128914181701886,0.21533720351894606
22124,0.04106130594363005,0.48153163880380306,0.24623891617937418,0.23116813907319267
22125,0.3527296827125204,0.13440534892528283,0.1737785196490364,0.3390864487131604
22126,0.16055867453301165,0.19747425537003382,0.3013152837224638,0.34065178637449073
22127,0.496388630117111,0.14342386333974036,0.19019627003544343,0.16999123650770523
22128,0.3206988591564126,0.2877850151719172,0.25848268141675623,0.13303344425491392
22129,0.09273048146051364,0.10606524471432076,0.16426670194641813,0.6369375718787476
22130,0.054802694945104403,0.3596519566502726,0.38656468409948685,0.19898066430513617
22131,0.6404967819001459,0.08175037059257126,0.12679782597108452,0.15095502153619836
22132,0.08483280254634576,0.3361013553138311,0.38451760930089884,0.1945482328389244
22133,0.05310386628906887,0.10713885053333076,0.5722105588517499,0.26754672432585047
22134,0.34591092877528423,0.12986956435689084,0.28594697192375523,0.23827253494406972
22135,0.6922898586610791,0.029893638855379448,0.02793795492566692,0.2498785475578746
22136,0.17012852028983788,0.1238047336837967,0.04601159715149509,0.6600551488748704
22137,0.31932703994861966,0.08127665458370509,0.11271772326187438,0.48667858220580096
22138,0.2811234502637637,0.21036322031281787,0.12295698949202766,0.38555633993139077
22139,0.09647662626231333,0.4386640869513984,0.13414187700818403,0.3307174097781041
22140,0.08940673570566852,0.05380986950801726,0.28948328134978135,0.5673001134365329
22141,0.05545058750932013,0.2702632702040129,0.19051809205635728,0.48376805023030967
22142,0.159769732382162,0.06732811297999568,0.5157852038501032,0.25711695078773916
22143,0.2889281285940143,0.10120896715570168,0.29385338839530734,0.3160095158549766
22144,0.014219555470575681,0.22507483922896054,0.5021269796536054,0.2585786256468584
22145,0.08683366370157873,0.18259981190919528,0.2741551168901233,0.4564114074991027
22146,0.2943082640738935,0.05768874037607564,0.2588350745335189,0.38916792101651193
22147,0.35200619140479145,0.06965818536163965,0.1540591564680416,0.42427646676552744
22148,0.2543792840455068,0.08430220643624535,0.16164450293348512,0.49967400658476263
22149,0.08792216195689143,0.29569030600236484,0.025042513728408464,0.5913450183123352
22150,0.08417253060184862,0.0731181937817076,0.49368053559923764,0.34902874001720613
22151,0.2678394828732475,0.033014213238537184,0.32852202425539867,0.37062427963281663
22152,0.1372538126753365,0.06031207834542722,0.051057619789649754,0.7513764891895865
22153,0.03531003051535484,0.29871048663794225,0.32030200977265516,0.34567747307404784
22154,0.10834595458998773,0.39417214075149726,0.1325283130029432,0.3649535916555717
22155,0.07697201813930861,0.18964580242662402,0.27987871759695243,0.45350346183711493
22156,0.03900558484581997,0.26809232220616425,0.03774225222676009,0.6551598407212557
22157,0.1005211831992865,0.24668786384641977,0.29003611458429385,0.36275483836999983
22158,0.05509660737813884,0.19036689266846205,0.06166736800500611,0.692869131948393
22159,0.06648767423005802,0.20060182161594542,0.40852811304910674,0.32438239110488976
22160,0.045401417947125634,0.10380069321659309,0.07645051467613985,0.7743473741601414
22161,0.02303208827293355,0.1730586003149205,0.08122447918586598,0.72268483222628
22162,0.04857104480391544,0.16754238294403798,0.2305351978840015,0.553351374368045
22163,0.2991739298045719,0.04604838158155927,0.037267702775135705,0.6175099858387331
22164,0.025282075094403694,0.025570492002143463,0.33312441703030393,0.6160230158731488
22165,0.03362493337803501,0.27785623817246863,0.14430594580183503,0.5442128826476614
22166,0.34427865262656226,0.3288659515806704,0.06627929343114379,0.26057610236162365
22167,0.2390905213173706,0.2302459917896441,0.13851860284652143,0.392144884046464
22168,0.13193407897704917,0.08500304284755263,0.2782888465855844,0.5047740315898138
22169,0.17170463582156517,0.033148957480348885,0.1275143206457572,0.6676320860523288
22170,0.04272260617498944,0.12592626080759367,0.3512576692998896,0.48009346371752737
22171,0.06769387684942464,0.23074441019724323,0.2024763753708603,0.49908533758247187
22172,0.03330631976821218,0.05860098745770226,0.030849988649621386,0.8772427041244641
22173,0.08987980943661117,0.368832125571189,0.042470002540059754,0.49881806245214017
22174,0.44138483325547745,0.08709049983425868,0.029559994657617245,0.44196467225264663
22175,0.12830322810400246,0.311619783573256,0.08457550862197973,0.47550147970076195
22176,0.2648720820350618,0.07360597868252297,0.223617371353385,0.43790456792903026
22177,0.11997627934417847,0.061526773716212964,0.09514201776285416,0.7233549291767544
22178,0.24624372619137655,0.3749480967335595,0.08282498326069095,0.295983193814373
22179,0.042407303559486575,0.2199153005147111,0.027442522523563138,0.7102348734022391
22180,0.3035971019275193,0.061585087916443015,0.3253335508506689,0.30948425930536894
22181,0.07973866149347322,0.43756108627675155,0.04377607007215117,0.4389241821576241
22182,0.3210574228751326,0.061707323185777124,0.2674149246915096,0.34982032924758066
22183,0.17602552365341745,0.30231507301269395,0.06693260823631816,0.4547267950975706
22184,0.18949711150044732,0.03948900680333047,0.10581010413603471,0.6652037775601874
22185,0.14115547537607592,0.14104598470141388,0.05188940816639272,0.6659091317561175
22186,0.06528470943470352,0.3381006221786587,0.12176478612121984,0.4748498822654179
22187,0.13996450170498415,0.1286056586045632,0.04106635990927932,0.6903634797811734
22188,0.20491023811073913,0.1561145875982368,0.38613334842509334,0.2528418258659308
22189,0.25094202521063336,0.05162364038047895,0.30247392715758276,0.39496040725130493
22190,0.05880958356519435,0.3168463649063508,0.0943785108491699,0.5299655406792849
22191,0.19043707760394937,0.0585709330012199,0.46552293332457295,0.2854690560702578
22192,0.12487713905074163,0.1547586332391213,0.13367583497192262,0.5866883927382145
22193,0.08320360424399977,0.15498974706377505,0.11837590198574334,0.6434307467064818
22194,0.31250404802278764,0.27503189505082293,0.03762839089816497,0.3748356660282244
22195,0.19360529947111343,0.5179970010770114,0.19366167619041008,0.09473602326146513
22196,0.23352940084719653,0.05693274958699163,0.12068014674632564,0.5888577028194862
22197,0.14265690097116843,0.3904196706510827,0.08493231406890991,0.3819911143088391
22198,0.0688262514278496,0.04515107470392228,0.12322039444874816,0.76280227941948
22199,0.5916249611239875,0.06854333583689064,0.09572458868508638,0.2441071143540354
22200,0.4447068365182708,0.07731959611147855,0.1420548487086767,0.335918718661574
22201,0.26487866351164197,0.3614027857514672,0.14160315373995383,0.23211539699693698
22202,0.47054732407346894,0.21150197280755728,0.085666032362538,0.2322846707564357
22203,0.37750480452286633,0.28045724245978304,0.07618438638492891,0.2658535666324217
22204,0.12832539702656173,0.21525129692384604,0.051743621546408575,0.6046796845031838
22205,0.37397353542123246,0.22148582100761807,0.17539870701236074,0.22914193655878887
22206,0.0552506803153403,0.15456506772857345,0.5122332925692454,0.2779509593868408
22207,0.08098137734698609,0.06283230718953993,0.4316213514332741,0.4245649640301997
22208,0.3453112952533513,0.3706052165413981,0.07481570548466915,0.20926778272058147
22209,0.13266625388509373,0.1180889327086208,0.06333977074909836,0.6859050426571872
22210,0.10924180108335466,0.1772884861439815,0.18330865573598912,0.5301610570366747
22211,0.18423569936703857,0.22223620732455673,0.06693109351950682,0.5265969997888978
22212,0.025926187595416445,0.3400040686634336,0.21690591477338966,0.41716382896776033
22213,0.09108693968733919,0.24863966912844984,0.09628391044867043,0.5639894807355406
22214,0.052811149427619566,0.24264729013130515,0.17590504283276828,0.528636517608307
22215,0.05161131969409153,0.10697761947163671,0.42938731483345244,0.4120237460008193
22216,0.2849615399747237,0.14434975613303377,0.0412191485431477,0.5294695553490948
22217,0.0954981812481048,0.09242744415508355,0.33770649267095193,0.4743678819258596
22218,0.0643810057097911,0.3103713035718209,0.02379897424284654,0.6014487164755414
22219,0.2443278093317257,0.045055172494983524,0.0671702363315305,0.6434467818417603
22220,0.6316667062632869,0.02993085710167796,0.056025694338238306,0.28237674229679677
22221,0.042992433341401015,0.1215659075668957,0.02784699428728041,0.807594664804423
22222,0.5388987282206278,0.08543223974629183,0.026802004444355442,0.34886702758872506
22223,0.18016092767626568,0.345520982884202,0.03115981505712021,0.44315827438241207
22224,0.14336317253294217,0.11517336566373328,0.11798549869424887,0.6234779631090758
22225,0.3854789120499425,0.2649761071188905,0.09717977058683738,0.2523652102443297
22226,0.11088800062586623,0.06245289612030351,0.3519644253754011,0.47469467787842917
22227,0.3130690993964257,0.27086798330622475,0.12516799216473284,0.2908949251326168
22228,0.024893302430776094,0.4693898007079348,0.09375335484299928,0.41196354201828983
22229,0.16727554286692833,0.39604892771579875,0.09333929108311022,0.34333623833416266
22230,0.1640436302205079,0.07152501241487508,0.4493488567602304,0.3150825006043866
22231,0.5283894966627852,0.22448533459539066,0.10210741825296361,0.14501775048886054
22232,0.30306381422903145,0.27668547993732534,0.10212159274806136,0.3181291130855819
22233,0.1066255934308435,0.12579725475997905,0.32308390718686314,0.4444932446223144
22234,0.2557387837104088,0.43739488317916414,0.05740291258498069,0.24946342052544634
22235,0.23158360340769324,0.10965368666736705,0.13821174610452608,0.5205509638204137
22236,0.6673411539531774,0.09884245023457838,0.04108975352726216,0.19272664228498204
22237,0.32632570106058834,0.08232191007215918,0.319601021206614,0.2717513676606386
22238,0.03424212275054753,0.21049158900443174,0.5446466031044827,0.21061968514053808
22239,0.14835080976544665,0.6008766051606033,0.10748644010046456,0.14328614497348563
22240,0.1623100335224493,0.3431770021418486,0.1780400500483391,0.3164729142873631
22241,0.37029871826822713,0.13895515702803252,0.15857656619278535,0.3321695585109549
22242,0.5229619492991799,0.11291681534302252,0.08208963924805675,0.28203159610974093
22243,0.04320042522167908,0.7006592165280452,0.04283862452616643,0.21330173372410932
22244,0.3472144367262683,0.3866174979309424,0.12863975665871644,0.13752830868407281
22245,0.5844020214014003,0.09149780824909394,0.08097031092372572,0.24312985942578005
22246,0.20413514832548507,0.51641853774472,0.12002613066779283,0.15942018326200205
22247,0.11621575380889378,0.10391998049293602,0.6055666755351433,0.17429759016302684
22248,0.3177736089695085,0.0867083260325388,0.4976226004617318,0.09789546453622104
22249,0.07406610088284915,0.22723621141875835,0.24014720444403298,0.4585504832543596
22250,0.5483741471822242,0.0488532902080401,0.1736664853069403,0.2291060773027953
22251,0.15655667606391221,0.1688572945389255,0.4288697845399481,0.24571624485721416
22252,0.21996806551956866,0.11130504589433153,0.42662064197107047,0.24210624661502944
22253,0.26201215697696945,0.48964741336295925,0.042285970616241494,0.2060544590438298
22254,0.049531766407373896,0.2068827317565663,0.43263922039840097,0.3109462814376588
22255,0.18120647982604834,0.1190192903930812,0.2812563308122226,0.4185178989686478
22256,0.3796498396327507,0.09117799364871772,0.2714635901272491,0.25770857659128266
22257,0.47765250989004854,0.07126178967171654,0.28380669713472373,0.16727900330351123
22258,0.09121395553010961,0.46041723392306194,0.2737390840970651,0.17462972644976332
22259,0.22777330203498483,0.15784796997797468,0.20727649597045084,0.4071022320165896
22260,0.07359216536968943,0.13939817692148998,0.42427083667183463,0.362738821036986
22261,0.22314429471878203,0.14580721953139256,0.42960073359047324,0.20144775215935215
22262,0.34091749726464154,0.37063194562607704,0.16479429566717868,0.12365626144210269
22263,0.1126278609203539,0.476601766910061,0.10223924538185687,0.3085311267877283
22264,0.4225664203406103,0.3628522786308242,0.09003305169411271,0.1245482493344528
22265,0.2812829223597525,0.13943019701865128,0.40178821329427944,0.17749866732731667
22266,0.16967257711993214,0.10167771853913893,0.4554548509492832,0.2731948533916457
22267,0.04877356225386086,0.07355630661051547,0.5303281967171728,0.3473419344184508
22268,0.3795439893553082,0.2749179053005566,0.1661083165130731,0.17942978883106211
22269,0.23762478945965917,0.6629895735460343,0.010245526823742216,0.08914011017056435
22270,0.0890726435358034,0.3488764216432831,0.36988257699471233,0.19216835782620123
22271,0.1375927830285412,0.4363035668186035,0.3326239373885691,0.09347971276428603
22272,0.21764962596361545,0.5467499600617678,0.10036489818080267,0.13523551579381402
22273,0.34411067470347173,0.3560154515058457,0.18277158625233147,0.11710228753835106
22274,0.19805104557467954,0.604593399169293,0.040204838131941874,0.15715071712408563
22275,0.10590170793745508,0.5853799470667512,0.20980294691273474,0.09891539808305895
22276,0.08299302705940827,0.15317610225885722,0.5473692153850827,0.21646165529665196
22277,0.23662715231521697,0.19940565829646767,0.503468446634014,0.06049874275430143
22278,0.08867978391714744,0.43749531303574185,0.32762277026070197,0.14620213278640867
22279,0.5301762114703937,0.25579451256638314,0.06258400484956522,0.15144527111365794
22280,0.30952014529449573,0.1815900983027072,0.2649468296757985,0.2439429267269986
22281,0.6828053692802463,0.07327006830289398,0.11372016938030063,0.13020439303655926
22282,0.07357549931687035,0.36184970972803604,0.4812598208358366,0.0833149701192571
22283,0.09021438997272266,0.33624050949282985,0.3218535210041809,0.25169157953026666
22284,0.2929381836568258,0.15032830881888776,0.44913043540802566,0.10760307211626088
22285,0.08130472923125417,0.5873583071420322,0.11294574589830234,0.21839121772841136
22286,0.13197366056289786,0.053140303784703365,0.6711737719379746,0.14371226371442433
22287,0.3266058238193483,0.4268238573346796,0.09640772273708564,0.1501625961088866
22288,0.3716520811070569,0.1503509587987062,0.21723379050268043,0.2607631695915565
22289,0.1271967156677653,0.5110623499958098,0.22625374812766855,0.13548718620875635
22290,0.3427319405730022,0.045524147014548426,0.5210889991266787,0.09065491328577067
22291,0.589304116397092,0.07421109095930993,0.1305974689572103,0.20588732368638762
22292,0.28319283968849884,0.22400388446771505,0.2708658434151069,0.22193743242867914
22293,0.17331848759958157,0.5286229288103557,0.0979339007783626,0.20012468281170015
22294,0.2554578416219494,0.22796449469386115,0.16436993315545928,0.35220773052873017
22295,0.13911622081625805,0.21779405394484894,0.5263422483371398,0.11674747690175312
22296,0.2984970708809074,0.06374371688055272,0.2141471359209588,0.423612076317581
22297,0.11956132517351052,0.2578514026388401,0.43740560657241023,0.1851816656152392
22298,0.05385548874807381,0.1251592970031853,0.6987009863082589,0.1222842279404819
22299,0.02364130350709974,0.7260955359338306,0.05866230232665666,0.19160085823241307
22300,0.5337013537144852,0.27903690987476776,0.06935672021033064,0.11790501620041641
22301,0.0395106030946339,0.3056926477150294,0.5457385037343304,0.10905824545600638
22302,0.1824664318785031,0.46892862524007917,0.1795009271333322,0.16910401574808556
22303,0.38563047426234603,0.13878139707975334,0.25276829413608826,0.22281983452181237
22304,0.22093078765915702,0.5166084605326507,0.07047747703153787,0.1919832747766543
22305,0.20092106243760305,0.3128894343280144,0.3865375360174214,0.09965196721696129
22306,0.1718462188639528,0.26310749572323827,0.4854631738907069,0.07958311152210192
22307,0.13490189204384612,0.3007056328683779,0.08064508321364568,0.48374739187413024
22308,0.12106453330987128,0.2638394811270751,0.25046357773415445,0.36463240782889916
22309,0.535281706137314,0.0843890617115502,0.045898629720454484,0.33443060243068135
22310,0.2584873236950378,0.07040473568466553,0.2697786352136711,0.40132930540662554
22311,0.21106516664275318,0.425971049691146,0.12222517675830097,0.24073860690779986
22312,0.5494769234935208,0.14094776205187526,0.07368577858099144,0.23588953587361242
22313,0.4895813279163383,0.26306498889123187,0.09332428500654368,0.1540293981858861
22314,0.3386564046638966,0.30170697638755156,0.23236247254145417,0.12727414640709772
22315,0.15636967308702363,0.45123537682936116,0.1848031718250063,0.20759177825860883
22316,0.05188883516327002,0.3924233390948305,0.22228101075570025,0.3334068149861991
22317,0.11346424304941635,0.4918497620287039,0.14652523597088066,0.24816075895099907
22318,0.24925952472971624,0.03968333156874548,0.5576254477269755,0.15343169597456283
22319,0.32196292124206766,0.31377143852756495,0.08465847923241922,0.27960716099794813
22320,0.12562695836619975,0.33562137720112645,0.40544441610337384,0.13330724832929988
22321,0.2599010090367913,0.17444162936417815,0.22728264638962586,0.3383747152094047
22322,0.08704183004459792,0.18945591131328307,0.527583897235228,0.195918361406891
22323,0.041244619202475505,0.3316754600608444,0.2410680338081732,0.3860118869285068
22324,0.0988699611731009,0.4017469142297451,0.35191823532476385,0.14746488927239013
22325,0.23995619705571572,0.2558172829321,0.10229241916769312,0.4019341008444912
22326,0.48376734981723035,0.03423619830678178,0.04222087126365861,0.4397755806123292
22327,0.4165901265428289,0.0923453659818584,0.2588633917349595,0.23220111574035332
22328,0.3603617412211047,0.07089881824305552,0.1621159725712019,0.4066234679646379
22329,0.3238507295442098,0.0878847583079088,0.13575966152292154,0.4525048506249598
22330,0.05932136783625029,0.05738605533402283,0.22834985269783029,0.6549427241318966
22331,0.20924455419974947,0.06182465131908741,0.01915809616675227,0.7097726983144109
22332,0.09108863699677626,0.053145455599202765,0.14089357831286392,0.714872329091157
22333,0.6456213706378889,0.006752459888410417,0.14798049378043304,0.1996456756932676
22334,0.2648501163512107,0.038099647394134586,0.1625149835942028,0.5345352526604519
22335,0.3692072358389094,0.19274682435956403,0.017749166944880202,0.42029677285664635
22336,0.5882789697918931,0.051173820717499985,0.0867214852341825,0.2738257242564245
22337,0.0788887419609918,0.28251945020274755,0.2188590038807613,0.4197328039554994
22338,0.09991968239890743,0.0405053222217858,0.04789957939180461,0.8116754159875023
22339,0.1317991314183205,0.0248959134228289,0.4257347091458287,0.4175702460130219
22340,0.04978475649928565,0.2475717269616085,0.04902795362677513,0.6536155629123308
22341,0.20786366085852437,0.047754016521846736,0.1491060775293435,0.5952762450902854
22342,0.1931580971643639,0.024892320005810452,0.36310785135787804,0.4188417314719476
22343,0.2872913557164102,0.29003494931197754,0.03638380877898307,0.3862898861926292
22344,0.22184403601119856,0.2373127972605684,0.2777913346899713,0.26305183203826166
22345,0.535296507751416,0.056141992492670476,0.12103337758826299,0.2875281221676505
22346,0.2720452098993776,0.07715475687301362,0.05142863497491138,0.5993713982526975
22347,0.12752312775927485,0.24007399218822004,0.38943039618450154,0.2429724838680036
22348,0.0202718680367382,0.23981119760556624,0.4809818162928572,0.2589351180648383
22349,0.2389402039338881,0.2572958595770971,0.3708742585790793,0.13288967790993544
22350,0.1909241197989303,0.23492802073523533,0.3873191327051735,0.1868287267606609
22351,0.21334864198945427,0.22089015994278632,0.40439141666720885,0.16136978140055044
22352,0.4428908861240931,0.0684062191301326,0.21082163940103227,0.27788125534474195
22353,0.11224743118234431,0.06511987433652086,0.4106661387401815,0.4119665557409533
22354,0.14354971742816341,0.3367947953795682,0.16610081832217813,0.3535546688700903
22355,0.14796870726470243,0.23491184342683788,0.32769537240917457,0.2894240768992851
22356,0.05645699353315818,0.05763692889479864,0.5162224907498758,0.3696835868221674
22357,0.05948109813137365,0.3386383357146586,0.1173951826833287,0.484485383470639
22358,0.526280214522425,0.09061632795689184,0.16386701638454304,0.21923644113614016
22359,0.16581779409828673,0.34705011841427513,0.3504278667019907,0.13670422078544744
22360,0.13624156749190777,0.4397170548112491,0.026986036478076722,0.3970553412187663
22361,0.21027738170297855,0.2084696429790775,0.12477286045988219,0.4564801148580618
22362,0.10363551636375737,0.23062611868162558,0.399514692168887,0.26622367278573
22363,0.06214624425100852,0.11283001372709368,0.33113839423965735,0.49388534778224036
22364,0.4523958001631017,0.2024190292941238,0.18262488771708588,0.16256028282568863
22365,0.2545207254526256,0.31380094350653326,0.2820171770633904,0.1496611539774506
22366,0.07291179724209212,0.5349437784407404,0.3417980490592306,0.050346375257937004
22367,0.5488568252988552,0.11564717660938752,0.2294595622830322,0.10603643580872506
22368,0.20281502435293966,0.5928811916009186,0.08311402001177128,0.12118976403437047
22369,0.17567671590114406,0.5667439925206119,0.19892294583027748,0.05865634574796659
22370,0.04417321012467221,0.5381915626458937,0.29217368931968374,0.12546153790975031
22371,0.46484672995437465,0.09308121460435685,0.31363643618467374,0.1284356192565947
22372,0.506570985859684,0.3112596339359563,0.06558331338070185,0.11658606682365794
22373,0.2698938963445704,0.10828003232713375,0.3482946141374048,0.2735314571908911
22374,0.2479509802022286,0.6766630960360842,0.03632999139827969,0.03905593236340764
22375,0.10597253831927043,0.6642018908826213,0.08244710605138338,0.1473784647467248
22376,0.2825614980411374,0.19026824766544906,0.22915591352122144,0.29801434077219213
22377,0.375336606732505,0.37212132286704336,0.18413996098465418,0.0684021094157974
22378,0.1251741743816284,0.10374399731510973,0.6980317195326727,0.0730501087705892
22379,0.34746861777991817,0.5507533434558384,0.020153941031036092,0.08162409773320745
22380,0.10773402195103961,0.32917141882151935,0.2945304403813136,0.2685641188461274
22381,0.07268359157209003,0.48369605424735435,0.2298067746836146,0.21381357949694094
22382,0.07051402365963205,0.6502312205986949,0.12720309592571705,0.1520516598159559
22383,0.10608056502773852,0.19773884869431585,0.43553350216963277,0.2606470841083129
22384,0.11431204599450309,0.7267921552756205,0.06404433824348835,0.09485146048638815
22385,0.36386937380562323,0.2886199652982016,0.2728168055969765,0.07469385529919866
22386,0.2463812554180078,0.480565459609117,0.2281260053620347,0.04492727961084039
22387,0.3129294861910911,0.1270741911282754,0.30645927580863497,0.2535370468719985
22388,0.4107274051900037,0.2723763352043715,0.2445401562423364,0.07235610336328845
22389,0.24610152785283335,0.33344040137686515,0.3119105239305724,0.10854754683972902
22390,0.4191584616895951,0.20645595155220564,0.1711235414384987,0.2032620453197006
22391,0.3632367746515482,0.18799483130393263,0.27089712461401533,0.1778712694305039
22392,0.25534466587387944,0.4365640575186636,0.19210758397620264,0.11598369263125433
22393,0.09450832404742382,0.12251918282655799,0.7463226746159294,0.036649818510088784
22394,0.12505129953946262,0.44809041343771605,0.1975987085080296,0.22925957851479173
22395,0.41978958455879695,0.3384990853917168,0.17331323612252816,0.06839809392695805
22396,0.10412889612700686,0.27441721791690615,0.32919607825247765,0.29225780770360926
22397,0.5457379526531885,0.2894101057136576,0.05432765075222827,0.11052429088092576
22398,0.3063317749346525,0.1616916243354125,0.45087998639833127,0.08109661433160385
22399,0.05687551608789542,0.23130034698531218,0.5984839236474915,0.11334021327930087
22400,0.04104104040236328,0.08328748392844745,0.793084580609435,0.08258689505975426
22401,0.680981871023661,0.10333118899864278,0.07746056859896741,0.1382263713787288
22402,0.14513196171134066,0.4208947204592871,0.3800579760539159,0.05391534177545636
22403,0.27202887108655105,0.3288715477724401,0.2788252166761957,0.12027436446481306
22404,0.5108418594667116,0.03299766046656637,0.42439044127447495,0.03177003879224714
22405,0.09192888618038733,0.5847614599997556,0.12911969100539633,0.19418996281446085
22406,0.16080796589105975,0.6457936572763425,0.10297834754731822,0.09042002928527966
22407,0.21641517752915004,0.1586536037697767,0.45570161526879854,0.16922960343227464
22408,0.045721821187329856,0.06114663716761911,0.8539791258096558,0.039152415835395284
22409,0.3701071418933341,0.19001668695106338,0.40341014935342134,0.036466021802181135
22410,0.21224334464509867,0.4198010423795709,0.342721258662071,0.02523435431325938
22411,0.23064805399882077,0.3986874653823274,0.326769645609556,0.04389483500929583
22412,0.23800780306534594,0.20785968836494603,0.5353114889709085,0.018821019598799487
22413,0.1295647969940004,0.2090753798725397,0.25543388244400067,0.4059259406894593
22414,0.22674594015596594,0.7064516158354704,0.02019628762371346,0.046606156384849946
22415,0.058840851567999806,0.22309304715022635,0.6703491726187258,0.047716928663047976
22416,0.04819355668063481,0.17632766691961682,0.7192261702811206,0.05625260611862782
22417,0.46828238108354875,0.1112308734313082,0.32089834600149375,0.09958839948364932
22418,0.019970344690297192,0.5930968399030356,0.31525916970829315,0.07167364569837396
22419,0.15574979942470388,0.46038684039278044,0.11060816573413264,0.273255194448383
22420,0.06479812762763301,0.576903361395605,0.2842463081151196,0.07405220286164237
22421,0.2675171120467272,0.04737461555873024,0.5753125775190239,0.10979569487551882
22422,0.10717079891778811,0.348410542874035,0.14093333999991486,0.40348531820826194
22423,0.07159262320339742,0.18365495948689603,0.5936793382243103,0.15107307908539638
22424,0.505175523136981,0.22689695090618286,0.1486285698418669,0.1192989561149692
22425,0.11678196283887848,0.36791048833520035,0.169159709605403,0.34614783922051817
22426,0.25636434443237105,0.41305419899316326,0.1862299336219114,0.14435152295255438
22427,0.4278352831344851,0.3775029776154665,0.054026951811779224,0.1406347874382693
22428,0.06947054199009546,0.32162422791028566,0.24704737127367232,0.3618578588259467
22429,0.6391247781284402,0.1900789652217242,0.02998645977393919,0.14080979687589631
22430,0.17240415828160044,0.08609091098142746,0.5949011783113128,0.1466037524256594
22431,0.4408749653898578,0.1224203587805829,0.20997184013286507,0.2267328356966941
22432,0.32250661613330484,0.4865629072177497,0.0824641446987152,0.10846633195023025
22433,0.13630482175535175,0.10621271781477294,0.21804793313007434,0.5394345272998009
22434,0.40021679188159026,0.277738281298987,0.13924250088639875,0.18280242593302404
22435,0.03948464928013984,0.2740411557344826,0.5378116646875413,0.14866253029783627
22436,0.056742242717615174,0.6160536856988015,0.16908957599549135,0.15811449558809196
22437,0.31113405753118123,0.17117915901214129,0.17100307438642012,0.34668370907025736
22438,0.24445386975957217,0.24373829408521178,0.07801897200634098,0.4337888641488751
22439,0.05780822956106023,0.2455011400312982,0.5404803187858618,0.15621031162177978
22440,0.13519791458665878,0.4489424355228172,0.3298157551309666,0.08604389475955734
22441,0.3297557722024946,0.057478049587466294,0.5657053286816334,0.047060849528405786
22442,0.11030630036052419,0.20567446863799851,0.6429020338736425,0.04111719712783476
22443,0.0897196625447094,0.7969264036323431,0.056840086640559256,0.05651384718238822
22444,0.34493489144526013,0.0840966311533287,0.5412425861599505,0.02972589124146077
22445,0.06370495137349447,0.4894207674919612,0.3842852429023112,0.06258903823223323
22446,0.0816637054903365,0.3081328646877341,0.5952355684594041,0.014967861362525273
22447,0.4468361776884623,0.382285289930124,0.09647145614449898,0.07440707623691475
22448,0.05550755814386722,0.36150797033954174,0.5452853129287031,0.037699158587888026
22449,0.12557998067362752,0.6984057644041005,0.09730982945722974,0.07870442546504226
22450,0.25757747742323456,0.2530582012689802,0.3660400234918913,0.1233242978158939
22451,0.043738387044138426,0.5111774953499618,0.4034576875275561,0.04162643007834355
22452,0.1773045920381113,0.6689382412908733,0.09359862116109087,0.06015854550992454
22453,0.22555248516476403,0.17273908620364276,0.402567252093488,0.19914117653810517
22454,0.280585837374553,0.5681545235830673,0.1050764797162625,0.04618315932611724
22455,0.49708319507558757,0.3185536852949645,0.16162421110934982,0.022738908520098078
22456,0.5636036059817952,0.08839795043334928,0.2705759897652971,0.07742245381955837
22457,0.1098403738978405,0.40576450837110783,0.44433371761200213,0.040061400119049524
22458,0.0821502568278733,0.4152803569347908,0.43759778954474204,0.06497159669259392
22459,0.12274841086633598,0.431917932327871,0.3638106536265609,0.08152300317923214
22460,0.08660833864560102,0.16286913350139612,0.615548934246231,0.13497359360677194
22461,0.65503575806885606,0.11386834180023468,0.07541550544906825,0.15568039468184083
22462,0.35443948109837675,0.2856479509637041,0.2122682636709744,0.1476443042669447
22463,0.1005142861991793,0.42828611117725873,0.08825675257100056,0.3829428500525614
22464,0.27707360125672414,0.4679571158226808,0.12883020922835214,0.12613907369224295
22465,0.3573779985041248,0.5067487023102846,0.06033520748853393,0.07553809169705669
22466,0.22776131254547702,0.3032264385919788,0.07338429604885244,0.39562795281369173
22467,0.0823632650020158,0.6896679181968373,0.11802178351953158,0.10994703328161551
22468,0.29131800609482167,0.27007229624996154,0.19910027172573683,0.23950942592947994
22469,0.41910550563144494,0.04597146820154908,0.36892361577923954,0.16599941038776647
22470,0.10956404845168322,0.7409358925442452,0.035974208226601995,0.11352585077746971
22471,0.5486698870505852,0.3134003255331302,0.050318333321915425,0.08761145409436927
22472,0.0412397051809859,0.44480700893324815,0.3584981216782989,0.15545516420746716
22473,0.5702273187314055,0.08625253826936347,0.24315409323205556,0.10036604976717531
22474,0.6118645069838988,0.05061583087753727,0.2475008586140808,0.09001880352448317
22475,0.14374406305959733,0.6860992389749554,0.04346024904154914,0.12669644892389803
22476,0.0947609776869992,0.15155135812082307,0.514486884326925,0.2392007798652528
22477,0.14371903906001637,0.2783058551413266,0.38609243883085337,0.19188266696780373
22478,0.08218089410091528,0.06877546741960959,0.6011416566335173,0.2479019818459578
22479,0.18585748563658117,0.09009096768003688,0.09958168676494211,0.62446985991844
22480,0.04456538083699009,0.15950781899182295,0.4804931095095726,0.3154336906616146
22481,0.13931974104675887,0.27421658860505177,0.05800853226080256,0.5284551380873868
22482,0.2436137601442815,0.18860568884017412,0.10022902863084772,0.46755152238469666
22483,0.16185507712927533,0.19475307320041213,0.14194944047121877,0.5014424091990939
22484,0.30358005885308764,0.32498127219152456,0.049507558420555424,0.3219311105348325
22485,0.05489585277828128,0.33370738099716485,0.22756191362253925,0.3838348526020147
22486,0.04083723846447828,0.20264813096407033,0.4533510444437705,0.30316358612768096
22487,0.08420775437597838,0.05280223187261395,0.2940836111045872,0.5689064026468205
22488,0.09286168807787455,0.12960387307643947,0.49947810020348665,0.2780563386421993
22489,0.24794569164972421,0.0380226226712836,0.44743571300686613,0.2665959726721261
22490,0.10374113844774696,0.5211457828573016,0.08599476016284079,0.28911831853211056
22491,0.035996924198096185,0.49578485163874186,0.08652870837960669,0.38168951578355537
22492,0.03485617269734563,0.2356968599661928,0.5635691818020815,0.16587778553438004
22493,0.19610395178370824,0.3959445475395246,0.23915598852126188,0.16879551215550523
22494,0.1985406006590531,0.13375124543830913,0.442501708813464,0.2252064450891737
22495,0.06836666634758407,0.2525484630052046,0.43394011864145843,0.2451447520057529
22496,0.2884232405839422,0.08056462748284876,0.1356599850454611,0.4953521468877479
22497,0.2510958479224794,0.4262262198660866,0.21087825676256078,0.1117996754488733
22498,0.06036971401393953,0.20427290981187002,0.21647643026801533,0.5188809459061751
22499,0.4156896003666532,0.14854478325342624,0.11536733037125,0.3203982860086706
22500,0.6326001812279661,0.1138058802119525,0.02684934778461766,0.2267445907754637
22501,0.41963570403267764,0.12009310530087056,0.14737375033661776,0.31289744032983413
22502,0.26432833059347643,0.24407108171787686,0.20570927070857353,0.2858913169800732
22503,0.2921623702948401,0.19751518914749372,0.04923380404648969,0.4610886365111764
22504,0.16481070366281972,0.45975271707310056,0.09115225735298556,0.2842843219110941
22505,0.42045937468167616,0.1029120975309484,0.08378136069646556,0.39284716709090983
22506,0.24173884912986351,0.3718074822635699,0.23063929585760684,0.15581437274895962
22507,0.03613875157305027,0.4951141066094567,0.10686411062703535,0.36188303119045745
22508,0.19766655902240796,0.5133376302655744,0.07760507086888838,0.2113907398431292
22509,0.4693551148089998,0.06592140062598022,0.09908933909465871,0.36563414547036127
22510,0.02341266892919412,0.745284608329168,0.022383718851429747,0.20891900389020832
22511,0.2473536895753477,0.07791689861464753,0.48570747811778564,0.18902193369221912
22512,0.1992287947642193,0.2139862266739781,0.2189661387096493,0.36781883985215325
22513,0.203139842467399,0.13880774729332807,0.2045283020099584,0.4535241082293146
22514,0.1170866411788463,0.5569033126222661,0.06621752300491843,0.2597925231939693
22515,0.048291355601204296,0.07050434622908879,0.44089902053778346,0.44030527763192345
22516,0.03174802338798424,0.6133609250646839,0.10157626281032943,0.25331478873700247
22517,0.19227860162759688,0.10902704234480462,0.46578873367917706,0.2329056223484215
22518,0.13033458731526404,0.32842575234281457,0.2656290439770769,0.27561061636484446
22519,0.1619986121904038,0.4595615878575301,0.06824024556916503,0.31019955438290103
22520,0.4066416180281109,0.3010786213153125,0.1605908765763694,0.13168888408020718
22521,0.063486692270611,0.34898379102996413,0.4016690353260736,0.18586048137335123
22522,0.021415010282717507,0.11487788509384056,0.5861034967715929,0.27760360785184907
22523,0.03374542931422266,0.5597341319850249,0.2252917491757971,0.18122868952495547
22524,0.05860197757377851,0.10340049026242733,0.4739540846575387,0.36404344750625545
22525,0.3175429892743037,0.13108024653341946,0.46388568218307186,0.08749108200920501
22526,0.4199145724833542,0.40328387816359157,0.022206855066561813,0.15459469428649242
22527,0.09976476825135937,0.38848283788926885,0.24639613854077133,0.2653562553186004
22528,0.07746664051370263,0.053686614455268046,0.6053027567290568,0.2635439883019725
22529,0.20595480380661174,0.49641313151353456,0.1459041934803304,0.1517278711995233
22530,0.26287477344543486,0.09507612901934145,0.16291846264400145,0.47913063489122226
22531,0.15041707530162138,0.09962476574009953,0.5596547207588047,0.19030343819947437
22532,0.2881488816055707,0.24807824527670205,0.08451511041295613,0.37925776270477124
22533,0.07322275590214296,0.5328282443950392,0.08139951774473266,0.3125494819580853
22534,0.17024780141478146,0.4467551825828386,0.14559096115416936,0.2374060548482106
22535,0.11993465163217325,0.2663878003685682,0.5006595372022602,0.11301801079699837
22536,0.09096387110149604,0.5636192391845253,0.10104870834108044,0.24436818137289823
22537,0.14080535076050496,0.3115075979434164,0.4664170945412713,0.08126995675480723
22538,0.1349335317099028,0.4202867936965474,0.17338489376944063,0.27139478082410917
22539,0.08654772870089796,0.23540121430767266,0.6105163449468926,0.06753471204453684
22540,0.1294985725552486,0.2669040176840541,0.2503437721842382,0.3532536375764591
22541,0.05937978585626734,0.4022145622784986,0.24041029414338938,0.2979953577218447
22542,0.08786736458952725,0.27323361998961854,0.4787934619875589,0.16010555343329544
22543,0.6203900121305108,0.08608246902809634,0.08872264655641253,0.20480487228498037
22544,0.04776481385381816,0.043550560593595154,0.7225412611293586,0.18614336442322818
22545,0.06263724699940945,0.46660638075502237,0.3086144582571409,0.1621419139884271
22546,0.4538849615936829,0.390853408674317,0.1003169646107088,0.05494466512129128
22547,0.35770581216830016,0.3105381841479948,0.23792087812836815,0.09383512555533688
22548,0.21671670545737046,0.12587200944243548,0.5247978109796436,0.13261347412055058
22549,0.3775708058542105,0.06571213132174707,0.3219112551061578,0.23480580771788467
22550,0.06714322511979667,0.1784103564323911,0.6337691415748417,0.12067727687297057
22551,0.11512891904497634,0.35377368212254956,0.3953395026415203,0.13575789619095371
22552,0.12719265379797895,0.20174352660273204,0.13525433821234656,0.5358094813869425
22553,0.1631463150002189,0.6035359719077453,0.08850304774754848,0.1448146653444872
22554,0.4065274347288374,0.20991486999768771,0.1845906379256077,0.1989670573478671
22555,0.25506446313890213,0.5079294776955046,0.11779812141197483,0.11920793775361863
22556,0.3128908039269195,0.5290376356283689,0.09191556037441619,0.06615600007029544
22557,0.14777935090366673,0.462466173582267,0.17524607130957373,0.21450840420449246
22558,0.2483648874729212,0.07857635411654673,0.619525167521157,0.05353359088937499
22559,0.19228687358160254,0.24172881387584688,0.1975676576515106,0.36841665489104003
22560,0.16723040761323676,0.5138466590901961,0.21447373420684088,0.10444919908972627
22561,0.13779636746253576,0.41033647576962134,0.4042368726908925,0.04763028407695049
22562,0.2292701511277436,0.5343839170351774,0.1934971767700583,0.042848755067020794
22563,0.3296967816763401,0.0974668962403113,0.5001173490875751,0.07271897299577341
22564,0.7312116062316828,0.08530000372267166,0.09455353243715812,0.08893485760848739
22565,0.09130776147179981,0.41447972174275644,0.2716525113878769,0.22256000539756682
22566,0.038048819756001384,0.5345044722744848,0.35424642756348973,0.07320028040602407
22567,0.24212077124431267,0.18793193778717424,0.3347582394648511,0.2351890515036619
22568,0.2977648822737275,0.20234178376057924,0.19832077415655192,0.30157255980914127
22569,0.1369216562182975,0.09915192409409845,0.668428831610916,0.09549758807668801
22570,0.4372027971494561,0.3140956624703401,0.07226785417877984,0.17643368620142397
22571,0.23107889855721622,0.5822303070269854,0.04675135153722931,0.13993944287856908
22572,0.32751339444518274,0.3039709493509555,0.12286764772528444,0.2456480084785772
22573,0.434786255170704,0.30270511024918445,0.17068528334090408,0.09182335123920755
22574,0.2083890988260173,0.15065047310082913,0.27662631722692443,0.36433411084622913
22575,0.06408876429898637,0.4398572093509264,0.3584582987473894,0.13759572760269792
22576,0.18252866752145808,0.5988624354930553,0.12624871880767694,0.0923601781778097
22577,0.3003500189419723,0.430011435967214,0.21659165130711294,0.05304689378370079
22578,0.029702539668977394,0.44017953005142646,0.476080078319766,0.05403785195983001
22579,0.15375525004240578,0.4388529856772252,0.12867961227917196,0.27871215200119714
22580,0.42587921348626995,0.31372187381791483,0.18809149594963848,0.07230741674617676
22581,0.03875197300973368,0.39895426632195735,0.3737543840717676,0.18853937659654124
22582,0.4740574856053796,0.271343830314927,0.19893527146239784,0.05566341261729569
22583,0.14299855849127735,0.25877302173978545,0.5141307917153168,0.08409762805362032
22584,0.06635431902698749,0.5212252850318758,0.3133493769446742,0.09907101899646249
22585,0.0863052169683692,0.766780448288455,0.1030089249880723,0.043905409755103444
22586,0.07310744356954094,0.7571006094273168,0.09056366539908392,0.07922828160405838
22587,0.38348324507495507,0.21375432665765773,0.0780010266462904,0.32476140162109673
22588,0.14424517545211812,0.2508246537383037,0.46639552126375344,0.13853464954582473
22589,0.41124311766507987,0.3726451879902983,0.17923901898264502,0.036872675361976755
22590,0.09353287040722569,0.12411211478893507,0.5753422679794471,0.2070127468243922
22591,0.2823594432024106,0.08135412499946067,0.5581495728715125,0.07813685892661638
22592,0.2133711422776781,0.5496788459486857,0.1841190847516699,0.052830927021966304
22593,0.2632825471030622,0.5828874053439508,0.07035948171738585,0.083470565835601
22594,0.12248408601904735,0.11870784115515852,0.6446263399446212,0.11418173288117299
22595,0.13903135257414428,0.2209524172910905,0.3230570670969644,0.3169591630378008
22596,0.13141911103822068,0.5852558402719645,0.2375736629980706,0.04575138569174423
22597,0.04101299789407833,0.32264754839115845,0.5717227115001767,0.06461674221458645
22598,0.054714184589504763,0.732543982388498,0.07567489002816787,0.13706694299382935
22599,0.17278642714213788,0.3215564144279336,0.16816223246510642,0.33749492596482206
22600,0.11866366669914295,0.4314879753080655,0.2191238168088238,0.23072454118396774
22601,0.39177659095527145,0.07662962505329414,0.2930867388557261,0.23850704513570825
22602,0.6110507000506498,0.16344109983900745,0.10137380777554561,0.12413439233479716
22603,0.3768008952536172,0.16649491198569583,0.3102846632223225,0.1464195295383644
22604,0.03475905974029308,0.5033869816716312,0.33394784616225054,0.12790611242582509
22605,0.5934240997349477,0.13447185219942165,0.09315133484766414,0.17895271321796646
22606,0.24229806223297298,0.15291269876867392,0.4979065974316769,0.10688264156667616
22607,0.13213541430856524,0.1285417289753293,0.5702093310742622,0.16911352564184315
22608,0.07534456161395195,0.6217556937594304,0.1760621189037846,0.12683762572283286
22609,0.24067181931625892,0.48278277971812983,0.11761137181045979,0.15893402915515137
22610,0.015359467582544948,0.7826317628720451,0.11921986280670199,0.08278890673870791
22611,0.1807172059642979,0.37492094809737886,0.3295665276899181,0.11479531824840505
22612,0.07750540081440342,0.1108412049653904,0.654956852748449,0.15669654147175732
22613,0.7099379287923065,0.14085928647695534,0.0795924847068087,0.06961030002392944
22614,0.5115688446490294,0.3369515931020671,0.09095683045737461,0.0605227317915288
22615,0.05495453485970233,0.5529438462477929,0.3510120762370205,0.04108954265548422
22616,0.46469968995632815,0.05418220023535845,0.46459199823248293,0.016526111575830487
22617,0.15563063122013063,0.2090156150687673,0.5824266253139808,0.052927128397121305
22618,0.47983625856996737,0.07761264553586468,0.38598169942777405,0.056569396466393994
22619,0.056653412990752286,0.60108922606143,0.22510019207095958,0.11715716887685808
22620,0.037938803619294637,0.8602589013970303,0.044723830408195504,0.05707846457547946
22621,0.06221105659635474,0.0589992936408901,0.8276517880533834,0.05113786170937173
22622,0.39427362914653025,0.11083036002849568,0.29797977092798544,0.19691623989698884
22623,0.1731777556150233,0.5703150420493576,0.17106151781924647,0.08544568451637262
22624,0.22773856735833276,0.44259208649725346,0.2036641561615002,0.12600518998291355
22625,0.3791681475855449,0.24135947488848655,0.2501615150101836,0.1293108625157849
22626,0.5255476997135902,0.10596417541269278,0.23184938938389296,0.13663873548982414
22627,0.22601284916112319,0.11848844274498663,0.5714877313019395,0.08401097679195076
22628,0.09468646716267808,0.23492776914620464,0.6366072088047341,0.033778554886383025
22629,0.19650129392483393,0.4522813223420343,0.26150883193880115,0.08970855179433072
22630,0.17252492253558155,0.7288577366667789,0.04289118995839699,0.05572615083924272
22631,0.2226654737678388,0.6548587637345232,0.023173919803008928,0.09930184269462905
22632,0.17764150698287043,0.5317499298297701,0.10984245929264465,0.18076610389471495
22633,0.10272214662056868,0.22129220487959558,0.22921545106407182,0.4467701974357639
22634,0.01811290875242166,0.7175561720841424,0.13836492785638857,0.12596599130704753
22635,0.023973902764186563,0.7659807451578293,0.027459764248151622,0.18258558782983259
22636,0.019521101539535932,0.7254704245425168,0.14779446549215436,0.10721400842579301
22637,0.5557987050559445,0.17122562138033653,0.023802443642589006,0.24917322992112984
22638,0.11685294045511249,0.46949089963850793,0.10084308718277354,0.3128130727236061
22639,0.0688906064224346,0.3959486642898216,0.07494238295976371,0.4602183463279801
22640,0.06393206185905695,0.2713513425173888,0.5225654519206604,0.14215114370289395
22641,0.025340065799914033,0.7713031737322852,0.10470281581258492,0.09865394465521593
22642,0.09219704975860185,0.38951172876146045,0.13471444305398195,0.38357677842595583
22643,0.21160373907527383,0.23489847238972517,0.2740586166398022,0.2794391718951989
22644,0.022081171436499288,0.27552670598667717,0.6164890642313438,0.08590305834547977
22645,0.20635890125394898,0.1281289997993524,0.20259992484439687,0.46291217410230173
22646,0.19166488388486444,0.4871247305032283,0.12827538370673677,0.19293500190517046
22647,0.28255137256584245,0.5881535237443721,0.026607445008311942,0.10268765868147346
22648,0.42849479599642754,0.4323453367486663,0.019083598166135127,0.1200762690887711
22649,0.05993517945862232,0.24266063922472772,0.1041329594151795,0.5932712219014705
22650,0.06439264729308906,0.2538320344655276,0.06688715256969238,0.6148881656716909
22651,0.04571886168998632,0.061918441512981794,0.3451097695014131,0.5472529272956188
22652,0.04620290309552674,0.11976204653848002,0.07291193095518167,0.7611231194108115
22653,0.03291180200232969,0.16148488753417603,0.4958691730300283,0.309734137433466
22654,0.028942642510288413,0.04677915274166737,0.12637475695580924,0.797903447792235
22655,0.09399323782028701,0.3407673905886184,0.08589086324874803,0.47934850834234644
22656,0.1720189657170906,0.18287964220500835,0.4238719045835411,0.22122948749436006
22657,0.22648124465585195,0.23083590630766468,0.09712543111441317,0.4455574179220702
22658,0.04369370645486696,0.0360067983028297,0.1033166029673872,0.816982892274916
22659,0.11675966236755948,0.05445849859772328,0.5004546572144168,0.3283271818203004
22660,0.29269315385732975,0.16574204648195526,0.02207337616424409,0.519491423496471
22661,0.2807551965246303,0.10670829304794589,0.31134690781084584,0.301189602616578
22662,0.04560417552025777,0.17492297676376647,0.3834708834665622,0.3960019642494136
22663,0.20748622010445522,0.44111416739724263,0.07199737962650947,0.2794022328717925
22664,0.0758889387960681,0.4422656421497923,0.05431104289012363,0.427534376164016
22665,0.19402172158023587,0.1597246271981657,0.4081501844613922,0.23810346676020627
22666,0.1766061456440248,0.23037072485600343,0.05493370177925166,0.5380894277207201
22667,0.07487746409722408,0.19551639262721093,0.4600028703198104,0.26960327295575465
22668,0.08463560205564906,0.2705259009285574,0.08322660575265985,0.5616118912631337
22669,0.07259836203708882,0.052205857133140715,0.12356183798217957,0.751633942847591
22670,0.1016025704799633,0.34564070836006183,0.10161538585252838,0.45114133530744654
22671,0.19139537857319813,0.11008169273653945,0.49263580737902796,0.20588712131123452
22672,0.36113091309994466,0.10873951376053578,0.16931254808854632,0.3608170250509732
22673,0.34929270300698173,0.25400380178519655,0.12981267703367788,0.26689081817414384
22674,0.1375009715999187,0.3089207425011,0.34422359705968064,0.20935468883930064
22675,0.0600738633931405,0.34325100957865323,0.2897738860958154,0.3069012409323909
22676,0.15302570454244893,0.5368416219591446,0.11629356910465961,0.19383910439374688
22677,0.40490513963995917,0.15264209998868836,0.21658043642096175,0.2258723239503908
22678,0.1830764743946012,0.19180802065308294,0.1462430652129489,0.4788724397393671
22679,0.02801835908922367,0.48189228958418884,0.09418248987819197,0.3959068614483955
22680,0.05468392999223721,0.17494702451189384,0.37709206691523106,0.39327697858063787
22681,0.0807890339866338,0.3227619427575621,0.15767976028037128,0.43876926297543284
22682,0.3560759168783341,0.4126206614552034,0.03895653742551663,0.19234688424094598
22683,0.08078751722805733,0.03235514912812816,0.5821425300226193,0.3047148036211953
22684,0.23404553814021203,0.45743196472615205,0.20212470895147389,0.10639778818216197
22685,0.25058728866116614,0.16487501973299218,0.17564708214541208,0.4088906094604296
22686,0.640831771990718,0.05538875543204547,0.033666238583244225,0.27011323399399245
22687,0.101672737632608,0.5601643786588458,0.1537398765955956,0.18442300711295048
22688,0.485456130105133,0.19538101026764498,0.28678195219760994,0.032380907429612034
22689,0.18439514788369482,0.5354450267452276,0.18340275240083218,0.09675707297024536
22690,0.0798208539699349,0.13835229634841761,0.6921679348982102,0.08965891478343724
22691,0.07897605825893221,0.4853338387917162,0.3787678492237137,0.05692225372563783
22692,0.29695177277477086,0.2235707528691843,0.2826474140492225,0.19683006030682237
22693,0.2946754378970725,0.394280879287945,0.1738368806528771,0.13720680216210548
22694,0.6564228489216032,0.049399695737503226,0.241803095716278,0.052374359624615695
22695,0.3148535162678873,0.11638486459837347,0.4887969960097337,0.07996462312400561
22696,0.286526919837423,0.4350253461791376,0.1075887509000898,0.17085898308334974
22697,0.10547033059263985,0.4592461278315224,0.24083578288978785,0.19444775868605
22698,0.48310956174161424,0.38402902102757464,0.04155725692583783,0.09130416030497322
22699,0.6185521615971367,0.06658915276717371,0.2254984005863025,0.08936028504938714
22700,0.3372129853799378,0.18643763351787734,0.21268050459025115,0.26366887651193377
22701,0.1308589734164783,0.45788562877539274,0.09717776347772634,0.31407763433040264
22702,0.054720546936820984,0.1026447670529611,0.7417858031304778,0.10084888287974007
22703,0.2264372415383887,0.04507486646885776,0.6479850471909678,0.08050284480178563
22704,0.14755798191405656,0.627901471597023,0.07618233563989626,0.14835821084902412
22705,0.047249556027336,0.3712690971034981,0.4884390209309773,0.09304232593818873
22706,0.2610323619318521,0.13126858156727028,0.4834786634331632,0.12422039306771446
22707,0.04514140199698151,0.7263743440697454,0.11293167879121718,0.11555257514205601
22708,0.09736409583537528,0.19556292943356074,0.504357882278198,0.20271509245286595
22709,0.10397120440557775,0.7612872276936914,0.04423958798123166,0.09050197991949924
22710,0.16817512625741454,0.5907590394393857,0.11344619149115612,0.12761964281204377
22711,0.5985074727760209,0.09095682653750199,0.17822346781474635,0.13231223287173072
22712,0.1357932465282143,0.67961546334784,0.050958408794507644,0.1336328813294382
22713,0.13283416402751214,0.21170898689728504,0.5071788615992358,0.14827798747596713
22714,0.11770410447166371,0.23521834701638045,0.5630544850844826,0.08402306342747316
22715,0.30831675754490095,0.3518843887924862,0.14179993820047462,0.19799891546213827
22716,0.1261716715714325,0.23872903593410447,0.4379552278755242,0.19714406461893885
22717,0.10321440387096645,0.08529101530327898,0.6919667962966918,0.11952778452906275
22718,0.4424627100037145,0.13015988948220017,0.23457579502514164,0.19280160548894362
22719,0.5809247589407963,0.17483703777073792,0.14649898470804018,0.09773921858042553
22720,0.03271763101691367,0.6000874662187785,0.2840926052940267,0.0831022974702811
22721,0.3996132806043931,0.4401143971157292,0.0733573501752951,0.08691497210458259
22722,0.13263041455788055,0.3785917003212927,0.2869474432496057,0.201830441871221
22723,0.09182335532771166,0.698789515013269,0.037148773171510656,0.17223835648750865
22724,0.1844074090738351,0.15686543078205428,0.5930630100334698,0.06566415011064085
22725,0.08273089832904115,0.4969774871487288,0.276017834721425,0.1442737798008051
22726,0.03954609634686964,0.8127186227830858,0.045760862720963795,0.10197441814908068
22727,0.13305346635456167,0.16636864582274002,0.5832952363445918,0.11728265147810651
22728,0.06499150760505623,0.473340159959569,0.2665138177167548,0.19515451471862005
22729,0.4071298836435306,0.3093062597194961,0.1878969777599239,0.09566687887704925
22730,0.07082245219380409,0.5237204640651608,0.294403841303066,0.11105324243796917
22731,0.044029073560918265,0.5741654072396668,0.28086087068535154,0.10094464851406336
22732,0.34469942652563745,0.3033782526019478,0.21638801423241133,0.13553430664000335
22733,0.25444440012533664,0.3590306317538974,0.12152884396655092,0.26499612415421486
22734,0.11481984490436617,0.6877041848917449,0.10391789664346116,0.09355807356042767
22735,0.07015071868132315,0.402030446501807,0.48139111260911965,0.04642772220775024
22736,0.039443011480575614,0.25823568320604084,0.6107125557672306,0.09160874954615285
22737,0.5221699412460704,0.22406439640396758,0.0657969923759803,0.18796866997398168
22738,0.42091519499777036,0.1981467426219548,0.29112958164486336,0.08980848073541153
22739,0.30534762070820526,0.31198445278197284,0.201863739388094,0.18080418712172797
22740,0.11016313584464013,0.6705129957116456,0.1211254231565512,0.09819844528716307
22741,0.4875062585742569,0.10122858567375438,0.3236785606149393,0.08758659513704938
22742,0.09557300612277377,0.6056140870052037,0.2572867127050022,0.041526194167020455
22743,0.23123729689810196,0.5386616593642726,0.10800244962437856,0.12209859411324685
22744,0.11405789138106848,0.7081003111427412,0.08889269655559182,0.08894910092059853
22745,0.419002266740204,0.24608566776818525,0.16073284079902836,0.17417922469258235
22746,0.3726262734621212,0.3449356219166912,0.23339580137705118,0.04904230324413647
22747,0.816104734153196,0.08082851141935411,0.03582673270010112,0.06724002172734883
22748,0.6343724582326886,0.10215216169234455,0.23869916680222825,0.024776213272738594
22749,0.09410967973682322,0.1186028386076154,0.7119628473621782,0.07532463429338314
22750,0.1942262426766678,0.22779348994091986,0.5352296268798312,0.042750640502581136
22751,0.12080378673937993,0.41817257603764896,0.42263485725486066,0.03838877996811051
22752,0.5859221875325032,0.11557333257279956,0.23776094896688324,0.060743530927814
22753,0.15219120248898194,0.6040910734189346,0.17712374636222808,0.06659397772985531
22754,0.4393907862632029,0.2695955819012513,0.26181824234090745,0.029195389494638273
22755,0.17045004781236095,0.08249595534520542,0.6531149782889942,0.09393901855343936
22756,0.2619643691667154,0.171595608490131,0.43260677607614156,0.13383324626701207
22757,0.4929282137886079,0.15966232570038,0.15047516776188996,0.19693429274912222
22758,0.21799048636575916,0.2532999124461924,0.495278113284355,0.03343148790369344
22759,0.6049807725124525,0.27713129329152664,0.042343560182712854,0.07554437401330805
22760,0.15992167456045844,0.33300865392378853,0.4590879823090831,0.047981689206670064
22761,0.1061907497043531,0.7068119134762049,0.0892286397912508,0.09776869702819124
22762,0.170243379733818,0.3688065106043976,0.4196049834114855,0.04134512625029888
22763,0.14990205110143387,0.47125186491336846,0.1375209509824692,0.24132513300272845
22764,0.1798966521012869,0.6262125770134735,0.03204906504253334,0.16184170584270618
22765,0.3379025173236275,0.23792495152576718,0.2090807903737431,0.21509174077686213
22766,0.3040563893492427,0.42662480827250293,0.19528849610932544,0.07403030626892886
22767,0.2075738887784109,0.07518092765785,0.47406920278995734,0.24317598077378175
22768,0.13783937307434935,0.21971662506118203,0.5150730847417473,0.12737091712272133
22769,0.04017601116532653,0.8211958825457567,0.022320310441642555,0.11630779584727428
22770,0.6489134243334248,0.07501649013539778,0.03808474773588047,0.23798533779529707
22771,0.22682711406257947,0.06388262797427764,0.586167895415071,0.12312236254807188
22772,0.5836042165573608,0.15347428795165327,0.07944160025463443,0.18347989523635141
22773,0.1679845351590145,0.37729021557587056,0.038685557705440174,0.41603969155967474
22774,0.14423110473997017,0.23168825520719658,0.3779987611866488,0.24608187886618443
22775,0.26413612511248796,0.37283840132475654,0.2621923742901394,0.10083309927261606
22776,0.25257054746239244,0.27392309865211734,0.1264567653016021,0.3470495885838882
22777,0.1520300147078676,0.40295656890145826,0.3145492463767915,0.1304641700138828
22778,0.06679735924301275,0.1850400384216371,0.4408055856959695,0.30735701663938075
22779,0.17856450146233932,0.47513196047235734,0.20511667759437402,0.14118686047092924
22780,0.14158194276166555,0.5280547241109578,0.05034958370238936,0.2800137494249873
22781,0.037563234937527994,0.11763986896599223,0.6976378657865004,0.14715903030997932
22782,0.10248509871461663,0.06036918031045484,0.5070719690813201,0.3300737518936083
22783,0.10583531188434628,0.07430496493236087,0.6545848682234505,0.1652748549598422
22784,0.08293451353224787,0.45358438121741673,0.05780794789634386,0.4056731573539917
22785,0.22076615496582538,0.3804971778546526,0.24645012643131387,0.15228654074820794
22786,0.3300479098458182,0.04777476163432608,0.4015384550561513,0.2206388734637044
22787,0.4419239877944614,0.1256896574039325,0.18310527523623574,0.24928107956537035
22788,0.4098282074067331,0.033031658000803786,0.28025089485426585,0.2768892397381972
22789,0.5982502143712687,0.066827532225262,0.13101663723648563,0.2039056161669837
22790,0.060347415394731985,0.1927531920153279,0.593311001479089,0.15358839111085107
22791,0.17366433222841435,0.2974224420173307,0.08688975716490992,0.44202346858934494
22792,0.04878331321566786,0.04306211226469952,0.7093649839001561,0.1987895906194766
22793,0.6895132599877308,0.08517854653541175,0.048664459945956404,0.17664373353090093
22794,0.1558994623614777,0.3001739660028579,0.41820999540845666,0.1257165762272078
22795,0.3165270877325104,0.37674686519136874,0.06786259428662776,0.23886345278949295
22796,0.6246740414643742,0.03257749050785274,0.1308101012177704,0.2119383668100028
22797,0.06896956534331708,0.08805420326418534,0.6900791949295102,0.15289703646298736
22798,0.15995428917830268,0.09201359163811028,0.3332757456570593,0.4147563735265277
22799,0.677047118210625,0.035832111515121765,0.04082323841670635,0.24629753185754705
22800,0.3487925230717239,0.11789522771021849,0.2670570846673616,0.2662551645506959
22801,0.08621261161749547,0.24349087770087455,0.24643469128122514,0.42386181940040485
22802,0.059086326853710694,0.5024843677279658,0.12250178232545614,0.31592752309286726
22803,0.5421128917414807,0.2617264777403507,0.017489181576757676,0.17867144894141096
22804,0.24331993305762667,0.07461201366084227,0.4665493582459324,0.21551869503559865
22805,0.17502614119550078,0.28962993202625315,0.17725323098110765,0.3580906957971384
22806,0.148220616488095,0.4466592766760203,0.12076994677851692,0.2843501600573678
22807,0.2471926342405997,0.01781240233174021,0.5966870837730593,0.1383078796546007
22808,0.03312196912254522,0.4137887083520182,0.2924894278966199,0.2605998946288167
22809,0.11390677183779684,0.07033564801972746,0.6574621701583739,0.15829540998410163
22810,0.0510155261792206,0.44363617542772166,0.2910779914041115,0.21427030698894634
22811,0.2375296423510091,0.16043876525655082,0.23532217388646484,0.3667094185059752
22812,0.18903610257354095,0.3586524210317879,0.12859855745919993,0.32371291893547127
22813,0.4563153087012534,0.07581369277082028,0.26671800108266475,0.20115299744526147
22814,0.15050584409003084,0.5654270454614607,0.043220550327179696,0.24084656012132885
22815,0.11560407507880541,0.45871143325510505,0.19429600588615897,0.23138848577993057
22816,0.2111896996474421,0.1234408418070158,0.17164006843500368,0.49372939011053846
22817,0.4464015803807763,0.15575552266249418,0.08270848919884155,0.315134407757888
22818,0.036772691996692766,0.3679265663665149,0.3999661025755516,0.1953346390612407
22819,0.15097945074902339,0.07597990297985445,0.4573677710105324,0.3156728752605899
22820,0.12135134100562656,0.20529810215261016,0.46350392924625466,0.20984662759550862
22821,0.07051176705298161,0.11177949330566755,0.48305773837805055,0.33465100126330033
22822,0.33828545189484094,0.06259669685534706,0.37454427551023123,0.22457357573958095
22823,0.0998076676674194,0.4170066054895596,0.04828651174335379,0.43489921509966717
22824,0.04148980243113533,0.43666560065891363,0.13860567189941037,0.38323892501054074
22825,0.34531155790711193,0.023599823084191344,0.4781795576487478,0.15290906135994892
22826,0.15210673211490539,0.09236559253188151,0.39596674309994695,0.35956093225326613
22827,0.6533112005196945,0.032130117008065395,0.10868661642101998,0.20587206605122
22828,0.11290000086365869,0.23004716142486153,0.554526174355741,0.10252666335573876
22829,0.1018453020301276,0.3350605463912042,0.37253433225650856,0.1905598193221596
22830,0.08059212458532763,0.021471883891102096,0.7335298511852129,0.16440614033835746
22831,0.11100822260685275,0.5756767538823796,0.0596235811888761,0.2536914423218915
22832,0.12077469220272961,0.041788279312508274,0.7188666642717906,0.1185703642129715
22833,0.26043409383381116,0.3957066291236578,0.08513323993710305,0.258726037105428
22834,0.07145706672070445,0.08857245161200894,0.3896718188607349,0.4502986628065518
22835,0.3415191635225565,0.13897942245736195,0.1228906084386126,0.3966108055814689
22836,0.20484125409037296,0.4020307637500463,0.04631214925331399,0.3468158329062667
22837,0.07553681365493088,0.36931556096865753,0.1286626625894946,0.42648496278691694
22838,0.4065360069721916,0.15311654169315406,0.04321398779421358,0.3971334635404407
22839,0.22099721737901346,0.1839523662783125,0.24625771181444764,0.3487927045282265
22840,0.4479261985284577,0.054348544379483645,0.16058223998409854,0.33714301710796
22841,0.16229190066211804,0.1337250570185542,0.08805420602096042,0.6159288362983674
22842,0.37800399442793775,0.0651258540401356,0.11654975894579976,0.44032039258612693
22843,0.20091419370325134,0.143530367261707,0.3329938055293476,0.32256163350569395
22844,0.5656619050239676,0.05969144159347044,0.1540670186058501,0.2205796347767118
22845,0.37774688388460725,0.31110334624149977,0.16111312810458214,0.15003664176931095
22846,0.11901435115033265,0.5608480655172374,0.023448124224876576,0.29668945910755323
22847,0.30087120706950704,0.38474998214355427,0.08248351847239176,0.2318952923145468
22848,0.2510928320244551,0.2544246423211834,0.06255161297656411,0.4319309126777975
22849,0.3829317805922018,0.02898008808480557,0.4527812260624477,0.135306905260545
22850,0.4425443650033752,0.09987030219645553,0.22883125039996258,0.2287540824002068
22851,0.16916455513401218,0.36430450797705705,0.11006006977226745,0.3564708671166633
22852,0.5715955929676525,0.0682636989565782,0.04685517939298633,0.3132855286827829
22853,0.4532118308858735,0.07346590152862643,0.28744776637360586,0.18587450121189425
22854,0.16932430377480304,0.17655978785558404,0.04924600453864248,0.6048699038309705
22855,0.347109825607545,0.166967026360208,0.05534355294042894,0.43057959509181803
22856,0.038629701865869,0.04326747283316475,0.47647225875214716,0.44163056654881905
22857,0.059395988967412994,0.052858504161166255,0.2119104968819476,0.6758350099894732
22858,0.2411075022137891,0.3667463303928274,0.3058473755722059,0.08629879182117758
22859,0.047560508320105103,0.8700295212349902,0.028313482319901804,0.05409648812500295
22860,0.22010929549814437,0.3180187599857716,0.21347182656659042,0.2484001179494936
22861,0.1282990337698263,0.4802857213998523,0.33905609643389,0.05235914839643124
22862,0.15628276733134408,0.29136321307721424,0.2673061885408604,0.2850478310505814
22863,0.1880360880592001,0.721610995075675,0.03920577478253032,0.051147142082594584
22864,0.07676054062079776,0.5721064897516129,0.21542422823311555,0.1357087413944738
22865,0.24789138364282606,0.36856275557057955,0.2757437753887088,0.1078020853978855
22866,0.3243524869887812,0.07296693457119453,0.5381262788286554,0.06455429961136887
22867,0.2508755594051645,0.06795760717123103,0.5939516921665645,0.08721514125703997
22868,0.14866882732443965,0.3044442120634124,0.36957091302421746,0.17731604758793051
22869,0.4088851060410943,0.15903123228285182,0.28882616577462766,0.1432574959014264
22870,0.44653377770999325,0.2719373188940546,0.19539481843965084,0.08613408495630125
22871,0.158170786650105,0.6119238139354514,0.12071910215982828,0.10918629725461537
22872,0.12800292123289744,0.7215177413954605,0.07943542940175873,0.07104390796988336
22873,0.08390619027652235,0.3650159205451268,0.40953772522897913,0.1415401639493717
22874,0.36215912757810836,0.4898899166554154,0.054310718736264696,0.09364023703021156
22875,0.046400749663682246,0.8002063410162481,0.04076876542148642,0.1126241438985832
22876,0.23979677046170664,0.3640118832335006,0.33781719185139936,0.05837415445339337
22877,0.2590487526376611,0.12456392812524537,0.11535988360083013,0.5010274356362634
22878,0.15594316035998257,0.06336825335652294,0.3886383273017389,0.3920502589817556
22879,0.2647502367127169,0.15337179434053025,0.4263455777178553,0.15553239122889764
22880,0.14735389033963278,0.21341277709427955,0.4936524146695017,0.1455809178965859
22881,0.24185789963001741,0.11639957261313497,0.38158308708025174,0.2601594406765959
22882,0.04420938709045826,0.6576482768632979,0.014022727072210925,0.2841196089740329
22883,0.18127471245178162,0.13642367664940522,0.34529535689795926,0.3370062540008539
22884,0.11004774212797233,0.2797166210697041,0.25423979234630784,0.35599584445601573
22885,0.30997510904533954,0.19268930409005477,0.046592488773917834,0.45074309809068797
22886,0.1708856135099856,0.07451570848516031,0.14244913481276675,0.6121495431920874
22887,0.12678450280514733,0.46790508077403964,0.12577941456593703,0.27953100185487606
22888,0.3999803171510178,0.31239169691347646,0.07862541900600441,0.20900256692950142
22889,0.02792885264615321,0.06574221126649923,0.5741833354637571,0.3321456006235904
22890,0.2461916626236347,0.44304726969531344,0.10836632890578107,0.20239473877527073
22891,0.1573988823512542,0.2394289960875859,0.41413774679032206,0.1890343747708379
22892,0.22532660242930763,0.10945519387663655,0.4496066798500156,0.2156115238440402
22893,0.3097375486319758,0.23308774047196057,0.19952338842715436,0.2576513224689092
22894,0.0730934189812907,0.10882590321750175,0.058176713174577975,0.7599039646266296
22895,0.23265037095313845,0.2383960762440691,0.2738258853190414,0.2551276674837511
22896,0.5141475845538723,0.38681141905424316,0.011521808619385322,0.08751918777249912
22897,0.14175428258554737,0.2573264844986941,0.43400909676112237,0.16691013615463604
22898,0.0710039189718256,0.17858074473102245,0.4672501914594479,0.28316514483770405
22899,0.6456409760388568,0.08539123731827782,0.06475423707235645,0.20421354957050888
22900,0.40461901398649325,0.08140688367595947,0.117511846365719,0.3964622559718283
22901,0.3426157679707014,0.23792459195616314,0.22327768561151776,0.19618195446161762
22902,0.1693046529831084,0.39766399688502163,0.12060499120694648,0.31242635892492343
22903,0.3805638165746607,0.19580043916043524,0.31461295982535137,0.10902278443955268
22904,0.623064674732878,0.12730185765024116,0.11918703907827462,0.1304464285386064
22905,0.27611293046164387,0.45760855408990725,0.07383824013130419,0.1924402753171447
22906,0.590831645187285,0.23953454256282014,0.015911999804560664,0.15372181244533414
22907,0.17093806492350802,0.18809352592696188,0.5005370512449643,0.1404313579045658
22908,0.19375653731494089,0.4006042799045114,0.2935735997761892,0.1120655830043586
22909,0.18832400945971303,0.5754817419216288,0.053710826752992,0.1824834218656662
22910,0.25924534989208786,0.3085883809942534,0.16028626005929833,0.27188000905436044
22911,0.1908414833028169,0.14884981358574104,0.30817159525258336,0.3521371078588587
22912,0.29108960512572785,0.5048181703814631,0.12660131686278142,0.0774909076300276
22913,0.246172541506416,0.07345577709562308,0.5695135741551249,0.110858107242836
22914,0.09430916362407088,0.5217242294248042,0.12679231325576365,0.25717429369536116
22915,0.7073534322896557,0.04377736207502703,0.04041930528838553,0.20844990034693164
22916,0.12157569000190474,0.37088971939086496,0.060501261428921274,0.447033329178309
22917,0.3061216291271396,0.1308855815328273,0.04375627528798192,0.5192365140520512
22918,0.40595983295288346,0.15087551769724108,0.04620242046161111,0.39696222888826427
22919,0.032929526251106796,0.6688456390402638,0.028685862525974975,0.2695389721826544
22920,0.18926839411124655,0.07698286934572143,0.4203731324473879,0.313375604095644
22921,0.39305284479425734,0.1351864995143572,0.06951632526935796,0.40224433042202756
22922,0.250395986048245,0.3932056987213032,0.13455100076907736,0.22184731446137443
22923,0.04955118403471847,0.3695122512063946,0.1927641835523879,0.3881723812064991
22924,0.5804226418226439,0.1254510728061397,0.13476505820054266,0.15936122717067366
22925,0.26133509108990005,0.23434267839505105,0.055279555602577087,0.44904267491247196
22926,0.3976515733096996,0.10810238922200399,0.19369105452443888,0.30055498294385746
22927,0.07586390498950911,0.1451775732535257,0.31868188179393697,0.46027663996302814
22928,0.7430496909440059,0.05406116218851484,0.031004677832624755,0.17188446903485471
22929,0.06992900205584267,0.4551120470927131,0.158915181458108,0.3160437693933362
22930,0.11456851508770363,0.0986412940634512,0.5100835468614334,0.27670664398741185
22931,0.07621250493091505,0.24607075839260206,0.504429848048639,0.1732868886278439
22932,0.20135108515219555,0.13192727432793086,0.07185012810676718,0.5948715124131064
22933,0.3995656231830206,0.15916389339373474,0.12900014405347476,0.31227033936976994
22934,0.06905645863419906,0.052944799934967784,0.16730258673322274,0.7106961546976104
22935,0.08068758728001021,0.3890045217625189,0.1484495063097743,0.3818583846476965
22936,0.4107937563856251,0.05488898109718592,0.1263533874714363,0.40796387504575266
22937,0.401132071300064,0.08585921581636195,0.09873305154402952,0.41427566133954447
22938,0.4981938533736897,0.12174621683501069,0.039906007518473,0.3401539222728266
22939,0.10634477586349063,0.10308581093485682,0.18344995910391865,0.6071194540977339
22940,0.20329899412111888,0.030415488912468196,0.4454768171813911,0.3208086997850218
22941,0.11705428713358373,0.07206549709791067,0.3978529626624508,0.4130272531060549
22942,0.02823840588412826,0.30554826158050885,0.4414902218561358,0.22472311067922693
22943,0.056185681607277,0.18770831321771,0.08297982080560395,0.6731261843694092
22944,0.08418772368443628,0.21746551436629186,0.06286334979842222,0.6354834121508497
22945,0.12554609553806578,0.1912696250436476,0.08809474052508026,0.5950895388932063
22946,0.07771007173460806,0.07710618469314162,0.22905116182834717,0.6161325817439032
22947,0.24093840479371645,0.47085323116066785,0.016755615988917717,0.27145274805669806
22948,0.20320290609219493,0.06661683347004704,0.09068295019649886,0.6394973102412592
22949,0.06361153328378066,0.24665303500286026,0.3362657918231696,0.3534696398901895
22950,0.19593239753099617,0.14424229131856645,0.07616165969911692,0.5836636514513205
22951,0.09382371207158706,0.44871012874777905,0.10365352049428292,0.35381263868635104
22952,0.14485670906802828,0.08707654039213711,0.0841231178325179,0.6839436327073168
22953,0.5736647774330347,0.13033202724042178,0.1290809336657459,0.1669222616607976
22954,0.17202569081404234,0.23029619474650959,0.23317086618141233,0.36450724825803577
22955,0.2969175526414469,0.5592337437153381,0.08547018084247016,0.05837852280074481
22956,0.4625611130664317,0.14863194432516103,0.10440013850628847,0.28440680410211894
22957,0.34240812081403293,0.1296123818967156,0.3534443761378572,0.17453512115139436
22958,0.6325037795270786,0.19159327044791202,0.0637254962063512,0.11217745381865818
22959,0.05182430880664194,0.14278448116312006,0.5747631981553643,0.23062801187487386
22960,0.4792421529721328,0.31811105946531637,0.14933122190117784,0.05331556566137286
22961,0.05363520149340972,0.3672011895453285,0.44066420649203064,0.13849940246923115
22962,0.17283263744841498,0.10680450077337622,0.6686251515184763,0.051737710259732436
22963,0.17228375272932367,0.24823256195783167,0.13835551845088206,0.44112816686196266
22964,0.06468241139673517,0.14258850298934453,0.6189690904474198,0.1737599951665005
22965,0.510024548458998,0.2576080694267537,0.08656355773837647,0.1458038243758718
22966,0.146651448063807,0.12537970188777417,0.6188180092577511,0.1091508407906676
22967,0.021242650831741348,0.5415952536974751,0.3862493785117748,0.05091271695900864
22968,0.2933983946609212,0.10524032884302223,0.4927428115236083,0.10861846497244827
22969,0.5213134692881063,0.2661446712420076,0.13365968422542324,0.07888217524446299
22970,0.46353265034195784,0.2546034075426673,0.1674435322569096,0.11442040985846522
22971,0.18667848159915246,0.2047976750535215,0.5603248358324721,0.04819900751485395
22972,0.3107773661216981,0.5288985266821268,0.03725761572340449,0.12306649147277071
22973,0.051855577841375296,0.4032725554223824,0.07244058433268337,0.4724312824035588
22974,0.07033848976721402,0.07090294832113522,0.5079828246867545,0.35077573722489624
22975,0.34516861784156694,0.1807756622288177,0.35081783998842003,0.12323787994119553
22976,0.03261841308388095,0.13344809842019026,0.5565703038948105,0.2773631846011183
22977,0.061950221710899145,0.3587352265647661,0.38243519706412665,0.19687935466020798
22978,0.04035696458165403,0.2823374573851725,0.5078528351804219,0.16945274285275147
22979,0.05489897059382736,0.3783952165291938,0.3721242993345131,0.19458151354246586
22980,0.47221691086505796,0.39552676552227045,0.027934523878654693,0.10432179973401674
22981,0.3025329225658233,0.40676831897002946,0.1706593787927562,0.12003937967139111
22982,0.24773766563796065,0.08223001268598619,0.1899368145508148,0.4800955071252384
22983,0.5137769477212454,0.33928435775294497,0.01616519284732017,0.13077350167848945
22984,0.03052214160191073,0.44673864090297755,0.3149537776710108,0.20778543982410097
22985,0.4511932152115356,0.10606275326277075,0.06846697741834158,0.37427705410735207
22986,0.4242577080102114,0.3269203785942534,0.0727951678374693,0.176026745558066
22987,0.08882761046584363,0.13433241091314935,0.4063673387209173,0.37047263990008983
22988,0.12256132141204502,0.07219537706468664,0.6428690380409863,0.16237426348228215
22989,0.5939054261552074,0.0952040317358377,0.07615919541327133,0.23473134669568355
22990,0.1787988702461326,0.44745612752415576,0.09708937998007601,0.2766556222496356
22991,0.509618103180247,0.11755885601639339,0.04492947412194022,0.32789356668141945
22992,0.2644786139068168,0.5579195384550794,0.044096492165202596,0.1335053554729013
22993,0.11070031498792934,0.04318928590192244,0.6876101032262478,0.1585002958839003
22994,0.6311339962042641,0.23301423906278773,0.03298998270355217,0.102861782029396
22995,0.09256524572599692,0.4165367173498283,0.3119879139419071,0.1789101229822677
22996,0.7270612735725019,0.06275098687861042,0.06305166761044952,0.14713607193843806
22997,0.2735814000933414,0.4094738594797575,0.17138589213914218,0.14555884828775886
22998,0.24497865145728873,0.1507730107862742,0.14317332128691992,0.4610750164695172
22999,0.6844074358737259,0.07278749270973847,0.11567101873835815,0.1271340526781775
23000,0.13632089361036,0.14685417428588263,0.6013906570936548,0.11543427501010257
23001,0.21624935176956273,0.530124387167846,0.14821592645408327,0.1054103346085078
23002,0.08831528436172159,0.3270099636421103,0.37123481821604043,0.21343993378012757
23003,0.6910982898203808,0.034943734288333576,0.1797979117920524,0.09416006409923307
23004,0.06835437334596918,0.3779514243871357,0.4279469417620576,0.12574726050483753
23005,0.40833214171225235,0.48401765110916484,0.01877391769514358,0.08887628948343931
23006,0.04542812038838223,0.04532451499660172,0.8227538807560946,0.08649348385892136
23007,0.0188829026658508,0.509394427281436,0.4178853843111856,0.0538372857415276
23008,0.05044731205592856,0.5674587922505042,0.22619799776552632,0.1558958979280409
23009,0.34007613546473553,0.06255350393696534,0.3966608081991377,0.20070955239916163
23010,0.5939310717021558,0.1698021787816762,0.07056067080466182,0.1657060787115063
23011,0.3511811142139978,0.04920240264187011,0.28112749327768644,0.3184889898664456
23012,0.42946971592137695,0.050992657325141355,0.3041084161257613,0.21542921062772044
23013,0.2987321501063888,0.10819575452403107,0.29499443220137156,0.2980776631682086
23014,0.09707715456818584,0.23425061793431615,0.348885338166114,0.31978688933138405
23015,0.15111477977856239,0.10660691993162427,0.49229521681234195,0.24998308347747147
23016,0.2938392726905494,0.21818392495213684,0.36169596107589025,0.12628084128142356
23017,0.17318031055398164,0.16945137943905378,0.4641275403666774,0.19324076964028705
23018,0.5818535740909639,0.13137641783552215,0.16842592777155768,0.11834408030195623
23019,0.049528762422796586,0.17509397688846107,0.6094553996343355,0.16592186105440698
23020,0.3765011175893358,0.09090050980049987,0.1117401587471734,0.42085821386299105
23021,0.4813200089833654,0.26510896059247974,0.039877436558016656,0.21369359386613823
23022,0.1619291005586417,0.12099636475504759,0.08332304354203317,0.6337514911442774
23023,0.5110049277157331,0.10356802630806022,0.1752098179892959,0.2102172279869107
23024,0.40160315189520407,0.2977631808641488,0.07718583504506303,0.22344783219558398
23025,0.06555537475010942,0.34260902009743965,0.279146612520155,0.31268899263229577
23026,0.6982630861824274,0.07485447263077674,0.06609084209391282,0.16079159909288313
23027,0.2654114503300457,0.3119716711775018,0.07311943286406868,0.3494974456283838
23028,0.11944037306425193,0.5313005749860173,0.05742663039927,0.2918324215504608
23029,0.0564687846398493,0.10693491376177174,0.5858499746658891,0.2507463269324898
23030,0.40809168234210225,0.32723188190892905,0.057658170982595236,0.20701826476637342
23031,0.0877340585751431,0.26858420575317465,0.28162546505484726,0.362056270616835
23032,0.14769585110367076,0.6779185799248465,0.08716216279919534,0.08722340617228758
23033,0.5217708300924084,0.1740308088493753,0.060612300525031804,0.2435860605331845
23034,0.10306870036898577,0.49515843054081743,0.08252621690919329,0.3192466521810035
23035,0.37026409697970464,0.3875274163450564,0.05927906696636831,0.18292941970887064
23036,0.0813085909100261,0.630926650091154,0.05026036502169417,0.23750439397712572
23037,0.5544290053934801,0.2137738279110652,0.12183036458718896,0.10996680210826575
23038,0.42962915252164785,0.42352255879939327,0.06202555114532737,0.08482273753363168
23039,0.6333606265400995,0.14640104562142595,0.028864437415724784,0.19137389042274983
23040,0.1270806699066535,0.20057224205553315,0.12273220050671169,0.5496148875311017
23041,0.3961853631598264,0.17001425636677064,0.3127794946363978,0.12102088583700528
23042,0.4146568083124609,0.18638643645613912,0.08394409346802464,0.31501266176337533
23043,0.1754506371700603,0.3046892427044005,0.19911366097912522,0.320746459146414
23044,0.19111736209438251,0.3395114860385206,0.33245046922734867,0.13692068263974813
23045,0.4576034848248586,0.18325462172989282,0.14997133051558145,0.20917056292966735
23046,0.7312708722145477,0.07389931757663701,0.07391030054360456,0.12091950966521066
23047,0.17392826164536607,0.3526389438598733,0.3578992074255094,0.11553358706925133
23048,0.5005781688055206,0.1215944819936954,0.22715788153816932,0.15066946766261471
23049,0.30646325410454894,0.3961014225828959,0.05982164525756131,0.2376136780549937
23050,0.1916748712152983,0.5250431174291426,0.13855002528957494,0.14473198606598422
23051,0.48564895967824173,0.20803125009961304,0.124967958410361,0.18135183181178413
23052,0.13524670465632663,0.6783570714885757,0.0693966577469078,0.11699956610818996
23053,0.4308069159843042,0.09701711324650107,0.264942698961273,0.20723327180792175
23054,0.3939627362172109,0.053273748973207045,0.414617844796575,0.13814567001300693
23055,0.6815882082205083,0.20031284906961797,0.02433520301337831,0.09376373969649546
23056,0.22398320831286936,0.20250334640457304,0.27372973032522413,0.2997837149573335
23057,0.1708101344293659,0.5927389161116072,0.045398104747302735,0.19105284471172398
23058,0.05173722557249941,0.42387833517438217,0.35111190142766124,0.17327253782545726
23059,0.24479133634361225,0.28380703688506925,0.16638820219732883,0.3050134245739897
23060,0.47994949831377537,0.13317283218591375,0.06559868203011926,0.3212789874701915
23061,0.400425113151896,0.12974179977770367,0.3730270575583889,0.0968060295120115
23062,0.13279452272493877,0.3881151337765755,0.11289774232767513,0.36619260117081065
23063,0.062029891264236955,0.04026773808924474,0.7214973858616159,0.17620498478490246
23064,0.0697179135546173,0.06874463083844008,0.6149584377857918,0.24657901782115071
23065,0.10176169661828531,0.2280509782614169,0.45387420216231983,0.21631312295797786
23066,0.06123113131421067,0.7413116053021244,0.02926999721891996,0.16818726616474505
23067,0.12970308090238092,0.12637426836705756,0.2271730630975168,0.5167495876330447
23068,0.7246740453283192,0.0839709383982653,0.009202144688428587,0.18215287158498683
23069,0.0742179903160055,0.35533715361120827,0.19045327397991024,0.37999158209287587
23070,0.12178310640249836,0.4474452384609055,0.07020421593972602,0.36056743919687007
23071,0.04223358691961059,0.3817962174307286,0.29522872012428897,0.2807414755253718
23072,0.31722244533698524,0.1287800607642573,0.31361868102674334,0.24037881287201407
23073,0.1457413371238689,0.05782369189156274,0.3562942280317639,0.4401407429528044
23074,0.39569043853028707,0.11804848041804393,0.06918444293376086,0.4170766381179082
23075,0.27085226802043394,0.1869712775869686,0.12257215079855473,0.41960430359404277
23076,0.43662293160596166,0.06612874585169218,0.04901193183879277,0.4482363907035534
23077,0.6836142230439286,0.046134362211833195,0.02895602245019871,0.24129539229403946
23078,0.0835506003218447,0.14269147665394583,0.4934894083787813,0.2802685146454283
23079,0.45546487563766636,0.08750326566392383,0.23127605199428591,0.22575580670412382
23080,0.31961418543441017,0.2853209672566219,0.11555426786813669,0.27951057944083124
23081,0.07480903907326217,0.12012395117487444,0.41721204184108157,0.38785496791078183
23082,0.22611698369752078,0.5706907090890136,0.027308284202866785,0.17588402301059872
23083,0.19240378048708126,0.3692595021333597,0.20753845597405926,0.23079826140549997
23084,0.10382340848235302,0.32738420827006975,0.3464568352696609,0.22233554797791616
23085,0.10181408719671645,0.07004101149650942,0.06632467893723612,0.7618202223695381
23086,0.3232586026308213,0.3760893289044271,0.19423110124260806,0.10642096722214359
23087,0.01875020453446194,0.38917182685799984,0.45395837579445403,0.13811959281308417
23088,0.5143665199961004,0.031198346487239775,0.33196377589134646,0.12247135762531336
23089,0.531373428413691,0.25466587144708835,0.10812130292107426,0.10583939721814647
23090,0.0801397644660637,0.1868788343260276,0.38558188940551047,0.34739951180239836
23091,0.2643002366816201,0.3921062377286043,0.1156721275592829,0.22792139803049272
23092,0.3232085290601788,0.1226082011651036,0.3312403720755059,0.2229428976992118
23093,0.2344598897393503,0.15108524592793066,0.1280966708174429,0.48635819351527626
23094,0.5354116013258061,0.33089474562909643,0.05344118552020952,0.08025246752488795
23095,0.1191200978003721,0.2822453718105979,0.10216635512218636,0.4964681752668436
23096,0.36433246892654925,0.08885698632533374,0.3329841213340379,0.21382642341407898
23097,0.4792080885819201,0.13026227672809948,0.2769305726552892,0.11359906203469113
23098,0.26007203632375586,0.15741800669054906,0.37709092379989617,0.20541903318579882
23099,0.4859891934221857,0.18022666257780606,0.10088374755077269,0.2329003964492355
23100,0.13037967591275262,0.06076713881465192,0.6583360103128428,0.15051717495975267
23101,0.10156643182288728,0.4828546996498521,0.1376613988910064,0.27791746963625413
23102,0.37609236559150644,0.0955697054157388,0.24438154496611347,0.2839563840266413
23103,0.18469115464529193,0.3620317713033204,0.3326351284017009,0.12064194564968672
23104,0.09154500323202291,0.39397197152719277,0.2927128800072124,0.22177014523357186
23105,0.03425099228159773,0.3914617803343039,0.4410792955408174,0.133207931843281
23106,0.35652361222871376,0.272027682635656,0.1912648943523339,0.18018381078329632
23107,0.16981696381509734,0.06531204382652019,0.7032268831619809,0.061644109196401564
23108,0.10517416186548105,0.45008370456355545,0.18102296983006022,0.26371916374090315
23109,0.0582668813652904,0.4250365622889685,0.4400593514683726,0.07663720487736844
23110,0.5758249465551813,0.07008027357831233,0.2396594752917374,0.1144353045747689
23111,0.07564206981767228,0.6338163478324677,0.16650486897444866,0.1240367133754114
23112,0.07558880715884624,0.16882754149717072,0.6893428612603928,0.06624079008359024
23113,0.11760058048663252,0.49684443572871656,0.2663511880637121,0.11920379572093878
23114,0.04366852310424857,0.3584961824730976,0.5445326013658218,0.05330269305683209
23115,0.11972072809017183,0.35989186848084476,0.41224570674238625,0.10814169668659714
23116,0.05882772498879961,0.7571759433006758,0.03340078914978345,0.15059554256074117
23117,0.19966100769484468,0.13970970561067164,0.5835277667846482,0.07710151990983549
23118,0.036438426943204726,0.06361271678307187,0.7131114401874191,0.18683741608630433
23119,0.07577713514449991,0.3345236457605533,0.21808754803566402,0.3716116710592827
23120,0.5491750517157795,0.24965001517967708,0.06081321757590035,0.14036171552864313
23121,0.5131789784901879,0.2224530314912831,0.07404462581555286,0.19032336420297613
23122,0.32370712978960686,0.2922352172562024,0.19536959000297519,0.18868806295121543
23123,0.028854254586894765,0.5534776292478314,0.25631850992815147,0.16134960623712244
23124,0.12421213983101842,0.7128265285835412,0.04575964376828439,0.11720168781715591
23125,0.1363544645484692,0.731725710036748,0.045763812872147855,0.08615601254263483
23126,0.30828427766186217,0.39733430426186434,0.23541126913668403,0.05897014893958941
23127,0.42534637913270357,0.0694149238925023,0.42425096028931136,0.08098773668548286
23128,0.7294436489814039,0.1253316124097422,0.05488735754034664,0.09033738106850736
23129,0.28002620420992314,0.5248843434021814,0.11324524456959617,0.08184420781829924
23130,0.20975455583493136,0.6622397991011817,0.039309002680442705,0.08869664238344407
23131,0.10904217864006976,0.2520578093965042,0.5582001429966733,0.08069986896675281
23132,0.6315448683744338,0.1924950511755555,0.09613822188691702,0.07982185856309364
23133,0.15067684895060476,0.32825010528881604,0.4652350271578682,0.055838018602710954
23134,0.07213943878818212,0.3526437593428351,0.43653906324837893,0.1386777386206039
23135,0.17554870205151105,0.5230426356171873,0.23600266834781197,0.06540599398348951
23136,0.40739427184061966,0.06900181839087292,0.38069751757663095,0.14290639219187662
23137,0.10346465167539898,0.3493262527097925,0.19132521338149008,0.3558838822333185
23138,0.07318377117264671,0.4167013893657824,0.40731772969453434,0.10279710976703668
23139,0.3535373358966641,0.3768393145062436,0.14788964711496022,0.12173370248213222
23140,0.06480845846780964,0.8172496852625225,0.03594467223776596,0.08199718403190183
23141,0.11525614516265721,0.6110642465072472,0.11558357774649007,0.15809603058360536
23142,0.38022995326974,0.13015461027999495,0.3839935135053343,0.10562192294493063
23143,0.2776926672357926,0.42168578503874216,0.2657878394457749,0.03483370827969018
23144,0.019936981777210747,0.5613630957287787,0.34202109512078166,0.07667882737322891
23145,0.07881482460614758,0.6004277413169179,0.2198797313007084,0.10087770277622596
23146,0.022046091643927766,0.6665338698620874,0.28256758740730664,0.0288524510866783
23147,0.2865031671212382,0.2501049823174181,0.2994799613809941,0.16391188918034963
23148,0.03137969484625879,0.8675685976242715,0.03972626281202681,0.06132544471744289
23149,0.28593544740199867,0.5251672555655865,0.04898521517029628,0.1399120818621187
23150,0.16066623466210975,0.5761904199753767,0.08202955863236636,0.1811137867301474
23151,0.30344462472641376,0.07646748044686502,0.5605003182352304,0.059587576591491
23152,0.12212382620833062,0.07255306817185213,0.7054446872312381,0.09987841838857912
23153,0.5116960380724876,0.18478203657150988,0.16009772604784817,0.14342419930815437
23154,0.04974859210221318,0.4253272746362861,0.4195937383813764,0.1053303948801243
23155,0.4656911869598571,0.4324810086949279,0.03796965969304098,0.06385814465217397
23156,0.6174857602043451,0.08593015921359148,0.214939293285189,0.08164478729687441
23157,0.050815033830713494,0.839874656706789,0.045558417122618454,0.06375189233987907
23158,0.4886120868527535,0.27354347345348745,0.17581688206936058,0.06202755762439831
23159,0.47171422781891337,0.2656058421354828,0.17103572626740385,0.09164420377820001
23160,0.10239020193465834,0.2761086232408369,0.3919899416738046,0.22951123315070016
23161,0.25827764723987123,0.5126939996713815,0.1789856683685458,0.050042684720201416
23162,0.3371286633744431,0.2577360486748138,0.07420967019646067,0.33092561775428236
23163,0.1813043815013408,0.5874184311940568,0.04517220264586688,0.18610498465873557
23164,0.19449306649469797,0.5006967376891013,0.13659396624700793,0.1682162295691928
23165,0.03317976708103948,0.24082324019845697,0.36918698419238727,0.35681000852811634
23166,0.53649215935508765,0.1575870464729835,0.10967097576422694,0.196249818407702
23167,0.3304420340961397,0.15780412548319941,0.2375527209811898,0.274201119439471
23168,0.2979793116209404,0.05743947728640008,0.297589499282246,0.34699171181041355
23169,0.22673873780816536,0.2086756077679043,0.47300808859669013,0.09157756582724018
23170,0.1404491673832578,0.13364879534012292,0.23998720455249667,0.4859148327241226
23171,0.2765855562543892,0.1510977876999509,0.32660801532831885,0.24570864071734114
23172,0.32620579138509365,0.3785852458464864,0.1533977121060289,0.14181125066239111
23173,0.07664865258839562,0.0956603228125544,0.3554519696894461,0.4722390549096039
23174,0.5993171703145128,0.19309659286952424,0.04145157127001917,0.1661346655459437
23175,0.3529130160672003,0.14646234209445647,0.25573134501961436,0.24489329681872876
23176,0.04265957560792175,0.6510229768175868,0.057817274357896103,0.24850017321659543
23177,0.25045779969933746,0.25061966581815986,0.432096136250468,0.06682639823203468
23178,0.14787946637473529,0.503501341110798,0.21665925233863606,0.13195994017583057
23179,0.15306084835618716,0.5647520711206223,0.0857342728148367,0.19645280770835388
23180,0.048057228870975084,0.29100350975124367,0.5027018190235657,0.15823744235421555
23181,0.11001038891843302,0.4623841841172054,0.07818108575553147,0.3494243412088301
23182,0.7110774381773319,0.16766976272117645,0.00961933644660131,0.11163346265489031
23183,0.24605464342633457,0.25181456779494293,0.10912492035709782,0.39300586842162455
23184,0.28620300050890557,0.15105506499391932,0.32807725333148013,0.23466468116569508
23185,0.41334593648065676,0.047264893452588476,0.10805408182738928,0.43133508823936556
23186,0.48080293040811417,0.03912069269665217,0.07892366177177543,0.4011527151234582
23187,0.20990831913042368,0.06526180624249789,0.4314651934808059,0.29336468114627257
23188,0.5077518017265524,0.32401600184834145,0.01614085068631081,0.15209134573879524
23189,0.20748505174396248,0.09600388012653843,0.10204269556431571,0.5944683725651834
23190,0.3273865602502389,0.0656200954194894,0.2577008323159443,0.3492925120143273
23191,0.5211987711531743,0.2581584119559978,0.01919878554825644,0.20144403134257152
23192,0.3508421540563114,0.15635166121249297,0.03194332088755197,0.4608628638436436
23193,0.30589119342555937,0.1653139906989931,0.053249113020445625,0.4755457028550019
23194,0.6326576946571892,0.20065151304567846,0.01665661276205492,0.1500341795350775
23195,0.5829189376145553,0.11157263479718237,0.0828653657602672,0.22264306182799526
23196,0.2296970224074769,0.360185113703491,0.17088674608712762,0.2392311178019045
23197,0.43152026279510586,0.0611296803186945,0.12644245007929303,0.3809076068069065
23198,0.46451179073118637,0.05560867786827636,0.24762875390316985,0.23225077749736733
23199,0.7990500340836363,0.017775283861229504,0.022510626827972332,0.16066405522716176
23200,0.29093574449410825,0.07934642250006753,0.44331861177885945,0.18639922122696473
23201,0.3816270194446144,0.25577754934724706,0.2268737672605765,0.13572166394756205
23202,0.12437909406835518,0.47551567621550245,0.25008507600467594,0.15002015371146643
23203,0.0723827480460044,0.6435301614257168,0.17089618994756955,0.11319090058070924
23204,0.07443508334782363,0.4548079113663962,0.16771838065786374,0.3030386246279164
23205,0.27825053822193563,0.11590777274299226,0.40147517035281094,0.20436651868226127
23206,0.41867780761132173,0.3340919448891438,0.03089046156359355,0.216339785935941
23207,0.28237811419946635,0.14537521804619058,0.45137219169556675,0.12087447605877626
23208,0.21872020471121892,0.205745952854507,0.24627517141073574,0.3292586710235384
23209,0.249869665264431,0.49047376000330006,0.052492075669615716,0.20716449906265327
23210,0.45024776521612114,0.26526049771198384,0.13922140594370408,0.14527033112819085
23211,0.3685705608671403,0.37585692822946903,0.1138385955464337,0.14173391535695698
23212,0.06957798956556062,0.463554658667835,0.2714894902416444,0.19537786152495987
23213,0.05624572794124023,0.10008142811676468,0.5602015844426927,0.2834712594993024
23214,0.5293411779813892,0.03125750037690706,0.3314208050795713,0.10798051656213252
23215,0.3903049271314477,0.10711473120934877,0.14682946314220086,0.3557508785170027
23216,0.2315331550199124,0.21834778169259578,0.2713536161726196,0.27876544711487217
23217,0.056390235428675974,0.48803841349050325,0.12813982797947418,0.3274315231013466
23218,0.16725136341876556,0.3471467656299327,0.23919022049208646,0.24641165045921523
23219,0.20124105192049602,0.04740354609671557,0.05291072203531564,0.6984446799474728
23220,0.6145644137571471,0.10587665180290234,0.10674080541304579,0.1728181290269048
23221,0.7522714538227835,0.020531473468531826,0.020488203884178657,0.20670886882450606
23222,0.08394285585653073,0.06520329554685121,0.5404016953222633,0.31045215327435477
23223,0.14373900685797217,0.36611860671542,0.124267260396336,0.3658751260302717
23224,0.09188287957223498,0.16229140568311742,0.23058366143911838,0.5152420533055292
23225,0.369227974992757,0.3478893992346589,0.0306213828921232,0.2522612428804609
23226,0.1461058707293045,0.16795109797966568,0.23673802641818592,0.4492050048728438
23227,0.5384146196236145,0.12649280413851346,0.06146851363314052,0.27362406260473154
23228,0.10987742932489546,0.06104639324128578,0.11674770929022743,0.7123284681435913
23229,0.13525523705169637,0.12203242039877665,0.34954121242600084,0.3931711301235262
23230,0.13390784367341388,0.2482630253179575,0.06332826598388967,0.5545008650247389
23231,0.09228457551213812,0.2485118011310656,0.1398733607914361,0.5193302625653602
23232,0.2779602184335793,0.21615610873488275,0.22170835765823294,0.284175315173305
23233,0.11762643759229775,0.10860592568737472,0.2810216637950132,0.4927459729253143
23234,0.22913341552430258,0.054314829955172006,0.09474187764627304,0.6218098768742523
23235,0.12541226592363752,0.04227269519405803,0.35429469989275164,0.47802033898955293
23236,0.5402580330256519,0.024157275544512552,0.24807065901877598,0.18751403241105946
23237,0.06366606013860358,0.2533296341462008,0.21761458761645497,0.4653897180987408
23238,0.09120229772751352,0.487379297634999,0.2167964646456072,0.20462193999188044
23239,0.145362898335152,0.6816115477197909,0.03982573038814521,0.13319982355691182
23240,0.16202313888960415,0.664696283973773,0.05010035420811101,0.12318022292851179
23241,0.4140468236101031,0.225492386944969,0.23703548445606956,0.12342530498885837
23242,0.5460860276830329,0.23991996789106645,0.04853964744653929,0.16545435697936128
23243,0.2679174189151154,0.11083941831083804,0.424463179253338,0.19677998352070875
23244,0.24068688548656278,0.514935498591544,0.11049141346155807,0.13388620246033509
23245,0.4711692297045132,0.1024488569667396,0.19290278894383234,0.23347912438491486
23246,0.2655961351695278,0.4178906568750376,0.13147858367839382,0.18503462427704068
23247,0.15686831879783375,0.16921565643542644,0.28174736655427257,0.3921686582124673
23248,0.07135428136545337,0.5885090647167379,0.213443715753882,0.12669293816392674
23249,0.15955230961326922,0.486351403767576,0.22261326069803916,0.13148302592111547
23250,0.26716601755895025,0.11271794656578216,0.5021613883842797,0.1179546474909879
23251,0.07015949087271972,0.6837187980082061,0.05796242076855863,0.18815929035051557
23252,0.1626903492107612,0.33842893281044184,0.2885936620071776,0.21028705597161942
23253,0.043894835295494074,0.40248682844707895,0.4448042207026312,0.10881411555479584
23254,0.39575551231080175,0.1315654020167957,0.35859646933581196,0.11408261633659063
23255,0.36571201973274825,0.3283873032649319,0.06850657427646756,0.23739410272585243
23256,0.5076703940861409,0.06288732741140103,0.2385649605344039,0.19087731796805418
23257,0.3527252896178014,0.538521593256797,0.015048714487189897,0.09370440263821167
23258,0.7314274013185088,0.04402384820245394,0.11434880661600322,0.11019994386303392
23259,0.08435768353252003,0.16069616385541857,0.5374596795726253,0.21748647303943608
23260,0.1550912224033928,0.06446042561717588,0.6640473928234043,0.11640095915602709
23261,0.13331329246395204,0.6228672308722376,0.10512521756171167,0.1386942591020986
23262,0.7039555120612317,0.08951149716300148,0.08209610523149766,0.12443688554426913
23263,0.4071849527364326,0.20075102568221423,0.30885367324696045,0.08321034833439284
23264,0.027063992208598755,0.6102961596124171,0.24001019596702383,0.12262965221196032
23265,0.5560879427076789,0.19036752292450992,0.15948432310553126,0.09406021126227986
23266,0.44098262789848425,0.15098978067436222,0.1620048840231062,0.24602270740404733
23267,0.2902391465633955,0.322986275110829,0.3008413339287778,0.08593324439699769
23268,0.2919237495622315,0.21215813738852032,0.10064449117948326,0.3952736218697648
23269,0.39471405190662656,0.46254733907380097,0.030382965283483127,0.11235564373608938
23270,0.2932036374533465,0.31097820345370303,0.3474351370085146,0.04838302208443594
23271,0.4989332161271381,0.13304186931877843,0.14708656710142548,0.22093834745265792
23272,0.1231457355676701,0.2298564473903397,0.5894532866876451,0.05754453035434501
23273,0.1493667440944029,0.543584515951988,0.1571030727444861,0.14994566720912306
23274,0.547330068369079,0.1963223893383971,0.14215163330264055,0.11419590898988324
23275,0.18113169394654025,0.18466966962235762,0.45740295389191815,0.1767956825391839
23276,0.10154640284854033,0.6784595066918893,0.1403655603080392,0.07962853015153118
23277,0.6450331272457768,0.27778267890905,0.02326708872726964,0.053917105117903666
23278,0.09915814220816452,0.10001342159051715,0.5389254070930213,0.2619030291082971
23279,0.5159682109464021,0.2597266475858787,0.1382602884752293,0.08604485299248989
23280,0.3808429007940681,0.23484606390921406,0.21748219466272864,0.1668288406339892
23281,0.21575037973688316,0.4345443222060973,0.26342102908183834,0.08628426897518124
23282,0.4763940466054375,0.32792252724007553,0.12464356029159748,0.07103986586288946
23283,0.12063543067694629,0.38177395799482394,0.3912554225915698,0.10633518873665977
23284,0.16849067875086413,0.2850432742411721,0.37428399909312704,0.1721820479148367
23285,0.6139052291764904,0.1622686473376995,0.12535388617003335,0.09847223731577687
23286,0.28295106087769284,0.0541462695756882,0.5426083653294224,0.12029430421719654
23287,0.1309506265848121,0.2311832147104663,0.5027933933557168,0.13507276534900484
23288,0.8224961493491941,0.03939805011722322,0.08208137744516625,0.05602442308841661
23289,0.1832781694639024,0.4891199557366803,0.2814961562041554,0.04610571859526191
23290,0.48070277699282427,0.22868220543268608,0.1420901429405417,0.1485248746339479
23291,0.5564005189372528,0.08537377029110454,0.26555642667504264,0.09266928409659993
23292,0.1036185545446354,0.08380090938713326,0.7440834635514583,0.06849707251677319
23293,0.8127726663904983,0.08430419384034327,0.0311124581895772,0.07181068157958127
23294,0.2675741625572061,0.29827636293001325,0.2202750207411545,0.21387445377162626
23295,0.29887793865698287,0.01380205370894173,0.5739046472683959,0.11341536036567955
23296,0.12547357485110397,0.28051247182725675,0.4914593932007636,0.10255456012087565
23297,0.06986950978766718,0.07326682587901283,0.6324226476982443,0.22444101663507562
23298,0.2510550266779787,0.05904363827158781,0.49466581588574093,0.1952355191646926
23299,0.39755532752624495,0.15864600759796985,0.10546037601241198,0.33833828886337325
23300,0.25931239485080537,0.18603400440917495,0.46047583066040554,0.0941777700796143
23301,0.3693578454501485,0.12909246484281364,0.2078965686188036,0.29365312108823427
23302,0.1939270783813172,0.1871126695249129,0.5206166980342846,0.09834355405948539
23303,0.15257328658474234,0.2466075179923964,0.3979602632387066,0.20285893218415474
23304,0.05004536650893925,0.3114079096509621,0.16574122624317533,0.47280549759692325
23305,0.34393954651292,0.10724063238052767,0.09858424677889081,0.45023557432766154
23306,0.3552353179927241,0.3519695185307861,0.1450855545528823,0.14770960892360743
23307,0.10532806128077109,0.34686822887510416,0.24802070260548903,0.29978300723863577
23308,0.3347903812211735,0.028168052662472045,0.5238918187524798,0.11314974736387463
23309,0.16806993063352532,0.16333017761868526,0.1273635360628901,0.5412363556848994
23310,0.12107873524706443,0.06435901509413697,0.6547399963272454,0.15982225333155303
23311,0.12171340749319075,0.09975855763804359,0.34996563680101017,0.4285623980677554
23312,0.14087878963581527,0.11528633927740783,0.6678087060635511,0.07602616502322569
23313,0.07994831304383004,0.25306525590305007,0.4594898643515834,0.2074965667015365
23314,0.5064165812896679,0.08601650698603323,0.1074592771607271,0.30010763456357165
23315,0.29358419541058745,0.15619377180355537,0.4435470523708296,0.10667498041502761
23316,0.3028868605676741,0.14302292620050538,0.3312935065592323,0.22279670667258814
23317,0.27921969877383696,0.18186102861204687,0.284588457389146,0.25433081522497014
23318,0.05030650304730144,0.11680037887021516,0.4708245165849243,0.3620686014975592
23319,0.24137043061113228,0.1711655985000617,0.053731332492617634,0.5337326383961883
23320,0.088674900513106,0.12417310664887855,0.3334825134042438,0.45366947943377167
23321,0.560549324598807,0.014070931703861256,0.3123818329236613,0.11299791077367054
23322,0.24079923119449087,0.08313823307067884,0.35924745224812416,0.3168150834867062
23323,0.3213415436886674,0.4026324828484671,0.037559517679389434,0.2384664557834761
23324,0.5345786169504866,0.11160946056303014,0.19160212774160587,0.16220979474487732
23325,0.05048243738259549,0.43390888507466374,0.3405140715739381,0.17509460596880258
23326,0.11856821158728358,0.11535972753450648,0.13819562194866886,0.627876438929541
23327,0.08793254944312622,0.039864845720606404,0.6905919886204184,0.18161061621584898
23328,0.041861791823996984,0.49962870111557783,0.10023295948198357,0.3582765475784415
23329,0.19371129688044839,0.10680982124435269,0.33784467886296027,0.36163420301223864
23330,0.13711034813316594,0.04240798098698496,0.626669149609409,0.19381252127044002
23331,0.21704035513297024,0.5258878925816562,0.06682999885560596,0.19024175342976757
23332,0.13541126012338686,0.34765868749710016,0.4122598840708305,0.10467016830868259
23333,0.7399538574488802,0.04766035115870531,0.09583924652541165,0.11654654486700282
23334,0.446059947995684,0.17943874048209987,0.12153806659890637,0.25296324492330985
23335,0.5705598107515804,0.20633496741305785,0.12498671522328593,0.09811850661207586
23336,0.09498364907788732,0.22394452510951657,0.4398780667709039,0.24119375904169213
23337,0.7955608710501245,0.0823587474053971,0.06285220793010562,0.05922817361437268
23338,0.18107638133449258,0.1546761536418821,0.5788143788282212,0.08543308619540407
23339,0.103742954401121,0.06035041619440455,0.6359994432275795,0.19990718617689493
23340,0.12605662521585154,0.07754659002124102,0.5158353057774057,0.2805614789855018
23341,0.06512230265507866,0.04650080347188936,0.774878409856595,0.11349848401643703
23342,0.4819842820071538,0.13475115718457106,0.2832759491483233,0.09998861165995171
23343,0.36745912927486596,0.3156750184775869,0.11579357363195872,0.2010722786155885
23344,0.2778661325489531,0.22291012761735676,0.19054031151811188,0.3086834283155784
23345,0.11831163731449114,0.26887312515228656,0.24397839519822082,0.3688368423350014
23346,0.40188264081761205,0.40339520100679566,0.05320650642530278,0.14151565175028946
23347,0.4527125893709309,0.24863671974510046,0.15637337064471069,0.142277320239258
23348,0.1260404740671894,0.4136524724511488,0.31112372039355835,0.1491833330881035
23349,0.1252271997729874,0.25968939114695067,0.5193961427325501,0.09568726634751183
23350,0.26260964834874595,0.5616508217964706,0.04290329814195845,0.1328362317128249
23351,0.0981923250305935,0.2897031926468518,0.39587662369022825,0.21622785863232644
23352,0.15139564619678342,0.1784975834423801,0.44029620891638344,0.22981056144445305
23353,0.06526902725203014,0.42890012121350124,0.2930284409129115,0.212802410621557
23354,0.09266550458528795,0.6327076766552917,0.1252451509423694,0.14938166781705084
23355,0.2598487050933785,0.40158486570150514,0.10127481275697105,0.2372916164481452
23356,0.39032090312706663,0.08053962098464114,0.4473121601106867,0.08182731577760546
23357,0.12836463538434664,0.49173697248443354,0.1488924592781923,0.2310059328530274
23358,0.25983354802258096,0.09371737971328135,0.45560919809936357,0.19083987416477408
23359,0.3955575370389583,0.07973615694231408,0.37667280024847694,0.1480335057702507
23360,0.3216186637885527,0.4643612872742591,0.1247062663620283,0.08931378257515976
23361,0.059818013076826645,0.11586305205141921,0.5886043378782692,0.23571459699348496
23362,0.20244114977192126,0.2403195748346967,0.3944429771560385,0.1627962982373436
23363,0.20286991805195762,0.27421386556361416,0.4121987615335231,0.11071745485090516
23364,0.1858643627813392,0.15054779911252017,0.3819091792497023,0.2816786588564384
23365,0.38502363369195325,0.23998542596779202,0.2701272649305777,0.10486367540967714
23366,0.2201908613513573,0.05809378681742275,0.5302048338468616,0.1915105179843585
23367,0.09440174393873242,0.23320314802015668,0.5712246519027807,0.10117045613833023
23368,0.07826291492199784,0.3205020080263658,0.4873252440480044,0.1139098330036319
23369,0.4660666159642993,0.2613083344659704,0.13841301712103352,0.13421203244869687
23370,0.21779957159435182,0.16276675248647526,0.49960095573361907,0.1198327201855538
23371,0.6446233334633249,0.061011830010329636,0.1280658777813849,0.16629895874496065
23372,0.40319232661203724,0.10319258698440549,0.06697193363789457,0.4266431527656626
23373,0.1587998922329412,0.2697869757798545,0.4260962967503063,0.14531683523689798
23374,0.02586809780761226,0.2761562012896931,0.5392821529377214,0.15869354796497323
23375,0.2775707745967264,0.26973165873847876,0.37855402173698377,0.0741435449278112
23376,0.22920611828323864,0.25451585814278677,0.4085554665827756,0.10772255699119908
23377,0.25233147997375915,0.23576131216570437,0.42024267000892707,0.09166453785160941
23378,0.5379306570333141,0.07497901966406806,0.2249890617039485,0.16210126159866936
23379,0.1538253789511542,0.08053408984275581,0.49448957905504004,0.2711509521510499
23380,0.1880805307543095,0.3982185526082328,0.19121851353594085,0.2224824031015169
23381,0.18804090999365045,0.26940273212827953,0.36590592262645605,0.1766504352516139
23382,0.07633418763504261,0.07032614164612076,0.613274530707255,0.2400651400115816
23383,0.08486158475398271,0.4359963959032732,0.14716315904945607,0.33197886029328794
23384,0.613857450001898,0.09538312906053964,0.1679417600301398,0.12281766090742251
23385,0.1944922150809885,0.36734819000668745,0.3611489778371038,0.07701061707522017
23386,0.18227105080589814,0.5308795477039774,0.03172223914068146,0.255127162349443
23387,0.2891289824561222,0.25867622113016064,0.150742552428714,0.3014522439850031
23388,0.13107519375598223,0.2632297680439574,0.4439778603643665,0.16171717783569395
23389,0.08979011756028119,0.14711363000933897,0.420377881331962,0.34271837109841785
23390,0.17102566199690641,0.7019960903195679,0.039574042760900555,0.08740420492262493
23391,0.06695770937243474,0.6072262067477749,0.2700805397414826,0.05573554413830772
23392,0.041411984587737045,0.7580429363671435,0.1790172369158645,0.02152784212925495
23393,0.013239297117856978,0.8561198318327811,0.10630943689397425,0.024331434155387743
23394,0.2719879113665654,0.5848968323370977,0.09647691589583139,0.046638340400505476
23395,0.1628685707693885,0.5489007683891499,0.24289800956414684,0.045332651277314694
23396,0.32726419999669076,0.5165437704759854,0.10868496327188745,0.04750706625543629
23397,0.20372553925941686,0.7084613068649759,0.031721747721127826,0.05609140615447944
23398,0.09137715866722691,0.8834866066080939,0.008358529508942681,0.01677770521573646
23399,0.05359228135615664,0.8346414616723584,0.05496607653579084,0.056800180435694014
23400,0.4427906098326457,0.3041190816496561,0.13241523597158,0.12067507254611817
23401,0.18379827206530913,0.7222222551349464,0.050277506267621314,0.0437019665321231
23402,0.01363877122072699,0.9089339018072312,0.06166227538639919,0.015765051585642464
23403,0.17655524461344638,0.5345136825068648,0.20410456955244133,0.08482650332724742
23404,0.021384974154175337,0.911085705004304,0.035094289790157815,0.032435031051362744
23405,0.10533662937245424,0.6051334900173959,0.1978516335587204,0.09167824705142955
23406,0.35068175414326985,0.5489240092723046,0.0559775238381649,0.04441671274626085
23407,0.29796941562479007,0.4375306818799111,0.092054867615275,0.1724450348800237
23408,0.40028372653429267,0.4522094958303332,0.08608372553009004,0.061423052105284266
23409,0.35618450504343285,0.3203417116751191,0.2551598501636111,0.06831393311783708
23410,0.1341560180683125,0.5199798850592484,0.26657773934722967,0.07928635752520945
23411,0.21159849875307077,0.4172267617587043,0.31589295092064884,0.05528178856757602
23412,0.0635291574251132,0.690870135058987,0.18476402899174107,0.060836678524158694
23413,0.2506137223520025,0.48041248383628793,0.20163820326200788,0.0673355905497016
23414,0.19594022682265994,0.5934491024267449,0.0809137762333836,0.12969689451721159
23415,0.18540576947817727,0.630465127369939,0.1228846437002071,0.06124445945167673
23416,0.11664411030008608,0.7118832718424322,0.12905406491809016,0.042418552939391695
23417,0.4025000444924456,0.10777575968946657,0.4318094988209787,0.057914696997108994
23418,0.09039693548287475,0.2858931126660144,0.42377416365205794,0.1999357881990529
23419,0.21049810504820737,0.46982879644135556,0.21350146734884112,0.10617163116159585
23420,0.23610455060053456,0.06538099864510831,0.6524042055438792,0.04611024521047789
23421,0.6240499535028567,0.19917772191471897,0.048645760679691605,0.12812656390273275
23422,0.20959831533806153,0.08648717455759415,0.5944998376787916,0.10941467242555286
23423,0.28519608886055126,0.1223207876020784,0.5475466111849048,0.044936512352465624
23424,0.29203387221439636,0.14100119438804612,0.3875332333440923,0.17943170005346534
23425,0.3082091662281027,0.501009751422866,0.10121394240599368,0.08956713994303755
23426,0.057299988695018185,0.6438024695456125,0.21926812356012834,0.07962941819924078
23427,0.4728014046815756,0.024896372511721825,0.4663302784754847,0.03597194433121779
23428,0.14331403982703733,0.3170928306759742,0.46156434993818385,0.07802877955880452
23429,0.10905007124016748,0.8229732031891609,0.0479261424539393,0.020050583116732267
23430,0.3883291279800951,0.3656135998603197,0.22839330008275863,0.01766397207682658
23431,0.244983349666603,0.5671826863618509,0.17793503845439723,0.00989892551714892
23432,0.41156395100798204,0.19837626189675234,0.3161705304164227,0.07388925667884305
23433,0.4360668940482263,0.3432498174332107,0.2036607770708971,0.01702251144766591
23434,0.270258928030787,0.43463577229093564,0.26869126265748916,0.026414037020788168
23435,0.49693191115862073,0.2905277115277551,0.15914250293164067,0.053397874381983526
23436,0.4333027461842815,0.2661883520005613,0.25349173401708336,0.04701716779807371
23437,0.2688030525225358,0.5455026833356814,0.15863890101809203,0.027055363123690907
23438,0.1133873868514989,0.1744778431756765,0.7023912575641387,0.009743512408685947
23439,0.1449486180340981,0.6164999277722601,0.17966676477113377,0.05888468942250791
23440,0.43157636928489507,0.4130712846589946,0.1397704957894802,0.015581850266630117
23441,0.13831296219508707,0.43265774542313035,0.3430078402380527,0.08602145214372972
23442,0.5706359002762867,0.3591948763161577,0.04456086732016236,0.025608356087393355
23443,0.35214089726420433,0.2206243538553022,0.4065773244830949,0.0206574243973986
23444,0.06885565561265355,0.33237783855322517,0.5683613437948852,0.030405162039236086
23445,0.05259473403141457,0.1266908213304427,0.7972622186978345,0.023452225940308307
23446,0.7608516762509252,0.13703685587802159,0.06788954657589238,0.03422192129516099
23447,0.22770096885983676,0.15011266963522055,0.39247581483202276,0.22971054667291996
23448,0.23404658329584588,0.24465139251758256,0.15268755913521506,0.3686144650513566
23449,0.4143879810537453,0.08826503163695046,0.1609169209898258,0.33643006631947847
23450,0.09045862571357356,0.1784885037878603,0.43539235573258195,0.2956605147659842
23451,0.2069149194921857,0.3567863569982317,0.22453058947528245,0.21176813403430023
23452,0.04083163058633263,0.6266342325215665,0.042661239855076916,0.289872897037024
23453,0.3518054579418247,0.26555440856608037,0.12823608075708762,0.2544040527350074
23454,0.13970880346036044,0.23466182285113285,0.05719879166377069,0.5684305820247361
23455,0.29103751269065314,0.1984978202009365,0.08436328048774311,0.4261013866206673
23456,0.10636841157249745,0.5128277026214193,0.044633568353919975,0.33617031745216325
23457,0.1338206090620276,0.1219665606521449,0.2487461062867365,0.4954667239990911
23458,0.030676988327181225,0.5210081397237437,0.19625361095554916,0.25206126099352594
23459,0.31779045519598487,0.4315500574259897,0.05108266434935418,0.19957682302867116
23460,0.17851415771347656,0.60477286706192,0.09330598342448626,0.1234069918001171
23461,0.024194535299970614,0.4022284738336428,0.32451061415086924,0.2490663767155173
23462,0.425525259175951,0.3331273585154264,0.04777938086241424,0.1935680014462083
23463,0.09275138019595422,0.17211081498680317,0.37543119906573447,0.3597066057515082
23464,0.146886964421474,0.09964268050528022,0.4350168012787221,0.3184535537945238
23465,0.2361084306497126,0.4185258302217506,0.10570948823262348,0.2396562508959132
23466,0.39264171730646014,0.13272279605041798,0.17717303921833272,0.29746244742478917
23467,0.03771950269974763,0.7409239403271125,0.03348397599351351,0.18787258097962653
23468,0.43301294883207025,0.1257094284869633,0.13548398366690356,0.3057936390140629
23469,0.17947834538228807,0.0436345203174707,0.669366252185588,0.10752088211465333
23470,0.34485494262586774,0.353469423598088,0.213902247788808,0.08777338598723616
23471,0.03429220404175038,0.4847113828775485,0.39945538491811255,0.08154102816258847
23472,0.2942781411586226,0.3298175652890302,0.2791578260398947,0.09674646751245244
23473,0.22482209000166348,0.1441300935726749,0.49625634449908596,0.13479147192657562
23474,0.19367458609073668,0.07181511403507,0.5451631651223766,0.18934713475181672
23475,0.08926144002489321,0.7366359014007213,0.04712733460697002,0.12697532396741545
23476,0.16238299514205748,0.6086375620627511,0.10574243171072628,0.12323701108446508
23477,0.38926002468485726,0.08883796246792058,0.33183317969381837,0.1900688331534038
23478,0.1337287010659412,0.5301085413811223,0.2053191599816197,0.13084359757131686
23479,0.09946823766214093,0.22433625167732388,0.3397386814030654,0.3364568292574698
23480,0.04411387272454127,0.47618866496868967,0.3846921156229079,0.09500534668386124
23481,0.27082553095589523,0.5698492611056383,0.08375494941847085,0.0755702585199955
23482,0.6941374834678751,0.054287057618227226,0.1290127339986807,0.1225627249152168
23483,0.14090492232110374,0.29899840773363867,0.31187457353872655,0.2482220964065312
23484,0.06326352275041808,0.36473173178915874,0.4991928113243487,0.07281193413607455
23485,0.20406325779167617,0.47374882223032644,0.03520794486552677,0.2869799751124706
23486,0.02329330274125997,0.3993281206351065,0.13480434558281731,0.44257423104081617
23487,0.27532614623776663,0.3500870700047763,0.039610837543768186,0.334975946213689
23488,0.10817772897736966,0.5552230292328706,0.042766487149082495,0.2938327546406773
23489,0.18148437737992756,0.08343604823111475,0.2610038732395887,0.47407570114936903
23490,0.10934546569841459,0.08117414935386545,0.2500546832895737,0.5594257016581462
23491,0.08351711402310338,0.22258765369359498,0.16977082515568762,0.524124407127614
23492,0.06264524030464808,0.37664919853086065,0.2666243561282993,0.294081205036192
23493,0.0703750032844419,0.14014636727967833,0.14371030255719466,0.645768326878685
23494,0.20074121229477582,0.5050762672329009,0.050554457406309955,0.24362806306601328
23495,0.10249289363130915,0.6083905145331261,0.052952487449356565,0.2361641043862082
23496,0.15619380606055697,0.4296158383629104,0.024111690257047166,0.3900786653194855
23497,0.1453211968915073,0.5161033078175358,0.10320010226556303,0.23537539302539384
23498,0.18217200392928726,0.08131575928869787,0.2676592146300457,0.4688530221519691
23499,0.07050678482469795,0.12060143609705942,0.23952991845760466,0.569361860620638
23500,0.03810641414447395,0.25359996415870034,0.40837159030403086,0.2999220313927949
23501,0.33425806840283034,0.057876694150057875,0.3064064563695732,0.30145878107753865
23502,0.1187874234607595,0.09122056668145627,0.47936312026023237,0.3106288895975518
23503,0.4932515240455293,0.0711005954576113,0.050938760592366704,0.3847091199044928
23504,0.35376378605972064,0.2795262450542447,0.1850249258312073,0.18168504305482736
23505,0.02098092935904198,0.29575248520426994,0.44216354127264185,0.24110304416404638
23506,0.5064791761830364,0.02086357733882454,0.284529815030333,0.18812743144780616
23507,0.5514707111102658,0.17949884716064093,0.0976746971146838,0.17135574461440956
23508,0.07388599810708736,0.11701525864707248,0.30944173984016643,0.49965700340567376
23509,0.2678222808292197,0.269849241132016,0.1020295709086639,0.36029890713010043
23510,0.31000133806391217,0.07986722113925458,0.2765490709437701,0.3335823698530631
23511,0.19420203241119963,0.08499151441338747,0.09235730281202291,0.62844915036339
23512,0.5745662915534938,0.24116292056260222,0.04992023650978981,0.1343505513741142
23513,0.10144464321717622,0.1632447430320476,0.07573561596149188,0.6595749977892842
23514,0.34761186832898194,0.05757800277991752,0.2765466663993443,0.31826346249175624
23515,0.48603735897709266,0.0897289270378136,0.24449197034600298,0.1797417436390907
23516,0.2560565794656825,0.1052603932007656,0.32317409802351577,0.3155089293100361
23517,0.4586819990413417,0.11552405443310865,0.08288090323272088,0.3429130432928289
23518,0.13310659650349455,0.04213342533950777,0.5850398878739372,0.23972009028306054
23519,0.10333521399533491,0.3336436842823507,0.1219153839342531,0.4411057177880613
23520,0.34293122406460924,0.059183556152704694,0.1939675598940806,0.40391765988860534
23521,0.20333384683053507,0.27069395874804525,0.31877178665217026,0.20720040776924933
23522,0.09537211111893869,0.27875352961034644,0.2654463566551432,0.36042800261557173
23523,0.14411751148755683,0.522745938961837,0.1842412525473795,0.14889529700322676
23524,0.03375288545316384,0.6109258243718498,0.05713806409438214,0.2981832260806041
23525,0.19542550992289362,0.1702916900059995,0.11403437113153635,0.5202484289395706
23526,0.09615313347118351,0.29555172299791266,0.37105288782962875,0.23724225570127505
23527,0.1347643026842275,0.18529498792991697,0.3550570874040333,0.32488362198182213
23528,0.06694737847276858,0.5626996943185489,0.10865189868703008,0.2617010285216525
23529,0.13364257212960493,0.5728999882492903,0.04460438167083482,0.24885305795026985
23530,0.12547144643879454,0.0819320229239263,0.5149877493262532,0.27760878131102584
23531,0.4682518516486307,0.04221917374805597,0.059391863846784375,0.430137110756529
23532,0.21062124705248417,0.1910419661373478,0.11805446407706946,0.4802823227330985
23533,0.3640464613674783,0.16851523896142598,0.13311145638801458,0.33432684328308104
23534,0.20995537987896504,0.10159199445280744,0.2121921948222642,0.4762604308459632
23535,0.14773577310903066,0.08873605856675504,0.16239496286730054,0.6011332054569137
23536,0.15954231678418274,0.08000149298263728,0.3642376347252899,0.39621855550789004
23537,0.22409751987203072,0.30487309666202944,0.04053543067511788,0.43049395279082203
23538,0.37497990385409696,0.18452402110080998,0.023748227157544922,0.41674784788754804
23539,0.08025740936444668,0.10174703091149417,0.1445811036194194,0.6734144561046397
23540,0.06211551365267059,0.0536675315770386,0.2766996373404819,0.6075173174298089
23541,0.07705541732905118,0.23233262944058702,0.0953553269472218,0.59525662628314
23542,0.03998134011966157,0.16490152335044345,0.5927288528238415,0.2023882837060535
23543,0.38426028274648844,0.25359492599295197,0.12620899370666466,0.23593579755389485
23544,0.04445074755003182,0.0919272541576589,0.7273583742992223,0.13626362399308695
23545,0.23039731783277143,0.10220507620123304,0.060272052855802505,0.6071255531101931
23546,0.03863681133234126,0.055412432432329975,0.7009990701813649,0.20495168605396388
23547,0.3092688350042891,0.4745852226848953,0.027621192130850153,0.1885247501799656
23548,0.29232851720200426,0.12884826470858382,0.08531920398826622,0.4935040141011458
23549,0.252576848453224,0.08154146933844421,0.2783602064578183,0.38752147575051343
23550,0.07017673286600826,0.2108872602315778,0.16938324698302767,0.5495527599193863
23551,0.430842958103526,0.22209161018029028,0.2362514867609807,0.11081394495520305
23552,0.02942635373090584,0.4144776806956715,0.4805217861824595,0.07557417939096317
23553,0.08433805465637825,0.6473885766786126,0.08570876434688457,0.1825646043181246
23554,0.5683250540643003,0.1191780169549089,0.13982263112613763,0.17267429785465305
23555,0.027887645235845242,0.21550254342321334,0.6179923277917733,0.13861748354916809
23556,0.35419930856658827,0.153483462227711,0.22710666552147327,0.26521056368422763
23557,0.04601193283505231,0.06749840207572383,0.6395058286906851,0.2469838363985389
23558,0.2347541358943227,0.14203302763399506,0.44285706895923216,0.18035576751245017
23559,0.2942751810744483,0.058762693616144744,0.35128369698089745,0.2956784283285096
23560,0.10387794514357242,0.12475022763514558,0.45406121714815206,0.31731061007312994
23561,0.4814237224469896,0.3416545807445934,0.11763829548172146,0.05928340132669554
23562,0.5123583158413374,0.13003669294488374,0.08804410468402742,0.2695608865297514
23563,0.12421698777736091,0.4921620216204311,0.27815076861622817,0.10547022198597979
23564,0.10529802155187509,0.5412029853627693,0.22673098722341545,0.1267680058619402
23565,0.14069325760044815,0.08745564212845164,0.6474491160906258,0.1244019841804745
23566,0.5204612070016321,0.22871875141140063,0.10496970481097878,0.14585033677598844
23567,0.23430362701714205,0.5388221404105524,0.07162058865337505,0.1552536439189305
23568,0.32985127723466673,0.523168237223322,0.04608547494475492,0.1008950105972564
23569,0.5952139574926664,0.14097366438273515,0.1847443325935041,0.0790680455310944
23570,0.231814302613562,0.6493009439803642,0.030745947665618657,0.08813880574045532
23571,0.1969104602157363,0.12201738802573799,0.3769261174949617,0.30414603426356407
23572,0.2932049303466736,0.5861520335069024,0.020795335629270703,0.09984770051715332
23573,0.15316150839090395,0.17616266951092477,0.21992309833476537,0.4507527237634058
23574,0.03053370062356154,0.5518169145377382,0.29714705929087654,0.12050232554782378
23575,0.05524468050120519,0.4736261006157281,0.2691995284840535,0.20192969039901318
23576,0.2273610560087025,0.1372666542207653,0.32468259428799,0.31068969548254227
23577,0.7297531582219213,0.07106731280998577,0.07995140716192534,0.11922812180616761
23578,0.34764366939107033,0.25485067174699394,0.051899480967186835,0.34560617789474884
23579,0.046336828644706965,0.6467434466407459,0.1264072483933154,0.18051247632123174
23580,0.17276543751121495,0.5416282380633023,0.038158661279793796,0.24744766314568895
23581,0.1927721681434162,0.19704398415118138,0.42720028506272895,0.1829835626426735
23582,0.09891566857139802,0.21640131615882788,0.5179561550376305,0.16672686023214361
23583,0.6251578999208249,0.057486088224430174,0.06189463255964096,0.25546137929510404
23584,0.5279213540315624,0.09968777836467207,0.09228010325571889,0.2801107643480466
23585,0.4694086340753031,0.22621032961428172,0.13463342021544114,0.16974761609497407
23586,0.26008180504833867,0.28837503688362154,0.2811645949415082,0.17037856312653163
23587,0.16410191387902995,0.11813208557615679,0.4287166138200448,0.2890493867247684
23588,0.25415638741410324,0.07693855053383725,0.36428068446368134,0.30462437758837824
23589,0.6122529914364875,0.0697606097721201,0.047834012234972474,0.27015238655641993
23590,0.285602006077345,0.18521839842937077,0.20561941788222063,0.3235601776110636
23591,0.659139947953787,0.06211784002960388,0.10188269664539226,0.1768595153712168
23592,0.44659082136725503,0.07259076292122546,0.07697707980842085,0.40384133590309873
23593,0.042660028166058774,0.5122254280693549,0.14775121745406958,0.29736332631051665
23594,0.5379518343159195,0.040385138729265954,0.28888649720089793,0.13277652975391668
23595,0.19595254965328332,0.05651590288875906,0.593622708656654,0.15390883880130363
23596,0.060836450697875674,0.3360673422838826,0.26632999278940406,0.33676621422883773
23597,0.23367874913739112,0.10447613699538769,0.3890578350818777,0.2727872787853435
23598,0.5660619670398189,0.06114694097700972,0.06288494428018503,0.30990614770298636
23599,0.20334608455323983,0.426967006017303,0.1467059066313524,0.22298100279810482
23600,0.15587400082858982,0.49385574658476156,0.21375458246937776,0.13651567011727078
23601,0.06953245657768439,0.6612717257317255,0.15617350239881267,0.11302231529177735
23602,0.06732701632871241,0.7494773141430826,0.041966540879500795,0.14122912864870435
23603,0.09792294713942025,0.2796625965601423,0.4797368373322621,0.1426776189681754
23604,0.2169269189941272,0.6098478066935298,0.04856928124617057,0.1246559930661723
23605,0.4188308792020355,0.10976896305385914,0.14441880017967693,0.32698135756442837
23606,0.3644448249384317,0.30929487116923304,0.0819465828550034,0.2443137210373319
23607,0.2058046672421209,0.2626495153197784,0.2397712261325324,0.29177459130556826
23608,0.6370966261250447,0.0927463805220586,0.05462672624951086,0.21553026710338583
23609,0.412234405949621,0.09356195745565038,0.2373702510976771,0.2568333854970516
23610,0.39267542056713534,0.37799808967445436,0.12023528701305428,0.10909120274535608
23611,0.058455144184249457,0.14036750451198857,0.637714877761588,0.16346247354217402
23612,0.10325089578379744,0.39172329992236016,0.21664899362022919,0.2883768106736131
23613,0.4193603659836284,0.22303699383767014,0.29652756554645693,0.06107507463224451
23614,0.13466391043215664,0.7190800563841386,0.04644052625480352,0.09981550692890133
23615,0.23930833284925457,0.3332329220469274,0.11315927885584301,0.314299466247975
23616,0.4442432927428915,0.07450525212192101,0.38780025817720226,0.0934511969579853
23617,0.12289779844039071,0.6749668462978635,0.07310699686518818,0.12902835839655752
23618,0.33192443686690487,0.033353842936319524,0.2557457410375561,0.3789759791592195
23619,0.10014907898207827,0.21508925803754209,0.21117342580269996,0.4735882371776797
23620,0.05934346131930776,0.16786863011356676,0.03712074534496402,0.7356671632221614
23621,0.3529447716873967,0.13322520006862493,0.06459377665388259,0.44923625159009584
23622,0.12772839597236038,0.3461729129675332,0.05438951191020213,0.4717091791499043
23623,0.04207162032878637,0.15087124659896436,0.044038490963180944,0.7630186421090683
23624,0.09334376282891804,0.49704464246877944,0.09892160094634513,0.31068999375595746
23625,0.14460212678915862,0.14233416356343495,0.19916496333726397,0.5138987463101425
23626,0.07535261937582885,0.2587133004277982,0.1728345367286958,0.49309954346767704
23627,0.21293012252056248,0.03930254741639057,0.27135266431681226,0.4764146657462348
23628,0.270553219831456,0.11599707598579172,0.05330500102810859,0.5601447031546437
23629,0.20256144094516781,0.1459659113739414,0.13957176654554881,0.5119008811353419
23630,0.2653102043003726,0.3561867919592703,0.12410806268557495,0.254394941054782
23631,0.05278415488553205,0.19606165814120358,0.3194914931764142,0.43166269379685013
23632,0.0582171372914702,0.03945202259860836,0.23527522563938852,0.667055614470533
23633,0.1553675366811979,0.3966719636712265,0.12621197778034648,0.3217485218672293
23634,0.5348668504528629,0.14620191087027623,0.01394154475593911,0.3049896939209218
23635,0.03703483291401364,0.24905438445604722,0.07924613925932071,0.6346646433706186
23636,0.06827301808578759,0.36235743518075286,0.22205337753275206,0.3473161692007075
23637,0.2575364452402881,0.6020847528823033,0.07834451959784255,0.06203428227956591
23638,0.7994687388683616,0.07512444122408601,0.05096586173386119,0.07444095817369127
23639,0.17565304769051784,0.0963487958471896,0.6638875639172542,0.06411059254503816
23640,0.4289585847491965,0.037595376950384625,0.4791480148539433,0.0542980234464756
23641,0.06281205879101988,0.340931476825905,0.4756571354690431,0.12059932891403204
23642,0.10575644335011539,0.10394561357216839,0.6256385629269258,0.16465938015079026
23643,0.33751477014390807,0.49296229948920905,0.11718026514967483,0.05234266521720827
23644,0.3559735373238957,0.40525918037900427,0.1233511653198285,0.11541611697727164
23645,0.17214355542035947,0.5278908113765788,0.13800264828183664,0.16196298492122513
23646,0.24070130421515373,0.4480054121110018,0.235127885165934,0.07616539850791057
23647,0.11906814104012386,0.7529867509628513,0.08242188226652801,0.045523225730496705
23648,0.2744695750804715,0.6478400359815919,0.033100058800278796,0.04459033013765787
23649,0.1322838065891113,0.45071533236042954,0.3160392048054228,0.10096165624503631
23650,0.2368800330975738,0.43966314395339257,0.11845864277595965,0.20499818017307395
23651,0.07512521359470353,0.7503063751585757,0.08001066451121526,0.09455774673550545
23652,0.07909916480084972,0.08399168542389453,0.7970239990443427,0.03988515073091297
23653,0.09775845169983653,0.05743728434735969,0.7704653170128424,0.07433894693996133
23654,0.10940904991441053,0.11558530130819375,0.6628740221012961,0.11213162667609966
23655,0.2428930436418433,0.5393619472068681,0.12790052258493786,0.08984448656635077
23656,0.1990949553349582,0.17099257832612152,0.32825213152313776,0.30166033481578264
23657,0.43064341385395616,0.28930591568975816,0.15049995601537378,0.1295507144409118
23658,0.2906418843759151,0.08565901357344563,0.37575205922005495,0.24794704283058433
23659,0.5828721739742432,0.2681760469127283,0.0841261113053178,0.06482566780771065
23660,0.27774332117494416,0.2264233540344771,0.11450068588165965,0.381332638908919
23661,0.2255491673583331,0.13044285878308276,0.20903042952480178,0.4349775443337823
23662,0.1405215434232692,0.4075204263066789,0.16964123953534224,0.28231679073470956
23663,0.18729141961899204,0.1865492063170585,0.39882507354870206,0.2273343005152474
23664,0.12122503903376614,0.36284110022316823,0.15805050003384166,0.35788336070922394
23665,0.37862960393124306,0.31704287975908085,0.04150012314141857,0.26282739316825754
23666,0.31756637005001853,0.11345374225410405,0.38112358500464877,0.1878563026912287
23667,0.2829769456700547,0.061481071081612125,0.5901518072452518,0.06539017600308124
23668,0.5146323036334876,0.08747038102334144,0.21925969651465252,0.1786376188285184
23669,0.22659970563648876,0.46346625959686744,0.11262370773867235,0.19731032702797136
23670,0.29551713105581584,0.0723033593768114,0.5088502652858486,0.12332924428152411
23671,0.07051193780365779,0.19420553569558435,0.6482553762154039,0.08702715028535397
23672,0.2514363069978946,0.1551832691914048,0.4596944356299269,0.1336859881807738
23673,0.39316990201193,0.47394203692937426,0.05515963723949873,0.07772842381919698
23674,0.018131113449653857,0.32035264623412224,0.5803706149059947,0.08114562541022921
23675,0.05649965145676801,0.6048790940444848,0.07172875971512072,0.26689249478362653
23676,0.19396125432924782,0.19644378412304875,0.12120207147447841,0.4883928900732249
23677,0.22656126251679465,0.3616625905331741,0.23115965221851228,0.18061649473151892
23678,0.5742611287727107,0.09808022712259674,0.041065539900301165,0.2865931042043915
23679,0.4701028424168517,0.13054176433120912,0.2881418041290635,0.11121358912287585
23680,0.04915257455193935,0.10682192934278444,0.6057258621576794,0.23829963394759687
23681,0.11306301955498341,0.22866902421456478,0.5075275555694643,0.15074040066098746
23682,0.06852539211472028,0.4090532886679466,0.3905198419109641,0.13190147730636903
23683,0.38035496119491224,0.1293779116826236,0.2514180636117916,0.2388490635106726
23684,0.08070279989682201,0.5524014771394266,0.1529969078937921,0.21389881506995928
23685,0.2914448931956844,0.3083696542873056,0.2828864967548272,0.11729895576218266
23686,0.08760746191283547,0.07311895677494691,0.5468150074185296,0.2924585738936879
23687,0.12635586123856676,0.1427291551952654,0.3399016674545147,0.3910133161116532
23688,0.22342327061225803,0.12479596353738635,0.11110059247573659,0.5406801733746192
23689,0.13099758659333685,0.2624908402054799,0.48482131059472106,0.12169026260646208
23690,0.37589328104875736,0.2969353603782055,0.04285654647807283,0.28431481209496434
23691,0.0902162527266208,0.3239562284042239,0.4218715027819989,0.1639560160871563
23692,0.05148350721033214,0.5909335640303014,0.07046809331420327,0.28711483544516314
23693,0.09783051086197124,0.36547361343893514,0.3927819634037268,0.14391391229536685
23694,0.09566670972004748,0.30956656250086523,0.2846834540373949,0.31008327374169237
23695,0.060875554397240426,0.5931435410274557,0.13139192937433247,0.21458897520097125
23696,0.554318954860499,0.3066189331461762,0.018617005484058497,0.12044510650926632
23697,0.2543617724216162,0.0893643351438382,0.5077408389141471,0.1485330535203985
23698,0.18871335506487216,0.35778693152017815,0.1989592906031104,0.25454042281183936
23699,0.1523083553994814,0.5258632062736261,0.12919459176822026,0.19263384655867216
23700,0.25224703819492583,0.02082544831342829,0.63388070537761,0.09304680811403584
23701,0.03367723056348976,0.4820367735117943,0.30959984951201497,0.17468614641270094
23702,0.11584121960347592,0.08195404307554607,0.6960728455125333,0.10613189180844469
23703,0.05083304820806634,0.506468044167732,0.30194197931835354,0.14075692830584804
23704,0.2615702819547954,0.20242363062477298,0.2697762931942131,0.2662297942262186
23705,0.19956395467338006,0.4338028760808194,0.14133306895192524,0.22530010029387532
23706,0.4785901053630802,0.09110194327104287,0.2912201021614665,0.13908784920441045
23707,0.15018910821708156,0.6464619470753075,0.04489993506320601,0.15844900964440506
23708,0.11607052092920479,0.5276788269082487,0.20308741364486577,0.15316323851768068
23709,0.2464848126348836,0.16506599744955652,0.20854820546553962,0.3799009844500203
23710,0.48589652556611007,0.19424186443361338,0.09372134307512725,0.22614026692514919
23711,0.03664523086105523,0.4200824117926955,0.41494025511077265,0.12833210223547672
23712,0.16370114932019111,0.09438738093133843,0.5162615622860692,0.22564990746240118
23713,0.026909032281841685,0.3739963404087827,0.41777281751298756,0.18132180979638818
23714,0.2664301497646115,0.10221272965953547,0.48202862314981976,0.14932849742603338
23715,0.1806674549283361,0.07230892429225771,0.525742993530216,0.22128062724919015
23716,0.4973045010000471,0.10629680908778567,0.10980494987743791,0.28659374003472937
23717,0.4078714086364002,0.43576047050825484,0.026789996422380224,0.12957812443296465
23718,0.05812676714501965,0.10859011644831855,0.6124569890934819,0.22082612731317988
23719,0.2808713170159523,0.47232887550375574,0.050665479750080726,0.19613432773021117
23720,0.06564820226319358,0.07795128781814384,0.61224375288542765,0.24415675703323486
23721,0.28831151724281867,0.20744091909593165,0.43395177246271416,0.07029579119853549
23722,0.05410742913110553,0.2047185697141735,0.4927202764241399,0.24845372473058094
23723,0.0803550185504911,0.48332380798775154,0.33163710877691605,0.10468406468484143
23724,0.329762897963888,0.44673829651958197,0.05110220786216135,0.17239659765436846
23725,0.31855303784257133,0.02773408281966983,0.5572794160956448,0.09643346324211419
23726,0.26278887409791996,0.45327677977566877,0.18893147742777416,0.09500286869863717
23727,0.24482420026340243,0.14606368102574271,0.37140814785225246,0.23770397085860231
23728,0.1433784920676422,0.20484425254159475,0.23690152846218435,0.4148757269285787
23729,0.09891990585101969,0.6368310196024913,0.11177224378970808,0.15247683075678092
23730,0.23905902950632002,0.33006093719289636,0.30068583330721227,0.1301941999935714
23731,0.17260128745624095,0.37325721407070456,0.1794143666444255,0.274727131828629
23732,0.42040682227566883,0.2340684943615351,0.07067028929553011,0.274854394067266
23733,0.5226507988976897,0.06888087068325045,0.07787807794402558,0.33059025247503426
23734,0.11978285139704033,0.048576601398581123,0.447105952997461,0.3845345942069175
23735,0.5396723925049758,0.03136887547328636,0.11253333559790403,0.31642539642383377
23736,0.0990834760573023,0.13391677589739256,0.333500500479931,0.4334992475653741
23737,0.08196983637708481,0.4645821230515295,0.2042026375594955,0.2492454030118902
23738,0.4881535751165873,0.08690485485994469,0.11152195040744774,0.31341961961602033
23739,0.17153101635281853,0.07451243339403131,0.16021382681565868,0.5937427234374915
23740,0.09744848108009331,0.013108547701473839,0.7964813138150099,0.09296165740342303
23741,0.048197970047985345,0.14989388226200365,0.3511309013958624,0.45077724629414856
23742,0.15075979562925398,0.20600090898748744,0.1458517927578225,0.4973875026254362
23743,0.08993057751069436,0.5466806429204766,0.09301237966513252,0.27037639990369655
23744,0.03460090399007314,0.4413699768339236,0.2791564066788801,0.2448727124971231
23745,0.5459726071736262,0.049943191119426474,0.08402100550531474,0.3200631962016327
23746,0.39116187924767215,0.17912342551775678,0.06973913225543149,0.3599755629791395
23747,0.05389370627823841,0.22156494985375852,0.45773773628600045,0.26680360758200256
23748,0.26995785648675674,0.3477009821956566,0.1624179962084927,0.21992316510909407
23749,0.4387397449531876,0.16511679260511378,0.04073972715439782,0.3554037352873008
23750,0.12205970088368305,0.11089544816900451,0.6114312181372432,0.15561363281006915
23751,0.21253891021336646,0.23764722409701333,0.458288438169224,0.09152542752039622
23752,0.30265668025483705,0.41139428348132834,0.07398529324793734,0.21196374301589718
23753,0.3134056230216183,0.20416337102747284,0.1349714309500508,0.34745957500085795
23754,0.17923043207684208,0.2544865751889857,0.43437777848960935,0.13190521424456284
23755,0.5934309256106098,0.14563371126065677,0.166196260934327,0.09473910219440645
23756,0.19342741257111942,0.3974393265501631,0.18486407950161796,0.22426918137709959
23757,0.2756762294405181,0.5114103677867968,0.05421156999775103,0.15870183277493405
23758,0.46175137122017573,0.26804076255859627,0.08531855025062778,0.1848893159706001
23759,0.11271740969663509,0.2919208756031713,0.4485790067244997,0.14678270797569398
23760,0.3691298883498146,0.0617465876766958,0.46800088775962234,0.10112263621386727
23761,0.23494017351043592,0.23175888369344377,0.3861939196126334,0.14710702318348687
23762,0.273971647096897,0.32569922783366734,0.26211366303319183,0.13821546203624377
23763,0.5303410788805567,0.2037207954361261,0.14236412785659708,0.12357399782672004
23764,0.3292003772868313,0.12349409295643743,0.33712254061596525,0.21018298914076594
23765,0.10947453340169065,0.0963428667968326,0.4903337175668425,0.3038488822346343
23766,0.12736007154401868,0.06595373403790815,0.7254907974439205,0.08119539697415255
23767,0.29266351343374913,0.40699376675091403,0.19373523738042953,0.10660748243490731
23768,0.11496118658783334,0.10196603456378009,0.20282266731750428,0.5802501115308822
23769,0.17832293311367203,0.1943592818335197,0.3973049676515255,0.23001281740128274
23770,0.1699577240700944,0.08186881859706807,0.5753246752835507,0.17284878204928691
23771,0.05598708984448559,0.5083825924951656,0.0677102695261664,0.3679200481341824
23772,0.1145852271493308,0.20044123543014739,0.11503064709939873,0.569942890321123
23773,0.03901409535254942,0.2959678786481356,0.5092369828598606,0.1557810431394544
23774,0.15754434462714692,0.40269598377555504,0.15038356605831876,0.2893761055389794
23775,0.4157532535418644,0.27861431077500654,0.058675272595968886,0.2469571630871601
23776,0.2683338427672379,0.10175446978175014,0.3243143666660055,0.30559732078500645
23777,0.17200287567637443,0.31341293150016264,0.42219187712938494,0.09239231569407799
23778,0.1303008436180606,0.4636530984967676,0.10097747222282719,0.3050685856623446
23779,0.33700587366373097,0.3637885264553362,0.19085918421714254,0.10834641566379034
23780,0.324524836161186,0.4168678486786043,0.0653349018848297,0.19327241327537983
23781,0.5374751326085634,0.19644573171750077,0.09650112628511791,0.16957800938881784
23782,0.07505402738505328,0.31254678391133783,0.4281877223340371,0.18421146636957186
23783,0.27064682878526447,0.06350403196385257,0.45273140923149,0.21311773001939283
23784,0.12565822669382026,0.05578657340213956,0.5798598123699749,0.23869538753406538
23785,0.5312101136833501,0.2960477250326912,0.031649962926967395,0.14109219835699138
23786,0.23773709635401882,0.3659689750032226,0.1988929722554096,0.19740095638734903
23787,0.41680740804955346,0.2043657796652313,0.1792622938322375,0.1995645184529778
23788,0.15545002932597962,0.39943775097703765,0.22654297918763147,0.2185692405093514
23789,0.5773304423254699,0.07070143563057962,0.03601605135826789,0.3159520706856825
23790,0.04118514464081628,0.14389473337130854,0.5452654114038585,0.26965471058401647
23791,0.2487424501464831,0.08391607927132051,0.4289693815363782,0.23837208904581808
23792,0.18175635221189682,0.5882031821138013,0.052256038234842705,0.17778442743945921
23793,0.21515465082340157,0.2152622249816725,0.18131468769850792,0.38826843649641807
23794,0.26292256548162884,0.18503536151043615,0.21681554484662888,0.3352265281613062
23795,0.3059304756253047,0.30235382231669716,0.05039805561614232,0.3413176464418559
23796,0.18036088388285823,0.305827500549565,0.24026473817536909,0.2735468773922078
23797,0.36071767692338697,0.255547307858358,0.28640544486817426,0.09732957035008083
23798,0.26369511368148457,0.048995004794810504,0.2674460250956162,0.41986385642808866
23799,0.546847274919478,0.04606228589451477,0.10174371591011667,0.3053467232758905
23800,0.19936535215680193,0.602629931147214,0.03188127762376971,0.16612343907221436
23801,0.039759463374555506,0.07715653685783096,0.7220599157418308,0.16102408402578272
23802,0.0610918343838702,0.6482518732216388,0.08264574221730568,0.2080105501771853
23803,0.2453685043758039,0.2657337698013507,0.08378726688248983,0.4051104589403556
23804,0.34973205949397107,0.08482612272602497,0.2649485843969568,0.3004932333830471
23805,0.28048275914141646,0.0725698879482592,0.500984534147168,0.14596281876315634
23806,0.14245233360125983,0.2979409410456163,0.2133775962044833,0.3462291291486406
23807,0.4297887506549212,0.11667961155557852,0.15296235370646125,0.30056928408303907
23808,0.12849312973488528,0.473207502151645,0.2507346744649714,0.1475646936484985
23809,0.4676134651945436,0.23534714294540712,0.07432700310852713,0.22271238875152222
23810,0.04787088950502065,0.5761303037651649,0.23188959690182728,0.1441092098279871
23811,0.4651958516182783,0.21515426746437058,0.19299353824341428,0.12665634267393683
23812,0.07936265652439557,0.2836424511979931,0.527724520070223,0.10927037220738826
23813,0.5195596709006878,0.17002321287599428,0.17705619031913428,0.13336092590418352
23814,0.24007085877460038,0.23950552005206951,0.395212567003529,0.1252110541698011
23815,0.10340253465385948,0.09236318621078828,0.3822584302118561,0.42197584892349616
23816,0.3139865481544461,0.4281379012788173,0.1109312104070925,0.1469443401596442
23817,0.2779875460698563,0.07321685001725806,0.48345694173941894,0.1653386621734666
23818,0.11621291748610431,0.12242835120825031,0.5459025869742706,0.21545614433137472
23819,0.08293057483573402,0.5330715814369387,0.2165241020139194,0.16747374171340781
23820,0.25512808959614935,0.14463410727842055,0.3870474763970997,0.21319032672833033
23821,0.09327148736847618,0.25732013280584204,0.15941117989996018,0.4899971999257214
23822,0.15497672403045534,0.3247719757200255,0.14553571774681076,0.3747155825027084
23823,0.10213134317773229,0.11965527805436128,0.38960634859731724,0.3886070301705891
23824,0.24791474034331193,0.4604000621647938,0.1424943118065755,0.14919088568531877
23825,0.4216531605864923,0.0834378885733014,0.3457442440680347,0.14916470677217156
23826,0.04852302863514581,0.4962307553496427,0.13740526091885422,0.31784095509635735
23827,0.33259456470840815,0.36373744582340767,0.1716213172001845,0.13204667226799977
23828,0.04191383045244209,0.30345214300707424,0.4940011583036727,0.16063286823681097
23829,0.29297724175746104,0.3377781563840733,0.14013886735828998,0.22910573450017566
23830,0.05923433593293516,0.631268252557078,0.19517060507628323,0.11432680643370359
23831,0.19255818979319822,0.29553811792208506,0.41485557176862986,0.09704812051608695
23832,0.21009874094301267,0.2718553968857732,0.4248149158691556,0.09323094630205854
23833,0.28549733148023365,0.11068928972261503,0.45437031895288343,0.1494430598442679
23834,0.4100222268350132,0.13140076412679078,0.36680132149580813,0.09177568754238791
23835,0.14633115100366412,0.39642993580258856,0.33806985529708666,0.11916905789666056
23836,0.5221143739699436,0.08419094426215559,0.1623051286100833,0.23138955315781745
23837,0.058231569967954804,0.1892137734402037,0.27809815381208675,0.4744565027797548
23838,0.554194434592604,0.20725147638257668,0.09996143804735619,0.13859265097746312
23839,0.5217771560794644,0.1804816578063072,0.13444325445703734,0.16329793165719117
23840,0.3622164163678026,0.0329250358153791,0.5019731114009394,0.1028854364158789
23841,0.4546737280025737,0.15440319750451992,0.23248822664978705,0.1584348478431194
23842,0.4614011534870203,0.10507583843378863,0.22418346931364078,0.20933953876555023
23843,0.3575603921287225,0.12057574408194088,0.3812339616365624,0.14062990215277407
23844,0.6018987778084107,0.13333921515164462,0.11530474976582741,0.14945725727411713
23845,0.1554780252255443,0.11387731085524862,0.3596518772869471,0.37099278663225993
23846,0.488811041693369,0.3237684201526581,0.1549212520625494,0.03249928609142349
23847,0.1254312774579053,0.6860353216557099,0.11089186143762882,0.07764153944875596
23848,0.05532929184491876,0.08372070446351952,0.7172822877571983,0.14366771593436356
23849,0.41979271494770076,0.16849293871764937,0.2765224984425732,0.13519184789207664
23850,0.052631694921028246,0.43640765602112697,0.4101546188510417,0.10080603020680308
23851,0.5426952401718681,0.2755796443623173,0.14147215605170502,0.04025295941410964
23852,0.1930868968798954,0.4816740612349829,0.19065652770910255,0.13458251417601913
23853,0.07578973575938751,0.15045294152992425,0.6341601090200384,0.13959721369064979
23854,0.6903271636373252,0.11960654453409536,0.08590746372952342,0.10415882809905613
23855,0.17507212962460242,0.5252098176177138,0.0798804124170685,0.2198376403406153
23856,0.2955863522132308,0.5437821793504914,0.056290480068993044,0.10434098836728473
23857,0.35430388081633596,0.5829493274011317,0.022340088103295904,0.04040670367923643
23858,0.4528832832264937,0.230449810450831,0.2564132607695376,0.06025364555313778
23859,0.7507282928122494,0.08974735723564642,0.06306812798394441,0.0964562219681596
23860,0.1235172489943541,0.39817887088707005,0.32303504828592705,0.15526883183264892
23861,0.22453556557415294,0.04521338128490313,0.6655430259750733,0.06470802716587058
23862,0.08386103433760021,0.08632045890279691,0.7599974218910905,0.0698210848685124
23863,0.19882033720534326,0.08175740604512936,0.5895608912697767,0.1298613654797506
23864,0.25924217156950075,0.5924432594820783,0.03883080526925291,0.10948376367916808
23865,0.0584938523399524,0.14877202786475247,0.3753693544868615,0.4173647653084337
23866,0.4016372854417028,0.3156747045806863,0.09355406324238225,0.1891339467352286
23867,0.051455972839130934,0.2738486153224458,0.061120629515817086,0.6135747823226062
23868,0.05206522734979363,0.1305624427168884,0.35647899190183724,0.4608933380314808
23869,0.265080253541812,0.11283583010588637,0.12384331621284062,0.49824060013946103
23870,0.1564943998056717,0.05803320493550113,0.5698785213270585,0.21559387393176863
23871,0.06495479361908855,0.22752817926309327,0.4535298348102168,0.2539871923076014
23872,0.01762951240697126,0.16037248690114983,0.5566387877476013,0.26535921294427756
23873,0.15258760374087826,0.3265081679644781,0.2782511822348093,0.24265304605983432
23874,0.543868531080419,0.24548548894138209,0.040158166110746595,0.17048781386745232
23875,0.029858120147849027,0.5577733598392489,0.23342455608306314,0.17894396392983894
23876,0.2389163461644419,0.31651613897746633,0.08458469571951051,0.3599828191385813
23877,0.24047142406105276,0.17491788934058963,0.05544816664763894,0.5291625199507186
23878,0.16808983140168268,0.3558531094864193,0.04925935805833036,0.4267977010535676
23879,0.10046531789221076,0.491030654129328,0.2675340130422434,0.14097001493621783
23880,0.5155905069703717,0.262921298738612,0.04117058278988163,0.18031761150113468
23881,0.5826929390729186,0.07516697862693944,0.1579015006519047,0.18423858164823723
23882,0.03640170839510998,0.6777942392891868,0.03007173757190416,0.2557323147437991
23883,0.391447053860685,0.11269328901440595,0.27313693134467204,0.2227227257802371
23884,0.17662547966548078,0.6196379911492466,0.16765516676115555,0.03608136242411697
23885,0.2009433930527804,0.4740736615820134,0.05935638990158111,0.26562655546362496
23886,0.294781638808427,0.32483444018678365,0.24750566819719094,0.13287825280759846
23887,0.2775896106170369,0.3161890827213332,0.17234517533369004,0.23387613132793983
23888,0.1932581910592197,0.3732340401117975,0.3707938436219877,0.06271392520699498
23889,0.6334257149961553,0.20446067331509576,0.0595592106151507,0.1025544010735983
23890,0.15622908111433062,0.7072285779368173,0.033598088884774446,0.10294425206407759
23891,0.41157820519730104,0.16990267484821142,0.1380012818400088,0.2805178381144788
23892,0.04841184663045426,0.7010429713736226,0.0995801440471278,0.15096503794879548
23893,0.19101395573201413,0.5787652616355541,0.08026996671547865,0.1499508159169531
23894,0.18664874458710898,0.3840158310626485,0.28022176814730365,0.14911365620293876
23895,0.03878027814066567,0.14960764459998438,0.6953561815001452,0.11625589575920477
23896,0.030977300541065022,0.12390624721574399,0.6980784951858022,0.14703795705738862
23897,0.10996001587925334,0.4504393075971759,0.17683145211346404,0.2627692244101067
23898,0.08841383888119761,0.7499431401958309,0.06414772709156644,0.09749529383140504
23899,0.18462768664344353,0.30181169559260745,0.25194466441250213,0.26161595335144694
23900,0.10744818624186941,0.4949984626166783,0.2033514830144868,0.19420186812696533
23901,0.09516686839399152,0.6951069402777637,0.09030102553865493,0.11942516578958998
23902,0.04160689063794975,0.5946882277733913,0.29518019723505695,0.06852468435360204
23903,0.470457859468457,0.11177607916113165,0.1491443052449142,0.2686217561254971
23904,0.19263082062454076,0.4545506416338601,0.18584068414890162,0.1669778535926975
23905,0.47217057486074904,0.03683364231051304,0.389360041515122,0.10163574131361607
23906,0.676374757626748,0.05002363455955391,0.08129761643477139,0.19230399137892662
23907,0.38152318993727,0.17723632327104155,0.19791925680150785,0.24332122999018063
23908,0.2476852762995022,0.4436697376463866,0.07590729039371673,0.23273769566039448
23909,0.33388283550496667,0.17498490101021513,0.11651782497222493,0.3746144385125934
23910,0.21484940983425718,0.19754267159294764,0.44087935334688305,0.1467285652259122
23911,0.37461488576370283,0.046983011501300145,0.14576469998190986,0.43263740275308715
23912,0.1814474766803105,0.22982021234315006,0.36003083228409255,0.22870147869244684
23913,0.08889558514633053,0.12133101951886928,0.6255135381688794,0.16425985716592084
23914,0.03706610127212586,0.6685867515310081,0.04988382295812742,0.24446332423873857
23915,0.6421273094384544,0.19717098246072556,0.04525916319893397,0.11544254490188617
23916,0.06543816645178743,0.2973452239404442,0.4902269638871394,0.14698964572062898
23917,0.26336099331876445,0.3974968825401699,0.14051746426596007,0.19862465987510566
23918,0.49089995451603463,0.10375556765729985,0.17451765905436328,0.23082681877230224
23919,0.30736391025954835,0.4221012676368661,0.05317923876916116,0.21735558333442428
23920,0.29747486188966427,0.2720659639802942,0.3103927834304421,0.12006639069959939
23921,0.26258804057505164,0.2361166935762621,0.402333679065915,0.0989615867827712
23922,0.08000846736285011,0.1916723650735882,0.6600488105654324,0.06827035699812936
23923,0.30061203834415623,0.5025884762890387,0.1228132763402658,0.07398620902653928
23924,0.25306383818405725,0.5833300234828394,0.1304924565657255,0.0331136817673778
23925,0.15514824490790025,0.4482748886353325,0.1948669268402878,0.2017099396164794
23926,0.21874222951105762,0.4523491260762249,0.2787360754769118,0.05017256893580553
23927,0.3147917683388878,0.12318215437984191,0.4186002324085742,0.14342584487269616
23928,0.19073114301593888,0.27456242986301604,0.4692943536439114,0.06541207347713361
23929,0.10730120404727497,0.5633672667340026,0.11612009122444691,0.21321143799427564
23930,0.13039054268374628,0.3672840089343833,0.28344191538316754,0.2188835329987029
23931,0.09172761520230446,0.7565853960094121,0.08587630576795378,0.06581068302032966
23932,0.2165925421931905,0.5929116492595061,0.11070732842965657,0.07978848011764687
23933,0.13713371566729976,0.5697685737131581,0.2323691301121404,0.06072858050740172
23934,0.026970409431667848,0.6839043587376809,0.20194708447158566,0.08717814735906575
23935,0.32432442801051414,0.1370693433703628,0.3895327945132291,0.14907343410589388
23936,0.578478823443331,0.14197640648743146,0.17818807665903938,0.10135669341019823
23937,0.10835693199482721,0.14712469802284306,0.6539975036865693,0.09052086629576055
23938,0.586237967050552,0.1559129253010864,0.08135311859074683,0.17649598905761482
23939,0.23008996115732375,0.10411151322665932,0.5928653075428187,0.07293321807319822
23940,0.3825915836157022,0.08760264878215551,0.3573345268049593,0.1724712407971829
23941,0.05748957092138391,0.3015427085287393,0.5229985986834426,0.1179691218664342
23942,0.6907236637867203,0.07668446345010373,0.12609122090944933,0.10650065185372666
23943,0.18567057562918313,0.540910319544885,0.12001330060168683,0.15340580422424496
23944,0.3721274520343826,0.0800214988878294,0.4405831433968867,0.10726790568090121
23945,0.13312647686316575,0.28795387222618174,0.36331882079287503,0.2156008301177776
23946,0.20826925719960312,0.6830279181045723,0.029184900109746535,0.07951792458607813
23947,0.023177453335491795,0.6017970453689605,0.25238438027985144,0.12264112101569631
23948,0.27715895696130377,0.3166374571061689,0.31560494466294964,0.09059864126957765
23949,0.18782009109105388,0.44759982887556354,0.09346917615626972,0.27111090387711284
23950,0.021384592530713453,0.5427894560705652,0.36224534805816316,0.07358060334055817
23951,0.5104745440711802,0.14510763886891814,0.19232297009200552,0.15209484696789619
23952,0.24039913458072393,0.2550940337126654,0.3813771693254579,0.12312966238115268
23953,0.5843319742085078,0.15097638792618356,0.05672111733334935,0.2079705205319593
23954,0.5013598075195004,0.07419595467112096,0.3108970668292407,0.11354717098013803
23955,0.10535876808579324,0.3728680270858207,0.22448362041237946,0.29728958441600667
23956,0.05877825146030402,0.4266751243740646,0.40130956147629426,0.11323706268933711
23957,0.13174387753913488,0.5372223955783022,0.10395671992353445,0.22707700695902855
23958,0.2136591557975017,0.6043263006922992,0.039827743963071274,0.14218679954712785
23959,0.37728438405678627,0.1677084596919976,0.23747598439537054,0.2175311718558456
23960,0.2148781547481391,0.1734112000750596,0.2874449265294929,0.32426571864730835
23961,0.8327211300716192,0.07992127436620922,0.008076101630140234,0.07928149393203131
23962,0.11280582051882662,0.44734177173448464,0.22108872818580655,0.2187636795608821
23963,0.17841464190993886,0.5429500176592478,0.07855294622645144,0.2000823942043618
23964,0.06118257061720737,0.45811856269704565,0.32665115352732016,0.15404771315842686
23965,0.420459546230492,0.14137917730578747,0.3174812435755162,0.12068003288820438
23966,0.2304314777847098,0.07572536719270759,0.4302527771671575,0.2635903778554252
23967,0.5618328332663018,0.13883164713576798,0.07502670056680445,0.22430881903112573
23968,0.39932996481047234,0.22832361647594696,0.13802160401589078,0.23432481469769
23969,0.6249889564426107,0.07840298617829011,0.05358256051438444,0.24302549686471478
23970,0.8183685056267626,0.04574449677826247,0.026474792341358657,0.1094122052536163
23971,0.12200666331165369,0.17258717634808918,0.5503863460315186,0.15501981430873854
23972,0.5764713262055425,0.09173257753262933,0.2235678367690134,0.10822825949281473
23973,0.42611473381505416,0.31507265179184035,0.11766365509439636,0.14114895929870896
23974,0.11691411420467088,0.15549591775033159,0.4979956420590512,0.22959432598594628
23975,0.28757636836354133,0.6011700408014304,0.0265259083973014,0.08472768243772667
23976,0.25854367678359613,0.41098740721743354,0.2129976152534274,0.11747130074554282
23977,0.1434396069055116,0.3746347395029904,0.36557692706333567,0.11634872652816224
23978,0.20401970761526575,0.11625005685198492,0.10150682534075113,0.5782234101919981
23979,0.3707744554514756,0.1821764472896845,0.10477674128627351,0.3422723559725664
23980,0.15147058410253172,0.4762663942972036,0.14300153253561865,0.22926148906464594
23981,0.06955228525417068,0.3573257969672166,0.4332261145941954,0.13989580318441736
23982,0.10988390809073427,0.03047834846298178,0.769998249642841,0.089639493803443
23983,0.33600167810617915,0.24571336594157522,0.2162152394821442,0.2020697164701014
23984,0.25642375873698253,0.4308299805907595,0.16507024897112396,0.14767601170113398
23985,0.19510879623816385,0.1514619434825569,0.27669287837132556,0.37673638190795367
23986,0.4173831937413295,0.37514317408304193,0.12264189487497573,0.08483173730065288
23987,0.5104088464325534,0.2431162816460299,0.09728759499519234,0.14918727692622435
23988,0.2871432695548178,0.2765662451707267,0.3774822176849035,0.05880826758955206
23989,0.04942420628468184,0.1580542000380561,0.6692731665751848,0.1232484271020774
23990,0.17698908953390846,0.45465180024693214,0.25620284962196277,0.11215626059719663
23991,0.07214980567569886,0.17877943736022453,0.4299450565137206,0.3191257004503561
23992,0.1713423696279554,0.5879354812246602,0.12399648320958116,0.11672566593780315
23993,0.2167037992208175,0.3400762540226923,0.37646860932808707,0.0667513374284031
23994,0.10446265424060543,0.5614284634998841,0.12051301561298558,0.21359586664652483
23995,0.0417913665455368,0.14883779943287906,0.6582865076379207,0.15108432638366343
23996,0.03830971695261535,0.24087686706243538,0.6537410344620025,0.06707238152294678
23997,0.45075400314171565,0.10690062243283209,0.3644948688256367,0.0778505055998155
23998,0.12893260559121444,0.23138771919844614,0.4594692074818711,0.18021046772846847
23999,0.5534111409919742,0.13400800489972933,0.09008687432998912,0.22249397977830734
24000,0.4169958318961376,0.40422096720210055,0.07797182124903167,0.10081137965273
24001,0.38979767050714315,0.48218327558243657,0.044025924093700514,0.08399312981671983
24002,0.31383372693278455,0.48974806080019756,0.04491421373628636,0.1515039985307315
24003,0.14602528435667925,0.6692884828176248,0.030992246561454596,0.15369398626424144
24004,0.08940627418554035,0.052776550232469036,0.709516669623891,0.1483005059580995
24005,0.19568466330148135,0.6309512659722099,0.09381036260943348,0.07955370811687537
24006,0.20061038838860287,0.2599032535921417,0.48133863278840483,0.05814772523085064
24007,0.14344547293842527,0.41836640551418475,0.18002255525827454,0.2581655662891154
24008,0.1060492797188759,0.5976718485300567,0.16997097760753588,0.1263078941435315
24009,0.46613053184866626,0.09002019553921012,0.23154704094397754,0.2123022316681461
24010,0.5856990655426128,0.20342481418269245,0.1263978046039951,0.08447831567069972
24011,0.08298332310229652,0.7267693499795183,0.0732421411006663,0.11700518581751886
24012,0.08983417250150377,0.093230207260513,0.6467276944540418,0.17020792578394153
24013,0.04197748633200396,0.044670969571534554,0.8142267880178468,0.09912475607861476
24014,0.19728152141304262,0.08194359681712343,0.6382791233870851,0.082495758382748835
24015,0.04385462667335707,0.5087710077945942,0.29913922000203114,0.14823514553001768
24016,0.2254009265491641,0.5175011450924875,0.06531538058446291,0.1917825477738854
24017,0.4139890552265665,0.37293629207459555,0.1552870415996283,0.05778761109920986
24018,0.45822560118025707,0.14762418190849924,0.12087346215450129,0.2732767547567424
24019,0.09588468665067407,0.48223906103843717,0.32958970986263775,0.09228654244825112
24020,0.08200623482955159,0.5350235175128932,0.2710582687588517,0.1119119788987035
24021,0.10146675018080849,0.0800616112071405,0.7167723235086365,0.10169931510341441
24022,0.4576482316362383,0.25528848325420056,0.14168782050757572,0.1453754646019854
24023,0.19457294864884808,0.5679824401626954,0.09129909130723647,0.14614551988122004
24024,0.27975894611923535,0.5632396368435668,0.060000518130580514,0.09700089890661748
24025,0.5187584242638166,0.1559610218288613,0.24716575576503114,0.07811479814229101
24026,0.19267766276307002,0.6850514715125849,0.03922872068720451,0.08304214503714051
24027,0.154419813548334,0.12146243632272664,0.4537489024635294,0.27036884766541
24028,0.2479850364533404,0.6292895367249587,0.026998849704104703,0.09572657711759613
24029,0.12499702807937962,0.1824945767631943,0.2755154881875727,0.4169929069698533
24030,0.02306652316641778,0.5291560073242381,0.3445872874758948,0.10319018203344942
24031,0.04254228652444401,0.4629691119679551,0.31822168925850275,0.17626691224909818
24032,0.18157054475426,0.13914909770425152,0.3980278367063189,0.28125252083516966
24033,0.6770486693954617,0.08369506047122759,0.11386628129971599,0.12538998883359484
24034,0.3042640982961593,0.283131503803118,0.06972756834029978,0.342876829560423
24035,0.03660236645773827,0.6484864743573675,0.15327804615225493,0.16163311303263925
24036,0.3554222344813325,0.045664559969112894,0.5343576850374238,0.06455552051213086
24037,0.1379384923385718,0.7041497264191651,0.087027421229427665,0.07088436001283552
24038,0.17263419470505154,0.10843952887252126,0.5600548360139164,0.1588714404085108
24039,0.3225898878444565,0.5813005030271866,0.012740365278924427,0.08336924384943237
24040,0.04219340062855732,0.11150727970741858,0.7591035848523361,0.087195734811688
24041,0.22704143031239277,0.47632350833289266,0.1876608597567098,0.1089742015980048
24042,0.10053180445136034,0.3128755056058425,0.5070896676955048,0.07950302224729237
24043,0.4172661625592417,0.36146553747268534,0.047186804723670706,0.1740814952444022
24044,0.3282117791340942,0.4859522307027407,0.12566560245818656,0.060170387704978505
24045,0.4853398922442447,0.11210531591536743,0.19281114500730465,0.20974364683308322
24046,0.19905731338414698,0.3309069525828627,0.4162922130553076,0.05374352097768271
24047,0.3164582026061263,0.05401609006729192,0.5588233438693797,0.07070236345720202
24048,0.07864703563223946,0.19039859161825637,0.6527734531611304,0.07818091958837371
24049,0.3934402096747232,0.09071426318938254,0.45124458829764014,0.06460093883825394
24050,0.1223392827384686,0.18224105987364114,0.422062869225917,0.2733567881619731
24051,0.11382364389899427,0.5687102464380991,0.1334176963644045,0.1840484132985022
24052,0.6171393780138419,0.2769808079927753,0.06971968520222487,0.036160128791157986
24053,0.37530887710452077,0.0844027307346987,0.436809961654803,0.10347843050597766
24054,0.4849423503863922,0.22161900953905805,0.08729025266784891,0.20614838740670074
24055,0.2710774594738753,0.4069227164954385,0.11605479348220987,0.20594503054847627
24056,0.24298972307677547,0.32743458012833837,0.1471958853170703,0.2823798114778158
24057,0.15899038475728502,0.0819514449388519,0.17323405359148566,0.5858241167123774
24058,0.04898441377808286,0.20006556672588666,0.15757604389941948,0.593373975596611
24059,0.2706308274121554,0.39345278519005394,0.04999422285201197,0.28592216454577873
24060,0.35135267936216974,0.10243940118816848,0.05755444317239594,0.4886534762772658
24061,0.08408026538660614,0.34818518188455055,0.19114713526021027,0.3765874174686331
24062,0.2942564424501718,0.07787604046396783,0.3818999413617,0.24596757572416042
24063,0.09634288528769865,0.42583504598851346,0.2869512937536652,0.19087077497012267
24064,0.3374730543591253,0.10648314501344716,0.3167594206042349,0.2392843800231926
24065,0.07649453211362538,0.14577135958226756,0.462926905196821,0.3148072031072861
24066,0.3249485429158245,0.3310699031843982,0.07247629123748019,0.27150526266229724
24067,0.18776553502615922,0.29465804456979694,0.11903960417564675,0.3985368162283971
24068,0.48818484775826676,0.15991512908200092,0.043289083401460295,0.3086109397582719
24069,0.18067210171545667,0.10516309152132382,0.10023842722634642,0.6139263795368732
24070,0.5342738885439947,0.1185787222873398,0.146080137808847,0.20106725135981848
24071,0.08343521199971264,0.05181030392951165,0.234314234140985,0.6304402499297906
24072,0.054876308750640965,0.168071367752532,0.09031325234989011,0.6867390711469368
24073,0.3003624838495012,0.14067715705144695,0.22690599998318725,0.33205435911586456
24074,0.47508793423871104,0.15928292298555627,0.16288222805263455,0.2027469147230981
24075,0.3599398598120653,0.039794218426944535,0.2746966767837006,0.32556924497728956
24076,0.11655570845117777,0.43010376595408195,0.23792759911315098,0.2154129264815894
24077,0.4620036574335495,0.27326273813656105,0.07613995349987897,0.18859365093001043
24078,0.4945337722038866,0.21834869319333017,0.060188207594069544,0.22692932700871352
24079,0.3555730557474105,0.22446289606473,0.04462547923690725,0.3753385689509523
24080,0.5667618939004412,0.08045627689730621,0.02954908357647802,0.32323274562577464
24081,0.1792494797795113,0.10272687066765654,0.18646048879635843,0.5315631607564737
24082,0.1540165318915625,0.32872586635453094,0.37996896711497596,0.1372886346389305
24083,0.28742333545122767,0.3290573559184664,0.03625591226929017,0.3472633963610157
24084,0.4826698395878981,0.2668668948834411,0.05964347595624986,0.19081978957241083
24085,0.5095469395863754,0.0491379047112043,0.0407951881436425,0.40051996755877783
24086,0.22366395605636466,0.19380086295413937,0.28088624796848155,0.3016489330210145
24087,0.23966113013449633,0.26514576610040125,0.2619450867313796,0.23324801703372272
24088,0.07538399541185688,0.05207499781270116,0.5510505598510219,0.32149044692442014
24089,0.40319071568846837,0.3152086835944714,0.05891041043851252,0.22269019027854767
24090,0.07987253533452485,0.05254900941978591,0.2585347517722485,0.6090437034734407
24091,0.27617947524276454,0.21313004481901046,0.3215658779445973,0.1891246019936277
24092,0.47016206221964163,0.04885250788779228,0.10033462297058732,0.3806508069219788
24093,0.5002528311368153,0.32473802320717177,0.10614044833759843,0.06886869731841451
24094,0.08442531573737382,0.6620591854614052,0.20719954836874374,0.0463159504324772
24095,0.31334952866010896,0.038738352895059384,0.5606645121739122,0.08724760627091951
24096,0.1734006642836522,0.5592611604420128,0.1348424143020311,0.13249576097230387
24097,0.04124518286706763,0.07570687587547206,0.8419113831978435,0.04113655805961666
24098,0.7692503444025297,0.06693415680513018,0.08296153783027077,0.08085396096206927
24099,0.37156483087739106,0.36411404467473213,0.18635351312036771,0.07796761132750908
24100,0.6164952313945242,0.2836571313129765,0.041858331492735004,0.057989305799764364
24101,0.24752233342910313,0.37580231072468206,0.22476825783296178,0.15190709801325286
24102,0.26521845645977477,0.14638006831447395,0.48347107428272124,0.10493040094303015
24103,0.08605186539575138,0.4794125394885509,0.36987208724416576,0.0646635078715319
24104,0.6087113116831714,0.05989606849149595,0.2826640605831364,0.04872855924219628
24105,0.5886166438848853,0.11724085830576925,0.2079610856290779,0.08618141218026758
24106,0.04728844894386288,0.8020103170336164,0.09936232111419058,0.05133891290833009
24107,0.21129209092415452,0.09802177995425601,0.5823928602055664,0.10829326891602321
24108,0.18400617062552335,0.0600032999749775,0.7054737057385483,0.050516823660950894
24109,0.5825542356045759,0.19712282826142025,0.09631327305834772,0.12400966307565617
24110,0.4552857316298329,0.25517477018413415,0.17133579046551492,0.11820370772051814
24111,0.30456991300996444,0.2843483295078851,0.14041090867197692,0.2706708488101736
24112,0.21414938320856228,0.13527368864365988,0.09683299657351034,0.5537439315742675
24113,0.052447163601018795,0.5060898241917845,0.300917484194717,0.1405455280124796
24114,0.21892009786167446,0.13987500551204798,0.308218080609436,0.3329868160168415
24115,0.025063675916112402,0.6221892081376422,0.17278011535522858,0.17996700059101672
24116,0.3713325577539011,0.1364725542056797,0.3218762831397352,0.17031860490068393
24117,0.5851215301487769,0.17364778998300825,0.07035978221175938,0.17087089765645552
24118,0.2025771724999216,0.17641476655094648,0.3964791716299044,0.22452888931922757
24119,0.16608036499440168,0.6487083377421966,0.03884744097343601,0.14636385628996565
24120,0.07252943757124596,0.5663944334249708,0.08464732845737723,0.2764288005464061
24121,0.6309024539162758,0.13657649329857627,0.0881697559894808,0.1443512967956671
24122,0.04198020682607448,0.427217164272145,0.33621906915133853,0.19458355975044206
24123,0.14800195803137095,0.1376127438382325,0.12170452967832555,0.592680768452071
24124,0.21162295321625382,0.43913660351109207,0.08685970599428121,0.2623807372783729
24125,0.051266063570341774,0.0669006943928063,0.5716397690469651,0.31019347298988675
24126,0.05772032995459025,0.33542645911133573,0.39066453393947376,0.2161886769946003
24127,0.3011343625095425,0.42573376887431735,0.12268792014392146,0.15044394847221873
24128,0.251715914257475,0.15505907084006001,0.04254560460353747,0.5506794102989274
24129,0.4153424277822147,0.20165590474724637,0.12932309281792773,0.2536785746526112
24130,0.19942982315882204,0.35616106259556807,0.03665721490782314,0.4077518993377868
24131,0.1662848644595742,0.629198596555856,0.1245002156577821,0.0800163233267878
24132,0.17844236568700925,0.7476290961337729,0.025944562218831388,0.04798397596038647
24133,0.3932751401306864,0.33329943286558356,0.1985981926039243,0.0748272343998056
24134,0.30434301804675973,0.5139783585421749,0.15952985166458267,0.022148771746482665
24135,0.2739712198254512,0.11943439660766737,0.5106579012416889,0.09593648232519253
24136,0.16014243847028242,0.3072455385993318,0.48838025316682054,0.04423176976356514
24137,0.03714618225610338,0.9138683786064541,0.01684238889918788,0.03214305023825457
24138,0.7712110712425202,0.10730816177473958,0.03693972614659258,0.08454104083614764
24139,0.2769883585903091,0.09389421621215553,0.5841772892080216,0.04494013598951383
24140,0.6572075533561631,0.208022001285612,0.07301098379192746,0.0617594615662975
24141,0.21591104104807432,0.5836743522505283,0.04057985613470495,0.15983475056669244
24142,0.1791369547811021,0.3463536702167268,0.3831534364699319,0.09135593853223928
24143,0.2760006109785268,0.4689131326989296,0.223593095598198,0.03149316072434562
24144,0.32003012730770697,0.4177594978105529,0.13076945646216587,0.13144091841957417
24145,0.16299220562966654,0.5199783445749858,0.2752214252520664,0.04180802454328125
24146,0.09012817858399175,0.3005083395337923,0.48540526355718505,0.12395821832503086
24147,0.1859959995183931,0.5956789324106435,0.17436750061753978,0.0439575674534235
24148,0.15697352393429442,0.7046719603699788,0.045558615332311966,0.09279590036341494
24149,0.0473982696429371,0.17866667315248025,0.7184319482281867,0.055503108976395925
24150,0.31053470213177997,0.3470924594743121,0.14501484547794433,0.19735799291596356
24151,0.2257628278460449,0.4708563320064102,0.19058415509606047,0.11279668505148449
24152,0.04031108975335651,0.4911572513655262,0.26834722139043593,0.2001844374906813
24153,0.046506562545309826,0.09226709964273498,0.5701249041000672,0.2911014337118879
24154,0.2667198713088034,0.06845021798805759,0.4866402419980341,0.178189668705105
24155,0.05249309031983374,0.16465907092501156,0.549863512309425,0.23298432644572972
24156,0.06536193090632529,0.2818648330737834,0.36904876881587967,0.28372446720401173
24157,0.15949583215362467,0.2685067758960953,0.08548447173519863,0.48651292021508147
24158,0.41431396235305473,0.2333320391938027,0.1960449470135736,0.1563090514395689
24159,0.1371889042490522,0.18686870955534993,0.25417189596432865,0.4217704902312692
24160,0.30735273479971426,0.23377885015869698,0.062269474948277004,0.3965989400933117
24161,0.21568957013907777,0.5850562701413529,0.08082951928532021,0.11842464043424908
24162,0.358458595347644,0.39580213224994365,0.06198246074097594,0.18375681166143645
24163,0.10433460719166103,0.4474230991678659,0.2855045906784748,0.16273770296199833
24164,0.2369952617981345,0.42480033422513985,0.2541675530492414,0.08403685092748418
24165,0.11398677774141877,0.20402655302259126,0.09624337539228822,0.5857432938437018
24166,0.07616603490535122,0.2655662929906957,0.19839359963759917,0.4598740724663539
24167,0.044875288255713304,0.45586980028704277,0.35224217845398237,0.14701273300326156
24168,0.5402064938690773,0.059748768370928206,0.16808997015988436,0.23195476760011016
24169,0.16195887045781357,0.13848277763358016,0.545166955407035,0.15439139650157127
24170,0.054616607130664324,0.41180695331463224,0.48606201312020364,0.04751442643449966
24171,0.06346512480490629,0.6108691238713323,0.25537356252545135,0.07029218879830999
24172,0.1742874193794184,0.11842065767107433,0.6088070642666322,0.09848485868287496
24173,0.3300100361275808,0.4933421280619927,0.1050150403728305,0.07163279543759615
24174,0.16436202224886623,0.7506126300573418,0.0383838061881497,0.04664154150564225
24175,0.275194730942207,0.575101188659159,0.09266785127933645,0.05703622911929753
24176,0.16776032344926547,0.18705658870355046,0.5433516383849064,0.10183144946227767
24177,0.7475941522008285,0.14893982949536072,0.03275238706373327,0.07071363124007746
24178,0.40306477728686096,0.15172613650640843,0.23972109496123778,0.20548799124549275
24179,0.035232208681994386,0.6485647145166843,0.2868806785235501,0.029322398277771392
24180,0.3209135948397694,0.2079678584911506,0.19969124844895905,0.27142729822012085
24181,0.07178088578302763,0.6356246804684059,0.16390255965815279,0.12869187409041366
24182,0.1076719945553436,0.3152802254227877,0.5242369096262554,0.052810870395613434
24183,0.5809457567004931,0.29671091193104493,0.06752234690147159,0.05482098446699049
24184,0.25120916773417956,0.5377416668415145,0.1781458299627684,0.032903335461537564
24185,0.3027198297037972,0.4732679896967332,0.17295664159954394,0.05105553899992579
24186,0.04279607780204231,0.5122504128056357,0.3362719970006437,0.10868151239167832
24187,0.556405727814467,0.23569173148991696,0.09720646266159634,0.11069607803401982
24188,0.032629143442863745,0.4677492034548885,0.4071327383900137,0.09248891471223411
24189,0.15035076022631896,0.4486233407622288,0.2370286565944888,0.16399724241696337
24190,0.07841025433723008,0.39380807463577566,0.38951407013826866,0.13826760088872567
24191,0.05854769756515438,0.13265380593993142,0.7264599630590359,0.08233853343587831
24192,0.476923910970679,0.2640832345101067,0.10288675769943284,0.15610609681978163
24193,0.12184668402478864,0.12890847969793412,0.6426220775950251,0.10662275868225203
24194,0.1181092914667612,0.6224003044336754,0.06511516779017855,0.19437523630938486
24195,0.4818060673443704,0.09711939066271517,0.19754855504026725,0.22352598695264717
24196,0.7918737238970508,0.04101559608527797,0.10474970547331318,0.062360974544357926
24197,0.11953073039816085,0.3694547648118895,0.11546849089228536,0.39554601389766425
24198,0.7344790117505295,0.1272787648534008,0.054480003104843105,0.08376222029122643
24199,0.264013781693626,0.5534805240755974,0.06810178217874717,0.1144039120520294
24200,0.2582846423562733,0.22681666861356933,0.3170204153265201,0.19787827370363728
24201,0.44588868179499164,0.33503830891402836,0.16764836060113664,0.051424648689843394
24202,0.14077379541950244,0.08666660376985216,0.6663979522911418,0.10616164851950351
24203,0.369586924375467,0.349539287655147,0.2203775228774071,0.060496265091978904
24204,0.03317410575519235,0.6837735332167684,0.1863378774347156,0.0967144835933235
24205,0.2091233624080195,0.5412287715295542,0.17403324603639578,0.07561462002603048
24206,0.16948436851244736,0.08077745173234396,0.6923911952830623,0.0573469844721464
24207,0.49064655049355677,0.11357378347745196,0.1839129457014664,0.21186672032752493
24208,0.17771086684910034,0.530732356274014,0.07869746144109552,0.21285931543579018
24209,0.142281045288133,0.44571381693448003,0.2622121892382615,0.14979294853912545
24210,0.11967025913745527,0.12711546198961354,0.32254381875654553,0.4306704601163856
24211,0.07299909920432056,0.18884930154436413,0.3846840656068001,0.3534675336445152
24212,0.28929750022732853,0.0847783733776638,0.19266884495812125,0.43325528143688635
24213,0.03279798048003373,0.10797436210533527,0.6452092460354992,0.21401841137913183
24214,0.09587191626563046,0.07962187133911876,0.45880138180471697,0.36570483059053377
24215,0.07753942121428095,0.1461014387380808,0.5650975305410569,0.2112616095065814
24216,0.16744562164524898,0.2302992046465848,0.35907919246869463,0.24317598123947157
24217,0.14255812631684317,0.3652155957980737,0.13544116815733476,0.3567851097277483
24218,0.1534208186898044,0.10950082636703327,0.3454848238942374,0.39159353104892486
24219,0.23516647919873745,0.21235909365199115,0.35022464396460606,0.20224978318466535
24220,0.14640310785994637,0.322377631033559,0.2032297332279501,0.3279895278785445
24221,0.20844125941640626,0.42227059592219274,0.2558851810229919,0.11340296363840911
24222,0.5202841710297462,0.15371779567260255,0.17949272713338646,0.1465053061642649
24223,0.3857814762165663,0.12919672772254656,0.10884525390926768,0.37617654215161944
24224,0.10362647600960845,0.156776347933849,0.32580726936044574,0.4137899066960967
24225,0.24410246271600466,0.3623033504948355,0.1411426751724518,0.25245151161670815
24226,0.3220884268894236,0.044464518952467134,0.5129932512014614,0.12045380295664784
24227,0.22883851537526406,0.24775360989975076,0.4430297874556327,0.08037808726935243
24228,0.216418987297007,0.48208007045612555,0.10512616901363409,0.19637477323323332
24229,0.2104204791714317,0.5516528783180601,0.13533215238190133,0.10259449012860702
24230,0.1253553828540925,0.5372534994870152,0.15171404568653624,0.18567707197235603
24231,0.2808138038210745,0.2326759654778666,0.38763777053322357,0.09887246016783545
24232,0.061222796031422916,0.6294832590015665,0.12721914158756958,0.18207480337944085
24233,0.33823648775476833,0.35806189790722975,0.13209452893551923,0.17160708540248262
24234,0.06989403337718077,0.2247369936434592,0.6349554883527738,0.07041348462658617
24235,0.698449788845326,0.18665154246273366,0.045930007813107764,0.06896866087883234
24236,0.08154748041128387,0.2063481650454748,0.6815351772641226,0.03056917727911872
24237,0.49215806337181833,0.09412914650070903,0.22058146789612285,0.1931313222313499
24238,0.05933250174520612,0.39232053594388155,0.41697389207861774,0.1313730702322946
24239,0.37872872230128934,0.3229542645422426,0.2151096122206242,0.0832074009358437
24240,0.2117753424942516,0.5167354431919448,0.13718340587001956,0.1343058084437839
24241,0.12121438133211379,0.17264353697472856,0.37561160408949246,0.33053047760366516
24242,0.40140102240820635,0.2247161893430177,0.28820981331455803,0.08567297493421792
24243,0.10221299832748573,0.6201747752380763,0.16496665552095097,0.1126455709134871
24244,0.36717351564035794,0.08700409563515778,0.43128575410267067,0.11453663462181363
24245,0.05801104296568803,0.2601776375013064,0.6211984704129196,0.06061284912008587
24246,0.24547565328440524,0.3249544406717679,0.33605889090037966,0.09351101514344724
24247,0.27978890787929916,0.029127546159793297,0.634937146166114,0.05614639979479358
24248,0.4507471675198103,0.09106416403547216,0.20129580536126013,0.2568928630834573
24249,0.43160732525196116,0.4698834408539218,0.02498957942014533,0.0735196544739717
24250,0.24755897978415478,0.37597971354876875,0.17776854164876515,0.1986927650183113
24251,0.11527964051148032,0.5463249674322531,0.17957521628215367,0.15882017577411284
24252,0.2389186211205145,0.3477421974826483,0.16135486477026903,0.25198431662656823
24253,0.0741722735174966,0.11496332798402475,0.6882189164350857,0.12264548206339282
24254,0.3909755803812154,0.11083878421189318,0.4023034416382446,0.09588219376864686
24255,0.0711908592986741,0.44655781018980484,0.34844705867575654,0.13380427183576443
24256,0.19340356538688583,0.21516164710490546,0.3788127216504344,0.21262206585777435
24257,0.3277768013094068,0.22994950478662693,0.3689638145384231,0.07330987936554322
24258,0.606348404735193,0.18075397781793104,0.07246445383012284,0.14043316361675307
24259,0.17023639112175665,0.33296831267107635,0.22679204992295535,0.2700032462842116
24260,0.2890668747705061,0.43019738746131003,0.1710384224633322,0.10969731530485173
24261,0.549136085516493,0.06755263924734968,0.17500326992017723,0.20830800531598023
24262,0.45959500034894785,0.08813667074675523,0.3745343549325954,0.07773397397170151
24263,0.4561696926595893,0.19705061207333313,0.2292196469210859,0.11756004834599183
24264,0.017672710483190947,0.9330406139719544,0.02727329519257493,0.0220133803522798
24265,0.2185294362178807,0.7436542850193933,0.008800521376614454,0.02901575738611153
24266,0.051992196520923836,0.4143869465823647,0.3154836617270497,0.21813719516966187
24267,0.1804480274084885,0.717767352119427,0.05398400268812141,0.047800617783963086
24268,0.1387703580925532,0.6761952679400011,0.08847345386957012,0.09656092009787558
24269,0.0528711413250801,0.8414710780533253,0.07207024346408343,0.033587537157511144
24270,0.14350746341851625,0.7805799860964193,0.04191953325730084,0.03399301722776354
24271,0.03222834721516429,0.8059487988297273,0.11669760818657426,0.04512524576853436
24272,0.05413733454784597,0.7237186837938406,0.13426433992594086,0.08787964173237243
24273,0.279999018420941,0.5848275041742952,0.06383096480558155,0.0713425125991822
24274,0.18767143157295774,0.28378757594730925,0.40180168671154903,0.12673930576818407
24275,0.04790293044964888,0.6682651245868645,0.20534422527905624,0.07848771968443033
24276,0.6257326376248645,0.2368468754999079,0.0697168892574241,0.06770359761780341
24277,0.04131770847448212,0.8713223769583024,0.07084943443854987,0.016510480128665624
24278,0.17921174560022263,0.6736901660932559,0.05914148436974754,0.08795660393677379
24279,0.33223733884525347,0.4028314516280963,0.17703378699508426,0.08789742253156596
24280,0.060760843334809,0.3883050081474531,0.48713164896770234,0.0638024995500357
24281,0.4993226176903002,0.4092600241973871,0.021339532712276316,0.07007782540003658
24282,0.08335076880589631,0.7342133399558454,0.07660711659158512,0.10582877464667324
24283,0.2884332134182894,0.4302138976655192,0.16872631271623054,0.11262657619996069
24284,0.12154612507735146,0.14215107853431075,0.6785153280156078,0.0577874683727302
24285,0.027707713695466454,0.7202089184206616,0.16213575478762196,0.08994761309625006
24286,0.11155473652069463,0.04535612583388463,0.7720255641637871,0.07106357348163365
24287,0.1596142309298361,0.6714914853914278,0.0420454315556459,0.1268488521230902
24288,0.06208741195097657,0.7032025686332635,0.14783542720187884,0.08687459221388114
24289,0.04490321306416368,0.46882761266718737,0.4149753450425282,0.07129382922612082
24290,0.2618668653466329,0.3964024405009875,0.19206392194103766,0.14966677221134186
24291,0.2714574620983225,0.11264609069215144,0.4512351957114741,0.164661251498052
24292,0.10434059216525775,0.09239005935404389,0.6465025242777099,0.1567668242029885
24293,0.2641992320617289,0.4468296099994243,0.25819941792712703,0.03077174001171985
24294,0.3996650875120386,0.46100062209249076,0.07204098163276337,0.06729330876270707
24295,0.11893592747847796,0.4613880580568809,0.3456811525118035,0.07399486195283772
24296,0.3596907345151657,0.41771582751557584,0.07341289886641608,0.14918053910284243
24297,0.6491945840906882,0.12155844227950825,0.13344392043200026,0.09580305319780336
24298,0.3167138806408804,0.41973513183949485,0.22069135493322167,0.0428596325864031
24299,0.3399802831468343,0.2395821025159359,0.19931422257508466,0.22112339176214532
24300,0.3667401068426438,0.22749343807338204,0.26667534920198405,0.1390911058819902
24301,0.1738586328727945,0.13187791357914222,0.507956071998475,0.18630738154958829
24302,0.5421539472436491,0.25648235511473466,0.10275025307312267,0.09861344456849358
24303,0.32864744559587433,0.3341054927522128,0.10861027489386815,0.22863678675804466
24304,0.12424998896206482,0.16323268785446549,0.36923884243700905,0.3432784807464607
24305,0.26517405699067853,0.505020731486501,0.05837481583062801,0.1714303956921924
24306,0.27760181257642713,0.14636552627185917,0.16248624441932452,0.4135464167323893
24307,0.7058582316451352,0.1164163956922507,0.04262459532739776,0.1351007773352164
24308,0.3579925844910445,0.10056324070013582,0.3438650731843849,0.1975791016244349
24309,0.036335858378048244,0.2487199156198649,0.5668220032538817,0.1481222227482052
24310,0.1457530735044165,0.6573764870906151,0.1035711114197722,0.0932993279851962
24311,0.1747523382352577,0.4114308706725464,0.1879976811794502,0.22581910991274567
24312,0.4111248800653806,0.17178976714100275,0.1726703293227159,0.24441502347090074
24313,0.5708429937239867,0.13724807946115603,0.08788041281397158,0.20402851400088576
24314,0.04290939235094894,0.7749474484106861,0.04173082952288942,0.1404123297154755
24315,0.3489476279876607,0.4326583132155247,0.12679287310308604,0.09160118569372856
24316,0.6305372216218672,0.1099286212621024,0.08568049821310914,0.1738536589029213
24317,0.20361555971632464,0.5735827318540467,0.11741569050194925,0.10538601792767947
24318,0.12345564397378163,0.12292665750706722,0.6309065996466905,0.12271109887246062
24319,0.3285339017587222,0.09982153359783151,0.5045679008774758,0.0670766637659704
24320,0.08547478202492453,0.2920096005322635,0.2718023528368701,0.3507132646059418
24321,0.4689665467795039,0.08456175214349777,0.02396065239383541,0.422511048683163
24322,0.32740457237314385,0.25240354294296635,0.10859184350150977,0.31160004118238005
24323,0.11848279676748513,0.038308613121184,0.45254923877386294,0.39065935133746804
24324,0.16107703795530226,0.10367673448769857,0.18559013134572414,0.549656096211275
24325,0.24889910493794598,0.16141570915065773,0.020222440698177233,0.5694627452132192
24326,0.08554689119961756,0.1478067417479992,0.2828143571702621,0.4838320098821211
24327,0.1335387035273611,0.2862079670097231,0.18645194695765516,0.3938013825052607
24328,0.0790307956396077,0.09192949949459828,0.2179447820214592,0.6110949228443348
24329,0.1693431857812659,0.4940852599588134,0.028542098142008695,0.308029456117912
24330,0.4018826538859248,0.03612708583200081,0.15074848048139497,0.4112417798006794
24331,0.05174099336432358,0.16240534882873509,0.1910969012087422,0.5947567565981993
24332,0.4687767275877987,0.18776600692764456,0.13805785313846627,0.20539941234609052
24333,0.37092408869131754,0.18068093606440805,0.028871710934584193,0.4195232643096903
24334,0.36649994850773754,0.21931203797010887,0.06526385761327416,0.34892415590887954
24335,0.0879382994400534,0.3787793218455598,0.029376767346415922,0.503905611367971
24336,0.08942232841684995,0.2902537762459986,0.12773282505326355,0.49259107028388793
24337,0.419483208195704,0.05230022953930722,0.2475994097117637,0.2806171525532252
24338,0.49979240500296446,0.03361104326097132,0.09056898353609186,0.37602756819997246
24339,0.30912498725035253,0.3082413330240191,0.012053649411608887,0.37058003031401937
24340,0.22562127583444322,0.3864245395004927,0.048340329597797736,0.3396138550672664
24341,0.550611975698636,0.0490365515469628,0.183020929168357,0.21733054358604417
24342,0.48313103893666576,0.20305860598241884,0.06468023923940555,0.24913011584150999
24343,0.07333982418112156,0.29824159568911196,0.09233355237570985,0.5360850277540566
24344,0.03810694605208803,0.06257429696955992,0.5603651410066108,0.33895361597174134
24345,0.12256092657665127,0.05093556224542535,0.30327977201750417,0.5232237391604192
24346,0.27576090822677257,0.08909048416435418,0.3388053967475332,0.2963432108613401
24347,0.1263126058478298,0.4468760040744974,0.17385676850194548,0.2529546215757273
24348,0.5587401594199058,0.03365148849499946,0.22070487883172368,0.18690347325337103
24349,0.4052111896999868,0.18732794094271749,0.08858630808061616,0.31887456127667946
24350,0.04918094332286032,0.2420967503080034,0.3863300039366362,0.3223923024325002
24351,0.552271402552467,0.0637236307431039,0.057534239938505,0.32647072676592404
24352,0.047704767253289475,0.5106438463758884,0.1498992533054334,0.2917521330653887
24353,0.2821401116287347,0.14318016947622061,0.23027056397854842,0.3444091549164963
24354,0.06507668386034526,0.3704676875214276,0.15457664720303416,0.4098789814151929
24355,0.25725180224026023,0.08873965698989693,0.44633076035230085,0.20767778041754192
24356,0.058299451276541056,0.1017990885755826,0.045883455790447225,0.7940180043574292
24357,0.5004653476153187,0.26230471856411136,0.03851517475281306,0.19871475906775685
24358,0.4009368237764895,0.09093243009554136,0.05271846877087645,0.45541227735709255
24359,0.16391747824143535,0.6764855889526169,0.04230880361335069,0.11728812919259698
24360,0.06474179188420097,0.3074987279615854,0.4287568519204906,0.19900262823372308
24361,0.3214754991782658,0.2906251642121466,0.09594727372486243,0.29195206288472514
24362,0.6597270999078856,0.02743944952978564,0.23266820119214254,0.0801652493701862
24363,0.0956701856146376,0.0774030917910444,0.6513510103940073,0.17557571220031062
24364,0.060124767305105485,0.6121959784431955,0.24215577411416198,0.08552348013753695
24365,0.4679613807429564,0.1846304522947712,0.13463454228263927,0.21277362467963304
24366,0.12046335396615894,0.31946468329239375,0.3480663049538356,0.21200565778761168
24367,0.20868232391092265,0.23742574553883275,0.11437070948354841,0.43952122106669606
24368,0.07144255481324017,0.3390569013953512,0.4727046847514456,0.11679585903996294
24369,0.4195046442447521,0.356216682204163,0.13033502999116403,0.09394364355992095
24370,0.055863731421004176,0.3635792744965128,0.48345456330927705,0.09710243077320603
24371,0.39241254746193865,0.20862109567186493,0.31272587863389134,0.086240478232305115
24372,0.1215465965853822,0.10543308947652913,0.5091058645548877,0.263914449383201
24373,0.33139843875722946,0.41761386311060283,0.19519341912727908,0.05579427900488865
24374,0.3639187727641229,0.1371688954139325,0.3528694743407712,0.14604285748117352
24375,0.15655730528781234,0.08658291868353522,0.5181498090537292,0.23870996697492322
24376,0.1698515240873445,0.17712952083522915,0.5731652586527556,0.07985369642467069
24377,0.12167683519357492,0.4305473760037159,0.35260588709945734,0.09516990170325162
24378,0.03581448045285988,0.6715383513147452,0.04672539417743905,0.24592177405495583
24379,0.07225567182789581,0.47434253158774786,0.24561134662621822,0.20779044995813803
24380,0.12436258883352594,0.3011713168685607,0.13663079548625348,0.4378352988116599
24381,0.3890955740650646,0.23769482028407043,0.1490251215184786,0.2241844841323863
24382,0.4194388321811165,0.19731640899696112,0.2778160666012499,0.10542869222067257
24383,0.08473250219251725,0.06937111797290807,0.672133316542146,0.17376306329242866
24384,0.12965457268598332,0.22250420788801972,0.5097090595695705,0.13813215985642655
24385,0.5724382780529289,0.07957690657869163,0.21932939460349782,0.12865542076488162
24386,0.07724422537158442,0.16857956163136628,0.5580224027507137,0.1961538102463355
24387,0.5037449062773401,0.10637339963911356,0.17363606515297653,0.21624562893056976
24388,0.3853353090417159,0.11365865635252301,0.24682887199246512,0.254177162613296
24389,0.3818157716036513,0.12152787847929866,0.321526074103687,0.17513027581336302
24390,0.4458378045288179,0.12926527406295046,0.3329956342382744,0.09190128716995719
24391,0.11575584214717767,0.21839245113176403,0.11874323069850415,0.5471084760225542
24392,0.05454490073047174,0.3431735410412177,0.38554532781732215,0.2167362304109884
24393,0.046772687224155514,0.08925036640415801,0.7170136959920911,0.14696325037959537
24394,0.08269123430316362,0.6528026969711637,0.1650016820367723,0.09950438668890052
24395,0.30389677356176,0.19195160328432917,0.44529344758860706,0.05885817556530381
24396,0.5098730822763523,0.23509378334653472,0.058884692224976706,0.19614844215213628
24397,0.08071047808264298,0.19781423719519206,0.5402386918147855,0.18123659290737956
24398,0.4654291785922587,0.352513646130311,0.11308094107446305,0.06897623420296711
24399,0.08992674812819285,0.4611903509325793,0.11141613539598223,0.3374667655432456
24400,0.07494032867678942,0.18109341503270096,0.5351911725528917,0.20877508373761786
24401,0.40176431233744325,0.16480013963818638,0.19578243632184594,0.23765311170252443
24402,0.17891579316838224,0.0639356375657609,0.6795780488601125,0.07757052040574418
24403,0.07758577835456765,0.26189226589930303,0.5650461916150429,0.09547576413108635
24404,0.021080684442176874,0.1847952644672092,0.69426464279328,0.09985940829733386
24405,0.182997862128177,0.3773439409620853,0.3480734979511602,0.09158469895857749
24406,0.6208753984844241,0.2700554298891187,0.04781801776389058,0.06125115386256664
24407,0.03443274937165369,0.6198456753561827,0.2807779235170663,0.06494365175509728
24408,0.3205030052549365,0.40916518053420964,0.1183546183527846,0.15197719585806918
24409,0.379652869587407,0.26611785077204675,0.09130983938210115,0.26291944025844505
24410,0.24126462418280295,0.49219765299424906,0.07374764049465557,0.19279008232829245
24411,0.11199381178628398,0.5274764034279662,0.311074236512915,0.04945554827283484
24412,0.5935579497239061,0.29167590218338446,0.04943703368164839,0.06532911441106108
24413,0.6638039527819637,0.08251705887411707,0.1876262127412646,0.06605277560265463
24414,0.04542253561600599,0.8150120853184464,0.0391395030111765,0.10042587605437121
24415,0.45781507713860686,0.127008177456849,0.3331997480693066,0.08197699733523751
24416,0.3323331952823542,0.13388488791721506,0.09081775830463519,0.44296415849579557
24417,0.1031899164535555,0.10912203419080864,0.1842704678666745,0.6034175814889614
24418,0.05701606094661919,0.11230969655551946,0.060618882045021215,0.7700553604528401
24419,0.19197694622426134,0.3553489808164841,0.1996191923876719,0.2530548805715827
24420,0.06823628570930568,0.4616800613585575,0.1512946531202792,0.3187889998118577
24421,0.12143285343030916,0.0749541056019911,0.05679822681967822,0.7468148141480214
24422,0.3247748615137584,0.1251857829660097,0.03498277396852881,0.515056581551703
24423,0.053642842297679856,0.4460756013337206,0.059169750297619055,0.44111180607098066
24424,0.06840782061826818,0.17588399522552634,0.31537553290115605,0.4403326512550494
24425,0.05823432134077821,0.0674422508763674,0.09012786300632958,0.784195564776525
24426,0.3227859191384187,0.23364259679076882,0.035703145314064606,0.4078683387567477
24427,0.049232747196895646,0.08930933169249677,0.5831960758826187,0.27826184522798886
24428,0.2043714637407306,0.47749518318493006,0.021332960858345656,0.29680039221599375
24429,0.0781621930867901,0.598422024010998,0.04043261459773508,0.28298316830447684
24430,0.04625161287953441,0.08134137154279901,0.04591883949050882,0.8264881760871577
24431,0.1444095876883577,0.3811443150963159,0.1632033125671925,0.3112427846481339
24432,0.04397432913068269,0.363784628027113,0.16338178539826656,0.42885925744393777
24433,0.06544061455717178,0.13769029449272177,0.07518170637192098,0.7216873845781854
24434,0.17196208272262933,0.29754940163130367,0.25930727178403834,0.27118124386202863
24435,0.4164403869783016,0.27185542804351503,0.18843682455744457,0.12326736042073874
24436,0.28734502621601754,0.12789784631365947,0.3343485936064817,0.25040853386384115
24437,0.34293334173318823,0.28619625527971804,0.11834036208425398,0.2525300409028398
24438,0.5430601564496923,0.17655271399844896,0.1946508180488137,0.08573631150304507
24439,0.21110951668360486,0.050683856657625544,0.6078184496474321,0.13038817701133754
24440,0.06272080011596816,0.6255013313728639,0.08218562162473586,0.229592246886432
24441,0.6093013420871082,0.15743312408323726,0.04073343462539641,0.19253209920425804
24442,0.5474320375318258,0.1600105608006314,0.16305352225456926,0.12950387941297345
24443,0.23116584250515168,0.23636473159329183,0.45694337979234834,0.07552604610920804
24444,0.10473803308810194,0.3564493885791851,0.371163852376481,0.1676487259562321
24445,0.314196828853893,0.20502900010317837,0.27785325723682325,0.20292091380610536
24446,0.28737023104049997,0.11460854771031087,0.1726502599570997,0.4253709612920894
24447,0.215722874663621,0.5842234495577078,0.0748091543630911,0.12524452141558004
24448,0.2171313176361577,0.46437877245806364,0.14454130956090164,0.17394860034487708
24449,0.3231210588138325,0.06351154593397645,0.3205888616708838,0.29277853358130723
24450,0.12690810774220662,0.12671000493512014,0.4002764208151469,0.34610546650752644
24451,0.06321333880620186,0.15897606791442687,0.39488197997455177,0.38292861330481937
24452,0.15916191556004883,0.06290168872563105,0.47168807309720473,0.3062483226171154
24453,0.3033284266299056,0.05991260570653637,0.5658937085960728,0.07086525906748534
24454,0.20467675772914876,0.4201904087287964,0.12101282249617545,0.2541200110458793
24455,0.19484728619750688,0.10535818376201143,0.46758548813841205,0.2322090419020697
24456,0.06661802393478046,0.31037134879108047,0.20931327258895518,0.413697354685184
24457,0.2523201872235777,0.07385626039194632,0.2530762130279719,0.4207473393565041
24458,0.06261347066054412,0.39023330822424085,0.0978216496863783,0.4493315714288369
24459,0.12469940132544474,0.29328406994988676,0.3895246654729248,0.1924918632517437
24460,0.07446839100727555,0.27567091856759,0.2397332079386668,0.41012748248646763
24461,0.03889375579048941,0.09542381643196038,0.4815634548592528,0.3841189729182974
24462,0.10812550064019297,0.4473659995301145,0.10473167962770072,0.3397768202019918
24463,0.2870108784930141,0.48269951026483554,0.11336828592155328,0.11692132532059711
24464,0.2225525721754847,0.250780799505147,0.2743114033474975,0.2523552249718709
24465,0.08712809978291812,0.655664020963252,0.026009053493176726,0.23119882576065315
24466,0.34405895798730446,0.40594506194824714,0.06779992150409084,0.18219605856035773
24467,0.12792843361686038,0.524713257289827,0.032046657828698734,0.31531165126461375
24468,0.03033331669816045,0.5470238565836314,0.19653535445425283,0.22610747226395525
24469,0.1292568046157976,0.5182827471999282,0.04041749708463529,0.3120429510996388
24470,0.16204824571412424,0.2312290594854102,0.08892151604126236,0.5178011787592033
24471,0.12585685383158876,0.6234660139184418,0.08547621718903686,0.16520091506093268
24472,0.339998819374335,0.18673357675434785,0.2889037158326318,0.1843638880386854
24473,0.15876236462365964,0.1510974010754607,0.435684212027264,0.2544560222736156
24474,0.810242390170635,0.09170696775163543,0.016120519509017574,0.08193012256871199
24475,0.08505598082173951,0.39777488557053864,0.34198088487640843,0.17518824873131358
24476,0.149630659288977,0.5370002727096113,0.13514950438221116,0.17821956361920052
24477,0.042631102250083125,0.37644478826431144,0.4669226265509906,0.1140014829346149
24478,0.3076552706972687,0.12199728070176351,0.4765627545743191,0.09378469402664862
24479,0.15545200526602207,0.06024492517680456,0.5954428545396089,0.18886021501756445
24480,0.5026667414060484,0.1464826101169298,0.1377053349440796,0.2131453135329423
24481,0.3326063315638156,0.22427145722714067,0.23583462317574969,0.20728758803329408
24482,0.5757699187463031,0.08517924570392597,0.10126560765906846,0.23778522789070236
24483,0.7847564848528394,0.05173082659118176,0.052081136193153126,0.1114315523628258
24484,0.07534649822252451,0.12569343767791408,0.6972829669288237,0.1016770971707377
24485,0.45815772536450716,0.08597762774940723,0.36450921366112465,0.09135543322496092
24486,0.3583889171763594,0.3125095445612659,0.20301692116000836,0.12608461710236635
24487,0.07466957598516355,0.1171170949523841,0.6524754355661495,0.1557378934963029
24488,0.2520519808171783,0.6213821982170354,0.04769458425706594,0.0788712367087204
24489,0.19812686831687465,0.37141764092900775,0.3348467418012485,0.09560874895286904
24490,0.09832830522224341,0.30286010724438267,0.5141029873435717,0.08470860018980207
24491,0.17535473830955375,0.11783196400662285,0.17897917922497555,0.5278341184588479
24492,0.097965761941928,0.043571936883785,0.6440962565310449,0.2143660446432423
24493,0.02570615932447786,0.12311915355527515,0.745112358323219,0.10606232879702805
24494,0.020685695022262807,0.4642311500766473,0.3975984419700116,0.11748471293107834
24495,0.14279141806723772,0.44666737783420335,0.11871070574450254,0.29183049835405644
24496,0.15725331707981696,0.1767509595326683,0.31347240535727666,0.35252331803023806
24497,0.12070073888080274,0.02819466925561132,0.7298099513760626,0.12129464048752327
24498,0.2615669904492757,0.34469228490229337,0.30570403816783986,0.08803668648059096
24499,0.35705036206644164,0.05918300233099356,0.45931477176720725,0.12445186383535747
24500,0.08436173885038437,0.6276066628980942,0.09045972694334375,0.19757187130817774
24501,0.33847062236266406,0.35170610577343536,0.07967909321025286,0.23014417865364759
24502,0.6338303219475343,0.06007477381499005,0.11130395705789516,0.19479094717958043
24503,0.11360651785851088,0.0527386681676632,0.23464558293280954,0.5990092310410164
24504,0.11416600796761155,0.4301066140157527,0.1052598663875146,0.3504675116291213
24505,0.15690907129555107,0.26367104973521244,0.23215035893908828,0.34726952003014816
24506,0.0833964577144204,0.04086267687632321,0.7152253227659744,0.16051554264328208
24507,0.15199556556383048,0.17482255648929365,0.24233370463052714,0.43084817331634867
24508,0.452595474776394,0.08056896218089474,0.28554821360143007,0.18128734944128122
24509,0.2617693182533573,0.055237414025275745,0.45496559953506055,0.22802766818630635
24510,0.11408355656749852,0.11990055625421012,0.620058754334576,0.1459571328437154
24511,0.4696655472043495,0.332126658325132,0.07947504410248603,0.11873275036803227
24512,0.2458340146764051,0.14903459805205577,0.2883723301339205,0.31675905713761865
24513,0.48602666403845285,0.14662067448548524,0.1674197615885456,0.1999328998875162
24514,0.32159114151970897,0.4564972792852364,0.08396024715971849,0.13795133203533613
24515,0.32003324836623664,0.20583428099962803,0.2345036694265715,0.2396288012075638
24516,0.3225638308392572,0.20801667030148868,0.19547440383231696,0.2739450950269372
24517,0.4995123179009086,0.24752271157632066,0.1556808091994253,0.09728416132334544
24518,0.0699321674470621,0.13830303548892092,0.1790261552874706,0.6127386417765464
24519,0.12410176034859624,0.22988454520608992,0.5151182449827244,0.13089544946258935
24520,0.05345305510724297,0.3728006669162246,0.32543499204733617,0.24831128592919635
24521,0.16636709631039676,0.3432710089347101,0.13685155097082868,0.3535103437840645
24522,0.05609177747694654,0.1348976748307432,0.5837443455512717,0.22526620214103849
24523,0.04520083071162437,0.36607946631955535,0.38578907071003243,0.20293063225878796
24524,0.2762582172989198,0.13886066560704372,0.4036079692661857,0.1812731478278507
24525,0.15868549187234235,0.27330827112578077,0.09956155894431362,0.4684446780575632
24526,0.5214825321002577,0.12421370841992492,0.24428790730549296,0.1100158521743244
24527,0.19964342920066647,0.10826120663801668,0.37260793066105186,0.31948743350026504
24528,0.5915441538615985,0.25641112351366824,0.043232794518480125,0.10881192810625302
24529,0.21848935606385986,0.14192156115766472,0.2556581237916455,0.3839309589868299
24530,0.27632835160147745,0.2655014165950233,0.14090519969888948,0.31726503210460977
24531,0.04732772211011241,0.4293577963104861,0.3142792130256774,0.20903526855372415
24532,0.19203968854276554,0.2000255630175279,0.46406647022666775,0.14386827821303869
24533,0.24937875836197665,0.2737181524997208,0.09493540894560056,0.38196768019270194
24534,0.06042409782823124,0.40364708427315077,0.08846796552428444,0.4474608523743337
24535,0.6149566624062682,0.03412213041664709,0.1040620483558314,0.2468591588212532
24536,0.12949099619167184,0.2010728028148613,0.33858319012643545,0.33085301086703145
24537,0.39618452817455885,0.14252520305256242,0.10829851840057127,0.35299175037230734
24538,0.24338662929634755,0.5610848204699491,0.03676250132005552,0.15876604891364793
24539,0.37212773070725874,0.20287780251082638,0.063659906411175,0.36133456037073985
24540,0.440429659505561,0.13212888547610807,0.28236859539472114,0.14507285962360975
24541,0.42937127300617184,0.14589484807309758,0.203815464808018,0.22091841411271262
24542,0.14113216536340012,0.5000003549291939,0.10931865276571669,0.2495488269416893
24543,0.030140154501635093,0.13344044989146928,0.7162238187732379,0.12019557683365775
24544,0.24403999961562856,0.3460762194150454,0.281841241025086,0.12804253994424006
24545,0.2500942071576392,0.062647430593921,0.51564555661332,0.17161280563511982
24546,0.05820381306176249,0.5835227741229299,0.09728101922628724,0.26099239358902043
24547,0.39120289638316275,0.27377067556079937,0.049825599084236324,0.28520082897180166
24548,0.059775345298381896,0.2722485733195232,0.4035196212521095,0.2644564601299855
24549,0.5538935341623059,0.22560960130633975,0.08219571869107489,0.1383011458402794
24550,0.09906484347663004,0.5089308683371622,0.3104738045750234,0.08153048361118444
24551,0.0738949504357887,0.48549722030108416,0.11724279503786902,0.32336503422525803
24552,0.06392524095838198,0.3383163850841768,0.13324194400724468,0.46451642995019665
24553,0.37259363392948264,0.13121348549018894,0.28476880660023446,0.2114240739800941
24554,0.32858337075866184,0.11844827467072036,0.2994773193706678,0.2534910351999501
24555,0.17106315295702473,0.6187753769802357,0.0727818309087883,0.13737963915395132
24556,0.5599302735775367,0.1932808247435944,0.039565194054131066,0.20722370762473794
24557,0.15948263642928925,0.26672038865431336,0.38018134095255646,0.19361563396384088
24558,0.11340658934781839,0.5899779911882046,0.08591965442970702,0.21069576503426993
24559,0.05870497509392034,0.712311602336583,0.11824264589392075,0.11074077667557591
24560,0.07678830003580397,0.41068174628203896,0.19887070016089875,0.31365925352125823
24561,0.19851734839631913,0.2948439960948528,0.18923777472481218,0.31740088078401596
24562,0.45232231222066804,0.23462732744947595,0.18425808074758485,0.12879227958227119
24563,0.027988181411997055,0.5884913489823672,0.12405409476619798,0.25946637483943785
24564,0.07954346822279122,0.4784326747479945,0.07705459837992269,0.3649692586492916
24565,0.05720351028040375,0.3417080935086631,0.3900471121358884,0.2110412840750446
24566,0.1364342340059933,0.5963084365791195,0.07353723407829398,0.1937200953365932
24567,0.15087862224488732,0.30586434700393345,0.4377711486577721,0.10548588209340724
24568,0.3779061076673706,0.39549611567224524,0.07188237299493692,0.15471540366544714
24569,0.2675471885677474,0.17832885913261531,0.3253017547391189,0.22882219756051847
24570,0.04587907565020589,0.5854410373978968,0.1581472549789018,0.21053263197299554
24571,0.07226331272753134,0.38863085027271066,0.3221392272221295,0.21696660977762852
24572,0.31766078424265753,0.12182600486148318,0.3983335689321354,0.16217964196372392
24573,0.18697406068207073,0.22323218834957176,0.4530520581349977,0.13674169283335977
24574,0.06631193645037446,0.26644914300255734,0.569812090696609,0.09742682985045918
24575,0.17945051565414827,0.19357901049050352,0.22408291104728986,0.40288756280805826
24576,0.03839608846740937,0.28218739931162506,0.5484879632604868,0.13092854896047879
24577,0.06301871688517777,0.2516280606634949,0.519252728314498,0.16610049413682937
24578,0.24760368411361636,0.23802616082806813,0.3391441550616959,0.17522599999661964
24579,0.29126257995366744,0.4205104585377923,0.1611260653471865,0.12710089616135387
24580,0.13719072581429842,0.15682714211674237,0.4992758076029899,0.20670632446596932
24581,0.24179993018114465,0.060325870489468206,0.5394975597405454,0.15837663958884168
24582,0.04663004787864591,0.1362500138749708,0.7300713762081561,0.08704856203822722
24583,0.0538769562171008,0.239737926048984,0.5072508072546813,0.19913431047923374
24584,0.06691742207924561,0.06873034416030148,0.7423154528908686,0.12203678086958421
24585,0.17042788895728772,0.31200916231284626,0.0749387658226632,0.44262418290720296
24586,0.09469775829021851,0.2167907800674125,0.40855964018888735,0.27995182145348174
24587,0.4618047170957428,0.22103096934049996,0.25273789088220716,0.06442642268155005
24588,0.3742837658683624,0.05907321049054512,0.4559704984564378,0.11067252518465479
24589,0.09871043788750522,0.5199987778170735,0.3216522872221419,0.05963849707327927
24590,0.4462503075141447,0.37680189487228344,0.1173972743020186,0.05955052331155331
24591,0.5064317378563701,0.3192089827920034,0.09838947913915397,0.07596980021247252
24592,0.4087293009797064,0.3683418271886157,0.08188457763902358,0.14104429419265427
24593,0.6791994828346294,0.13764365079077925,0.05652661923187672,0.12663024714271456
24594,0.22481567213768316,0.1839298790905459,0.3733084231266518,0.21794602564511906
24595,0.12082380236779391,0.3681447279129908,0.4758231625384392,0.035208307180776124
24596,0.309531227527737,0.5058870898603697,0.06232661979189041,0.12225506282000276
24597,0.4726349612063975,0.37305248015006715,0.09322897704910173,0.06108358159443348
24598,0.6568449053214034,0.09042631221027615,0.0839459735908619,0.16878280887745867
24599,0.21355889313406004,0.26416599578990807,0.428118926390175,0.09415618468585688
24600,0.21541246141575082,0.34021813893371844,0.37583374269164893,0.06853565695888175
24601,0.06644921199474546,0.06552989792507181,0.7753796936042965,0.09264119647588616
24602,0.3952800647330599,0.4411559183239725,0.09219316598442356,0.07137085095854406
24603,0.10417861500584916,0.09784647640203896,0.5382850639815605,0.25968984461055145
24604,0.23899675702966872,0.2632963458639467,0.44420440217480744,0.05350249493157705
24605,0.5702363314530574,0.08458506991470363,0.19425419940608155,0.15092439922615739
24606,0.08539120785617307,0.36995262546760643,0.34958595288871336,0.1950702137875071
24607,0.6094265341718604,0.17879305500752685,0.06022089986346357,0.15155951095714904
24608,0.17597019671215053,0.3353380163105924,0.04981883979244784,0.4388729471848091
24609,0.5055969114134576,0.153840057080036,0.1723428736799133,0.16822015782659305
24610,0.08641907566064795,0.09552353846505708,0.13135864020314184,0.6866987456711531
24611,0.17733648580254724,0.14644783839443087,0.13796542864448233,0.5382502471585396
24612,0.15988247747681483,0.6016731984830332,0.036683531763332715,0.20176079227681923
24613,0.046749343025851146,0.27887919367457603,0.48269796240173113,0.19167350089784163
24614,0.05375950948040986,0.040710489642710276,0.5248906041350451,0.3806393967418347
24615,0.5081851120276233,0.15382945536239062,0.023804213826256054,0.31418121878373
24616,0.16598856593372868,0.08272984682457432,0.4110887127215134,0.34019287452018354
24617,0.2980113142596788,0.2353693351706478,0.33172334315819313,0.13489600741148022
24618,0.457683614787021,0.043343346096237474,0.3584904815471994,0.1404825575695421
24619,0.12967320032397667,0.3268758591172445,0.330594614405738,0.21285632615304084
24620,0.24929802279339539,0.17619126753786474,0.040789270255693275,0.5337214394130465
24621,0.11284249912414852,0.16525193625050116,0.41266066445537,0.30924490016998035
24622,0.07722354908997506,0.2982543260078115,0.2922310928131447,0.3322910320890688
24623,0.32415426640884565,0.0653445324833041,0.1960736765029037,0.4144275246049464
24624,0.4915775699303636,0.07170351005721692,0.2497053958834235,0.1870135241289958
24625,0.3559942473791812,0.05926520639073854,0.35359451716142504,0.23114602906865536
24626,0.4688329533828929,0.13265185027767065,0.07622791481545979,0.3222872815239767
24627,0.16303361954076026,0.2043259372881527,0.10249962736185059,0.5301408158092366
24628,0.6669524959819586,0.05606553322780842,0.03998658710953609,0.23699538368069686
24629,0.10229429082170323,0.48237312592768444,0.11041935477519524,0.3049132284754171
24630,0.1425089853285262,0.17764565035341442,0.34874007296746423,0.3311052913505952
24631,0.30039732173940314,0.1475861297771875,0.11963930236753227,0.432377246115877
24632,0.22891706207815682,0.270696363349023,0.14486229402842907,0.35552428054439117
24633,0.29119402726604615,0.05558912875207778,0.44597069076179474,0.2072461532200813
24634,0.2579585978427128,0.05694396872796464,0.4311573264763218,0.2539401069530008
24635,0.3249767023675949,0.15274238923772016,0.15916225105371756,0.3631186573409673
24636,0.23675551415564186,0.518136726717686,0.10144118748510021,0.1436665716415719
24637,0.2822535000976458,0.11704402621769053,0.3995713342983679,0.20113113938629568
24638,0.11591076436558592,0.5226498586855177,0.05830724433263817,0.3031321326162582
24639,0.29011801092427697,0.1887079189139946,0.17335097553978507,0.34782309462194333
24640,0.5282027811871253,0.13345842173674205,0.152889674671659,0.18544912240447367
24641,0.04391768926298031,0.7735634680106231,0.015429748072065177,0.16708909465433155
24642,0.19833260293173835,0.11339321351159283,0.3522400883500162,0.33603409520665267
24643,0.04147076134220054,0.07405966560706535,0.4404764668431902,0.44399310620754384
24644,0.1400531523093957,0.39450204136278333,0.12864742940731635,0.3367973769205046
24645,0.17726795867177314,0.5528913662752005,0.03162055291551319,0.2382201221375131
24646,0.31237394956559866,0.19707622325341614,0.19352828472830494,0.2970215424526802
24647,0.30637478003977037,0.3851730073825249,0.19702551538505034,0.11142669719265424
24648,0.1865246553519042,0.06053158760713566,0.42653257074149514,0.326411186299465
24649,0.13244991949506948,0.18916996733836952,0.49555766570542614,0.18282244746113488
24650,0.04133093280933501,0.7569479447273969,0.022990877872541015,0.17873024459072706
24651,0.5847360863336561,0.060567652080220954,0.03436142404168457,0.32033483754443853
24652,0.2150248017383887,0.054260928645549246,0.5563685207708505,0.1743457488452114
24653,0.5430216444459844,0.12795144845596107,0.07401055078499079,0.2550163563130637
24654,0.14403984721575705,0.2898676519888172,0.033213079500761696,0.532879421294664
24655,0.13137147730854232,0.18908498028044982,0.3447303044905258,0.33481323792048207
24656,0.26117317943645907,0.33031802306081526,0.2595779287239439,0.1489308687787817
24657,0.22096538707933908,0.21472423269110713,0.11077213979388174,0.45353824043567204
24658,0.14862512335860084,0.35296528244193315,0.3078920479309602,0.19051754626850567
24659,0.058952387329489854,0.14632504734284993,0.3895257076893712,0.40519685763828905
24660,0.17496718039023984,0.41714454854911787,0.20123771328855392,0.20665055777208843
24661,0.1306819618182249,0.4367144583609506,0.04653187953073019,0.3860717002900943
24662,0.035393389331974834,0.09931722096235095,0.6581670623441729,0.20712232736150138
24663,0.12830576652193226,0.3557271465064911,0.4630480836854777,0.05291900328609877
24664,0.08926200898265876,0.23189835808087728,0.5777968606342825,0.10104277230218148
24665,0.3987672552963784,0.120925547662539,0.4171674426865689,0.06313975435451383
24666,0.10702572361894189,0.7328206160214642,0.048923911742920094,0.11122974861667383
24667,0.04235920338693581,0.7306104445046724,0.1337083394418601,0.09332201266653177
24668,0.39587496087125096,0.04433902554940946,0.5179752396081407,0.04181077397119885
24669,0.1992562481969043,0.19829155189056666,0.49010970189808956,0.11234249801443949
24670,0.7616446503651421,0.061386811698610065,0.11972350875733481,0.057245029178912984
24671,0.10873408374496295,0.36309403240053983,0.504620488454418,0.023551395400079122
24672,0.09714406018368492,0.5237560123033679,0.3357473773957615,0.04335255011718558
24673,0.09502868975918823,0.04149184672167518,0.8172426138181677,0.04623684970096894
24674,0.09477500206698469,0.8054671346302104,0.04809808511921401,0.051659778183591014
24675,0.134677091003024,0.07636647685741903,0.7574207661099013,0.03153566602965562
24676,0.24777914799161066,0.6169794822412054,0.0765309588619365,0.05871041090524763
24677,0.10323173373990137,0.2096993965486997,0.5319099454698504,0.15515892424154853
24678,0.43784936829826815,0.2920052302268774,0.14886733688758888,0.12127806458726544
24679,0.20687393160914577,0.6653928158181267,0.04419308848883753,0.08354016408388983
24680,0.08355214224670894,0.6694636693801914,0.1344691124567215,0.11251507591637838
24681,0.512644019223898,0.31642403750298775,0.0514887440363174,0.1194431992367968
24682,0.5555299833546014,0.3920743389889978,0.00921995844181759,0.043175719214583255
24683,0.18155215658075116,0.30917127650279386,0.4116732597868724,0.09760330712958244
24684,0.09946372576491035,0.23467480290073695,0.48475298696937136,0.1811084843649814
24685,0.7447321807289653,0.09239995724400403,0.05531791828543326,0.10754994374159749
24686,0.540187971581008,0.10195515294408296,0.11619003281936001,0.24166684265554905
24687,0.4174438294432293,0.2719439874018636,0.2014766047442177,0.10913557841068953
24688,0.21864887215231416,0.4817747661725376,0.11535388645412908,0.18422247522101923
24689,0.44929365720598996,0.21685322425300857,0.27508569355938994,0.05876742498161148
24690,0.6998236136137301,0.1341342338215545,0.09914552034863341,0.06689663221608197
24691,0.3256258582227648,0.5062624338314732,0.06449144077240113,0.103620267173361
24692,0.6583009271075445,0.25036769875632375,0.013130282966768764,0.07820109116936297
24693,0.2185325411745541,0.22558000853767546,0.47391686688370666,0.0819705834040639
24694,0.2311706812321673,0.44837501239500416,0.2594071777756868,0.06104712859714184
24695,0.22122433615543718,0.6341736407470651,0.046728048973911744,0.09787397412358594
24696,0.3275050949192776,0.36570936675800536,0.14996571532641065,0.15681982299630615
24697,0.26524524055314824,0.1940763161301899,0.3172166871138274,0.2234617562028344
24698,0.32567548982832517,0.5298376124509947,0.10490234665406405,0.03958455106661597
24699,0.3126065944859173,0.08750521011687734,0.5356131216812275,0.0642750737159778
24700,0.11861847878353983,0.6155862229345282,0.1181081819587504,0.14768711632318152
24701,0.05382522084904772,0.10114875030399646,0.7260959097926077,0.11893011905434807
24702,0.26119836236032246,0.6280073724143578,0.04392094386347705,0.0668733213618427
24703,0.24449214042825063,0.3339433193499914,0.3668378287237971,0.05472671149796085
24704,0.040020127412817075,0.47389001908806894,0.4018804030635584,0.08420945043555561
24705,0.6071877867154405,0.24581976204387795,0.05041400221233487,0.09657844902834677
24706,0.3324485422070924,0.3050864062401847,0.2917570062063384,0.0707080453463845
24707,0.4347054532549448,0.134714943477785,0.16400431432998733,0.26657528893728283
24708,0.5869102824926087,0.06070312373967366,0.2188098874802981,0.1335767062874196
24709,0.0320419295423692,0.07682956466131574,0.7923232610961649,0.09880524470015006
24710,0.4022390014522575,0.27354118240428676,0.257171449084706,0.06704836705874971
24711,0.4465994615281161,0.1099142025229436,0.35855255097915195,0.08493378496978853
24712,0.34281977139718783,0.5345187760576203,0.052627696156545764,0.07003375638864612
24713,0.06868276683999258,0.7256846543822713,0.06833610351203108,0.137296475265705
24714,0.3626212023582136,0.4069779197887185,0.10170329844336039,0.1286975794097075
24715,0.19495899370461844,0.4235448632073345,0.19063616804737557,0.19085997504067154
24716,0.5150889197325944,0.3310965721060629,0.0524270000246029,0.1013875081367398
24717,0.13630727337212098,0.5201391025751585,0.2604873058016151,0.08306631825110541
24718,0.0679249901179331,0.7565575270089826,0.04939232379021416,0.12612515908287017
24719,0.38785171959255027,0.11593912501111914,0.21135902895102054,0.28485012644531
24720,0.1269088282912017,0.5873933526176615,0.2303070924764038,0.05539072661473294
24721,0.5098475515808611,0.32249852990945477,0.07536694997287358,0.09228696853681051
24722,0.045924798546093444,0.6946434755799632,0.20688929346954965,0.052542432404393796
24723,0.482958865294651,0.2807305993749846,0.18633655665574567,0.049973978674618606
24724,0.08197318276799401,0.3682072284894779,0.5069251787777711,0.042894409964756984
24725,0.5477178085152751,0.22526572985735702,0.17358553505307864,0.0534309265742893
24726,0.25106404496349216,0.3147937361915913,0.38437648388934414,0.04976573495557238
24727,0.14061565606741624,0.1578581025549928,0.4834377424896888,0.21808849888790213
24728,0.310545268782672,0.5321854904285548,0.10203486981770739,0.05523437097106588
24729,0.31501557927221213,0.10427572364641613,0.5095015170999576,0.07120717998141411
24730,0.1351859693659508,0.17898832147429036,0.5905726847825814,0.09525302437717738
24731,0.08147149730228367,0.6581759847767591,0.19782367094304407,0.06252884697791318
24732,0.2906184696644312,0.20706234733787132,0.41002483537072176,0.09229434762697561
24733,0.12417209765064682,0.43054084759313965,0.19736715456312218,0.24791990019309135
24734,0.18429679816225988,0.4853950468716753,0.1609540444778132,0.16935411048825175
24735,0.13393626592291502,0.19721342830174762,0.47516687422057374,0.19368343155476372
24736,0.24406726968640538,0.569649927077107,0.13046250400578477,0.05582029923070277
24737,0.4660444916631998,0.11590463509948826,0.3553922608853008,0.06265861235201121
24738,0.052698478951020845,0.6773284795533984,0.13878244343462817,0.1311905980609526
24739,0.3185875304375609,0.042784514149509775,0.26987264018388735,0.368755315229042
24740,0.21068415426086126,0.3179177684300425,0.19715991969544494,0.2742381576136513
24741,0.09875446228084653,0.2211044077418876,0.5526658002479968,0.12747532972926917
24742,0.296379487903963,0.2566049151320064,0.09292607982301082,0.35408951714101977
24743,0.13955469382338323,0.21650839528618382,0.10713388663199833,0.5368030242584346
24744,0.37930543042026826,0.058114999803134525,0.2945571426478184,0.2680224271287788
24745,0.168284092201175,0.12218170196175683,0.30335555528783203,0.40617865054923624
24746,0.19685057925705593,0.2851167379940467,0.04272032069567011,0.47531236205322724
24747,0.022646142167345146,0.3453603840769143,0.4039834972222322,0.2280099765335083
24748,0.02864020190637217,0.04238336424887942,0.4848601868544825,0.44411624699026603
24749,0.09140014369387257,0.33108884898949204,0.3011233333244106,0.27638767399222475
24750,0.3020097667236168,0.11704919152831522,0.3712726684702258,0.2096683732778423
24751,0.3922641572013561,0.11806609130638748,0.10164459147622093,0.3880251600160355
24752,0.07573972446444714,0.32483736935050583,0.09264054849474207,0.506782357690305
24753,0.22911566127893732,0.03877155589211,0.4920915238074288,0.24002125902152383
24754,0.18962722957338077,0.2997844042179442,0.18879593213307627,0.32179243407559865
24755,0.07024639080565935,0.2798296033364422,0.41352468908607537,0.23639931677182308
24756,0.08576520301389842,0.24354918173881174,0.4234083242480816,0.24727729099920812
24757,0.1681133979483767,0.0996329127167008,0.20422666074889526,0.5280270285860272
24758,0.15885327323262585,0.06712292095978316,0.6333062382186447,0.14071756758894632
24759,0.13702422657839664,0.3988636523592977,0.3154855157715439,0.14862660529076183
24760,0.3483934528502299,0.4445885012471059,0.1016672103102184,0.10535083559244587
24761,0.34700316110729484,0.18411374631428304,0.40004212403641776,0.0688409685420043
24762,0.1898073714212458,0.6200518821141238,0.05142902435309792,0.13871172211153254
24763,0.07717571323851526,0.7706519847898171,0.04134315955895713,0.11082914241271058
24764,0.6878167840790878,0.08016291849362582,0.09182057618627813,0.1401997212410082
24765,0.2972956842798168,0.3218991992476428,0.3298724035331013,0.050932712939439066
24766,0.03745230443989755,0.5267097234313997,0.29533704914140263,0.1405009229873002
24767,0.2377241391867406,0.3038307950916593,0.17391330338555425,0.284531762336046
24768,0.08126804649004273,0.5778024793443707,0.20876014094081857,0.13216933322476807
24769,0.18901991152849823,0.22347069986675708,0.519805498547995,0.06770389005674968
24770,0.29478909740412296,0.2881238984811915,0.14707136481200306,0.2700156393026825
24771,0.09764959136767494,0.09129482406952395,0.6494019542435555,0.16165363031924568
24772,0.3269441843571965,0.5134013388303542,0.0648808558363243,0.09477362097612509
24773,0.10650537434627315,0.42819868793956806,0.4126891758475447,0.05260676186661409
24774,0.4221557604916737,0.2802240462098812,0.1992043559978646,0.09841583730058048
24775,0.07721054167887244,0.7563629258287362,0.0721570225486471,0.09426950994374424
24776,0.5946482402600679,0.03965611495275497,0.2929699161631604,0.07272572862401677
24777,0.2886019594232031,0.30423143290080634,0.2748408638379984,0.13232574383799217
24778,0.34210581495906733,0.35500743236920085,0.06929696712934788,0.23358978554238388
24779,0.06954183531363205,0.4365677295622024,0.16707071023041986,0.3268197248937458
24780,0.4273359348960399,0.13037165741188747,0.29093598489706407,0.1513564227950086
24781,0.05281082971501882,0.1234313170554504,0.7295717452687144,0.0941861079608164
24782,0.5374783845718826,0.09734370393442163,0.049834611229078674,0.3153433002646171
24783,0.034216338862584246,0.18526519856403928,0.5060527089653654,0.2744657536080111
24784,0.413826232088052,0.10097410458001596,0.16759675410151775,0.31760290923041423
24785,0.07186685837463089,0.4385565620311631,0.18454403812811793,0.3050325414660881
24786,0.11297325790458802,0.19706803645411303,0.5254694593496837,0.16448924629161524
24787,0.2910833924944839,0.3366461802585163,0.16185905307482448,0.21041137417217542
24788,0.06760949409992731,0.1974614256324242,0.4759954107775566,0.25893366949009183
24789,0.33387735083117576,0.4283378092335465,0.08105414510757937,0.15673069482769839
24790,0.05897364210173076,0.258149307601758,0.40055332121944787,0.2823237290770634
24791,0.12780343238267014,0.14868416306123441,0.5126036926211092,0.21090871193498634
24792,0.30108784421544843,0.10065021092673282,0.3494875903538293,0.2487743545039893
24793,0.15879978274861525,0.06690516524974889,0.5470121946153589,0.22728285738627707
24794,0.0747382577934598,0.6802616606054233,0.08058640518386084,0.16441367641725624
24795,0.19019389191037114,0.20100310269095645,0.11826171407785022,0.4905412913208223
24796,0.48390607926898166,0.25079237883657796,0.18267374610673656,0.08262779578770388
24797,0.12622568340977133,0.5401919900482257,0.13291886529329963,0.20066346124870335
24798,0.04116284689164095,0.04873522148653272,0.6356023068347824,0.27449962478704393
24799,0.3417959177055531,0.10734293282578734,0.2681683451917752,0.2826928042768843
24800,0.046106472852940054,0.29913462313149963,0.42796397895855953,0.22679492505700075
24801,0.5267817734162802,0.20930598214679888,0.16356514610223863,0.1003470983346822
24802,0.16897391186712485,0.3298222068496774,0.1987300770016232,0.30247380428157467
24803,0.0579710777865204,0.09004538165754482,0.5777566698481126,0.2742268707078222
24804,0.5983383587466902,0.08111601464381382,0.08868860965472451,0.23185701695477148
24805,0.1405341793860997,0.329881196611978,0.07637483974510163,0.4532097842568205
24806,0.2798875741275952,0.4028876817912365,0.06348618914429607,0.25373855493687236
24807,0.37659117636003747,0.48482478614333485,0.028282915661482645,0.11030112183514514
24808,0.4142138107158259,0.16492041467985183,0.27933402057754797,0.1415317540267741
24809,0.6563501571621957,0.06139517719858682,0.06567616971762015,0.21657849592159734
24810,0.1013596781968727,0.25566754521506624,0.31574197650955027,0.3272308000785108
24811,0.18422372348393823,0.02902599925063471,0.650401624968788,0.13634865229663914
24812,0.06785173905175798,0.0546480018735848,0.7324162202196186,0.1450840388550387
24813,0.1531124027872737,0.04926476869036511,0.5407833337535934,0.25683949476876766
24814,0.2468427049052246,0.44138867594146314,0.04403886415730428,0.26772975499600804
24815,0.5627271280351634,0.16526717938353216,0.14697412548838837,0.12503156709291607
24816,0.2245966964486214,0.17314481198800594,0.38332559605920374,0.21893289550416878
24817,0.1753299879602325,0.25177185140427344,0.17816110334542945,0.39473705729006453
24818,0.28066863812235604,0.37873096036228304,0.2789286214476112,0.06167178006774951
24819,0.11324675500949856,0.5585762078266939,0.23998270569105049,0.08819433147275713
24820,0.34220753388121644,0.15398546161704402,0.15297981169380778,0.35082719280793173
24821,0.6066825644532804,0.170476705613974,0.06245674252682319,0.16038398740592247
24822,0.10540565217672505,0.6389862528839322,0.11112143292276098,0.1444866620165817
24823,0.1197088671991926,0.2243767304394385,0.52746608647353,0.12844831588783884
24824,0.17958981320031242,0.15162320175661,0.2656487225664052,0.40313826247667234
24825,0.5422909839810726,0.2861546146549136,0.05732845770545591,0.11422594365855793
24826,0.0685581254698254,0.09066353128926143,0.7761853391898211,0.0645930040510921
24827,0.32839573911578723,0.5593416764764575,0.03276229923367138,0.07950028517408395
24828,0.13022013543706196,0.7268083393120527,0.06438122122542539,0.07859030402545991
24829,0.16103768389362744,0.20646338882890683,0.15280498242781945,0.4796939448496463
24830,0.22917381461775868,0.4409499917873123,0.24753916011709579,0.08233703347783342
24831,0.08191671198249117,0.49402458249624004,0.290886057147558,0.13317264837371076
24832,0.18280741597740602,0.28040173477383185,0.20072644690532573,0.33606440234343643
24833,0.2521748070351921,0.31809658646400873,0.3634374482719583,0.06629115822884088
24834,0.13570560497202813,0.13513390597724328,0.18114194102720269,0.5480185480235259
24835,0.2403243186657893,0.34223801455146546,0.21660154958192582,0.20083611720081954
24836,0.14278967821586266,0.2501912732930575,0.2899590492154112,0.3170599992756686
24837,0.6128197917132008,0.05148878176212681,0.09895331442677434,0.23673811209789808
24838,0.10433580825952692,0.2204348620421463,0.1934542896587402,0.48177504003958666
24839,0.5849452590263019,0.1824854567539724,0.10241145592963491,0.1301578282900909
24840,0.3830939450984835,0.2661502560161326,0.2652662694974573,0.08548952938792657
24841,0.06626578104269162,0.5310551085487716,0.29265282475817644,0.1100262856503604
24842,0.24919098869345216,0.17610198033949204,0.2336815558226872,0.3410254751443686
24843,0.34432630617030424,0.08468340835775813,0.3703740611158947,0.20061622435604293
24844,0.4415992696527832,0.16990095225140386,0.298467347852651,0.09003243024316199
24845,0.5651927054893197,0.07403959185787064,0.055941794770310714,0.3048259078824992
24846,0.25892506726655273,0.4454533170403364,0.09312406941922688,0.202497546273884
24847,0.10343771844718304,0.1604997018946537,0.4997249575708843,0.23633762208727907
24848,0.10964339881756381,0.17937597102150102,0.2404742534556753,0.47050637670525974
24849,0.44045047620302535,0.10253743303075952,0.18748541380698236,0.26952667695923277
24850,0.2634599501609757,0.3137739904221821,0.1407158485318871,0.2820502108849551
24851,0.2624682998151351,0.13280828539283615,0.24884786461841185,0.35587555017361694
24852,0.5823439669729191,0.06736689960266351,0.08198382203866986,0.2683053113857476
24853,0.4973659878759396,0.06254435044755265,0.30845777656951523,0.13163188510699267
24854,0.318067056832539,0.07728731489698629,0.4046700149508611,0.19997561331961372
24855,0.18954889558458857,0.1259550548987467,0.46948716621216596,0.2150088833044988
24856,0.28687232969270676,0.30328305408128153,0.12235264855123501,0.2874919676747766
24857,0.2770804379227135,0.14488049467711797,0.46604052432691284,0.11199854307325575
24858,0.0583408090395192,0.5099118338048533,0.3209345058392752,0.11081285131635231
24859,0.197341595915212,0.209288807752793,0.1357694551609736,0.45760014117102144
24860,0.2608492746861154,0.044176675865408084,0.6245612090502907,0.07041284039818602
24861,0.5227321125671939,0.1144853974941108,0.09364042806495625,0.26914206187373907
24862,0.16184157626207635,0.5744919005629043,0.12723610167602312,0.13643042149899612
24863,0.26568260282974127,0.08152190211602885,0.3690402321838579,0.283755262870372
24864,0.1607393922386268,0.10620684763392013,0.5550979611982627,0.17795579892919033
24865,0.16999742395654865,0.032555012373092364,0.6168891093022695,0.1805584543680895
24866,0.5835346467414427,0.12427922015491402,0.19986781437527895,0.09231831872836428
24867,0.587387857591508,0.13025177884253797,0.13192560518078583,0.15043475838516818
24868,0.621061131526773,0.07303132146439836,0.07888210861263636,0.22702543839619235
24869,0.33805271109255036,0.06765239961274047,0.30694336017367546,0.28735152912103373
24870,0.7204309674229514,0.03554711959251432,0.06628229181751544,0.17773962116701889
24871,0.1966371346718219,0.07297386193418784,0.5606204675881215,0.1697685358058687
24872,0.17452179591095335,0.20369818365869974,0.4087077550929188,0.21307226533742815
24873,0.8111526757565625,0.11259472009846799,0.013772272873122647,0.062480331271846906
24874,0.0852119772773292,0.4887212160323676,0.29237252515015616,0.133694281540147
24875,0.14125519183182522,0.6217078963509532,0.10887727136614826,0.12815964045107325
24876,0.04307919514827642,0.46652009488571944,0.4026473822692425,0.08775332769676172
24877,0.3289032143439336,0.15994915713933266,0.4347732307798062,0.07637439773692772
24878,0.17638247975208016,0.08383157625193803,0.5765515505435291,0.1632343934524527
24879,0.5224201555532356,0.1867041150123897,0.1221320030050545,0.16874372642932023
24880,0.3440258028097803,0.28448708612058804,0.20816466432052155,0.16332244674911003
24881,0.6074913939517383,0.11021811920971088,0.09117842221036651,0.19111206462818434
24882,0.8027984804252999,0.06490065709181553,0.045466447254571066,0.08683441522831349
24883,0.08353358729818777,0.17089868102630612,0.6596993510369993,0.08586838063850681
24884,0.48520705558359606,0.11166719292108568,0.32942726830478125,0.0736984831905369
24885,0.3545102009545787,0.37911022563664026,0.1713741617972111,0.09500541161156999
24886,0.08354742229035954,0.1607080785258649,0.6230063552520955,0.13273814393167999
24887,0.22607803185706846,0.6835261015049614,0.03650700938528153,0.05388885725268848
24888,0.19573725602191067,0.4500084776427119,0.2823027698702134,0.071951496465164
24889,0.10105675581604309,0.38173054956629626,0.45089546459047086,0.06631723002718971
24890,0.20047969784940106,0.16521293915539137,0.17462014589120387,0.4596872171040037
24891,0.23838340441066755,0.15578580321953303,0.05406849269378888,0.5517622996760105
24892,0.4108729287010471,0.09391379410630349,0.12163039058312983,0.3735828866095196
24893,0.3500169353789658,0.23520877965288897,0.12838765475387767,0.28638663021426763
24894,0.12056418908585453,0.49228889199636283,0.14058489512686884,0.2465620237909138
24895,0.12435797313477795,0.06721358645356382,0.337679692630711,0.47074874778094716
24896,0.07427660482243564,0.32510575241721257,0.2140228665063952,0.3865947762539566
24897,0.19817988249811447,0.07499861371501987,0.5365522238090331,0.19026927997783258
24898,0.3546077155933532,0.11154987386230657,0.3024594233874464,0.2313829871568937
24899,0.01796045982495096,0.25529958841164757,0.5318914991430909,0.19484845262031059
24900,0.11531366802174074,0.21776331641097424,0.3053283132531104,0.3615947023141747
24901,0.3700327537137802,0.06513591245928982,0.27292222188864546,0.2919091119382846
24902,0.44173066377841547,0.07850026750670124,0.16213352390296815,0.3176355448119152
24903,0.3330678727947807,0.09912465270319142,0.17749658576693714,0.3903108887350908
24904,0.12089653762015705,0.3651273169152751,0.028878290838921888,0.48509785462564603
24905,0.10902002601228723,0.08504584218742953,0.5362409336311043,0.269693198169179
24906,0.3372826960827488,0.03733465560479398,0.3469461031693448,0.27843654514311234
24907,0.20110574698779443,0.07935898293971494,0.06273915861090822,0.6567961114615825
24908,0.04536188700796166,0.34461583037169796,0.345088704491958,0.2649335781283824
24909,0.13693956655443626,0.4473978668469867,0.14047627389184975,0.2751862927067274
24910,0.08666531762501534,0.41909980586143414,0.3685290993560162,0.12570577715753423
24911,0.17097180321833835,0.7172427632524372,0.04089275711979576,0.07089267640942867
24912,0.08926556475081518,0.237841469296922,0.2987862243034001,0.37410674164886265
24913,0.0927364710531387,0.6565863724130029,0.07157907292033797,0.17909808361352048
24914,0.4345165242020758,0.07643878725578324,0.35926606844032466,0.12977862010181637
24915,0.04249467745378876,0.34444856766453097,0.44912212003034147,0.16393463485133886
24916,0.7277129360524333,0.1001339925011501,0.05992749686713729,0.1122255745792793
24917,0.281913985898714,0.12962346905011557,0.2870758489909199,0.3013866960602505
24918,0.28526597108426754,0.13745464268000365,0.1845877447027967,0.39269164153293207
24919,0.11197801043689799,0.2593033179856211,0.45933221965730525,0.16938645192017565
24920,0.011416404192243084,0.42121691523088445,0.5244379856036611,0.042928694973211445
24921,0.6296075690518658,0.22266697856779388,0.04791926559415852,0.09980618678618189
24922,0.7332228777049965,0.08711583385739345,0.07129660155768697,0.10836468687992305
24923,0.21607605073524336,0.20718627143037402,0.4988549820276803,0.07788269580670222
24924,0.15098006145030118,0.17475909980546706,0.5774946314101199,0.09676620733411177
24925,0.36673101529534685,0.5206086125567376,0.042097634109568814,0.07056273803834665
24926,0.3435347988376249,0.05339235646975837,0.5276440937627027,0.07542875092991404
24927,0.14429220363956394,0.4705442824307032,0.17549981563101283,0.20966369829872009
24928,0.14843116030096262,0.28606821383851366,0.4345235418146134,0.13097708404591035
24929,0.29415143432347346,0.513207793910221,0.13136484353630454,0.06127592823000111
24930,0.2843561158043603,0.445351536291643,0.1796837668194852,0.09060858108451153
24931,0.2669524678932284,0.15992760726624367,0.3034134675070734,0.2697064573334546
24932,0.080488903921266,0.38207990009751425,0.27008893812099827,0.2673422578602216
24933,0.31524605089753877,0.532682903197288,0.06074782280294075,0.09132322310223241
24934,0.5287971075882174,0.17919115836143584,0.09035728311637052,0.20165445093397621
24935,0.10624076242135605,0.5113416092160765,0.25194364292442917,0.1304739854381382
24936,0.3459466066326799,0.10641202347913406,0.46835072063965416,0.07929064924853191
24937,0.10217308752664483,0.5248824044263383,0.31744139735314897,0.05550311069386787
24938,0.39366182506083786,0.14436729315612465,0.385435973261916,0.07653490852112149
24939,0.09384325984150585,0.2078493362104066,0.5924116925774061,0.10589571137068152
24940,0.3779411463885259,0.4475412067109443,0.08793141254921272,0.08658623435131728
24941,0.2458674154328583,0.44844289115425834,0.1625979542458139,0.14309173916706946
24942,0.6073280204642482,0.23122368625369405,0.056176660636335404,0.1052716326457223
24943,0.31377746526529493,0.21227445917828322,0.18159479811968648,0.2923532774367354
24944,0.6074015341736365,0.15668320478322964,0.17323738165104252,0.06267787939209145
24945,0.14874264560505518,0.10735097977426235,0.4357358633696729,0.30817051125100947
24946,0.10300986317113486,0.36668352554140177,0.17684138512279943,0.35346522616466397
24947,0.37943406156793796,0.20654655474420755,0.2990027025116154,0.11501668117623907
24948,0.6028231930904523,0.24200333304390714,0.07223428523331896,0.08293918863232154
24949,0.11052737982009936,0.5596406107417734,0.2797085910440764,0.050123418394050684
24950,0.08954216278613704,0.5798286591408757,0.1147174556931764,0.21591172237981085
24951,0.08401058153030704,0.4382124991004399,0.14139469085420875,0.33638222851504423
24952,0.4391919969239756,0.15243951949626383,0.271045329136968,0.13732315444279264
24953,0.39740296387721874,0.14119339215870041,0.29246909646331265,0.1689345475007682
24954,0.1868732874153245,0.666229545179532,0.06420136395395946,0.08269580345118414
24955,0.6245312894939032,0.21247563442086104,0.035633959159141033,0.12735911692609467
24956,0.19076033770631215,0.3144350880255548,0.36719435781852294,0.12761021644961007
24957,0.12881773837958338,0.6605007320355154,0.07880620740003202,0.13187532218486922
24958,0.06400054345422695,0.7653831267304219,0.10409105683482696,0.06652527298052424
24959,0.09422188916279199,0.4966635247709059,0.19704167119793295,0.2120729148683692
24960,0.24303805157299757,0.3557690872741079,0.1870743162771578,0.21411854487573662
24961,0.5007317608189241,0.25599756440070026,0.16470781126003675,0.07856286352033894
24962,0.03288287909127153,0.6814521249401081,0.11768924706218513,0.16797574890643518
24963,0.09766973080169118,0.5789971310883751,0.07639845112203257,0.24693468698790122
24964,0.06931795581051656,0.4081111347404971,0.38165473838766273,0.14091617106132356
24965,0.1532488347768742,0.6601534385056878,0.06669782010996025,0.11989990660747768
24966,0.17463737763314388,0.3489301201852744,0.4091543310546948,0.06727817112688696
24967,0.4778871712168231,0.056158525089074464,0.4122159245257794,0.05373837916832322
24968,0.15777932009007561,0.39628306280398545,0.37245395997046593,0.07348365713547297
24969,0.1605306678516407,0.5310535960373107,0.11241701171675704,0.19599872439429156
24970,0.5644369282998752,0.2491602264129341,0.11564571737015764,0.07075712791703295
24971,0.19960363870896558,0.6326416018336218,0.09515385054937435,0.07260090890803818
24972,0.12267231556061427,0.5144550944140428,0.14375400847469488,0.2191185815506481
24973,0.11439760308833692,0.7123783084310635,0.13572284901396442,0.03750123946663521
24974,0.24733653168674752,0.28471241714804874,0.3813789658506077,0.08657208531459612
24975,0.12154392327659355,0.48801966474670844,0.3121013426641464,0.07833506931255148
24976,0.3492960929262411,0.07539820262163928,0.49833446489233973,0.07697123955977979
24977,0.5192457946036512,0.2603460493243513,0.11452978547040818,0.10587837060158928
24978,0.34928520666985585,0.29434626318184276,0.2694332563573282,0.0869352737909732
24979,0.313660776386417,0.4924563467479663,0.16426175763603193,0.029621119229584818
24980,0.07736671619102876,0.33606782194516355,0.5242520053159527,0.062313456547855015
24981,0.13431221615567698,0.10644312372868568,0.6076745914307354,0.15157006868490197
24982,0.19611105392764175,0.5855405394810542,0.1783497791701612,0.039998627421142866
24983,0.7117424632498303,0.2275170313934257,0.020769129872701943,0.03997137548404215
24984,0.0772335415895415,0.6073980887528686,0.18501369805162204,0.130354671605968
24985,0.08811321735816562,0.5469061454552854,0.3208333832736711,0.04414725391287803
24986,0.4584649200178018,0.1824496556705693,0.22560895841606216,0.13347646589556655
24987,0.058153502827589146,0.5479272064625017,0.3671199891250787,0.026799301584830508
24988,0.17413355781810105,0.5433205714206065,0.15573110219712674,0.1268147685641657
24989,0.20395259073570554,0.614314691314862,0.13627533480678042,0.04545738314265211
24990,0.036712368705199956,0.6249535477978528,0.28962829442529103,0.04870578907165619
24991,0.2983146777048524,0.10068043805376209,0.516488849146236,0.08451603509514935
24992,0.09990087149717358,0.2829521742383775,0.5613323295000744,0.055814624764374585
24993,0.6548801815410892,0.15002126707390348,0.13678004057637103,0.058318510808636176
24994,0.3519972604716986,0.4151823422004807,0.1829694725723543,0.049850924755466264
24995,0.4782855474318438,0.37109719733763713,0.1097197797711194,0.04089747545939969
24996,0.28651251461719146,0.34234322447596977,0.2041502006854143,0.16699406022142446
24997,0.17522564129613194,0.6638165529972838,0.10475064285770307,0.05620716284888121
24998,0.3259519081828013,0.13227837099287465,0.43024686831171216,0.1115228525126119
24999,0.1685738600760638,0.6884145250075944,0.05322157580559836,0.08979003911074358
25000,0.0958267116090719,0.3630480276344161,0.4146776101295353,0.1264476506269768
25001,0.14306715612122312,0.7364751493752658,0.056407639506428776,0.06405005499708226
25002,0.15247798799160472,0.20103057852003514,0.5700402481049296,0.07645118538343058
25003,0.2352426838244039,0.3440024423535886,0.3512857070176482,0.06946916680435922
25004,0.03962386612265125,0.0889954307692841,0.8054313147482987,0.06594938835976613
25005,0.12851090671271287,0.5355448564665491,0.12875917626576863,0.20718506055496944
25006,0.39921542435260976,0.15914850667655867,0.30660991918054814,0.13502614979028338
25007,0.38496044162956206,0.34459557899966725,0.07585718855203284,0.1945867908187379
25008,0.047639911670167574,0.07528581299600218,0.6611102519575269,0.21596402337630333
25009,0.38561804804139177,0.03563622365483545,0.3539179932101393,0.22482773509363352
25010,0.3960999523054035,0.04552524862150539,0.32652455504284206,0.23185024403024904
25011,0.10058737652705133,0.6905902741193692,0.0756729464061397,0.13314940294743974
25012,0.07781067151621689,0.42074575316936974,0.18652984787304056,0.3149137274413728
25013,0.18360529944809575,0.10118280827123058,0.4365916572138582,0.27862023506681555
25014,0.14571807686608906,0.1054634495326123,0.6642158948707975,0.08460257873050107
25015,0.34003998519896117,0.26173819600427495,0.2675744675323579,0.13064735126440585
25016,0.1367488172404379,0.3385096426081962,0.08075028398362043,0.44399125616774554
25017,0.028651056574162222,0.15127532524652562,0.6829149472121331,0.13715867096717912
25018,0.5576828407874471,0.2131832517207386,0.054214009275444265,0.17491989821636994
25019,0.39519501940050505,0.36069330492425766,0.08135391750523488,0.16275775817000246
25020,0.19600103151201764,0.1302492671436604,0.19962156331684489,0.47412813802747705
25021,0.1679702445330761,0.15556786217944946,0.3361068376205816,0.34035505566689284
25022,0.17738351361209342,0.1828370324764582,0.3332662460582271,0.3065132078532213
25023,0.03678011296904817,0.3193420304003523,0.5466170894052365,0.09726076722536296
25024,0.657562010984664,0.05753316202818717,0.1123301989918591,0.17257462799528964
25025,0.35078213769582267,0.19168555312842267,0.1260600936672685,0.33147221550848616
25026,0.48385885214817753,0.23769457861094725,0.13979847342291404,0.13864809581796128
25027,0.06876633104948335,0.22024009317371976,0.42003005983919445,0.2909635159376025
25028,0.7305258117608201,0.1027308337917776,0.07612087128770198,0.09062248315970031
25029,0.13961621119380893,0.16200422260094857,0.5886191859328377,0.10976038027240478
25030,0.07641305753469374,0.060383483621083006,0.6178552800597649,0.24534817878445841
25031,0.09139590812561652,0.07637526161031147,0.4932796521569292,0.3389491781071429
25032,0.04861988285604044,0.04715997280777731,0.7630250242770608,0.14119512005912135
25033,0.3999008694109159,0.15187311661786237,0.30999182228447925,0.1382341916867424
25034,0.28617477172869693,0.33395768916231894,0.11893996926781784,0.2609275698411663
25035,0.20638827758275619,0.22490967601776096,0.1866626135290637,0.38203943287041914
25036,0.08332264550704545,0.25722425031130264,0.22662510445018672,0.4328279997314652
25037,0.32001225744751594,0.4363420047173159,0.055879584854010074,0.18776615298115826
25038,0.36693156009268085,0.2737516164731513,0.16716538549912657,0.19215143793504139
25039,0.09357978541038073,0.41719257526342524,0.30466755093954107,0.18456008838665308
25040,0.09469138534550045,0.2667441713642801,0.5180021736788931,0.12056226961132638
25041,0.2014672163266637,0.5853141665320652,0.043411565558352495,0.1698070515829185
25042,0.07145661308228024,0.2863829079427183,0.3799669325117167,0.26219354646328485
25043,0.16151617973351942,0.4645330719960407,0.16627280052216142,0.20767794774827836
25044,0.4622697180365566,0.06978868263798035,0.33465481719299994,0.13328678213246295
25045,0.17159862485688798,0.277123788550658,0.42204820429764994,0.1292293822948039
25046,0.09772109404705916,0.7517939808473527,0.026125174079430973,0.12435975102615716
25047,0.4884177920966648,0.10313661814119174,0.3234074961956634,0.0850380935664801
25048,0.08207073033267338,0.5461066216634155,0.20891642690383744,0.16290622110007363
25049,0.12963121758312282,0.42364148215632635,0.39872472337379256,0.04800257688675826
25050,0.4611406637399074,0.3417060107934168,0.04201338739931658,0.15513993806735912
25051,0.08224693461662771,0.4639438413331586,0.3409535140968422,0.11285570995337153
25052,0.13495107089490718,0.6500453825293762,0.04412821976862307,0.17087532680709352
25053,0.2925753717773768,0.2489603786478171,0.1754535771766628,0.28301067239814337
25054,0.05903918253612361,0.5976256609881523,0.2298155123251714,0.11351964415055267
25055,0.1931998439229434,0.6313246560695956,0.043038785865247224,0.13243671414221386
25056,0.23808061810198072,0.15792358045220503,0.17931583405271567,0.42467996739309866
25057,0.30822600834173597,0.5405675153836415,0.04870940483346968,0.10249707144115289
25058,0.5603245228233471,0.3110091180231535,0.07688130375707047,0.05178505539642887
25059,0.6188226551142861,0.08406487598250095,0.12536764567100472,0.17174482323220824
25060,0.15052289889921897,0.48160897053204865,0.256952953570367,0.11091517699836531
25061,0.10841173456332834,0.47466662435434676,0.24369479861347987,0.17322684246884512
25062,0.24538499649185708,0.46856791625191646,0.045587068709012135,0.24046001854721427
25063,0.028925648919681166,0.40787130196426213,0.1802493612994315,0.38295368781662525
25064,0.32802744547075297,0.3430678433241218,0.050815307015354375,0.2780894041897709
25065,0.13262828060505488,0.5598954862295145,0.056457242293171436,0.2510189908722592
25066,0.2106645602352188,0.07966126106979601,0.3262248123687041,0.3834493663262811
25067,0.13092631200323657,0.07994386071926596,0.3223880619720131,0.4667417653054844
25068,0.10252410892454071,0.2247464351145013,0.22440440966289324,0.4483250462980647
25069,0.07246845028418891,0.3583761980116815,0.3321073726650447,0.23704797903908484
25070,0.08904179359455389,0.14584734639819572,0.19578579444971506,0.5693250655575354
25071,0.23887343543349282,0.4943442541017461,0.06477517113589937,0.2020071393288618
25072,0.12431272075231767,0.6069395899605701,0.06915538216768015,0.19959230711943216
25073,0.19347046156691566,0.43769577991065767,0.032158539633801136,0.33667521888862545
25074,0.17198744222299533,0.5023953715182783,0.13151209671741332,0.19410508954131309
25075,0.2108580183288831,0.07741487591723512,0.3335865154326806,0.3781405903212012
25076,0.08553020320782943,0.12033231938988401,0.31287161370948896,0.4812658636927976
25077,0.04255809037171759,0.23295629612433744,0.4910857963841513,0.23339981711979368
25078,0.3625971936190243,0.051640147198311996,0.3578971615542122,0.22786549762845146
25079,0.1282218381784869,0.0809889031896225,0.5571523380139481,0.23363692061794245
25080,0.5639438976910242,0.0668623935045833,0.06270954391350354,0.3064841648908889
25081,0.3622719743798029,0.16411046495321513,0.3321604254997553,0.14145713516722663
25082,0.04442358812412963,0.47111107003011427,0.3917175778216402,0.09274776402411593
25083,0.05229357685100029,0.5566379799987227,0.2426169919566444,0.14845145119363273
25084,0.4391016629020225,0.11673665539641202,0.4058979708999712,0.03826371080159429
25085,0.17195074876578603,0.41251078458063334,0.3811150638295163,0.03442340282406425
25086,0.7911358162557537,0.05883336838640759,0.0716606998639644,0.07837011549387442
25087,0.14822494887463525,0.4358765833290079,0.3731655677394442,0.04273290005691269
25088,0.6495429531301445,0.08930115928645939,0.2238057559029563,0.03735013168043981
25089,0.1307825978711806,0.03993584485064238,0.7784261514768298,0.05085540580134705
25090,0.4648462378581795,0.11089066907827264,0.3599598235058788,0.06430326955766909
25091,0.4287338128477168,0.12147665937089767,0.3635984783896436,0.08619104939174191
25092,0.25712741318884325,0.26561170881515345,0.1328876203415465,0.34437325765445687
25093,0.5704256786777151,0.10007137318442161,0.24762978520065326,0.08187316293721003
25094,0.028238041270538305,0.06356282041637798,0.8582657767011908,0.04993336161189293
25095,0.078196942466525865,0.48912116344261003,0.39400325833642835,0.03867863575443581
25096,0.16876993010681526,0.32708160903948785,0.18398023190882135,0.3201682289448756
25097,0.027425137697752313,0.11314529622671922,0.770909274871002,0.08852029120452655
25098,0.3051883967143863,0.16892971740058788,0.3855166066800167,0.14036527920500916
25099,0.03292346046215404,0.1786699377881083,0.7279344594839711,0.06047214226576658
25100,0.07948005840359304,0.12275821475119938,0.7309210999250115,0.06684062692019604
25101,0.3661674302672167,0.22456344513966578,0.3621928814342005,0.047076243158917105
25102,0.30610440171489134,0.3337322503937908,0.139576934863234,0.2205864130280838
25103,0.30276513188932386,0.5029595164272656,0.12453972470102768,0.06973562698238292
25104,0.25953679660426754,0.12432915454714925,0.5479507970555769,0.06818325179300633
25105,0.06371305201141415,0.4204605520496972,0.4428417009998474,0.0729846949390413
25106,0.24852289552049753,0.4684214001702174,0.20539339755111227,0.07766230675817287
25107,0.26252742716170197,0.365476674803123,0.11621508440285176,0.2557808136323233
25108,0.06369471711057603,0.515348449880177,0.36038404173357313,0.06057279127567387
25109,0.06558868486154845,0.625905660575218,0.24987964256137396,0.058626012001859525
25110,0.20970088587994404,0.31286094907338463,0.17378160635191917,0.30365655869475217
25111,0.3282231459338432,0.168185083029868,0.23687635059967313,0.2667154204366156
25112,0.16884410190202817,0.4675480060752996,0.2622103961825059,0.10139749584016634
25113,0.49163369545928604,0.3412713524118104,0.06910379360704455,0.09799115852185906
25114,0.3558731553004363,0.33572362993999183,0.23674826502843077,0.07165494973114112
25115,0.0788326595247657,0.0712262743136114,0.7320026948288937,0.11793837133272919
25116,0.2430913796513767,0.5850741105633752,0.072113654229791,0.09972085555545719
25117,0.585364796010439,0.17592632186479604,0.19550763515262526,0.0432012469721397
25118,0.6353563875497606,0.08433239262965372,0.16731205459903542,0.11299916522155029
25119,0.11829732628286194,0.1527884892680738,0.6239633209508415,0.10495086349822282
25120,0.5091581400171585,0.20527125953535025,0.06530495790373107,0.2202656425437601
25121,0.704322360886512,0.060924435395457624,0.1229112699640249,0.11184193375400546
25122,0.758147591752748,0.08761076130203967,0.0907888856057136,0.06345276133949879
25123,0.6240238357022254,0.024522825306058628,0.2926108368924628,0.05884250209925315
25124,0.2748972675839884,0.09055271576496227,0.5043089173234604,0.13024109932758904
25125,0.8134478430932393,0.0789002073778634,0.044958042402016125,0.06269390712688123
25126,0.06876624380481473,0.4143525833343658,0.39718407165553893,0.11969710120528064
25127,0.39620979604122764,0.19210389720509888,0.21863402862716738,0.19305227812650624
25128,0.3583231018132658,0.15020546007874436,0.15294907600286187,0.3385223621051279
25129,0.41745895518694637,0.11165939094181922,0.4522828748976903,0.01859877897354423
25130,0.40853869396775394,0.13641293557753148,0.15468875097212526,0.3003596194825893
25131,0.3698003050980235,0.35119370213343115,0.04785528429795271,0.23115070847059271
25132,0.5149208714535245,0.2012457569786337,0.1777344924731724,0.10609887909466943
25133,0.8782621359242984,0.016769407782152055,0.05807834143584223,0.04689011485770732
25134,0.4659491640333537,0.2784521374061728,0.08112986024165202,0.1744688383188216
25135,0.15312479330194464,0.5459491515238045,0.10425156890572614,0.19667448626852463
25136,0.33567976869068067,0.24788948454079907,0.35392522829947315,0.06250551846904714
25137,0.2824169715501491,0.42789932580177686,0.11966180078781052,0.1700219018602635
25138,0.24836885799785213,0.2766372767048476,0.2657618637336761,0.20923200156362412
25139,0.2263355640843509,0.38800595233817514,0.2047746279955545,0.18088385558191936
25140,0.12407678666573223,0.0908045589557133,0.5684658379525768,0.21665281642597758
25141,0.45347443149724415,0.28799253905508204,0.16241445449308073,0.09611857495459313
25142,0.28007492333202605,0.3021512639208591,0.12658696436107977,0.291186848386035
25143,0.17333197525179703,0.24472894597612696,0.25479197299653966,0.32714710577553646
25144,0.21293529713519163,0.3556095354326889,0.11061794265618584,0.32083722477593357
25145,0.44076252488641354,0.22257956305552729,0.08002304373994155,0.2566348683181175
25146,0.4791375320146098,0.37055412865946136,0.04399653628843383,0.10631180303749492
25147,0.15968307431682155,0.15689570603784517,0.5091109737918877,0.17431024585344546
25148,0.5237233792063275,0.24414210955831692,0.02992910336692253,0.20220540786843308
25149,0.09661024689627584,0.6363278834168107,0.17108526973351817,0.09597659995339532
25150,0.18949688545968787,0.10064332442450934,0.5642503225812424,0.14560946753456025
25151,0.06956325054451458,0.6333569340962247,0.13028947472798263,0.16679034063127798
25152,0.5847203299663795,0.10735743995638665,0.08484300580366329,0.2230792242735705
25153,0.5383169355302065,0.3842004155708835,0.03154138253311285,0.045941266365796984
25154,0.23789398031854603,0.11000263403677135,0.5237703569397574,0.12833302870492536
25155,0.09117807315253214,0.6231370606840506,0.0492454274601115,0.2364394387033057
25156,0.18567321072543122,0.617798462937344,0.053064839302800156,0.14346348703442457
25157,0.07114944549759972,0.6850298362270825,0.09119045400948649,0.1526302642658313
25158,0.598599170980547,0.3233275108213736,0.014604079470507434,0.06346923872757175
25159,0.19146432243645636,0.4488547671434415,0.15314051187680972,0.2065403985432925
25160,0.20703456496108966,0.2503068096210725,0.4280107299948613,0.1146478954229765
25161,0.41014493884315356,0.1074313577663261,0.19336359965474936,0.2890601037357709
25162,0.4887773266977087,0.09110016823765262,0.1446975018490981,0.27542500321554053
25163,0.1571554432300825,0.11192511866508975,0.5825797760804965,0.14833966202433121
25164,0.3674553375839873,0.5371409253581569,0.02106635351543412,0.07433738354242155
25165,0.20483729529549063,0.2171099375302052,0.1816828786628247,0.39636988851147953
25166,0.2778311071938857,0.1275632505623764,0.39440799023263473,0.20019765201110326
25167,0.40615872210442944,0.4608370404628098,0.026982116875681663,0.10602212055707896
25168,0.3254973448185471,0.3322820479742792,0.053447279766511376,0.2887733274406624
25169,0.2776324035460997,0.34370154636933614,0.08716164494730165,0.2915044051372626
25170,0.5170204710576362,0.3756211868611854,0.024549095450339436,0.08280924663083901
25171,0.5120900409023019,0.2245249205023362,0.1312868043856133,0.1320982342097485
25172,0.15066681804290918,0.5411986539808495,0.20215314024194428,0.10598138773429704
25173,0.40831023715428855,0.13249817512476458,0.21577038595342718,0.2434212017675198
25174,0.3886006735083672,0.10656585493674459,0.37360935286003055,0.13122411869485762
25175,0.8080395462408813,0.041175974258778676,0.04105405794138458,0.1097304215589555
25176,0.04545901167609227,0.31716787762805465,0.5857652189328556,0.051607891762997515
25177,0.19534288029043195,0.19453979028139642,0.5093229429393433,0.10079438648882827
25178,0.38235162982776094,0.08030670229847635,0.4790239868863982,0.05831768098736447
25179,0.7465428001650768,0.12983351948173355,0.08324741255015397,0.040376267803035576
25180,0.41287031468843655,0.03255535839717729,0.4835170205369531,0.0710573063774331
25181,0.07901321824614113,0.026549192391175983,0.8522500716646023,0.04218751769808071
25182,0.4500176670772824,0.20835326387256475,0.20306764378274889,0.13856142526740417
25183,0.5139139611361024,0.15151242683918234,0.26407409030907664,0.07049952171563871
25184,0.12959351549894438,0.31413102241865404,0.4575889145269106,0.09868654755549097
25185,0.32236655151481713,0.26911099368468144,0.3157259915222599,0.09279646327824165
25186,0.2338528137095594,0.6883901507449359,0.020561623492053725,0.05719541205345092
25187,0.38958098653608636,0.2709533787878748,0.13829073653598276,0.20117489814005612
25188,0.2670019210620215,0.09762460532517162,0.5295499753392073,0.10582349827359958
25189,0.5783383644766829,0.14339633051685657,0.21998808418497748,0.058277220821483115
25190,0.5645880759466043,0.32496368712081,0.034170554439997225,0.07627768249258841
25191,0.0639901728077202,0.7555824020895614,0.0991995299130167,0.0812278951897018
25192,0.14438523090842711,0.4262629321292287,0.2922750446749786,0.13707679228736566
25193,0.5320850217606862,0.3226405230685151,0.05164256770380979,0.09363188746698903
25194,0.2058414204363186,0.3720789780177047,0.3505952947742366,0.0714843067717399
25195,0.12138555722038794,0.15784197986775836,0.24470361123376308,0.47606885167809065
25196,0.05054733608764533,0.3663395858175108,0.1573050659107259,0.42580801218411807
25197,0.07335443102877293,0.5523926741979435,0.06872440374794912,0.3055284910253346
25198,0.18747370264606428,0.31954622108797426,0.05064808752542048,0.4423319887405409
25199,0.3900743057020292,0.08877111285230645,0.3098689360086776,0.21128564543698683
25200,0.0936444725051572,0.39564544283670483,0.07529242093069996,0.435417663727438
25201,0.2216842851823216,0.08818533524427036,0.26944738284420827,0.4206829967291997
25202,0.35095909641834744,0.07802588222913515,0.23166098684959924,0.3393540345029181
25203,0.2794330855761869,0.4449683673042875,0.07510462156772169,0.2004939255518038
25204,0.0496567604941902,0.10607863272937978,0.33869724253939665,0.5055673642370333
25205,0.17428866417892425,0.22818970225146235,0.23539453523379672,0.3621270983358167
25206,0.18835015439104488,0.2807852476547306,0.2652752982740706,0.265589299680154
25207,0.1382494652624596,0.12350322335521587,0.19691066192268844,0.5413366494596361
25208,0.3475295013662,0.23890525671957044,0.16901082136257456,0.24455442055165508
25209,0.19203862598228322,0.05587988902272079,0.32053450293826197,0.431546982056734
25210,0.09356379119667335,0.2549169719461828,0.39244295535655505,0.25907628150058887
25211,0.07356523497671033,0.3322644755730169,0.31752455668674284,0.2766457327635297
25212,0.3893704071355819,0.2407713211961945,0.0801555656232426,0.289702706044981
25213,0.20679008472064783,0.17044133890136054,0.3288045000059864,0.2939640763720053
25214,0.1399623467009808,0.2581573023804948,0.3705885512830972,0.23129179963542712
25215,0.5419585555026353,0.1348790731774987,0.0655491143790555,0.25761325694081055
25216,0.41304505789259366,0.41150982242042816,0.05738396138565828,0.11806115830131994
25217,0.38313570838226974,0.48710342879203533,0.032152074705004315,0.09760878812069046
25218,0.3047882953870987,0.488840352519531,0.032409296422374334,0.17396205567099599
25219,0.1405926827203071,0.6622830831839334,0.022170467282024237,0.17495376681373526
25220,0.10566186998607609,0.06410426828224934,0.6230171901737158,0.2072166715579586
25221,0.19414796600112555,0.6433799529082737,0.06915347383477982,0.09331860725582104
25222,0.22436807301724138,0.2987548802833124,0.3999866442306101,0.076890402468836
25223,0.1416860319133901,0.42471015712213983,0.1321156432326262,0.3014881677318439
25224,0.10648146181375401,0.6167721207650705,0.12680260763810622,0.14994380978306934
25225,0.47482137908146343,0.09424500014725319,0.17524639015092253,0.25568723062036103
25226,0.5924735832656923,0.211492047064478,0.09499945672476415,0.10103491294506547
25227,0.08114222237993483,0.7303790917411154,0.05321134523675905,0.13526734064219068
25228,0.10356612348118023,0.11046595503501655,0.5539680770915503,0.23199984439225307
25229,0.051820641071251006,0.056677069140308976,0.7468250383982835,0.14467725139015652
25230,0.23120486077797703,0.09870092608346562,0.5557869210734059,0.11430729206515142
25231,0.04547944817482601,0.5422727440315719,0.23049433506212086,0.18175347273148126
25232,0.21829572705878428,0.5151058781545962,0.04699938018180233,0.2195990146048171
25233,0.03384110995709026,0.43062347100378323,0.478000096023101,0.05753532301602554
25234,0.3186072780821217,0.111908000282345,0.5244286825626494,0.045056039072883844
25235,0.23132309982515678,0.08476465578379633,0.6124263324690344,0.07148591192201242
25236,0.6485152584440484,0.12691175848342517,0.13027497911663155,0.09429800395589474
25237,0.4721275298001689,0.4618146636008007,0.028213047701089757,0.03784475889794059
25238,0.07544312602362457,0.12903800205462923,0.7232032786788178,0.07231559324292845
25239,0.3472280638655303,0.5346083651330173,0.05698504200853643,0.06117852899291596
25240,0.08687831908736202,0.09444863629038591,0.7371471992305916,0.08152584539166045
25241,0.3236631769441849,0.21321097408385126,0.4432145948298759,0.019911254142087862
25242,0.07190372716775184,0.2490781133410026,0.5957118286733595,0.08330633081788612
25243,0.09442454079883748,0.5199886803338976,0.3545490136192871,0.031037765247977845
25244,0.39789634838377075,0.4935204708371303,0.056098223971718125,0.05248495680738078
25245,0.36394257562067006,0.029010067986174594,0.5792491440316156,0.027798212361539766
25246,0.30079543028584826,0.47501962994394364,0.196747791482757,0.02743714828745108
25247,0.3153193867880512,0.17223539102281993,0.43520015475874413,0.07724506743038473
25248,0.22019838603278177,0.28803000457855443,0.33100859515642256,0.16076301423224115
25249,0.12032091141816297,0.7091946542711581,0.12368945427385483,0.04679498003682404
25250,0.2820229222854511,0.35649809217671313,0.32272566818978005,0.03875331734805558
25251,0.2310949495989943,0.45754989397780355,0.21854703824194052,0.09280811818126157
25252,0.8088711986975583,0.07708403526933008,0.0558566052286602,0.05818816080445135
25253,0.13895583176607904,0.6527498442114985,0.08356746931204849,0.12472685471037398
25254,0.44540134486914285,0.29323868374398204,0.07693795523148886,0.1844220161553863
25255,0.5132101841491158,0.2936993061097309,0.07058618575595496,0.12250432398519841
25256,0.028306981260003698,0.8853315085543122,0.02980017217753156,0.056561338008152585
25257,0.21210725284417692,0.13284446451285475,0.5693183193326776,0.08572996331029072
25258,0.501714543181616,0.2657119063279988,0.10723469938214733,0.12533885110823792
25259,0.23344248259541647,0.56447443856827,0.15159408242540826,0.05048899641090523
25260,0.05236599669921827,0.6013068148769793,0.24618663179127961,0.10014055663252291
25261,0.5950856786752808,0.19805302452499676,0.16697645715437764,0.03988483964534481
25262,0.3272399102186498,0.4518474872339424,0.08365191059975449,0.1372606919476531
25263,0.45625615123248786,0.19099116003948213,0.2685705428691701,0.08418214585885987
25264,0.09519935370521342,0.2805241695204924,0.4832801585394176,0.14099631823487652
25265,0.8203944271286664,0.09190987338957042,0.04136898376429022,0.04632671571747307
25266,0.06724457386638198,0.6738918332631284,0.18467499213404973,0.07418860073643994
25267,0.12054297750067172,0.15981124609133396,0.6485757872299838,0.07106998917801041
25268,0.068844836910231,0.3422765087059408,0.5506665570611332,0.038212097322694934
25269,0.3163202106861814,0.3191387229881306,0.1364090861191522,0.22813198020653563
25270,0.4557220277001273,0.2795299875183378,0.1778053751340226,0.08694260964751223
25271,0.02331135934976993,0.28994952380738837,0.616645608753431,0.07009350808941073
25272,0.30145155343092617,0.3562121675730242,0.2112806387738539,0.1310556402221957
25273,0.3389840657626951,0.28222667449848027,0.19612415335615097,0.1826651063826737
25274,0.25557359681230113,0.2900302500700875,0.2902158010488356,0.1641803520687759
25275,0.6443497853948496,0.23779153987008458,0.031107323054093628,0.08675135168097227
25276,0.3977274945837204,0.40378639984261927,0.08498860623372156,0.11349749933993859
25277,0.12487892523619899,0.07545157193800897,0.6147258860436784,0.18494361678211346
25278,0.39908926113456,0.42875379267502617,0.07680847056216449,0.09534847562824932
25279,0.7168128448833969,0.11567608435306864,0.027086891884254602,0.14042417887927997
25280,0.13270363705796817,0.16760908069098698,0.6331089491145749,0.06657833313646988
25281,0.45855567262925856,0.05111805860985689,0.40555402295265125,0.0847722458082334
25282,0.7659609620180406,0.05065332872763424,0.06190991315599933,0.1214757960983257
25283,0.2553627702225859,0.10838562785704077,0.45895820529387105,0.1772933966265022
25284,0.29256050848055143,0.5928373266023536,0.044333213589371215,0.070268951327724
25285,0.4356961636906972,0.2881540426870969,0.17509329931263118,0.10105649430957464
25286,0.7240600069363097,0.09831189557155132,0.055580692106592076,0.12204740538554691
25287,0.16328809959106322,0.6224342060262497,0.11781167494897334,0.09646601943371376
25288,0.20588872886502305,0.13028178125698003,0.30879098795487137,0.35503850192312547
25289,0.08848177513989883,0.5673584699668621,0.17860604217478926,0.16555371271844985
25290,0.18517378568332382,0.5115043364007488,0.09891939562193347,0.2044024822939938
25291,0.603163127487594,0.11828629993875232,0.042553486211156386,0.2359970863624973
25292,0.1683081734911225,0.10671136967585591,0.30770906155433464,0.4172713952786869
25293,0.06967509833304933,0.3264461200779948,0.22870719401076878,0.3751715875781871
25294,0.18802859609509492,0.3887337857933971,0.09144563822437438,0.3317919798871336
25295,0.11165156882068629,0.13150822045495508,0.38416422052116117,0.37267599020319747
25296,0.16300574456628267,0.585364776814271,0.06606032645440593,0.18556915216504025
25297,0.07079834527050992,0.5249042839246207,0.1122219000116767,0.2920754707931925
25298,0.7618739424887286,0.05090663976788868,0.019301355592494622,0.1679180621508882
25299,0.5126245171359151,0.09288646368553038,0.28296407099760784,0.11152494818094695
25300,0.3678075014853143,0.4231025520642046,0.039386642775286355,0.1697033036751948
25301,0.4704247721962444,0.050300224685488365,0.1728862195158981,0.30638878360236915
25302,0.6707099286922615,0.06923540920307329,0.11038369318358668,0.14967096892107856
25303,0.06850430182882405,0.47910498582070155,0.22310288283782295,0.22928782951265128
25304,0.0701525898523205,0.10885360299402341,0.6274999721455101,0.19349383500814588
25305,0.7808513840317716,0.031893874380575025,0.0749688248673924,0.11228591672026096
25306,0.26377901916106133,0.34882757769932377,0.06454599747973708,0.3228474056598778
25307,0.12308804057073851,0.41816712822989976,0.09366668815379468,0.36507814304556696
25308,0.15928724357483323,0.6199312476839831,0.07384423981884763,0.14693726892233594
25309,0.25931600959514556,0.15329495410242255,0.22514234606172884,0.36224669024070305
25310,0.5600289324472724,0.2801850962590724,0.03607019347158968,0.12371577782206572
25311,0.35723843107561026,0.19064971117882576,0.38170164858505135,0.07041020916051255
25312,0.1972594027666271,0.03831043044219311,0.6574805393029817,0.1069496274881981
25313,0.4435327314994141,0.15347965080237916,0.27719738403463673,0.1257902336635701
25314,0.6319344744003474,0.10492662255790235,0.0637309665126658,0.19940793652908445
25315,0.6774220322311273,0.1057868477600021,0.1539666241748263,0.06282449583404426
25316,0.4053532012933478,0.2387634167499911,0.09414732280130879,0.26173605915535225
25317,0.11947774843827763,0.42842097440123533,0.325870136019343,0.12623114114114387
25318,0.6605751512583885,0.13406315356424636,0.08022894056298452,0.12513275461438061
25319,0.1861452382725016,0.6591918495833167,0.05606051623220518,0.0986023959119765
25320,0.16970273969298094,0.13436097529058302,0.5988684593495196,0.09706782566691635
25321,0.058385957305578315,0.04555323412939747,0.8118966562593811,0.0841641523056431
25322,0.4436191357976037,0.032927908831451864,0.47079805308580724,0.05265490228513705
25323,0.36131571096042403,0.08300293914959601,0.4860377278298718,0.06964362206010806
25324,0.29440770384644765,0.5352371762982995,0.06294994976974332,0.10740517008550948
25325,0.3009519849792121,0.48169833696908937,0.06564038896672046,0.15170928908497816
25326,0.2120494333759882,0.09166300675070697,0.5012730680054104,0.1950144918678944
25327,0.10480612086559687,0.39975928490996226,0.2888745710365779,0.20656002318786298
25328,0.10389397577906084,0.08161548254441202,0.639887632919653,0.17460290875687412
25329,0.26468692997935206,0.12043513087337204,0.11940961724386207,0.49546832190341383
25330,0.05753345749573647,0.19329664959447493,0.5222968475436561,0.22687304536613248
25331,0.18827493749388502,0.3478508549870443,0.06600534711478785,0.3978688604042828
25332,0.3182284295629382,0.23126581768504062,0.11023971217276306,0.3402660405792582
25333,0.21767807300554864,0.2458624327987602,0.1607420234005191,0.37571747079517204
25334,0.3659022316065815,0.3676796975759962,0.050242439100232156,0.21617563171719023
25335,0.07096242692561507,0.40492466774084646,0.24768282356322463,0.2764300817703138
25336,0.052243109299852486,0.24335190531349252,0.4883314102923976,0.2160735750942574
25337,0.12058281787608949,0.07097495413439567,0.3545778105191162,0.4538644174703987
25338,0.11754842013408567,0.1539989289780575,0.5323583401172752,0.19609431077058154
25339,0.30652176600374087,0.044123130773800756,0.46573919344373976,0.18361590977871853
25340,0.1255316752855678,0.5919445697303167,0.08761565126211053,0.194908103722005
25341,0.045745980781951745,0.591425847218802,0.09258809731412418,0.270240074685122
25342,0.04235074129302827,0.2688156892809072,0.5765486275956698,0.11228494183039472
25343,0.22718829784371533,0.43057962678301326,0.2332857768528067,0.10894629852046475
25344,0.2414921158654616,0.15271122390820513,0.45318545853465386,0.15261120169167927
25345,0.08467722848945662,0.293620557598909,0.4525425539687087,0.16915965994292564
25346,0.38239989257439766,0.10026547389534123,0.15144211391919446,0.3658925196110668
25347,0.34897979939806223,0.4580808323766265,0.06942412237548957,0.12351524584982172
25348,0.34862361362951894,0.15958427978026668,0.12200361403786188,0.36978849255235247
25349,0.08044400247027879,0.19426736080284118,0.5687322417142563,0.15655639501262383
25350,0.4866914660688341,0.2440234120497504,0.06649372079987614,0.20279140108153926
25351,0.15787140458696716,0.171082738553867,0.4440201613069678,0.22702569555219818
25352,0.2923424859953574,0.20758457688789403,0.1516912178032148,0.34838171931353373
25353,0.22690678661894037,0.15565980101664945,0.25851251080551435,0.3589209015588958
25354,0.5854410167877396,0.046154396464346464,0.289680435082909,0.0787241516650048
25355,0.13686654542695936,0.4161284511252193,0.1018280878575411,0.3451769155902803
25356,0.14327283131898716,0.2896220323508412,0.08292603363570183,0.4841791026944698
25357,0.12234875752737609,0.3600203648852371,0.4261175920024347,0.09151328558495217
25358,0.4523430168956168,0.15308348242269548,0.2691736238347971,0.12539987684689075
25359,0.4801637106733777,0.07894920243548115,0.36183316929212606,0.07905391759901509
25360,0.11828730570424852,0.17499675630158706,0.49819447979122516,0.2085214582029393
25361,0.42164060941435116,0.07573692689604115,0.37076679271443913,0.13185567097516857
25362,0.0736725058924706,0.11212710654120943,0.5578035824346693,0.2563968051316508
25363,0.13247324392790633,0.1492535287507157,0.3579920074029887,0.36028121991838935
25364,0.08704181563368922,0.14853961430300006,0.5550947126645912,0.20932385739871942
25365,0.5032843127442361,0.07022060360506091,0.16023471156357894,0.266260372087124
25366,0.12571845631713563,0.38342389978052793,0.3995515256018058,0.09130611830053069
25367,0.07531024057211377,0.691604553828728,0.17360097500884847,0.05948423059030995
25368,0.6227028541185172,0.3246437364059537,0.022335892875627154,0.030317516599901957
25369,0.278252804153586,0.09213801865931241,0.5932014009166949,0.03640777627040668
25370,0.23723928543482692,0.42393119765371873,0.26712870560563673,0.07170081130581753
25371,0.18370669668403508,0.5978069743210047,0.16642476708581272,0.052061561909147486
25372,0.2601261065954539,0.020241335230320845,0.6981323491552048,0.021500209019020566
25373,0.039260090060467503,0.529641522428777,0.38546773040565463,0.045630657105100864
25374,0.12063368827407825,0.08043828485233052,0.7741632324128334,0.024764794460758
25375,0.057620805371568676,0.5410932955688822,0.3655350558675917,0.03575084319195742
25376,0.3269085531106338,0.23844379539007587,0.36009246230397063,0.07455518919531978
25377,0.2464192227210348,0.5048610217542369,0.18638400338111116,0.06233575214361713
25378,0.527869906338484,0.09470605845599392,0.3430495884662079,0.034374446739314245
25379,0.17817206306925826,0.7228215120583747,0.05688781425932793,0.042118610613038954
25380,0.1342427826587744,0.5752089222110073,0.25085593801189815,0.0396923571183202
25381,0.34720283169904,0.219148068439037,0.3137414614316967,0.1199076384302262
25382,0.5927463530878294,0.22333401220186447,0.12210570774390103,0.06181392696640498
25383,0.04051476969381458,0.43774111946541044,0.48995235178926877,0.03179175905150607
25384,0.19155463158187427,0.10409785895449122,0.6451832509987445,0.05916425846489001
25385,0.06084269424073191,0.21062200059051892,0.5686505994239894,0.15988470574475977
25386,0.2790117368542122,0.1245801819169313,0.09678426578025655,0.4996238154486
25387,0.20095207014609806,0.16958632598936965,0.14707005986717026,0.48239154399736195
25388,0.04947705008273365,0.11954304955816375,0.6869291066965473,0.14405079366255535
25389,0.24330405501601807,0.5421200234396365,0.052285893367138236,0.16229002817720709
25390,0.04621679563422263,0.14211533935828233,0.643886545439731,0.1677813195677641
25391,0.1562456583522286,0.19711172288051704,0.37092479325533295,0.27571782551192137
25392,0.15216715589519023,0.057455099478907215,0.5503788556939839,0.23999888893191867
25393,0.13283729505386863,0.5844477183447531,0.13529273454022722,0.14742225206115117
25394,0.01666697713951811,0.24806200066368816,0.6811021722348201,0.05416884996197365
25395,0.05637558599164357,0.3156413867709541,0.33739439518230024,0.2905886320551021
25396,0.18754093816915063,0.5399458499972487,0.14464282968136596,0.12787038215223462
25397,0.15780161109797441,0.10102684432837669,0.5756546850176366,0.16551685955601228
25398,0.21997046286996083,0.10268746719034874,0.3558455831603482,0.32149648677934234
25399,0.11918092333036104,0.40007652851369935,0.18583513042456631,0.2949074177313734
25400,0.1347323574847172,0.4193873567010533,0.22603645082903065,0.21984383498519883
25401,0.18567559705241066,0.16120228195307135,0.2624370239395492,0.39068509705496873
25402,0.3971316820774105,0.14143419898737625,0.15215218328742977,0.3092819356477835
25403,0.07627013180080006,0.3252320209318946,0.4679071059810131,0.1305907412862921
25404,0.348851167000802,0.1662675367821954,0.06667225392526033,0.4182090422917424
25405,0.5203977203628272,0.08178527432593138,0.107061504264604,0.29075550104663755
25406,0.08233216078588018,0.3409610767112636,0.08834853956432275,0.48835822293853354
25407,0.14769120655111537,0.08650321886958488,0.40773853510342284,0.3580670394758768
25408,0.15570583590477882,0.3868224446031923,0.05126176669365588,0.4062099527983729
25409,0.2700060210813605,0.10756119475562201,0.4039489181990099,0.21848386596400754
25410,0.024318693440448496,0.220233351356018,0.48255525013171824,0.2728927050718153
25411,0.10063221074271317,0.1202780442941544,0.09427788950450568,0.6848118554586269
25412,0.5423534286046597,0.07541033293779831,0.05509530711540438,0.3271409313421376
25413,0.6068851090893094,0.10983388346664565,0.10367184537801627,0.17960916206602873
25414,0.06730178228578443,0.03403599846212985,0.6647531251719285,0.2339090940801572
25415,0.053576769358252146,0.2600443276714923,0.31604806937696217,0.37033083359329333
25416,0.1464453363426486,0.24781014740830637,0.26524376524168813,0.34050075100735683
25417,0.02847972026894019,0.1843577827223665,0.5655345063928279,0.22162799061586544
25418,0.03535415146565248,0.46775314352915703,0.06501043995742009,0.4318822650477704
25419,0.12471780459788978,0.4269321998670192,0.2776103563360331,0.17073963919905785
25420,0.07746422775651551,0.31885855465536556,0.19273822017512762,0.4109389974129914
25421,0.39084783254442046,0.2434999942441811,0.23088407421022178,0.13476809900117678
25422,0.25173674561828174,0.0772789580456336,0.05655758651366071,0.614426709822424
25423,0.6177081802819414,0.04398230680405905,0.18656805194279466,0.1517414609712048
25424,0.18527281190391426,0.15971206770329827,0.4840390853815453,0.17097603501124217
25425,0.2563276711004734,0.10366413162369745,0.47412472324935645,0.16588347402647263
25426,0.3215494682898148,0.48027239243398134,0.049492288761224613,0.14868585051497923
25427,0.06112606187794146,0.20405378152675616,0.5091941072564824,0.22562604933882
25428,0.22918756274893864,0.120312980008707,0.3392614472372965,0.31123801000505785
25429,0.4399458463297071,0.08444692443593958,0.30001465566544866,0.17559257356890468
25430,0.5285914652166377,0.06302931862980364,0.29953363924681015,0.1088455769067485
25431,0.11083864219000265,0.44715622753504525,0.31723536673103564,0.12476976354391657
25432,0.28796335905247056,0.1594965225859917,0.24991904487216243,0.3026210734893753
25433,0.09165595551553544,0.13875990898478943,0.5039496745930292,0.26563446090664594
25434,0.25712623757336406,0.1342818885657193,0.47210706866069224,0.1364848052002243
25435,0.39320856960090517,0.34166015764925656,0.18127200501191315,0.083859267737925125
25436,0.14580348455878234,0.4931232964943414,0.12622767526289871,0.23484554368397764
25437,0.4847781622570792,0.33270224009528626,0.09850650657395599,0.08401309107367863
25438,0.31953990950367916,0.12659495192402448,0.4353051605820674,0.11855997799022884
25439,0.20057268131742118,0.09606467585324757,0.5134762220001353,0.1898864208291959
25440,0.05965674877744001,0.07190727386848077,0.6186353098317743,0.249800667522305
25441,0.43969968919354613,0.25455103750132785,0.18352714064690656,0.12222213265821956
25442,0.057082973721055655,0.0793065739191897,0.6876468369400753,0.17596361541967925
25443,0.475172033379044,0.2795376147146549,0.07795336658552587,0.16733698532077537
25444,0.10164657674045004,0.22829506476502578,0.3788587691590407,0.29119958933548346
25445,0.18306112611972644,0.6164486232213879,0.12544019407713933,0.07505005658174628
25446,0.5869665803266975,0.1436320085806687,0.07917265922276204,0.1902287518698719
25447,0.13150017080576273,0.46348449578634254,0.12225660722837989,0.28275872617951475
25448,0.4354013511588016,0.33432751417764645,0.08093948091821447,0.14933165374533736
25449,0.10594958613207354,0.603160952350049,0.07604477050252709,0.21484469101535042
25450,0.596759583895468,0.1688105208863419,0.15226142465696965,0.08216847056122033
25451,0.49311654469331667,0.35663494480465646,0.08266227402669328,0.06758623647533354
25452,0.6981971619191718,0.11840300163424018,0.03694630407164146,0.14645353237494665
25453,0.15919171701857324,0.184333095762374,0.17851732795370095,0.4779578592653518
25454,0.4092365192670768,0.12884062171583344,0.3751415032526635,0.08678135576442626
25455,0.47796045969342954,0.15761915355081094,0.11235029016436415,0.25207009659139523
25456,0.20572294720652606,0.262105675645797,0.2710876486224114,0.26108372852526557
25457,0.20744961060451966,0.2703699802247304,0.4190060725755882,0.10317433659516188
25458,0.5020922059730525,0.14751650329484167,0.1910659449425164,0.15932534578958937
25459,0.7655280218558399,0.05675638964386019,0.08983977819991927,0.08787581030038065
25460,0.18733884715287655,0.278663107187691,0.4476095140283823,0.08638853163105008
25461,0.06116694793893195,0.15570657818225522,0.29610140530839424,0.4870250685704187
25462,0.08780117729579934,0.43303263020491556,0.07007644095237824,0.40908975154690697
25463,0.2789381471656747,0.11323699429070376,0.2085555375566671,0.39926932098695433
25464,0.0372035215725085,0.4247744683420798,0.2601943712959416,0.2778276387894701
25465,0.4782982628744188,0.25397508780568934,0.07667869641891707,0.19104795290097487
25466,0.07092537032253968,0.21333320093511138,0.5761328743011185,0.13960855444123055
25467,0.17123484975408054,0.24468999099389477,0.1358040413230879,0.44827111792893687
25468,0.13887643187825108,0.4564319924275609,0.19168668618775148,0.21300488950643665
25469,0.1844362929733472,0.48145141530627134,0.06402536920262586,0.2700869225177555
25470,0.1742596501101536,0.320671866286807,0.3639184643289952,0.1411500192740442
25471,0.05085401910629584,0.34541674580530024,0.06607111464608952,0.5376581204423144
25472,0.174512441057635,0.269573492465609,0.2261669149663183,0.3297471515104377
25473,0.2588125076965775,0.23606422903353774,0.3166446698669743,0.18847859340291048
25474,0.14133144919915885,0.516854224484052,0.05284521459849429,0.2889691117182949
25475,0.10000316728571712,0.45766102065973163,0.16942114999925653,0.2729146620552947
25476,0.18492818399183772,0.458648530089804,0.04719399935825904,0.3092292865600993
25477,0.13906504419321292,0.23210608875538732,0.2898081351846072,0.3390207318667926
25478,0.10500097640025596,0.3564382949132765,0.07093150551604152,0.46762922317042593
25479,0.024585065571550612,0.03660233920873625,0.7684026734667379,0.17040992175297534
25480,0.12157016369815454,0.14770199873789933,0.3547080817769035,0.37601975578704266
25481,0.15182130408993338,0.6291499182950894,0.060447702818469805,0.15858107479650732
25482,0.43323341885833033,0.22397833435097944,0.23083725701362656,0.11195098977706365
25483,0.31657139317376876,0.40245724552291495,0.2083037739826427,0.07266758732067359
25484,0.3355090476556916,0.0888010900967008,0.23350106148309868,0.34218880076450897
25485,0.4814386226952626,0.20809412183152612,0.20370222410003816,0.10676503137317318
25486,0.2994898870412238,0.264477825848059,0.2697467490409582,0.1662855380697591
25487,0.4501249212845914,0.1445058475105369,0.13059390824540618,0.2747753229594655
25488,0.40261569403441066,0.13581570488825184,0.21338487035455134,0.2481837307227862
25489,0.3104813527481296,0.34598709726443605,0.1660013351864102,0.1775302148010241
25490,0.12586384240757975,0.10635017517338324,0.7063434131793715,0.06144256923966545
25491,0.14779171450265818,0.34516815770260834,0.16596034109958405,0.3410797866951494
25492,0.49405325963497937,0.25965865516295067,0.14495465962055035,0.1013334255815197
25493,0.11768150783881223,0.2021396506843638,0.26439299935571914,0.4157858421211048
25494,0.5983247586084236,0.20680912768479273,0.0423284223162899,0.15253769139049383
25495,0.367204704231449,0.12633011946660566,0.3840921987152421,0.12237297758670322
25496,0.07332869859464,0.19436949447238272,0.5483520291527848,0.1839497777801925
25497,0.05379622979983791,0.07115680091586027,0.7387735252220643,0.13627344406223738
25498,0.6967404654148179,0.06890807291039133,0.05632153770773416,0.17802992396705666
25499,0.05963963444169541,0.2236523276696273,0.5876844706997093,0.12902356718896796
25500,0.6946069348326392,0.05513417097436674,0.13734644218251738,0.11291245201047653
25501,0.21486554269473604,0.4475356572731982,0.15043568043494393,0.18716311959712176
25502,0.36495354537009517,0.0561088341746718,0.4680276800721533,0.11090994038307962
25503,0.13869643494278108,0.2144877373681198,0.41000253259512803,0.23681329509397098
25504,0.25647354111358533,0.6013600050724935,0.03892901321999932,0.10323744059392191
25505,0.02707302030360817,0.5025736679463255,0.3193237723478511,0.1510295394022151
25506,0.29456439053739586,0.24059815946570653,0.3633230146231167,0.10151443537378094
25507,0.20987756901786364,0.3575959369471375,0.11313322755775033,0.31939326647724847
25508,0.024317162041533273,0.44128787777420597,0.446182477204685,0.08821248297957593
25509,0.5193612722307074,0.10555150573203415,0.211945604104108,0.1631416179331505
25510,0.24894025426197885,0.18886053497772728,0.42777431441622116,0.13442489634407268
25511,0.6005648603655995,0.11093995429687781,0.06314556125800276,0.22534962407951992
25512,0.4959676290170364,0.052476242396462806,0.33313343700030196,0.11842269158619873
25513,0.11346923065936312,0.28710533100612623,0.2618724843370365,0.33755295399747415
25514,0.0640353879825012,0.3323375331783603,0.4735661740581145,0.13006090478102408
25515,0.1518068366464962,0.4425819352805297,0.1297511575483355,0.2758600705246386
25516,0.2547291735279651,0.5151187513636092,0.05143285934609758,0.1787192157623281
25517,0.3835149399053446,0.12188411615285803,0.26147546099584906,0.23312548294594826
25518,0.33702008428355146,0.3592334249397126,0.15155848337027544,0.1521880074064605
25519,0.05359712532678963,0.5394172214590067,0.3138805796771826,0.09310507353702105
25520,0.21827872844685697,0.2522234625629069,0.4651826489893065,0.06431516000092952
25521,0.31687700260476637,0.38584637350945633,0.10638548624490601,0.19089113764087137
25522,0.07927281063764514,0.5874832125745917,0.10235828860530476,0.2308856881824584
25523,0.730634637628736,0.04497502821410916,0.1090362761424211,0.11535405801473361
25524,0.1657418194880903,0.2855126938089101,0.382191317889058,0.1665541688139415
25525,0.5023635851193188,0.20048960850181366,0.12110610851592292,0.1760406978629446
25526,0.25334138280246343,0.647914202296543,0.03374717068328504,0.06499724421770856
25527,0.46781909251844445,0.2829436811118554,0.07057888575066522,0.17865834061903488
25528,0.49315198827654744,0.16412757854444832,0.2788325809037086,0.06388785227529559
25529,0.5005154730177085,0.1886705167665187,0.20952919824928737,0.10128481196648548
25530,0.15850798061606197,0.6229812855157847,0.10827851561488033,0.11023221825327306
25531,0.03516558538293854,0.1727187293217759,0.7369601950478488,0.05515549024743684
25532,0.2632899822049877,0.41421386985281383,0.2681641737016384,0.05433197424055985
25533,0.29707997344186554,0.08255674610683794,0.5401867384041767,0.0801765420471197
25534,0.06510542941340028,0.7241076586183117,0.09596586384023156,0.11482104812805657
25535,0.4596816069832425,0.35687945965174966,0.05163337207088399,0.13180556129412382
25536,0.07274767737239146,0.36757182181123305,0.43309641630800666,0.12658408450836897
25537,0.05141658725864045,0.09404246941425243,0.4168502446148261,0.43769069871228095
25538,0.5123942371974853,0.08907740773467064,0.13487577424750347,0.2636525808203407
25539,0.5486740526824104,0.24714108349405003,0.045933653874398885,0.15825120994914066
25540,0.14417117679742972,0.045440324784815196,0.666858744141454,0.1435297542763012
25541,0.2936964838332617,0.398197251679491,0.1764947764141176,0.13161148807312983
25542,0.23423108146232569,0.2876367029221454,0.1075291301417204,0.37060308547380866
25543,0.2047271465819881,0.16719737965629092,0.44923304026097877,0.17884243350074217
25544,0.5336619938827821,0.15588024043404525,0.02926046237295868,0.2811973033102139
25545,0.23503498768359155,0.30801712525556313,0.30642491499015506,0.1505229720706902
25546,0.3021312414475982,0.4788866726360272,0.09181832407498138,0.12716376184139327
25547,0.07467294330087089,0.2273873468870666,0.5548153362436768,0.14312437356838562
25548,0.14290318805287974,0.1825323536091362,0.296828454531335,0.377736003806649
25549,0.0935212533462709,0.09486958464445464,0.46117469441054487,0.3504344675987296
25550,0.1678769456532081,0.12808115021662286,0.0886275799452308,0.6154143241849381
25551,0.1903629291654986,0.21291750849600138,0.17634319443621324,0.4203763679022869
25552,0.08300843680765281,0.46748554569691503,0.23611305639537758,0.21339296110005462
25553,0.07235770103808133,0.5975594666491504,0.07174286310586081,0.2583399692069074
25554,0.030441403282722313,0.6650651701448407,0.06289997348343991,0.24159345308899718
25555,0.24416734173935678,0.1802442140408377,0.05035241484395513,0.5252360293758505
25556,0.26513628900640474,0.5554912487199074,0.15158020614344683,0.027792256130240982
25557,0.4712597291370872,0.39671528596236144,0.10254569772626188,0.02947928717428942
25558,0.45911086492530395,0.34576630642123446,0.10460841934948578,0.0905144093039759
25559,0.4265411533422037,0.28155780556512655,0.2610131606965743,0.030887880396095475
25560,0.331841459694332,0.4153960750061007,0.19011950282840623,0.06264296247116105
25561,0.17265353436631153,0.5898422331481243,0.16685297890003997,0.07065125358552408
25562,0.14111369768352386,0.2544245614389234,0.5259127444139423,0.0785489964636105
25563,0.4793999890330374,0.2047506720675436,0.2809736278475127,0.03487571105190635
25564,0.09057612843135285,0.12720962842376993,0.7455328531702401,0.03668138997463719
25565,0.433471967132344,0.09739470239896739,0.3421886570930022,0.1269446733756865
25566,0.114081585612561,0.6714115572631215,0.11122373838365493,0.10328311874066254
25567,0.027980312844384438,0.5310409279761817,0.4067288288445518,0.034249930334882134
25568,0.42115208244593944,0.4362708045009311,0.12109381119126447,0.02148330186186518
25569,0.2993437686193702,0.2982947878955551,0.37243336806602856,0.02992807541904624
25570,0.4298412856226343,0.160824916586345,0.35541083669765156,0.053922961093369144
25571,0.53935483074028,0.2552736566985458,0.09233778278519321,0.113033729775981
25572,0.5988894224899188,0.1475757724853792,0.17072762072767214,0.08280718429702977
25573,0.04905608413280114,0.8534789845257922,0.0686904894049788,0.028774441936427825
25574,0.10341596963809578,0.1124977120941465,0.7035071059627945,0.0805792123049632
25575,0.6745857362419702,0.06163302911866825,0.20830166227411678,0.055479572365244804
25576,0.4050927352277376,0.03802471590820256,0.516246213553493,0.04063633531056684
25577,0.4850992409219955,0.17066333892741353,0.15560311611324845,0.18863430403734266
25578,0.46241547260847143,0.374574783028697,0.10392518643204232,0.05908455793078922
25579,0.7012307419936689,0.19355286883117748,0.053796789524119225,0.051419599651034424
25580,0.39607840388154475,0.3682395229244507,0.15929391535758508,0.0763881578364196
25581,0.5823914043975723,0.23736705685164275,0.08852920591112015,0.09171233283966478
25582,0.13720400170455463,0.2864385702217442,0.2608475213158152,0.3155099067578861
25583,0.5740462229733814,0.04785460059121296,0.3440622444359651,0.03403693199944052
25584,0.2938953674906852,0.4248346887559468,0.16463531534212106,0.11663462841124711
25585,0.19967873285592166,0.4628940366864594,0.1864691774907032,0.15095805296691583
25586,0.0433677577033628,0.18133277297299005,0.7377545116958191,0.03754495762782819
25587,0.7741666920856765,0.0869221730950226,0.09430855956711802,0.04460257525218297
25588,0.451792573328799,0.179261644526428,0.23953676038962635,0.1294090217551467
25589,0.47710083574891116,0.41311718360228866,0.07600071947840657,0.03378126117039362
25590,0.326638499221048,0.4054932537626273,0.0693942271212332,0.19847401989509153
25591,0.179715132847563,0.626441526684723,0.10290159177178172,0.09094174869593226
25592,0.4647935471748596,0.47889779720993453,0.01994965221699154,0.03635900339821441
25593,0.2800245279779207,0.5210357113951709,0.1619565055415878,0.0369832550853205
25594,0.20697179947764816,0.4801812580437821,0.18670064767161293,0.12614629480695677
25595,0.40823593330441155,0.34670740846982606,0.13352004452516242,0.11153661370059996
25596,0.07599138788142905,0.08319340959978523,0.6635614806302735,0.17725372188851224
25597,0.2907745697430482,0.23123929934903542,0.17876698602181373,0.29921914488610263
25598,0.3866904611416258,0.33913218630705366,0.07261868316401542,0.20155866938730505
25599,0.18768342510650496,0.15524033202972287,0.5128140440930303,0.14426219877074184
25600,0.08818170496685909,0.1009721743880676,0.667024748823355,0.14382137182171822
25601,0.45932082478439,0.026909565730056817,0.4294351753985261,0.08433443408702711
25602,0.33718442631384693,0.21767184568904768,0.1790202366609709,0.2661234913361346
25603,0.5431430639534892,0.3463171643234384,0.04412294136605974,0.0664168303570126
25604,0.1533449853709759,0.6665321500852068,0.1411062138994271,0.039016650644390256
25605,0.12854327966579576,0.13620881079143696,0.3463949502577656,0.38885295928500174
25606,0.08947985499574565,0.6676910806141793,0.05869855157391947,0.1841305128161555
25607,0.451898288136879,0.34853710666449056,0.05124536637647902,0.1483192388221515
25608,0.13040884646260867,0.41476917262414753,0.27176232737531003,0.18305965353793374
25609,0.6044480478528815,0.16388412350461176,0.10815056736175131,0.12351726128075552
25610,0.3325853617006769,0.26602165596087063,0.20216651611895375,0.1992264662194988
25611,0.0522566000271317,0.452024433085991,0.4023331941040598,0.09338577278281757
25612,0.12227313955741274,0.38327363008493104,0.4307302345099168,0.06372299584773956
25613,0.6205767063671693,0.0609540660553361,0.09662047433021505,0.2218487532472796
25614,0.3097763583647301,0.19003161737972066,0.10146174024496787,0.39873028401058136
25615,0.4534900495733206,0.25008867778499977,0.11941678707834374,0.1770044855633358
25616,0.06279109678738717,0.22575858801305723,0.34955576527541654,0.361894549924139
25617,0.7033285639507804,0.11103226152348682,0.06679444144380489,0.11884473308192806
25618,0.13858172691489143,0.18051867526894724,0.5324985337114521,0.1484010641047091
25619,0.07336704310805037,0.06508445699321572,0.5406722535680719,0.320876246330662
25620,0.08397188975989846,0.07877448417426518,0.41306106217659144,0.4241925638892449
25621,0.04914485549093832,0.05351350325234823,0.7029376698852438,0.19440397137146972
25622,0.384070366606667,0.16374386588601367,0.27134546685925537,0.18084030064806406
25623,0.2544004509592722,0.33327570952228996,0.09636697700034197,0.31595686251809596
25624,0.17956345291581688,0.2196679737511799,0.14801446014688263,0.4527541131861205
25625,0.07132547507882206,0.2471833509267484,0.17680865552413952,0.5046825184702901
25626,0.28660981469555386,0.4387096123948886,0.045613300446672105,0.22906727246288555
25627,0.33714831525237327,0.2823698358787056,0.13998972565873058,0.2404921232101905
25628,0.08577476293674831,0.4292790901502383,0.25451745082153804,0.2304286960914754
25629,0.09189111247500487,0.290592004032859,0.4581508566434294,0.15936602684870663
25630,0.1783829699028823,0.5817866114156459,0.03503227443632218,0.2047981442451496
25631,0.06517384041671409,0.2932268011241778,0.3158570463950426,0.32574231206406556
25632,0.2479998087071903,0.43165571672145436,0.2945614676341937,0.0257830069371617
25633,0.08659617821837122,0.3004525556559534,0.4391597634747192,0.17379150265095625
25634,0.5157584724198252,0.18898186728617702,0.20243815574266386,0.09282150455133396
25635,0.752906301551278,0.13888707838460757,0.04519367708503015,0.0630129429790843
25636,0.5091036250872037,0.14939544350818715,0.25286353808578643,0.08863739331882266
25637,0.3030323774946698,0.28691097813973154,0.3335273879659174,0.07652925639968128
25638,0.4347761133804659,0.30138901262003887,0.10361845373480677,0.1602164202646884
25639,0.1982026822152808,0.5669358735375616,0.1550328960169496,0.079828548230208
25640,0.5711198697770545,0.14333596673955157,0.16094702633318544,0.12459713715020848
25641,0.24528274097217959,0.3868335967717949,0.33096811896623035,0.03691554328979514
25642,0.046364251269182,0.6513297652399088,0.19389843268630375,0.10840755080460546
25643,0.22382064280458921,0.5960127605820503,0.12427659740629128,0.05588999920706924
25644,0.6155773692167623,0.08865291833831004,0.18379781314963242,0.11197189929529523
25645,0.026971493763161908,0.8803629317721854,0.0364685617319996,0.05619701273265301
25646,0.23372610540616862,0.07549288238223996,0.6490765774359243,0.04170443477566712
25647,0.24469025065116182,0.26948580807111205,0.38034160589181165,0.10548233538591449
25648,0.274281465438857,0.1921766311892545,0.390559386989418,0.14298251638247064
25649,0.1389859207997979,0.6778424798253107,0.11116516316240824,0.07200643621248312
25650,0.057018263385545394,0.08535834753387166,0.736234289984585,0.121389099095998
25651,0.4786363556960071,0.29335309487463496,0.14243260802642826,0.08557794140292956
25652,0.456130680170497,0.09997850566197033,0.09545491242500444,0.34843590174252814
25653,0.11930924601497035,0.40825022732028404,0.3253537964894107,0.14708673017533488
25654,0.10194683012617999,0.4525211986378049,0.26732950927221555,0.1782024619637995
25655,0.11869618090308802,0.06372011089862743,0.6651990331559956,0.15238467504228906
25656,0.4921203302132643,0.1867712148284934,0.12087303443302147,0.20023542052522061
25657,0.2314602012420192,0.4596930920342298,0.08616238420533308,0.2226843225184178
25658,0.335115834687794,0.45903243984866626,0.0570194932977937,0.14883223216574598
25659,0.5632495838763313,0.11521021615883352,0.21290281518740728,0.10863738477742794
25660,0.241981735147587,0.585347304657543,0.03908523694901944,0.1335857232458506
25661,0.1636938719214604,0.08760130745100396,0.3815947333365851,0.36711008729095057
25662,0.3023607341180918,0.5220229879899789,0.026115753646544407,0.14950052424538487
25663,0.12476549453243539,0.12393214609126348,0.21817159652544096,0.5331307628508601
25664,0.029248782874793572,0.45650821151854043,0.346642891665657,0.1676001139410091
25665,0.05090234347566227,0.37688440588877714,0.30206757742698115,0.27014567320857946
25666,0.19067241904448703,0.0994173257608736,0.33159907694908836,0.3783111782455511
25667,0.6874037412780325,0.05781373566664107,0.09171587778969963,0.16306664526562686
25668,0.3069037846475495,0.19430274286882845,0.05579733289350698,0.442996139590115
25669,0.04538749748603807,0.5471006084404078,0.1507871787957313,0.25672471527782287
25670,0.5373887243735257,0.2312670792684481,0.06577758051961229,0.16556661583841387
25671,0.09971584118247608,0.5412493351866422,0.2577721575746543,0.10126266605622734
25672,0.06825932406262529,0.47383588955470635,0.08933051300771838,0.36857427337494986
25673,0.05787958862313972,0.32364587568001996,0.09950856559211194,0.5189659701047283
25674,0.37000564302465605,0.13767192108054915,0.23325543722306036,0.2590669986717345
25675,0.32419504485850603,0.12347627364615929,0.24372000183752293,0.3086086796578117
25676,0.1622399435673281,0.6200522972224147,0.056936495737911846,0.16077126347234535
25677,0.5320134884326218,0.19403114556517506,0.031007620349685884,0.24294774565251742
25678,0.16048082941618289,0.28356978404540956,0.3155491360922543,0.2404002504461533
25679,0.10622540440565564,0.5838750236070785,0.06638180677868862,0.2435177652085771
25680,0.056151234708867896,0.7198605997350191,0.09328782874190353,0.13070033681420942
25681,0.0723215949446274,0.4086695931893177,0.15449349157744569,0.3645153202886092
25682,0.18767489054937572,0.29450588501054586,0.14756453090076332,0.37025469353931506
25683,0.4473474109752209,0.24517122332881106,0.15031070220491477,0.15717066349105333
25684,0.026102353447986202,0.5798812309290362,0.09542947473230644,0.29858694089067117
25685,0.07238239949487016,0.4599845752043987,0.057835361924910025,0.409797663375821
25686,0.05718239832097467,0.3609017060923871,0.3216052996122036,0.2603105959744348
25687,0.12796794373099446,0.5909391615791286,0.056892048158157134,0.22420084653171973
25688,0.15630370209051497,0.33478376927507625,0.3740719420380593,0.13484058659634932
25689,0.7019608480939059,0.03956287788269957,0.1982409641893929,0.06023530983400148
25690,0.05127617084533245,0.7403736728110956,0.12751653490113057,0.08083362144244138
25691,0.21500787055030202,0.11279940156000767,0.6172745449575558,0.05491818293213443
25692,0.3059395536879144,0.3417323244925792,0.12039042746937083,0.2319376943501356
25693,0.03147441736195735,0.5864839721973671,0.2959147764461855,0.08612683399449005
25694,0.3910704279984448,0.15858997583893514,0.1850385822585814,0.2653010139040385
25695,0.41138107608730573,0.3737638692478128,0.089078451311380355,0.12577660335350102
25696,0.2673652260119759,0.3624595921687341,0.3152410778443131,0.05493410397497692
25697,0.1136124596672738,0.22081363436771048,0.5802116714383682,0.08536223452664753
25698,0.16882630776443544,0.4053778060588399,0.2681535377215986,0.15764234845512606
25699,0.2027243480506338,0.22727230734739703,0.42606126970322433,0.14394207489874475
25700,0.1379511908507116,0.24415696167097461,0.5123818742914151,0.10550997318689867
25701,0.2918011992727237,0.5734555764545919,0.053871303850830464,0.08087192042185394
25702,0.1578852730744873,0.43258669971331126,0.2775496969533437,0.13197833025885772
25703,0.27850684238930506,0.4727782247686061,0.08337311126185055,0.1653418215802382
25704,0.6079475701630612,0.22752966052739995,0.08708507767115445,0.0774376916383845
25705,0.023786265027685227,0.3304293784199465,0.5470933264536254,0.09869103009874276
25706,0.5340419388694261,0.12914664085496866,0.27171661404908654,0.06509480622651877
25707,0.20375646245045212,0.6444598646790004,0.06962880814087333,0.08215486472967407
25708,0.4176193136495431,0.020096229610703144,0.5011835041334919,0.061100952606261784
25709,0.16413047156731952,0.3823607245140907,0.4017860893374674,0.05172271458112247
25710,0.11125599140270016,0.12157023159197279,0.6293807225363279,0.13779305446899917
25711,0.36018617543621756,0.08827045890504366,0.4435476968603386,0.10799566879840024
25712,0.5236289999581297,0.2177406001523107,0.08681319489475398,0.17181720499480557
25713,0.3336198466435848,0.24940496321198946,0.3702591101324911,0.04671608001193471
25714,0.49443511679145685,0.18007234843176745,0.17393204864965914,0.15156048612711648
25715,0.257812795792702,0.2592109619665423,0.43256802928299093,0.05040821295776463
25716,0.20716513807609874,0.3489222300966028,0.33771332169844226,0.10619931012885615
25717,0.07577758062615961,0.49134965503502503,0.15684754286062624,0.27602522147818914
25718,0.4978180490012633,0.16174543991164006,0.08917977195414103,0.2512567391329555
25719,0.40849090681927946,0.4217503630429337,0.10427032825348685,0.06548840188429986
25720,0.14284258747135062,0.4901875717029945,0.2102189498399949,0.15675089098565995
25721,0.45537727651508075,0.03992448865910126,0.44535907946027387,0.05933915536554411
25722,0.2682489083422902,0.2716430085614465,0.12704669192356588,0.33306139117269734
25723,0.1837400932577352,0.1017723027169803,0.6209766055337138,0.09351099849157077
25724,0.19965293715146334,0.1705185373600732,0.3587839411608494,0.271044584327614
25725,0.19906701653624517,0.16975231280010802,0.5897610451435981,0.04141962552004865
25726,0.11247194498057216,0.37098092508302594,0.40399979787794593,0.1125473320584559
25727,0.04786140957395953,0.3595924957877449,0.529929623431642,0.06261647120665371
25728,0.2037718542795401,0.21852995801758696,0.4565296318663136,0.12116855583655929
25729,0.403475016592857,0.09125599890687022,0.4343502587443056,0.07091872575596718
25730,0.7432604257026899,0.13919673765026389,0.07121740803566771,0.046325428611378554
25731,0.43676765626609343,0.03708644638393744,0.43951904627740024,0.08662685107256905
25732,0.08892556372522172,0.03217615304633543,0.8241818444318919,0.054716438796550894
25733,0.44620151625266097,0.2224629615243375,0.17301004881620044,0.15832547340680117
25734,0.521620698068139,0.1656031460420808,0.2303134566937212,0.08246269919605896
25735,0.13294569244436713,0.3470225969683546,0.4033625883035235,0.11666912228375476
25736,0.32549379584058263,0.29260389971106243,0.27392533316412576,0.1079769712842291
25737,0.22088102488108213,0.7001746541155517,0.016687924746660154,0.06225639625670601
25738,0.37749272870925693,0.28272312800489113,0.11514180901716388,0.2246423342686882
25739,0.281319078817949,0.11076435431523676,0.4794252174062711,0.12849134946054316
25740,0.5848044689775818,0.15614304583359176,0.19114236667769677,0.06791011851112976
25741,0.5471924708086924,0.339155741517936,0.0284570291076445,0.08519475856572704
25742,0.06056880285086106,0.7701467194194103,0.08068158885815992,0.0886028888715686
25743,0.14260005657441813,0.453346662224169,0.2480377498206873,0.1560155313807256
25744,0.5156870952442888,0.3367286518010403,0.04300730002488616,0.10457695292978474
25745,0.20788908572774695,0.40465972429568653,0.30425247767792135,0.08319871229864503
25746,0.7166728502226396,0.0953389641274626,0.13468032011959574,0.053307865530302034
25747,0.5675429526486445,0.3042722959031141,0.03731220883447067,0.09087254261377059
25748,0.0739012567324733,0.741270886445223,0.030666161116272347,0.1541616957060314
25749,0.6643723220265882,0.0999853851265947,0.09775319959840233,0.1378890932484147
25750,0.10643302172438786,0.2814026186831148,0.4849323782636642,0.12723198132883298
25751,0.15775454671820752,0.31457338031532445,0.4007137797625716,0.12695829320389643
25752,0.2954919541608813,0.18347383057610162,0.28477516173710227,0.23625905352591478
25753,0.4629702358300422,0.13993499163226178,0.27759742160015755,0.11949735093753855
25754,0.7493659416224396,0.03979619995683017,0.044926303434854514,0.16591155498587573
25755,0.3349681437830593,0.09875090637599088,0.22562292557215827,0.34065802426879155
25756,0.2749003774033721,0.5969823703113811,0.039358327605961634,0.08875892467928537
25757,0.38600838382617525,0.13557324804749185,0.08053390933151346,0.39788445879481943
25758,0.25502339667775886,0.12563777138319943,0.3228344839797099,0.2965043479593319
25759,0.46057691108481075,0.41412894273370315,0.04291085920735718,0.08238328697412903
25760,0.38554187919638555,0.3125878586765719,0.19738427632879657,0.10448598579824593
25761,0.18176579967483603,0.351580986720931,0.14636877439798557,0.3202844392062474
25762,0.1571092030942971,0.6246127192387841,0.03822281123441637,0.18005526643250233
25763,0.4156186992993154,0.25224123923668296,0.21709490344365084,0.11504515802035085
25764,0.28659808880768245,0.15141634178264834,0.3902632256417475,0.1717223437679216
25765,0.15527740333639672,0.20313990840585172,0.3627634143519698,0.27881927390578176
25766,0.061076813289837065,0.6171549769940755,0.15439390671898875,0.1673743029970985
25767,0.4732064972551484,0.2258069927045931,0.07890874903459306,0.2220777610056654
25768,0.31726917147117284,0.23323709791135716,0.10005300747451212,0.3494407231429577
25769,0.5342754990849938,0.23163757303509097,0.06863426426144223,0.16545266361847297
25770,0.292431514577204,0.1364174149942973,0.23105203706260677,0.34009903336589203
25771,0.037130701601923694,0.6131561564506417,0.10545615091952078,0.2442569910279139
25772,0.15586796812361395,0.36885083391027357,0.12411514054961004,0.3511660574165023
25773,0.41549664533940306,0.1389057015957772,0.07201680824441949,0.3735808448204001
25774,0.2938314463799325,0.19002979474177575,0.4076796608201033,0.10845909805818854
25775,0.30299085119186475,0.1456146042938073,0.40264301040990524,0.14875153410442268
25776,0.3247382098164188,0.07881639785797338,0.20050743056525663,0.3959379617603512
25777,0.08236560232894091,0.12477877599853684,0.6018420780430989,0.19101354362942333
25778,0.34174909085318833,0.4692304253294134,0.05260384590254915,0.13641663791484912
25779,0.272446583630292,0.4849738427095854,0.058096832810206264,0.18448274084991634
25780,0.08954832412907794,0.40885287380404645,0.25837865583078096,0.2432201462360947
25781,0.4177735461372975,0.19884890484573436,0.053444398547363006,0.32993315046960503
25782,0.09106725825108002,0.3902297624368746,0.023910430143242595,0.49479254916880266
25783,0.3099280779316449,0.10121022881875386,0.3552641535310488,0.23359753971855252
25784,0.20918443201125078,0.3303480244913441,0.3785198036684701,0.08194773982893505
25785,0.21963774274499326,0.33534711446503285,0.34255130913841036,0.10246383365156359
25786,0.39334058394140836,0.3241853631528948,0.2315433585430453,0.050930694362651546
25787,0.1040110549419274,0.5666918272384817,0.2986015515990053,0.03069556622058554
25788,0.43732501049675276,0.3018885134901816,0.21135340078014256,0.049433075232923146
25789,0.5147196435788642,0.15575191334784083,0.2881320114282149,0.041396431645079966
25790,0.4029650626253197,0.3658054701911783,0.11807690620842719,0.11315256097507481
25791,0.0675626865944459,0.7665741623584506,0.10197734223861178,0.06388580880849165
25792,0.2973612008696391,0.17538135793191453,0.4719231905312779,0.055334250667168614
25793,0.19427756337330299,0.6507844272296428,0.08322259290953644,0.0717154164875178
25794,0.36217725134012335,0.4786992173171552,0.07309096834884313,0.08603256299387821
25795,0.11935531064630256,0.41911542730583357,0.4312996428143709,0.03022961923349299
25796,0.25574835612214497,0.08800031610669769,0.606837479551926,0.049413848219231435
25797,0.2107134566648875,0.6454846348519548,0.07589252502600594,0.06790938345715175
25798,0.26178988426234273,0.39700664451700796,0.20787252199031175,0.13333094923033761
25799,0.18170329916280312,0.08811522898386179,0.6903533874536608,0.03982808439967416
25800,0.5115685243243322,0.22897740793622667,0.130318432256427,0.12913563548301407
25801,0.2876365078406011,0.37312670158454253,0.21227964459913923,0.12695714597571717
25802,0.44334476400814526,0.34519956453669814,0.09152055863015529,0.11993511282500138
25803,0.41926257450545584,0.18852706521161136,0.1017033443588392,0.29050701592409356
25804,0.22484278364326327,0.09112069368861647,0.4728359397495316,0.2112005829185886
25805,0.34218670538339585,0.5353186418898856,0.04506580158995363,0.07742885113676491
25806,0.6176680657987055,0.11943975399791473,0.11271695330198074,0.15017522690139892
25807,0.2725074124822383,0.5342359729215626,0.05282262005917263,0.14043399453702657
25808,0.4400565771297282,0.20300046880943737,0.07419779050613715,0.2827451635546974
25809,0.06709657885440354,0.10754728438532855,0.5232132630743879,0.3021428736858801
25810,0.1684286369359263,0.09359859810175594,0.49110770306485246,0.24686506189746538
25811,0.11644307117417793,0.7478537642937412,0.03624135306518064,0.09946181146690032
25812,0.271423019634008,0.32787048250117456,0.2837244000798621,0.11698209778495543
25813,0.656413384112215,0.13135594169753514,0.11433011996875692,0.09790055422149291
25814,0.18050933771516367,0.38854715990218797,0.14544551510380244,0.2854979872788459
25815,0.06598866036661852,0.6038777654006309,0.23578286544735064,0.09435070878539988
25816,0.10663003555816357,0.4110530497796366,0.2948596266470985,0.1874572880151012
25817,0.16518288646609966,0.1455648968536932,0.16868242255920887,0.5205697941209984
25818,0.11715658406117326,0.5102090979562798,0.23768409854552777,0.13495021943701918
25819,0.5408503417960766,0.10497104711325303,0.23470172366047803,0.11947688743019223
25820,0.1594051931628371,0.16995995702850505,0.2983721808449333,0.3722626689637247
25821,0.1907431297819636,0.08047256517327225,0.5425621206701635,0.18622218437460064
25822,0.09772447432201792,0.2852962804725018,0.5530366559542288,0.06394258925125149
25823,0.23548313640784993,0.2262531127010651,0.37433864724701343,0.16392510364407162
25824,0.4159414115408778,0.12394055860097268,0.3282421109849368,0.13187591887321284
25825,0.028064786517084137,0.3418519701737347,0.5360751042436495,0.09400813906553175
25826,0.17221501844539072,0.5825937470732305,0.11115991854042583,0.13403131594095294
25827,0.19804860410578431,0.14640779968934248,0.3037883748292021,0.35175522137567117
25828,0.24133422207598657,0.5326311235341391,0.15029708649775408,0.07573756789212022
25829,0.17086876732424822,0.6146874341240538,0.08854589882966668,0.12589789972203136
25830,0.1639193179134373,0.1985835626205552,0.5828863725277064,0.054610746938300994
25831,0.2090107239403936,0.29670924997395715,0.15060136258967677,0.3436786634959725
25832,0.030932506377726758,0.611878981280247,0.19357862117171581,0.16360989117031038
25833,0.1122993407365051,0.39022083523109313,0.43879944662714554,0.05868037740525622
25834,0.5194517813702978,0.12361366298441534,0.2594163902295113,0.09751816541577554
25835,0.16318030609626824,0.06560846067698461,0.589635964941946,0.18157526828480114
25836,0.16267427993123892,0.11134892136865132,0.6080382819415823,0.1179385167585274
25837,0.0881563758783026,0.2536672596884609,0.5244702940799673,0.1337060703532691
25838,0.21667019066103704,0.5797008076789005,0.055804489185346424,0.14782451247471587
25839,0.6458519828350875,0.20105426582590444,0.06845001220298713,0.08464373913602098
25840,0.029944132355265118,0.40692875583844507,0.4603426239332111,0.10278448787307866
25841,0.17119884964298698,0.1656162068989006,0.4520060880165897,0.2111788554415227
25842,0.21058080738955473,0.5902278036096966,0.057284887075758274,0.1419065019249904
25843,0.3601386203636986,0.47693424701850556,0.07768940634673849,0.08523772627105723
25844,0.7088230482341568,0.03679171889048854,0.14656886885998555,0.10781636401536926
25845,0.24631866981101413,0.17676893454234366,0.520767272209201,0.05614512343744126
25846,0.4457154127440806,0.12960538209979555,0.24485776179701152,0.1798214433591122
25847,0.6328430218214077,0.0760044140242353,0.06565519421767069,0.22549736993668631
25848,0.19308270732345142,0.6462090227843832,0.030472498272908904,0.1302357716192565
25849,0.3501696344789041,0.23178605594389998,0.35496177605659,0.06308253352060601
25850,0.13252467868771267,0.3612684557307121,0.38679552508088455,0.11941134050069055
25851,0.7052140391094208,0.09610283688016556,0.0627917833240551,0.13589134068635875
25852,0.2321028180264094,0.4005114059250984,0.21993553846012073,0.14745023758837142
25853,0.08619637387710748,0.3271768572759803,0.49553049764047374,0.09109627120643857
25854,0.43518812054004324,0.2816342438359966,0.05488190618337104,0.22829572944058898
25855,0.7168797021837393,0.07231776801376762,0.06589900990821344,0.14490351989427963
25856,0.6050823737847196,0.2370484947757088,0.028550660920505712,0.1293184705190658
25857,0.18238709935391959,0.20008085759000982,0.2279242054409831,0.3896078376150875
25858,0.22166069591030996,0.4580667782250418,0.1397660231217165,0.18050650274293167
25859,0.31883128772651426,0.1273665151091654,0.35634794852522,0.19745424863910033
25860,0.49997285167148703,0.20291119150842798,0.11264545662771382,0.18447050019237118
25861,0.17124725139936048,0.17253131621881215,0.5787063428516179,0.0775150895302094
25862,0.22835006493614754,0.05373927258555874,0.6085810316981404,0.10932963078015336
25863,0.06396669077972393,0.04681969492577873,0.8305928211273863,0.05862079316711114
25864,0.6491394710806797,0.10737686667703915,0.08856684040371393,0.15491682183856734
25865,0.07412506637030868,0.418296992633136,0.4393870068976765,0.06819093409887893
25866,0.24082708354890192,0.1609414648231522,0.5084228900235972,0.08980856160434873
25867,0.24269480542404417,0.388537883046733,0.2818915509401194,0.08687576058910332
25868,0.3301500817238186,0.3541211538108795,0.14108785706831897,0.17464090739698296
25869,0.08048515811331791,0.4437366827876135,0.33559940799209637,0.14017875110697214
25870,0.18090082607439256,0.12392950820824032,0.37850735780047073,0.3166623079168963
25871,0.03391540090624705,0.24740864347692132,0.6165249621786411,0.10215099343819063
25872,0.08941776862047808,0.1380587391781341,0.6923426050543912,0.08018088714699675
25873,0.1322151647260322,0.2236065207662162,0.35562961148883687,0.2885487030189147
25874,0.6147409515729481,0.03717044979352082,0.25169062591024477,0.09639797272328628
25875,0.17125999953892118,0.2622638721227778,0.45665945050790036,0.10981667783040065
25876,0.5305615325509679,0.07055755216243827,0.24931106179367057,0.14956985349292312
25877,0.6084427843463931,0.07604830921884916,0.12230752377579414,0.19320138265896356
25878,0.2763405987509762,0.20757224258453952,0.38656676140353746,0.12952039726094683
25879,0.0815534982012507,0.7247047003133567,0.07593345607306291,0.11780834541232961
25880,0.13444999961728107,0.7830192738741484,0.0345512331813107,0.0479794933272597
25881,0.38018866089077374,0.39198543624938825,0.19447185278919094,0.03335405007064709
25882,0.3691878656904106,0.32833730466404115,0.23433378000301872,0.06814104964252941
25883,0.6999528036207416,0.14670193077950988,0.06841644894635104,0.08492881665339752
25884,0.4415868201651596,0.1442454472001109,0.373338799450322,0.040828933184407445
25885,0.4349572897705206,0.1906769721975098,0.17099582530423768,0.20336991272773197
25886,0.0536046498588906,0.7140223507703486,0.19122533369510356,0.041147665675657336
25887,0.42649807636780945,0.22178775761499006,0.2833792259377856,0.06833494007941483
25888,0.712608430849476,0.16132600764602836,0.06803930416099133,0.05802625734350435
25889,0.32629716745366427,0.08807489013747542,0.4889793519706238,0.09664859043823651
25890,0.6675323444688296,0.1728223444016492,0.08483318300400755,0.0748121281255136
25891,0.09786366747920751,0.15895879266215507,0.7069800166956405,0.03619752316299707
25892,0.31805885841257286,0.2816749173327752,0.2946149996297052,0.10565122462494662
25893,0.41716441289349854,0.45058133377814463,0.06255840222114607,0.0696958511072109
25894,0.6124037351912589,0.3033114564468772,0.03421778062399964,0.05006702773786437
25895,0.5154144110836095,0.09136463263253698,0.2976620868680951,0.09555886941575832
25896,0.10109154169837585,0.35328684547410305,0.5049968445654048,0.04062476826211632
25897,0.06019688988341402,0.6319204350289476,0.2662498957167938,0.0416327793708446
25898,0.4273514077781253,0.42636747178662693,0.03981904104160087,0.10646207939364699
25899,0.08079981653851402,0.36837446118776296,0.08772771584277644,0.4630980064309466
25900,0.09670005345868829,0.05714443185364963,0.5427785592310315,0.3033769554566307
25901,0.43074159724576494,0.13225174820072705,0.3402570726367925,0.09674958191671554
25902,0.04543500139174569,0.10897228479666969,0.6025425600188995,0.24305015379268505
25903,0.08934969142136844,0.30331938499819977,0.42869461450237467,0.17863630907805705
25904,0.057066887255814915,0.23405080533447412,0.5581405196979056,0.15074178771180535
25905,0.07975321774347013,0.32225940474786685,0.42015740631569204,0.177829971192971
25906,0.5966623940593001,0.29298066343962803,0.02743268928439993,0.08292425321667192
25907,0.40383359393545654,0.31831189761554063,0.1770516351596803,0.10080287328932265
25908,0.33226910473584476,0.06465531431193111,0.19799173017325847,0.4050838507789655
25909,0.6362463658606851,0.24631478878148239,0.015558637804893248,0.10188020755293929
25910,0.045697140175649034,0.39210599955046505,0.3664888963551799,0.19570796391870604
25911,0.5625552775080661,0.07752494903959696,0.0663473802134644,0.2935723932388726
25912,0.5416788256927016,0.2446977977855714,0.07223615977986166,0.14138721674186536
25913,0.12397834428964372,0.1099144046202171,0.4408152676611157,0.3252919834290235
25914,0.15985963591472857,0.05520402241853565,0.6517002309514953,0.13323611071524047
25915,0.6933456152419181,0.06515740364149304,0.06910266679460123,0.17239431432198768
25916,0.2588965808762314,0.3798288548402214,0.10926303321859024,0.25201153106495705
25917,0.24993267634119723,0.4937930286302427,0.05888376463276948,0.19739053039579058
25918,0.13561051059924295,0.20807548216883365,0.37515053634701506,0.28116347088490834
25919,0.36270200757371385,0.06390197063776655,0.22072622346773105,0.3526697983207886
25920,0.36979406017101085,0.434660083630052,0.04495843220037651,0.1505874239985608
25921,0.032438237861784146,0.049264679365582306,0.729993359209039,0.18830372356359454
25922,0.07604064495606204,0.07706518748796218,0.3366925066419209,0.5102016609140548
25923,0.2075088095663174,0.18857580205127122,0.08239025880988415,0.5215251295725271
25924,0.5543067196146871,0.11953569212999907,0.0849751567249827,0.24118243153033117
25925,0.18599564951887843,0.14383183716185263,0.454773909246205,0.21539860407306397
25926,0.40516654883829584,0.4662877300012272,0.042192504843721,0.08635321631675595
25927,0.17425545287459548,0.44195052645361416,0.1944554980774926,0.1893385225942977
25928,0.16456149333396347,0.5323167135505795,0.20235997638515,0.10076181673030703
25929,0.06513527673385763,0.44258156453635816,0.10977101814860817,0.38251214058117605
25930,0.3001056428142574,0.3580892057313446,0.24779334149279802,0.09401180996159982
25931,0.059456966343046154,0.07738035398192347,0.7014306064422806,0.16173207323274985
25932,0.11143840371363446,0.4658777850674608,0.1178590175824026,0.30482479363650217
25933,0.10536436804375035,0.10854067539157544,0.47951084813582595,0.30658410842884815
25934,0.03848203704149355,0.09507795208278273,0.5855774260211174,0.28086258485460636
25935,0.292034440772215,0.31083480200680275,0.07970139271224415,0.3174293645087381
25936,0.33995471210611283,0.1634126972213744,0.3405475137656022,0.15608507690691056
25937,0.6931263686331819,0.05963241456445886,0.04989028725240993,0.19735092954994934
25938,0.06643360189371895,0.6307051639539587,0.0881081035501128,0.21475313060220963
25939,0.1832594564459321,0.07179542316968633,0.517036551114594,0.22790856926978745
25940,0.11323248671964181,0.29654302044939923,0.1897285639488925,0.4004959288820664
25941,0.2175980361600993,0.3768835181061832,0.28733281263818233,0.11818563309553515
25942,0.11923639411466053,0.43073922974627865,0.2532138410991809,0.19681053503987997
25943,0.04484903349329436,0.5237569814751203,0.22086969350782568,0.2105242915237597
25944,0.3867608724724758,0.14675798601536813,0.15647887819642375,0.3100022633157322
25945,0.18066987685180938,0.22128252895453993,0.27844039584779356,0.31960719834585716
25946,0.5296828185507171,0.15240532599463696,0.1666691280278784,0.15124272742676761
25947,0.34466120574329273,0.30799795411918846,0.22813165198806196,0.11920918814945686
25948,0.10728707839704266,0.12220322563841142,0.156075073836624,0.6144346221279219
25949,0.061142169652521706,0.3995820995876044,0.35417688366491407,0.1850988470949598
25950,0.672862159709194,0.08552312278769851,0.10939061593135281,0.13222410157175468
25951,0.09451946051483515,0.37291714466938736,0.3518299123285595,0.18073348248721807
25952,0.062271291054587986,0.1251103900344227,0.5510318511125438,0.2615864677984454
25953,0.3806523390076703,0.14231683277586837,0.2584097098045255,0.21862111841193585
25954,0.7261678450621987,0.031225722448860214,0.024065936368392275,0.21854049612054874
25955,0.1936473105400123,0.5521276204659801,0.18804922942024588,0.0661758395737617
25956,0.16613098026595344,0.23485876880647058,0.5863250743074494,0.012685176620126616
25957,0.5449990781233002,0.4171496984058368,0.020532508762027495,0.01731871470883561
25958,0.3713287012513127,0.3668023657734046,0.18541902192072768,0.07644991105455501
25959,0.04972300402265802,0.10110431982681593,0.8051288778571576,0.044043798293368394
25960,0.4659596942567204,0.442006673447236,0.07168378482610985,0.02034984746993368
25961,0.34913711316069534,0.024119589370765426,0.6131630235283934,0.01358027394014572
25962,0.5257973187770693,0.3589634783615766,0.07592487966853714,0.03931432319281686
25963,0.04696905925124447,0.4297952450589313,0.49013147929219425,0.03310421639763015
25964,0.6051920557192786,0.28115857801686917,0.07838813493209339,0.035261231331758874
25965,0.07784911727020448,0.2127883464518929,0.6773673924885278,0.0319951437893747
25966,0.16582668787275842,0.15810169635922555,0.6500294701114029,0.02604214565661314
25967,0.4315841007484012,0.21774142295812923,0.2150177804777535,0.13565669581571604
25968,0.13214394878082386,0.5868217850663126,0.24411556981080798,0.03691869634205545
25969,0.05831125978242543,0.24897400083796836,0.6732231093404358,0.019491630039170264
25970,0.21027796099940174,0.514797811441917,0.25102537513492085,0.02389885242376023
25971,0.5203162591734624,0.3332074587461783,0.11628470166021389,0.0301915804201454
25972,0.26542346415197837,0.6092773301406124,0.08784972554602184,0.03744948016138736
25973,0.08060667304378642,0.35073663750801454,0.5530855465113629,0.01557114293683619
25974,0.37839299690795763,0.17051270562941476,0.33218482368304186,0.11890947377958566
25975,0.04614199145671364,0.4867636370699342,0.3895644407989706,0.07752993067438158
25976,0.05459891083899969,0.5781234477192331,0.2425383349787233,0.12473930646304394
25977,0.45052104956617745,0.11914322987550709,0.3987405766674889,0.03159514389082661
25978,0.17637735330289184,0.4209070255307887,0.37429878026678326,0.02841684089953628
25979,0.8061755375090738,0.05963680946853739,0.06991706061109992,0.06427059241128884
25980,0.15226047362836326,0.4453910879606786,0.36702105425260406,0.03532738415835402
25981,0.6609641089859702,0.09039391920470616,0.21805437294978638,0.03058759885953727
25982,0.13669414238959085,0.04152168206905522,0.7790061913671009,0.04277798417425307
25983,0.4784562045743422,0.11353767378013681,0.35474023350804157,0.0532658881374794
25984,0.44333214505936785,0.12495292986633727,0.3599872257503807,0.07172769932391419
25985,0.27775711013218785,0.28541456895405587,0.13744371197296026,0.299384608940796
25986,0.5862790967335978,0.10231217546274926,0.2436866682342276,0.06772205956942517
25987,0.02961783319371158,0.06631839260060271,0.8619142413640176,0.04214953284166806
25988,0.08035683103587396,0.4999903257058413,0.3876648185005913,0.031988024757693405
25989,0.18187267971118792,0.3506231913830546,0.18983098626047196,0.2776731426452856
25990,0.028888756542525453,0.11855739646716366,0.777511551073111,0.07504229591719988
25991,0.3194638045125801,0.17590242021147592,0.3863850188097131,0.11824875646623087
25992,0.034428146861055574,0.1858539410112626,0.7288262340155139,0.0508916781121679
25993,0.16288486099327973,0.531155828806289,0.13613653894441738,0.16982277125601414
25994,0.2080331346916419,0.15261962688291753,0.30093655092197763,0.338410687503463
25995,0.16615979437140774,0.5766756358424173,0.1412425694843208,0.11592200030185419
25996,0.2535852950511993,0.1487966604171411,0.5547578837823794,0.042860160749280195
25997,0.5368674915313909,0.1649207472961893,0.21393235673221428,0.08427940444020544
25998,0.45917664309132844,0.34065593418717033,0.1450414959258377,0.05512592679566359
25999,0.17670853124648983,0.40502729005536664,0.37599085087410983,0.042273327824033646
26000,0.08523925938400809,0.49687986046000826,0.3494606162915956,0.06842026386438817
26001,0.18436620047991467,0.6598550788048838,0.11908512195484933,0.03669359876035215
26002,0.5189769416384384,0.1995972581698606,0.23593853901543982,0.04548726117626106
26003,0.31657892138044486,0.3383776612496688,0.2149362286402985,0.13010718872958782
26004,0.042330273566680156,0.7427519860353544,0.12093818155946746,0.09397955883849785
26005,0.08885052584846088,0.2899962021132485,0.5207539445485959,0.10039932748969468
26006,0.13178692644679937,0.5371402551667318,0.218615400922128,0.1124574174643409
26007,0.42371644256718816,0.5009209010134813,0.03940015706384343,0.0359624993554871
26008,0.12306625639028984,0.05028328011422384,0.753718101803112,0.07293236169237437
26009,0.26320094802955885,0.5248063223856579,0.193192996718013,0.018799732866770096
26010,0.3962943753177571,0.2660107562144322,0.2360938636172904,0.1016010048505202
26011,0.8339888396090872,0.07353994084082484,0.037238800940965995,0.05523241860912206
26012,0.1694903208886555,0.22586380458094543,0.37750045869789334,0.2271454158325059
26013,0.17229445077596886,0.22198226358025888,0.330752614372304,0.2749706712714681
26014,0.3492838450085863,0.24291958324451438,0.2530785894809796,0.15471798226591965
26015,0.09861136357177032,0.45337106151600476,0.348459941002903,0.09955763390932185
26016,0.3900058512405507,0.22718140446928978,0.2320007471726635,0.15081199711749607
26017,0.4505521147064349,0.11504481861708088,0.3104410448112292,0.12396202186525493
26018,0.3239068478678434,0.24812030982260574,0.11682372150000937,0.3111491208095416
26019,0.0638286307010365,0.6111139221175775,0.11858387610651051,0.2064735710748755
26020,0.24463498386806132,0.12175227169853806,0.4778800674148539,0.15573267701854673
26021,0.17803889118816654,0.5032557766023233,0.09387432158074964,0.22483101062876049
26022,0.314826101148899,0.351133013426907,0.07820357630244315,0.255837309121751
26023,0.10778838584440464,0.3193914246966325,0.47942718378299765,0.09339300567596523
26024,0.20525705295605812,0.05959761139036098,0.5994748530341307,0.13567048261945028
26025,0.19490121534587843,0.503810910192289,0.08640415234700279,0.21488372211482984
26026,0.20002472584355133,0.25596935951205324,0.19549751601358337,0.3485083986308121
26027,0.14629339055265228,0.05986489848216096,0.6841426863301705,0.10969902463501635
26028,0.3914170571460747,0.1478386371415376,0.1227312378451081,0.3380130678672795
26029,0.22158213492897816,0.24255288670524341,0.2012854684622569,0.3345795099035214
26030,0.3525368495130475,0.2316288004905946,0.08957667410455834,0.3262576758917995
26031,0.16589113384648324,0.6108959471770504,0.14666502604484813,0.07654789293161819
26032,0.47019159527648885,0.16563736792816514,0.31865367841220277,0.0455173583831434
26033,0.47403213536127226,0.3749640101847619,0.08242398528442688,0.068579869169539
26034,0.06273835205278047,0.08761198246648964,0.7682476448556884,0.08140202062504139
26035,0.48581523516702585,0.03967287352504341,0.3934428046795124,0.08106908662841826
26036,0.5008768656805688,0.05087058276520845,0.364340303403203,0.08391224815101982
26037,0.12331090674135517,0.7481120866653036,0.08185851095755073,0.046718495635790565
26038,0.11047377567120216,0.5278712127212865,0.2336864634875379,0.12796854811997346
26039,0.24878413983807368,0.12115250845005324,0.5220091277032799,0.10805422400859314
26040,0.1715883249043201,0.10973987963126676,0.6901583617095565,0.028513433754856706
26041,0.4024952229367499,0.27377012234926296,0.2794734768207386,0.04426117789324862
26042,0.21562104387533068,0.4716575746031267,0.1123509658186412,0.20037041570290148
26043,0.035627291801496874,0.166225813713224,0.7493314719001997,0.048815422585079454
26044,0.6607861854463519,0.22321067401020026,0.05668268119982107,0.05932045934362674
26045,0.4748240895061758,0.38295484315956063,0.08625115880148622,0.05596990853277727
26046,0.31463557844943135,0.18476213216851592,0.28276269490486433,0.21783959447718845
26047,0.24015122500563227,0.19654433883150157,0.424028439725052,0.13927599643781413
26048,0.24610865399479037,0.2241640681191064,0.40800938044776924,0.12171789743833394
26049,0.04435914540230263,0.34034109964487913,0.5817260384162937,0.03357371653652448
26050,0.2273145523900513,0.15548696247167276,0.5716458421211705,0.04555264301710549
26051,0.06216026461259509,0.8015022676125075,0.05584794770877161,0.08048952006612582
26052,0.19194428972129313,0.4767851941949851,0.14314884377550305,0.1881216723082188
26053,0.0449318621277402,0.4840236467767487,0.4356929453626747,0.035351545732836366
26054,0.17541716783102054,0.6367012441135111,0.12439340939153157,0.06348817866393688
26055,0.4600887643332467,0.43782294118834897,0.048237945460866474,0.053850349017537984
26056,0.37583195784288687,0.20237687015280673,0.33745211858870294,0.08433905341560353
26057,0.1812655968856816,0.4690138983870352,0.3305348575462325,0.019185647181050713
26058,0.14104620181427432,0.7126830957581881,0.0812019349402137,0.06506876748732385
26059,0.33146254995480495,0.5080835308109541,0.13945618333325857,0.020997735900982344
26060,0.323522494066354,0.5901250726233636,0.04838708961639963,0.03796534369388277
26061,0.5832402605466316,0.3027058681358468,0.07779455788732165,0.03625931343019998
26062,0.08594619966315248,0.5082259475327273,0.36426261591014714,0.04156523689397311
26063,0.3661604474663727,0.12199974158743608,0.45502664478968047,0.056813166156510705
26064,0.18406505337478607,0.11603772996063455,0.6310025877591744,0.06889462890540497
26065,0.5296674699209079,0.4191677075869131,0.023444333297670737,0.027720489194508282
26066,0.25182223639973356,0.5504660200034274,0.15651078708148192,0.041200956515357295
26067,0.4739122910002692,0.3299588967458767,0.1514185934346679,0.0447102188191861
26068,0.1664315244868461,0.6072716598684722,0.18018685517564112,0.04610996046904062
26069,0.08923057557159722,0.358897808889782,0.4991938507464337,0.05267776479218707
26070,0.46976851824575877,0.24370936231390522,0.09754042974601189,0.1889816896943242
26071,0.3380782433732643,0.3314953084625935,0.1481042347093509,0.18232221345479113
26072,0.07829736723866038,0.21980092087966466,0.6506894242538929,0.0512122876277822
26073,0.2585756737846102,0.6694152202885003,0.03326146082497628,0.038747645101913156
26074,0.0728460126052092,0.26026077953327353,0.6074825010785377,0.05941070678297952
26075,0.23346952893318967,0.34221301215902944,0.3317619542383252,0.09255550466945563
26076,0.2526506126597869,0.11083829319539372,0.5469903212345286,0.08952077291029084
26077,0.1434530876767387,0.733326468544411,0.08745463272232075,0.03576581105652946
26078,0.022997005983086127,0.39768253337474835,0.5625293573376958,0.016791103304469673
26079,0.08166217028367165,0.5312336876572668,0.29254062228593825,0.09456351977312341
26080,0.20161351675037056,0.6744279879160295,0.09307626315684528,0.030882232176754548
26081,0.2402072725151851,0.17867892170079508,0.5245117615449079,0.05660204423911201
26082,0.35223058994905226,0.19104776427912756,0.34106939407921466,0.11565225169260553
26083,0.156505858628763,0.6104199840824617,0.146073064040962,0.08700109324781329
26084,0.16701680795809237,0.6040396122069402,0.1677201407691145,0.06122343906585298
26085,0.3005281752725308,0.303154044640675,0.2542575969561288,0.1420601831306653
26086,0.5500305422527129,0.22759804219983304,0.1261388675446689,0.09623254800278518
26087,0.09988670372074897,0.49488956740819723,0.36680166129045877,0.03842206758059512
26088,0.18093049682244758,0.36524622050902966,0.2187893228336946,0.23503395983482825
26089,0.23652491242944168,0.1273855802651615,0.43099195073128105,0.20509755657411582
26090,0.28172225436741916,0.07006864757237775,0.5243120889949755,0.12389700906522763
26091,0.06159546197390879,0.07670575992389278,0.7358533382249691,0.1258454398772294
26092,0.2628048031341961,0.35713461650794964,0.06539105629922515,0.31466952405862925
26093,0.5267276964652606,0.2757813177005679,0.036315086993965434,0.16117589884020597
26094,0.3066874368472668,0.11690182381800371,0.20618140121894854,0.370229338115781
26095,0.06911968295699836,0.24845838910508225,0.3400976320903917,0.34232429584752777
26096,0.49338790092214485,0.23873556113531638,0.1735927402902631,0.09428379765227562
26097,0.08964319675670694,0.4901332778994472,0.1565391676415473,0.26368435770229864
26098,0.5724940202306343,0.2054186079438016,0.11546973266494516,0.10661763916061882
26099,0.16168907459816692,0.35296053095173185,0.17805411939169463,0.30729627505840656
26100,0.6223138193012596,0.16488281583052286,0.10373396226660334,0.1090694026016141
26101,0.5001176649661493,0.3845380500871159,0.030798918673306846,0.0845453662734281
26102,0.1391173286372784,0.2027922018859867,0.2629538743513804,0.39513659512535454
26103,0.04881883793767014,0.5110844378062505,0.26513651463889815,0.17496020961718134
26104,0.07891920288362493,0.34721556217172944,0.2055434991099875,0.3683217358346581
26105,0.3406122903747939,0.1811281700688348,0.10375663602250665,0.37450290353386473
26106,0.054594615540957715,0.5963795828679228,0.16492591666843123,0.18409988492268825
26107,0.4160325987647243,0.26734539978404886,0.1767805694689714,0.13984143198225554
26108,0.2840572418186905,0.12445879718760564,0.31038156138276085,0.28110239961094297
26109,0.33537022147097123,0.27551098509854033,0.10867806846335744,0.280440724967131
26110,0.5446927726095019,0.17431640345598928,0.18333869544898426,0.09765212848552457
26111,0.21545189993618455,0.05091811964370488,0.5825197123482169,0.15111026807189373
26112,0.06171222619933357,0.6058261960196792,0.07593634663330939,0.2565252311476779
26113,0.5966762727112424,0.15176196233604103,0.03745863053012008,0.21410313442259651
26114,0.5446433862435329,0.15670788812137987,0.15233736527217812,0.1463113603629091
26115,0.2361967683373428,0.23773501430517546,0.4384367095731062,0.0876315077843756
26116,0.1053130424054052,0.35280587302223854,0.35045934936301804,0.19142173520933825
26117,0.31189689073190413,0.20034786930184484,0.2590114549083361,0.22874378505791498
26118,0.2749020571875369,0.10792285072146117,0.15509495833752715,0.4620801337534748
26119,0.21501516309909696,0.5732077586221729,0.07001996118415722,0.14175711709457298
26120,0.21551120949074365,0.4537116617456387,0.13472047727947023,0.19605665148414736
26121,0.3170455204890808,0.061343595671183214,0.29539219691000884,0.3262186869297272
26122,0.12435279635229902,0.12221859348844569,0.3683158648823506,0.3851127452769047
26123,0.06164956811604505,0.15262063159324263,0.36164532536334054,0.4240844749273718
26124,0.1573071238828654,0.06119722437218449,0.4377824622248144,0.34371318952013574
26125,0.31136589560622735,0.06053915072916865,0.545490292427285,0.08260466123731897
26126,0.6669800687713581,0.05449936164583872,0.10127648493586835,0.17724408464693475
26127,0.45748662051609545,0.3892600333084541,0.06200158359514868,0.09125176258030185
26128,0.2626833320719422,0.19828817647728497,0.10959636093509725,0.4294321305156754
26129,0.06353934843183323,0.38224119842290555,0.4493627169023185,0.10485673624294262
26130,0.6162970961106383,0.10589421216076021,0.0941788928137004,0.18362979891490094
26131,0.4868951906789997,0.06380125989684005,0.23782869423846814,0.21147485518569217
26132,0.1468791729217257,0.06406468921531283,0.5948665204423085,0.19418961742065305
26133,0.0602850512451887,0.4720813556313204,0.34642975195556885,0.12120384116792203
26134,0.170400079033122,0.6316702985702862,0.12909939529160316,0.06883022710498862
26135,0.18179564696091108,0.2950673101939276,0.3550017462722211,0.16813529657294035
26136,0.3237056597739065,0.3295787566572315,0.18839676117197604,0.15831882239688597
26137,0.22845191948956864,0.49022002003417975,0.16230190289798316,0.1190261575782686
26138,0.19740209857158622,0.28489915037333696,0.09878086658493805,0.4189178844701388
26139,0.19178974663591072,0.5888245569666152,0.06760266147389525,0.1517830349235788
26140,0.379742892268907,0.04283752813387924,0.42533017497437275,0.1520894046228409
26141,0.25434339434256464,0.1666569059622087,0.22125427031002115,0.35774542938520554
26142,0.06139842777127556,0.5407109473354067,0.1846880859506035,0.21320253894271426
26143,0.11105517830534525,0.4623407114811993,0.3064302702218754,0.12017383999158004
26144,0.057406866377351325,0.1707783463716813,0.5760885560183349,0.19572623123263258
26145,0.6908867146001979,0.13250388270853564,0.10091309150935202,0.07569631118191454
26146,0.2454260486739745,0.20634346725651712,0.5008895586847494,0.04734092538475886
26147,0.09519773653285198,0.7239152766080327,0.13853736849621875,0.04234961836289658
26148,0.47476580005464936,0.37321526657931703,0.12175827778677811,0.030260655579255544
26149,0.025176224172922885,0.6953787170318106,0.24197580634595106,0.0374692524493154
26150,0.34963523226480914,0.3253743168345676,0.14503701906148944,0.17995343183913387
26151,0.42543086058721646,0.3004137142971673,0.20837265117289153,0.06578277394272475
26152,0.09076255929090261,0.7851807959221054,0.06381997249292025,0.06023667229407177
26153,0.10185010862365555,0.1993749173307407,0.6045660021346247,0.09420897191097902
26154,0.22268153163392904,0.48519076900887004,0.18411364021724522,0.10801405913995565
26155,0.020655490706048812,0.7791887498632597,0.17501458796360247,0.025141171467089052
26156,0.14193278285731178,0.4059039432131394,0.38970118357457156,0.0624620903549773
26157,0.09068485267116624,0.2835803309236951,0.5861318674551316,0.03960294895000707
26158,0.5224366804515409,0.4000988704854514,0.052547264654563774,0.02491718440844382
26159,0.11367494850564151,0.25982888991610625,0.5767339747861354,0.049762186792116796
26160,0.20005955823212349,0.2514816621663606,0.464531109552641,0.08392767004887491
26161,0.09363449596305427,0.6118873873501817,0.23367117201133192,0.06080694467543217
26162,0.22961570031875303,0.11235193694652824,0.6089338014354709,0.049098561299247785
26163,0.7487797229777328,0.07400247470600002,0.12068395969363609,0.05653384262263097
26164,0.028636327078513213,0.3692766667792723,0.5273938823872257,0.07469312375498868
26165,0.33703487855548087,0.2901469398422239,0.2585806798115117,0.11423750179078339
26166,0.131584644140182,0.05709995379636551,0.7792805959205484,0.032034806142904
26167,0.10028530844647827,0.4842168387960198,0.24685174385698425,0.1686461089005177
26168,0.0478159038756944,0.39354575308785844,0.5164593086355844,0.042179034400862715
26169,0.5359569928874849,0.0735958962001258,0.3190129617551287,0.07143414915726062
26170,0.06801873932636693,0.6430532755880252,0.21412450464988683,0.07480348043572098
26171,0.058309098771856784,0.1469401494245465,0.7604810187459677,0.03426973305762895
26172,0.10324500582857953,0.49215098874712426,0.3344171067415543,0.0701868986827421
26173,0.03458475394694285,0.3203458228508109,0.6167573469948382,0.028312076207408127
26174,0.10078595872044555,0.34183856762456666,0.4963192075105265,0.06105626614446114
26175,0.055398360295606186,0.8045073351024692,0.04498273361258129,0.09511157098934343
26176,0.16056106104515425,0.12676282003490283,0.6710930736686549,0.041583045251288066
26177,0.029072681117795488,0.05726480055158584,0.8136865319157714,0.09997598641484728
26178,0.07470624026680625,0.37210359269913346,0.3074849239306954,0.24570524310336495
26179,0.5426858751507091,0.2783477141352878,0.0859428912364413,0.09302351947756189
26180,0.5143590749678881,0.2515673187731031,0.10613664384768731,0.1279369624113214
26181,0.3055624691833788,0.31124231807989916,0.26374180257991464,0.11945341015680735
26182,0.02557743860236386,0.5535611557290612,0.3249386863717041,0.09592271929687096
26183,0.05647247888661491,0.24829508765672953,0.6533175382028088,0.041914895253846916
26184,0.053572151553763145,0.1431703788317824,0.6333210626410698,0.16993640697338475
26185,0.253809551098222,0.6499751820939307,0.030816330809183997,0.06539893599866332
26186,0.22351196699125303,0.10567544752830464,0.5560266919274983,0.11478589355294393
26187,0.6795589073049729,0.13389599501474753,0.08570725508935664,0.10083784259092286
26188,0.11998870208070501,0.43947189743187753,0.35523119512944756,0.08530820535796982
26189,0.3944501576847573,0.09621401342795526,0.35692329290413755,0.1524125359831498
26190,0.5645291515033835,0.32886145598036637,0.04623381962599222,0.06037557289025802
26191,0.41443429246845603,0.4849843047149154,0.056811243636851645,0.04377015917977694
26192,0.1257004031338505,0.06917841888815211,0.7360916766264987,0.06902950135149877
26193,0.39089300933456883,0.18510742010561426,0.3199765001513666,0.10402307040845037
26194,0.11089475093020897,0.7235336225541449,0.0678270404176997,0.09774458609794656
26195,0.18796144808836146,0.4260411261701704,0.3154641833977146,0.07053324234375347
26196,0.3419715458450598,0.09747813951693066,0.43139583140135124,0.12915448323665832
26197,0.25912352987768883,0.19782006141619476,0.31862287309488935,0.224433535611227
26198,0.05546013063766783,0.8272686603385122,0.06843564325024852,0.04883556577357155
26199,0.4444342722875373,0.1294508105423149,0.17197492124687863,0.2541399959232692
26200,0.2113147430122138,0.4490105090663476,0.16519277237109653,0.17448197555034198
26201,0.5050535615097621,0.3448426837599748,0.06590903956900682,0.08419471516125636
26202,0.5943633845493407,0.13261051102818563,0.18470652896338496,0.08831957545908882
26203,0.43290125151235187,0.21956556297517013,0.26896553384756466,0.07856765166491327
26204,0.28379531284607934,0.17404442023816452,0.3477655084119261,0.19439475850382995
26205,0.13243732622502732,0.4530198728869069,0.24667515388557884,0.16786764700248696
26206,0.14333443543701543,0.22117003016954973,0.1389925911740213,0.49650294321941363
26207,0.19500685801599632,0.3399956987200857,0.3294619720483637,0.1355354712155543
26208,0.5876998419035975,0.06867152393050746,0.2293913236222817,0.11423731054361344
26209,0.30972714987883576,0.5827594423913092,0.017350980495253493,0.09016242723460156
26210,0.7372993040696757,0.10918970539852442,0.03739302251215953,0.11611796801964028
26211,0.35303728873386836,0.4459863805908189,0.07766967399716654,0.12330665667814639
26212,0.13327256280859479,0.5181224560504971,0.22063525458177144,0.12796972655913672
26213,0.36251260678139013,0.382078113709713,0.18070711472424558,0.07470216478465132
26214,0.023932218430918997,0.14514090096725538,0.7453148545985405,0.08561202600328513
26215,0.08556261958047606,0.718796652700057,0.07017287885834714,0.1254678488611198
26216,0.1387348344908244,0.300829890277789,0.42221430029167883,0.13822097493970759
26217,0.19206133207231044,0.12394277763444507,0.39650388978324697,0.28749200050999746
26218,0.032839330507563554,0.674044211101243,0.23130669441061558,0.061809763980577935
26219,0.5897054038922198,0.08701230913521163,0.15992046281970426,0.1633618241528642
26220,0.06959689839292638,0.1259742296428745,0.7163557618340493,0.08807311013014986
26221,0.0689167596218891,0.29137528173753274,0.5914917927507621,0.048216165889816025
26222,0.7608712346784391,0.0680898389329838,0.13104006391712136,0.03999886247145571
26223,0.23586027867194234,0.5538664813612462,0.14383133751153124,0.06644190245528017
26224,0.4186548839043044,0.07256700973438936,0.46763256336624864,0.04114554299505771
26225,0.1703448217845548,0.2969993600346499,0.4385961439717293,0.09405967420906586
26226,0.256023458585211,0.6768012317012193,0.03384739260290467,0.033327917110665
26227,0.029406087059833302,0.6154455947938987,0.30209700002707585,0.05305131811919205
26228,0.32189208379355583,0.29642290568215784,0.3458100355686131,0.0358749749556733
26229,0.2575594703105775,0.4947587472838461,0.12092505871481045,0.12675672369076604
26230,0.025897217612792456,0.5298483940778308,0.4138732518561732,0.030381136453203592
26231,0.5930639920859379,0.13588947951085348,0.21080021024719647,0.06024631815601203
26232,0.28355429766498624,0.2425334967497482,0.42439517801647836,0.0495170275687873
26233,0.7036345129932898,0.14654284063898632,0.06443838911975822,0.08538425724796571
26234,0.5613127963361011,0.06695819661038437,0.3283858750694262,0.0433431319840884
26235,0.14652300437400778,0.41798275954603636,0.29453180893130027,0.14096242714865556
26236,0.07168757658891177,0.419462029197256,0.4617630305027916,0.04708736371104056
26237,0.17796586401478043,0.5849630954694209,0.13248638480455605,0.10458465571124258
26238,0.27154199909147664,0.6190918564042497,0.047754425541674715,0.06161171896259906
26239,0.4653936649424696,0.1667534010825012,0.27636545070772456,0.09148748326730469
26240,0.10269674367127261,0.06220041991215161,0.7440218688374416,0.09108096757913399
26241,0.024310412787401585,0.15855679461258357,0.7764785770682788,0.04065421553173595
26242,0.0181675876700083,0.5552205395903343,0.3847905470204883,0.04182132571916915
26243,0.1427710110328965,0.6081717762183746,0.13079176140084378,0.1182654513478851
26244,0.1774361386711901,0.2715864767517825,0.3897572051025863,0.16122017947444103
26245,0.11921597519278834,0.037922383828905316,0.7943042406904012,0.048557400287905214
26246,0.2370329825487754,0.42536475959844516,0.3052668143193155,0.03233544353346392
26247,0.3591272196052409,0.08106248939120704,0.5090750720522983,0.05073521895125373
26248,0.07540535464682246,0.763920752082023,0.08909729311654725,0.07157660015460725
26249,0.3389809684429579,0.479665344702138,0.0879328789555714,0.09342080789933278
26250,0.6910203767007055,0.08918957303249975,0.13371527447950765,0.08607477578728712
26251,0.16542096284477373,0.10457323716095046,0.37648896581443014,0.35351683417984553
26252,0.11918239526146523,0.611442346507954,0.12108509355996479,0.14829016467061593
26253,0.17194879207612987,0.3934754346718543,0.280332216015096,0.15424355723691982
26254,0.08404981422442523,0.05608155735921975,0.7943000854152518,0.06556854300110328
26255,0.18274724377245996,0.2862341734721234,0.3210600823198287,0.20995850043558795
26256,0.47619424817850464,0.11543720572911967,0.33105942681941997,0.07730911927295567
26257,0.2812452928886042,0.08081722934318937,0.5386388252428803,0.099298652525326
26258,0.11187098291356763,0.1601104573705457,0.6700077384377471,0.05801082127813955
26259,0.4237574274058207,0.0516625397414828,0.40951995374269884,0.1150600791099977
26260,0.6050099510868715,0.12536009370986362,0.09570918764927544,0.17392076755398944
26261,0.25711491647491513,0.23598000725234847,0.15727785985978165,0.34962721641295474
26262,0.7883387555854217,0.048530586542886195,0.045986199134546886,0.11714445873714542
26263,0.14814764118653406,0.5115970804791358,0.15559074211726256,0.18466453621706752
26264,0.18991707680019582,0.17337159926607934,0.4521877836507834,0.18452354028294143
26265,0.42567653783106174,0.15315486947374932,0.16495015627487347,0.2562184364203156
26266,0.3193720400049527,0.2765685279323226,0.196638833506412,0.2074205985563127
26267,0.3415840620035044,0.04775365431064334,0.508998679531086,0.10166360415476627
26268,0.312543833860518,0.05052545901275933,0.5082669841647767,0.12866372296194611
26269,0.43706631194729195,0.15043756440709932,0.20827175697873782,0.204224366666871
26270,0.30550089384828205,0.48961911848577944,0.12735673275750678,0.07752325490843173
26271,0.3356789608917468,0.10193789159392613,0.46235367285524487,0.10002947465908225
26272,0.16991902259140704,0.5610876075390062,0.08316411114733481,0.1858292587222519
26273,0.3907685139442659,0.18613866948382546,0.22717804826432345,0.1959147683075852
26274,0.619778783274723,0.11467892522248796,0.1745457907346704,0.09099650076811859
26275,0.06316360294203985,0.814751132806332,0.021591432182281135,0.10049383206934696
26276,0.25939003873252947,0.10860450825354316,0.4482219965545351,0.1837834564593922
26277,0.05841431732013179,0.07639424652900648,0.6036639061450519,0.2615275300058098
26278,0.03339134472123993,0.40930263011076046,0.4442898833205645,0.11301614184743516
26279,0.3154176663959919,0.10672077865936978,0.4890642176216595,0.08879733732297887
26280,0.22410904587902764,0.07910659911166684,0.5589119166392554,0.13787243837005003
26281,0.5998048363340698,0.11307045877271923,0.1135010572804009,0.17362364761281013
26282,0.4633673469639589,0.43660765708866545,0.02608346205915018,0.07394153388822544
26283,0.07360583478437663,0.12127400646564963,0.6646638884099645,0.1404562703400092
26284,0.3346188441362851,0.49628237742441367,0.05173036933429597,0.11736840910500512
26285,0.08397714325468371,0.0879433301009746,0.6712016835846816,0.15687784305966007
26286,0.32819483721449794,0.20825984203964065,0.4233520193782778,0.04019330136758368
26287,0.0692154853805822,0.23096435584160507,0.5401784072422867,0.159641751535526
26288,0.09527273405612875,0.505399915037995,0.3369839051184704,0.0623434457874058
26289,0.38607139992544925,0.46127548750797764,0.051273848905103336,0.10137926366146995
26290,0.3665533672635672,0.028145607294453666,0.5495647647258041,0.05573626071617505
26291,0.30129746921065204,0.45834588297337275,0.1856449954024658,0.05471165241350933
26292,0.3017512477794504,0.15877361197732287,0.3923164989124124,0.14715864133081427
26293,0.19495160276287657,0.24564500525357116,0.2760584721181274,0.28334491986542487
26294,0.11875877608547797,0.6742913393117563,0.11500226762847618,0.09194761697428949
26295,0.2801768840784178,0.34116355468368487,0.30201640361079124,0.07664315762710619
26296,0.21750586741963282,0.41483606845720983,0.19376466337101678,0.17389340075214066
26297,0.12674684332419034,0.053029022174919296,0.2396926364277861,0.5805314980731042
26298,0.07210210891108242,0.2660126967034191,0.36050200723242803,0.3013831871530704
26299,0.0752331795518648,0.35432997466991045,0.17007597493006107,0.4003608708481637
26300,0.16639003847560732,0.05531898358428038,0.326537994944294,0.4517529829958182
26301,0.3386162265426759,0.24769330124414685,0.060537555143558276,0.353152917069619
26302,0.21144958716300408,0.4725052886048174,0.027742536059145506,0.288302588173033
26303,0.3117629738142513,0.31879692728794634,0.05898020394825478,0.31045989494954757
26304,0.15919166637218163,0.08685394003880076,0.28967086145380955,0.46428353213520795
26305,0.6342887430070225,0.061832584706371804,0.015611938146152369,0.2882667341404534
26306,0.25202541501122605,0.04642108963257651,0.08421093690213924,0.6173425584540582
26307,0.05381899159233077,0.48476855818764863,0.24620095986633284,0.2152114903536876
26308,0.17450413435747042,0.055334917345790435,0.06100555652315782,0.7091553917735813
26309,0.06566043335456667,0.28449924874770216,0.08423128445138961,0.5656090334463415
26310,0.13289414116151613,0.19040802554098327,0.3635159133549213,0.3131819199425793
26311,0.5654162302870608,0.14130308566864902,0.03692095887690006,0.2563597251673901
26312,0.3251859291751116,0.34060842825478305,0.12955813194514004,0.20464751062496545
26313,0.34526566571181067,0.26412231443708417,0.11082622034256479,0.27978579950854043
26314,0.042602009242564305,0.24951339844681536,0.18806569046826185,0.5198189018423586
26315,0.44221982289055906,0.09165927159933496,0.043404475200838503,0.4227164303092674
26316,0.1062661951059411,0.10505893292900965,0.10913992875684941,0.6795349432081998
26317,0.225701240552712,0.31910659817213816,0.15651828808648588,0.29867387318866395
26318,0.12790727081673076,0.222506081183427,0.19984918798924828,0.44973746001059384
26319,0.5496377858124213,0.04584877377934302,0.06828753677777515,0.3362259036304607
26320,0.08448722392796695,0.17721857718074152,0.12053226653847741,0.6177619323528142
26321,0.5565477586654853,0.1723799624135348,0.07497268361710317,0.19609959530387666
26322,0.38821460492782345,0.26777176440737555,0.20683113504422312,0.1371824956205778
26323,0.06673890153860572,0.5310074742997659,0.22678261407148576,0.17547101009014254
26324,0.21785381497539258,0.15285103584027995,0.1571898774170715,0.4721052717672559
26325,0.3339555895354349,0.08154327548878737,0.2763925802496416,0.30810855472613613
26326,0.4494666730147527,0.17168654927473134,0.23374012868115834,0.1451066490293577
26327,0.4853785112654587,0.06312760650315692,0.03696474344487003,0.41452913878651426
26328,0.2367880627824379,0.40444476088669956,0.06552619593699352,0.293240980393869
26329,0.10125777169549678,0.1559893590094568,0.3763984068819845,0.3663544624130619
26330,0.09003341196959207,0.14623684009425095,0.15193474724999978,0.6117950006861572
26331,0.395624349049515,0.0914407290235832,0.1295748509849283,0.3833600709419735
26332,0.23317519754307114,0.27571220973006083,0.09582483174789183,0.39528776097897617
26333,0.22836757095864224,0.11472394017509907,0.16659378534589991,0.4903147035203587
26334,0.5120991238793969,0.058815571692500825,0.05547150089123796,0.3736138035368643
26335,0.13472152120562822,0.295260073011041,0.42276929238232985,0.14724911340100094
26336,0.22508600005430435,0.20564450947357474,0.2764682120987913,0.2928012783733296
26337,0.44896749363289806,0.021916384080614807,0.4469651742424129,0.08215094804407419
26338,0.07296473608503586,0.35074952511378826,0.1228098404552165,0.45347589834595947
26339,0.15487973404726815,0.47004359932694934,0.11885367797441354,0.256222988651369
26340,0.1567887811668635,0.08686294356239134,0.3956284441156791,0.36071983115506606
26341,0.03715770208745972,0.03755391658397534,0.8316723328357278,0.0936160484928371
26342,0.3351155917262903,0.1300218205315838,0.43771724842291254,0.09714533931921344
26343,0.20922371721722224,0.31273585644613416,0.4048531739498606,0.07318725238678299
26344,0.2191080462727868,0.28621899047532284,0.37198883931454835,0.12268412393734202
26345,0.2179659836458674,0.1438550559120016,0.5874673869029985,0.05071157353913241
26346,0.07246508439044752,0.0883694211278443,0.1711985015755731,0.6679669929061351
26347,0.2459427675667988,0.5790743001194141,0.026250994096863538,0.14873193821692357
26348,0.05024272665633914,0.14395860136480063,0.6859224225541336,0.11987624942472655
26349,0.039868010119249515,0.110233443647059,0.7129855601572833,0.1369129860764081
26350,0.38075107565950883,0.06834645613323471,0.31266586557188564,0.23823660263537072
26351,0.01889619924526624,0.424103484712763,0.35746728138855144,0.19953303465341937
26352,0.10814626886245823,0.2415818362515246,0.09203455272970183,0.5582373421563153
26353,0.06117250367407923,0.411579940849133,0.3215646519184393,0.20568290355834853
26354,0.25258791100047234,0.5295808845952935,0.0873442821521747,0.13048692225205966
26355,0.202994791610197,0.2083831845158669,0.17933954516262848,0.40928247871130746
26356,0.30248033854122147,0.07257306107584473,0.5798063841066063,0.045140216276327465
26357,0.0563203939945069,0.3815514947222093,0.1958652507889726,0.3662628604943113
26358,0.20678121401358387,0.15283955629437507,0.5800565565165343,0.060322673175506845
26359,0.2579861259224537,0.23762385071860467,0.1322711212818345,0.37211890207710713
26360,0.3083169782491647,0.46354192180368786,0.1451407484836224,0.0830003514635251
26361,0.13819398989917442,0.1927254595462068,0.5543126795832142,0.11476787097140446
26362,0.4257647296241655,0.13634947562066102,0.13728083672297522,0.3006049580321982
26363,0.06486006389122004,0.6491707042138002,0.10450869730088033,0.1814605345940994
26364,0.740538369025059,0.12933788346708133,0.03020318407055439,0.09992056343730521
26365,0.05816399006697357,0.5135623974330568,0.18940263268089558,0.238870979819074
26366,0.5180481188094559,0.09593576076173638,0.24965347489402467,0.13636264553478303
26367,0.42687043729761387,0.19517110593890247,0.09860270069409326,0.27935575606939056
26368,0.15631130483714803,0.20055031822482433,0.5685801362154526,0.07455824072257493
26369,0.07624328718583014,0.6078569579677486,0.15439148861013552,0.16150826623628575
26370,0.6718517778166401,0.14565002807314745,0.07674789098686674,0.10575030312334559
26371,0.1344085677160236,0.23445679533689695,0.16873411192578738,0.46240052502129203
26372,0.29365083876108755,0.5897281406990269,0.05300082422799771,0.06362019631188784
26373,0.07757954085293942,0.7425464188356299,0.11810567133892,0.061768368972510646
26374,0.21276439576614292,0.19369584508893964,0.24973729424652558,0.34380246489839184
26375,0.05296860220104442,0.09461115747008338,0.7681152615380293,0.08430497879084309
26376,0.5737705072627114,0.22689624501690026,0.13854613154792264,0.06078711617246574
26377,0.320620442415228,0.3348824171099256,0.15194393253166927,0.19255320794317715
26378,0.21321601306691002,0.12862375432029197,0.4906812420729836,0.16747899053981444
26379,0.05917679169564726,0.11376619749732411,0.7623114181445388,0.06474559266248982
26380,0.10223791262467052,0.33146054605788516,0.4213453470560736,0.1449561942613707
26381,0.597152780412154,0.04511905467211772,0.29871962281625736,0.05900854209947095
26382,0.3880497306179871,0.2484447217697101,0.2738427176815918,0.08966282993071098
26383,0.30944856363955375,0.5275731613489217,0.07812821205673824,0.08485006295478625
26384,0.1452728299687862,0.09422656086450676,0.6538537857310627,0.10664682343564438
26385,0.13646044356821616,0.4058221696778532,0.16732925378083655,0.29038813297309407
26386,0.06502507236002152,0.17542979192322916,0.6472652681963602,0.11227986752038904
26387,0.12939332233318454,0.19326742313901352,0.40354139742599765,0.27379785710180427
26388,0.21402454548509228,0.14681369126765453,0.493282707892894,0.14587905535435916
26389,0.20903624590047387,0.6385193593281698,0.09737317129987384,0.05507122347148249
26390,0.35917443294565704,0.47126175361437167,0.10917935768298287,0.06038445575698857
26391,0.36062419227546727,0.07325372337900707,0.522904123109656,0.04321796123586968
26392,0.24510493522007262,0.46666853236247724,0.24334160205650787,0.04488493036094212
26393,0.0795584979755823,0.30194932451143414,0.3372485647222348,0.2812436127907488
26394,0.4887809240837964,0.19591077527331913,0.16036144729479132,0.15494685334809322
26395,0.7146024940582696,0.14419684161075733,0.03585427883385222,0.10534638549712085
26396,0.48951567697776477,0.1571332443371965,0.20322931042818584,0.15012176825685294
26397,0.29407303559512404,0.3045675625800009,0.2705436790416879,0.13081572278318718
26398,0.38364324271649186,0.29091063825792635,0.07642557277864019,0.24902054624694156
26399,0.18207724414240473,0.5697054743186886,0.11904460591092533,0.1291726756279814
26400,0.5278796024762746,0.14492159364500096,0.12434556096924798,0.2028532429094764
26401,0.24282916778395394,0.41891735889570514,0.2738796349396432,0.06437383838069784
26402,0.041699389064895294,0.6407928793604051,0.14576741690157696,0.17174031467312248
26403,0.20760390046185428,0.6047296161289222,0.09635282270333677,0.09131366070588692
26404,0.5788680709028697,0.09119274675678164,0.14446977880949433,0.18546940353085417
26405,0.02409342256332942,0.8602517328977678,0.027230263973111103,0.08842458056579168
26406,0.25069547267851944,0.08857590253955204,0.5819355972014719,0.07879302758045666
26407,0.2345589912196649,0.282580135095451,0.30475369015596615,0.17810718352891805
26408,0.25807153679866685,0.19779464661941185,0.30716409238938136,0.23696972419253987
26409,0.1263256044724478,0.6739375717231678,0.08445570740585744,0.11528111639852687
26410,0.058205268380374285,0.09531573900213626,0.6282088768904194,0.21827011572707006
26411,0.2974804266259267,0.4619950748635684,0.204527306841146,0.03599719166935874
26412,0.3700248423330512,0.4938545864469793,0.07878820785968713,0.05733236336028236
26413,0.1604319883895944,0.09373381985266971,0.6727429052910618,0.07309128646667405
26414,0.20310332315266488,0.1945846812632344,0.3760220444574253,0.22628995112667546
26415,0.18885114420166882,0.5070052542559391,0.27201269171641523,0.032130909825976744
26416,0.056755426030126684,0.26916578292154064,0.6303780696302054,0.043700721418127274
26417,0.08773829907198769,0.7081554358331651,0.09668761707027085,0.10741864802457629
26418,0.2596104731276303,0.2912563281819218,0.2013125395116569,0.24782065917879106
26419,0.17813808172586565,0.39049305415862046,0.26209477939428233,0.16927408472123168
26420,0.4971431583011847,0.05861992969780839,0.2963254356823409,0.14791147631866605
26421,0.7180232617183135,0.11577856246685461,0.09491105629763556,0.07128711951719639
26422,0.4733959395569155,0.12610118778245755,0.31060088672652986,0.08990198593409722
26423,0.052127308804644674,0.4550979429914448,0.39903014847871043,0.09374459972520002
26424,0.7096959287696079,0.09694917766019376,0.08876177856627246,0.10459311500392597
26425,0.3092784222967124,0.11766541806487178,0.5063809277499175,0.06667523188849836
26426,0.17698354127827942,0.10379188410929237,0.6085240524578526,0.11070052215457561
26427,0.11548217702987608,0.5744978817743165,0.21501004759398187,0.0950098936018255
26428,0.3423022978584508,0.41394434418287146,0.13327959614154203,0.11047376181713565
26429,0.024669265043414358,0.7577799803611497,0.15256624099058413,0.06498451360485188
26430,0.4483728618302835,0.36220786282933454,0.15215424806912098,0.037265027271261006
26431,0.4482162974331851,0.4965436841571211,0.030606832202844325,0.02463318620684952
26432,0.09525256726738153,0.6025629348461525,0.20081572015012777,0.10136877773633819
26433,0.2178829437866699,0.6100360837651189,0.09330484307398193,0.07877612937422933
26434,0.3018106893629455,0.40630057088664145,0.18465073545237518,0.10723800429803806
26435,0.3475111638599762,0.2637099988109314,0.1980881982253976,0.1906906391036948
26436,0.5491985430044792,0.24377803379936933,0.1665353144540786,0.040488108742072926
26437,0.07014636109653385,0.14309438933424692,0.7194846271188667,0.06727462245035239
26438,0.11450119440724457,0.2331510410937586,0.6162666377593354,0.03608112673966148
26439,0.042757488661777664,0.12699623617938774,0.7850916218703081,0.04515465328852644
26440,0.07086590037860548,0.6510581420828176,0.23680416788681835,0.04127178965175849
26441,0.13338252661344832,0.7413444054975737,0.08172597354038762,0.04354709434859039
26442,0.4894830154202029,0.34504202243231835,0.07973598326416773,0.08573897888331093
26443,0.7574481493521837,0.07899249746678198,0.12524724435529078,0.03831210882574336
26444,0.684351036218654,0.1757117426204205,0.10921289031652019,0.030724330844405436
26445,0.46127846811382883,0.42686730047869487,0.06600429914354215,0.04584993226393421
26446,0.5219067910472542,0.38316789572582804,0.042911383524206995,0.05201392970271077
26447,0.20382529694574253,0.3640489681645805,0.40485435648297186,0.027271378406705113
26448,0.32058119566656174,0.1483866173556311,0.48441724097057276,0.04661494600723436
26449,0.43788532856797574,0.14844679898702526,0.05474952222421735,0.35891835022078156
26450,0.2897585357429099,0.14228372102318765,0.0223897932404806,0.5455679499934218
26451,0.2232718551073755,0.4305038615138519,0.19202887020653567,0.154195413172237
26452,0.07678902656046369,0.3639442584407125,0.09840406497753516,0.4608626500212887
26453,0.06237331581433502,0.3067742579714571,0.3694948172721595,0.26135760894204846
26454,0.28242565674596964,0.05971668387885304,0.2023145150683156,0.4555431443068618
26455,0.06040277363497121,0.39005603861023425,0.036318690012550524,0.513222497742244
26456,0.15442263535712425,0.1830925878900814,0.18874590471529698,0.4737388720374974
26457,0.1671103606247135,0.22552466501329296,0.2918574532306556,0.3155075211313379
26458,0.11152126508075921,0.4525674349576567,0.06640490883939436,0.36950639112218964
26459,0.04198807791096958,0.08739788310250571,0.3805618260736811,0.49005221291284357
26460,0.06454604435349197,0.1540513728819789,0.06726649812107678,0.7141360846434524
26461,0.15236391821810918,0.3269084039969185,0.30223007752501924,0.21849760025995307
26462,0.4341843607163432,0.3140748322991852,0.014999453878826395,0.23674135310564506
26463,0.11452239651775549,0.13732485287125235,0.4189799290197716,0.3291728215912206
26464,0.059066818900388354,0.2968741050028241,0.19027663928899166,0.4537824368077959
26465,0.024397406230759814,0.33523765762850893,0.16213484928862779,0.4782300868521034
26466,0.09471425538484467,0.4259773117418159,0.03556961125614016,0.44373882161719924
26467,0.580245806473849,0.047441055040258855,0.03109443277109448,0.3412187057147975
26468,0.3034896963021266,0.32564588520928694,0.34217569486144006,0.028688723627146424
26469,0.4103651019278781,0.4334552287115303,0.09841184394716607,0.057767825413425476
26470,0.08925984329984889,0.5703723162616247,0.2538829102734076,0.08648493016511878
26471,0.45670712820705023,0.14182356522517167,0.3681196444917386,0.03334966207603949
26472,0.04974534317143057,0.11834547028521489,0.8136181423726317,0.018291044170722758
26473,0.7066720774645411,0.1302751649517825,0.07757310588901098,0.08547965169466537
26474,0.03894826377078064,0.21465709453751441,0.681982916037774,0.06441172565393091
26475,0.5302017947075747,0.13168309445858867,0.25422131289559174,0.0838937979382448
26476,0.08987413421681362,0.5582497141403093,0.27323054989758466,0.0786456017452923
26477,0.116516229963596,0.2068825195175566,0.6416252224601181,0.034976028058729326
26478,0.3350570401086431,0.39443173248535457,0.2205776433203834,0.04993358408561887
26479,0.0763494308595603,0.2269745805602044,0.6363910461078679,0.06028494247236745
26480,0.37173945049815954,0.48543930922781253,0.10684399062817464,0.03597724964585319
26481,0.06904212062213176,0.3076266621100807,0.5551875093438643,0.06814370792392324
26482,0.13749522475091183,0.16281958609275737,0.6529050161090376,0.04678017304729321
26483,0.34663846293089495,0.11794921470913396,0.47636348605250045,0.05904883630747067
26484,0.17234998935755327,0.07391249131320238,0.7028805770934581,0.05085694223578616
26485,0.0833696554868807,0.7723921799474236,0.10642655327322957,0.03781161129246622
26486,0.2990762203678249,0.32172507858516525,0.2201672230473745,0.15903147799963538
26487,0.01886855617016717,0.24352915415208787,0.6816317795157719,0.05597051016197301
26488,0.2768381641030282,0.3394491105357997,0.26497887547648497,0.1187338498846871
26489,0.313907585845404,0.2711927504322412,0.2480257237608971,0.1668739399614578
26490,0.22924821435895523,0.2699546198997762,0.35551190460070203,0.14528526114056642
26491,0.6322343814145196,0.24210865280073648,0.04168330804195071,0.08397365774279321
26492,0.3806889185646307,0.4010456393024714,0.11109344770777174,0.10717199442512611
26493,0.10193095607029574,0.06390616085485905,0.6852381977672239,0.14892468530762124
26494,0.38265391838642926,0.426581079089556,0.10057461011530043,0.09019039240871418
26495,0.7080540843804418,0.11856642444034317,0.03653952898664028,0.13683996219257466
26496,0.10728554559739031,0.1406090982099226,0.6990044777886923,0.05310087840399479
26497,0.3990636277369882,0.0461617131704657,0.4819943050578003,0.0727803540347458
26498,0.7488060200615255,0.051384031192918005,0.0826544048924649,0.1171555438530915
26499,0.2183487774520409,0.09616618155833694,0.5359316918465739,0.14955334914304838
26500,0.2819604521591697,0.5928782617824035,0.05835053288695423,0.06681075317147252
26501,0.40585856122241504,0.27853077209542565,0.22274277140940177,0.09286789527275754
26502,0.7082083415897524,0.09978150226134033,0.07424266370469117,0.11776749244421614
26503,0.15328987459954876,0.606331144260906,0.15103944531016603,0.08933953582937916
26504,0.18497908138277416,0.12145942601757194,0.37887659722654204,0.3146848953731118
26505,0.08159142757865874,0.5428823700737079,0.22492098096122443,0.15060522138640908
26506,0.062256398231483004,0.3599323414252653,0.3484205542050293,0.22939070613822238
26507,0.5647066511863068,0.17149786288432034,0.08481737886543565,0.17897810706393705
26508,0.3476881123905829,0.4048036651758556,0.02646291613952961,0.22104530629403202
26509,0.12786776281714451,0.6813293649535731,0.03856085363569856,0.15224201859358386
26510,0.22441405033855485,0.35964283099688626,0.1438341420285018,0.2721089766360571
26511,0.13540900074941853,0.385984506810902,0.3827399888673285,0.09586650357235102
26512,0.12622691295618055,0.1799851757797522,0.19450204513840386,0.4992858661256632
26513,0.09531853647980122,0.45478512905341406,0.35692814919634736,0.09296818527043725
26514,0.10070300420108465,0.5100247743321442,0.17546861531511643,0.2138036061516547
26515,0.21699772981564466,0.21975493903572998,0.47700737934037196,0.08623995180825342
26516,0.1954558709439966,0.16133421084257923,0.24817440739795718,0.395035510815467
26517,0.28688736148610333,0.295581840541983,0.19115884937500027,0.22637194859691348
26518,0.17043701999125963,0.0870339995474249,0.42239554983664607,0.3201334306246693
26519,0.42861296641354396,0.2759476391902695,0.08749346774071373,0.20794592665547293
26520,0.7165576735158473,0.06198537282002197,0.044980769635693384,0.17647618402843734
26521,0.23932150551203218,0.49145235470095805,0.060530533222781534,0.2086956065642283
26522,0.8199699369477659,0.05129254173425421,0.041504251920860324,0.08723326939711946
26523,0.09499037106433945,0.36289591771234625,0.3771951784277016,0.1649185327956126
26524,0.3548400292131147,0.13282573131168454,0.12495206655663041,0.3873821729185704
26525,0.26431763725945623,0.1551693551105997,0.11490233222497033,0.4656106754049737
26526,0.05777206892422218,0.5180919291191565,0.3186687622530718,0.10546723970354951
26527,0.2510333225106228,0.14906276206659264,0.3397817186693523,0.26012219675343223
26528,0.028097967152542015,0.648240133324484,0.18621731069381714,0.13744458882915672
26529,0.402031816558728,0.13731754238002863,0.3350290990809901,0.12562154198025327
26530,0.6287907044864252,0.17342535875858747,0.07269100565385689,0.12509293110113046
26531,0.22492143495791267,0.18203654403761615,0.4232109289759248,0.16983109202854635
26532,0.18330757276265155,0.6654185492605782,0.0412212054850442,0.11005267249172603
26533,0.08350079861159883,0.606008342547473,0.09368838053577995,0.2168024783051482
26534,0.6705060745427226,0.1348962152326702,0.09008579087366136,0.10451191935094592
26535,0.04691507700264586,0.443710656919096,0.36123211808184824,0.1481421479964098
26536,0.18577803491192788,0.16053467939207658,0.14686888665615364,0.5068183990398419
26537,0.23993809277071243,0.46272117836515947,0.09467840724944698,0.2026623216146811
26538,0.058635114585927524,0.07111181102175612,0.6285595050599625,0.2416935693323539
26539,0.06468657758635502,0.34935422020190965,0.420906383033902,0.16505281917783343
26540,0.32830731198932034,0.4313617635549139,0.1285932582179322,0.11173766623783372
26541,0.31004357197338256,0.17749762326140267,0.05038055113333292,0.46207825363188193
26542,0.4615429750643592,0.2082572351331753,0.13815865193859736,0.19204113786386812
26543,0.23644463029270554,0.39243623168422764,0.04178255308565519,0.32933658493741164
26544,0.08013022614096064,0.649659825032286,0.08753560836321049,0.18267434046354294
26545,0.2841007763194184,0.2179026763386859,0.1527595295539401,0.3452370177879556
26546,0.28805454318567714,0.34822464029509675,0.2528959875439541,0.11082482897527188
26547,0.6984581264691743,0.09033982684207446,0.0429783090716061,0.16822373761714524
26548,0.539991676989295,0.11355610913036304,0.28480085796254456,0.0616513559177975
26549,0.06414541479401227,0.10557147792321929,0.6801994827128858,0.1500836245698826
26550,0.14209272639927156,0.21763334766947504,0.5488475468988983,0.09142637903235522
26551,0.08807989115553265,0.39817314466540665,0.431925831612141,0.08182113256691978
26552,0.46960749674271707,0.12096867096738843,0.26710575566708905,0.14231807662280552
26553,0.10996212760264763,0.5700017638567187,0.17938165181741864,0.14065445672321503
26554,0.3532666508948817,0.2830640144726761,0.2950524613815457,0.06861687325089669
26555,0.11609091150618714,0.07337598522874597,0.6235027614403805,0.18703034182468634
26556,0.17656654008456127,0.15104019804156232,0.40870235769372026,0.2636909041801561
26557,0.3312599550917306,0.14012251016765492,0.14174173416151956,0.3868758005790949
26558,0.1625908319514129,0.24672533550753012,0.5177919487643435,0.07289188377671342
26559,0.4851172215441217,0.2902090050246075,0.04759267701244743,0.17708109641882344
26560,0.11600609188236996,0.31546354746832433,0.4667851544816044,0.1017452061677012
26561,0.07373796435075025,0.6409564375385477,0.08684731045388742,0.19845828765681464
26562,0.1250969711716017,0.35391203962129125,0.4321801773715054,0.08881081183560165
